condition,phase,problem_id,token,logit_max_abs,logit_relative_l2,logit_cosine,logit_nonfinite,logit_top1_match,logit_top20_overlap,state_relative_l2,state_max_abs,state_cosine,state_nonfinite
r2,primary,test/algebra/1332.json,0,0.296875,0.02581849694252014,0.999667227268219,0,1,1.0,0.011014396324753761,0.05437660217285156,0.9999401867389679,0
r2,primary,test/algebra/1332.json,1,0.32421875,0.015430789440870285,0.9998810887336731,0,1,1.0,0.010886971838772297,0.05457019805908203,0.9999412000179291,0
r2,primary,test/algebra/1332.json,2,0.28125,0.012605828233063221,0.9999293684959412,0,1,1.0,0.01114189438521862,0.05215740203857422,0.9999382495880127,0
r2,primary,test/algebra/1332.json,3,0.34375,0.017299873754382133,0.999850332736969,0,1,0.95,0.011572750750929117,0.05211925506591797,0.9999344944953918,0
r2,primary,test/algebra/1332.json,4,0.408203125,0.023661257699131966,0.9997262954711914,0,1,1.0,0.011704884469509125,0.051529884338378906,0.9999326467514038,0
r2,primary,test/algebra/1332.json,5,0.3125,0.020137757062911987,0.9998018145561218,0,1,0.95,0.01216409495100379,0.05153369903564453,0.999927282333374,0
r2,primary,test/algebra/1332.json,6,0.4375,0.02535511739552021,0.9996786713600159,0,1,1.0,0.012461746577173471,0.05152702331542969,0.999922901391983,0
r2,primary,test/algebra/1332.json,7,0.125,0.009278316982090473,0.9999569058418274,0,1,1.0,0.012402604334056377,0.05151176452636719,0.9999245405197144,0
r2,primary,test/algebra/1332.json,8,0.21875,0.009279122576117516,0.999957263469696,0,1,1.0,0.011829584836959839,0.051491737365722656,0.9999317228794098,0
r2,primary,test/algebra/1332.json,9,0.25,0.011593525297939777,0.9999327063560486,0,1,1.0,0.011844648513942957,0.051369667053222656,0.9999317228794098,0
r2,primary,test/algebra/1332.json,10,0.25,0.010359317995607853,0.9999474287033081,0,1,1.0,0.01169564900919795,0.0514984130859375,0.9999330639839172,0
r2,primary,test/algebra/1332.json,11,0.1484375,0.008676102384924889,0.9999666810035706,0,1,1.0,0.011712633538991213,0.05149269104003906,0.9999325573444366,0
r2,primary,test/algebra/1332.json,12,0.25,0.015292039141058922,0.9998831152915955,0,1,1.0,0.011585971806198359,0.05135059356689453,0.9999343454837799,0
r2,primary,test/algebra/1332.json,13,0.34375,0.0134677579626441,0.99991774559021,0,1,1.0,0.011385837569832802,0.05054187774658203,0.9999375343322754,0
r2,primary,test/algebra/1332.json,14,0.234375,0.00782695785164833,0.9999700784683228,0,1,1.0,0.011364730075001717,0.050719261169433594,0.999936580657959,0
r2,primary,test/algebra/1332.json,15,0.3046875,0.011209179647266865,0.9999406337738037,0,1,1.0,0.011289626359939575,0.05077648162841797,0.9999374151229858,0
r2,primary,test/algebra/1332.json,16,0.296875,0.01868288964033127,0.9998419880867004,0,1,1.0,0.011223349254578352,0.050696372985839844,0.9999382197856903,0
r2,primary,test/algebra/1332.json,17,0.265625,0.022142304107546806,0.9997555017471313,0,1,1.0,0.010841821786016226,0.05067253112792969,0.9999441504478455,0
r2,primary,test/algebra/1332.json,18,0.1953125,0.007646629121154547,0.9999707937240601,0,1,1.0,0.010806916281580925,0.05054664611816406,0.9999458193778992,0
r2,primary,test/algebra/1332.json,19,0.1875,0.011693782173097134,0.9999408721923828,0,1,1.0,0.010547236539423466,0.050505638122558594,0.9999473989009857,0
r2,primary,test/algebra/1332.json,20,0.25,0.009571832604706287,0.9999553561210632,0,1,0.95,0.010463286191225052,0.05022430419921875,0.9999484121799469,0
r2,primary,test/algebra/1332.json,21,0.203125,0.01012671273201704,0.9999539256095886,0,1,1.0,0.01032436266541481,0.05098247528076172,0.9999496638774872,0
r2,primary,test/algebra/1332.json,22,0.19921875,0.01901623047888279,0.999819278717041,0,1,1.0,0.010267268866300583,0.05093860626220703,0.999948263168335,0
r2,primary,test/algebra/1332.json,23,0.25,0.00950811430811882,0.999954879283905,0,1,1.0,0.010057846084237099,0.0509033203125,0.9999500811100006,0
r2,primary,test/algebra/1332.json,24,0.1875,0.009895438328385353,0.9999510645866394,0,1,0.95,0.009961906354874372,0.05076885223388672,0.9999513030052185,0
r2,primary,test/algebra/1332.json,25,0.171875,0.009642520919442177,0.9999549388885498,0,1,1.0,0.009765551425516605,0.05067634582519531,0.9999526739120483,0
r2,primary,test/algebra/1332.json,26,0.25,0.015606782399117947,0.9998890161514282,0,1,1.0,0.009798482991755009,0.04958343505859375,0.999952644109726,0
r2,primary,test/algebra/1332.json,27,0.1875,0.015271383337676525,0.9998917579650879,0,1,0.95,0.009681508876383305,0.049591064453125,0.9999537765979767,0
r2,primary,test/algebra/1332.json,28,0.125,0.007093945983797312,0.9999751448631287,0,1,1.0,0.009675659704953432,0.049816131591796875,0.9999540746212006,0
r2,primary,test/algebra/1332.json,29,0.125,0.007692405954003334,0.999972403049469,0,1,1.0,0.00974725279957056,0.04975414276123047,0.9999530911445618,0
r2,primary,test/algebra/1332.json,30,0.1875,0.009874354116618633,0.9999529123306274,0,1,1.0,0.009716487955302,0.049098968505859375,0.9999529123306274,0
r2,primary,test/algebra/1332.json,31,0.1875,0.010888801887631416,0.9999406933784485,0,1,1.0,0.009843319188803434,0.049111366271972656,0.9999525845050812,0
r2,primary,test/algebra/1332.json,32,0.1875,0.009376250207424164,0.9999570250511169,0,1,1.0,0.009638304356485605,0.048717498779296875,0.9999536871910095,0
r2,primary,test/algebra/1332.json,33,0.125,0.008250920102000237,0.9999668598175049,0,1,0.95,0.009757188614457846,0.04874992370605469,0.9999533891677856,0
r2,primary,test/algebra/1332.json,34,0.1484375,0.0069815474562346935,0.9999769330024719,0,1,0.95,0.009582973085343838,0.04873943328857422,0.9999540448188782,0
r2,primary,test/algebra/1332.json,35,0.1875,0.007752350531518459,0.9999701380729675,0,1,1.0,0.00970073463395238,0.048633575439453125,0.9999529719352722,0
r2,primary,test/algebra/1332.json,36,0.1875,0.01284722425043583,0.9999185800552368,0,1,0.95,0.009903677273541689,0.04858875274658203,0.999951183795929,0
r2,primary,test/algebra/1332.json,37,0.1328125,0.008019096218049526,0.9999679923057556,0,1,1.0,0.009814014192670584,0.04846763610839844,0.9999525249004364,0
r2,primary,test/algebra/1332.json,38,0.125,0.0070032947696745396,0.999977171421051,0,1,1.0,0.009855099488049746,0.04839134216308594,0.9999521672725677,0
r2,primary,test/algebra/1332.json,39,0.14453125,0.01330576092004776,0.9999121427536011,0,1,1.0,0.009809677954763174,0.04852867126464844,0.9999520480632782,0
r2,primary,test/algebra/1332.json,40,0.140625,0.009396716021001339,0.9999558925628662,0,1,1.0,0.009816846810281277,0.04872322082519531,0.9999525845050812,0
r2,primary,test/algebra/1332.json,41,0.162109375,0.008662743493914604,0.9999645948410034,0,1,1.0,0.009803698398172855,0.04860210418701172,0.9999525547027588,0
r2,primary,test/algebra/1332.json,42,0.21875,0.010142743587493896,0.9999637007713318,0,1,1.0,0.009780981577932835,0.04863548278808594,0.9999527335166931,0
r2,primary,test/algebra/1332.json,43,0.25,0.00813949666917324,0.999967634677887,0,1,1.0,0.010011917445808649,0.048496246337890625,0.9999503493309021,0
r2,primary,test/algebra/1332.json,44,0.25,0.00649429252371192,0.9999790787696838,0,1,1.0,0.010009590536355972,0.04841136932373047,0.9999503195285797,0
r2,primary,test/algebra/1332.json,45,0.125,0.006986330263316631,0.9999758005142212,0,1,1.0,0.009898378979414701,0.04763603210449219,0.9999513328075409,0
r2,primary,test/algebra/1332.json,46,0.2421875,0.010022236034274101,0.9999555349349976,0,1,1.0,0.00988776609301567,0.047616004943847656,0.9999520778656006,0
r2,primary,test/algebra/1332.json,47,0.28125,0.011089328676462173,0.9999394416809082,0,1,1.0,0.009934368543326855,0.046387672424316406,0.9999521672725677,0
r2,primary,test/algebra/1332.json,48,0.28125,0.01583137735724449,0.9998764395713806,0,1,1.0,0.009799353778362274,0.04432487487792969,0.9999529719352722,0
r2,primary,test/algebra/1332.json,49,0.1953125,0.0101137924939394,0.9999487996101379,0,1,1.0,0.009727554861456156,0.04427528381347656,0.9999534785747528,0
r2,primary,test/algebra/1332.json,50,0.1875,0.010695848613977432,0.9999468922615051,0,1,1.0,0.00974531751126051,0.04375934600830078,0.9999542236328125,0
r2,primary,test/algebra/1332.json,51,0.1875,0.007178402505815029,0.999974250793457,0,1,0.95,0.009703207295387983,0.04372978210449219,0.999954491853714,0
r2,primary,test/algebra/1332.json,52,0.125,0.013030189089477062,0.9999205470085144,0,1,0.95,0.009518221020698547,0.04389476776123047,0.9999564290046692,0
r2,primary,test/algebra/1332.json,53,0.125,0.007495666388422251,0.9999722838401794,0,1,1.0,0.009427347220480442,0.04390430450439453,0.999955803155899,0
r2,primary,test/algebra/1332.json,54,0.140625,0.007524262648075819,0.9999716877937317,0,1,1.0,0.009414966683834791,0.043946266174316406,0.9999562799930573,0
r2,primary,test/algebra/1332.json,55,0.21875,0.011372878216207027,0.9999368786811829,0,1,1.0,0.009346153121441603,0.04385089874267578,0.999956488609314,0
r2,primary,test/algebra/1332.json,56,0.1875,0.008467324078083038,0.9999659061431885,0,1,1.0,0.009356548078358173,0.04382801055908203,0.9999567270278931,0
r2,primary,test/algebra/1332.json,57,0.15625,0.007587461732327938,0.9999712705612183,0,1,1.0,0.009519787970930338,0.043888092041015625,0.9999546706676483,0
r2,primary,test/algebra/1332.json,58,0.140625,0.012215468101203442,0.9999287724494934,0,1,1.0,0.009515369310975075,0.043997764587402344,0.9999556839466095,0
r2,primary,test/algebra/1332.json,59,0.1875,0.007116803899407387,0.9999809861183167,0,1,1.0,0.009657400194555521,0.044185638427734375,0.9999544322490692,0
r2,primary,test/algebra/1332.json,60,0.1875,0.007227730937302113,0.9999750256538391,0,1,1.0,0.009526120033115149,0.043914794921875,0.9999551773071289,0
r2,primary,test/algebra/1332.json,61,0.1875,0.007341856602579355,0.9999732971191406,0,1,1.0,0.009567611385136843,0.04389190673828125,0.9999547898769379,0
r2,primary,test/algebra/1332.json,62,0.1875,0.009009514935314655,0.9999604225158691,0,1,0.95,0.009585098829120398,0.044426918029785156,0.9999553859233856,0
r2,primary,test/algebra/1332.json,63,0.125,0.007394665386527777,0.9999732375144958,0,1,1.0,0.009526995476335287,0.044419288635253906,0.9999552071094513,0
r2,primary,test/algebra/1332.json,64,0.125,0.006204669363796711,0.9999810457229614,0,1,1.0,0.009530438110232353,0.04445171356201172,0.9999560415744781,0
r2,primary,test/algebra/1332.json,65,0.1328125,0.00917616207152605,0.9999588131904602,0,1,0.95,0.009528061840683222,0.04443168640136719,0.9999561905860901,0
r2,primary,test/algebra/1332.json,66,0.1484375,0.012088030576705933,0.9999276995658875,0,1,0.95,0.009514627512544394,0.04436683654785156,0.9999563097953796,0
r2,primary,test/algebra/1332.json,67,0.1875,0.012543968856334686,0.9999426603317261,0,1,1.0,0.009511004202067852,0.044348716735839844,0.9999561905860901,0
r2,primary,test/algebra/1332.json,68,0.15625,0.01009606197476387,0.9999691843986511,0,1,1.0,0.009614096488803625,0.04427337646484375,0.9999540448188782,0
r2,primary,test/algebra/1332.json,69,0.125,0.006977831479161978,0.9999786019325256,0,1,1.0,0.009739716071635485,0.0443115234375,0.9999527931213379,0
r2,primary,test/algebra/1332.json,70,0.1875,0.005677501205354929,0.9999839067459106,0,1,1.0,0.009716641157865524,0.04429912567138672,0.999953031539917,0
r2,primary,test/algebra/1332.json,71,0.1484375,0.008319642394781113,0.9999685883522034,0,1,1.0,0.009681612718850374,0.044304847717285156,0.9999532699584961,0
r2,primary,test/algebra/1332.json,72,0.125,0.008505013771355152,0.9999646544456482,0,1,1.0,0.009653124958276749,0.04477119445800781,0.9999539852142334,0
r2,primary,test/algebra/1332.json,73,0.1875,0.02101070247590542,0.999822199344635,0,1,1.0,0.009751515462994576,0.04518890380859375,0.9999540448188782,0
r2,primary,test/algebra/1332.json,74,0.8203125,0.020958174020051956,0.9997803568840027,0,1,1.0,0.009765294380486012,0.04539203643798828,0.9999524056911469,0
r2,primary,test/algebra/1332.json,75,0.1875,0.008221819996833801,0.9999701976776123,0,1,1.0,0.010125245433300734,0.04499626159667969,0.9999488592147827,0
r2,primary,test/algebra/1332.json,76,0.15625,0.008974925614893436,0.9999596476554871,0,1,1.0,0.009876730851829052,0.04485607147216797,0.9999513626098633,0
r2,primary,test/algebra/1332.json,77,0.15625,0.015658574178814888,0.9998926520347595,0,1,1.0,0.009944031946361065,0.04497528076171875,0.9999507963657379,0
r2,primary,test/algebra/1332.json,78,0.1875,0.010413323529064655,0.999948263168335,0,1,0.95,0.009717207867652178,0.044989585876464844,0.9999531507492065,0
r2,primary,test/algebra/1332.json,79,0.1484375,0.008254221640527248,0.9999670386314392,0,1,1.0,0.00972344959154725,0.044708251953125,0.9999543726444244,0
r2,primary,test/algebra/1332.json,80,0.15625,0.006117360200732946,0.9999817609786987,0,1,1.0,0.0095675946213305,0.04449939727783203,0.9999549388885498,0
r2,primary,test/algebra/1332.json,81,0.15625,0.007692527025938034,0.9999719262123108,0,1,1.0,0.009669290855526924,0.04266357421875,0.9999552965164185,0
r2,primary,test/algebra/1332.json,82,0.125,0.008145290426909924,0.9999668002128601,0,1,1.0,0.009654451627284288,0.04265880584716797,0.9999540150165558,0
r2,primary,test/algebra/1332.json,83,0.1875,0.006866314448416233,0.9999765157699585,0,1,1.0,0.009660264477133751,0.04264545440673828,0.9999547898769379,0
r2,primary,test/algebra/1332.json,84,0.1875,0.006945630069822073,0.9999762177467346,0,1,1.0,0.009628788568079472,0.042609214782714844,0.9999549388885498,0
r2,primary,test/algebra/1332.json,85,0.140625,0.00782972201704979,0.9999732971191406,0,1,1.0,0.00964938709512353,0.042525291442871094,0.9999536573886871,0
r2,primary,test/algebra/1332.json,86,0.125,0.007527561392635107,0.9999726414680481,0,1,1.0,0.009708563797175884,0.042550086975097656,0.999952882528305,0
r2,primary,test/algebra/1332.json,87,0.15625,0.008218737319111824,0.9999665021896362,0,1,1.0,0.009652987122535706,0.04252433776855469,0.9999538958072662,0
r2,primary,test/algebra/1332.json,88,0.203125,0.014326248317956924,0.9998973608016968,0,1,1.0,0.009738300926983356,0.04247570037841797,0.9999531805515289,0
r2,primary,test/algebra/1332.json,89,0.16796875,0.00964796356856823,0.9999556541442871,0,1,1.0,0.009917475748807192,0.04272747039794922,0.9999521672725677,0
r2,primary,test/algebra/1332.json,90,0.9375,0.031033199280500412,0.9996163249015808,0,1,1.0,0.01002997625619173,0.04269218444824219,0.9999499022960663,0
r2,primary,test/algebra/1332.json,91,0.1875,0.008207542821764946,0.9999723434448242,0,1,1.0,0.010102157946676016,0.04264068603515625,0.9999492466449738,0
r2,primary,test/algebra/1332.json,92,0.6875,0.023944484069943428,0.9997599124908447,0,1,0.95,0.009994987398386002,0.042636871337890625,0.9999501705169678,0
r2,primary,test/algebra/1332.json,93,0.125,0.009335702285170555,0.9999677538871765,0,1,1.0,0.010012356098741293,0.042464256286621094,0.9999499022960663,0
r2,primary,test/algebra/1332.json,94,0.1875,0.00857325829565525,0.999963104724884,0,1,1.0,0.009987414814531803,0.042461395263671875,0.9999503195285797,0
r2,primary,test/algebra/1332.json,95,0.234375,0.010245244018733501,0.9999507665634155,0,1,1.0,0.010023042559623718,0.043468475341796875,0.9999502897262573,0
r2,primary,test/algebra/1332.json,96,0.1875,0.011364085599780083,0.9999380111694336,0,1,1.0,0.009983823634684086,0.047072410583496094,0.9999517798423767,0
r2,primary,test/algebra/1332.json,97,0.25,0.0073568993248045444,0.9999737739562988,0,1,0.95,0.010016282554715872,0.04701566696166992,0.9999528229236603,0
r2,primary,test/algebra/1332.json,98,0.1708984375,0.006017420440912247,0.9999826550483704,0,1,1.0,0.009594309143722057,0.04693031311035156,0.9999554753303528,0
r2,primary,test/algebra/1332.json,99,0.25,0.007150556892156601,0.9999760985374451,0,1,1.0,0.00958599615842104,0.04658317565917969,0.9999553561210632,0
r2,primary,test/algebra/1332.json,100,0.140625,0.00953291729092598,0.9999547004699707,0,1,1.0,0.009460161905735731,0.046462059020996094,0.999956876039505,0
r2,primary,test/algebra/1332.json,101,0.25,0.00759518938139081,0.9999720454216003,0,1,1.0,0.009259332437068224,0.046423912048339844,0.999958336353302,0
r2,primary,test/algebra/1332.json,102,0.1796875,0.008662227541208267,0.9999638795852661,0,1,1.0,0.009162235539406538,0.046401023864746094,0.9999595880508423,0
r2,primary,test/algebra/1332.json,103,0.1875,0.009475065395236015,0.9999673366546631,0,1,1.0,0.00936782918870449,0.04653358459472656,0.9999570548534393,0
r2,primary,test/algebra/1332.json,104,0.1875,0.012395728379487991,0.9999252557754517,0,1,1.0,0.009434367530047894,0.04652976989746094,0.9999568164348602,0
r2,primary,test/algebra/1332.json,105,0.28125,0.011063109152019024,0.9999424815177917,0,1,0.95,0.009224944282323122,0.046532630920410156,0.9999581277370453,0
r2,primary,test/algebra/1332.json,106,0.171875,0.008848082274198532,0.9999723434448242,0,1,1.0,0.009318452794104815,0.046423912048339844,0.9999571740627289,0
r2,primary,test/algebra/1332.json,107,0.125,0.007917209528386593,0.9999686479568481,0,1,1.0,0.009156680200248957,0.04612541198730469,0.9999584257602692,0
r2,primary,test/algebra/1332.json,108,0.1875,0.014488727785646915,0.9999310970306396,0,1,1.0,0.009179867338389158,0.046169281005859375,0.999958723783493,0
r2,primary,test/algebra/1332.json,109,0.125,0.010600372217595577,0.9999437928199768,0,1,0.95,0.009153708815574646,0.046108245849609375,0.9999590516090393,0
r2,primary,test/algebra/1332.json,110,0.15625,0.008657003752887249,0.9999667406082153,0,1,1.0,0.009042368270456791,0.04622650146484375,0.9999599456787109,0
r2,primary,test/algebra/1332.json,111,0.1875,0.007301323115825653,0.9999738931655884,0,1,1.0,0.009355009999126196,0.04625415802001953,0.9999582767486572,0
r2,primary,test/algebra/1332.json,112,0.125,0.007694211322814226,0.9999707341194153,0,1,1.0,0.009272763971239328,0.04621410369873047,0.9999587535858154,0
r2,primary,test/algebra/1332.json,113,0.125,0.009649286977946758,0.999954342842102,0,1,1.0,0.009170664940029383,0.04580879211425781,0.9999591112136841,0
r2,primary,test/algebra/1332.json,114,0.25,0.008375998586416245,0.9999649524688721,0,1,1.0,0.009156510699540377,0.04540729522705078,0.9999591410160065,0
r2,primary,test/algebra/1332.json,115,0.1875,0.00907342229038477,0.99996417760849,0,1,0.95,0.00919716851785779,0.045482635498046875,0.9999582171440125,0
r2,primary,test/algebra/1332.json,116,0.140625,0.008244046941399574,0.9999740719795227,0,1,1.0,0.009017401840537786,0.04547309875488281,0.9999594390392303,0
r2,primary,test/algebra/1332.json,117,0.126953125,0.008792201988399029,0.9999624490737915,0,1,1.0,0.009133250452578068,0.045205116271972656,0.999958336353302,0
r2,primary,test/algebra/1332.json,118,0.1875,0.011173218488693237,0.9999387264251709,0,1,1.0,0.009192464407533407,0.04526233673095703,0.9999580383300781,0
r2,primary,test/algebra/1332.json,119,0.28125,0.01147279143333435,0.9999407529830933,0,1,1.0,0.009170843288302422,0.045205116271972656,0.999958336353302,0
r2,primary,test/algebra/1332.json,120,0.134765625,0.00955223012715578,0.9999549388885498,0,1,1.0,0.00920702749863267,0.04474830627441406,0.9999582767486572,0
r2,primary,test/algebra/1332.json,121,0.1875,0.009975702501833439,0.9999570846557617,0,1,1.0,0.009300347417593002,0.04469585418701172,0.9999580085277557,0
r2,primary,test/algebra/1332.json,122,0.1875,0.011826920323073864,0.9999350309371948,0,1,1.0,0.009358671959489584,0.04472923278808594,0.999956339597702,0
r2,primary,test/algebra/1332.json,123,0.1875,0.00963625404983759,0.9999614953994751,0,1,0.95,0.00924579706043005,0.04468536376953125,0.999957412481308,0
r2,primary,test/algebra/1332.json,124,0.25,0.007508287206292152,0.9999753832817078,0,1,1.0,0.009272538125514984,0.04467487335205078,0.9999575614929199,0
r2,primary,test/algebra/1332.json,125,0.25,0.009608201682567596,0.9999586939811707,0,1,1.0,0.00910605676472187,0.044651031494140625,0.9999584853649139,0
r2,primary,test/algebra/1332.json,126,0.25,0.010700838640332222,0.9999627470970154,0,1,1.0,0.009145685471594334,0.04448223114013672,0.9999586641788483,0
r2,primary,test/algebra/1332.json,127,0.25,0.00943847093731165,0.9999558329582214,0,1,1.0,0.009147169534116983,0.044402122497558594,0.9999582469463348,0
r2,primary,test/algebra/1332.json,128,0.25,0.007584461476653814,0.9999716281890869,0,1,1.0,0.009064968209713697,0.04440021514892578,0.9999590814113617,0
r2,primary,test/counting_and_probability/119.json,0,0.25244140625,0.021020010113716125,0.9997794032096863,0,1,0.95,0.01101242657750845,0.03028050810098648,0.9999394416809082,0
r2,primary,test/counting_and_probability/119.json,1,0.3125,0.014711184427142143,0.9998947381973267,0,1,0.95,0.011425020638853312,0.03565013408660889,0.9999346435070038,0
r2,primary,test/counting_and_probability/119.json,2,0.29296875,0.012293849140405655,0.9999244809150696,0,1,1.0,0.011795109137892723,0.03684258460998535,0.9999305009841919,0
r2,primary,test/counting_and_probability/119.json,3,0.375,0.023599475622177124,0.999725878238678,0,1,0.95,0.012554117478430271,0.03601646423339844,0.9999217391014099,0
r2,primary,test/counting_and_probability/119.json,4,0.40625,0.022968923673033714,0.9997420907020569,0,1,1.0,0.013359466101974249,0.03662598133087158,0.9999109506607056,0
r2,primary,test/counting_and_probability/119.json,5,0.375,0.01724099926650524,0.999851405620575,0,1,1.0,0.013820372056216002,0.037920236587524414,0.9999046623706818,0
r2,primary,test/counting_and_probability/119.json,6,0.1875,0.0111528430134058,0.999938428401947,0,1,1.0,0.013168044853955507,0.03760635852813721,0.9999134838581085,0
r2,primary,test/counting_and_probability/119.json,7,0.203125,0.011554604396224022,0.999947190284729,0,1,1.0,0.012505616992712021,0.03764748573303223,0.9999224245548248,0
r2,primary,test/counting_and_probability/119.json,8,0.15625,0.009837741032242775,0.9999520778656006,0,1,1.0,0.012349582742899656,0.03764665126800537,0.9999237358570099,0
r2,primary,test/counting_and_probability/119.json,9,0.1875,0.009332426823675632,0.999956488609314,0,1,1.0,0.012197829317301512,0.03756392002105713,0.9999256730079651,0
r2,primary,test/counting_and_probability/119.json,10,0.125,0.007952413521707058,0.9999717473983765,0,1,1.0,0.01230798615142703,0.056720733642578125,0.9999246299266815,0
r2,primary,test/counting_and_probability/119.json,11,0.234375,0.015577685087919235,0.9998794794082642,0,1,1.0,0.01195240905508399,0.030529499053955078,0.9999287128448486,0
r2,primary,test/counting_and_probability/119.json,12,0.25,0.014136724174022675,0.9999158382415771,0,1,0.95,0.011669129133224487,0.030137181282043457,0.9999322891235352,0
r2,primary,test/counting_and_probability/119.json,13,0.2265625,0.011903109028935432,0.9999390840530396,0,1,0.95,0.011639926582574844,0.03003668785095215,0.9999330043792725,0
r2,primary,test/counting_and_probability/119.json,14,0.25,0.01224019005894661,0.9999266862869263,0,1,1.0,0.011625605169683695,0.028607606887817383,0.9999327659606934,0
r2,primary,test/counting_and_probability/119.json,15,0.203125,0.015562253072857857,0.9998834729194641,0,1,1.0,0.01121393358334899,0.028687596321105957,0.9999371469020844,0
r2,primary,test/counting_and_probability/119.json,16,0.25,0.018025197088718414,0.9998387098312378,0,1,0.95,0.010923055931925774,0.02875685691833496,0.999940425157547,0
r2,primary,test/counting_and_probability/119.json,17,0.1953125,0.007931461557745934,0.999969482421875,0,1,1.0,0.010801161639392376,0.029053211212158203,0.9999417066574097,0
r2,primary,test/counting_and_probability/119.json,18,0.1953125,0.010281382128596306,0.9999473690986633,0,1,1.0,0.010538221802562475,0.028911828994750977,0.9999445676803589,0
r2,primary,test/counting_and_probability/119.json,19,0.2578125,0.015932893380522728,0.9998822212219238,0,1,1.0,0.010410932824015617,0.02926027774810791,0.9999459981918335,0
r2,primary,test/counting_and_probability/119.json,20,0.21875,0.011224298737943172,0.9999392628669739,0,1,1.0,0.01054640719667077,0.029259085655212402,0.9999445080757141,0
r2,primary,test/counting_and_probability/119.json,21,0.25,0.024403253570199013,0.9997217059135437,0,1,1.0,0.010557717643678188,0.029509544372558594,0.9999442100524902,0
r2,primary,test/counting_and_probability/119.json,22,0.1875,0.009011596441268921,0.9999610781669617,0,1,1.0,0.010569135658442974,0.029471755027770996,0.9999442100524902,0
r2,primary,test/counting_and_probability/119.json,23,0.1875,0.00840847659856081,0.9999671578407288,0,1,1.0,0.01038803020492196,0.029559850692749023,0.9999459683895111,0
r2,primary,test/counting_and_probability/119.json,24,0.1875,0.008862137794494629,0.9999628067016602,0,1,1.0,0.010466518346220255,0.02960503101348877,0.9999455511569977,0
r2,primary,test/counting_and_probability/119.json,25,0.25,0.011749662458896637,0.9999312162399292,0,1,1.0,0.010415051132440567,0.02956414222717285,0.9999460875988007,0
r2,primary,test/counting_and_probability/119.json,26,0.1875,0.01015425380319357,0.9999552369117737,0,1,1.0,0.01014033518731594,0.029583096504211426,0.9999487102031708,0
r2,primary,test/counting_and_probability/119.json,27,0.171875,0.010029356926679611,0.9999656081199646,0,1,1.0,0.010090647265315056,0.029445886611938477,0.9999491572380066,0
r2,primary,test/counting_and_probability/119.json,28,0.125,0.005406640004366636,0.9999853372573853,0,1,1.0,0.009930480271577835,0.02947092056274414,0.9999506771564484,0
r2,primary,test/counting_and_probability/119.json,29,0.140625,0.006734708324074745,0.999977707862854,0,1,1.0,0.009960729628801346,0.029476642608642578,0.9999504387378693,0
r2,primary,test/counting_and_probability/119.json,30,0.1875,0.006654663942754269,0.999981164932251,0,1,1.0,0.010074641555547714,0.029533743858337402,0.9999494552612305,0
r2,primary,test/counting_and_probability/119.json,31,0.140625,0.006441028323024511,0.9999829530715942,0,1,1.0,0.010291710030287504,0.029575347900390625,0.9999471008777618,0
r2,primary,test/counting_and_probability/119.json,32,0.125,0.005628504790365696,0.9999844431877136,0,1,1.0,0.010205639526247978,0.029612421989440918,0.9999479651451111,0
r2,primary,test/counting_and_probability/119.json,33,0.1875,0.009007003158330917,0.9999651908874512,0,1,1.0,0.010346706490963697,0.02957940101623535,0.9999464750289917,0
r2,primary,test/counting_and_probability/119.json,34,0.25,0.0068966359831392765,0.9999765157699585,0,1,0.95,0.010250255465507507,0.02953815460205078,0.9999474883079529,0
r2,primary,test/counting_and_probability/119.json,35,0.125,0.007975372485816479,0.9999693632125854,0,1,0.95,0.01020157989114523,0.02944803237915039,0.9999483525753021,0
r2,primary,test/counting_and_probability/119.json,36,0.15625,0.01117127388715744,0.9999376535415649,0,1,0.95,0.010011690203100443,0.029384493827819824,0.9999499320983887,0
r2,primary,test/counting_and_probability/119.json,37,0.1875,0.011423471383750439,0.9999443292617798,0,1,1.0,0.009960549883544445,0.02952265739440918,0.999950498342514,0
r2,primary,test/counting_and_probability/119.json,38,0.1875,0.009252185001969337,0.9999654293060303,0,1,1.0,0.01006054924800992,0.02951228618621826,0.9999494850635529,0
r2,primary,test/counting_and_probability/119.json,39,0.125,0.006039608735591173,0.9999829530715942,0,1,1.0,0.009969217237085104,0.029517531394958496,0.9999502599239349,0
r2,primary,test/counting_and_probability/119.json,40,0.25,0.007176226936280727,0.9999745488166809,0,1,1.0,0.00993318809196353,0.029519319534301758,0.9999506175518036,0
r2,primary,test/counting_and_probability/119.json,41,0.125,0.007722828537225723,0.999975860118866,0,1,1.0,0.009960446506738663,0.029508352279663086,0.9999505281448364,0
r2,primary,test/counting_and_probability/119.json,42,0.203125,0.00990692526102066,0.9999561309814453,0,1,1.0,0.01004753028973937,0.02950906753540039,0.9999495446681976,0
r2,primary,test/counting_and_probability/119.json,43,0.1875,0.008603129535913467,0.9999676942825317,0,1,0.95,0.010021749883890152,0.029478907585144043,0.9999497532844543,0
r2,primary,test/counting_and_probability/119.json,44,0.25,0.00975942425429821,0.9999581575393677,0,1,1.0,0.01001813542097807,0.029485344886779785,0.9999498724937439,0
r2,primary,test/counting_and_probability/119.json,45,0.140625,0.0077376109547913074,0.9999732375144958,0,1,1.0,0.010038943495601416,0.02944767475128174,0.99994957447052,0
r2,primary,test/counting_and_probability/119.json,46,0.1953125,0.010291822254657745,0.9999502897262573,0,1,0.95,0.01009494299069047,0.029443740844726562,0.9999490678310394,0
r2,primary,test/counting_and_probability/119.json,47,0.25,0.013957343064248562,0.9999063014984131,0,1,1.0,0.009990381076931953,0.029470443725585938,0.9999500811100006,0
r2,primary,test/counting_and_probability/119.json,48,0.125,0.006967386696487665,0.9999758005142212,0,1,1.0,0.009905778337270021,0.02946460247039795,0.9999509751796722,0
r2,primary,test/counting_and_probability/119.json,49,0.25,0.008779624477028847,0.9999690651893616,0,1,1.0,0.009901832789182663,0.029451727867126465,0.9999509453773499,0
r2,primary,test/counting_and_probability/119.json,50,0.25,0.007275468669831753,0.9999774694442749,0,1,1.0,0.00996577087789774,0.029450416564941406,0.9999503195285797,0
r2,primary,test/counting_and_probability/119.json,51,0.25,0.010947151109576225,0.9999445676803589,0,1,1.0,0.009973571635782719,0.029453754425048828,0.9999504089355469,0
r2,primary,test/counting_and_probability/119.json,52,0.25,0.009298581629991531,0.999963104724884,0,1,1.0,0.010021673515439034,0.02944159507751465,0.9999499619007111,0
r2,primary,test/counting_and_probability/119.json,53,0.25,0.013130160048604012,0.9999158978462219,0,1,0.95,0.010055541526526213,0.029427647590637207,0.9999494552612305,0
r2,primary,test/counting_and_probability/119.json,54,0.140625,0.01329179760068655,0.9999151825904846,0,1,1.0,0.009991856291890144,0.029422998428344727,0.9999501407146454,0
r2,primary,test/counting_and_probability/119.json,55,0.15625,0.010970032773911953,0.9999733567237854,0,1,1.0,0.009990972001105547,0.029410958290100098,0.9999501407146454,0
r2,primary,test/counting_and_probability/119.json,56,0.1328125,0.009734725579619408,0.9999557137489319,0,1,1.0,0.009943767450749874,0.029392242431640625,0.9999506175518036,0
r2,primary,test/counting_and_probability/119.json,57,0.21875,0.008112175390124321,0.9999710917472839,0,1,1.0,0.009896763134747744,0.029375553131103516,0.9999510943889618,0
r2,primary,test/counting_and_probability/119.json,58,0.1875,0.010156283155083656,0.9999573230743408,0,1,1.0,0.009947314858436584,0.029328227043151855,0.999950498342514,0
r2,primary,test/counting_and_probability/119.json,59,0.140625,0.005867142230272293,0.999983549118042,0,1,1.0,0.009882513899356127,0.02921438217163086,0.9999513030052185,0
r2,primary,test/counting_and_probability/119.json,60,0.1875,0.011825297959148884,0.9999313354492188,0,1,1.0,0.009669743943959475,0.02922046184539795,0.9999533295631409,0
r2,primary,test/counting_and_probability/119.json,61,0.359375,0.014178992249071598,0.9999054670333862,0,1,1.0,0.009750389494001865,0.029198646545410156,0.9999525547027588,0
r2,primary,test/counting_and_probability/119.json,62,0.25,0.009297712706029415,0.9999711513519287,0,1,1.0,0.009659740142524242,0.02915477752685547,0.9999533891677856,0
r2,primary,test/counting_and_probability/119.json,63,0.25,0.007116963621228933,0.9999771118164062,0,1,0.95,0.009542675223201513,0.029179096221923828,0.9999545216560364,0
r2,primary,test/counting_and_probability/119.json,64,0.1875,0.009750556200742722,0.9999525547027588,0,1,1.0,0.009474518708884716,0.02930581569671631,0.9999551177024841,0
r2,primary,test/counting_and_probability/119.json,65,0.25,0.009771998971700668,0.9999536275863647,0,1,0.95,0.009446827694773674,0.029307961463928223,0.9999553859233856,0
r2,primary,test/counting_and_probability/119.json,66,0.25,0.01153054554015398,0.9999381899833679,0,1,1.0,0.009307652246206999,0.029445528984069824,0.9999566376209259,0
r2,primary,test/counting_and_probability/119.json,67,0.15625,0.010424776934087276,0.9999527335166931,0,1,1.0,0.00925111724063754,0.029366135597229004,0.9999572336673737,0
r2,primary,test/counting_and_probability/119.json,68,0.1875,0.01094779558479786,0.9999459385871887,0,1,1.0,0.009250771719962358,0.029302000999450684,0.9999571740627289,0
r2,primary,test/counting_and_probability/119.json,69,0.25,0.011508355848491192,0.9999402761459351,0,1,1.0,0.009261168539524078,0.029259920120239258,0.9999570846557617,0
r2,primary,test/counting_and_probability/119.json,70,0.126953125,0.008699430152773857,0.9999627470970154,0,1,0.95,0.00926625682041049,0.029193758964538574,0.9999570548534393,0
r2,primary,test/counting_and_probability/119.json,71,0.25,0.010291342623531818,0.9999542832374573,0,1,1.0,0.009208741132169962,0.02935957908630371,0.9999575912952423,0
r2,primary,test/counting_and_probability/119.json,72,0.25,0.009477200917899609,0.9999555349349976,0,1,1.0,0.009244428016245365,0.02936387062072754,0.9999572038650513,0
r2,primary,test/counting_and_probability/119.json,73,0.1875,0.00870419666171074,0.9999691843986511,0,1,1.0,0.009275026619434357,0.029364347457885742,0.9999568462371826,0
r2,primary,test/counting_and_probability/119.json,74,0.25,0.008303665556013584,0.9999671578407288,0,1,0.95,0.009246241301298141,0.02938830852508545,0.999957412481308,0
r2,primary,test/counting_and_probability/119.json,75,0.171875,0.008774209767580032,0.9999642372131348,0,1,1.0,0.00926771480590105,0.02935945987701416,0.9999573230743408,0
r2,primary,test/counting_and_probability/119.json,76,0.1875,0.009745951741933823,0.9999524354934692,0,1,1.0,0.009321241173893213,0.02929508686065674,0.9999567568302155,0
r2,primary,test/counting_and_probability/119.json,77,0.216796875,0.017917199060320854,0.9998396635055542,0,1,0.95,0.009436572901904583,0.035218238830566406,0.9999555051326752,0
r2,primary,test/counting_and_probability/119.json,78,0.3125,0.018097996711730957,0.999836266040802,0,1,1.0,0.009426885284483433,0.05057799816131592,0.99995556473732,0
r2,primary,test/counting_and_probability/119.json,79,0.1875,0.013619550503790379,0.9999087452888489,0,1,1.0,0.009519366547465324,0.04805564880371094,0.9999547302722931,0
r2,primary,test/counting_and_probability/119.json,80,0.1913909912109375,0.010020239278674126,0.9999585747718811,0,1,0.95,0.009548891335725784,0.02857959270477295,0.9999544620513916,0
r2,primary,test/counting_and_probability/119.json,81,0.1787109375,0.009826264344155788,0.99995356798172,0,1,1.0,0.009576743468642235,0.028157949447631836,0.999954342842102,0
r2,primary,test/counting_and_probability/119.json,82,0.1875,0.012389053590595722,0.9999253749847412,0,1,1.0,0.00947203766554594,0.0282517671585083,0.9999552667140961,0
r2,primary,test/counting_and_probability/119.json,83,0.15625,0.008704307489097118,0.9999657869338989,0,1,1.0,0.00948931323364377,0.028323769569396973,0.9999550879001617,0
r2,primary,test/counting_and_probability/119.json,84,0.1875,0.008496059104800224,0.999968409538269,0,1,1.0,0.009267895948141813,0.028292298316955566,0.9999571740627289,0
r2,primary,test/counting_and_probability/119.json,85,0.1875,0.009695405140519142,0.9999570250511169,0,1,1.0,0.0093846395611763,0.028299808502197266,0.999955952167511,0
r2,primary,test/counting_and_probability/119.json,86,0.125,0.01137022115290165,0.999935507774353,0,0,1.0,0.009418736677616835,0.028296470642089844,0.9999556839466095,0
r2,primary,test/counting_and_probability/119.json,87,0.158203125,0.011396906338632107,0.9999352097511292,0,1,1.0,0.009346802718937397,0.028309941291809082,0.9999564588069916,0
r2,primary,test/counting_and_probability/119.json,88,0.1875,0.008074863813817501,0.9999704957008362,0,1,1.0,0.009268462657928467,0.028327584266662598,0.9999572038650513,0
r2,primary,test/counting_and_probability/119.json,89,0.15625,0.008127006702125072,0.9999669790267944,0,1,1.0,0.009210382588207722,0.028353452682495117,0.9999578297138214,0
r2,primary,test/counting_and_probability/119.json,90,0.1875,0.007370800711214542,0.9999728798866272,0,1,1.0,0.009069733787328005,0.02834630012512207,0.9999589622020721,0
r2,primary,test/counting_and_probability/119.json,91,0.1875,0.009719285182654858,0.9999594688415527,0,1,0.95,0.009053030516952276,0.028397560119628906,0.9999590516090393,0
r2,primary,test/counting_and_probability/119.json,92,0.1875,0.007414196152240038,0.9999768733978271,0,1,1.0,0.008937007747590542,0.028418302536010742,0.9999603033065796,0
r2,primary,test/counting_and_probability/119.json,93,0.1484375,0.01189175620675087,0.9999316930770874,0,1,1.0,0.009066979866474867,0.02836763858795166,0.9999591410160065,0
r2,primary,test/counting_and_probability/119.json,94,0.25,0.00997534953057766,0.9999504089355469,0,1,0.95,0.008909469936043024,0.02836322784423828,0.9999603033065796,0
r2,primary,test/counting_and_probability/119.json,95,0.125,0.006918784696608782,0.9999788999557495,0,1,0.95,0.008979697711765766,0.028405189514160156,0.9999597072601318,0
r2,primary,test/counting_and_probability/119.json,96,0.1328125,0.007847348228096962,0.9999694228172302,0,1,1.0,0.008936085272580385,0.028435230255126953,0.9999602138996124,0
r2,primary,test/counting_and_probability/119.json,97,0.125,0.008340655826032162,0.9999666213989258,0,1,1.0,0.008890240918844938,0.028510093688964844,0.9999604821205139,0
r2,primary,test/counting_and_probability/119.json,98,0.1484375,0.00744730094447732,0.9999725818634033,0,1,1.0,0.00879802880808711,0.028498411178588867,0.9999613463878632,0
r2,primary,test/counting_and_probability/119.json,99,0.140625,0.00656810961663723,0.9999790787696838,0,1,0.95,0.008752692025154829,0.028751134872436523,0.9999617636203766,0
r2,primary,test/counting_and_probability/119.json,100,0.140625,0.00971792172640562,0.9999613761901855,0,1,1.0,0.00867790961638093,0.028776049613952637,0.9999625384807587,0
r2,primary,test/counting_and_probability/119.json,101,0.1875,0.008749732747673988,0.9999631643295288,0,1,0.95,0.00875800522044301,0.028786778450012207,0.9999617040157318,0
r2,primary,test/counting_and_probability/119.json,102,0.25,0.007561069447547197,0.9999721646308899,0,1,0.95,0.008704732172191143,0.02881801128387451,0.9999621510505676,0
r2,primary,test/counting_and_probability/119.json,103,0.171875,0.009290913119912148,0.9999575018882751,0,1,1.0,0.00872725946828723,0.028830528259277344,0.9999619424343109,0
r2,primary,test/counting_and_probability/119.json,104,0.125,0.007183805573731661,0.9999743103981018,0,1,0.95,0.008757247123867273,0.02880716323852539,0.999961793422699,0
r2,primary,test/counting_and_probability/119.json,105,0.140625,0.008885268121957779,0.9999651908874512,0,1,1.0,0.008714510593563318,0.028792381286621094,0.9999620616436005,0
r2,primary,test/counting_and_probability/119.json,106,0.15625,0.009914962574839592,0.9999527931213379,0,1,0.95,0.008583012036979198,0.02878725528717041,0.999963104724884,0
r2,primary,test/counting_and_probability/119.json,107,0.25,0.0074083078652620316,0.999973714351654,0,1,1.0,0.008688640780746937,0.028781533241271973,0.999962329864502,0
r2,primary,test/counting_and_probability/119.json,108,0.1875,0.010011900216341019,0.9999635815620422,0,1,1.0,0.008810936938971281,0.028812170028686523,0.999961256980896,0
r2,primary,test/counting_and_probability/119.json,109,0.15625,0.010473611764609814,0.9999508261680603,0,1,0.95,0.00892864866182208,0.028796911239624023,0.9999602735042572,0
r2,primary,test/counting_and_probability/119.json,110,0.15625,0.009723572991788387,0.9999544620513916,0,1,1.0,0.008836557157337666,0.02882695198059082,0.9999610781669617,0
r2,primary,test/counting_and_probability/119.json,111,0.25,0.009407526813447475,0.9999603033065796,0,1,1.0,0.008757046889513731,0.02881944179534912,0.9999618232250214,0
r2,primary,test/counting_and_probability/119.json,112,0.125,0.006781785748898983,0.9999771118164062,0,1,1.0,0.008714708033949137,0.02880120277404785,0.9999619722366333,0
r2,primary,test/counting_and_probability/119.json,113,0.125,0.009401272051036358,0.999958336353302,0,1,1.0,0.008748438209295273,0.028827190399169922,0.9999617338180542,0
r2,primary,test/counting_and_probability/119.json,114,0.125,0.009236995130777359,0.9999575614929199,0,1,1.0,0.008801603224128485,0.028880596160888672,0.9999612867832184,0
r2,primary,test/counting_and_probability/119.json,115,0.1875,0.011174341663718224,0.9999411106109619,0,1,1.0,0.008713373914361,0.02883923053741455,0.9999620616436005,0
r2,primary,test/counting_and_probability/119.json,116,0.1875,0.007874028757214546,0.9999693632125854,0,1,1.0,0.008799131959676743,0.02883458137512207,0.9999613761901855,0
r2,primary,test/counting_and_probability/119.json,117,0.15625,0.0139206163585186,0.999911367893219,0,1,1.0,0.00881745433434844,0.028833746910095215,0.9999611079692841,0
r2,primary,test/counting_and_probability/119.json,118,0.25,0.007496037054806948,0.9999719262123108,0,1,1.0,0.008718776982277632,0.028854966163635254,0.99996218085289,0
r2,primary,test/counting_and_probability/119.json,119,0.15625,0.00810670293867588,0.9999672174453735,0,1,1.0,0.008630548603832722,0.028831839561462402,0.9999629259109497,0
r2,primary,test/counting_and_probability/119.json,120,0.15625,0.009018201380968094,0.9999626874923706,0,1,1.0,0.008637353777885437,0.028808116912841797,0.9999627470970154,0
r2,primary,test/counting_and_probability/119.json,121,0.25,0.01061989739537239,0.9999459981918335,0,1,1.0,0.008660574443638325,0.02873373031616211,0.9999626278877258,0
r2,primary,test/counting_and_probability/119.json,122,0.140625,0.009047381579875946,0.999960720539093,0,1,1.0,0.008617505431175232,0.028653502464294434,0.9999628365039825,0
r2,primary,test/counting_and_probability/119.json,123,0.15625,0.010014478117227554,0.9999498128890991,0,1,1.0,0.008624214213341475,0.02862417697906494,0.9999628365039825,0
r2,primary,test/counting_and_probability/119.json,124,0.25,0.008180452510714531,0.9999720454216003,0,1,1.0,0.008648885879665613,0.028545260429382324,0.9999626278877258,0
r2,primary,test/counting_and_probability/119.json,125,0.140625,0.008164581842720509,0.9999727010726929,0,1,1.0,0.00862696347758174,0.028640389442443848,0.9999627768993378,0
r2,primary,test/counting_and_probability/119.json,126,0.1875,0.007103229407221079,0.9999749064445496,0,1,1.0,0.008705969899892807,0.028625130653381348,0.9999622702598572,0
r2,primary,test/counting_and_probability/119.json,127,0.15625,0.013383702374994755,0.9999104142189026,0,1,1.0,0.008776437491178513,0.028636932373046875,0.9999615550041199,0
r2,primary,test/counting_and_probability/119.json,128,0.25,0.010522478260099888,0.9999533891677856,0,1,0.95,0.008794695604592562,0.028639912605285645,0.9999614953994751,0
r2,primary,test/geometry/477.json,0,0.3671875,0.035346124321222305,0.9994626045227051,0,1,1.0,0.01321442425251007,0.031768798828125,0.9999134540557861,0
r2,primary,test/geometry/477.json,1,0.3671875,0.017865899950265884,0.9998430013656616,0,1,1.0,0.013613811694085598,0.045957207679748535,0.999908834695816,0
r2,primary,test/geometry/477.json,2,0.318359375,0.014020041562616825,0.9999092817306519,0,1,1.0,0.013734394684433937,0.044319212436676025,0.9999063014984131,0
r2,primary,test/geometry/477.json,3,0.375,0.0162233617156744,0.9998685121536255,0,1,1.0,0.013854195829480886,0.04401206970214844,0.999905526638031,0
r2,primary,test/geometry/477.json,4,0.359375,0.021731888875365257,0.9997777342796326,0,1,1.0,0.01388323213905096,0.04221230745315552,0.9999048113822937,0
r2,primary,test/geometry/477.json,5,0.453125,0.021369637921452522,0.9997765421867371,0,1,1.0,0.0138576733879745,0.042302846908569336,0.9999042749404907,0
r2,primary,test/geometry/477.json,6,0.34375,0.019791781902313232,0.9998041987419128,0,1,1.0,0.01414041593670845,0.04260510206222534,0.9999003112316132,0
r2,primary,test/geometry/477.json,7,0.125,0.009135573171079159,0.9999592304229736,0,1,1.0,0.013590016402304173,0.06589508056640625,0.9999078512191772,0
r2,primary,test/geometry/477.json,8,0.203125,0.008121626451611519,0.999967098236084,0,1,1.0,0.013119577430188656,0.04044622182846069,0.9999142289161682,0
r2,primary,test/geometry/477.json,9,0.25,0.01250783447176218,0.9999270439147949,0,1,1.0,0.013069848995655775,0.04029548168182373,0.9999145865440369,0
r2,primary,test/geometry/477.json,10,0.234375,0.012139284051954746,0.9999354481697083,0,1,1.0,0.013032520189881325,0.040158867835998535,0.999915212392807,0
r2,primary,test/geometry/477.json,11,0.12890625,0.007807876914739609,0.9999700784683228,0,1,1.0,0.012911790516227484,0.040491342544555664,0.9999167025089264,0
r2,primary,test/geometry/477.json,12,0.1943359375,0.01587798446416855,0.9998750686645508,0,1,1.0,0.012960027437657118,0.03687751293182373,0.9999164640903473,0
r2,primary,test/geometry/477.json,13,0.28125,0.012583788484334946,0.9999265670776367,0,1,1.0,0.01246996782720089,0.035764098167419434,0.9999227523803711,0
r2,primary,test/geometry/477.json,14,0.203125,0.008247744292020798,0.9999675154685974,0,1,1.0,0.01248302310705185,0.035714924335479736,0.9999226331710815,0
r2,primary,test/geometry/477.json,15,0.296875,0.011823258362710476,0.9999300241470337,0,1,1.0,0.012564272619783878,0.035636723041534424,0.9999219179153442,0
r2,primary,test/geometry/477.json,16,0.25,0.015011399984359741,0.9998918175697327,0,1,1.0,0.01221855590119958,0.03591048717498779,0.9999261796474457,0
r2,primary,test/geometry/477.json,17,0.375,0.021818857640028,0.9997708797454834,0,1,0.95,0.011911417823284864,0.03592729568481445,0.999929815530777,0
r2,primary,test/geometry/477.json,18,0.1875,0.00859652180224657,0.9999673962593079,0,1,1.0,0.011784526985138655,0.035958707332611084,0.9999314248561859,0
r2,primary,test/geometry/477.json,19,0.1875,0.010587615892291069,0.999946653842926,0,1,1.0,0.011398376896977425,0.03616064786911011,0.9999350905418396,0
r2,primary,test/geometry/477.json,20,0.1875,0.00885787233710289,0.9999629855155945,0,1,1.0,0.0112281390465796,0.03569859266281128,0.9999369978904724,0
r2,primary,test/geometry/477.json,21,0.171875,0.009277887642383575,0.9999571442604065,0,1,0.95,0.011049728374928236,0.034495651721954346,0.9999392926692963,0
r2,primary,test/geometry/477.json,22,0.25,0.02015184424817562,0.9997985363006592,0,1,1.0,0.011070474982261658,0.03437775373458862,0.9999392330646515,0
r2,primary,test/geometry/477.json,23,1.125,0.044375963509082794,0.9991471767425537,0,1,0.95,0.011478747241199017,0.0343438982963562,0.9999344348907471,0
r2,primary,test/geometry/477.json,24,0.1875,0.011628461070358753,0.9999420046806335,0,1,1.0,0.012041088659316301,0.03793080523610115,0.9999276697635651,0
r2,primary,test/geometry/477.json,25,0.21875,0.008973988704383373,0.99996018409729,0,1,1.0,0.011126465629786253,0.038698695600032806,0.9999381005764008,0
r2,primary,test/geometry/477.json,26,0.1875,0.012694262899458408,0.9999299645423889,0,1,1.0,0.011010754853487015,0.038924697786569595,0.9999395608901978,0
r2,primary,test/geometry/477.json,27,0.1875,0.011645572260022163,0.9999344348907471,0,1,1.0,0.010803853161633015,0.03915945068001747,0.9999416470527649,0
r2,primary,test/geometry/477.json,28,0.1318359375,0.008396531455218792,0.9999671578407288,0,1,0.95,0.01077084057033062,0.03904521465301514,0.9999420940876007,0
r2,primary,test/geometry/477.json,29,0.15625,0.009305543266236782,0.9999567270278931,0,1,1.0,0.01082604844123125,0.03950318694114685,0.9999414682388306,0
r2,primary,test/geometry/477.json,30,0.173828125,0.00711118383333087,0.99997478723526,0,1,1.0,0.01066717877984047,0.03933384642004967,0.9999431073665619,0
r2,primary,test/geometry/477.json,31,0.1875,0.011462992988526821,0.9999361038208008,0,1,0.95,0.010704368818551302,0.039235733449459076,0.9999428391456604,0
r2,primary,test/geometry/477.json,32,0.1875,0.012038756161928177,0.9999513030052185,0,1,0.95,0.010687706526368856,0.03931495547294617,0.9999430179595947,0
r2,primary,test/geometry/477.json,33,0.75,0.031155521050095558,0.9995405673980713,0,1,1.0,0.010951935779303312,0.0387011393904686,0.9999401867389679,0
r2,primary,test/geometry/477.json,34,0.46875,0.014080435037612915,0.9999013543128967,0,1,0.95,0.011104496661573648,0.03787853941321373,0.9999382793903351,0
r2,primary,test/geometry/477.json,35,0.1875,0.009313873015344143,0.9999628663063049,0,1,1.0,0.011164385359734297,0.03342360258102417,0.9999377429485321,0
r2,primary,test/geometry/477.json,36,0.25,0.009900055825710297,0.999954879283905,0,1,1.0,0.011221793945878744,0.03338092565536499,0.9999368488788605,0
r2,primary,test/geometry/477.json,37,0.25,0.010559391230344772,0.9999447464942932,0,1,1.0,0.011013980954885483,0.03345459699630737,0.9999394714832306,0
r2,primary,test/geometry/477.json,38,0.25,0.01236896775662899,0.9999295473098755,0,1,1.0,0.010794015601277351,0.03325003385543823,0.9999417662620544,0
r2,primary,test/geometry/477.json,39,0.15625,0.006138894706964493,0.9999818801879883,0,1,1.0,0.010596873238682747,0.03320842981338501,0.9999440014362335,0
r2,primary,test/geometry/477.json,40,0.1328125,0.007203556597232819,0.9999743103981018,0,1,1.0,0.010622358415275812,0.03319871425628662,0.9999436140060425,0
r2,primary,test/geometry/477.json,41,0.25,0.009580704383552074,0.9999666810035706,0,1,0.95,0.010406771674752235,0.033209800720214844,0.9999458193778992,0
r2,primary,test/geometry/477.json,42,0.125,0.007892725989222527,0.9999706149101257,0,1,1.0,0.010528912767767906,0.033328354358673096,0.9999444782733917,0
r2,primary,test/geometry/477.json,43,0.125,0.007911293767392635,0.9999693632125854,0,1,1.0,0.010502382181584835,0.033323585987091064,0.999944806098938,0
r2,primary,test/geometry/477.json,44,0.15625,0.010305531322956085,0.9999600052833557,0,1,1.0,0.01068877149373293,0.03330063819885254,0.9999429881572723,0
r2,primary,test/geometry/477.json,45,0.15625,0.006378978490829468,0.9999837279319763,0,1,1.0,0.010632616002112627,0.03328275680541992,0.9999434649944305,0
r2,primary,test/geometry/477.json,46,0.265625,0.010886367410421371,0.9999416470527649,0,1,1.0,0.010808298364281654,0.033264100551605225,0.9999417364597321,0
r2,primary,test/geometry/477.json,47,0.15625,0.0068351454101502895,0.9999788403511047,0,1,1.0,0.01062422152608633,0.03332662582397461,0.9999437034130096,0
r2,primary,test/geometry/477.json,48,0.25,0.01069334615021944,0.9999462366104126,0,1,1.0,0.01055828807875514,0.03329336643218994,0.9999443888664246,0
r2,primary,test/geometry/477.json,49,0.3125,0.012477847747504711,0.9999287128448486,0,1,0.95,0.010860840324312449,0.0332721471786499,0.9999412596225739,0
r2,primary,test/geometry/477.json,50,0.390625,0.02900104597210884,0.9996238946914673,0,1,0.95,0.011115135625004768,0.03320270776748657,0.999938428401947,0
r2,primary,test/geometry/477.json,51,0.8125,0.029708992689847946,0.9995584487915039,0,1,0.95,0.011031435802578926,0.03319805860519409,0.999939352273941,0
r2,primary,test/geometry/477.json,52,0.25,0.010348073206841946,0.9999550580978394,0,1,1.0,0.010971004609018564,0.03442424535751343,0.9999399781227112,0
r2,primary,test/geometry/477.json,53,0.2421875,0.009076775051653385,0.9999642968177795,0,1,1.0,0.010684008244425058,0.037992093712091446,0.9999430477619171,0
r2,primary,test/geometry/477.json,54,0.25,0.012194357812404633,0.9999322891235352,0,1,1.0,0.010646151844412088,0.03366435691714287,0.9999435245990753,0
r2,primary,test/geometry/477.json,55,0.1875,0.009856535121798515,0.9999527931213379,0,1,1.0,0.010646240785717964,0.033202290534973145,0.999943345785141,0
r2,primary,test/geometry/477.json,56,0.125,0.0072841825895011425,0.999973475933075,0,1,1.0,0.010641349945217371,0.033213794231414795,0.9999433755874634,0
r2,primary,test/geometry/477.json,57,0.15625,0.009454308077692986,0.9999600052833557,0,1,1.0,0.010715406853705645,0.03324669599533081,0.999942809343338,0
r2,primary,test/geometry/477.json,58,0.15625,0.00879975501447916,0.9999628663063049,0,1,1.0,0.010694509372115135,0.03323429822921753,0.9999429285526276,0
r2,primary,test/geometry/477.json,59,0.1875,0.008892134763300419,0.9999610185623169,0,1,1.0,0.010758301243185997,0.033243536949157715,0.9999423921108246,0
r2,primary,test/geometry/477.json,60,0.25,0.010698364116251469,0.9999542236328125,0,1,0.95,0.010767207946628332,0.03321021795272827,0.999942272901535,0
r2,primary,test/geometry/477.json,61,0.125,0.00846235640347004,0.9999721050262451,0,1,1.0,0.010674025397747755,0.033230483531951904,0.9999431371688843,0
r2,primary,test/geometry/477.json,62,0.15625,0.007525119464844465,0.9999721646308899,0,1,1.0,0.010784476529806852,0.03320002555847168,0.9999420642852783,0
r2,primary,test/geometry/477.json,63,0.140625,0.008313460275530815,0.9999654293060303,0,1,1.0,0.010904786642640829,0.03317666053771973,0.9999407827854156,0
r2,primary,test/geometry/477.json,64,0.1875,0.008420892991125584,0.9999658465385437,0,1,1.0,0.011064230930060148,0.0331844687461853,0.9999389350414276,0
r2,primary,test/geometry/477.json,65,0.125,0.007963377051055431,0.9999699592590332,0,1,1.0,0.010977000929415226,0.03317314386367798,0.9999399781227112,0
r2,primary,test/geometry/477.json,66,0.15625,0.009013937786221504,0.9999670386314392,0,1,1.0,0.010931631550192833,0.033134400844573975,0.9999405443668365,0
r2,primary,test/geometry/477.json,67,0.15625,0.007330615539103746,0.9999732971191406,0,1,1.0,0.011212590616196394,0.033114850521087646,0.999937504529953,0
r2,primary,test/geometry/477.json,68,0.1875,0.007854803465306759,0.9999734163284302,0,1,1.0,0.011015210300683975,0.033120155334472656,0.9999393820762634,0
r2,primary,test/geometry/477.json,69,0.140625,0.009953519329428673,0.9999548196792603,0,1,0.95,0.010836415458470583,0.033100903034210205,0.9999414384365082,0
r2,primary,test/geometry/477.json,70,0.25,0.012154508382081985,0.9999272227287292,0,1,1.0,0.010795500595122576,0.033091604709625244,0.9999417066574097,0
r2,primary,test/geometry/477.json,71,0.4921875,0.021077806130051613,0.9997981190681458,0,1,1.0,0.011080566328018904,0.03303968906402588,0.9999386668205261,0
r2,primary,test/geometry/477.json,72,0.40625,0.018992645666003227,0.9998196363449097,0,1,1.0,0.011115777306258678,0.032997846603393555,0.9999383091926575,0
r2,primary,test/geometry/477.json,73,0.1875,0.007878675125539303,0.9999693632125854,0,1,1.0,0.011219326872378588,0.032978951930999756,0.9999373257160187,0
r2,primary,test/geometry/477.json,74,0.25,0.009145749732851982,0.9999662637710571,0,1,0.95,0.01097743958234787,0.03297913074493408,0.9999398291110992,0
r2,primary,test/geometry/477.json,75,0.1875,0.00947364792227745,0.9999575018882751,0,1,1.0,0.010922495275735855,0.03292888402938843,0.9999405741691589,0
r2,primary,test/geometry/477.json,76,0.1875,0.009328440763056278,0.9999568462371826,0,1,1.0,0.010767430067062378,0.033004164695739746,0.9999420940876007,0
r2,primary,test/geometry/477.json,77,0.1875,0.007651431020349264,0.9999716877937317,0,1,1.0,0.010617618914693594,0.03296613693237305,0.9999436438083649,0
r2,primary,test/geometry/477.json,78,0.1875,0.010421636514365673,0.9999520182609558,0,1,1.0,0.01064525917172432,0.03297966718673706,0.9999435544013977,0
r2,primary,test/geometry/477.json,79,0.140625,0.008011855185031891,0.9999683499336243,0,1,1.0,0.010492194443941116,0.032974064350128174,0.9999450743198395,0
r2,primary,test/geometry/477.json,80,0.125,0.007744067348539829,0.9999707341194153,0,1,1.0,0.010417854879051447,0.0329861044883728,0.9999457001686096,0
r2,primary,test/geometry/477.json,81,0.109375,0.00818376149982214,0.9999665021896362,0,1,1.0,0.010630575008690357,0.032979607582092285,0.9999435842037201,0
r2,primary,test/geometry/477.json,82,0.15625,0.01179896667599678,0.9999306201934814,0,1,1.0,0.010507491882890463,0.03296428918838501,0.9999448955059052,0
r2,primary,test/geometry/477.json,83,0.21875,0.010635829530656338,0.9999527335166931,0,1,1.0,0.010531551204621792,0.0329822301864624,0.9999448657035828,0
r2,primary,test/geometry/477.json,84,0.125,0.008910108357667923,0.9999734163284302,0,1,1.0,0.010523171629756689,0.03298276662826538,0.9999448657035828,0
r2,primary,test/geometry/477.json,85,0.125,0.007978744804859161,0.9999696612358093,0,1,1.0,0.010590424295514822,0.03296685218811035,0.9999440312385559,0
r2,primary,test/geometry/477.json,86,0.1875,0.008267351426184177,0.9999701380729675,0,1,1.0,0.010598694905638695,0.032982587814331055,0.9999440610408783,0
r2,primary,test/geometry/477.json,87,0.125,0.008491077460348606,0.9999639987945557,0,1,1.0,0.010686760768294334,0.03297436237335205,0.9999428987503052,0
r2,primary,test/geometry/477.json,88,0.25,0.009949254803359509,0.999950647354126,0,1,0.95,0.010667257010936737,0.033145785331726074,0.9999435245990753,0
r2,primary,test/geometry/477.json,89,0.40234375,0.020928306505084038,0.999795138835907,0,1,1.0,0.01093457406386733,0.03318673372268677,0.9999407827854156,0
r2,primary,test/geometry/477.json,90,0.47265625,0.0204091165214777,0.9998204708099365,0,1,1.0,0.010787262581288815,0.033155858516693115,0.9999422430992126,0
r2,primary,test/geometry/477.json,91,0.1875,0.009731526486575603,0.9999659657478333,0,1,1.0,0.01080560265108943,0.033056676387786865,0.9999420642852783,0
r2,primary,test/geometry/477.json,92,0.25,0.007559489458799362,0.9999718070030212,0,1,1.0,0.010767643805593252,0.033032774925231934,0.9999428689479828,0
r2,primary,test/geometry/477.json,93,0.125,0.010640494525432587,0.9999438524246216,0,1,1.0,0.010658715385943651,0.03326910734176636,0.9999438524246216,0
r2,primary,test/geometry/477.json,94,0.14453125,0.006975091993808746,0.9999762773513794,0,1,1.0,0.010599763598293066,0.03329586982727051,0.9999444484710693,0
r2,primary,test/geometry/477.json,95,0.125,0.0061372676864266396,0.9999812841415405,0,1,1.0,0.010607769712805748,0.03328007459640503,0.9999441802501678,0
r2,primary,test/geometry/477.json,96,0.25,0.006122411694377661,0.9999824166297913,0,1,1.0,0.010375660378485918,0.03327423334121704,0.999946653842926,0
r2,primary,test/geometry/477.json,97,0.1875,0.009851849637925625,0.9999592304229736,0,1,1.0,0.010430144146084785,0.03327500820159912,0.9999459087848663,0
r2,primary,test/geometry/477.json,98,0.1328125,0.007405295502394438,0.9999726414680481,0,1,1.0,0.010435843840241432,0.03327113389968872,0.9999462068080902,0
r2,primary,test/geometry/477.json,99,0.125,0.006604512222111225,0.999978244304657,0,1,1.0,0.010283133946359158,0.033271968364715576,0.9999479353427887,0
r2,primary,test/geometry/477.json,100,0.1328125,0.008030238561332226,0.9999682307243347,0,1,1.0,0.010517542716115713,0.033288002014160156,0.9999450743198395,0
r2,primary,test/geometry/477.json,101,0.25,0.01081168930977583,0.9999592900276184,0,1,1.0,0.010584268253296614,0.03326672315597534,0.9999443590641022,0
r2,primary,test/geometry/477.json,102,0.1875,0.009590070694684982,0.9999561309814453,0,1,1.0,0.010545289143919945,0.033269286155700684,0.9999445378780365,0
r2,primary,test/geometry/477.json,103,0.15625,0.010897453874349594,0.9999405741691589,0,1,1.0,0.010664037428796291,0.03308457136154175,0.9999436736106873,0
r2,primary,test/geometry/477.json,104,0.25,0.007418796885758638,0.9999727010726929,0,1,1.0,0.010544557590037584,0.032543301582336426,0.9999447762966156,0
r2,primary,test/geometry/477.json,105,0.3154296875,0.010416210629045963,0.9999460577964783,0,1,1.0,0.010440622456371784,0.03260397911071777,0.9999462068080902,0
r2,primary,test/geometry/477.json,106,0.1875,0.008074815385043621,0.9999673962593079,0,1,0.9,0.010464066173881292,0.03256964683532715,0.9999458193778992,0
r2,primary,test/geometry/477.json,107,0.125,0.010071775875985622,0.99994957447052,0,1,1.0,0.010427460074424744,0.0325961709022522,0.9999460875988007,0
r2,primary,test/geometry/477.json,108,0.25,0.007691775914281607,0.999970555305481,0,1,1.0,0.010428569745272398,0.03246718645095825,0.9999463558197021,0
r2,primary,test/geometry/477.json,109,0.15625,0.007899023592472076,0.9999704957008362,0,1,1.0,0.010298492386937141,0.03248876333236694,0.9999482929706573,0
r2,primary,test/geometry/477.json,110,0.125,0.007496160920709372,0.9999732375144958,0,1,1.0,0.01020781695842743,0.032378971576690674,0.9999484717845917,0
r2,primary,test/geometry/477.json,111,0.25,0.00811608973890543,0.9999678134918213,0,1,1.0,0.01007521990686655,0.03243553638458252,0.9999503493309021,0
r2,primary,test/geometry/477.json,112,0.21875,0.00896827969700098,0.9999617338180542,0,1,0.95,0.010324304923415184,0.03237950801849365,0.9999471306800842,0
r2,primary,test/geometry/477.json,113,0.125,0.013253338634967804,0.999912679195404,0,1,1.0,0.010430468246340752,0.03208458423614502,0.9999458193778992,0
r2,primary,test/geometry/477.json,114,0.3125,0.014210786670446396,0.9998989701271057,0,1,0.9,0.010155963245779276,0.032071590423583984,0.999949187040329,0
r2,primary,test/geometry/477.json,115,0.1376953125,0.007187702227383852,0.9999741911888123,0,1,1.0,0.010416775941848755,0.03204047679901123,0.9999459981918335,0
r2,primary,test/geometry/477.json,116,0.125,0.008817851543426514,0.9999611973762512,0,1,1.0,0.010237396229058504,0.031953394412994385,0.9999478459358215,0
r2,primary,test/geometry/477.json,117,0.140625,0.00854980107396841,0.9999642372131348,0,1,1.0,0.010289287194609642,0.03170222043991089,0.9999479055404663,0
r2,primary,test/geometry/477.json,118,0.125,0.0074460748583078384,0.9999724626541138,0,1,1.0,0.010085009969770908,0.031753361225128174,0.9999497830867767,0
r2,primary,test/geometry/477.json,119,0.1875,0.00871321652084589,0.9999639987945557,0,1,0.95,0.009908516891300678,0.03173333406448364,0.9999512434005737,0
r2,primary,test/geometry/477.json,120,0.1328125,0.009798337705433369,0.9999523162841797,0,1,1.0,0.009693660773336887,0.03174614906311035,0.9999531209468842,0
r2,primary,test/geometry/477.json,121,0.765625,0.03715302795171738,0.9993330836296082,0,1,1.0,0.010160899255424738,0.03170597553253174,0.9999484717845917,0
r2,primary,test/geometry/477.json,122,0.65625,0.018680626526474953,0.9998395442962646,0,1,1.0,0.010105444584041834,0.03171586990356445,0.9999491274356842,0
r2,primary,test/geometry/477.json,123,0.34375,0.011174953542649746,0.9999380111694336,0,1,1.0,0.010043054819107056,0.03171283006668091,0.9999496340751648,0
r2,primary,test/geometry/477.json,124,0.1875,0.011488985270261765,0.9999392032623291,0,1,1.0,0.009985355660319328,0.03169453144073486,0.9999502599239349,0
r2,primary,test/geometry/477.json,125,0.140625,0.009810660034418106,0.9999532103538513,0,1,1.0,0.00980275310575962,0.03165459632873535,0.9999520480632782,0
r2,primary,test/geometry/477.json,126,0.15625,0.008268454112112522,0.9999665021896362,0,1,0.95,0.010090392548590899,0.035607218742370605,0.9999493360519409,0
r2,primary,test/geometry/477.json,127,0.16796875,0.007631352636963129,0.9999707937240601,0,1,1.0,0.009609277825802565,0.03167444467544556,0.9999539256095886,0
r2,primary,test/geometry/477.json,128,0.125,0.009178322739899158,0.9999585151672363,0,1,1.0,0.009675046894699335,0.0316888689994812,0.999953418970108,0
r2,stress,test/geometry/702.json,0,0.2578125,0.020789016038179398,0.9997854232788086,0,1,1.0,0.013048622291535139,0.08442991226911545,0.9999150633811951,0
r2,stress,test/geometry/702.json,1,0.25,0.01359633170068264,0.9999101758003235,0,1,1.0,0.013018451631069183,0.08345875144004822,0.9999154508113861,0
r2,stress,test/geometry/702.json,2,0.21875,0.011078882962465286,0.99993896484375,0,1,1.0,0.012812080793082714,0.08242421597242355,0.9999188780784607,0
r2,stress,test/geometry/702.json,3,0.1875,0.009881161153316498,0.9999567866325378,0,1,1.0,0.012756110168993473,0.08221209794282913,0.999919056892395,0
r2,stress,test/geometry/702.json,4,0.3125,0.013339650817215443,0.9999110102653503,0,1,0.95,0.01226002536714077,0.08211445063352585,0.9999264776706696,0
r2,stress,test/geometry/702.json,5,0.1875,0.010467294603586197,0.9999459385871887,0,1,1.0,0.012330512050539255,0.08179169148206711,0.9999243915081024,0
r2,stress,test/geometry/702.json,6,0.1875,0.008294994942843914,0.9999659061431885,0,1,1.0,0.011902705766260624,0.08220666646957397,0.999929666519165,0
r2,stress,test/geometry/702.json,7,0.144775390625,0.012521039694547653,0.9999268651008606,0,1,1.0,0.011549882125109434,0.08149926364421844,0.9999334812164307,0
r2,stress,test/geometry/702.json,8,0.21875,0.009628599509596825,0.999954342842102,0,1,1.0,0.011648236773908138,0.07979527860879898,0.9999328553676605,0
r2,stress,test/geometry/702.json,9,0.15625,0.008690038695931435,0.9999654293060303,0,1,1.0,0.011607276741415262,0.07982926070690155,0.9999326765537262,0
r2,stress,test/geometry/702.json,10,0.203125,0.008665768429636955,0.9999669194221497,0,1,1.0,0.011542381253093481,0.07989779114723206,0.9999336004257202,0
r2,stress,test/geometry/702.json,11,0.125,0.0067313360050320625,0.9999774694442749,0,1,0.95,0.011483525391668081,0.07990103960037231,0.999934583902359,0
r2,stress,test/geometry/702.json,12,0.25,0.009122692979872227,0.9999606013298035,0,1,1.0,0.011301307007670403,0.07979434728622437,0.9999367892742157,0
r2,stress,test/geometry/702.json,13,0.25,0.009481738321483135,0.9999586939811707,0,1,0.95,0.011000903323292732,0.07914149016141891,0.9999399483203888,0
r2,stress,test/geometry/702.json,14,0.1875,0.01301767397671938,0.9999368190765381,0,1,0.95,0.011074702255427837,0.07939113676548004,0.9999399185180664,0
r2,stress,test/geometry/702.json,15,0.1875,0.009682625532150269,0.9999531507492065,0,1,1.0,0.0109617137350142,0.07902421057224274,0.9999402761459351,0
r2,stress,test/geometry/702.json,16,0.1875,0.008615794591605663,0.9999631643295288,0,1,0.95,0.010859915520995855,0.07856996357440948,0.9999419152736664,0
r2,stress,test/geometry/702.json,17,0.125,0.00987569335848093,0.9999539852142334,0,1,1.0,0.010781480930745602,0.07840517163276672,0.9999427497386932,0
r2,stress,test/geometry/702.json,18,0.25,0.011150565929710865,0.9999449849128723,0,1,1.0,0.01075535174459219,0.07825179398059845,0.9999431371688843,0
r2,stress,test/geometry/702.json,19,0.15625,0.006934177130460739,0.9999790787696838,0,1,1.0,0.010825126897543669,0.07855594903230667,0.9999426603317261,0
r2,stress,test/geometry/702.json,20,0.1953125,0.006899663247168064,0.9999768733978271,0,1,1.0,0.01139829820021987,0.07845678180456161,0.9999365210533142,0
r2,stress,test/geometry/702.json,21,0.125,0.0069597819820046425,0.9999758005142212,0,1,1.0,0.01120350742712617,0.07843601703643799,0.9999383389949799,0
r2,stress,test/geometry/702.json,22,0.25,0.014364687725901604,0.9998977780342102,0,1,1.0,0.01125996420159936,0.07827223837375641,0.9999375939369202,0
r2,stress,test/geometry/702.json,23,0.15625,0.007828479632735252,0.9999741911888123,0,1,1.0,0.011415641289204359,0.07884486019611359,0.999936044216156,0
r2,stress,test/geometry/702.json,24,0.28125,0.009221349842846394,0.9999576807022095,0,1,0.95,0.01171153737232089,0.07879365980625153,0.9999324083328247,0
r2,stress,test/geometry/702.json,25,0.28125,0.008680959232151508,0.9999648928642273,0,1,1.0,0.011508780997246504,0.07876987755298615,0.9999345541000366,0
r2,stress,test/geometry/702.json,26,0.390625,0.01036418043076992,0.9999467134475708,0,1,1.0,0.011615782510489225,0.07886987924575806,0.9999342858791351,0
r2,stress,test/geometry/702.json,27,0.4140625,0.010025398805737495,0.9999528527259827,0,1,1.0,0.011419378221035004,0.07959537953138351,0.999936431646347,0
r2,stress,test/geometry/702.json,28,0.234375,0.010483012534677982,0.9999450445175171,0,1,1.0,0.011429811362177134,0.07929489016532898,0.9999361038208008,0
r2,stress,test/geometry/702.json,29,0.25,0.011293153278529644,0.9999381899833679,0,1,1.0,0.011613464448601007,0.07938306033611298,0.9999338388442993,0
r2,stress,test/geometry/702.json,30,0.125,0.006345455069094896,0.9999800324440002,0,1,1.0,0.01153494231402874,0.07919832319021225,0.9999347925186157,0
r2,stress,test/geometry/702.json,31,0.25,0.010377593338489532,0.9999484419822693,0,1,0.95,0.01165412412956357,0.07911918312311172,0.9999333024024963,0
r2,stress,test/geometry/702.json,32,0.15625,0.009700971655547619,0.999962329864502,0,1,1.0,0.011594390496611595,0.07854792475700378,0.999934047460556,0
r2,stress,test/geometry/702.json,33,0.1875,0.012557294219732285,0.9999237060546875,0,1,1.0,0.01186774019151926,0.07822352647781372,0.99993035197258,0
r2,stress,test/geometry/702.json,34,0.15625,0.006420569960027933,0.9999797344207764,0,1,1.0,0.012005485594272614,0.07791867107152939,0.9999283850193024,0
r2,stress,test/geometry/702.json,35,0.125,0.006506334058940411,0.9999814629554749,0,1,1.0,0.011838961392641068,0.07794021815061569,0.9999315142631531,0
r2,stress,test/geometry/702.json,36,0.140625,0.00780741311609745,0.9999731779098511,0,1,1.0,0.011649888474494219,0.07801035046577454,0.999933511018753,0
r2,stress,test/geometry/702.json,37,0.15625,0.0059439497999846935,0.9999833106994629,0,1,1.0,0.011692292522639036,0.07799024879932404,0.9999342262744904,0
r2,stress,test/geometry/702.json,38,0.125,0.007560379803180695,0.9999731183052063,0,1,0.95,0.011196530424058437,0.07796981930732727,0.9999387562274933,0
r2,stress,test/geometry/702.json,39,0.125,0.007386170327663422,0.9999745488166809,0,1,1.0,0.011080533731728792,0.07797156274318695,0.9999397695064545,0
r2,stress,test/geometry/702.json,40,0.125,0.007338486611843109,0.9999746680259705,0,1,1.0,0.010963085107505322,0.0770154744386673,0.9999410212039948,0
r2,stress,test/geometry/702.json,41,0.1875,0.010986928828060627,0.9999396800994873,0,1,1.0,0.011068264488130808,0.07690022885799408,0.9999402463436127,0
r2,stress,test/geometry/702.json,42,0.15625,0.007437081076204777,0.9999730587005615,0,1,0.95,0.011054049711674452,0.07661335915327072,0.9999402761459351,0
r2,stress,test/geometry/702.json,43,0.25,0.008460321463644505,0.9999654293060303,0,1,1.0,0.011019413825124502,0.07640949636697769,0.9999406039714813,0
r2,stress,test/geometry/702.json,44,0.1875,0.015764977782964706,0.9998758435249329,0,1,1.0,0.01148456521332264,0.07529544085264206,0.999935120344162,0
r2,stress,test/geometry/702.json,45,0.140625,0.006966560613363981,0.999977171421051,0,1,1.0,0.011072962079197168,0.07438801974058151,0.99993896484375,0
r2,stress,test/geometry/702.json,46,0.140625,0.00883780512958765,0.99996417760849,0,1,1.0,0.011079901829361916,0.07482913136482239,0.9999390840530396,0
r2,stress,test/geometry/702.json,47,0.1328125,0.007675218861550093,0.9999760389328003,0,1,1.0,0.010463220067322254,0.07505279779434204,0.9999461472034454,0
r2,stress,test/geometry/702.json,48,0.16015625,0.006663796491920948,0.9999778866767883,0,1,1.0,0.010303032584488392,0.07490278780460358,0.9999479055404663,0
r2,stress,test/geometry/702.json,49,0.125,0.0066351816058158875,0.999978244304657,0,1,1.0,0.010149379726499319,0.07471480220556259,0.9999493658542633,0
r2,stress,test/geometry/702.json,50,0.15625,0.008916459046304226,0.9999663829803467,0,1,0.95,0.009995757602155209,0.0746566504240036,0.9999514818191528,0
r2,stress,test/geometry/702.json,51,0.15625,0.007964670658111572,0.9999702572822571,0,1,1.0,0.009910440538078547,0.07482235878705978,0.9999526143074036,0
r2,stress,test/geometry/702.json,52,0.125,0.006939651444554329,0.9999765753746033,0,1,1.0,0.010007502045482397,0.0746811032295227,0.9999502003192902,0
r2,stress,test/geometry/702.json,53,0.15625,0.01161474920809269,0.9999325275421143,0,1,1.0,0.009789752773940563,0.0734301283955574,0.999953031539917,0
r2,stress,test/geometry/702.json,54,0.125,0.00774172879755497,0.9999704957008362,0,1,0.95,0.00974345626309514,0.07335859537124634,0.9999542236328125,0
r2,stress,test/geometry/702.json,55,0.15625,0.010361718945205212,0.9999463558197021,0,1,1.0,0.009835442528128624,0.07343130558729172,0.9999530017375946,0
r2,stress,test/geometry/702.json,56,0.25,0.00564368674531579,0.9999841451644897,0,1,1.0,0.009681649971753359,0.07354724407196045,0.999955415725708,0
r2,stress,test/geometry/702.json,57,0.125,0.0065682148560881615,0.9999796152114868,0,1,1.0,0.009745415300130844,0.07351058721542358,0.9999527335166931,0
r2,stress,test/geometry/702.json,58,0.125,0.007028479594737291,0.9999771118164062,0,1,0.95,0.009851139970123768,0.07351802289485931,0.999953955411911,0
r2,stress,test/geometry/702.json,59,0.125,0.008172741159796715,0.9999666213989258,0,1,1.0,0.009840040002018213,0.07362094521522522,0.9999538064002991,0
r2,stress,test/geometry/702.json,60,0.1875,0.007339993491768837,0.9999733567237854,0,1,1.0,0.009726504795253277,0.07329121232032776,0.9999549984931946,0
r2,stress,test/geometry/702.json,61,0.15625,0.008799508213996887,0.9999629259109497,0,1,1.0,0.009548758156597614,0.07331953197717667,0.9999564588069916,0
r2,stress,test/geometry/702.json,62,0.1875,0.008856834843754768,0.9999608993530273,0,1,0.95,0.009569962043315172,0.07327621430158615,0.999956488609314,0
r2,stress,test/geometry/702.json,63,0.125,0.006423745770007372,0.9999803304672241,0,1,1.0,0.009699682705104351,0.07326559722423553,0.9999552369117737,0
r2,stress,test/geometry/702.json,64,0.125,0.008677306585013866,0.9999661445617676,0,1,1.0,0.009731099475175142,0.07321532070636749,0.9999542236328125,0
r2,stress,test/geometry/702.json,65,0.1875,0.007340488024055958,0.9999731779098511,0,1,1.0,0.009861485101282597,0.07332660257816315,0.9999529123306274,0
r2,stress,test/geometry/702.json,66,0.125,0.006064591463655233,0.9999818801879883,0,1,0.95,0.00968624884262681,0.07316691428422928,0.9999550580978394,0
r2,stress,test/geometry/702.json,67,0.125,0.01169500034302473,0.9999317526817322,0,1,1.0,0.009413258638232946,0.07300606369972229,0.9999566078186035,0
r2,stress,test/geometry/702.json,68,0.25,0.012233768589794636,0.9999251961708069,0,1,1.0,0.009407284669578075,0.0728301852941513,0.9999569952487946,0
r2,stress,test/geometry/702.json,69,0.203125,0.015974631533026695,0.9998749494552612,0,1,0.95,0.009188191499561071,0.07282713800668716,0.9999583065509796,0
r2,stress,test/geometry/702.json,70,0.125,0.005503803491592407,0.9999867677688599,0,1,1.0,0.009151145815849304,0.07267704606056213,0.9999583661556244,0
r2,stress,test/geometry/702.json,71,0.125,0.006221164483577013,0.9999850988388062,0,1,1.0,0.009385345503687859,0.07281377166509628,0.9999559819698334,0
r2,stress,test/geometry/702.json,72,0.125,0.006067069713026285,0.9999821782112122,0,1,1.0,0.009345221798866987,0.0728064700961113,0.9999565482139587,0
r2,stress,test/geometry/702.json,73,0.15625,0.0067477114498615265,0.9999801516532898,0,1,1.0,0.009998006746172905,0.07276369631290436,0.99995157122612,0
r2,stress,test/geometry/702.json,74,0.125,0.007258053403347731,0.9999799132347107,0,1,1.0,0.009626351296901703,0.07268072664737701,0.9999550879001617,0
r2,stress,test/geometry/702.json,75,0.125,0.006118724588304758,0.9999821186065674,0,1,1.0,0.009655782487243414,0.0727466270327568,0.999954491853714,0
r2,stress,test/geometry/702.json,76,1.0,0.03327494114637375,0.9994489550590515,0,1,1.0,0.009918853174895048,0.07259787619113922,0.9999520778656006,0
r2,stress,test/geometry/702.json,77,0.125,0.00694376090541482,0.9999769330024719,0,1,1.0,0.010283365845680237,0.07321720570325851,0.9999476075172424,0
r2,stress,test/geometry/702.json,78,0.21875,0.012303750962018967,0.9999268054962158,0,1,1.0,0.010194138158112764,0.0730893686413765,0.9999484419822693,0
r2,stress,test/geometry/702.json,79,0.1875,0.0120354313403368,0.9999293088912964,0,1,1.0,0.010011727456003428,0.07285098731517792,0.9999500513076782,0
r2,stress,test/geometry/702.json,80,0.134765625,0.006331087090075016,0.9999800324440002,0,1,1.0,0.009973598644137383,0.0728253573179245,0.9999504685401917,0
r2,stress,test/geometry/702.json,81,0.1015625,0.007026223465800285,0.9999772906303406,0,1,1.0,0.010002176277339458,0.07291039079427719,0.9999505579471588,0
r2,stress,test/geometry/702.json,82,0.125,0.007179363165050745,0.9999744892120361,0,1,1.0,0.010026973206549883,0.07287608087062836,0.9999502897262573,0
r2,stress,test/geometry/702.json,83,0.15625,0.007185863796621561,0.9999770522117615,0,1,1.0,0.00990888848900795,0.07286125421524048,0.9999515116214752,0
r2,stress,test/geometry/702.json,84,0.125,0.006614016368985176,0.9999791979789734,0,1,0.9,0.009891757275909185,0.07283225655555725,0.9999516308307648,0
r2,stress,test/geometry/702.json,85,0.1875,0.011127645149827003,0.9999570250511169,0,1,1.0,0.010017792228609324,0.07282225787639618,0.9999509453773499,0
r2,stress,test/geometry/702.json,86,1.212890625,0.03989904373884201,0.9992067813873291,0,1,0.95,0.009927535895258188,0.07310408353805542,0.9999511241912842,0
r2,stress,test/geometry/702.json,87,0.1875,0.009419341571629047,0.9999591112136841,0,1,1.0,0.009874256327748299,0.0723390132188797,0.9999515414237976,0
r2,stress,test/geometry/702.json,88,0.15625,0.008590999990701675,0.9999654293060303,0,1,1.0,0.00988697586581111,0.07235720753669739,0.9999515116214752,0
r2,stress,test/geometry/702.json,89,0.25,0.011945829726755619,0.9999321699142456,0,1,0.95,0.009886444080621004,0.07234740257263184,0.9999514520168304,0
r2,stress,test/geometry/702.json,90,0.15625,0.006191193126142025,0.9999830722808838,0,1,1.0,0.009767339564859867,0.07230684906244278,0.9999525845050812,0
r2,stress,test/geometry/702.json,91,0.25,0.009065086953341961,0.9999589920043945,0,1,1.0,0.009827773086726665,0.07235953211784363,0.9999527335166931,0
r2,stress,test/geometry/702.json,92,0.125,0.0062564667314291,0.999980628490448,0,1,1.0,0.009973302483558655,0.07231967151165009,0.999951034784317,0
r2,stress,test/geometry/702.json,93,0.15625,0.006855415180325508,0.9999779462814331,0,1,0.95,0.009901146404445171,0.07229611277580261,0.9999512135982513,0
r2,stress,test/geometry/702.json,94,0.1875,0.011754501610994339,0.9999713897705078,0,1,1.0,0.00999292777851224,0.07226866483688354,0.9999507367610931,0
r2,stress,test/geometry/702.json,95,0.875,0.029722057282924652,0.99955815076828,0,1,0.95,0.010484204161912203,0.07214747369289398,0.9999452531337738,0
r2,stress,test/geometry/702.json,96,0.46875,0.022136949002742767,0.9997565150260925,0,1,0.95,0.010289500001817942,0.07269947975873947,0.9999483823776245,0
r2,stress,test/geometry/702.json,97,0.125,0.007267345674335957,0.9999750852584839,0,1,0.95,0.01044527580961585,0.07250897586345673,0.9999467134475708,0
r2,stress,test/geometry/702.json,98,0.09375,0.0054465970024466515,0.9999852180480957,0,1,1.0,0.010392028372734785,0.0725129097700119,0.9999471604824066,0
r2,stress,test/geometry/702.json,99,0.25,0.007884236052632332,0.9999690651893616,0,1,1.0,0.010426613036543131,0.07250603288412094,0.9999465048313141,0
r2,stress,test/geometry/702.json,100,0.28076171875,0.013583946973085403,0.9999220967292786,0,1,1.0,0.010059697087854147,0.07238408923149109,0.9999496042728424,0
r2,stress,test/geometry/702.json,101,0.25,0.006183752324432135,0.999981164932251,0,1,1.0,0.010122220031917095,0.07244673371315002,0.999949187040329,0
r2,stress,test/geometry/702.json,102,1.15234375,0.03879755362868309,0.9992493391036987,0,1,0.95,0.010353822726756334,0.07215189188718796,0.9999470412731171,0
r2,stress,test/geometry/702.json,103,0.78125,0.02840440906584263,0.9996158480644226,0,1,1.0,0.014930493663996458,0.07354844361543655,0.9998892843723297,0
r2,stress,test/geometry/702.json,104,0.375,0.01276303455233574,0.9999191164970398,0,1,0.95,0.016404202207922935,0.07348790019750595,0.9998658001422882,0
r2,stress,test/geometry/702.json,105,0.21875,0.009186523966491222,0.9999656081199646,0,1,1.0,0.015238297637552023,0.07345448434352875,0.9998839795589447,0
r2,stress,test/geometry/702.json,106,0.625,0.02809484489262104,0.9996052980422974,0,1,0.95,0.015117855742573738,0.07345284521579742,0.9998859465122223,0
r2,stress,test/geometry/702.json,107,0.671875,0.03620069473981857,0.999428391456604,0,1,1.0,0.015809498727321625,0.0757666826248169,0.9998751878738403,0
r2,stress,test/geometry/702.json,108,0.171875,0.008591418154537678,0.999963104724884,0,1,1.0,0.015535430051386356,0.07409872114658356,0.9998794496059418,0
r2,stress,test/geometry/702.json,109,0.28125,0.01139899156987667,0.999938428401947,0,1,1.0,0.013912621419876814,0.07381276786327362,0.9999032616615295,0
r2,stress,test/geometry/702.json,110,0.25,0.013257946819067001,0.9999122023582458,0,1,0.95,0.012926878407597542,0.07379727065563202,0.9999165832996368,0
r2,stress,test/geometry/702.json,111,0.1875,0.009275185875594616,0.9999570846557617,0,1,1.0,0.012622969690710306,0.0735815092921257,0.9999204277992249,0
r2,stress,test/geometry/702.json,112,0.25,0.01219281367957592,0.9999257922172546,0,1,0.95,0.012460855301469564,0.07357120513916016,0.9999224245548248,0
r2,stress,test/geometry/702.json,113,0.15625,0.009000716730952263,0.9999611973762512,0,1,0.95,0.012342833448201418,0.07334698736667633,0.9999238848686218,0
r2,stress,test/geometry/702.json,114,0.1640625,0.00696802232414484,0.9999785423278809,0,1,1.0,0.012243431992828846,0.07336334139108658,0.9999251663684845,0
r2,stress,test/geometry/702.json,115,0.15625,0.008674567565321922,0.9999628067016602,0,1,1.0,0.01220706570893526,0.0732041597366333,0.9999257326126099,0
r2,stress,test/geometry/702.json,116,0.15625,0.006951958406716585,0.999975860118866,0,1,1.0,0.012249516323208809,0.07319250702857971,0.9999252259731293,0
r2,stress,test/geometry/702.json,117,0.140625,0.007026003673672676,0.9999764561653137,0,1,0.95,0.012191100977361202,0.0730588510632515,0.9999260008335114,0
r2,stress,test/geometry/702.json,118,0.3125,0.007490070536732674,0.999974250793457,0,1,1.0,0.012196364812552929,0.07305772602558136,0.9999258518218994,0
r2,stress,test/geometry/702.json,119,0.1328125,0.008521038107573986,0.9999733567237854,0,1,0.95,0.012193693313747644,0.07296919822692871,0.9999257624149323,0
r2,stress,test/geometry/702.json,120,0.1875,0.007596771232783794,0.9999712109565735,0,1,1.0,0.012111237272620201,0.07299332320690155,0.9999270141124725,0
r2,stress,test/geometry/702.json,121,0.15625,0.008234602399170399,0.9999664425849915,0,1,0.95,0.011936702765524387,0.07297807186841965,0.9999290704727173,0
r2,stress,test/geometry/702.json,122,0.1875,0.01123360451310873,0.9999386668205261,0,1,1.0,0.011953289154917002,0.07330344617366791,0.999928742647171,0
r2,stress,test/geometry/702.json,123,0.1875,0.010546558536589146,0.9999446272850037,0,1,1.0,0.011921762954443693,0.07327299565076828,0.9999289512634277,0
r2,stress,test/geometry/702.json,124,0.1640625,0.00963553786277771,0.9999539852142334,0,1,1.0,0.011866094544529915,0.07301971316337585,0.999929815530777,0
r2,stress,test/geometry/702.json,125,0.25,0.010980835184454918,0.9999406933784485,0,1,1.0,0.011829536408185959,0.07309236377477646,0.9999301433563232,0
r2,stress,test/geometry/702.json,126,0.3125,0.012897999957203865,0.999917209148407,0,1,1.0,0.01179094472900033,0.0727534294128418,0.9999307692050934,0
r2,stress,test/geometry/702.json,127,0.25,0.010968644171953201,0.9999400973320007,0,1,1.0,0.011751653160899878,0.07254678010940552,0.999931275844574,0
r2,stress,test/geometry/702.json,128,0.25,0.014022471383213997,0.9999018311500549,0,1,1.0,0.011853951960802078,0.07263988256454468,0.9999300539493561,0
r2,stress,test/geometry/702.json,129,0.1484375,0.009252093732357025,0.9999594688415527,0,1,0.9,0.011718426365405321,0.07256589084863663,0.9999315142631531,0
r2,stress,test/geometry/702.json,130,0.125,0.008975800126791,0.9999600648880005,0,1,1.0,0.011578939855098724,0.07264167070388794,0.9999334514141083,0
r2,stress,test/geometry/702.json,131,0.234375,0.009072710759937763,0.9999624490737915,0,1,1.0,0.011538144201040268,0.07274073362350464,0.9999338090419769,0
r2,stress,test/geometry/702.json,132,0.3125,0.014983241446316242,0.9998946189880371,0,1,1.0,0.011341976467519999,0.07272382080554962,0.9999359548091888,0
r2,stress,test/geometry/702.json,133,0.375,0.011561267077922821,0.9999340176582336,0,1,1.0,0.011250614188611507,0.0725577175617218,0.9999370872974396,0
r2,stress,test/geometry/702.json,134,0.1279296875,0.007461623754352331,0.9999724626541138,0,1,1.0,0.0112608945928514,0.07251670956611633,0.9999368488788605,0
r2,stress,test/geometry/702.json,135,0.1416015625,0.0066606756299734116,0.9999778866767883,0,1,1.0,0.011279127560555935,0.07261457294225693,0.9999367892742157,0
r2,stress,test/geometry/702.json,136,0.1875,0.011030844412744045,0.9999460577964783,0,1,1.0,0.011183245573192835,0.07258215546607971,0.9999379515647888,0
r2,stress,test/geometry/702.json,137,0.140625,0.008848553523421288,0.999962568283081,0,1,1.0,0.011173711158335209,0.0725037157535553,0.9999379217624664,0
r2,stress,test/geometry/702.json,138,0.125,0.006293846294283867,0.9999819397926331,0,1,0.95,0.011178578715771437,0.0725303441286087,0.9999378323554993,0
r2,stress,test/geometry/702.json,139,0.203125,0.00842533353716135,0.9999650120735168,0,1,0.95,0.011129873339086771,0.07253798842430115,0.9999383687973022,0
r2,stress,test/geometry/702.json,140,0.53125,0.01398525107651949,0.999907910823822,0,1,1.0,0.011243774555623531,0.072467140853405,0.9999370276927948,0
r2,stress,test/geometry/702.json,141,0.375,0.01582508347928524,0.9998791813850403,0,1,1.0,0.011123900767415762,0.07242618501186371,0.9999384880065918,0
r2,stress,test/geometry/702.json,142,0.3125,0.012563863769173622,0.999923586845398,0,1,1.0,0.011071740183979273,0.07231460511684418,0.9999389350414276,0
r2,stress,test/geometry/702.json,143,0.15625,0.0076152486726641655,0.9999740123748779,0,1,1.0,0.011106562335044146,0.07218223810195923,0.9999386370182037,0
r2,stress,test/geometry/702.json,144,0.25,0.010175606235861778,0.9999496340751648,0,1,1.0,0.011094990186393261,0.07237064838409424,0.9999386668205261,0
r2,stress,test/geometry/702.json,145,0.1953125,0.011689046397805214,0.9999348521232605,0,1,1.0,0.011116544250398874,0.07229989022016525,0.9999383389949799,0
r2,stress,test/geometry/702.json,146,0.15625,0.008573658764362335,0.9999648332595825,0,1,1.0,0.011072715278714895,0.07229010760784149,0.9999388456344604,0
r2,stress,test/geometry/702.json,147,0.25,0.006775956135243177,0.9999776482582092,0,1,1.0,0.011035227682441473,0.07231418788433075,0.9999392926692963,0
r2,stress,test/geometry/702.json,148,0.134765625,0.012499194592237473,0.9999248385429382,0,1,1.0,0.011075301095843315,0.07276420295238495,0.9999388754367828,0
r2,stress,test/geometry/702.json,149,0.1875,0.009091123007237911,0.9999635815620422,0,1,1.0,0.011049031279981136,0.07275007665157318,0.9999392330646515,0
r2,stress,test/geometry/702.json,150,0.15625,0.008404337801039219,0.9999665021896362,0,1,1.0,0.011030933354049921,0.07263629138469696,0.999939501285553,0
r2,stress,test/geometry/702.json,151,0.1875,0.009053580462932587,0.9999628067016602,0,1,0.95,0.010969480033963919,0.07253189384937286,0.9999400675296783,0
r2,stress,test/geometry/702.json,152,0.1494140625,0.010124076157808304,0.9999493360519409,0,1,1.0,0.010957954917103052,0.07248137891292572,0.9999402761459351,0
r2,stress,test/geometry/702.json,153,0.1640625,0.012225574813783169,0.9999257922172546,0,1,1.0,0.010866549331694841,0.07250551879405975,0.9999410510063171,0
r2,stress,test/geometry/702.json,154,0.140625,0.006640015169978142,0.9999779462814331,0,1,1.0,0.010871554259210825,0.07249763607978821,0.9999411702156067,0
r2,stress,test/geometry/702.json,155,0.1875,0.0058256168849766254,0.9999831318855286,0,1,1.0,0.010829072445631027,0.07247927039861679,0.9999415874481201,0
r2,stress,test/geometry/702.json,156,0.6875,0.016985198482871056,0.9998564124107361,0,1,1.0,0.011022014077752829,0.07247711718082428,0.9999395906925201,0
r2,stress,test/geometry/702.json,157,0.1328125,0.007099759299308062,0.9999762177467346,0,1,1.0,0.011116993613541126,0.07241050899028778,0.999938428401947,0
r2,stress,test/geometry/702.json,158,0.1875,0.01019692700356245,0.999948263168335,0,1,0.95,0.011021025013178587,0.07233700156211853,0.9999395310878754,0
r2,stress,test/geometry/702.json,159,0.25,0.013262319378554821,0.9999134540557861,0,1,1.0,0.010951658710837364,0.07218476384878159,0.9999402761459351,0
r2,stress,test/geometry/702.json,160,0.13671875,0.010168683715164661,0.9999534487724304,0,1,1.0,0.010917683597654104,0.07219190150499344,0.9999406337738037,0
r2,stress,test/geometry/702.json,161,0.25,0.008954867720603943,0.9999677538871765,0,1,1.0,0.010907978285104036,0.07219482213258743,0.9999408423900604,0
r2,stress,test/geometry/702.json,162,0.15625,0.008309700526297092,0.9999743700027466,0,1,1.0,0.010887944605201483,0.07227291166782379,0.9999410510063171,0
r2,stress,test/geometry/702.json,163,0.15625,0.01000357698649168,0.9999510049819946,0,1,1.0,0.010926215443760157,0.07226955890655518,0.9999406933784485,0
r2,stress,test/geometry/702.json,164,0.2109375,0.013293765485286713,0.9999232888221741,0,1,1.0,0.010946709662675858,0.07217191159725189,0.999940425157547,0
r2,stress,test/geometry/702.json,165,0.158203125,0.008465484715998173,0.9999644756317139,0,1,1.0,0.010909324046224356,0.07215164601802826,0.9999409317970276,0
r2,stress,test/geometry/702.json,166,0.140625,0.006524453870952129,0.999984085559845,0,1,1.0,0.010943832341581583,0.07218471169471741,0.9999403953552246,0
r2,stress,test/geometry/702.json,167,0.46875,0.015900351107120514,0.9998782277107239,0,1,1.0,0.010940686333924532,0.07210876047611237,0.9999406039714813,0
r2,stress,test/geometry/702.json,168,0.19970703125,0.007296992931514978,0.9999750852584839,0,1,1.0,0.01095843967050314,0.07224631309509277,0.9999402761459351,0
r2,stress,test/geometry/702.json,169,0.15625,0.007862705737352371,0.9999691843986511,0,1,1.0,0.0109889623709023,0.07224968075752258,0.9999396800994873,0
r2,stress,test/geometry/702.json,170,0.171875,0.010453661903738976,0.9999567270278931,0,1,1.0,0.010939499363303185,0.07220815122127533,0.9999403357505798,0
r2,stress,test/geometry/702.json,171,0.25,0.010921156033873558,0.9999406337738037,0,1,1.0,0.010947720147669315,0.07222771644592285,0.9999401271343231,0
r2,stress,test/geometry/702.json,172,0.1875,0.015551742166280746,0.9998925924301147,0,1,1.0,0.010942784138023853,0.07223853468894958,0.9999403059482574,0
r2,stress,test/geometry/702.json,173,0.1875,0.007153113838285208,0.999978244304657,0,1,1.0,0.01091749407351017,0.07223550975322723,0.9999406337738037,0
r2,stress,test/geometry/702.json,174,0.1875,0.007395091466605663,0.9999772310256958,0,1,0.95,0.010952613782137632,0.07221253216266632,0.9999402165412903,0
r2,stress,test/geometry/702.json,175,2.4375,0.044919051229953766,0.9990310668945312,0,1,0.95,0.011825621128082275,0.07216636836528778,0.9999301433563232,0
r2,stress,test/geometry/702.json,176,0.15625,0.007214537356048822,0.9999746680259705,0,1,1.0,0.012422231491655111,0.07230491191148758,0.9999229311943054,0
r2,stress,test/geometry/702.json,177,0.15625,0.008530980907380581,0.9999642372131348,0,1,1.0,0.01189438160508871,0.07225636392831802,0.9999293684959412,0
r2,stress,test/geometry/702.json,178,0.1875,0.01468801498413086,0.99989253282547,0,1,1.0,0.011695042718201876,0.07219472527503967,0.9999315142631531,0
r2,stress,test/geometry/702.json,179,0.65625,0.041323889046907425,0.9991743564605713,0,1,1.0,0.012160062789916992,0.07220015674829483,0.9999263286590576,0
r2,stress,test/geometry/702.json,180,0.171875,0.008074727840721607,0.9999674558639526,0,1,1.0,0.01241541188210249,0.07203048467636108,0.9999228417873383,0
r2,stress,test/geometry/702.json,181,0.25,0.00806512963026762,0.9999712109565735,0,1,1.0,0.011788967531174421,0.0720113068819046,0.9999306201934814,0
r2,stress,test/geometry/702.json,182,0.140625,0.012082953006029129,0.9999315738677979,0,1,0.95,0.011784363072365522,0.07199037075042725,0.9999308884143829,0
r2,stress,test/geometry/702.json,183,0.140625,0.007673467975109816,0.999975323677063,0,1,1.0,0.011590950656682253,0.07185970991849899,0.9999328553676605,0
r2,stress,test/geometry/702.json,184,0.125,0.005713408812880516,0.9999842047691345,0,1,1.0,0.011717624496668577,0.07180549949407578,0.9999315142631531,0
r2,stress,test/geometry/702.json,185,0.25,0.01208400446921587,0.9999282360076904,0,1,1.0,0.011607884429395199,0.07178489863872528,0.9999328553676605,0
r2,stress,test/geometry/702.json,186,0.15625,0.00768930371850729,0.9999703764915466,0,1,1.0,0.0115650724619627,0.07169833779335022,0.9999332129955292,0
r2,stress,test/geometry/702.json,187,0.1875,0.009140994399785995,0.9999661445617676,0,1,1.0,0.011455385480076075,0.0716920793056488,0.9999345242977142,0
r2,stress,test/geometry/702.json,188,0.12890625,0.007938326336443424,0.9999693036079407,0,1,1.0,0.011398408561944962,0.07164313644170761,0.9999352097511292,0
r2,stress,test/geometry/702.json,189,0.375,0.017834464088082314,0.999841034412384,0,1,1.0,0.01148261595517397,0.07159259915351868,0.999934196472168,0
r2,stress,test/geometry/702.json,190,0.25,0.011399051174521446,0.9999351501464844,0,1,1.0,0.011352305766195059,0.07203987240791321,0.999935656785965,0
r2,stress,test/geometry/702.json,191,0.1875,0.008379971608519554,0.999970555305481,0,1,1.0,0.011308716144412756,0.0719994381070137,0.9999361038208008,0
r2,stress,test/geometry/702.json,192,0.1875,0.006319820415228605,0.9999800324440002,0,1,1.0,0.01128259114921093,0.07198634743690491,0.9999365210533142,0
r2,stress,test/geometry/702.json,193,0.34375,0.023676829412579536,0.9997777342796326,0,1,0.95,0.011362630408257246,0.07195421308279037,0.9999356865882874,0
r2,stress,test/geometry/702.json,194,0.15625,0.007529544178396463,0.9999756217002869,0,1,1.0,0.011215686798095703,0.0716303288936615,0.9999373853206635,0
r2,stress,test/geometry/702.json,195,0.1875,0.009435067884624004,0.9999578595161438,0,1,0.95,0.011166093870997429,0.07147964835166931,0.9999378323554993,0
r2,stress,test/geometry/702.json,196,0.1875,0.01581188105046749,0.9998760223388672,0,1,0.95,0.011086359154433012,0.07147901505231857,0.9999387264251709,0
r2,stress,test/geometry/702.json,197,0.375,0.013982687145471573,0.9999038577079773,0,1,1.0,0.01131184957921505,0.07143454253673553,0.9999362528324127,0
r2,stress,test/geometry/702.json,198,0.1875,0.007953890599310398,0.9999686479568481,0,1,1.0,0.011672141030430794,0.07128453254699707,0.9999321401119232,0
r2,stress,test/geometry/702.json,199,0.1875,0.006704001221805811,0.9999780654907227,0,1,0.95,0.011394415516406298,0.07131914794445038,0.9999353587627411,0
r2,stress,test/geometry/702.json,200,0.25,0.015270981006324291,0.999925434589386,0,1,1.0,0.011329797096550465,0.07131290435791016,0.9999359548091888,0
r2,stress,test/geometry/702.json,201,0.15625,0.010448978282511234,0.9999464154243469,0,1,1.0,0.01135283662006259,0.07134541869163513,0.9999355673789978,0
r2,stress,test/geometry/702.json,202,0.14453125,0.008031890727579594,0.9999741315841675,0,1,1.0,0.011336814146488905,0.07134102284908295,0.9999357759952545,0
r2,stress,test/geometry/702.json,203,0.875,0.027539793401956558,0.9996910691261292,0,1,0.95,0.012832523323595524,0.07131905108690262,0.9999177157878876,0
r2,stress,test/geometry/702.json,204,4.03125,0.13168993592262268,0.9927928447723389,0,1,0.9,0.01603203546255827,0.0704771876335144,0.9998709261417389,0
r2,stress,test/geometry/702.json,205,0.2421875,0.010079318657517433,0.9999492168426514,0,1,1.0,0.015172214712947607,0.07097652554512024,0.9998849630355835,0
r2,stress,test/geometry/702.json,206,0.265625,0.009102650918066502,0.9999654293060303,0,1,0.95,0.014026504941284657,0.07095655798912048,0.9999018609523773,0
r2,stress,test/geometry/702.json,207,0.1875,0.009643121622502804,0.9999613165855408,0,1,1.0,0.01336404262110591,0.07086077332496643,0.9999109208583832,0
r2,stress,test/geometry/702.json,208,0.71875,0.019730916246771812,0.9998080134391785,0,1,1.0,0.013265527784824371,0.07084252685308456,0.9999121725559235,0
r2,stress,test/geometry/702.json,209,0.1875,0.013729170896112919,0.9999080300331116,0,1,1.0,0.013122232165187597,0.07075883448123932,0.9999139308929443,0
r2,stress,test/geometry/702.json,210,0.1875,0.008498916402459145,0.9999745488166809,0,1,1.0,0.012938083615154028,0.07073374092578888,0.999916285276413,0
r2,stress,test/geometry/702.json,211,0.1875,0.008219004608690739,0.9999674558639526,0,1,1.0,0.01279489416629076,0.07071440666913986,0.9999180138111115,0
r2,stress,test/geometry/702.json,212,0.59375,0.019911060109734535,0.9998033046722412,0,1,1.0,0.013278786558657885,0.0707869678735733,0.9999119341373444,0
r2,stress,test/geometry/702.json,213,0.24169921875,0.008820457383990288,0.9999611973762512,0,1,1.0,0.012903451453894377,0.07060645520687103,0.9999165534973145,0
r2,stress,test/geometry/702.json,214,0.234375,0.008576741442084312,0.9999662041664124,0,1,1.0,0.012265793979167938,0.07059915363788605,0.9999250173568726,0
r2,stress,test/geometry/702.json,215,0.359375,0.01588081195950508,0.9998742341995239,0,1,1.0,0.01182960020378232,0.07051181048154831,0.9999301135540009,0
r2,stress,test/geometry/702.json,216,0.25,0.016916638240218163,0.9998570680618286,0,1,0.95,0.011431528721004725,0.07050763815641403,0.9999350309371948,0
r2,stress,test/geometry/702.json,217,0.1875,0.00914695207029581,0.9999583959579468,0,1,1.0,0.011118995025753975,0.0702751874923706,0.9999384880065918,0
r2,stress,test/geometry/702.json,218,0.28125,0.015197228640317917,0.999885618686676,0,1,1.0,0.010976767167448997,0.07042369246482849,0.9999401271343231,0
r2,stress,test/geometry/702.json,219,0.28125,0.013943593949079514,0.9999027848243713,0,1,0.95,0.010894278530031443,0.0705052986741066,0.9999410212039948,0
r2,stress,test/geometry/702.json,220,0.25,0.013530433177947998,0.9999085068702698,0,1,0.95,0.010856569278985262,0.07023762911558151,0.9999414384365082,0
r2,stress,test/geometry/702.json,221,0.25,0.008021057583391666,0.999968409538269,0,1,1.0,0.010809887200593948,0.07022084295749664,0.9999418258666992,0
r2,stress,test/geometry/702.json,222,0.1875,0.009882394224405289,0.9999573230743408,0,1,1.0,0.010845149867236614,0.07020368427038193,0.9999415874481201,0
r2,stress,test/geometry/702.json,223,0.1468505859375,0.008191054686903954,0.9999665021896362,0,1,1.0,0.01077175559476018,0.07013001292943954,0.9999423623085022,0
r2,stress,test/geometry/702.json,224,0.203125,0.007833297364413738,0.9999714493751526,0,1,1.0,0.010686210822314024,0.07011884450912476,0.9999432265758514,0
r2,stress,test/geometry/702.json,225,0.126953125,0.007138194516301155,0.9999774098396301,0,1,1.0,0.010659786406904459,0.07009592652320862,0.9999434947967529,0
r2,stress,test/geometry/702.json,226,0.1875,0.007599974982440472,0.9999769330024719,0,1,1.0,0.010636147111654282,0.07010407745838165,0.9999437034130096,0
r2,stress,test/geometry/702.json,227,0.609375,0.02341568097472191,0.9997261166572571,0,1,1.0,0.010697783436626196,0.07004707306623459,0.9999427795410156,0
r2,stress,test/geometry/702.json,228,0.125,0.005750084295868874,0.9999834895133972,0,1,1.0,0.010706383269280195,0.07037215679883957,0.9999426901340485,0
r2,stress,test/geometry/702.json,229,0.125,0.006843120325356722,0.9999773502349854,0,1,1.0,0.010676841717213392,0.07033476233482361,0.9999430179595947,0
r2,stress,test/geometry/702.json,230,0.1875,0.00855320692062378,0.9999635815620422,0,1,0.95,0.010564399417489767,0.07031652331352234,0.9999442398548126,0
r2,stress,test/geometry/702.json,231,0.1875,0.01604999229311943,0.9999064803123474,0,1,1.0,0.010596691630780697,0.07029103487730026,0.9999440014362335,0
r2,stress,test/geometry/702.json,232,0.1875,0.005995583720505238,0.9999821782112122,0,1,1.0,0.010588458739221096,0.070297010242939,0.9999441504478455,0
r2,stress,test/geometry/702.json,233,0.265625,0.013613398186862469,0.9999080896377563,0,1,1.0,0.010723799467086792,0.07029404491186142,0.9999425411224365,0
r2,stress,test/geometry/702.json,234,0.1875,0.0065549686551094055,0.99997878074646,0,1,1.0,0.010723744053393602,0.07029739022254944,0.9999425411224365,0
r2,stress,test/geometry/702.json,235,0.1875,0.008107938803732395,0.9999715685844421,0,1,1.0,0.010723780374974012,0.07026515901088715,0.9999426603317261,0
r2,stress,test/geometry/702.json,236,0.234375,0.006476724985986948,0.9999794960021973,0,1,1.0,0.010696670971810818,0.07025402784347534,0.99994295835495,0
r2,stress,test/geometry/702.json,237,1.0,0.05402711406350136,0.9987617135047913,0,1,0.9,0.011925904080271721,0.07018549740314484,0.9999281167984009,0
r2,stress,test/geometry/702.json,238,0.46875,0.02099032886326313,0.9998122453689575,0,1,0.95,0.01137205632403493,0.07058963924646378,0.9999350607395172,0
r2,stress,test/geometry/702.json,239,0.1953125,0.010545472614467144,0.999944806098938,0,1,1.0,0.011295089963823557,0.07059445232152939,0.9999361038208008,0
r2,stress,test/geometry/702.json,240,0.189453125,0.009244578890502453,0.9999576210975647,0,1,1.0,0.010863531846553087,0.07065016776323318,0.9999409914016724,0
r2,stress,test/geometry/702.json,241,0.375,0.013516712002456188,0.9999086260795593,0,1,1.0,0.01057695085182786,0.0705181285738945,0.999944269657135,0
r2,stress,test/geometry/702.json,242,0.375,0.016601087525486946,0.9998622536659241,0,1,1.0,0.0106031633913517,0.07057134807109833,0.9999439120292664,0
r2,stress,test/geometry/702.json,243,0.1875,0.01386307179927826,0.9999236464500427,0,1,1.0,0.010546803940087557,0.07059065252542496,0.9999445676803589,0
r2,stress,test/geometry/702.json,244,0.15625,0.008076089434325695,0.9999674558639526,0,1,1.0,0.010624777060002089,0.07095453143119812,0.999943733215332,0
r2,stress,test/geometry/702.json,245,0.25,0.015159808099269867,0.9999108910560608,0,1,0.9,0.010591349098831415,0.07084520161151886,0.9999439716339111,0
r2,stress,test/geometry/702.json,246,0.140625,0.006888954434543848,0.9999784231185913,0,1,1.0,0.010421975515782833,0.07088086754083633,0.9999457001686096,0
r2,stress,test/geometry/702.json,247,0.75,0.0256540197879076,0.9996728301048279,0,1,1.0,0.010529110673815012,0.0708543211221695,0.9999444782733917,0
r2,stress,test/geometry/702.json,248,0.1875,0.007652281317859888,0.999972939491272,0,1,1.0,0.010580305010080338,0.07103138417005539,0.9999439120292664,0
r2,stress,test/geometry/702.json,249,1.0625,0.044317591935396194,0.9991562366485596,0,1,1.0,0.010761515703052282,0.0711108148097992,0.9999420344829559,0
r2,stress,test/geometry/702.json,250,0.21875,0.008051634766161442,0.9999694228172302,0,1,1.0,0.010835683904588223,0.07115110009908676,0.9999412596225739,0
r2,stress,test/geometry/702.json,251,0.1875,0.007368119899183512,0.9999748468399048,0,1,1.0,0.010634593665599823,0.07119537144899368,0.9999434947967529,0
r2,stress,test/geometry/702.json,252,0.125,0.006907524541020393,0.9999763369560242,0,1,1.0,0.010381055995821953,0.07110980153083801,0.999946117401123,0
r2,stress,test/geometry/702.json,253,0.25,0.01365162804722786,0.9999096393585205,0,1,1.0,0.010589676909148693,0.07097334414720535,0.9999439716339111,0
r2,stress,test/geometry/702.json,254,0.25,0.008944474160671234,0.9999600648880005,0,1,1.0,0.010610394179821014,0.07094825804233551,0.9999437928199768,0
r2,stress,test/geometry/702.json,255,0.25,0.005353802815079689,0.9999856948852539,0,1,1.0,0.010953752789646387,0.07090479880571365,0.999940037727356,0
r2,stress,test/geometry/702.json,256,0.125,0.005182754248380661,0.9999871253967285,0,1,1.0,0.010538495611399412,0.07092446833848953,0.9999445974826813,0
r2,stress,test/geometry/702.json,257,0.1875,0.008014087565243244,0.9999679923057556,0,1,1.0,0.010504149831831455,0.07084254920482635,0.9999450743198395,0
r2,stress,test/geometry/702.json,258,0.1875,0.008436734788119793,0.9999646544456482,0,1,1.0,0.010527635924518108,0.07090833783149719,0.9999446272850037,0
r2,stress,test/geometry/702.json,259,0.1875,0.010171028785407543,0.9999485611915588,0,1,1.0,0.01043289015069604,0.07087142765522003,0.9999457895755768,0
r2,stress,test/geometry/702.json,260,0.328125,0.013570458628237247,0.9999085068702698,0,1,1.0,0.010507192462682724,0.07085490226745605,0.9999449253082275,0
r2,stress,test/geometry/702.json,261,0.21875,0.01342526264488697,0.9999099373817444,0,1,1.0,0.010258686263114214,0.07052911818027496,0.9999475181102753,0
r2,stress,test/geometry/702.json,262,0.1875,0.00898066721856594,0.9999640583992004,0,1,1.0,0.010087389964610338,0.07068011164665222,0.9999492168426514,0
r2,stress,test/geometry/702.json,263,0.25,0.00783837866038084,0.9999692440032959,0,1,0.95,0.010021603666245937,0.07076872885227203,0.9999500215053558,0
r2,stress,test/geometry/702.json,264,0.1875,0.01378673780709505,0.9999207258224487,0,1,1.0,0.010080110747367144,0.07055544853210449,0.9999493360519409,0
r2,stress,test/geometry/702.json,265,0.15625,0.008683107793331146,0.999966561794281,0,1,1.0,0.010041373781859875,0.0703420490026474,0.9999496340751648,0
r2,stress,test/geometry/702.json,266,0.1875,0.006860227789729834,0.9999767541885376,0,1,1.0,0.010062252636998892,0.07033848017454147,0.9999495446681976,0
r2,stress,test/geometry/702.json,267,0.25,0.010966856963932514,0.9999398589134216,0,1,1.0,0.010085011832416058,0.07029009610414505,0.9999493956565857,0
r2,stress,test/geometry/702.json,268,0.1875,0.009337357245385647,0.9999567866325378,0,1,1.0,0.010259899776428938,0.07028225064277649,0.9999474883079529,0
r2,stress,test/geometry/702.json,269,0.1875,0.008108172565698624,0.9999683499336243,0,1,1.0,0.010016406420618296,0.07026267051696777,0.9999499022960663,0
r2,stress,test/geometry/702.json,270,0.1875,0.008274868130683899,0.9999668598175049,0,1,1.0,0.009999584406614304,0.0701957568526268,0.9999500215053558,0
r2,stress,test/geometry/702.json,271,0.328125,0.015183024108409882,0.9999005794525146,0,1,1.0,0.010180351790040731,0.07016003131866455,0.9999481439590454,0
r2,stress,test/geometry/702.json,272,0.1875,0.008514473214745522,0.9999639391899109,0,1,0.95,0.010106568690389395,0.06997792422771454,0.9999489784240723,0
r2,stress,test/geometry/702.json,273,0.25,0.008662920445203781,0.9999727010726929,0,1,1.0,0.009916635230183601,0.07000580430030823,0.9999508559703827,0
r2,stress,test/geometry/702.json,274,0.25,0.017162129282951355,0.9998536705970764,0,1,0.95,0.010555924847722054,0.06991936266422272,0.999944418668747,0
r2,stress,test/geometry/702.json,275,0.25,0.012625069357454777,0.9999333620071411,0,1,0.95,0.010574117302894592,0.0699913427233696,0.999944269657135,0
r2,stress,test/geometry/702.json,276,0.15625,0.005778907332569361,0.9999845027923584,0,1,1.0,0.010547350626438856,0.06998252123594284,0.9999442994594574,0
r2,stress,test/geometry/702.json,277,0.375,0.013036188669502735,0.9999299049377441,0,1,0.95,0.010539685375988483,0.0699346512556076,0.9999445974826813,0
r2,stress,test/geometry/702.json,278,0.1875,0.007421412970870733,0.9999779462814331,0,1,1.0,0.010472471825778484,0.06999267637729645,0.999945193529129,0
r2,stress,test/geometry/702.json,279,0.125,0.00896170362830162,0.9999688863754272,0,1,1.0,0.010469631757587194,0.06997643411159515,0.9999453723430634,0
r2,stress,test/geometry/702.json,280,0.14453125,0.009525819681584835,0.9999569654464722,0,1,0.95,0.01053998526185751,0.07004687190055847,0.9999447166919708,0
r2,stress,test/geometry/702.json,281,0.15625,0.015117223374545574,0.9998903274536133,0,1,1.0,0.010594718158245087,0.06996306777000427,0.9999439120292664,0
r2,stress,test/geometry/702.json,282,0.171875,0.008221376687288284,0.9999713897705078,0,1,1.0,0.010503729805350304,0.07005971670150757,0.9999449253082275,0
r2,stress,test/geometry/702.json,283,0.1875,0.0066786594688892365,0.9999778270721436,0,1,1.0,0.010465288069099188,0.07005444169044495,0.9999452829360962,0
r2,stress,test/geometry/702.json,284,0.15625,0.008479658514261246,0.9999769926071167,0,1,1.0,0.010417434386909008,0.07005002349615097,0.9999458491802216,0
r2,stress,test/geometry/702.json,285,0.21875,0.007258900441229343,0.9999737739562988,0,1,1.0,0.010362718719989061,0.07005513459444046,0.9999463558197021,0
r2,stress,test/geometry/702.json,286,0.25,0.010750741697847843,0.9999545216560364,0,1,1.0,0.010512900538742542,0.07021190226078033,0.9999448955059052,0
r2,stress,test/geometry/702.json,287,0.1875,0.009098700247704983,0.9999673366546631,0,1,1.0,0.01073020976036787,0.07013964653015137,0.9999426007270813,0
r2,stress,test/geometry/702.json,288,0.125,0.006357315927743912,0.9999797940254211,0,1,1.0,0.010585130658000708,0.07018556445837021,0.9999441206455231,0
r2,stress,test/geometry/702.json,289,0.125,0.010674268007278442,0.9999430775642395,0,1,1.0,0.010470309760421515,0.07012529671192169,0.999945342540741,0
r2,stress,test/geometry/702.json,290,0.25,0.011976849287748337,0.9999291896820068,0,1,1.0,0.010278753470629454,0.07019365578889847,0.999947190284729,0
r2,stress,test/geometry/702.json,291,0.140625,0.010725746862590313,0.9999469518661499,0,1,1.0,0.010203196201473475,0.07024047523736954,0.999948114156723,0
r2,stress,test/geometry/702.json,292,0.25,0.013404586352407932,0.999916136264801,0,1,0.95,0.010195816401392221,0.07024897634983063,0.9999483227729797,0
r2,stress,test/geometry/702.json,293,0.125,0.00668856967240572,0.999978244304657,0,1,0.95,0.010431897826492786,0.07023827731609344,0.9999462962150574,0
r2,stress,test/geometry/702.json,294,0.140625,0.006631195545196533,0.9999780058860779,0,1,0.95,0.010476680006831884,0.07014840841293335,0.9999459087848663,0
r2,stress,test/geometry/702.json,295,0.15625,0.012400203384459019,0.9999240040779114,0,1,0.95,0.010283553041517735,0.07019724696874619,0.9999476373195648,0
r2,stress,test/geometry/702.json,296,0.125,0.01152126956731081,0.9999337792396545,0,1,1.0,0.010284632910043001,0.07022801786661148,0.9999474585056305,0
r2,stress,test/geometry/702.json,297,0.25,0.010677416808903217,0.9999430775642395,0,1,1.0,0.010125003289431334,0.07019901275634766,0.9999491572380066,0
r2,stress,test/geometry/702.json,298,0.1875,0.011557028628885746,0.9999487996101379,0,1,1.0,0.00999253336340189,0.07014504820108414,0.9999504387378693,0
r2,stress,test/geometry/702.json,299,0.15625,0.009141776710748672,0.9999622702598572,0,1,1.0,0.010064889211207628,0.07012616097927094,0.9999493956565857,0
r2,stress,test/geometry/702.json,300,0.171875,0.013545067049562931,0.9999302625656128,0,1,1.0,0.009976754430681467,0.07009448111057281,0.9999502301216125,0
r2,stress,test/geometry/702.json,301,0.25,0.00867774523794651,0.999962568283081,0,1,1.0,0.010075727477669716,0.07011441141366959,0.9999492466449738,0
r2,stress,test/geometry/702.json,302,0.25,0.009192523546516895,0.9999580383300781,0,1,1.0,0.010069706942886114,0.07017740607261658,0.9999493956565857,0
r2,stress,test/geometry/702.json,303,0.1875,0.009227112866938114,0.9999603629112244,0,1,1.0,0.010138221550732851,0.07017330825328827,0.999948650598526,0
r2,stress,test/geometry/702.json,304,0.15625,0.010220740921795368,0.9999479055404663,0,1,1.0,0.010079299565404654,0.0701741948723793,0.9999493062496185,0
r2,stress,test/geometry/702.json,305,0.15625,0.010117793455719948,0.999949038028717,0,1,0.95,0.01013493211939931,0.07003767788410187,0.9999487996101379,0
r2,stress,test/geometry/702.json,306,0.15625,0.009082134813070297,0.9999588131904602,0,1,1.0,0.010116619057953358,0.07003705948591232,0.9999489784240723,0
r2,stress,test/geometry/702.json,307,0.171875,0.009881645441055298,0.9999535083770752,0,1,0.95,0.010088273789733648,0.06999355554580688,0.9999492764472961,0
r2,stress,test/geometry/702.json,308,0.1875,0.011282465420663357,0.9999372363090515,0,1,1.0,0.010200390126556158,0.06996449083089828,0.9999480545520782,0
r2,stress,test/geometry/702.json,309,0.4375,0.008379199542105198,0.9999666213989258,0,1,1.0,0.010231744032353163,0.06996117532253265,0.999947726726532,0
r2,stress,test/geometry/702.json,310,0.125,0.006341865751892328,0.9999813437461853,0,1,1.0,0.010206730104982853,0.06996548920869827,0.9999479949474335,0
r2,stress,test/geometry/702.json,311,0.1484375,0.008196275681257248,0.9999719262123108,0,1,1.0,0.01022788230329752,0.06994941085577011,0.9999477565288544,0
r2,stress,test/geometry/702.json,312,0.125,0.0066839721985161304,0.9999796748161316,0,1,0.95,0.01022624783217907,0.06996746361255646,0.9999477863311768,0
r2,stress,test/geometry/702.json,313,0.140625,0.011602758429944515,0.9999329447746277,0,1,1.0,0.010171181056648493,0.06997763365507126,0.9999484419822693,0
r2,stress,test/geometry/702.json,314,0.125,0.009984157048165798,0.9999513030052185,0,1,1.0,0.01018353970721364,0.06999938935041428,0.999948263168335,0
r2,stress,test/geometry/702.json,315,0.25,0.011442036367952824,0.9999346137046814,0,1,1.0,0.010188690852373838,0.06999939680099487,0.9999482333660126,0
r2,stress,test/geometry/702.json,316,0.15625,0.008252291940152645,0.9999684691429138,0,1,1.0,0.010155409574508667,0.07002090662717819,0.9999485015869141,0
r2,stress,test/geometry/702.json,317,0.25,0.012164815329015255,0.9999392032623291,0,1,1.0,0.010243593715131283,0.07006745040416718,0.9999476671218872,0
r2,stress,test/geometry/702.json,318,0.09375,0.005826553795486689,0.9999840259552002,0,1,1.0,0.010204103775322437,0.06993325799703598,0.9999482035636902,0
r2,stress,test/geometry/702.json,319,0.15625,0.005806514527648687,0.9999831914901733,0,1,1.0,0.010161456651985645,0.0699208676815033,0.9999485909938812,0
r2,stress,test/geometry/702.json,320,0.15625,0.008703802712261677,0.9999634027481079,0,1,1.0,0.010158015880733728,0.06988288462162018,0.9999485909938812,0
r2,stress,test/geometry/702.json,321,0.5,0.01796264387667179,0.9998422265052795,0,1,1.0,0.010159389581531286,0.06989636272192001,0.9999485015869141,0
r2,stress,test/geometry/702.json,322,0.125,0.006829596124589443,0.999977707862854,0,1,1.0,0.010159983765333891,0.06982222944498062,0.9999485015869141,0
r2,stress,test/geometry/702.json,323,0.125,0.0058886888436973095,0.9999827742576599,0,1,1.0,0.010243608616292477,0.06969258934259415,0.99994757771492,0
r2,stress,test/geometry/702.json,324,0.21875,0.005936168599873781,0.9999830722808838,0,1,1.0,0.010116907767951488,0.06967499107122421,0.9999488592147827,0
r2,stress,test/geometry/702.json,325,0.923828125,0.039341073483228683,0.999233067035675,0,1,1.0,0.01032559759914875,0.06954210251569748,0.9999467134475708,0
r2,stress,test/geometry/702.json,326,0.171875,0.007596898358315229,0.9999738335609436,0,1,0.95,0.010391616728156805,0.06981690227985382,0.9999460279941559,0
r2,stress,test/geometry/702.json,327,0.125,0.005258039105683565,0.9999867677688599,0,1,0.95,0.010170933324843645,0.06972450762987137,0.9999484121799469,0
r2,stress,test/geometry/702.json,328,0.1875,0.0067854225635528564,0.9999793767929077,0,1,1.0,0.010152342263609171,0.0696849524974823,0.9999484717845917,0
r2,stress,test/geometry/702.json,329,0.1875,0.008594647981226444,0.9999674558639526,0,1,1.0,0.010303458664566278,0.06954716145992279,0.9999470114707947,0
r2,stress,test/geometry/702.json,330,0.25,0.016025416553020477,0.9998812675476074,0,1,1.0,0.010082142893224955,0.0694219172000885,0.9999493062496185,0
r2,stress,test/geometry/702.json,331,0.1875,0.008773053996264935,0.9999620318412781,0,1,1.0,0.010057901032269001,0.06945568323135376,0.9999495446681976,0
r2,stress,test/geometry/702.json,332,0.1875,0.010061693377792835,0.9999507069587708,0,0,0.95,0.009818512946367264,0.0694945678114891,0.9999520182609558,0
r2,stress,test/geometry/702.json,333,0.1875,0.01016151625663042,0.9999639987945557,0,1,1.0,0.00970094883814454,0.06946760416030884,0.9999532401561737,0
r2,stress,test/geometry/702.json,334,0.125,0.006708929315209389,0.9999802708625793,0,1,1.0,0.009599382523447275,0.06950926780700684,0.9999540448188782,0
r2,stress,test/geometry/702.json,335,0.1328125,0.0057119945995509624,0.9999844431877136,0,1,1.0,0.009684853721410036,0.06953103095293045,0.9999532997608185,0
r2,stress,test/geometry/702.json,336,0.25,0.00569425243884325,0.9999844431877136,0,1,1.0,0.009635451715439558,0.06952949613332748,0.9999537765979767,0
r2,stress,test/geometry/702.json,337,0.140625,0.007990146987140179,0.9999709129333496,0,1,1.0,0.009536271449178457,0.06949926912784576,0.9999546408653259,0
r2,stress,test/geometry/702.json,338,0.34375,0.014280663803219795,0.9999176263809204,0,1,0.95,0.00980150094255805,0.06948301196098328,0.9999522864818573,0
r2,stress,test/geometry/702.json,339,0.1328125,0.006309111602604389,0.9999805092811584,0,1,1.0,0.009948137681931257,0.06896111369132996,0.9999508857727051,0
r2,stress,test/geometry/702.json,340,0.1875,0.008711721748113632,0.9999640583992004,0,1,1.0,0.009787635877728462,0.06891840696334839,0.9999522864818573,0
r2,stress,test/geometry/702.json,341,0.921875,0.023231128230690956,0.9997352361679077,0,1,0.9,0.010059512685984373,0.0689287781715393,0.9999495446681976,0
r2,stress,test/geometry/702.json,342,0.34375,0.018934132531285286,0.999858558177948,0,1,0.95,0.010064029600471258,0.06853403151035309,0.99994957447052,0
r2,stress,test/geometry/702.json,343,0.1640625,0.009106498211622238,0.9999618530273438,0,1,1.0,0.010364082641899586,0.06862708181142807,0.9999464750289917,0
r2,stress,test/geometry/702.json,344,0.25,0.008417682722210884,0.9999649524688721,0,1,1.0,0.010075774509459734,0.06864258646965027,0.99994957447052,0
r2,stress,test/geometry/702.json,345,0.1875,0.009233399294316769,0.9999592900276184,0,1,1.0,0.010055057238787413,0.06862419843673706,0.9999498426914215,0
r2,stress,test/geometry/702.json,346,0.13671875,0.0074822925962507725,0.9999721050262451,0,1,1.0,0.00995618524029851,0.06867922097444534,0.999950647354126,0
r2,stress,test/geometry/702.json,347,0.171875,0.01033677626401186,0.9999467134475708,0,1,1.0,0.010113274678587914,0.06856334954500198,0.9999495148658752,0
r2,stress,test/geometry/702.json,348,0.15625,0.012494032271206379,0.9999218583106995,0,1,1.0,0.009922240860760212,0.06845135986804962,0.9999512135982513,0
r2,stress,test/geometry/702.json,349,0.1328125,0.010891580954194069,0.9999428987503052,0,1,1.0,0.009891425259411335,0.06838951259851456,0.9999513030052185,0
r2,stress,test/geometry/702.json,350,0.1875,0.00860359612852335,0.9999657273292542,0,1,1.0,0.009884714614599943,0.0679972916841507,0.9999513924121857,0
r2,stress,test/geometry/702.json,351,0.1875,0.008167978376150131,0.9999670386314392,0,1,1.0,0.009789329953491688,0.06823668628931046,0.999952107667923,0
r2,stress,test/geometry/702.json,352,0.15625,0.00825539231300354,0.9999701380729675,0,1,1.0,0.009757934603840113,0.06806457787752151,0.9999524354934692,0
r2,stress,test/geometry/702.json,353,0.1875,0.010949700139462948,0.9999414086341858,0,1,1.0,0.010206081438809633,0.06793512403964996,0.9999481737613678,0
r2,stress,test/geometry/702.json,354,0.125,0.006557526998221874,0.9999814033508301,0,1,1.0,0.010225637350231409,0.0680105909705162,0.9999480843544006,0
r2,stress,test/geometry/702.json,355,0.125,0.006631634663790464,0.9999834299087524,0,1,1.0,0.00985668133944273,0.06788456439971924,0.9999519288539886,0
r2,stress,test/geometry/702.json,356,0.15625,0.007537121884524822,0.999971866607666,0,1,1.0,0.009751656092703342,0.06783895194530487,0.9999526739120483,0
r2,stress,test/geometry/702.json,357,0.1328125,0.00690773269161582,0.999976396560669,0,1,1.0,0.009643303696066141,0.0678597092628479,0.9999540448188782,0
r2,stress,test/geometry/702.json,358,0.1875,0.011687188409268856,0.9999352097511292,0,1,1.0,0.009919882752001286,0.06782221794128418,0.9999509751796722,0
r2,stress,test/geometry/702.json,359,0.1875,0.007667118217796087,0.9999719262123108,0,1,1.0,0.009858618024736643,0.06819407641887665,0.9999514520168304,0
r2,stress,test/geometry/702.json,360,0.25,0.0103368004783988,0.9999606609344482,0,1,0.95,0.009758074767887592,0.06818284094333649,0.9999524354934692,0
r2,stress,test/geometry/702.json,361,0.15625,0.010306047275662422,0.9999470114707947,0,1,1.0,0.009541869163513184,0.06819206476211548,0.999954491853714,0
r2,stress,test/geometry/702.json,362,0.25,0.014767750166356564,0.999896228313446,0,1,1.0,0.009582558181136847,0.06823159009218216,0.9999541640281677,0
r2,stress,test/geometry/702.json,363,0.1875,0.008988099172711372,0.99996018409729,0,1,1.0,0.009572249837219715,0.06824266165494919,0.9999542534351349,0
r2,stress,test/geometry/702.json,364,0.1875,0.00841131154447794,0.9999680519104004,0,1,1.0,0.009620715864002705,0.06825827062129974,0.9999538958072662,0
r2,stress,test/geometry/702.json,365,0.1640625,0.012099578976631165,0.9999335408210754,0,1,1.0,0.00940017495304346,0.06818833202123642,0.9999558329582214,0
r2,stress,test/geometry/702.json,366,0.25,0.009856519289314747,0.9999514818191528,0,1,0.95,0.009431723970919847,0.06812379509210587,0.99995556473732,0
r2,stress,test/geometry/702.json,367,0.25,0.00970877893269062,0.9999639987945557,0,1,0.95,0.009842804167419672,0.06812767684459686,0.99995157122612,0
r2,stress,test/geometry/702.json,368,0.23828125,0.014560050331056118,0.999914824962616,0,1,0.95,0.009860464371740818,0.06802313774824142,0.9999513924121857,0
r2,stress,test/geometry/702.json,369,0.375,0.014554956927895546,0.9999411702156067,0,1,1.0,0.010105480905622244,0.06792021542787552,0.999949038028717,0
r2,stress,test/geometry/702.json,370,0.1875,0.006151891779154539,0.999981164932251,0,1,1.0,0.00992897106334567,0.06793399155139923,0.9999507367610931,0
r2,stress,test/geometry/702.json,371,0.15625,0.010241950862109661,0.9999611377716064,0,1,1.0,0.010084300767630339,0.0680307149887085,0.9999493062496185,0
r2,stress,test/geometry/702.json,372,0.125,0.0074675315991044044,0.9999722242355347,0,1,1.0,0.009959959890693426,0.06795822083950043,0.9999506771564484,0
r2,stress,test/geometry/702.json,373,0.1875,0.013144793920218945,0.9999220371246338,0,1,0.95,0.009900865145027637,0.06801335513591766,0.999951183795929,0
r2,stress,test/geometry/702.json,374,0.1875,0.019437642768025398,0.9998177886009216,0,1,0.95,0.00991549389436841,0.06803036481142044,0.9999512135982513,0
r2,stress,test/geometry/702.json,375,0.171875,0.007410952355712652,0.9999798536300659,0,1,1.0,0.01000606408342719,0.06794136762619019,0.9999502897262573,0
r2,stress,test/geometry/702.json,376,0.1640625,0.006182414013892412,0.9999822974205017,0,1,1.0,0.009827412199229002,0.06797081977128983,0.9999519884586334,0
r2,stress,test/geometry/702.json,377,0.317138671875,0.017659399658441544,0.9998687505722046,0,1,1.0,0.010290978010743856,0.0678468868136406,0.999947190284729,0
r2,stress,test/geometry/702.json,378,0.15625,0.006860754918307066,0.9999767541885376,0,1,0.95,0.010439412668347359,0.06772471219301224,0.9999455511569977,0
r2,stress,test/geometry/702.json,379,0.21875,0.009577344171702862,0.999954104423523,0,1,1.0,0.010367174632847309,0.06744546443223953,0.9999465346336365,0
r2,stress,test/geometry/702.json,380,0.25,0.013273331336677074,0.9999122023582458,0,1,1.0,0.010259788949042559,0.06727616488933563,0.9999474287033081,0
r2,stress,test/geometry/702.json,381,0.1875,0.012393009848892689,0.9999233484268188,0,1,1.0,0.010205103084445,0.0671762004494667,0.9999481439590454,0
r2,stress,test/geometry/702.json,382,0.15625,0.00936348456889391,0.999956488609314,0,1,0.95,0.009875657968223095,0.06727872043848038,0.9999516010284424,0
r2,stress,test/geometry/702.json,383,0.140625,0.010291323997080326,0.999947190284729,0,1,0.95,0.00960276322439313,0.06707887351512909,0.999954104423523,0
r2,stress,test/geometry/702.json,384,0.125,0.008252901025116444,0.9999668598175049,0,1,1.0,0.009777041617780924,0.06687819957733154,0.9999523460865021,0
r2,stress,test/geometry/702.json,385,0.140625,0.007920501753687859,0.9999744892120361,0,1,1.0,0.009651627391576767,0.06691055744886398,0.9999534487724304,0
r2,stress,test/geometry/702.json,386,0.1875,0.01274727750569582,0.9999498128890991,0,1,0.95,0.00962894782423973,0.06692297756671906,0.9999535977840424,0
r2,stress,test/geometry/702.json,387,0.25,0.013157485984265804,0.9999337792396545,0,1,1.0,0.009988890029489994,0.0668749064207077,0.9999503791332245,0
r2,stress,test/geometry/702.json,388,0.171875,0.00969687383621931,0.9999619126319885,0,1,1.0,0.010156875476241112,0.06675203889608383,0.9999485015869141,0
r2,stress,test/geometry/702.json,389,2.0,0.04328837990760803,0.9990634322166443,0,1,0.95,0.010394001379609108,0.06659235060214996,0.9999460279941559,0
r2,stress,test/geometry/702.json,390,0.1875,0.012799826450645924,0.9999341368675232,0,1,1.0,0.01058834558352828,0.06814197450876236,0.9999439716339111,0
r2,stress,test/geometry/702.json,391,0.16015625,0.008281395770609379,0.9999659657478333,0,1,1.0,0.010424090083688498,0.06811786442995071,0.999945878982544,0
r2,stress,test/geometry/702.json,392,0.3125,0.014501148834824562,0.9999001026153564,0,1,1.0,0.010432013776153326,0.06801333278417587,0.9999457895755768,0
r2,stress,test/geometry/702.json,393,0.15625,0.009174982085824013,0.9999589323997498,0,1,1.0,0.010393442120403051,0.06821021437644958,0.9999466836452484,0
r2,stress,test/geometry/702.json,394,0.140625,0.009775186888873577,0.9999523758888245,0,1,1.0,0.010254919528961182,0.06828127056360245,0.9999478161334991,0
r2,stress,test/geometry/702.json,395,0.1875,0.008255894295871258,0.9999687671661377,0,1,1.0,0.010072102770209312,0.06821400672197342,0.9999497830867767,0
r2,stress,test/geometry/702.json,396,0.21484375,0.01024747546762228,0.9999487996101379,0,1,0.9,0.01009740261361003,0.0682169571518898,0.9999493658542633,0
r2,stress,test/geometry/702.json,397,0.140625,0.011551795527338982,0.9999369978904724,0,1,0.95,0.009868739172816277,0.06820109486579895,0.9999516308307648,0
r2,stress,test/geometry/702.json,398,0.25,0.01017120573669672,0.9999622702598572,0,1,1.0,0.009866425767540932,0.06820783764123917,0.9999515414237976,0
r2,stress,test/geometry/702.json,399,0.125,0.007100926246494055,0.9999761581420898,0,1,1.0,0.01013657683506608,0.0682050883769989,0.9999489486217499,0
r2,stress,test/geometry/702.json,400,0.1875,0.010622316040098667,0.999947726726532,0,1,1.0,0.010312291793525219,0.06799300760030746,0.9999470710754395,0
r2,stress,test/geometry/702.json,401,0.25,0.010399307124316692,0.9999490976333618,0,1,1.0,0.010185892693698406,0.06789080053567886,0.9999487698078156,0
r2,stress,test/geometry/702.json,402,0.1875,0.01113929320126772,0.9999386072158813,0,1,1.0,0.009911974426358938,0.0676727294921875,0.9999513626098633,0
r2,stress,test/geometry/702.json,403,0.203125,0.011652020737528801,0.999932587146759,0,1,1.0,0.009747285395860672,0.06761075556278229,0.9999527931213379,0
r2,stress,test/geometry/702.json,404,0.375,0.011850125156342983,0.9999305605888367,0,1,1.0,0.009812911506742239,0.06747643649578094,0.9999523162841797,0
r2,stress,test/geometry/702.json,405,0.125,0.00793925579637289,0.9999688863754272,0,1,1.0,0.009588535409420729,0.06756393611431122,0.9999541342258453,0
r2,stress,test/geometry/702.json,406,0.25,0.011208174750208855,0.9999373555183411,0,1,1.0,0.009739520959556103,0.06741698831319809,0.999952644109726,0
r2,stress,test/geometry/702.json,407,0.1875,0.010509634390473366,0.9999451637268066,0,1,1.0,0.009634954389184713,0.06725801527500153,0.9999535381793976,0
r2,stress,test/geometry/702.json,408,0.203125,0.011834020726382732,0.9999304413795471,0,1,1.0,0.0095467627979815,0.06723927706480026,0.999954342842102,0
r2,stress,test/geometry/702.json,409,0.203125,0.012632986530661583,0.9999212622642517,0,1,1.0,0.009358212351799011,0.06732066720724106,0.9999562203884125,0
r2,stress,test/geometry/702.json,410,0.1875,0.01036455761641264,0.9999495148658752,0,1,1.0,0.009179295506328344,0.06728518009185791,0.9999580681324005,0
r2,stress,test/geometry/702.json,411,0.15625,0.010822777636349201,0.9999440312385559,0,1,1.0,0.009334068279713392,0.06722608953714371,0.9999565184116364,0
r2,stress,test/geometry/702.json,412,0.15625,0.011475913226604462,0.9999342560768127,0,1,1.0,0.009539115708321333,0.06715355813503265,0.9999549388885498,0
r2,stress,test/geometry/702.json,413,0.25,0.010997694917023182,0.9999396800994873,0,1,1.0,0.009153392631560564,0.06696192175149918,0.9999581873416901,0
r2,stress,test/geometry/702.json,414,0.25,0.013216772116720676,0.9999130964279175,0,1,1.0,0.00912157678976655,0.06694886088371277,0.9999585747718811,0
r2,stress,test/geometry/702.json,415,0.125,0.006150242872536182,0.9999853372573853,0,1,1.0,0.008943706750869751,0.06689107418060303,0.9999600946903229,0
r2,stress,test/geometry/702.json,416,0.1328125,0.006442435085773468,0.9999794363975525,0,1,1.0,0.009384486358612776,0.06696821749210358,0.9999559819698334,0
r2,stress,test/geometry/702.json,417,0.25,0.009311780333518982,0.9999634027481079,0,1,0.95,0.009499363601207733,0.06684209406375885,0.999955415725708,0
r2,stress,test/geometry/702.json,418,0.28125,0.011123541742563248,0.9999536275863647,0,1,1.0,0.00957427779212594,0.06676191091537476,0.9999544024467468,0
r2,stress,test/geometry/702.json,419,0.2265625,0.015313548035919666,0.9998857975006104,0,1,0.95,0.01004599779844284,0.06668251007795334,0.9999498426914215,0
r2,stress,test/geometry/702.json,420,0.1875,0.007763141766190529,0.9999714493751526,0,1,1.0,0.010221399366855621,0.06682007759809494,0.9999477565288544,0
r2,stress,test/geometry/702.json,421,0.12890625,0.004897147882729769,0.9999880194664001,0,1,1.0,0.010393231641501188,0.06685598939657211,0.9999459683895111,0
r2,stress,test/geometry/702.json,422,0.125,0.005853601265698671,0.9999883770942688,0,1,1.0,0.010335495229810476,0.06693484634160995,0.9999470412731171,0
r2,stress,test/geometry/702.json,423,0.1875,0.00892988033592701,0.9999642968177795,0,1,1.0,0.01027660071849823,0.0669252797961235,0.9999477863311768,0
r2,stress,test/geometry/702.json,424,0.1484375,0.009316755458712578,0.9999614357948303,0,1,1.0,0.010249605868011713,0.0669875293970108,0.9999478161334991,0
r2,stress,test/geometry/702.json,425,0.1484375,0.010380798019468784,0.9999469518661499,0,1,0.95,0.010083091910928488,0.06679295748472214,0.9999496936798096,0
r2,stress,test/geometry/702.json,426,0.125,0.010611669160425663,0.9999476075172424,0,1,1.0,0.009897151496261358,0.0667840838432312,0.9999514222145081,0
r2,stress,test/geometry/702.json,427,0.25,0.007807961665093899,0.999969482421875,0,1,1.0,0.009773049037903547,0.06680875271558762,0.999952882528305,0
r2,stress,test/geometry/702.json,428,0.1875,0.007650510873645544,0.9999707937240601,0,1,1.0,0.009913123678416014,0.0668182224035263,0.9999509155750275,0
r2,stress,test/geometry/702.json,429,0.140625,0.010930346325039864,0.9999449849128723,0,1,1.0,0.009898895397782326,0.06683707237243652,0.9999513626098633,0
r2,stress,test/geometry/702.json,430,0.205078125,0.009593470022082329,0.9999608397483826,0,1,1.0,0.009813342709094286,0.06680437177419662,0.9999525249004364,0
r2,stress,test/geometry/702.json,431,0.125,0.006307125557214022,0.9999839663505554,0,1,1.0,0.009775411803275347,0.06685227900743484,0.9999529421329498,0
r2,stress,test/geometry/702.json,432,0.265625,0.015773897990584373,0.9998926520347595,0,1,1.0,0.009781068190932274,0.06687893718481064,0.999952882528305,0
r2,stress,test/geometry/702.json,433,0.171875,0.009089816361665726,0.999975860118866,0,1,1.0,0.0097890286706388,0.06699171662330627,0.9999527633190155,0
r2,stress,test/geometry/702.json,434,0.25,0.007823490537703037,0.9999740123748779,0,1,1.0,0.009838268160820007,0.06706095486879349,0.9999523460865021,0
r2,stress,test/geometry/702.json,435,0.125,0.006754581816494465,0.9999773502349854,0,1,1.0,0.00983023177832365,0.06698587536811829,0.9999517798423767,0
r2,stress,test/geometry/702.json,436,0.125,0.006136658135801554,0.9999843239784241,0,1,1.0,0.009831330738961697,0.06703915446996689,0.9999519884586334,0
r2,stress,test/geometry/702.json,437,0.12890625,0.007341251242905855,0.9999734163284302,0,1,1.0,0.009811163879930973,0.06702718883752823,0.999952495098114,0
r2,stress,test/geometry/702.json,438,0.1875,0.010971223004162312,0.9999433755874634,0,1,1.0,0.00970477843657136,0.06692764163017273,0.9999537169933319,0
r2,stress,test/geometry/702.json,439,0.15625,0.007545563392341137,0.9999720454216003,0,1,1.0,0.009597195778042078,0.06689184159040451,0.9999543130397797,0
r2,stress,test/geometry/702.json,440,0.1875,0.006479353178292513,0.9999791383743286,0,1,1.0,0.00968610169366002,0.06697364151477814,0.9999531209468842,0
r2,stress,test/geometry/702.json,441,0.1875,0.009189072996377945,0.9999617338180542,0,1,1.0,0.009597104508429766,0.06688040494918823,0.9999539256095886,0
r2,stress,test/geometry/702.json,442,0.15625,0.00801466591656208,0.9999789595603943,0,1,1.0,0.009588157292455435,0.06680488586425781,0.9999540448188782,0
r2,stress,test/geometry/702.json,443,0.1875,0.00837742816656828,0.9999649524688721,0,1,1.0,0.009765959810465574,0.06678924709558487,0.9999523460865021,0
r2,stress,test/geometry/702.json,444,0.14453125,0.00843776948750019,0.9999677538871765,0,1,1.0,0.009720690082758665,0.06678985804319382,0.9999528229236603,0
r2,stress,test/geometry/702.json,445,0.125,0.008852127939462662,0.999968409538269,0,1,1.0,0.009655241388827562,0.06666083633899689,0.9999535381793976,0
r2,stress,test/geometry/702.json,446,0.125,0.005656401626765728,0.9999842047691345,0,1,1.0,0.009667243342846632,0.06671849638223648,0.9999533295631409,0
r2,stress,test/geometry/702.json,447,0.421875,0.01263550203293562,0.999921441078186,0,1,1.0,0.009684909135103226,0.06673271209001541,0.9999530911445618,0
r2,stress,test/geometry/702.json,448,0.125,0.0063831559382379055,0.9999796748161316,0,1,1.0,0.009665345773100853,0.06683019548654556,0.9999533295631409,0
r2,stress,test/geometry/702.json,449,0.169921875,0.00726045249029994,0.9999741315841675,0,1,1.0,0.009740762878209352,0.06683684885501862,0.9999525249004364,0
r2,stress,test/geometry/702.json,450,0.125,0.00591255770996213,0.9999838471412659,0,1,1.0,0.009636602830141783,0.0666506290435791,0.9999538958072662,0
r2,stress,test/geometry/702.json,451,0.1875,0.009938987903296947,0.999950647354126,0,1,0.95,0.009387284517288208,0.06670081615447998,0.9999560415744781,0
r2,stress,test/geometry/702.json,452,0.25,0.008349738083779812,0.9999655485153198,0,1,1.0,0.009448155760765076,0.06672831624746323,0.9999560713768005,0
r2,stress,test/geometry/702.json,453,0.21875,0.01291755959391594,0.9999196529388428,0,1,1.0,0.009256018325686455,0.06675375998020172,0.9999571740627289,0
r2,stress,test/geometry/702.json,454,0.25,0.0076820929534733295,0.9999723434448242,0,1,0.95,0.009365858510136604,0.06670671701431274,0.9999561905860901,0
r2,stress,test/geometry/702.json,455,0.2421875,0.0069776675663888454,0.9999762177467346,0,1,1.0,0.009420649148523808,0.06667094677686691,0.9999556541442871,0
r2,stress,test/geometry/702.json,456,0.14453125,0.0126289501786232,0.9999205470085144,0,1,1.0,0.009380022995173931,0.06666632741689682,0.9999560117721558,0
r2,stress,test/geometry/702.json,457,0.19921875,0.01422872208058834,0.9999053478240967,0,1,1.0,0.009386779740452766,0.06667419523000717,0.999955952167511,0
r2,stress,test/geometry/702.json,458,0.25,0.010019149631261826,0.9999517202377319,0,1,1.0,0.009421502705663443,0.06671182811260223,0.9999559223651886,0
r2,stress,test/geometry/702.json,459,0.1875,0.009173139929771423,0.999958336353302,0,1,1.0,0.009308138862252235,0.06674782931804657,0.9999566674232483,0
r2,stress,test/geometry/702.json,460,0.25,0.008378197439014912,0.999966561794281,0,1,1.0,0.009370807558298111,0.06671389192342758,0.9999561011791229,0
r2,stress,test/geometry/702.json,461,0.25,0.00994817540049553,0.9999505281448364,0,1,1.0,0.009354345500469208,0.06671831011772156,0.999956339597702,0
r2,stress,test/geometry/702.json,462,0.90625,0.04139672592282295,0.9992849826812744,0,1,0.95,0.010007011238485575,0.06679662317037582,0.9999497830867767,0
r2,stress,test/geometry/702.json,463,0.375,0.012019743211567402,0.9999279975891113,0,1,1.0,0.00992506556212902,0.06649559736251831,0.9999507069587708,0
r2,stress,test/geometry/702.json,464,0.140625,0.008532211184501648,0.9999646544456482,0,1,0.95,0.009733010549098253,0.06649717688560486,0.9999526143074036,0
r2,stress,test/geometry/702.json,465,0.1875,0.008423598483204842,0.9999647736549377,0,1,1.0,0.00965884979814291,0.0665319561958313,0.999953418970108,0
r2,stress,test/geometry/702.json,466,0.25,0.009960295632481575,0.9999513626098633,0,1,1.0,0.009739895351231098,0.06661508977413177,0.9999529123306274,0
r2,stress,test/geometry/702.json,467,0.1875,0.009261823259294033,0.9999656677246094,0,1,1.0,0.009753205813467503,0.06661557406187057,0.9999527037143707,0
r2,stress,test/geometry/702.json,468,0.25,0.012826700694859028,0.9999247789382935,0,1,1.0,0.009640173986554146,0.06657975167036057,0.9999537765979767,0
r2,stress,test/geometry/702.json,469,0.234375,0.009210432879626751,0.9999589920043945,0,1,1.0,0.009686959907412529,0.0665956437587738,0.9999532997608185,0
r2,stress,test/geometry/702.json,470,0.1875,0.006922705564647913,0.9999772310256958,0,1,1.0,0.009769099298864603,0.06658071279525757,0.9999524354934692,0
r2,stress,test/geometry/702.json,471,0.15625,0.007206080947071314,0.999974250793457,0,1,1.0,0.009802415501326323,0.06661232560873032,0.9999522268772125,0
r2,stress,test/geometry/702.json,472,0.140625,0.009037377312779427,0.9999595880508423,0,1,1.0,0.009683344047516584,0.06661947071552277,0.9999532103538513,0
r2,stress,test/geometry/702.json,473,0.25,0.008897474966943264,0.9999635815620422,0,1,1.0,0.009635242633521557,0.06661646068096161,0.9999536275863647,0
r2,stress,test/geometry/702.json,474,0.25,0.01222720742225647,0.9999265670776367,0,1,1.0,0.009578609839081764,0.06662018597126007,0.9999542534351349,0
r2,stress,test/geometry/702.json,475,0.1484375,0.006614419165998697,0.9999783039093018,0,1,1.0,0.009657203685492277,0.06657939404249191,0.9999536275863647,0
r2,stress,test/geometry/702.json,476,0.1796875,0.007067524828016758,0.9999774694442749,0,1,1.0,0.009557425510138273,0.06661705672740936,0.9999545216560364,0
r2,stress,test/geometry/702.json,477,0.140625,0.007029510568827391,0.9999755024909973,0,1,1.0,0.009604719933122396,0.06656622141599655,0.9999539852142334,0
r2,stress,test/geometry/702.json,478,0.25,0.006661196704953909,0.9999797940254211,0,1,1.0,0.009614412672817707,0.06664515286684036,0.9999540746212006,0
r2,stress,test/geometry/702.json,479,0.203125,0.013640391640365124,0.9999117851257324,0,1,1.0,0.009736633393913507,0.06655898690223694,0.9999526143074036,0
r2,stress,test/geometry/702.json,480,0.171875,0.011067712679505348,0.999940812587738,0,1,1.0,0.009766507428139448,0.06661570817232132,0.9999522864818573,0
r2,stress,test/geometry/702.json,481,0.25,0.014951977878808975,0.9999008178710938,0,1,1.0,0.009793885052204132,0.06663951277732849,0.9999523460865021,0
r2,stress,test/geometry/702.json,482,0.1796875,0.00926235318183899,0.9999597668647766,0,1,0.95,0.009864630177617073,0.06659286469221115,0.9999520182609558,0
r2,stress,test/geometry/702.json,483,0.265625,0.014172704890370369,0.9999282360076904,0,1,1.0,0.009902667719870806,0.06649279594421387,0.9999513626098633,0
r2,stress,test/geometry/702.json,484,0.25,0.007134468760341406,0.9999799132347107,0,1,1.0,0.009883880615234375,0.06642232835292816,0.9999512135982513,0
r2,stress,test/geometry/702.json,485,0.25,0.005596457049250603,0.9999842643737793,0,1,1.0,0.009898323565721512,0.0664440244436264,0.9999511241912842,0
r2,stress,test/geometry/702.json,486,0.1875,0.008633690886199474,0.9999634623527527,0,1,0.95,0.009850684087723494,0.06637134402990341,0.9999514520168304,0
r2,stress,test/geometry/702.json,487,0.390625,0.015913525596261024,0.9998734593391418,0,1,0.95,0.009899644181132317,0.0663786306977272,0.9999508857727051,0
r2,stress,test/geometry/702.json,488,0.140625,0.008969697169959545,0.999971330165863,0,1,1.0,0.009850065223872662,0.06651812046766281,0.9999515414237976,0
r2,stress,test/geometry/702.json,489,0.09375,0.00565846124663949,0.9999843239784241,0,1,1.0,0.009773160330951214,0.06646885722875595,0.9999522864818573,0
r2,stress,test/geometry/702.json,490,0.125,0.006121180020272732,0.9999854564666748,0,1,1.0,0.009726612828671932,0.06620043516159058,0.9999527931213379,0
r2,stress,test/geometry/702.json,491,0.1875,0.013809126801788807,0.999907910823822,0,1,1.0,0.009673835709691048,0.06598979979753494,0.9999532401561737,0
r2,stress,test/geometry/702.json,492,0.125,0.006878897547721863,0.9999764561653137,0,1,1.0,0.009655374102294445,0.06596041470766068,0.999953418970108,0
r2,stress,test/geometry/702.json,493,0.125,0.010564220137894154,0.9999454617500305,0,1,1.0,0.009501493070274591,0.06590738147497177,0.9999547600746155,0
r2,stress,test/geometry/702.json,494,0.25,0.008083624765276909,0.9999676942825317,0,1,1.0,0.009479902684688568,0.06591565907001495,0.9999551177024841,0
r2,stress,test/geometry/702.json,495,0.84375,0.028591275215148926,0.9995943307876587,0,1,1.0,0.01212338451296091,0.06584729254245758,0.9999266564846039,0
r2,stress,test/geometry/702.json,496,0.25,0.0063004642724990845,0.9999803304672241,0,1,1.0,0.012439067475497723,0.06602111458778381,0.9999228119850159,0
r2,stress,test/geometry/702.json,497,0.1328125,0.005689226556569338,0.9999841451644897,0,1,1.0,0.011834971141070127,0.06607391685247421,0.9999301731586456,0
r2,stress,test/geometry/702.json,498,0.25,0.0077012525871396065,0.9999702572822571,0,1,1.0,0.011655123438686132,0.06600385904312134,0.9999322295188904,0
r2,stress,test/geometry/702.json,499,0.8125,0.028211846947669983,0.9996090531349182,0,1,1.0,0.011899699456989765,0.06595893949270248,0.9999293684959412,0
r2,stress,test/geometry/702.json,500,0.15625,0.007183259818702936,0.9999750256538391,0,1,1.0,0.01184597471728921,0.06610333174467087,0.9999300539493561,0
r2,stress,test/geometry/702.json,501,0.140625,0.006249227561056614,0.9999820590019226,0,1,1.0,0.011505478993058205,0.06610190123319626,0.9999339580535889,0
r2,stress,test/geometry/702.json,502,0.15625,0.009642761200666428,0.9999542832374573,0,1,1.0,0.011496774852275848,0.06608773022890091,0.9999340772628784,0
r2,stress,test/geometry/702.json,503,0.140625,0.0070195747539401054,0.9999753832817078,0,1,1.0,0.011496756691485643,0.06603976339101791,0.9999341368675232,0
r2,stress,test/geometry/702.json,504,0.125,0.00601979112252593,0.9999828934669495,0,1,0.95,0.011411526706069708,0.06602629274129868,0.99993497133255,0
r2,stress,test/geometry/702.json,505,0.15625,0.007186960428953171,0.9999774098396301,0,1,1.0,0.011269451584666967,0.0660267025232315,0.9999366998672485,0
r2,stress,test/geometry/702.json,506,0.21875,0.009881595149636269,0.9999564290046692,0,1,1.0,0.011219169478863478,0.06602977216243744,0.9999372363090515,0
r2,stress,test/geometry/702.json,507,0.15625,0.007792224176228046,0.9999697804450989,0,1,1.0,0.011211965698748827,0.06582721322774887,0.9999373257160187,0
r2,stress,test/geometry/702.json,508,0.25,0.008764375932514668,0.999965488910675,0,1,1.0,0.011221144814044237,0.06570468842983246,0.9999372065067291,0
r2,stress,test/geometry/702.json,509,0.25,0.014090077951550484,0.9999054074287415,0,1,0.95,0.011323192622512579,0.06557691842317581,0.9999360740184784,0
r2,stress,test/geometry/702.json,510,0.1875,0.011892023496329784,0.9999338388442993,0,1,0.95,0.011062053963541985,0.06559190899133682,0.9999389350414276,0
r2,stress,test/geometry/702.json,511,0.15625,0.007362418342381716,0.9999735951423645,0,1,1.0,0.01091574365273118,0.06555794924497604,0.9999406337738037,0
r2,stress,test/geometry/702.json,512,0.78125,0.03409603610634804,0.9994277954101562,0,1,0.95,0.01126582594588399,0.06536347419023514,0.9999366998672485,0
