condition,phase,problem_id,token,logit_max_abs,logit_relative_l2,logit_cosine,logit_nonfinite,logit_top1_match,logit_top20_overlap,state_relative_l2,state_max_abs,state_cosine,state_nonfinite
r0,primary,test/algebra/1332.json,0,0.30859375,0.03034376911818981,0.9995754361152649,0,1,1.0,0.010868121404200792,0.03474241495132446,0.9999409019947052,0
r0,primary,test/algebra/1332.json,1,0.359375,0.016325660049915314,0.9998670816421509,0,1,1.0,0.011331437155604362,0.042990148067474365,0.9999361634254456,0
r0,primary,test/algebra/1332.json,2,0.265625,0.013448633253574371,0.9999098181724548,0,1,1.0,0.01248169457539916,0.0452420711517334,0.9999222457408905,0
r0,primary,test/algebra/1332.json,3,0.359375,0.017597666010260582,0.9998452663421631,0,1,0.95,0.012523318640887737,0.043724775314331055,0.9999216794967651,0
r0,primary,test/algebra/1332.json,4,0.46875,0.026149893179535866,0.9996628761291504,0,1,1.0,0.012865171767771244,0.03840237855911255,0.9999173581600189,0
r0,primary,test/algebra/1332.json,5,0.3671875,0.020535802468657494,0.9997906684875488,0,1,1.0,0.013027232605963945,0.040968239307403564,0.9999152719974518,0
r0,primary,test/algebra/1332.json,6,0.4375,0.023799611255526543,0.9997187256813049,0,1,1.0,0.013221307191997766,0.041378915309906006,0.9999127388000488,0
r0,primary,test/algebra/1332.json,7,0.15625,0.009845486842095852,0.9999538660049438,0,1,1.0,0.01289264066144824,0.07355523109436035,0.999917209148407,0
r0,primary,test/algebra/1332.json,8,0.28125,0.010797744616866112,0.999954879283905,0,1,1.0,0.012551488820463419,0.04006868600845337,0.999921441078186,0
r0,primary,test/algebra/1332.json,9,0.375,0.012121356092393398,0.9999325275421143,0,1,1.0,0.012447817251086235,0.04020196199417114,0.9999225437641144,0
r0,primary,test/algebra/1332.json,10,0.22265625,0.01090928353369236,0.9999439716339111,0,1,1.0,0.012384955305606127,0.040059447288513184,0.999923437833786,0
r0,primary,test/algebra/1332.json,11,0.15625,0.00903366506099701,0.9999646544456482,0,1,1.0,0.012489075306802988,0.03998047113418579,0.9999223053455353,0
r0,primary,test/algebra/1332.json,12,0.2255859375,0.01584521122276783,0.9998746514320374,0,1,1.0,0.012365535367280245,0.03805047273635864,0.9999238550662994,0
r0,primary,test/algebra/1332.json,13,0.2578125,0.01216086745262146,0.9999304413795471,0,1,0.95,0.011035502888262272,0.03704649209976196,0.9999391436576843,0
r0,primary,test/algebra/1332.json,14,0.28125,0.007817422039806843,0.9999712109565735,0,1,1.0,0.011063433717936277,0.037066638469696045,0.9999389052391052,0
r0,primary,test/algebra/1332.json,15,0.21875,0.010995461605489254,0.9999396204948425,0,1,1.0,0.010961893014609814,0.0367128849029541,0.999939888715744,0
r0,primary,test/algebra/1332.json,16,0.15625,0.013854590244591236,0.9999101161956787,0,1,1.0,0.010793699882924557,0.036746442317962646,0.9999416768550873,0
r0,primary,test/algebra/1332.json,17,0.375,0.023338662460446358,0.9997288584709167,0,1,1.0,0.010584102012217045,0.036530911922454834,0.9999439418315887,0
r0,primary,test/algebra/1332.json,18,0.15625,0.007991320453584194,0.9999691843986511,0,1,1.0,0.010416871402412653,0.03654801845550537,0.9999457895755768,0
r0,primary,test/algebra/1332.json,19,0.203125,0.01149655506014824,0.9999393820762634,0,1,1.0,0.010137483477592468,0.036552608013153076,0.999948650598526,0
r0,primary,test/algebra/1332.json,20,0.1875,0.009683546610176563,0.999957263469696,0,1,0.95,0.010062084533274174,0.03645282983779907,0.9999493956565857,0
r0,primary,test/algebra/1332.json,21,0.1875,0.010264760814607143,0.9999498724937439,0,1,0.95,0.010097034741193056,0.036527276039123535,0.999949038028717,0
r0,primary,test/algebra/1332.json,22,0.1796875,0.01669037900865078,0.9998621344566345,0,1,1.0,0.010043487418442965,0.03675180673599243,0.9999497532844543,0
r0,primary,test/algebra/1332.json,23,0.28125,0.010426297783851624,0.9999569654464722,0,1,1.0,0.010113830212503672,0.036740243434906006,0.9999491274356842,0
r0,primary,test/algebra/1332.json,24,0.15625,0.009431584738194942,0.9999561309814453,0,1,1.0,0.01005974831059575,0.0370708703994751,0.9999499022960663,0
r0,primary,test/algebra/1332.json,25,0.15625,0.009866433218121529,0.999954342842102,0,1,1.0,0.009812768548727036,0.03711205720901489,0.9999526143074036,0
r0,primary,test/algebra/1332.json,26,0.125,0.009664752520620823,0.9999533295631409,0,1,1.0,0.009799342136830091,0.037077486515045166,0.9999524652957916,0
r0,primary,test/algebra/1332.json,27,0.1875,0.011639945209026337,0.9999332427978516,0,1,0.95,0.009633360896259546,0.03703421354293823,0.9999537467956543,0
r0,primary,test/algebra/1332.json,28,0.125,0.007266960572451353,0.9999749660491943,0,1,1.0,0.00950326444581151,0.037116289138793945,0.9999549090862274,0
r0,primary,test/algebra/1332.json,29,0.125,0.0076249027624726295,0.999972403049469,0,1,1.0,0.009501544293016195,0.03707951307296753,0.9999550879001617,0
r0,primary,test/algebra/1332.json,30,0.125,0.00982686411589384,0.9999521374702454,0,1,1.0,0.009432035498321056,0.03712278604507446,0.9999558329582214,0
r0,primary,test/algebra/1332.json,31,0.1552734375,0.010683338157832623,0.9999430775642395,0,1,1.0,0.009581175167113543,0.037115395069122314,0.9999540746212006,0
r0,primary,test/algebra/1332.json,32,0.15625,0.009968992322683334,0.9999524354934692,0,1,1.0,0.009561270009726286,0.037095069885253906,0.9999548196792603,0
r0,primary,test/algebra/1332.json,33,0.1875,0.009275526739656925,0.9999599456787109,0,1,1.0,0.009552595671266317,0.03710198402404785,0.9999546110630035,0
r0,primary,test/algebra/1332.json,34,0.125,0.006492663640528917,0.9999793767929077,0,1,0.95,0.009605321567505598,0.037100017070770264,0.999954491853714,0
r0,primary,test/algebra/1332.json,35,0.15625,0.00742514431476593,0.9999725222587585,0,1,1.0,0.009664434939622879,0.03710049390792847,0.9999538660049438,0
r0,primary,test/algebra/1332.json,36,0.1416015625,0.01025374699383974,0.9999479055404663,0,1,0.95,0.00961592746898532,0.037104010581970215,0.999953955411911,0
r0,primary,test/algebra/1332.json,37,0.140625,0.0085893040522933,0.9999635219573975,0,1,0.95,0.0096253571100533,0.03711199760437012,0.9999542832374573,0
r0,primary,test/algebra/1332.json,38,0.09375,0.007568623870611191,0.9999715089797974,0,1,1.0,0.009615495335310698,0.03708988428115845,0.9999544024467468,0
r0,primary,test/algebra/1332.json,39,0.125,0.012302326038479805,0.9999242424964905,0,1,1.0,0.009474885649979115,0.03706413507461548,0.9999556541442871,0
r0,primary,test/algebra/1332.json,40,0.129638671875,0.008977869525551796,0.9999597072601318,0,1,1.0,0.009434827603399754,0.03705024719238281,0.99995556473732,0
r0,primary,test/algebra/1332.json,41,0.25,0.010268344543874264,0.999955952167511,0,1,1.0,0.009511012583971024,0.03703963756561279,0.9999547600746155,0
r0,primary,test/algebra/1332.json,42,0.1875,0.008507267571985722,0.9999666810035706,0,1,1.0,0.010013953782618046,0.03703725337982178,0.9999502897262573,0
r0,primary,test/algebra/1332.json,43,0.25,0.008132732473313808,0.9999670386314392,0,1,1.0,0.010158882476389408,0.037038981914520264,0.9999484717845917,0
r0,primary,test/algebra/1332.json,44,0.25,0.007085470017045736,0.9999786615371704,0,1,0.95,0.01010584132745862,0.037027060985565186,0.9999490082263947,0
r0,primary,test/algebra/1332.json,45,0.125,0.0075414483435451984,0.999976396560669,0,1,1.0,0.010117600206285715,0.03701978921890259,0.9999490678310394,0
r0,primary,test/algebra/1332.json,46,0.125,0.00891572143882513,0.9999604225158691,0,1,1.0,0.009889958426356316,0.037013113498687744,0.9999511241912842,0
r0,primary,test/algebra/1332.json,47,0.125,0.007020176388323307,0.9999753832817078,0,1,1.0,0.00984808849170804,0.037063539028167725,0.9999514818191528,0
r0,primary,test/algebra/1332.json,48,0.125,0.011311611160635948,0.9999375939369202,0,1,1.0,0.009675323497503996,0.03700673580169678,0.9999531805515289,0
r0,primary,test/algebra/1332.json,49,0.25,0.01260718610137701,0.999920666217804,0,1,1.0,0.009628869127482176,0.03698784112930298,0.9999536871910095,0
r0,primary,test/algebra/1332.json,50,0.1875,0.008725030347704887,0.9999619722366333,0,1,1.0,0.009612711612135172,0.03699314594268799,0.9999538958072662,0
r0,primary,test/algebra/1332.json,51,0.25,0.007406453602015972,0.9999744296073914,0,1,0.95,0.009520287159830332,0.03694963455200195,0.9999547004699707,0
r0,primary,test/algebra/1332.json,52,0.125,0.00887670274823904,0.9999611377716064,0,1,1.0,0.009439112152904272,0.03697174787521362,0.9999555051326752,0
r0,primary,test/algebra/1332.json,53,0.125,0.007242351770401001,0.9999737739562988,0,1,1.0,0.009303167462348938,0.03694730997085571,0.9999567270278931,0
r0,primary,test/algebra/1332.json,54,0.125,0.007208004128187895,0.9999739527702332,0,1,1.0,0.00922643719241023,0.03700137138366699,0.999957412481308,0
r0,primary,test/algebra/1332.json,55,0.1328125,0.01079271174967289,0.9999417662620544,0,1,1.0,0.009132496546953917,0.03699368238449097,0.9999583959579468,0
r0,primary,test/algebra/1332.json,56,0.1474609375,0.00818435475230217,0.9999665021896362,0,1,1.0,0.009142403956502676,0.036931514739990234,0.9999581873416901,0
r0,primary,test/algebra/1332.json,57,0.15625,0.007612378336489201,0.9999711513519287,0,1,1.0,0.009137183893471956,0.0369257926940918,0.9999584257602692,0
r0,primary,test/algebra/1332.json,58,0.1875,0.012891908176243305,0.9999193549156189,0,1,1.0,0.009267712011933327,0.03690814971923828,0.9999571144580841,0
r0,primary,test/algebra/1332.json,59,0.15625,0.00595097104087472,0.9999840259552002,0,1,1.0,0.00939125707373023,0.03691905736923218,0.9999559819698334,0
r0,primary,test/algebra/1332.json,60,0.1875,0.00855739414691925,0.9999685287475586,0,1,1.0,0.009386466350406408,0.03690403699874878,0.9999560117721558,0
r0,primary,test/algebra/1332.json,61,0.125,0.007279477082192898,0.9999735355377197,0,1,1.0,0.009272125083953142,0.036901772022247314,0.9999569952487946,0
r0,primary,test/algebra/1332.json,62,0.25,0.00843852013349533,0.999965488910675,0,1,0.95,0.009331001434475183,0.036856889724731445,0.9999564588069916,0
r0,primary,test/algebra/1332.json,63,0.125,0.006303982809185982,0.9999808669090271,0,1,1.0,0.00934621226042509,0.036849260330200195,0.9999565482139587,0
r0,primary,test/algebra/1332.json,64,0.125,0.005946515128016472,0.9999823570251465,0,1,1.0,0.009218658320605755,0.036853253841400146,0.9999575614929199,0
r0,primary,test/algebra/1332.json,65,0.125,0.008908133022487164,0.9999606609344482,0,1,1.0,0.009208820294588804,0.03685629367828369,0.9999575614929199,0
r0,primary,test/algebra/1332.json,66,0.140625,0.011215954087674618,0.9999371767044067,0,1,0.9,0.009182915557175875,0.036779820919036865,0.9999578893184662,0
r0,primary,test/algebra/1332.json,67,0.25,0.012012642808258533,0.9999374747276306,0,1,1.0,0.009157216176390648,0.036746859550476074,0.9999581873416901,0
r0,primary,test/algebra/1332.json,68,0.15625,0.008423401042819023,0.9999703168869019,0,1,1.0,0.009245417546480894,0.0367436408996582,0.9999572932720184,0
r0,primary,test/algebra/1332.json,69,0.125,0.0068082744255661964,0.9999781847000122,0,1,1.0,0.009221054147928953,0.03671902418136597,0.9999575316905975,0
r0,primary,test/algebra/1332.json,70,0.125,0.005578090902417898,0.9999847412109375,0,1,1.0,0.009174213744699955,0.03662902116775513,0.9999580085277557,0
r0,primary,test/algebra/1332.json,71,0.15625,0.00847110990434885,0.9999644160270691,0,1,0.95,0.009224151726812124,0.03662818670272827,0.9999575614929199,0
r0,primary,test/algebra/1332.json,72,0.1875,0.010417553596198559,0.9999458193778992,0,1,1.0,0.009163416922092438,0.03659588098526001,0.9999580979347229,0
r0,primary,test/algebra/1332.json,73,0.1875,0.01680305227637291,0.9998649954795837,0,1,1.0,0.0091316276229918,0.03658020496368408,0.9999585747718811,0
r0,primary,test/algebra/1332.json,74,0.4140625,0.014221500605344772,0.999899685382843,0,1,1.0,0.009158465079963207,0.03657251596450806,0.9999583661556244,0
r0,primary,test/algebra/1332.json,75,0.25,0.007689320482313633,0.999971330165863,0,1,1.0,0.009207186754792929,0.0365523099899292,0.9999577701091766,0
r0,primary,test/algebra/1332.json,76,0.1875,0.009531077928841114,0.9999592304229736,0,1,1.0,0.009178017266094685,0.03649723529815674,0.9999580085277557,0
r0,primary,test/algebra/1332.json,77,0.140625,0.011833174154162407,0.999935507774353,0,1,1.0,0.009269960690289736,0.03650665283203125,0.9999572038650513,0
r0,primary,test/algebra/1332.json,78,0.1875,0.012055943720042706,0.9999385476112366,0,1,1.0,0.009164882358163595,0.03652316331863403,0.9999581575393677,0
r0,primary,test/algebra/1332.json,79,0.15625,0.009250118397176266,0.9999618530273438,0,1,1.0,0.009032982401549816,0.03648817539215088,0.9999593496322632,0
r0,primary,test/algebra/1332.json,80,0.1875,0.007438093423843384,0.9999752044677734,0,1,1.0,0.00921105919405818,0.036483824253082275,0.999957948923111,0
r0,primary,test/algebra/1332.json,81,0.15625,0.0076250904239714146,0.9999720454216003,0,1,1.0,0.009170877281576395,0.036490023136138916,0.9999589323997498,0
r0,primary,test/algebra/1332.json,82,0.125,0.008241424337029457,0.9999666213989258,0,1,1.0,0.009104783181101084,0.0364915132522583,0.9999591708183289,0
r0,primary,test/algebra/1332.json,83,0.15625,0.006519596558064222,0.9999789595603943,0,1,1.0,0.009118997026234865,0.03647279739379883,0.9999590516090393,0
r0,primary,test/algebra/1332.json,84,0.1416015625,0.008723065257072449,0.9999701380729675,0,1,1.0,0.009054740890860558,0.0364835262298584,0.9999593794345856,0
r0,primary,test/algebra/1332.json,85,0.140625,0.007285277359187603,0.9999735355377197,0,1,1.0,0.009165634866803885,0.03647887706756592,0.9999584257602692,0
r0,primary,test/algebra/1332.json,86,0.15625,0.007140480447560549,0.9999780058860779,0,1,1.0,0.009130976628512144,0.036470890045166016,0.9999586939811707,0
r0,primary,test/algebra/1332.json,87,0.171875,0.00880391150712967,0.9999615550041199,0,1,0.95,0.009180922992527485,0.036467671394348145,0.9999581277370453,0
r0,primary,test/algebra/1332.json,88,0.19140625,0.014271697960793972,0.9998984336853027,0,1,0.95,0.009413143619894981,0.036465466022491455,0.9999561905860901,0
r0,primary,test/algebra/1332.json,89,0.171875,0.009630138985812664,0.9999588131904602,0,1,1.0,0.009635292924940586,0.03644818067550659,0.9999540150165558,0
r0,primary,test/algebra/1332.json,90,1.40625,0.04099735617637634,0.9992884397506714,0,1,1.0,0.009879079181700945,0.0364612340927124,0.9999513626098633,0
r0,primary,test/algebra/1332.json,91,0.1875,0.008651911281049252,0.9999671578407288,0,1,1.0,0.010024020448327065,0.036531150341033936,0.9999498426914215,0
r0,primary,test/algebra/1332.json,92,0.42578125,0.01441574189811945,0.9999151229858398,0,1,1.0,0.010018366854637861,0.03653085231781006,0.9999500811100006,0
r0,primary,test/algebra/1332.json,93,0.125,0.0066673047840595245,0.9999778866767883,0,1,1.0,0.009922853205353022,0.03886083886027336,0.9999511539936066,0
r0,primary,test/algebra/1332.json,94,0.125,0.009785784408450127,0.9999617338180542,0,1,1.0,0.009970533661544323,0.03861820697784424,0.9999505877494812,0
r0,primary,test/algebra/1332.json,95,0.1875,0.010545026510953903,0.9999446272850037,0,1,1.0,0.009775597136467695,0.04026678949594498,0.9999522566795349,0
r0,primary,test/algebra/1332.json,96,0.1875,0.011375220492482185,0.9999383091926575,0,1,1.0,0.009659212082624435,0.039942048490047455,0.9999536871910095,0
r0,primary,test/algebra/1332.json,97,0.25,0.008708206005394459,0.9999643564224243,0,1,0.95,0.009426990989595652,0.03903323411941528,0.9999557137489319,0
r0,primary,test/algebra/1332.json,98,0.25,0.00627306941896677,0.9999814033508301,0,1,1.0,0.009132620878517628,0.03890574723482132,0.9999585151672363,0
r0,primary,test/algebra/1332.json,99,0.16015625,0.00824294239282608,0.9999737739562988,0,1,1.0,0.009009968023747206,0.03857596218585968,0.9999596476554871,0
r0,primary,test/algebra/1332.json,100,0.125,0.010887975804507732,0.9999430775642395,0,1,1.0,0.008962423540651798,0.036248981952667236,0.9999600350856781,0
r0,primary,test/algebra/1332.json,101,0.15625,0.006939302198588848,0.9999762177467346,0,1,0.95,0.008818436414003372,0.036268651485443115,0.9999612867832184,0
r0,primary,test/algebra/1332.json,102,0.1875,0.009707550518214703,0.9999555349349976,0,1,1.0,0.008736707735806704,0.03624790906906128,0.9999619424343109,0
r0,primary,test/algebra/1332.json,103,0.140625,0.007557027041912079,0.9999756217002869,0,1,1.0,0.008960176259279251,0.0363653302192688,0.9999600648880005,0
r0,primary,test/algebra/1332.json,104,0.25,0.011081739328801632,0.9999385476112366,0,1,1.0,0.008979937061667442,0.03634601831436157,0.999959796667099,0
r0,primary,test/algebra/1332.json,105,0.21875,0.01301923394203186,0.9999334216117859,0,1,0.95,0.008847435005009174,0.03634452819824219,0.9999609589576721,0
r0,primary,test/algebra/1332.json,106,0.15625,0.008145710453391075,0.9999750852584839,0,1,1.0,0.008921157103031874,0.03634721040725708,0.9999603033065796,0
r0,primary,test/algebra/1332.json,107,0.140625,0.008175551891326904,0.9999688863754272,0,1,1.0,0.008951249066740274,0.03634005784988403,0.9999601244926453,0
r0,primary,test/algebra/1332.json,108,0.171875,0.010182430036365986,0.999955952167511,0,1,1.0,0.008760297205299139,0.03634387254714966,0.9999617636203766,0
r0,primary,test/algebra/1332.json,109,0.21875,0.01574338600039482,0.9998766779899597,0,0,1.0,0.008664222899824381,0.036373257637023926,0.9999624192714691,0
r0,primary,test/algebra/1332.json,110,0.20703125,0.0129328528419137,0.9999449849128723,0,1,0.95,0.008602703921496868,0.03631550073623657,0.9999630749225616,0
r0,primary,test/algebra/1332.json,111,0.25,0.007857954129576683,0.9999694228172302,0,1,1.0,0.008975120726972818,0.036287903785705566,0.9999597668647766,0
r0,primary,test/algebra/1332.json,112,0.1875,0.008479546755552292,0.9999648928642273,0,1,1.0,0.008894640486687422,0.03627198934555054,0.9999605417251587,0
r0,primary,test/algebra/1332.json,113,0.10546875,0.008234099484980106,0.999967098236084,0,1,1.0,0.008929637726396322,0.03625530004501343,0.9999601244926453,0
r0,primary,test/algebra/1332.json,114,0.140625,0.008130533620715141,0.9999673366546631,0,1,1.0,0.008935558144003153,0.0362391471862793,0.9999602138996124,0
r0,primary,test/algebra/1332.json,115,0.25,0.011053873226046562,0.9999494552612305,0,1,0.95,0.008840409573167562,0.03623777627944946,0.9999610483646393,0
r0,primary,test/algebra/1332.json,116,0.25,0.007211593445390463,0.9999754428863525,0,1,1.0,0.008790445048362017,0.036240220069885254,0.9999615848064423,0
r0,primary,test/algebra/1332.json,117,0.140625,0.009990232065320015,0.9999513030052185,0,1,1.0,0.008876052685081959,0.036239683628082275,0.9999608099460602,0
r0,primary,test/algebra/1332.json,118,0.125,0.010480323806405067,0.9999451041221619,0,1,1.0,0.00889030797407031,0.036240339279174805,0.9999605417251587,0
r0,primary,test/algebra/1332.json,119,0.28125,0.011975379660725594,0.9999316334724426,0,1,1.0,0.008999584708362818,0.03635692596435547,0.9999596774578094,0
r0,primary,test/algebra/1332.json,120,0.140625,0.008933783508837223,0.9999600648880005,0,1,1.0,0.009094443637877703,0.036350131034851074,0.9999588131904602,0
r0,primary,test/algebra/1332.json,121,0.1484375,0.008697676472365856,0.9999635219573975,0,1,1.0,0.008975112810730934,0.03634905815124512,0.9999598264694214,0
r0,primary,test/algebra/1332.json,122,0.25,0.012536425143480301,0.999923050403595,0,1,1.0,0.008946369867771864,0.036346495151519775,0.9999600052833557,0
r0,primary,test/algebra/1332.json,123,0.21875,0.008386672474443913,0.9999648332595825,0,1,1.0,0.008888575714081526,0.03636300563812256,0.999960869550705,0
r0,primary,test/algebra/1332.json,124,0.1875,0.006562866270542145,0.9999784827232361,0,1,1.0,0.008860125206410885,0.03636181354522705,0.9999609887599945,0
r0,primary,test/algebra/1332.json,125,0.1875,0.007498505059629679,0.9999733567237854,0,1,0.95,0.00889833178371191,0.03635531663894653,0.9999606609344482,0
r0,primary,test/algebra/1332.json,126,0.15625,0.006706560496240854,0.9999781847000122,0,1,1.0,0.008826997596770525,0.03634101152420044,0.9999611079692841,0
r0,primary,test/algebra/1332.json,127,0.25,0.01026023831218481,0.999955952167511,0,1,1.0,0.008901518769562244,0.036318182945251465,0.9999606907367706,0
r0,primary,test/algebra/1332.json,128,0.25,0.007771343924105167,0.9999700784683228,0,1,1.0,0.00875410670414567,0.036327362060546875,0.999961793422699,0
r0,primary,test/counting_and_probability/119.json,0,0.26953125,0.022929737344384193,0.9997475743293762,0,1,0.95,0.011858202517032623,0.04197096824645996,0.9999297857284546,0
r0,primary,test/counting_and_probability/119.json,1,0.296875,0.014321324415504932,0.9998981356620789,0,1,0.95,0.012666803784668446,0.034554481506347656,0.999920129776001,0
r0,primary,test/counting_and_probability/119.json,2,0.3125,0.013456313870847225,0.9999111890792847,0,1,1.0,0.012394847813993692,0.0344296395778656,0.9999231994152069,0
r0,primary,test/counting_and_probability/119.json,3,0.3515625,0.02307482436299324,0.9997377395629883,0,1,1.0,0.012942635919898748,0.03649130463600159,0.999916285276413,0
r0,primary,test/counting_and_probability/119.json,4,0.4375,0.027065923437476158,0.9997122287750244,0,1,1.0,0.01360664889216423,0.03765016794204712,0.9999073147773743,0
r0,primary,test/counting_and_probability/119.json,5,0.40625,0.017505772411823273,0.9998571872711182,0,1,1.0,0.014007039833813906,0.03751099109649658,0.9999018907546997,0
r0,primary,test/counting_and_probability/119.json,6,0.1875,0.010780478827655315,0.9999424815177917,0,1,0.95,0.013701743446290493,0.038183778524398804,0.9999062418937683,0
r0,primary,test/counting_and_probability/119.json,7,0.28125,0.013522559776902199,0.9999161958694458,0,1,1.0,0.013342545367777348,0.03819912672042847,0.999910980463028,0
r0,primary,test/counting_and_probability/119.json,8,0.21875,0.011538389138877392,0.9999347925186157,0,1,1.0,0.013169058598577976,0.038266509771347046,0.9999131262302399,0
r0,primary,test/counting_and_probability/119.json,9,0.1875,0.008770665153861046,0.9999620318412781,0,1,0.95,0.012932912446558475,0.038218021392822266,0.9999161660671234,0
r0,primary,test/counting_and_probability/119.json,10,0.1484375,0.010201679542660713,0.9999558925628662,0,1,0.95,0.012876143679022789,0.12797236442565918,0.9999172687530518,0
r0,primary,test/counting_and_probability/119.json,11,0.28125,0.015716608613729477,0.9998775124549866,0,1,0.95,0.012591156642884016,0.03606867790222168,0.9999207854270935,0
r0,primary,test/counting_and_probability/119.json,12,0.265625,0.011898045428097248,0.9999321699142456,0,1,1.0,0.012090072501450777,0.03612998127937317,0.9999270141124725,0
r0,primary,test/counting_and_probability/119.json,13,0.25,0.01270598080009222,0.9999480843544006,0,1,0.95,0.011936470866203308,0.03614059090614319,0.9999291896820068,0
r0,primary,test/counting_and_probability/119.json,14,0.25,0.011197848245501518,0.9999378323554993,0,1,1.0,0.011990744154900312,0.036181360483169556,0.9999282360076904,0
r0,primary,test/counting_and_probability/119.json,15,0.15625,0.012973533011972904,0.9999159574508667,0,1,1.0,0.011494027450680733,0.036229074001312256,0.9999340176582336,0
r0,primary,test/counting_and_probability/119.json,16,0.34375,0.018568115308880806,0.9998276233673096,0,1,0.95,0.011236325837671757,0.03618630766868591,0.999937504529953,0
r0,primary,test/counting_and_probability/119.json,17,0.15625,0.007133782841265202,0.9999745488166809,0,1,0.95,0.011121977120637894,0.03610381484031677,0.999938428401947,0
r0,primary,test/counting_and_probability/119.json,18,0.1875,0.0106956223025918,0.9999490976333618,0,1,1.0,0.010725033935159445,0.036221981048583984,0.9999426901340485,0
r0,primary,test/counting_and_probability/119.json,19,0.203125,0.01377972960472107,0.9999050498008728,0,1,1.0,0.01052090572193265,0.03610655665397644,0.9999449551105499,0
r0,primary,test/counting_and_probability/119.json,20,0.21875,0.010312085971236229,0.9999511241912842,0,1,1.0,0.010581325739622116,0.0356631875038147,0.9999444484710693,0
r0,primary,test/counting_and_probability/119.json,21,0.25,0.020669864490628242,0.9997952580451965,0,1,1.0,0.010629800148308277,0.035704106092453,0.9999436736106873,0
r0,primary,test/counting_and_probability/119.json,22,0.296875,0.015952780842781067,0.9999352097511292,0,1,1.0,0.010630225762724876,0.03572958707809448,0.9999435544013977,0
r0,primary,test/counting_and_probability/119.json,23,0.1875,0.00956640113145113,0.9999643564224243,0,1,1.0,0.010687468107789755,0.0357075035572052,0.9999430477619171,0
r0,primary,test/counting_and_probability/119.json,24,0.15625,0.00910548958927393,0.9999602437019348,0,1,1.0,0.010759560391306877,0.035665690898895264,0.9999421238899231,0
r0,primary,test/counting_and_probability/119.json,25,0.1328125,0.01032217126339674,0.9999469518661499,0,1,1.0,0.010616471525281668,0.0356866717338562,0.9999435245990753,0
r0,primary,test/counting_and_probability/119.json,26,0.1875,0.01150341983884573,0.9999485611915588,0,1,1.0,0.010487704072147608,0.03566029667854309,0.9999449849128723,0
r0,primary,test/counting_and_probability/119.json,27,0.140625,0.008374769240617752,0.9999703168869019,0,1,1.0,0.010354104451835155,0.035645514726638794,0.9999464154243469,0
r0,primary,test/counting_and_probability/119.json,28,0.15625,0.005426822230219841,0.9999855160713196,0,1,1.0,0.01025312626734376,0.03565561771392822,0.9999474585056305,0
r0,primary,test/counting_and_probability/119.json,29,0.15625,0.007361882831901312,0.999974250793457,0,1,1.0,0.010174659546464682,0.03564184904098511,0.9999484717845917,0
r0,primary,test/counting_and_probability/119.json,30,0.1640625,0.006446645129472017,0.9999819397926331,0,1,1.0,0.010162240359932184,0.035651206970214844,0.9999486804008484,0
r0,primary,test/counting_and_probability/119.json,31,0.15625,0.0059357997961342335,0.9999825358390808,0,1,1.0,0.010494961403310299,0.035657137632369995,0.9999452233314514,0
r0,primary,test/counting_and_probability/119.json,32,0.125,0.005726090632379055,0.9999836683273315,0,1,1.0,0.010605918243527412,0.035649001598358154,0.9999440014362335,0
r0,primary,test/counting_and_probability/119.json,33,0.140625,0.007166283205151558,0.9999746084213257,0,1,0.95,0.010336119215935469,0.035670071840286255,0.9999465644359589,0
r0,primary,test/counting_and_probability/119.json,34,0.15625,0.007694802712649107,0.9999769330024719,0,1,1.0,0.010252224747091532,0.035666048526763916,0.9999473690986633,0
r0,primary,test/counting_and_probability/119.json,35,0.125,0.007669871672987938,0.9999706149101257,0,1,0.95,0.01028723269701004,0.03561720252037048,0.9999471604824066,0
r0,primary,test/counting_and_probability/119.json,36,0.125,0.012291892431676388,0.9999252557754517,0,1,1.0,0.010220814030617476,0.03502646088600159,0.9999477863311768,0
r0,primary,test/counting_and_probability/119.json,37,0.25,0.010797306895256042,0.9999425411224365,0,1,1.0,0.010140886064618826,0.034838318824768066,0.9999487400054932,0
r0,primary,test/counting_and_probability/119.json,38,0.5,0.016774464398622513,0.9998601675033569,0,1,1.0,0.010282337199896574,0.03590083122253418,0.9999471604824066,0
r0,primary,test/counting_and_probability/119.json,39,0.125,0.007208708673715591,0.9999766945838928,0,1,1.0,0.010102996602654457,0.036055684089660645,0.9999490678310394,0
r0,primary,test/counting_and_probability/119.json,40,0.25,0.007661993615329266,0.999972403049469,0,1,1.0,0.010119850281625986,0.03604602813720703,0.9999488592147827,0
r0,primary,test/counting_and_probability/119.json,41,0.15625,0.008090290240943432,0.9999738335609436,0,1,1.0,0.010098608210682869,0.034879595041275024,0.9999491572380066,0
r0,primary,test/counting_and_probability/119.json,42,0.625,0.020039066672325134,0.9998170733451843,0,1,0.95,0.010459108743816614,0.03471583127975464,0.9999455809593201,0
r0,primary,test/counting_and_probability/119.json,43,0.1328125,0.00856503564864397,0.9999648332595825,0,1,1.0,0.010529824066907167,0.034720540046691895,0.9999449253082275,0
r0,primary,test/counting_and_probability/119.json,44,0.25,0.010282300412654877,0.9999471306800842,0,1,1.0,0.010235209949314594,0.03452160954475403,0.9999476969242096,0
r0,primary,test/counting_and_probability/119.json,45,0.25,0.008136561140418053,0.9999709725379944,0,1,1.0,0.010267462581396103,0.03427630662918091,0.9999475181102753,0
r0,primary,test/counting_and_probability/119.json,46,0.2109375,0.009537522681057453,0.999955415725708,0,1,1.0,0.010299008339643478,0.03427767753601074,0.9999470412731171,0
r0,primary,test/counting_and_probability/119.json,47,0.3125,0.014860223047435284,0.9998896718025208,0,1,0.95,0.0103222387842834,0.034275442361831665,0.9999469220638275,0
r0,primary,test/counting_and_probability/119.json,48,0.14453125,0.007828264497220516,0.9999732375144958,0,1,1.0,0.010301477741450071,0.03426480293273926,0.9999470114707947,0
r0,primary,test/counting_and_probability/119.json,49,0.25,0.008930456824600697,0.9999691247940063,0,1,0.95,0.010329151060432196,0.03426143527030945,0.9999466836452484,0
r0,primary,test/counting_and_probability/119.json,50,0.25,0.007516027893871069,0.9999725222587585,0,1,1.0,0.010307663585990667,0.034244149923324585,0.9999470114707947,0
r0,primary,test/counting_and_probability/119.json,51,0.4375,0.011501303873956203,0.9999346733093262,0,1,1.0,0.010304935276508331,0.03426322340965271,0.9999469816684723,0
r0,primary,test/counting_and_probability/119.json,52,0.1875,0.008227746933698654,0.9999678134918213,0,1,1.0,0.01031700149178505,0.034254997968673706,0.9999469518661499,0
r0,primary,test/counting_and_probability/119.json,53,0.25,0.012681406922638416,0.9999197125434875,0,1,0.95,0.010440170764923096,0.03425249457359314,0.999945878982544,0
r0,primary,test/counting_and_probability/119.json,54,0.1484375,0.012909644283354282,0.9999181628227234,0,1,1.0,0.010386215057224035,0.034252017736434937,0.9999463856220245,0
r0,primary,test/counting_and_probability/119.json,55,0.125,0.00864015705883503,0.9999703764915466,0,1,1.0,0.010318619199097157,0.03413519263267517,0.9999470710754395,0
r0,primary,test/counting_and_probability/119.json,56,0.125,0.008530235849320889,0.9999660849571228,0,1,1.0,0.010191905777901411,0.03407764434814453,0.9999483525753021,0
r0,primary,test/counting_and_probability/119.json,57,0.125,0.007879980839788914,0.9999732971191406,0,1,1.0,0.010232473723590374,0.03408783674240112,0.9999481737613678,0
r0,primary,test/counting_and_probability/119.json,58,0.203125,0.008552194572985172,0.9999639391899109,0,1,1.0,0.01025611162185669,0.034120142459869385,0.9999478757381439,0
r0,primary,test/counting_and_probability/119.json,59,0.171875,0.00679382449015975,0.9999805688858032,0,1,1.0,0.010157705750316381,0.034037113189697266,0.9999490678310394,0
r0,primary,test/counting_and_probability/119.json,60,0.421875,0.01889379322528839,0.9998287558555603,0,1,0.95,0.010022210888564587,0.034015804529190063,0.9999503791332245,0
r0,primary,test/counting_and_probability/119.json,61,0.375,0.012428523041307926,0.999927818775177,0,1,1.0,0.009978129528462887,0.03404244780540466,0.9999507069587708,0
r0,primary,test/counting_and_probability/119.json,62,0.1953125,0.007624933496117592,0.9999749064445496,0,1,1.0,0.009925244376063347,0.03399550914764404,0.9999511539936066,0
r0,primary,test/counting_and_probability/119.json,63,0.28125,0.008349520154297352,0.9999651908874512,0,1,0.95,0.0098335025832057,0.0339810848236084,0.999951958656311,0
r0,primary,test/counting_and_probability/119.json,64,0.1875,0.010377313941717148,0.9999463558197021,0,1,1.0,0.00977044552564621,0.03419595956802368,0.9999524354934692,0
r0,primary,test/counting_and_probability/119.json,65,0.1875,0.010283024981617928,0.9999527931213379,0,1,1.0,0.00976884551346302,0.03417840600013733,0.9999524652957916,0
r0,primary,test/counting_and_probability/119.json,66,0.15625,0.009995201602578163,0.999950110912323,0,1,1.0,0.009600864257663488,0.03415080904960632,0.9999540448188782,0
r0,primary,test/counting_and_probability/119.json,67,0.1875,0.01040307804942131,0.9999551177024841,0,1,1.0,0.009559226222336292,0.034104734659194946,0.999954491853714,0
r0,primary,test/counting_and_probability/119.json,68,0.15625,0.009808625094592571,0.9999537467956543,0,1,1.0,0.009557055775076151,0.034117162227630615,0.9999543726444244,0
r0,primary,test/counting_and_probability/119.json,69,0.1875,0.009868280962109566,0.9999513626098633,0,1,1.0,0.009496327955275774,0.03689020872116089,0.999954879283905,0
r0,primary,test/counting_and_probability/119.json,70,0.1875,0.009980236180126667,0.999955952167511,0,1,0.95,0.009462473914027214,0.03410792350769043,0.9999551773071289,0
r0,primary,test/counting_and_probability/119.json,71,0.15625,0.007991446182131767,0.9999681115150452,0,1,1.0,0.00943809561431408,0.034006088972091675,0.9999554455280304,0
r0,primary,test/counting_and_probability/119.json,72,0.125,0.008224415592849255,0.9999698400497437,0,1,1.0,0.00951329618692398,0.03395998477935791,0.9999547302722931,0
r0,primary,test/counting_and_probability/119.json,73,0.1875,0.007828579284250736,0.999973475933075,0,1,1.0,0.009624049067497253,0.03397190570831299,0.9999538958072662,0
r0,primary,test/counting_and_probability/119.json,74,0.1875,0.008325495757162571,0.9999653697013855,0,1,1.0,0.00959444185718894,0.03396955132484436,0.9999540448188782,0
r0,primary,test/counting_and_probability/119.json,75,0.1875,0.008693300187587738,0.9999632239341736,0,1,1.0,0.009560197591781616,0.03396835923194885,0.999954342842102,0
r0,primary,test/counting_and_probability/119.json,76,0.1778564453125,0.009809277020394802,0.9999524354934692,0,1,1.0,0.009552372619509697,0.033990561962127686,0.999954491853714,0
r0,primary,test/counting_and_probability/119.json,77,0.1875,0.016824377700686455,0.9998586177825928,0,1,0.95,0.009695303626358509,0.033882737159729004,0.9999532401561737,0
r0,primary,test/counting_and_probability/119.json,78,0.21875,0.01831505261361599,0.9998365044593811,0,1,1.0,0.009652883745729923,0.03284540772438049,0.9999536573886871,0
r0,primary,test/counting_and_probability/119.json,79,0.169921875,0.012312340550124645,0.9999241828918457,0,1,1.0,0.009680461138486862,0.03245145082473755,0.9999533295631409,0
r0,primary,test/counting_and_probability/119.json,80,0.1796875,0.009919690899550915,0.9999582767486572,0,1,0.95,0.009715423453599215,0.032426685094833374,0.9999530017375946,0
r0,primary,test/counting_and_probability/119.json,81,0.12890625,0.008652071468532085,0.999962568283081,0,1,1.0,0.009733294136822224,0.032559603452682495,0.9999526739120483,0
r0,primary,test/counting_and_probability/119.json,82,0.203125,0.014022547751665115,0.9999069571495056,0,1,1.0,0.009826724883168936,0.032509297132492065,0.999952107667923,0
r0,primary,test/counting_and_probability/119.json,83,0.1875,0.008343317545950413,0.999965250492096,0,1,1.0,0.009908214211463928,0.03260594606399536,0.9999509453773499,0
r0,primary,test/counting_and_probability/119.json,84,0.25,0.009332743473351002,0.9999565482139587,0,1,0.95,0.009765313006937504,0.03260558843612671,0.9999533593654633,0
r0,primary,test/counting_and_probability/119.json,85,0.47265625,0.01807950995862484,0.9998711943626404,0,1,1.0,0.00988295627757907,0.032581716775894165,0.9999513328075409,0
r0,primary,test/counting_and_probability/119.json,86,0.15625,0.012396221049129963,0.9999238848686218,0,1,1.0,0.009957099333405495,0.03263932466506958,0.9999504685401917,0
r0,primary,test/counting_and_probability/119.json,87,0.1875,0.014492043294012547,0.9998992085456848,0,1,1.0,0.009668293874710798,0.032644122838974,0.9999534785747528,0
r0,primary,test/counting_and_probability/119.json,88,0.1875,0.008000952191650867,0.9999691247940063,0,1,0.95,0.009681079536676407,0.032615482807159424,0.9999532103538513,0
r0,primary,test/counting_and_probability/119.json,89,0.25,0.010565727949142456,0.9999479651451111,0,1,1.0,0.00947899417951703,0.03258660435676575,0.9999552369117737,0
r0,primary,test/counting_and_probability/119.json,90,0.25,0.007314727175980806,0.999973475933075,0,1,1.0,0.009370218962430954,0.03258433938026428,0.9999564290046692,0
r0,primary,test/counting_and_probability/119.json,91,0.1953125,0.01139853149652481,0.9999517202377319,0,1,0.95,0.00928817642852664,0.03253984451293945,0.9999569654464722,0
r0,primary,test/counting_and_probability/119.json,92,0.25,0.007023560348898172,0.9999757409095764,0,1,1.0,0.009436727035790682,0.03251883387565613,0.9999560713768005,0
r0,primary,test/counting_and_probability/119.json,93,0.25,0.01773386262357235,0.9998731017112732,0,1,1.0,0.009181561879813671,0.03250664472579956,0.9999583661556244,0
r0,primary,test/counting_and_probability/119.json,94,0.25,0.011790139600634575,0.9999327063560486,0,1,0.95,0.009649354964494705,0.03254061937332153,0.9999536275863647,0
r0,primary,test/counting_and_probability/119.json,95,0.1328125,0.006304535083472729,0.9999802112579346,0,1,0.95,0.009614126291126013,0.03254076838493347,0.9999537467956543,0
r0,primary,test/counting_and_probability/119.json,96,0.125,0.0070318481884896755,0.9999755620956421,0,1,1.0,0.009384141769260168,0.032567352056503296,0.999955952167511,0
r0,primary,test/counting_and_probability/119.json,97,0.1875,0.009380508214235306,0.9999610185623169,0,1,1.0,0.009350682143121958,0.03253772854804993,0.9999562501907349,0
r0,primary,test/counting_and_probability/119.json,98,0.1875,0.008067116141319275,0.9999673366546631,0,1,1.0,0.00928222993388772,0.03251904249191284,0.9999569058418274,0
r0,primary,test/counting_and_probability/119.json,99,0.125,0.006869714241474867,0.999976634979248,0,1,0.95,0.009183758869767189,0.032427042722702026,0.9999578595161438,0
r0,primary,test/counting_and_probability/119.json,100,0.125,0.00752542819827795,0.9999719858169556,0,1,1.0,0.009175717364996672,0.032390475273132324,0.9999582469463348,0
r0,primary,test/counting_and_probability/119.json,101,0.1328125,0.007690746337175369,0.9999707341194153,0,1,0.95,0.009055004455149174,0.03235846757888794,0.999959409236908,0
r0,primary,test/counting_and_probability/119.json,102,0.15625,0.007626047823578119,0.9999711513519287,0,1,1.0,0.009049291256815195,0.03234550356864929,0.999959409236908,0
r0,primary,test/counting_and_probability/119.json,103,0.18359375,0.00922243483364582,0.9999577403068542,0,1,1.0,0.009066153783351183,0.03233793377876282,0.9999590516090393,0
r0,primary,test/counting_and_probability/119.json,104,0.25,0.00723179429769516,0.9999741911888123,0,1,1.0,0.009168377611786127,0.03234836459159851,0.9999580383300781,0
r0,primary,test/counting_and_probability/119.json,105,0.1875,0.010034914128482342,0.9999591112136841,0,1,1.0,0.008936827071011066,0.03233805298805237,0.9999602138996124,0
r0,primary,test/counting_and_probability/119.json,106,0.15625,0.011043054983019829,0.9999432563781738,0,1,0.95,0.008888713549822569,0.032326847314834595,0.9999605417251587,0
r0,primary,test/counting_and_probability/119.json,107,0.1875,0.007828970439732075,0.9999716281890869,0,1,1.0,0.00893716886639595,0.032339125871658325,0.99996018409729,0
r0,primary,test/counting_and_probability/119.json,108,0.15625,0.007851877249777317,0.999970018863678,0,1,1.0,0.009126273915171623,0.03232771158218384,0.9999585151672363,0
r0,primary,test/counting_and_probability/119.json,109,0.140625,0.009805121459066868,0.999954879283905,0,1,1.0,0.009104020893573761,0.032287418842315674,0.999958723783493,0
r0,primary,test/counting_and_probability/119.json,110,0.171875,0.009322188794612885,0.999956488609314,0,1,1.0,0.0091017484664917,0.032312601804733276,0.999958723783493,0
r0,primary,test/counting_and_probability/119.json,111,0.21875,0.009848847053945065,0.9999528527259827,0,1,1.0,0.00900110974907875,0.0323159396648407,0.9999596476554871,0
r0,primary,test/counting_and_probability/119.json,112,0.1875,0.0075531164184212685,0.9999721646308899,0,1,0.95,0.00900034187361598,0.032331228256225586,0.9999595582485199,0
r0,primary,test/counting_and_probability/119.json,113,0.140625,0.009494233876466751,0.9999555945396423,0,1,1.0,0.008815809153020382,0.032330721616744995,0.999961256980896,0
r0,primary,test/counting_and_probability/119.json,114,0.125,0.00997404009103775,0.9999527931213379,0,1,1.0,0.008868677075952291,0.032362163066864014,0.9999608397483826,0
r0,primary,test/counting_and_probability/119.json,115,0.1875,0.010635081678628922,0.9999442100524902,0,1,1.0,0.008796080481261015,0.03236508369445801,0.9999615252017975,0
r0,primary,test/counting_and_probability/119.json,116,0.125,0.007978130131959915,0.9999688863754272,0,1,1.0,0.008809133898466825,0.032363444566726685,0.9999612271785736,0
r0,primary,test/counting_and_probability/119.json,117,0.1875,0.015182380564510822,0.9998985528945923,0,1,1.0,0.009010476991534233,0.03237542510032654,0.999959409236908,0
r0,primary,test/counting_and_probability/119.json,118,0.125,0.008053082041442394,0.9999675154685974,0,1,1.0,0.0091534866951406,0.03237205743789673,0.9999581873416901,0
r0,primary,test/counting_and_probability/119.json,119,0.15625,0.008190162479877472,0.9999670386314392,0,1,1.0,0.008980896323919296,0.03236159682273865,0.9999597072601318,0
r0,primary,test/counting_and_probability/119.json,120,0.15625,0.009511458687484264,0.9999549388885498,0,1,1.0,0.008902006782591343,0.032502949237823486,0.9999606311321259,0
r0,primary,test/counting_and_probability/119.json,121,0.25,0.01062336377799511,0.9999443888664246,0,1,1.0,0.008782264310866594,0.0322035551071167,0.9999615848064423,0
r0,primary,test/counting_and_probability/119.json,122,0.1875,0.007993051782250404,0.9999682307243347,0,1,1.0,0.008801871910691261,0.03212475776672363,0.9999612867832184,0
r0,primary,test/counting_and_probability/119.json,123,0.171875,0.010553168132901192,0.9999443888664246,0,1,1.0,0.008898356929421425,0.03215259313583374,0.999960333108902,0
r0,primary,test/counting_and_probability/119.json,124,0.140625,0.007426647935062647,0.9999732375144958,0,1,0.95,0.009021377190947533,0.032180845737457275,0.9999593794345856,0
r0,primary,test/counting_and_probability/119.json,125,0.1875,0.011028037406504154,0.9999554753303528,0,1,1.0,0.008988145273178816,0.03216704726219177,0.999959796667099,0
r0,primary,test/counting_and_probability/119.json,126,0.1875,0.007581869140267372,0.9999726414680481,0,1,1.0,0.009006353560835123,0.03213062882423401,0.9999596178531647,0
r0,primary,test/counting_and_probability/119.json,127,0.1875,0.015478862449526787,0.9998878240585327,0,1,0.95,0.008954593446105719,0.03208664059638977,0.9999601542949677,0
r0,primary,test/counting_and_probability/119.json,128,0.1875,0.009702601470053196,0.9999549388885498,0,1,0.95,0.008980866987258196,0.03206023573875427,0.9999598264694214,0
r0,primary,test/geometry/477.json,0,0.3125,0.026717282831668854,0.9996591210365295,0,1,0.95,0.014682274777442217,0.043457746505737305,0.9998926818370819,0
r0,primary,test/geometry/477.json,1,0.3125,0.01554704736918211,0.9998831748962402,0,1,1.0,0.014316574204713106,0.03656911849975586,0.9998980462551117,0
r0,primary,test/geometry/477.json,2,0.30859375,0.014621884562075138,0.9999060034751892,0,1,0.95,0.014518384356051683,0.0370783805847168,0.9998952746391296,0
r0,primary,test/geometry/477.json,3,0.296875,0.016549116000533104,0.9998633861541748,0,1,1.0,0.014169537462294102,0.03765726089477539,0.9999001920223236,0
r0,primary,test/geometry/477.json,4,0.3203125,0.020219456404447556,0.9997961521148682,0,1,1.0,0.014585878234356642,0.035462379455566406,0.9998940825462341,0
r0,primary,test/geometry/477.json,5,0.28125,0.018176421523094177,0.9998380541801453,0,1,1.0,0.014860104769468307,0.034512996673583984,0.9998900592327118,0
r0,primary,test/geometry/477.json,6,0.375,0.021120445802807808,0.9997814893722534,0,1,1.0,0.015432641375809908,0.034637451171875,0.9998813271522522,0
r0,primary,test/geometry/477.json,7,0.125,0.009202043525874615,0.9999602437019348,0,1,1.0,0.015124771278351545,0.04391026496887207,0.9998859763145447,0
r0,primary,test/geometry/477.json,8,0.265625,0.009219490922987461,0.9999659657478333,0,1,1.0,0.014684733934700489,0.0350794792175293,0.9998924732208252,0
r0,primary,test/geometry/477.json,9,0.25,0.013124410063028336,0.9999305009841919,0,1,1.0,0.014621669426560402,0.035008907318115234,0.9998936653137207,0
r0,primary,test/geometry/477.json,10,0.28125,0.01226051151752472,0.999940037727356,0,1,1.0,0.014478679746389389,0.034935951232910156,0.9998957812786102,0
r0,primary,test/geometry/477.json,11,0.125,0.008464567363262177,0.9999642372131348,0,1,1.0,0.014433504547923803,0.03432512283325195,0.9998962879180908,0
r0,primary,test/geometry/477.json,12,0.25,0.0203770212829113,0.9998152852058411,0,1,1.0,0.01373255904763937,0.03206932544708252,0.9999057650566101,0
r0,primary,test/geometry/477.json,13,0.25,0.013250266201794147,0.9999189376831055,0,1,1.0,0.013388082385063171,0.030887603759765625,0.9999106824398041,0
r0,primary,test/geometry/477.json,14,0.40625,0.009992117062211037,0.9999502301216125,0,1,1.0,0.013370088301599026,0.031233906745910645,0.9999108910560608,0
r0,primary,test/geometry/477.json,15,0.296875,0.011832977645099163,0.9999340176582336,0,1,1.0,0.013630758039653301,0.02969491481781006,0.9999072849750519,0
r0,primary,test/geometry/477.json,16,0.25,0.013343526981770992,0.9999132752418518,0,1,1.0,0.013269806746393442,0.030070781707763672,0.9999123215675354,0
r0,primary,test/geometry/477.json,17,0.6875,0.047050125896930695,0.9989010095596313,0,1,0.9,0.013304981403052807,0.03014838695526123,0.9999124109745026,0
r0,primary,test/geometry/477.json,18,0.171875,0.007757676299661398,0.9999700784683228,0,1,1.0,0.013415578287094831,0.030292272567749023,0.9999105036258698,0
r0,primary,test/geometry/477.json,19,0.25,0.009905051440000534,0.9999513030052185,0,1,1.0,0.012826104648411274,0.03032815456390381,0.9999182224273682,0
r0,primary,test/geometry/477.json,20,0.140625,0.007946353405714035,0.999968409538269,0,1,1.0,0.012517605442553759,0.030453085899353027,0.9999220073223114,0
r0,primary,test/geometry/477.json,21,0.25,0.01012630295008421,0.9999486804008484,0,1,1.0,0.012355866841971874,0.030347704887390137,0.999923974275589,0
r0,primary,test/geometry/477.json,22,0.25,0.018565502017736435,0.9998301267623901,0,1,0.95,0.01232972601428628,0.02949655055999756,0.9999245703220367,0
r0,primary,test/geometry/477.json,23,1.234375,0.034723978489637375,0.9994140863418579,0,1,0.95,0.012427320703864098,0.03018820285797119,0.9999234676361084,0
r0,primary,test/geometry/477.json,24,0.203125,0.011942979879677296,0.9999381303787231,0,1,1.0,0.012674425728619099,0.029041975736618042,0.9999204576015472,0
r0,primary,test/geometry/477.json,25,0.15625,0.009526040405035019,0.9999547600746155,0,1,1.0,0.012070946861058474,0.0290890634059906,0.9999273419380188,0
r0,primary,test/geometry/477.json,26,0.1875,0.01450465526431799,0.9999103546142578,0,1,1.0,0.012087732087820768,0.029101192951202393,0.9999274015426636,0
r0,primary,test/geometry/477.json,27,0.25,0.01164994202554226,0.9999328851699829,0,1,1.0,0.011680564377456903,0.029352383688092232,0.9999322295188904,0
r0,primary,test/geometry/477.json,28,0.25,0.010102035477757454,0.9999569654464722,0,1,0.95,0.01153577258810401,0.02924315445125103,0.9999342560768127,0
r0,primary,test/geometry/477.json,29,0.125,0.008062931708991528,0.9999674558639526,0,1,1.0,0.01135401800274849,0.029850900173187256,0.9999361038208008,0
r0,primary,test/geometry/477.json,30,0.1875,0.007547336630523205,0.9999745488166809,0,1,1.0,0.01118901139125228,0.029975563287734985,0.9999380111694336,0
r0,primary,test/geometry/477.json,31,0.21875,0.010108115151524544,0.9999537467956543,0,1,1.0,0.011010661255568266,0.029530853033065796,0.9999397397041321,0
r0,primary,test/geometry/477.json,32,0.140625,0.008595532737672329,0.9999651908874512,0,1,0.95,0.010965119581669569,0.029403209686279297,0.9999412596225739,0
r0,primary,test/geometry/477.json,33,0.484375,0.022288843989372253,0.9997860789299011,0,1,1.0,0.011532658245414495,0.028785884380340576,0.9999341666698456,0
r0,primary,test/geometry/477.json,34,0.5,0.017474619671702385,0.9998475313186646,0,1,1.0,0.01146439602598548,0.02917763590812683,0.9999349415302277,0
r0,primary,test/geometry/477.json,35,0.25,0.01091969944536686,0.9999547600746155,0,1,1.0,0.01156039023771882,0.026302069425582886,0.9999341666698456,0
r0,primary,test/geometry/477.json,36,0.28125,0.010806649923324585,0.9999554753303528,0,1,1.0,0.011166654992848635,0.026108145713806152,0.9999381005764008,0
r0,primary,test/geometry/477.json,37,0.25,0.012305470183491707,0.9999340772628784,0,1,1.0,0.011197274085134268,0.02617776393890381,0.9999377727508545,0
r0,primary,test/geometry/477.json,38,0.140625,0.009657205082476139,0.9999549984931946,0,1,1.0,0.011003172490745783,0.026489734649658203,0.999939888715744,0
r0,primary,test/geometry/477.json,39,0.171875,0.0075847613625228405,0.9999785423278809,0,1,1.0,0.010745018720626831,0.026842594146728516,0.9999426007270813,0
r0,primary,test/geometry/477.json,40,0.140625,0.009717093780636787,0.9999617338180542,0,1,1.0,0.010743222199380398,0.027030110359191895,0.9999424815177917,0
r0,primary,test/geometry/477.json,41,0.25,0.011540922336280346,0.9999457597732544,0,1,0.95,0.01058448338881135,0.026964187622070312,0.9999442398548126,0
r0,primary,test/geometry/477.json,42,0.25,0.007867038249969482,0.9999691247940063,0,1,1.0,0.01051382813602686,0.02684485912322998,0.9999449849128723,0
r0,primary,test/geometry/477.json,43,0.125,0.007298171985894442,0.9999744296073914,0,1,1.0,0.010520309675484896,0.02696371078491211,0.999944657087326,0
r0,primary,test/geometry/477.json,44,0.125,0.008054491132497787,0.9999681115150452,0,1,1.0,0.010683279950171709,0.026933670043945312,0.9999429881572723,0
r0,primary,test/geometry/477.json,45,0.125,0.005287419073283672,0.9999869465827942,0,1,1.0,0.010646472685039043,0.026996970176696777,0.9999433159828186,0
r0,primary,test/geometry/477.json,46,0.171875,0.008489090017974377,0.9999642372131348,0,1,1.0,0.010618890635669231,0.02698659896850586,0.9999436438083649,0
r0,primary,test/geometry/477.json,47,0.125,0.005835902411490679,0.999983012676239,0,1,1.0,0.010661976877599955,0.026761531829833984,0.9999433159828186,0
r0,primary,test/geometry/477.json,48,0.25,0.01083449088037014,0.9999586343765259,0,1,1.0,0.010598827619105577,0.026877760887145996,0.9999439120292664,0
r0,primary,test/geometry/477.json,49,0.375,0.01704428344964981,0.9998556971549988,0,1,1.0,0.01064305892214179,0.026966333389282227,0.9999434053897858,0
r0,primary,test/geometry/477.json,50,0.5537109375,0.03516519442200661,0.9994372129440308,0,1,1.0,0.011166275944560766,0.04711592197418213,0.9999375641345978,0
r0,primary,test/geometry/477.json,51,0.65625,0.01931905187666416,0.9998182654380798,0,1,0.95,0.011027495376765728,0.03871627151966095,0.9999393820762634,0
r0,primary,test/geometry/477.json,52,0.25,0.007684859912842512,0.9999707937240601,0,1,1.0,0.011096347123384476,0.03846406936645508,0.9999386668205261,0
r0,primary,test/geometry/477.json,53,0.25,0.011420156806707382,0.99994957447052,0,1,0.95,0.010892789345234632,0.03926260769367218,0.9999407827854156,0
r0,primary,test/geometry/477.json,54,0.228515625,0.009408318437635899,0.9999557733535767,0,1,1.0,0.010954712051898241,0.039568498730659485,0.9999401569366455,0
r0,primary,test/geometry/477.json,55,0.15625,0.010879132896661758,0.9999459385871887,0,1,1.0,0.01058645872399211,0.0395219624042511,0.9999440312385559,0
r0,primary,test/geometry/477.json,56,0.125,0.007143873255699873,0.9999776482582092,0,1,1.0,0.010442269966006279,0.03981868922710419,0.9999454319477081,0
r0,primary,test/geometry/477.json,57,0.125,0.009073062799870968,0.9999645352363586,0,1,1.0,0.010812860913574696,0.04040154814720154,0.9999424815177917,0
r0,primary,test/geometry/477.json,58,0.1875,0.009106690064072609,0.9999600052833557,0,1,1.0,0.010702172759920359,0.04037506878376007,0.9999428689479828,0
r0,primary,test/geometry/477.json,59,0.1875,0.009570833295583725,0.999954342842102,0,1,1.0,0.010911963880062103,0.040656015276908875,0.9999404549598694,0
r0,primary,test/geometry/477.json,60,0.21875,0.014205158688127995,0.9999374747276306,0,1,0.95,0.010827909223735332,0.04109150171279907,0.9999417662620544,0
r0,primary,test/geometry/477.json,61,0.1875,0.00863618589937687,0.9999698400497437,0,1,0.95,0.010912416968494654,0.040730178356170654,0.9999406039714813,0
r0,primary,test/geometry/477.json,62,0.1875,0.010674674063920975,0.9999592900276184,0,1,1.0,0.01093590073287487,0.04075191915035248,0.9999405443668365,0
r0,primary,test/geometry/477.json,63,0.1640625,0.008624790236353874,0.999963641166687,0,1,0.95,0.011070519220083952,0.040443867444992065,0.9999394118785858,0
r0,primary,test/geometry/477.json,64,0.15625,0.007190179545432329,0.9999743103981018,0,1,1.0,0.011134962551295757,0.040294110774993896,0.9999395310878754,0
r0,primary,test/geometry/477.json,65,0.125,0.007197816856205463,0.9999744892120361,0,1,1.0,0.011130683589726686,0.040349751710891724,0.9999391138553619,0
r0,primary,test/geometry/477.json,66,0.140625,0.007343875244259834,0.9999730587005615,0,1,1.0,0.011083694640547037,0.04031027853488922,0.9999395310878754,0
r0,primary,test/geometry/477.json,67,0.140625,0.008130964823067188,0.9999717473983765,0,1,1.0,0.010977189056575298,0.040619075298309326,0.9999398589134216,0
r0,primary,test/geometry/477.json,68,0.125,0.006657845340669155,0.9999780654907227,0,1,1.0,0.010961409192532301,0.04068140685558319,0.9999405741691589,0
r0,primary,test/geometry/477.json,69,0.1875,0.009789753705263138,0.9999544620513916,0,1,1.0,0.010877876542508602,0.040384143590927124,0.9999412596225739,0
r0,primary,test/geometry/477.json,70,0.16015625,0.009801594540476799,0.9999521970748901,0,1,1.0,0.010753610171377659,0.03736746311187744,0.9999425411224365,0
r0,primary,test/geometry/477.json,71,0.28125,0.020395427942276,0.9998190402984619,0,1,1.0,0.010954734869301319,0.035538673400878906,0.9999405741691589,0
r0,primary,test/geometry/477.json,72,0.45703125,0.02177083119750023,0.999774694442749,0,1,1.0,0.010892594698816538,0.03442239761352539,0.9999408721923828,0
r0,primary,test/geometry/477.json,73,0.1875,0.007678255904465914,0.9999716877937317,0,1,1.0,0.011001957580447197,0.0343017578125,0.9999398291110992,0
r0,primary,test/geometry/477.json,74,0.25,0.010657324455678463,0.9999587535858154,0,1,1.0,0.010801217053085566,0.034271240234375,0.9999417364597321,0
r0,primary,test/geometry/477.json,75,0.15625,0.009262945502996445,0.9999580383300781,0,1,0.95,0.010969587601721287,0.03387928009033203,0.9999398291110992,0
r0,primary,test/geometry/477.json,76,0.15625,0.010105522349476814,0.9999502301216125,0,1,1.0,0.010762975085526705,0.03381776809692383,0.9999420642852783,0
r0,primary,test/geometry/477.json,77,0.1875,0.007664804346859455,0.9999719858169556,0,1,1.0,0.010721673723310232,0.03360271453857422,0.9999426901340485,0
r0,primary,test/geometry/477.json,78,0.15625,0.009702349081635475,0.9999529719352722,0,1,1.0,0.010466924402862787,0.03356361389160156,0.9999453127384186,0
r0,primary,test/geometry/477.json,79,0.125,0.007665922865271568,0.9999714493751526,0,1,1.0,0.010388017632067204,0.03250408172607422,0.9999461770057678,0
r0,primary,test/geometry/477.json,80,0.125,0.008879372850060463,0.9999657869338989,0,1,1.0,0.010446710977703333,0.0325617790222168,0.9999456405639648,0
r0,primary,test/geometry/477.json,81,0.125,0.008688249625265598,0.9999656081199646,0,1,1.0,0.01057209400460124,0.032599449157714844,0.999944269657135,0
r0,primary,test/geometry/477.json,82,0.126953125,0.011929203756153584,0.9999290108680725,0,1,0.95,0.010690248105674982,0.03242683410644531,0.9999431073665619,0
r0,primary,test/geometry/477.json,83,0.1640625,0.008321358822286129,0.9999659061431885,0,1,1.0,0.010619889944791794,0.0324702262878418,0.9999440610408783,0
r0,primary,test/geometry/477.json,84,0.125,0.007129091769456863,0.9999787211418152,0,1,1.0,0.0105898417532444,0.03244447708129883,0.9999443888664246,0
r0,primary,test/geometry/477.json,85,0.125,0.007053581066429615,0.9999765157699585,0,1,1.0,0.010504822712391615,0.032505035400390625,0.9999450147151947,0
r0,primary,test/geometry/477.json,86,0.25,0.010754416696727276,0.9999577403068542,0,1,1.0,0.010406847577542067,0.032317161560058594,0.999945878982544,0
r0,primary,test/geometry/477.json,87,0.125,0.0090320510789752,0.9999606609344482,0,1,1.0,0.010363888926804066,0.03232240676879883,0.9999462366104126,0
r0,primary,test/geometry/477.json,88,0.1875,0.01094149611890316,0.9999417662620544,0,1,1.0,0.010389900300651789,0.031018733978271484,0.9999460577964783,0
r0,primary,test/geometry/477.json,89,0.25,0.015853887423872948,0.9998742938041687,0,1,1.0,0.0104153654538095,0.030545711517333984,0.9999459981918335,0
r0,primary,test/geometry/477.json,90,0.40625,0.018581382930278778,0.9998283386230469,0,1,1.0,0.01040524011477828,0.030714035034179688,0.9999460875988007,0
r0,primary,test/geometry/477.json,91,0.1875,0.009843094274401665,0.9999669790267944,0,1,1.0,0.010458560660481453,0.030792713165283203,0.9999453723430634,0
r0,primary,test/geometry/477.json,92,0.25,0.007249230518937111,0.9999737739562988,0,1,1.0,0.01020883023738861,0.030772686004638672,0.9999480247497559,0
r0,primary,test/geometry/477.json,93,0.130859375,0.01073342002928257,0.9999457597732544,0,1,1.0,0.010266502853482962,0.030618667602539062,0.9999473989009857,0
r0,primary,test/geometry/477.json,94,0.1875,0.007461377419531345,0.9999725818634033,0,1,0.95,0.010296742897480726,0.030658245086669922,0.9999470114707947,0
r0,primary,test/geometry/477.json,95,0.140625,0.006185950245708227,0.9999813437461853,0,1,1.0,0.01025023078545928,0.031842947006225586,0.9999475479125977,0
r0,primary,test/geometry/477.json,96,0.25,0.00548950769007206,0.9999852180480957,0,1,1.0,0.010148534551262856,0.03080141544342041,0.9999485909938812,0
r0,primary,test/geometry/477.json,97,0.140625,0.008953123353421688,0.999966561794281,0,1,1.0,0.010116067249327898,0.03058338165283203,0.999949038028717,0
r0,primary,test/geometry/477.json,98,0.1875,0.0073899393901228905,0.9999727010726929,0,1,0.95,0.010249828454107046,0.029499530792236328,0.9999476075172424,0
r0,primary,test/geometry/477.json,99,0.125,0.006758380215615034,0.999977171421051,0,1,1.0,0.010153423063457012,0.029487133026123047,0.9999485313892365,0
r0,primary,test/geometry/477.json,100,0.125,0.008376169949769974,0.9999651312828064,0,1,1.0,0.010195611976087093,0.029536724090576172,0.9999481737613678,0
r0,primary,test/geometry/477.json,101,0.125,0.007677540183067322,0.9999706149101257,0,1,1.0,0.010265327990055084,0.029707908630371094,0.9999473094940186,0
r0,primary,test/geometry/477.json,102,0.140625,0.008444887585937977,0.9999654293060303,0,1,1.0,0.010173595044761896,0.029593467712402344,0.9999482929706573,0
r0,primary,test/geometry/477.json,103,0.14453125,0.010803810320794582,0.9999420642852783,0,1,1.0,0.010321573819965124,0.029197216033935547,0.9999467432498932,0
r0,primary,test/geometry/477.json,104,0.25,0.007825144566595554,0.9999697208404541,0,1,1.0,0.010194031056016684,0.029059886932373047,0.999948114156723,0
r0,primary,test/geometry/477.json,105,0.3125,0.008008544333279133,0.9999699592590332,0,1,0.95,0.009936819784343243,0.028735637664794922,0.9999509453773499,0
r0,primary,test/geometry/477.json,106,0.1953125,0.008713741786777973,0.9999685287475586,0,1,0.9,0.01014195429161191,0.028860092163085938,0.9999487102031708,0
r0,primary,test/geometry/477.json,107,0.125,0.012577704153954983,0.9999209642410278,0,1,1.0,0.010299056768417358,0.02884817123413086,0.999947190284729,0
r0,primary,test/geometry/477.json,108,0.140625,0.006692045833915472,0.9999775886535645,0,1,1.0,0.010096120648086071,0.028950214385986328,0.9999493658542633,0
r0,primary,test/geometry/477.json,109,0.1875,0.007673546206206083,0.9999722242355347,0,1,1.0,0.010004105512052774,0.02956533432006836,0.999950110912323,0
r0,primary,test/geometry/477.json,110,0.125,0.008306537754833698,0.9999679923057556,0,1,1.0,0.009888643864542246,0.029582500457763672,0.9999513030052185,0
r0,primary,test/geometry/477.json,111,0.1484375,0.008206230588257313,0.9999663829803467,0,1,1.0,0.009841499850153923,0.027770519256591797,0.9999516904354095,0
r0,primary,test/geometry/477.json,112,0.28125,0.009834966622292995,0.9999524354934692,0,1,0.95,0.009920029435306787,0.030766010284423828,0.9999509155750275,0
r0,primary,test/geometry/477.json,113,0.15234375,0.01568879373371601,0.9998771548271179,0,1,1.0,0.009964565746486187,0.030900001525878906,0.9999509155750275,0
r0,primary,test/geometry/477.json,114,0.3125,0.013217288069427013,0.9999151825904846,0,1,0.9,0.009743093978613615,0.032486915588378906,0.9999526143074036,0
r0,primary,test/geometry/477.json,115,0.1875,0.009455284103751183,0.9999665021896362,0,1,1.0,0.009945573285222054,0.030672669410705566,0.9999509453773499,0
r0,primary,test/geometry/477.json,116,0.15625,0.010458176955580711,0.9999473690986633,0,1,1.0,0.00988379493355751,0.03283846378326416,0.9999516606330872,0
r0,primary,test/geometry/477.json,117,0.1484375,0.008396427147090435,0.9999650120735168,0,1,1.0,0.009847850073128939,0.031739115715026855,0.99995157122612,0
r0,primary,test/geometry/477.json,118,0.125,0.007445733528584242,0.9999724626541138,0,1,1.0,0.009615702088922262,0.03258109092712402,0.999954104423523,0
r0,primary,test/geometry/477.json,119,0.15625,0.008793195709586143,0.999963104724884,0,1,0.95,0.009495938662439585,0.033727169036865234,0.999955415725708,0
r0,primary,test/geometry/477.json,120,0.1875,0.012427891604602337,0.9999264478683472,0,1,1.0,0.009427577257156372,0.02694416046142578,0.9999559223651886,0
r0,primary,test/geometry/477.json,121,1.125,0.05455126613378525,0.9985954761505127,0,1,0.95,0.0098513956181705,0.033111572265625,0.9999517500400543,0
r0,primary,test/geometry/477.json,122,0.4375,0.018415091559290886,0.9998403787612915,0,1,1.0,0.009754316881299019,0.04935579001903534,0.999952644109726,0
r0,primary,test/geometry/477.json,123,0.46875,0.012688597664237022,0.9999211430549622,0,1,1.0,0.009803790133446455,0.0487360805273056,0.9999520480632782,0
r0,primary,test/geometry/477.json,124,0.3125,0.010860251262784004,0.9999423027038574,0,1,1.0,0.010006372351199389,0.04448619484901428,0.9999499917030334,0
r0,primary,test/geometry/477.json,125,0.15625,0.010129397734999657,0.9999492168426514,0,1,1.0,0.009781451430171728,0.044074565172195435,0.9999523162841797,0
r0,primary,test/geometry/477.json,126,0.142333984375,0.007832925766706467,0.9999696016311646,0,1,0.95,0.00979890488088131,0.04095979034900665,0.9999521374702454,0
r0,primary,test/geometry/477.json,127,0.15625,0.010002085007727146,0.9999595880508423,0,1,1.0,0.009523089043796062,0.04120376706123352,0.9999549686908722,0
r0,primary,test/geometry/477.json,128,0.1875,0.011076024733483791,0.9999442100524902,0,1,1.0,0.009665875229984522,0.04063147306442261,0.9999533891677856,0
r0,stress,test/geometry/702.json,0,0.296875,0.02081109955906868,0.9997852444648743,0,1,1.0,0.012363230343908072,0.052628591656684875,0.9999246001243591,0
r0,stress,test/geometry/702.json,1,0.28125,0.015380502678453922,0.9998907446861267,0,1,0.95,0.012287610210478306,0.05064641684293747,0.9999253153800964,0
r0,stress,test/geometry/702.json,2,0.1875,0.010693484917283058,0.9999443888664246,0,1,1.0,0.012032076716423035,0.04842467978596687,0.9999277293682098,0
r0,stress,test/geometry/702.json,3,0.1837158203125,0.008967994712293148,0.9999619722366333,0,1,1.0,0.011586029548197985,0.04818228632211685,0.9999335408210754,0
r0,stress,test/geometry/702.json,4,0.25,0.010779899545013905,0.999941885471344,0,1,1.0,0.011261793319135904,0.047803282737731934,0.9999366700649261,0
r0,stress,test/geometry/702.json,5,0.1875,0.010437472723424435,0.9999475479125977,0,1,1.0,0.011275652796030045,0.04779679328203201,0.9999364912509918,0
r0,stress,test/geometry/702.json,6,0.1875,0.008982215076684952,0.999966561794281,0,1,0.95,0.011146418750286102,0.04768172651529312,0.9999378025531769,0
r0,stress,test/geometry/702.json,7,0.15625,0.00989195704460144,0.9999523758888245,0,1,1.0,0.010817754082381725,0.047562457621097565,0.9999414086341858,0
r0,stress,test/geometry/702.json,8,0.140625,0.007968350313603878,0.999970555305481,0,1,1.0,0.010793380439281464,0.04756917804479599,0.9999417364597321,0
r0,stress,test/geometry/702.json,9,0.12890625,0.008002745918929577,0.9999683499336243,0,1,1.0,0.010882823262363672,0.04749217629432678,0.9999409317970276,0
r0,stress,test/geometry/702.json,10,0.125,0.0076886629685759544,0.9999720454216003,0,1,1.0,0.010831926017999649,0.047571226954460144,0.9999414682388306,0
r0,stress,test/geometry/702.json,11,0.125,0.007630020845681429,0.9999721646308899,0,1,0.95,0.01074519194662571,0.04735159873962402,0.999942421913147,0
r0,stress,test/geometry/702.json,12,0.15625,0.00803332682698965,0.9999700784683228,0,1,0.95,0.010640261229127645,0.04732357710599899,0.9999436736106873,0
r0,stress,test/geometry/702.json,13,0.1875,0.008446510881185532,0.9999650716781616,0,1,0.95,0.010501797311007977,0.047146037220954895,0.9999450147151947,0
r0,stress,test/geometry/702.json,14,0.125,0.010240254923701286,0.9999568462371826,0,1,0.95,0.010514324065297842,0.04711368680000305,0.9999452829360962,0
r0,stress,test/geometry/702.json,15,0.15625,0.00917327031493187,0.9999597072601318,0,1,1.0,0.010125262662768364,0.04702288657426834,0.9999489784240723,0
r0,stress,test/geometry/702.json,16,0.140625,0.008309606462717056,0.9999655485153198,0,1,0.95,0.010149369947612286,0.04657787084579468,0.9999485909938812,0
r0,stress,test/geometry/702.json,17,0.25,0.01228957250714302,0.9999245405197144,0,1,1.0,0.01017965329810977,0.046502821147441864,0.9999481737613678,0
r0,stress,test/geometry/702.json,18,0.140625,0.011591554619371891,0.9999369382858276,0,1,1.0,0.010181799530982971,0.04654765874147415,0.9999481439590454,0
r0,stress,test/geometry/702.json,19,0.25,0.0065349615179002285,0.9999791979789734,0,1,1.0,0.010216664522886276,0.04583151638507843,0.9999477565288544,0
r0,stress,test/geometry/702.json,20,0.25,0.0072684213519096375,0.999974250793457,0,1,1.0,0.010400000493973494,0.04604500159621239,0.9999458491802216,0
r0,stress,test/geometry/702.json,21,0.125,0.006398259196430445,0.9999796152114868,0,1,1.0,0.01034463057294488,0.045975930988788605,0.9999463856220245,0
r0,stress,test/geometry/702.json,22,0.84375,0.02598198875784874,0.999676525592804,0,1,1.0,0.010860115755349398,0.046498265117406845,0.9999410212039948,0
r0,stress,test/geometry/702.json,23,0.15625,0.008156966418027878,0.9999725222587585,0,1,1.0,0.010873551946133375,0.04578814283013344,0.9999409019947052,0
r0,stress,test/geometry/702.json,24,0.146484375,0.008471518754959106,0.9999642372131348,0,1,0.95,0.010742525104433298,0.04624203220009804,0.9999420940876007,0
r0,stress,test/geometry/702.json,25,0.140625,0.007071558851748705,0.9999759197235107,0,1,1.0,0.010643458925187588,0.04615243524312973,0.9999434649944305,0
r0,stress,test/geometry/702.json,26,0.203125,0.009455203078687191,0.9999589920043945,0,1,1.0,0.0106200878508389,0.046072788536548615,0.9999436736106873,0
r0,stress,test/geometry/702.json,27,0.1875,0.00937651190906763,0.9999633431434631,0,1,1.0,0.01079532876610756,0.04591415822505951,0.9999421536922455,0
r0,stress,test/geometry/702.json,28,0.1875,0.010909476317465305,0.9999443292617798,0,1,1.0,0.010855507105588913,0.0453500896692276,0.9999411702156067,0
r0,stress,test/geometry/702.json,29,0.15625,0.009679627604782581,0.9999535083770752,0,1,1.0,0.010777497664093971,0.04523119330406189,0.999941885471344,0
r0,stress,test/geometry/702.json,30,0.125,0.006087641231715679,0.9999816417694092,0,1,1.0,0.010807124897837639,0.0451100692152977,0.9999415278434753,0
r0,stress,test/geometry/702.json,31,0.140625,0.009752693586051464,0.9999553561210632,0,1,1.0,0.010998416692018509,0.04563511908054352,0.9999397099018097,0
r0,stress,test/geometry/702.json,32,0.1875,0.009246714413166046,0.999965250492096,0,1,1.0,0.01084964256733656,0.04553525149822235,0.9999415278434753,0
r0,stress,test/geometry/702.json,33,0.25,0.012114177457988262,0.999933123588562,0,1,1.0,0.01078880624845624,0.0453912615776062,0.9999420046806335,0
r0,stress,test/geometry/702.json,34,0.1328125,0.006241159047931433,0.9999808669090271,0,1,1.0,0.010944508016109467,0.04455500841140747,0.9999401867389679,0
r0,stress,test/geometry/702.json,35,0.125,0.006175382528454065,0.9999812841415405,0,1,1.0,0.011089649051427841,0.04450201243162155,0.9999382495880127,0
r0,stress,test/geometry/702.json,36,0.125,0.007633196655660868,0.99997478723526,0,1,1.0,0.011028992012143135,0.04458913207054138,0.9999394416809082,0
r0,stress,test/geometry/702.json,37,0.125,0.005854176357388496,0.9999845027923584,0,1,1.0,0.01085736183449626,0.04456082731485367,0.9999416768550873,0
r0,stress,test/geometry/702.json,38,0.125,0.007518494501709938,0.9999719262123108,0,1,1.0,0.010754155460745096,0.044483765959739685,0.9999421834945679,0
r0,stress,test/geometry/702.json,39,0.125,0.006910831667482853,0.9999761581420898,0,1,1.0,0.010774900205433369,0.044437892735004425,0.9999418258666992,0
r0,stress,test/geometry/702.json,40,0.125,0.008991406299173832,0.9999674558639526,0,1,1.0,0.010598157066851854,0.0442553386092186,0.9999439120292664,0
r0,stress,test/geometry/702.json,41,0.1875,0.011072329245507717,0.9999393224716187,0,1,1.0,0.010504085570573807,0.044087156653404236,0.9999449849128723,0
r0,stress,test/geometry/702.json,42,0.125,0.007516923826187849,0.9999737739562988,0,1,0.95,0.010614095255732536,0.043323539197444916,0.9999438226222992,0
r0,stress,test/geometry/702.json,43,0.1875,0.00790428277105093,0.999969482421875,0,1,1.0,0.010646482929587364,0.04167104512453079,0.9999433755874634,0
r0,stress,test/geometry/702.json,44,0.22265625,0.018284950405359268,0.9998328685760498,0,1,1.0,0.010812385939061642,0.04025300592184067,0.9999415576457977,0
r0,stress,test/geometry/702.json,45,0.15625,0.00672913109883666,0.9999772310256958,0,1,1.0,0.010933534242212772,0.03984487056732178,0.9999406337738037,0
r0,stress,test/geometry/702.json,46,0.15625,0.010148999281227589,0.9999569058418274,0,1,1.0,0.010398176033049822,0.03968151658773422,0.9999475181102753,0
r0,stress,test/geometry/702.json,47,0.15625,0.007956008426845074,0.9999714493751526,0,1,1.0,0.01012126775458455,0.03981633484363556,0.9999499917030334,0
r0,stress,test/geometry/702.json,48,0.140625,0.00629396690055728,0.9999805092811584,0,1,1.0,0.009839825332164764,0.03991769999265671,0.9999529421329498,0
r0,stress,test/geometry/702.json,49,0.1356048583984375,0.006103683263063431,0.9999813437461853,0,1,1.0,0.009807037189602852,0.039624325931072235,0.9999529123306274,0
r0,stress,test/geometry/702.json,50,0.25,0.0077999429777264595,0.9999697208404541,0,1,1.0,0.009593946393579245,0.039490632712841034,0.9999544620513916,0
r0,stress,test/geometry/702.json,51,0.1875,0.008047682233154774,0.999968945980072,0,1,1.0,0.009481162764132023,0.03938974440097809,0.9999550879001617,0
r0,stress,test/geometry/702.json,52,0.1328125,0.007628133986145258,0.9999710917472839,0,1,1.0,0.009576435200870037,0.03923211991786957,0.999954879283905,0
r0,stress,test/geometry/702.json,53,0.15625,0.017797911539673805,0.9998420476913452,0,1,1.0,0.009604096412658691,0.038924798369407654,0.9999543726444244,0
r0,stress,test/geometry/702.json,54,0.15625,0.008227589540183544,0.9999673962593079,0,1,1.0,0.009567731525748968,0.03825873136520386,0.9999553263187408,0
r0,stress,test/geometry/702.json,55,0.125,0.010433775372803211,0.9999456405639648,0,1,1.0,0.009409287478774786,0.03801637887954712,0.9999567568302155,0
r0,stress,test/geometry/702.json,56,0.169921875,0.0059787859208881855,0.9999822378158569,0,1,1.0,0.009309244342148304,0.037866443395614624,0.9999576508998871,0
r0,stress,test/geometry/702.json,57,0.125,0.006600340362638235,0.9999804496765137,0,1,1.0,0.00948406383395195,0.037828803062438965,0.9999555051326752,0
r0,stress,test/geometry/702.json,58,0.125,0.006317454390227795,0.9999800324440002,0,1,1.0,0.009564126841723919,0.03779181092977524,0.9999555349349976,0
r0,stress,test/geometry/702.json,59,0.140625,0.008801556192338467,0.9999620318412781,0,1,1.0,0.00959408050402999,0.03785376250743866,0.9999544620513916,0
r0,stress,test/geometry/702.json,60,0.25,0.008010399527847767,0.9999694228172302,0,1,1.0,0.009700147435069084,0.0379706472158432,0.9999539852142334,0
r0,stress,test/geometry/702.json,61,0.140625,0.008375867269933224,0.9999648928642273,0,1,1.0,0.009566136635839939,0.037948593497276306,0.9999543130397797,0
r0,stress,test/geometry/702.json,62,0.125,0.008274829015135765,0.9999657869338989,0,1,1.0,0.009586858097463846,0.03800792992115021,0.9999545812606812,0
r0,stress,test/geometry/702.json,63,0.15625,0.007532835938036442,0.9999715685844421,0,1,1.0,0.009719578549265862,0.03806491196155548,0.9999532103538513,0
r0,stress,test/geometry/702.json,64,0.140625,0.009128567762672901,0.9999586343765259,0,1,1.0,0.009853261522948742,0.03848963975906372,0.9999517798423767,0
r0,stress,test/geometry/702.json,65,0.1875,0.00801871158182621,0.9999681711196899,0,1,0.95,0.009878098964691162,0.03835926949977875,0.9999516606330872,0
r0,stress,test/geometry/702.json,66,0.125,0.006251025479286909,0.999981164932251,0,1,0.95,0.00976791512221098,0.03864334523677826,0.9999538958072662,0
r0,stress,test/geometry/702.json,67,0.1875,0.010978457517921925,0.9999396800994873,0,1,1.0,0.009543005842715502,0.03813950717449188,0.9999556839466095,0
r0,stress,test/geometry/702.json,68,0.1796875,0.01177273876965046,0.9999325275421143,0,1,1.0,0.009678623639047146,0.0379348024725914,0.9999532401561737,0
r0,stress,test/geometry/702.json,69,0.1875,0.01326205488294363,0.9999125003814697,0,1,0.95,0.009571353439241648,0.04432415962219238,0.9999552667140961,0
r0,stress,test/geometry/702.json,70,0.125,0.005879864562302828,0.9999858140945435,0,1,1.0,0.009314368944615126,0.03745853900909424,0.9999569356441498,0
r0,stress,test/geometry/702.json,71,0.125,0.0051770941354334354,0.9999867677688599,0,1,0.95,0.009335029870271683,0.037444353103637695,0.9999572038650513,0
r0,stress,test/geometry/702.json,72,0.125,0.006046225782483816,0.9999822378158569,0,1,1.0,0.009439453482627869,0.037403225898742676,0.9999561905860901,0
r0,stress,test/geometry/702.json,73,0.125,0.006080963648855686,0.9999819397926331,0,1,1.0,0.009669650346040726,0.037351131439208984,0.9999541342258453,0
r0,stress,test/geometry/702.json,74,0.125,0.006438986398279667,0.9999811053276062,0,1,1.0,0.009463176596909761,0.03734886646270752,0.9999557137489319,0
r0,stress,test/geometry/702.json,75,0.15625,0.006048481445759535,0.9999817609786987,0,1,1.0,0.009631556924432516,0.037438392639160156,0.9999537169933319,0
r0,stress,test/geometry/702.json,76,0.90625,0.03020348772406578,0.9995648860931396,0,1,1.0,0.009920976590365171,0.03880667686462402,0.9999514818191528,0
r0,stress,test/geometry/702.json,77,0.15625,0.00673579890280962,0.9999774098396301,0,1,1.0,0.01025679474696517,0.037299513816833496,0.999948263168335,0
r0,stress,test/geometry/702.json,78,0.15625,0.012128716334700584,0.9999280571937561,0,1,1.0,0.009915555361658335,0.03725135326385498,0.9999515414237976,0
r0,stress,test/geometry/702.json,79,0.1875,0.012871325947344303,0.9999175071716309,0,1,0.95,0.00971508538350463,0.03730297088623047,0.9999528527259827,0
r0,stress,test/geometry/702.json,80,0.125,0.0062100328505039215,0.999981701374054,0,1,1.0,0.009727127850055695,0.03728330135345459,0.9999530017375946,0
r0,stress,test/geometry/702.json,81,0.125,0.006683042738586664,0.9999777674674988,0,1,1.0,0.009592508431524038,0.03728210926055908,0.9999541640281677,0
r0,stress,test/geometry/702.json,82,0.125,0.006827303674072027,0.9999788403511047,0,1,1.0,0.009663847275078297,0.03727126121520996,0.9999540150165558,0
r0,stress,test/geometry/702.json,83,0.25,0.007676711305975914,0.9999706745147705,0,1,1.0,0.009540424682199955,0.03727889060974121,0.9999546408653259,0
r0,stress,test/geometry/702.json,84,0.1875,0.006542982999235392,0.9999786615371704,0,1,0.95,0.009658318012952805,0.03727900981903076,0.9999543726444244,0
r0,stress,test/geometry/702.json,85,0.1875,0.009026551619172096,0.9999650120735168,0,1,1.0,0.010034458711743355,0.03724205493927002,0.9999507963657379,0
r0,stress,test/geometry/702.json,86,0.703125,0.019932275637984276,0.9998063445091248,0,1,0.95,0.009934616275131702,0.037256479263305664,0.9999513328075409,0
r0,stress,test/geometry/702.json,87,0.1484375,0.007364317309111357,0.9999741911888123,0,1,1.0,0.009801622945815325,0.03727543354034424,0.9999525845050812,0
r0,stress,test/geometry/702.json,88,0.12890625,0.007761520333588123,0.9999717473983765,0,1,1.0,0.009815670549869537,0.03727316856384277,0.9999527037143707,0
r0,stress,test/geometry/702.json,89,0.1875,0.014278251677751541,0.9999234676361084,0,1,0.95,0.009624645113945007,0.037261366844177246,0.9999543726444244,0
r0,stress,test/geometry/702.json,90,0.125,0.005423014517873526,0.9999855756759644,0,1,1.0,0.009660906624048948,0.03725028038024902,0.9999538958072662,0
r0,stress,test/geometry/702.json,91,0.21875,0.009493134915828705,0.9999550580978394,0,1,1.0,0.009871771093457937,0.03724360466003418,0.9999522864818573,0
r0,stress,test/geometry/702.json,92,0.25,0.01106716226786375,0.9999672770500183,0,1,1.0,0.010023222304880619,0.037230491638183594,0.9999505579471588,0
r0,stress,test/geometry/702.json,93,0.25,0.007246479857712984,0.9999750852584839,0,1,0.95,0.009881858248263597,0.03721356391906738,0.9999518990516663,0
r0,stress,test/geometry/702.json,94,0.15625,0.009798487648367882,0.9999738335609436,0,1,1.0,0.009915856178849936,0.037207961082458496,0.9999515414237976,0
r0,stress,test/geometry/702.json,95,0.90625,0.030768893659114838,0.9995691180229187,0,1,0.9,0.01050566229969263,0.03720283508300781,0.9999455809593201,0
r0,stress,test/geometry/702.json,96,0.583984375,0.027276182547211647,0.9996649622917175,0,1,1.0,0.01054509449750185,0.03719806671142578,0.9999450445175171,0
r0,stress,test/geometry/702.json,97,0.15625,0.007543026469647884,0.9999752044677734,0,1,1.0,0.010487569030374289,0.03719174861907959,0.9999457895755768,0
r0,stress,test/geometry/702.json,98,0.125,0.005760447587817907,0.999984622001648,0,1,1.0,0.010354441590607166,0.037186622619628906,0.9999473094940186,0
r0,stress,test/geometry/702.json,99,0.1806640625,0.007652342785149813,0.9999727010726929,0,1,1.0,0.010121248662471771,0.03716611862182617,0.9999493956565857,0
r0,stress,test/geometry/702.json,100,0.5,0.0189716424793005,0.9998413920402527,0,1,1.0,0.010708959773182869,0.03718078136444092,0.999943196773529,0
r0,stress,test/geometry/702.json,101,0.25,0.00607555964961648,0.9999815225601196,0,1,1.0,0.010746669955551624,0.037164926528930664,0.9999425411224365,0
r0,stress,test/geometry/702.json,102,0.6875,0.026441393420100212,0.9996529221534729,0,1,0.95,0.010815609246492386,0.03901217132806778,0.9999421238899231,0
r0,stress,test/geometry/702.json,103,0.3125,0.012438451871275902,0.9999227523803711,0,1,0.95,0.012063848320394754,0.0413118340075016,0.9999282360076904,0
r0,stress,test/geometry/702.json,104,0.28125,0.011616213247179985,0.9999324083328247,0,1,1.0,0.013119997456669807,0.04130011796951294,0.9999139606952667,0
r0,stress,test/geometry/702.json,105,0.28125,0.012868843972682953,0.9999665021896362,0,1,0.95,0.012891759630292654,0.041224248707294464,0.9999168217182159,0
r0,stress,test/geometry/702.json,106,0.35546875,0.01697276346385479,0.999876856803894,0,1,1.0,0.012512884568423033,0.041052013635635376,0.9999217391014099,0
r0,stress,test/geometry/702.json,107,1.34375,0.06916477531194687,0.9977766871452332,0,1,1.0,0.017259568441659212,0.21980655193328857,0.9998495578765869,0
r0,stress,test/geometry/702.json,108,0.21875,0.010697060264647007,0.9999456405639648,0,1,0.95,0.016797085292637348,0.16233938932418823,0.9998595416545868,0
r0,stress,test/geometry/702.json,109,0.1875,0.008881266228854656,0.9999610781669617,0,1,1.0,0.014498017728328705,0.06644970178604126,0.9998949766159058,0
r0,stress,test/geometry/702.json,110,0.25,0.01256866380572319,0.9999212026596069,0,1,0.95,0.013425379060208797,0.06085681915283203,0.9999100863933563,0
r0,stress,test/geometry/702.json,111,0.1875,0.010691598989069462,0.9999427795410156,0,1,1.0,0.01288654375821352,0.05711650848388672,0.9999171197414398,0
r0,stress,test/geometry/702.json,112,0.17120361328125,0.012566439807415009,0.9999263286590576,0,1,1.0,0.0125303422100842,0.045339226722717285,0.9999212622642517,0
r0,stress,test/geometry/702.json,113,0.1875,0.011251875199377537,0.9999463558197021,0,1,1.0,0.01244679605588317,0.04752439260482788,0.9999222159385681,0
r0,stress,test/geometry/702.json,114,0.15625,0.007296995259821415,0.9999792575836182,0,1,1.0,0.012292059604078531,0.04091525077819824,0.9999241232872009,0
r0,stress,test/geometry/702.json,115,0.15625,0.009914779104292393,0.999961256980896,0,1,1.0,0.01223761960864067,0.038878753781318665,0.9999247789382935,0
r0,stress,test/geometry/702.json,116,0.22265625,0.00775799248367548,0.9999738335609436,0,1,1.0,0.01224196096882224,0.03884318470954895,0.9999245703220367,0
r0,stress,test/geometry/702.json,117,0.125,0.007541469298303127,0.9999769926071167,0,1,0.95,0.012192305643111467,0.038937896490097046,0.9999251961708069,0
r0,stress,test/geometry/702.json,118,0.25,0.009839145466685295,0.9999761581420898,0,1,1.0,0.012174165342003107,0.03886938840150833,0.9999253153800964,0
r0,stress,test/geometry/702.json,119,0.125,0.00750075513496995,0.9999729990959167,0,1,1.0,0.01219946425408125,0.038683149963617325,0.9999251663684845,0
r0,stress,test/geometry/702.json,120,0.1875,0.007992051541805267,0.999969482421875,0,1,1.0,0.012057609856128693,0.03892451524734497,0.9999269247055054,0
r0,stress,test/geometry/702.json,121,0.1875,0.008978651836514473,0.9999597072601318,0,1,0.95,0.011879803612828255,0.0384289026260376,0.9999289214611053,0
r0,stress,test/geometry/702.json,122,0.17449951171875,0.010903152637183666,0.9999419450759888,0,1,0.95,0.01187530206516385,0.0375080406665802,0.9999291002750397,0
r0,stress,test/geometry/702.json,123,0.1875,0.012524813413619995,0.9999257326126099,0,1,1.0,0.01187911769375205,0.03739819675683975,0.9999290704727173,0
r0,stress,test/geometry/702.json,124,0.1875,0.009936105459928513,0.9999514222145081,0,1,1.0,0.011787716299295425,0.03734637051820755,0.9999300241470337,0
r0,stress,test/geometry/702.json,125,0.2265625,0.011146166361868382,0.999945342540741,0,1,1.0,0.011684156022965908,0.03741498291492462,0.9999312460422516,0
r0,stress,test/geometry/702.json,126,0.25,0.012535206973552704,0.9999231696128845,0,1,1.0,0.0115927723236382,0.03742954879999161,0.9999323189258575,0
r0,stress,test/geometry/702.json,127,0.71875,0.02025832049548626,0.9998043179512024,0,1,0.95,0.011629900429397821,0.0372157096862793,0.9999321699142456,0
r0,stress,test/geometry/702.json,128,1.4375,0.034432876855134964,0.9994077086448669,0,1,1.0,0.011817317456007004,0.06207776814699173,0.9999298751354218,0
r0,stress,test/geometry/702.json,129,0.21875,0.011240324936807156,0.9999433159828186,0,1,0.9,0.011379169765859842,0.06219523400068283,0.9999349415302277,0
r0,stress,test/geometry/702.json,130,0.375,0.010405446402728558,0.9999495148658752,0,1,1.0,0.011123230680823326,0.04162833094596863,0.9999380111694336,0
r0,stress,test/geometry/702.json,131,0.234375,0.009551803581416607,0.9999631643295288,0,1,1.0,0.011191831901669502,0.04001978039741516,0.9999372363090515,0
r0,stress,test/geometry/702.json,132,0.2109375,0.012487362138926983,0.9999226927757263,0,1,1.0,0.011015822179615498,0.039095014333724976,0.9999392926692963,0
r0,stress,test/geometry/702.json,133,0.25,0.010368824936449528,0.9999474883079529,0,1,1.0,0.010933367535471916,0.038942188024520874,0.9999401569366455,0
r0,stress,test/geometry/702.json,134,0.140625,0.008034207858145237,0.9999714493751526,0,1,1.0,0.010976398829370737,0.038887202739715576,0.9999395906925201,0
r0,stress,test/geometry/702.json,135,0.25,0.006772615015506744,0.9999771118164062,0,1,1.0,0.010987008456140757,0.03870323300361633,0.9999397695064545,0
r0,stress,test/geometry/702.json,136,0.1875,0.015146998688578606,0.9999162554740906,0,1,1.0,0.010875500738620758,0.03869244456291199,0.9999411106109619,0
r0,stress,test/geometry/702.json,137,0.15234375,0.00860394723713398,0.999963104724884,0,1,1.0,0.010837065521627665,0.03855517506599426,0.9999415278434753,0
r0,stress,test/geometry/702.json,138,0.1328125,0.007344930432736874,0.9999771118164062,0,1,0.95,0.010854493826627731,0.03897428512573242,0.9999413788318634,0
r0,stress,test/geometry/702.json,139,0.375,0.014460835605859756,0.9999027848243713,0,1,0.95,0.01094547612592578,0.037701040506362915,0.9999403357505798,0
r0,stress,test/geometry/702.json,140,0.5625,0.01721450686454773,0.9998518824577332,0,1,1.0,0.011105503886938095,0.03813031315803528,0.9999386072158813,0
r0,stress,test/geometry/702.json,141,0.390625,0.01897270977497101,0.9998220205307007,0,1,0.95,0.010948724579066038,0.04030263423919678,0.9999403357505798,0
r0,stress,test/geometry/702.json,142,0.3125,0.014930627308785915,0.9998945593833923,0,1,1.0,0.010754127521067858,0.03986665606498718,0.9999425113201141,0
r0,stress,test/geometry/702.json,143,0.1875,0.008761112578213215,0.9999667406082153,0,1,1.0,0.010686817113310099,0.03974112868309021,0.999943196773529,0
r0,stress,test/geometry/702.json,144,0.15625,0.008395100012421608,0.9999708533287048,0,1,1.0,0.010630039032548666,0.03756016492843628,0.9999436438083649,0
r0,stress,test/geometry/702.json,145,0.1640625,0.011152021586894989,0.9999454021453857,0,1,1.0,0.01054532965645194,0.03739762306213379,0.9999444484710693,0
r0,stress,test/geometry/702.json,146,0.171875,0.009214615449309349,0.9999609589576721,0,1,0.95,0.010538853239268064,0.03736695647239685,0.9999445378780365,0
r0,stress,test/geometry/702.json,147,0.17578125,0.00824401993304491,0.9999747276306152,0,1,1.0,0.010615490842610598,0.03725600242614746,0.9999438524246216,0
r0,stress,test/geometry/702.json,148,0.12890625,0.010660741478204727,0.999943196773529,0,1,0.95,0.010655551683157682,0.0370408296585083,0.9999432861804962,0
r0,stress,test/geometry/702.json,149,0.21875,0.00878914725035429,0.9999627470970154,0,1,1.0,0.010780645534396172,0.03708362579345703,0.9999420940876007,0
r0,stress,test/geometry/702.json,150,0.15625,0.008440406993031502,0.999968409538269,0,1,1.0,0.010687611997127533,0.03707778453826904,0.9999429881572723,0
r0,stress,test/geometry/702.json,151,0.1328125,0.008077820762991905,0.9999678134918213,0,1,0.95,0.010608792770653963,0.03695523738861084,0.9999437928199768,0
r0,stress,test/geometry/702.json,152,0.1328125,0.011405176483094692,0.9999415874481201,0,1,1.0,0.010423165746033192,0.03689420223236084,0.9999458193778992,0
r0,stress,test/geometry/702.json,153,0.203125,0.01135539822280407,0.9999366998672485,0,1,1.0,0.010364520363509655,0.03692734241485596,0.9999465346336365,0
r0,stress,test/geometry/702.json,154,0.140625,0.007476265076547861,0.9999769330024719,0,1,1.0,0.010354266967624426,0.03692209720611572,0.9999465048313141,0
r0,stress,test/geometry/702.json,155,0.3125,0.006582728587090969,0.9999788999557495,0,1,1.0,0.010394124779850245,0.03693532943725586,0.9999460875988007,0
r0,stress,test/geometry/702.json,156,0.3125,0.015295058488845825,0.9999001622200012,0,1,0.95,0.010573214385658503,0.036975860595703125,0.9999442398548126,0
r0,stress,test/geometry/702.json,157,0.140625,0.007909907028079033,0.9999758005142212,0,1,1.0,0.01047820458188653,0.0369640588760376,0.999945342540741,0
r0,stress,test/geometry/702.json,158,0.15625,0.009901456534862518,0.9999521374702454,0,1,0.95,0.010468633845448494,0.03696584701538086,0.9999454915523529,0
r0,stress,test/geometry/702.json,159,0.25,0.012930352240800858,0.9999167323112488,0,1,1.0,0.010538116097450256,0.03690838813781738,0.9999447166919708,0
r0,stress,test/geometry/702.json,160,0.1875,0.012515885755419731,0.9999331831932068,0,1,1.0,0.010463318787515163,0.03689122200012207,0.9999454915523529,0
r0,stress,test/geometry/702.json,161,0.25,0.007863865233957767,0.9999699592590332,0,1,1.0,0.010615311563014984,0.036893248558044434,0.9999439716339111,0
r0,stress,test/geometry/702.json,162,0.125,0.007120021153241396,0.999977171421051,0,1,1.0,0.010735143441706896,0.03685641288757324,0.9999426901340485,0
r0,stress,test/geometry/702.json,163,0.1875,0.011560012586414814,0.9999374151229858,0,1,1.0,0.010624322574585676,0.03681671619415283,0.9999440312385559,0
r0,stress,test/geometry/702.json,164,0.171875,0.011197288520634174,0.9999375343322754,0,1,1.0,0.010566470213234425,0.03679025173187256,0.9999446272850037,0
r0,stress,test/geometry/702.json,165,0.15625,0.008344698697328568,0.999965488910675,0,1,1.0,0.010526180267333984,0.03677225112915039,0.9999451637268066,0
r0,stress,test/geometry/702.json,166,0.140625,0.006985879503190517,0.9999826550483704,0,1,1.0,0.010551640298217535,0.036760807037353516,0.999944657087326,0
r0,stress,test/geometry/702.json,167,0.96875,0.021249709650874138,0.999774158000946,0,1,1.0,0.010907791089266539,0.036733031272888184,0.9999407529830933,0
r0,stress,test/geometry/702.json,168,0.1875,0.007251571398228407,0.9999750852584839,0,1,0.95,0.010837527457624674,0.044155120849609375,0.9999416172504425,0
r0,stress,test/geometry/702.json,169,0.15625,0.007421702612191439,0.9999726414680481,0,1,1.0,0.010752633213996887,0.044197022914886475,0.999942272901535,0
r0,stress,test/geometry/702.json,170,0.1875,0.00900020357221365,0.9999601244926453,0,1,1.0,0.010706466156989336,0.04407155513763428,0.9999429285526276,0
r0,stress,test/geometry/702.json,171,0.1875,0.013357269577682018,0.9999138116836548,0,1,0.95,0.010674301069229841,0.044074952602386475,0.9999433159828186,0
r0,stress,test/geometry/702.json,172,0.25,0.017979834228754044,0.9998531341552734,0,1,1.0,0.010670899879187346,0.04394346475601196,0.9999435245990753,0
r0,stress,test/geometry/702.json,173,0.12890625,0.006986778229475021,0.9999789595603943,0,1,1.0,0.01063905330374837,0.043956875801086426,0.9999438524246216,0
r0,stress,test/geometry/702.json,174,0.1875,0.007271412294358015,0.9999805688858032,0,1,0.95,0.010641992092132568,0.043907344341278076,0.9999437034130096,0
r0,stress,test/geometry/702.json,175,0.36328125,0.011292967014014721,0.9999374747276306,0,1,1.0,0.010649886913597584,0.0439571738243103,0.9999434947967529,0
r0,stress,test/geometry/702.json,176,0.1875,0.006758376490324736,0.9999809861183167,0,1,1.0,0.01073112292215228,0.04395574331283569,0.9999426305294037,0
r0,stress,test/geometry/702.json,177,0.125,0.008150819689035416,0.9999671578407288,0,1,1.0,0.010784303769469261,0.043943166732788086,0.9999421834945679,0
r0,stress,test/geometry/702.json,178,0.140625,0.014527336694300175,0.9998944401741028,0,1,1.0,0.01084546186029911,0.043860793113708496,0.9999413788318634,0
r0,stress,test/geometry/702.json,179,0.474609375,0.03112236224114895,0.9995617866516113,0,1,1.0,0.011096552480012178,0.043525636196136475,0.9999389052391052,0
r0,stress,test/geometry/702.json,180,0.15625,0.007529083639383316,0.9999725818634033,0,1,1.0,0.010700832586735487,0.043659090995788574,0.9999433159828186,0
r0,stress,test/geometry/702.json,181,0.171875,0.00798784475773573,0.9999715089797974,0,1,1.0,0.01051420159637928,0.04332840442657471,0.9999451339244843,0
r0,stress,test/geometry/702.json,182,0.1875,0.012671071104705334,0.9999240040779114,0,1,1.0,0.010488762054592371,0.04326748847961426,0.9999453723430634,0
r0,stress,test/geometry/702.json,183,0.1875,0.008217505179345608,0.9999728202819824,0,1,1.0,0.010482083074748516,0.04327350854873657,0.9999453723430634,0
r0,stress,test/geometry/702.json,184,0.125,0.005801873747259378,0.9999845623970032,0,1,0.95,0.010495255701243877,0.043318867683410645,0.9999453127384186,0
r0,stress,test/geometry/702.json,185,0.25,0.0127927390858531,0.9999200701713562,0,1,1.0,0.01047691609710455,0.043018341064453125,0.9999456405639648,0
r0,stress,test/geometry/702.json,186,0.15625,0.007790327537804842,0.9999713897705078,0,1,1.0,0.010493965819478035,0.04285639524459839,0.9999453723430634,0
r0,stress,test/geometry/702.json,187,0.1875,0.008257378824055195,0.9999670386314392,0,1,1.0,0.010542987380176783,0.04270195960998535,0.999944806098938,0
r0,stress,test/geometry/702.json,188,0.15625,0.008773102425038815,0.9999667406082153,0,1,1.0,0.010614324826747179,0.04262489080429077,0.9999441504478455,0
r0,stress,test/geometry/702.json,189,0.3125,0.017646852880716324,0.9998447895050049,0,1,0.95,0.010627991519868374,0.042605578899383545,0.9999441504478455,0
r0,stress,test/geometry/702.json,190,0.25,0.011503908783197403,0.9999338388442993,0,1,1.0,0.010665592271834612,0.042057573795318604,0.9999436438083649,0
r0,stress,test/geometry/702.json,191,0.15625,0.006834067869931459,0.9999775290489197,0,1,1.0,0.010683495085686445,0.04201316833496094,0.9999433159828186,0
r0,stress,test/geometry/702.json,192,0.140625,0.006818091031163931,0.9999815821647644,0,1,1.0,0.010673340875655413,0.0420382022857666,0.9999432861804962,0
r0,stress,test/geometry/702.json,193,0.34375,0.019860604777932167,0.9998176097869873,0,1,0.95,0.01076774625107646,0.04209089279174805,0.9999424517154694,0
r0,stress,test/geometry/702.json,194,0.125,0.006269300822168589,0.9999806880950928,0,1,1.0,0.010600639041513205,0.042305171489715576,0.9999443590641022,0
r0,stress,test/geometry/702.json,195,0.1875,0.008631721138954163,0.9999632239341736,0,1,0.95,0.010620294138789177,0.04242849349975586,0.9999440908432007,0
r0,stress,test/geometry/702.json,196,0.25,0.013022360391914845,0.999915599822998,0,1,0.95,0.010511189233511686,0.04236704111099243,0.9999455809593201,0
r0,stress,test/geometry/702.json,197,0.25,0.012582127936184406,0.9999311566352844,0,1,1.0,0.010543422773480415,0.04236787557601929,0.9999447464942932,0
r0,stress,test/geometry/702.json,198,0.25,0.0086515499278903,0.999963104724884,0,1,0.95,0.010808479972183704,0.04221850633621216,0.9999417960643768,0
r0,stress,test/geometry/702.json,199,0.15625,0.009277820587158203,0.9999692440032959,0,1,0.95,0.010600464884191751,0.042072415351867676,0.9999439716339111,0
r0,stress,test/geometry/702.json,200,0.140625,0.00971327442675829,0.9999533295631409,0,1,1.0,0.010578496847301722,0.042073071002960205,0.9999444484710693,0
r0,stress,test/geometry/702.json,201,0.25,0.011005956679582596,0.999940812587738,0,1,1.0,0.01065439684316516,0.04186666011810303,0.9999435245990753,0
r0,stress,test/geometry/702.json,202,0.140625,0.007578101474791765,0.9999743700027466,0,1,1.0,0.010666356422007084,0.041715145111083984,0.9999435544013977,0
r0,stress,test/geometry/702.json,203,0.6875,0.02667052671313286,0.9996570348739624,0,1,0.9,0.012765456456691027,0.09880471229553223,0.9999179244041443,0
r0,stress,test/geometry/702.json,204,4.28125,0.1458376944065094,0.9915735125541687,0,1,0.9,0.01323762396350503,0.06126999855041504,0.9999125301837921,0
r0,stress,test/geometry/702.json,205,0.3359375,0.011235714890062809,0.9999386072158813,0,1,1.0,0.013549571856856346,0.05619460344314575,0.999908059835434,0
r0,stress,test/geometry/702.json,206,0.25,0.008230138570070267,0.9999682903289795,0,1,0.95,0.012727633584290743,0.047931969165802,0.9999198913574219,0
r0,stress,test/geometry/702.json,207,0.15625,0.008310195989906788,0.999970018863678,0,1,0.95,0.012296057771891356,0.047846078872680664,0.9999247193336487,0
r0,stress,test/geometry/702.json,208,0.3125,0.014975465834140778,0.9998950362205505,0,1,1.0,0.012098729610443115,0.04778599739074707,0.9999269545078278,0
r0,stress,test/geometry/702.json,209,0.21875,0.012552808038890362,0.999925971031189,0,1,1.0,0.011983572971075773,0.04776191711425781,0.9999284148216248,0
r0,stress,test/geometry/702.json,210,0.15625,0.006882609333842993,0.999978244304657,0,1,1.0,0.011809895280748606,0.047760963439941406,0.9999304413795471,0
r0,stress,test/geometry/702.json,211,0.140625,0.006326144561171532,0.9999801516532898,0,1,1.0,0.011645019520074129,0.04767066240310669,0.9999324381351471,0
r0,stress,test/geometry/702.json,212,0.5625,0.02657134272158146,0.9996510744094849,0,1,0.95,0.012626894284039736,0.04731738567352295,0.9999208748340607,0
r0,stress,test/geometry/702.json,213,0.21875,0.009064888581633568,0.9999593496322632,0,1,1.0,0.012171727139502764,0.04608440399169922,0.9999261200428009,0
r0,stress,test/geometry/702.json,214,0.1875,0.008666424080729485,0.9999668598175049,0,1,1.0,0.01147702569141984,0.046249836683273315,0.9999343752861023,0
r0,stress,test/geometry/702.json,215,0.296875,0.02247035689651966,0.999751627445221,0,1,1.0,0.011317665223032236,0.045998454093933105,0.9999363422393799,0
r0,stress,test/geometry/702.json,216,0.3125,0.017300698906183243,0.9998521208763123,0,1,0.95,0.010828145779669285,0.045986443758010864,0.9999417662620544,0
r0,stress,test/geometry/702.json,217,0.12890625,0.00871696975082159,0.9999626278877258,0,1,1.0,0.010458344593644142,0.04382932186126709,0.9999456703662872,0
r0,stress,test/geometry/702.json,218,0.375,0.014430749230086803,0.9998961687088013,0,1,1.0,0.010315651074051857,0.043893396854400635,0.9999471008777618,0
r0,stress,test/geometry/702.json,219,0.25,0.015476190485060215,0.9998805522918701,0,1,1.0,0.01021549478173256,0.04432910680770874,0.9999481439590454,0
r0,stress,test/geometry/702.json,220,0.1796875,0.015210351906716824,0.9998879432678223,0,1,0.95,0.010155032388865948,0.043482422828674316,0.9999487102031708,0
r0,stress,test/geometry/702.json,221,0.1875,0.008751561865210533,0.9999675750732422,0,1,1.0,0.010177962947636843,0.043363913893699646,0.9999483227729797,0
r0,stress,test/geometry/702.json,222,0.1875,0.008582145906984806,0.9999642968177795,0,1,1.0,0.010294072795659304,0.04327003285288811,0.9999470710754395,0
r0,stress,test/geometry/702.json,223,0.25,0.008249198086559772,0.9999663829803467,0,1,1.0,0.010229223873466253,0.04333607479929924,0.9999476969242096,0
r0,stress,test/geometry/702.json,224,0.25,0.0075753494165837765,0.9999722838401794,0,1,1.0,0.010127557907253504,0.04322656989097595,0.9999487996101379,0
r0,stress,test/geometry/702.json,225,0.125,0.007232170086354017,0.9999749064445496,0,1,0.95,0.01012143911793828,0.04316063970327377,0.9999490082263947,0
r0,stress,test/geometry/702.json,226,0.140625,0.007523569278419018,0.9999737739562988,0,1,1.0,0.010080719832330942,0.04311685264110565,0.9999496042728424,0
r0,stress,test/geometry/702.json,227,0.6875,0.030968541279435158,0.999521791934967,0,1,0.9,0.010328496340662241,0.09910070896148682,0.9999475181102753,0
r0,stress,test/geometry/702.json,228,0.125,0.007674849592149258,0.999981701374054,0,1,1.0,0.010467195883393288,0.06276321411132812,0.9999458193778992,0
r0,stress,test/geometry/702.json,229,0.203125,0.008983920328319073,0.9999649524688721,0,1,1.0,0.010410250630229712,0.04278428107500076,0.9999463856220245,0
r0,stress,test/geometry/702.json,230,0.25,0.008271339349448681,0.9999658465385437,0,1,1.0,0.010232718661427498,0.042574696242809296,0.999947726726532,0
r0,stress,test/geometry/702.json,231,0.25,0.010068455711007118,0.9999496936798096,0,1,1.0,0.010107740759849548,0.042493049055337906,0.999949038028717,0
r0,stress,test/geometry/702.json,232,0.125,0.005387559998780489,0.9999855160713196,0,1,0.95,0.010100140236318111,0.04252287372946739,0.999949038028717,0
r0,stress,test/geometry/702.json,233,0.265625,0.013522840104997158,0.9999178051948547,0,1,1.0,0.010247121099382639,0.042474038898944855,0.9999475479125977,0
r0,stress,test/geometry/702.json,234,0.1875,0.006729999091476202,0.9999775290489197,0,1,1.0,0.010163238272070885,0.04192604124546051,0.9999483525753021,0
r0,stress,test/geometry/702.json,235,0.15625,0.0071321106515824795,0.9999759197235107,0,1,1.0,0.010150241665542126,0.041889701038599014,0.9999484717845917,0
r0,stress,test/geometry/702.json,236,0.1875,0.007158938329666853,0.9999794363975525,0,1,1.0,0.010136925149708986,0.041838388890028,0.9999486804008484,0
r0,stress,test/geometry/702.json,237,0.59375,0.025142518803477287,0.999688982963562,0,1,0.95,0.010878213215619326,0.041685208678245544,0.9999407529830933,0
r0,stress,test/geometry/702.json,238,0.375,0.014609369449317455,0.999899685382843,0,1,1.0,0.010678323451429605,0.04158397018909454,0.9999432563781738,0
r0,stress,test/geometry/702.json,239,0.1875,0.01212664321064949,0.9999340176582336,0,1,1.0,0.010576701257377863,0.042364344000816345,0.9999441206455231,0
r0,stress,test/geometry/702.json,240,0.1875,0.0096155796200037,0.9999552965164185,0,1,1.0,0.01030363468453288,0.04213115572929382,0.9999469518661499,0
r0,stress,test/geometry/702.json,241,0.2578125,0.014035943895578384,0.9999048113822937,0,1,1.0,0.010048429016023874,0.04125040024518967,0.9999496638774872,0
r0,stress,test/geometry/702.json,242,0.25,0.018199767917394638,0.99983811378479,0,1,1.0,0.00998404948040843,0.04028797149658203,0.9999501705169678,0
r0,stress,test/geometry/702.json,243,0.1328125,0.008792078122496605,0.9999627470970154,0,1,0.95,0.009836455341428518,0.04016333818435669,0.9999516904354095,0
r0,stress,test/geometry/702.json,244,0.125,0.007297196425497532,0.999973714351654,0,1,1.0,0.009942155797034502,0.039870619773864746,0.9999510943889618,0
r0,stress,test/geometry/702.json,245,0.21875,0.01335708424448967,0.9999186992645264,0,1,0.95,0.010154352989047766,0.039853304624557495,0.9999493062496185,0
r0,stress,test/geometry/702.json,246,0.15234375,0.006555335130542517,0.9999789595603943,0,1,1.0,0.010266145691275597,0.03985100984573364,0.9999475479125977,0
r0,stress,test/geometry/702.json,247,0.3359375,0.0157739520072937,0.9998825192451477,0,1,1.0,0.010564492549747229,0.03983047604560852,0.9999448359012604,0
r0,stress,test/geometry/702.json,248,0.15625,0.006784126628190279,0.9999770522117615,0,1,1.0,0.010417253710329533,0.03951430320739746,0.999946117401123,0
r0,stress,test/geometry/702.json,249,2.671875,0.07953719794750214,0.9968997240066528,0,1,0.9,0.011023965664207935,0.08586518466472626,0.9999395906925201,0
r0,stress,test/geometry/702.json,250,0.265625,0.009832397103309631,0.9999522566795349,0,1,1.0,0.01135237980633974,0.06840384006500244,0.9999361038208008,0
r0,stress,test/geometry/702.json,251,0.2578125,0.008333161473274231,0.9999662637710571,0,1,1.0,0.010973770637065172,0.053405940532684326,0.9999408721923828,0
r0,stress,test/geometry/702.json,252,0.15625,0.007745847571641207,0.9999704957008362,0,1,1.0,0.010850048158317804,0.05284148454666138,0.9999418258666992,0
r0,stress,test/geometry/702.json,253,0.3828125,0.027357719838619232,0.9996369481086731,0,1,1.0,0.010745765641331673,0.051660895347595215,0.9999426305294037,0
r0,stress,test/geometry/702.json,254,0.25,0.008170554414391518,0.9999669194221497,0,1,1.0,0.010898818261921406,0.054514527320861816,0.9999409317970276,0
r0,stress,test/geometry/702.json,255,0.25,0.005365106277167797,0.999985933303833,0,1,1.0,0.011242428328841925,0.0538787841796875,0.9999372065067291,0
r0,stress,test/geometry/702.json,256,0.1875,0.00585067318752408,0.9999836683273315,0,1,1.0,0.01104119187220931,0.04128830134868622,0.9999396502971649,0
r0,stress,test/geometry/702.json,257,0.25,0.009945593774318695,0.9999539852142334,0,1,1.0,0.011092061176896095,0.04124259948730469,0.9999392330646515,0
r0,stress,test/geometry/702.json,258,0.1875,0.00830010510981083,0.9999656677246094,0,1,1.0,0.011106954421848059,0.04114659130573273,0.9999387562274933,0
r0,stress,test/geometry/702.json,259,0.25,0.013430544175207615,0.9999154210090637,0,1,1.0,0.010779152158647776,0.04094862937927246,0.9999423027038574,0
r0,stress,test/geometry/702.json,260,0.203125,0.011347026564180851,0.9999356865882874,0,1,1.0,0.010701762977987528,0.040422722697257996,0.9999435544013977,0
r0,stress,test/geometry/702.json,261,0.1875,0.013149978592991829,0.9999141097068787,0,1,1.0,0.010490809567272663,0.04029721021652222,0.9999458193778992,0
r0,stress,test/geometry/702.json,262,0.25,0.011356386356055737,0.9999490976333618,0,1,1.0,0.01026414381340146,0.040379613637924194,0.9999482333660126,0
r0,stress,test/geometry/702.json,263,0.171875,0.007625447120517492,0.9999721050262451,0,1,1.0,0.010110924486070871,0.040306150913238525,0.9999502897262573,0
r0,stress,test/geometry/702.json,264,0.19873046875,0.011885534040629864,0.9999297857284546,0,1,1.0,0.010044577065855265,0.0402207225561142,0.9999502003192902,0
r0,stress,test/geometry/702.json,265,0.140625,0.007822270505130291,0.9999703764915466,0,1,1.0,0.010069963987916708,0.04016950726509094,0.999949723482132,0
r0,stress,test/geometry/702.json,266,0.15625,0.009511284530162811,0.9999731183052063,0,1,1.0,0.010104958899319172,0.04008011519908905,0.9999493658542633,0
r0,stress,test/geometry/702.json,267,0.1875,0.010421991348266602,0.999946653842926,0,1,1.0,0.010010488331317902,0.03992101550102234,0.9999506771564484,0
r0,stress,test/geometry/702.json,268,0.15625,0.009108117781579494,0.999959409236908,0,1,1.0,0.010197053663432598,0.03796270489692688,0.9999493956565857,0
r0,stress,test/geometry/702.json,269,0.1875,0.007554482668638229,0.9999719262123108,0,1,1.0,0.010052865836769342,0.03779236972332001,0.9999501407146454,0
r0,stress,test/geometry/702.json,270,0.15625,0.009572416543960571,0.9999625086784363,0,1,1.0,0.00997641310095787,0.03779815137386322,0.9999509155750275,0
r0,stress,test/geometry/702.json,271,0.3945159912109375,0.015735359862446785,0.9998775720596313,0,1,1.0,0.010074378922581673,0.03775539994239807,0.9999494552612305,0
r0,stress,test/geometry/702.json,272,0.15625,0.007568864151835442,0.999971330165863,0,1,1.0,0.010039196815341711,0.03757178783416748,0.9999500215053558,0
r0,stress,test/geometry/702.json,273,0.25,0.006933900061994791,0.9999778270721436,0,1,1.0,0.009914946276694536,0.03760075569152832,0.9999512434005737,0
r0,stress,test/geometry/702.json,274,0.25,0.012260817922651768,0.9999277591705322,0,1,0.95,0.010188018903136253,0.0374828577041626,0.9999483823776245,0
r0,stress,test/geometry/702.json,275,0.1328125,0.009076181799173355,0.999958872795105,0,1,0.95,0.010239599738270044,0.037139758467674255,0.9999479055404663,0
r0,stress,test/geometry/702.json,276,0.125,0.005503496155142784,0.999984860420227,0,1,1.0,0.010158507619053125,0.03711695969104767,0.999949038028717,0
r0,stress,test/geometry/702.json,277,0.515625,0.017157714813947678,0.9998691082000732,0,1,1.0,0.010112884920090437,0.037012189626693726,0.9999498128890991,0
r0,stress,test/geometry/702.json,278,0.140625,0.006969035603106022,0.9999793171882629,0,1,1.0,0.010092757176607847,0.036740392446517944,0.9999498724937439,0
r0,stress,test/geometry/702.json,279,0.125,0.007302396930754185,0.9999747276306152,0,1,1.0,0.010192233603447676,0.03672082722187042,0.9999486207962036,0
r0,stress,test/geometry/702.json,280,0.1875,0.010945717804133892,0.9999467134475708,0,1,1.0,0.01014704816043377,0.036610305309295654,0.9999494552612305,0
r0,stress,test/geometry/702.json,281,0.15625,0.011975717730820179,0.9999287724494934,0,1,1.0,0.009948993101716042,0.03651861846446991,0.9999513328075409,0
r0,stress,test/geometry/702.json,282,0.15625,0.007731863297522068,0.999970555305481,0,1,1.0,0.00992105808109045,0.036420539021492004,0.9999516606330872,0
r0,stress,test/geometry/702.json,283,0.1875,0.006906937342137098,0.9999762773513794,0,1,1.0,0.009736415464431047,0.03641305863857269,0.9999532699584961,0
r0,stress,test/geometry/702.json,284,0.15625,0.0073336767964065075,0.9999755620956421,0,1,1.0,0.009823566768318415,0.03635832667350769,0.9999523162841797,0
r0,stress,test/geometry/702.json,285,0.1875,0.006346376612782478,0.999980628490448,0,1,1.0,0.009823140688240528,0.03636819124221802,0.9999522268772125,0
r0,stress,test/geometry/702.json,286,0.359375,0.015296721830964088,0.999907910823822,0,1,1.0,0.01076937885954976,0.03635960817337036,0.9999421238899231,0
r0,stress,test/geometry/702.json,287,0.1875,0.007986786775290966,0.9999681711196899,0,1,1.0,0.011443333700299263,0.0362895131111145,0.9999342262744904,0
r0,stress,test/geometry/702.json,288,0.1875,0.007751835510134697,0.9999724626541138,0,1,1.0,0.011037453543394804,0.03631561994552612,0.9999387860298157,0
r0,stress,test/geometry/702.json,289,0.1875,0.011310338042676449,0.9999370574951172,0,1,1.0,0.010770150925964117,0.03628537058830261,0.9999417364597321,0
r0,stress,test/geometry/702.json,290,0.21875,0.012738213874399662,0.999920666217804,0,1,1.0,0.01066769938915968,0.03591896593570709,0.9999428987503052,0
r0,stress,test/geometry/702.json,291,0.12939453125,0.010198592208325863,0.9999482035636902,0,1,1.0,0.01047272514551878,0.03583092987537384,0.9999450743198395,0
r0,stress,test/geometry/702.json,292,0.25,0.019035620614886284,0.999828040599823,0,1,0.95,0.010196058079600334,0.03563182055950165,0.9999483823776245,0
r0,stress,test/geometry/702.json,293,0.1328125,0.006652760785073042,0.9999780058860779,0,1,0.95,0.01016525598242879,0.035317257046699524,0.9999483227729797,0
r0,stress,test/geometry/702.json,294,0.15625,0.007615593262016773,0.999973714351654,0,1,0.95,0.0102361049503088,0.03503000736236572,0.9999476373195648,0
r0,stress,test/geometry/702.json,295,0.12890625,0.01226731576025486,0.9999270439147949,0,1,1.0,0.010181742254644632,0.034849852323532104,0.9999481737613678,0
r0,stress,test/geometry/702.json,296,0.125,0.014254777692258358,0.9998994469642639,0,1,1.0,0.010186104569584131,0.03499072790145874,0.999948114156723,0
r0,stress,test/geometry/702.json,297,0.171875,0.012169253081083298,0.9999354481697083,0,1,1.0,0.01012639096006751,0.03470271825790405,0.9999487698078156,0
r0,stress,test/geometry/702.json,298,0.125,0.008941647596657276,0.9999635219573975,0,1,1.0,0.010090274270623922,0.03451895713806152,0.999949187040329,0
r0,stress,test/geometry/702.json,299,0.21875,0.0099715581163764,0.9999557733535767,0,1,1.0,0.010100779589265585,0.03467273712158203,0.9999490678310394,0
r0,stress,test/geometry/702.json,300,0.25,0.01032725628465414,0.9999563097953796,0,1,1.0,0.010080429259687662,0.03470790386199951,0.9999494254589081,0
r0,stress,test/geometry/702.json,301,0.1875,0.010062457993626595,0.9999577403068542,0,1,1.0,0.010097794700413942,0.03513896465301514,0.9999490976333618,0
r0,stress,test/geometry/702.json,302,0.21875,0.008483520708978176,0.9999657869338989,0,1,1.0,0.010110634379088879,0.03485661745071411,0.9999488890171051,0
r0,stress,test/geometry/702.json,303,0.203125,0.008508728817105293,0.9999655485153198,0,1,1.0,0.010109325405210257,0.0348355770111084,0.9999489188194275,0
r0,stress,test/geometry/702.json,304,0.171875,0.010397323407232761,0.999946117401123,0,1,1.0,0.010128203313797712,0.03485375642776489,0.9999486804008484,0
r0,stress,test/geometry/702.json,305,0.1524658203125,0.010841568000614643,0.9999440908432007,0,1,0.95,0.010118742939084768,0.03472107648849487,0.9999489188194275,0
r0,stress,test/geometry/702.json,306,0.1328125,0.008782099932432175,0.9999616146087646,0,1,1.0,0.01015569269657135,0.03464621305465698,0.9999484121799469,0
r0,stress,test/geometry/702.json,307,0.15625,0.009037472307682037,0.9999596476554871,0,1,1.0,0.01013618754222989,0.03458857536315918,0.9999486804008484,0
r0,stress,test/geometry/702.json,308,0.25,0.013400964438915253,0.9999167323112488,0,1,0.95,0.010109358467161655,0.03452467918395996,0.9999488592147827,0
r0,stress,test/geometry/702.json,309,0.25,0.007807673886418343,0.9999695420265198,0,1,1.0,0.010086484253406525,0.03446120023727417,0.9999490976333618,0
r0,stress,test/geometry/702.json,310,0.125,0.00634583318606019,0.9999819397926331,0,1,1.0,0.010038852225989103,0.034380435943603516,0.9999496042728424,0
r0,stress,test/geometry/702.json,311,0.171875,0.007976873777806759,0.9999750852584839,0,1,1.0,0.01001732423901558,0.03426778316497803,0.9999498724937439,0
r0,stress,test/geometry/702.json,312,0.15625,0.006388498470187187,0.9999809265136719,0,1,0.95,0.009995874483138323,0.03428363800048828,0.999950110912323,0
r0,stress,test/geometry/702.json,313,0.15625,0.013447095640003681,0.9999095797538757,0,1,1.0,0.009960007853806019,0.034255921840667725,0.999950498342514,0
r0,stress,test/geometry/702.json,314,0.1875,0.011585158295929432,0.9999379515647888,0,1,1.0,0.01005752943456173,0.034196674823760986,0.9999494850635529,0
r0,stress,test/geometry/702.json,315,0.3125,0.0120380949229002,0.9999313950538635,0,1,1.0,0.010058910120278597,0.034184396266937256,0.9999496638774872,0
r0,stress,test/geometry/702.json,316,0.125,0.008255958557128906,0.9999663829803467,0,1,1.0,0.010145004838705063,0.034145623445510864,0.999948650598526,0
r0,stress,test/geometry/702.json,317,0.65625,0.02062740921974182,0.9998055696487427,0,1,1.0,0.010286790318787098,0.03409537672996521,0.9999472796916962,0
r0,stress,test/geometry/702.json,318,0.125,0.005835211835801601,0.9999838471412659,0,1,1.0,0.010187711101025343,0.034266397356987,0.9999483525753021,0
r0,stress,test/geometry/702.json,319,0.15625,0.005920026917010546,0.9999839067459106,0,1,1.0,0.0101055558770895,0.034227073192596436,0.9999490976333618,0
r0,stress,test/geometry/702.json,320,0.25,0.008069840259850025,0.9999686479568481,0,1,1.0,0.01007987605407834,0.03416037559509277,0.9999495148658752,0
r0,stress,test/geometry/702.json,321,0.796875,0.02054697275161743,0.9997928142547607,0,1,0.95,0.010324010625481606,0.03378434479236603,0.9999472200870514,0
r0,stress,test/geometry/702.json,322,0.125,0.006421450059860945,0.9999794960021973,0,1,1.0,0.010245420970022678,0.03832137584686279,0.9999476969242096,0
r0,stress,test/geometry/702.json,323,0.125,0.006286727264523506,0.9999803900718689,0,1,1.0,0.010097841266542673,0.03851974010467529,0.9999492168426514,0
r0,stress,test/geometry/702.json,324,0.25,0.008282872848212719,0.9999808073043823,0,1,1.0,0.010081355925649405,0.03856784105300903,0.9999495148658752,0
r0,stress,test/geometry/702.json,325,0.96484375,0.04236406832933426,0.9991080164909363,0,1,1.0,0.010981504805386066,0.03828376531600952,0.9999396502971649,0
r0,stress,test/geometry/702.json,326,0.140625,0.006923801731318235,0.9999761581420898,0,1,1.0,0.01091426471248269,0.03754234313964844,0.9999407827854156,0
r0,stress,test/geometry/702.json,327,0.125,0.006056356243789196,0.9999862313270569,0,1,0.95,0.010642620734870434,0.037650346755981445,0.9999436140060425,0
r0,stress,test/geometry/702.json,328,0.25,0.007468385621905327,0.999974250793457,0,1,1.0,0.010564384050667286,0.03778278827667236,0.9999443590641022,0
r0,stress,test/geometry/702.json,329,0.2115478515625,0.009063784033060074,0.999958872795105,0,1,1.0,0.010364110581576824,0.03916183114051819,0.9999463856220245,0
r0,stress,test/geometry/702.json,330,0.1640625,0.013451317325234413,0.9999096393585205,0,1,1.0,0.010258619673550129,0.037686705589294434,0.9999474585056305,0
r0,stress,test/geometry/702.json,331,0.1953125,0.008769272826611996,0.999962329864502,0,1,1.0,0.010234336368739605,0.03729081153869629,0.9999477565288544,0
r0,stress,test/geometry/702.json,332,0.2265625,0.01204379927366972,0.9999293684959412,0,1,0.95,0.010010330472141504,0.03799724578857422,0.9999503493309021,0
r0,stress,test/geometry/702.json,333,0.1875,0.009382901713252068,0.9999654293060303,0,1,0.95,0.009873561561107635,0.03745195269584656,0.9999515414237976,0
r0,stress,test/geometry/702.json,334,0.1328125,0.006963471882045269,0.9999794960021973,0,1,1.0,0.009795701131224632,0.03658813238143921,0.9999523460865021,0
r0,stress,test/geometry/702.json,335,0.1484375,0.005610832013189793,0.9999849796295166,0,1,0.95,0.009821086656302214,0.03679102659225464,0.999951958656311,0
r0,stress,test/geometry/702.json,336,0.140625,0.0054448992013931274,0.9999851584434509,0,1,1.0,0.009822116233408451,0.03664863109588623,0.9999518692493439,0
r0,stress,test/geometry/702.json,337,0.15625,0.007839230820536613,0.9999696612358093,0,1,1.0,0.009811869356781244,0.036570608615875244,0.9999521374702454,0
r0,stress,test/geometry/702.json,338,1.09375,0.02226298302412033,0.9997597932815552,0,1,1.0,0.01020794827491045,0.036620140075683594,0.9999482035636902,0
r0,stress,test/geometry/702.json,339,0.1875,0.0069169336929917336,0.9999786615371704,0,1,1.0,0.010204510297626257,0.037381768226623535,0.9999480843544006,0
r0,stress,test/geometry/702.json,340,0.1875,0.0076437401585280895,0.9999708533287048,0,1,1.0,0.01008918834850192,0.037731051445007324,0.9999492466449738,0
r0,stress,test/geometry/702.json,341,1.75,0.06220650300383568,0.9981365203857422,0,1,0.95,0.012676989194005728,0.06765304505825043,0.9999183118343353,0
r0,stress,test/geometry/702.json,342,1.99609375,0.04836374893784523,0.9988930821418762,0,1,1.0,0.012636734172701836,0.0991196259856224,0.999920666217804,0
r0,stress,test/geometry/702.json,343,0.25,0.013347767293453217,0.9999151229858398,0,1,1.0,0.012881492730230093,0.09843459725379944,0.9999176561832428,0
r0,stress,test/geometry/702.json,344,0.203125,0.010720409452915192,0.9999499917030334,0,1,0.95,0.012325750198215246,0.09814799576997757,0.9999245703220367,0
r0,stress,test/geometry/702.json,345,0.1875,0.01207092497497797,0.9999344944953918,0,1,1.0,0.011746966280043125,0.09751345217227936,0.9999313950538635,0
r0,stress,test/geometry/702.json,346,0.1484375,0.008230575360357761,0.9999693036079407,0,1,1.0,0.011454022489488125,0.09730235487222672,0.9999348521232605,0
r0,stress,test/geometry/702.json,347,0.4375,0.02092914469540119,0.9997831583023071,0,1,1.0,0.011455465573817492,0.09889563918113708,0.9999354183673859,0
r0,stress,test/geometry/702.json,348,0.21875,0.016542453318834305,0.9998638033866882,0,1,1.0,0.011047468055039644,0.09373340755701065,0.9999399483203888,0
r0,stress,test/geometry/702.json,349,0.1875,0.011682603508234024,0.9999329447746277,0,1,1.0,0.010687596164643764,0.09250432997941971,0.9999428391456604,0
r0,stress,test/geometry/702.json,350,0.1875,0.008636963553726673,0.9999642968177795,0,1,1.0,0.01053556427359581,0.09192421287298203,0.999945342540741,0
r0,stress,test/geometry/702.json,351,0.1875,0.008685060776770115,0.9999643564224243,0,1,1.0,0.010220442898571491,0.09091564267873764,0.9999483823776245,0
r0,stress,test/geometry/702.json,352,0.140625,0.008097581565380096,0.9999701976776123,0,1,1.0,0.009920636657625437,0.0906524583697319,0.9999516308307648,0
r0,stress,test/geometry/702.json,353,0.25,0.012229247018694878,0.9999293684959412,0,1,0.95,0.01064190175384283,0.0900798887014389,0.9999439418315887,0
r0,stress,test/geometry/702.json,354,0.125,0.006621790584176779,0.9999819397926331,0,1,1.0,0.010793492197990417,0.089725561439991,0.9999426603317261,0
r0,stress,test/geometry/702.json,355,0.15625,0.007835046388208866,0.9999802708625793,0,1,1.0,0.010883354116231203,0.08935051411390305,0.999942421913147,0
r0,stress,test/geometry/702.json,356,0.25,0.00864151306450367,0.9999677538871765,0,1,1.0,0.010414643678814173,0.08927053213119507,0.9999474287033081,0
r0,stress,test/geometry/702.json,357,0.25,0.0071388897486031055,0.9999756813049316,0,1,1.0,0.010376503225415945,0.08907505869865417,0.9999467730522156,0
r0,stress,test/geometry/702.json,358,0.3125,0.015274393372237682,0.9998993873596191,0,1,1.0,0.01040200050920248,0.08883726596832275,0.9999467432498932,0
r0,stress,test/geometry/702.json,359,0.25,0.007827701047062874,0.9999693036079407,0,1,1.0,0.010381508152931929,0.08949209749698639,0.9999465942382812,0
r0,stress,test/geometry/702.json,360,0.1875,0.009699637070298195,0.9999653100967407,0,1,1.0,0.010169309563934803,0.08933096379041672,0.9999489486217499,0
r0,stress,test/geometry/702.json,361,0.171875,0.010674203746020794,0.9999491572380066,0,1,1.0,0.010101153515279293,0.0886661559343338,0.9999493360519409,0
r0,stress,test/geometry/702.json,362,0.1875,0.017147092148661613,0.9998531341552734,0,1,0.95,0.010231659281998873,0.0891113206744194,0.9999481737613678,0
r0,stress,test/geometry/702.json,363,0.203125,0.00930969137698412,0.9999579191207886,0,1,1.0,0.010092608164995909,0.08886772394180298,0.9999493956565857,0
r0,stress,test/geometry/702.json,364,0.1875,0.008374020457267761,0.9999690055847168,0,1,1.0,0.009910742286592722,0.08847802877426147,0.9999510645866394,0
r0,stress,test/geometry/702.json,365,0.140625,0.010571272112429142,0.9999468922615051,0,1,1.0,0.009798876009881496,0.08847515285015106,0.999952644109726,0
r0,stress,test/geometry/702.json,366,0.1875,0.009399778209626675,0.9999560117721558,0,1,1.0,0.009796314872801304,0.08804545551538467,0.9999526143074036,0
r0,stress,test/geometry/702.json,367,0.21875,0.00818222388625145,0.9999682903289795,0,1,1.0,0.010033829137682915,0.08719650655984879,0.9999497830867767,0
r0,stress,test/geometry/702.json,368,0.1875,0.013770010322332382,0.9999159574508667,0,1,1.0,0.01008912455290556,0.08722469955682755,0.9999491572380066,0
r0,stress,test/geometry/702.json,369,0.25,0.013169260695576668,0.9999446272850037,0,1,0.95,0.01013368833810091,0.08728642016649246,0.9999487996101379,0
r0,stress,test/geometry/702.json,370,0.1875,0.0104025574401021,0.9999622106552124,0,1,1.0,0.01003593485802412,0.08645833283662796,0.9999500513076782,0
r0,stress,test/geometry/702.json,371,0.1875,0.0108629846945405,0.9999434947967529,0,1,0.95,0.010209640953689814,0.08538354933261871,0.9999479055404663,0
r0,stress,test/geometry/702.json,372,0.21875,0.009489251300692558,0.9999553561210632,0,1,1.0,0.010169768705964088,0.0861051008105278,0.9999484121799469,0
r0,stress,test/geometry/702.json,373,0.3125,0.015490717254579067,0.9998956322669983,0,1,1.0,0.010144512634724379,0.08516835421323776,0.9999488592147827,0
r0,stress,test/geometry/702.json,374,0.21875,0.025686539709568024,0.9997215867042542,0,1,0.95,0.01016468508169055,0.08516513556241989,0.9999487996101379,0
r0,stress,test/geometry/702.json,375,0.34375,0.00838056206703186,0.9999669194221497,0,1,1.0,0.010098007041960955,0.08438464999198914,0.9999494850635529,0
r0,stress,test/geometry/702.json,376,0.171875,0.005785531830042601,0.9999834299087524,0,1,1.0,0.01001017540693283,0.08454478532075882,0.9999504089355469,0
r0,stress,test/geometry/702.json,377,0.41015625,0.0240098237991333,0.9997730851173401,0,1,1.0,0.011213596444576979,0.08321663737297058,0.9999375641345978,0
r0,stress,test/geometry/702.json,378,0.125,0.006807975936681032,0.9999775886535645,0,1,0.95,0.01188093377277255,0.08291549235582352,0.9999285638332367,0
r0,stress,test/geometry/702.json,379,0.25,0.00996433012187481,0.9999509453773499,0,1,1.0,0.011137899942696095,0.08165691792964935,0.9999375641345978,0
r0,stress,test/geometry/702.json,380,0.21875,0.014207902364432812,0.9998992085456848,0,1,1.0,0.01090956712141633,0.07705680280923843,0.9999403059482574,0
r0,stress,test/geometry/702.json,381,0.359375,0.01589718647301197,0.9998735785484314,0,1,1.0,0.01064233761280775,0.07656627893447876,0.9999431371688843,0
r0,stress,test/geometry/702.json,382,0.28125,0.010397850535809994,0.9999473690986633,0,1,0.95,0.010308925993740559,0.07360638678073883,0.9999468922615051,0
r0,stress,test/geometry/702.json,383,0.1875,0.012899956665933132,0.9999167919158936,0,1,0.95,0.010082611814141273,0.07334693521261215,0.9999493360519409,0
r0,stress,test/geometry/702.json,384,0.140625,0.008355331607162952,0.9999656677246094,0,1,0.95,0.010055754333734512,0.07251100242137909,0.9999494552612305,0
r0,stress,test/geometry/702.json,385,0.125,0.006179784424602985,0.999981701374054,0,1,1.0,0.0102350739762187,0.07200413942337036,0.9999475181102753,0
r0,stress,test/geometry/702.json,386,0.25,0.012048663571476936,0.9999445080757141,0,1,0.95,0.010148566216230392,0.07177639752626419,0.9999484717845917,0
r0,stress,test/geometry/702.json,387,0.234375,0.010481647215783596,0.9999514818191528,0,1,1.0,0.010388164315372705,0.07150570303201675,0.9999460577964783,0
r0,stress,test/geometry/702.json,388,0.171875,0.008923539891839027,0.9999623894691467,0,1,1.0,0.010422918479889631,0.07139094173908234,0.9999457895755768,0
r0,stress,test/geometry/702.json,389,0.953125,0.021845312789082527,0.9997620582580566,0,1,1.0,0.010809433180838823,0.07145680487155914,0.9999416768550873,0
r0,stress,test/geometry/702.json,390,0.1875,0.010950040072202682,0.9999433755874634,0,1,1.0,0.010683238971978426,0.0712638646364212,0.9999431669712067,0
r0,stress,test/geometry/702.json,391,0.140625,0.008495788089931011,0.999968409538269,0,1,1.0,0.010387322399765253,0.07090533524751663,0.999946117401123,0
r0,stress,test/geometry/702.json,392,0.12890625,0.00921050924807787,0.9999576210975647,0,1,0.95,0.01025203661993146,0.0706627145409584,0.9999474883079529,0
r0,stress,test/geometry/702.json,393,0.140625,0.008799516595900059,0.9999613165855408,0,1,1.0,0.010213421192020178,0.0705697163939476,0.9999479055404663,0
r0,stress,test/geometry/702.json,394,0.1640625,0.011025398038327694,0.999943196773529,0,1,1.0,0.01017978647723794,0.0704953595995903,0.9999482929706573,0
r0,stress,test/geometry/702.json,395,0.25,0.008431339636445045,0.9999659657478333,0,1,1.0,0.010022756643593311,0.07029970735311508,0.9999497830867767,0
r0,stress,test/geometry/702.json,396,0.25,0.010280491784214973,0.9999486804008484,0,1,0.95,0.010175722185522318,0.07024921476840973,0.9999482333660126,0
r0,stress,test/geometry/702.json,397,0.15625,0.011089643463492393,0.9999392628669739,0,1,1.0,0.009936068207025528,0.06997177749872208,0.999950647354126,0
r0,stress,test/geometry/702.json,398,0.25,0.012448552064597607,0.9999470710754395,0,1,0.95,0.01000602776184678,0.07001136243343353,0.9999499619007111,0
r0,stress,test/geometry/702.json,399,0.125,0.009412035346031189,0.9999695420265198,0,1,1.0,0.010025441646575928,0.07003125548362732,0.9999498128890991,0
r0,stress,test/geometry/702.json,400,0.125,0.008832808583974838,0.9999628663063049,0,1,1.0,0.01002941420301795,0.06970344483852386,0.9999498724937439,0
r0,stress,test/geometry/702.json,401,0.3125,0.009546397253870964,0.9999544024467468,0,1,1.0,0.010273216292262077,0.06957276165485382,0.9999473094940186,0
r0,stress,test/geometry/702.json,402,0.3125,0.013211031444370747,0.9999145865440369,0,1,0.95,0.00995911005884409,0.06751126796007156,0.9999506175518036,0
r0,stress,test/geometry/702.json,403,0.234375,0.01270383596420288,0.9999194145202637,0,1,1.0,0.010084142908453941,0.06696660071611404,0.9999493062496185,0
r0,stress,test/geometry/702.json,404,0.28125,0.009243559092283249,0.9999599456787109,0,1,1.0,0.009778209961950779,0.06550289690494537,0.9999523162841797,0
r0,stress,test/geometry/702.json,405,0.171875,0.008162974379956722,0.9999669194221497,0,1,1.0,0.009578526951372623,0.06495947390794754,0.9999543130397797,0
r0,stress,test/geometry/702.json,406,0.3515625,0.010222994722425938,0.999948263168335,0,1,1.0,0.009526807349175215,0.06474056839942932,0.9999545812606812,0
r0,stress,test/geometry/702.json,407,0.171875,0.009631846100091934,0.9999545216560364,0,1,1.0,0.009448077995330095,0.06238999962806702,0.9999553859233856,0
r0,stress,test/geometry/702.json,408,0.25,0.01061233039945364,0.9999458193778992,0,1,1.0,0.009528045076876879,0.062228649854660034,0.9999545812606812,0
r0,stress,test/geometry/702.json,409,0.1875,0.010909952223300934,0.9999405145645142,0,1,1.0,0.009457651060074568,0.06210404634475708,0.9999556243419647,0
r0,stress,test/geometry/702.json,410,0.25,0.00915538426488638,0.9999584555625916,0,1,1.0,0.0094648371450603,0.062028735876083374,0.9999557733535767,0
r0,stress,test/geometry/702.json,411,0.1875,0.00929972156882286,0.9999575018882751,0,1,1.0,0.009516985155642033,0.06135298311710358,0.9999550580978394,0
r0,stress,test/geometry/702.json,412,0.125,0.01053929328918457,0.9999447464942932,0,1,1.0,0.00931906746700406,0.06099511682987213,0.9999571740627289,0
r0,stress,test/geometry/702.json,413,0.171875,0.010198291391134262,0.9999480843544006,0,1,1.0,0.009238499216735363,0.060970574617385864,0.9999578297138214,0
r0,stress,test/geometry/702.json,414,0.25,0.014178200624883175,0.9999109506607056,0,1,1.0,0.009114782325923443,0.06104333698749542,0.9999589622020721,0
r0,stress,test/geometry/702.json,415,0.130859375,0.007177020888775587,0.9999857544898987,0,1,1.0,0.00910259410738945,0.06100724637508392,0.9999595880508423,0
r0,stress,test/geometry/702.json,416,0.15625,0.007336542010307312,0.9999743700027466,0,1,1.0,0.009429278317838907,0.06105206906795502,0.9999560713768005,0
r0,stress,test/geometry/702.json,417,0.25,0.00935700535774231,0.9999620318412781,0,1,0.95,0.009303780738264322,0.061254799365997314,0.9999572932720184,0
r0,stress,test/geometry/702.json,418,0.15625,0.009023142978549004,0.9999649524688721,0,1,1.0,0.009360592346638441,0.06114445626735687,0.9999567568302155,0
r0,stress,test/geometry/702.json,419,0.234375,0.02076612412929535,0.9998179078102112,0,1,1.0,0.009708010591566563,0.06129591166973114,0.9999532401561737,0
r0,stress,test/geometry/702.json,420,0.203125,0.00939815491437912,0.9999635815620422,0,1,0.95,0.0097040138207376,0.06165492534637451,0.9999531507492065,0
r0,stress,test/geometry/702.json,421,0.125,0.00526704965159297,0.9999879598617554,0,1,1.0,0.009697059635072947,0.06155771017074585,0.9999533295631409,0
r0,stress,test/geometry/702.json,422,0.25,0.005148799624294043,0.9999873638153076,0,1,1.0,0.009618036448955536,0.061304882168769836,0.9999539852142334,0
r0,stress,test/geometry/702.json,423,0.1875,0.007658397778868675,0.9999731183052063,0,1,1.0,0.009567742701619864,0.060832858085632324,0.9999547600746155,0
r0,stress,test/geometry/702.json,424,0.15625,0.008959386497735977,0.999961793422699,0,1,1.0,0.009554502088576555,0.060675859451293945,0.9999544322490692,0
r0,stress,test/geometry/702.json,425,0.26171875,0.015236102975904942,0.9998943209648132,0,1,1.0,0.009379415772855282,0.060575827956199646,0.9999564290046692,0
r0,stress,test/geometry/702.json,426,0.15625,0.012975865975022316,0.9999187588691711,0,1,1.0,0.009410894941538572,0.060130372643470764,0.9999558925628662,0
r0,stress,test/geometry/702.json,427,0.16015625,0.008287584409117699,0.9999679327011108,0,1,1.0,0.009263456799089909,0.060156986117362976,0.9999579191207886,0
r0,stress,test/geometry/702.json,428,0.171875,0.007843155413866043,0.9999693632125854,0,1,1.0,0.009385551325976849,0.05943557620048523,0.9999567270278931,0
r0,stress,test/geometry/702.json,429,0.25,0.011082028038799763,0.9999386072158813,0,1,1.0,0.00933100888505578,0.05935890972614288,0.9999566674232483,0
r0,stress,test/geometry/702.json,430,0.17578125,0.00834872666746378,0.9999658465385437,0,1,1.0,0.009332913439720869,0.05963766574859619,0.9999565482139587,0
r0,stress,test/geometry/702.json,431,0.140625,0.005920230410993099,0.9999843835830688,0,1,1.0,0.009375350084155798,0.05960966646671295,0.9999561309814453,0
r0,stress,test/geometry/702.json,432,0.34375,0.014104334637522697,0.9999014735221863,0,1,1.0,0.009463159367442131,0.05984377861022949,0.9999553859233856,0
r0,stress,test/geometry/702.json,433,0.1875,0.008099681697785854,0.9999727606773376,0,1,1.0,0.009492123033851385,0.05995576083660126,0.9999551177024841,0
r0,stress,test/geometry/702.json,434,0.1875,0.006988228298723698,0.9999799132347107,0,1,1.0,0.009426757227629423,0.05972376465797424,0.9999557733535767,0
r0,stress,test/geometry/702.json,435,0.125,0.007758977357298136,0.9999728798866272,0,1,1.0,0.009418061934411526,0.05937442183494568,0.9999558925628662,0
r0,stress,test/geometry/702.json,436,0.125,0.005555448122322559,0.9999853372573853,0,1,1.0,0.009379095863550901,0.05919644236564636,0.9999563694000244,0
r0,stress,test/geometry/702.json,437,0.25,0.01107641402631998,0.9999486207962036,0,1,1.0,0.009421713184565306,0.059104904532432556,0.999956488609314,0
r0,stress,test/geometry/702.json,438,0.125,0.009068034589290619,0.9999589920043945,0,1,1.0,0.00931260036304593,0.058991968631744385,0.9999572932720184,0
r0,stress,test/geometry/702.json,439,0.15625,0.007131498772650957,0.9999746084213257,0,1,1.0,0.009291982278227806,0.058901041746139526,0.9999571144580841,0
r0,stress,test/geometry/702.json,440,0.25,0.007717357482761145,0.9999730587005615,0,1,1.0,0.009716303553432226,0.05868817865848541,0.9999529421329498,0
r0,stress,test/geometry/702.json,441,0.15625,0.00915373582392931,0.9999593496322632,0,1,1.0,0.009565664920955896,0.05889593064785004,0.9999546408653259,0
r0,stress,test/geometry/702.json,442,0.21875,0.007558222394436598,0.999975323677063,0,1,1.0,0.009594386909157038,0.05885179340839386,0.9999542832374573,0
r0,stress,test/geometry/702.json,443,0.375,0.017039768397808075,0.9998641014099121,0,1,1.0,0.00982394115999341,0.06533849239349365,0.9999522566795349,0
r0,stress,test/geometry/702.json,444,0.1875,0.008487108163535595,0.9999643564224243,0,1,1.0,0.009734982624650002,0.05959579721093178,0.9999530613422394,0
r0,stress,test/geometry/702.json,445,0.1875,0.00929313339293003,0.9999663233757019,0,1,1.0,0.009542306419461966,0.05928009748458862,0.9999546110630035,0
r0,stress,test/geometry/702.json,446,0.125,0.005678477697074413,0.9999845027923584,0,1,1.0,0.009492149110883474,0.05826178193092346,0.9999555945396423,0
r0,stress,test/geometry/702.json,447,0.21875,0.008583842776715755,0.9999638795852661,0,1,1.0,0.009470751974731684,0.05756388604640961,0.9999557435512543,0
r0,stress,test/geometry/702.json,448,0.15625,0.007280376274138689,0.9999749660491943,0,1,1.0,0.009405447635799646,0.057458192110061646,0.999956339597702,0
r0,stress,test/geometry/702.json,449,0.1875,0.008631335571408272,0.9999712109565735,0,1,1.0,0.009514812845736742,0.05618935823440552,0.9999549984931946,0
r0,stress,test/geometry/702.json,450,0.125,0.006016757804900408,0.999983549118042,0,1,1.0,0.009299601893872023,0.05563141405582428,0.9999573528766632,0
r0,stress,test/geometry/702.json,451,0.12890625,0.009327791631221771,0.9999570250511169,0,1,1.0,0.009355585556477308,0.05458725988864899,0.9999572932720184,0
r0,stress,test/geometry/702.json,452,0.15625,0.009031214751303196,0.9999611377716064,0,1,0.95,0.009236101526767015,0.05469252169132233,0.9999579787254333,0
r0,stress,test/geometry/702.json,453,0.1875,0.011713407933712006,0.9999316334724426,0,1,1.0,0.009161242749541998,0.054379671812057495,0.9999584853649139,0
r0,stress,test/geometry/702.json,454,0.25,0.007218743674457073,0.9999739527702332,0,1,0.95,0.009150419849902391,0.05462050437927246,0.9999587535858154,0
r0,stress,test/geometry/702.json,455,0.1875,0.007238409016281366,0.999975323677063,0,1,1.0,0.009141894988715649,0.05493246018886566,0.9999588131904602,0
r0,stress,test/geometry/702.json,456,0.1640625,0.012233946472406387,0.9999260902404785,0,1,1.0,0.009107866324484348,0.05438189208507538,0.9999589323997498,0
r0,stress,test/geometry/702.json,457,0.1875,0.013784157112240791,0.9999048709869385,0,1,1.0,0.009345862083137035,0.05485793948173523,0.9999567866325378,0
r0,stress,test/geometry/702.json,458,0.1875,0.009526723064482212,0.9999561309814453,0,1,0.95,0.009090505540370941,0.05519631505012512,0.9999588429927826,0
r0,stress,test/geometry/702.json,459,0.15625,0.00956491008400917,0.9999586343765259,0,1,1.0,0.009127644822001457,0.055407822132110596,0.9999588429927826,0
r0,stress,test/geometry/702.json,460,0.140625,0.01090811938047409,0.9999516010284424,0,1,1.0,0.009130536112934351,0.055185720324516296,0.9999587833881378,0
r0,stress,test/geometry/702.json,461,0.171875,0.009919188916683197,0.9999520182609558,0,1,1.0,0.009103385731577873,0.05529068410396576,0.9999589920043945,0
r0,stress,test/geometry/702.json,462,0.765625,0.035335320979356766,0.9994893670082092,0,1,0.95,0.009621486999094486,0.05459977686405182,0.9999538362026215,0
r0,stress,test/geometry/702.json,463,0.28125,0.01190096139907837,0.9999383687973022,0,1,1.0,0.009645516518503428,0.0553157776594162,0.9999536871910095,0
r0,stress,test/geometry/702.json,464,0.125,0.007195563986897469,0.9999741911888123,0,1,1.0,0.00950250867754221,0.0542110949754715,0.9999552369117737,0
r0,stress,test/geometry/702.json,465,0.25,0.008658339269459248,0.999965488910675,0,1,1.0,0.009293852373957634,0.05341220647096634,0.9999573528766632,0
r0,stress,test/geometry/702.json,466,0.25,0.009085838682949543,0.9999591112136841,0,1,1.0,0.009320374112576246,0.05486716330051422,0.9999571442604065,0
r0,stress,test/geometry/702.json,467,0.1875,0.008299245499074459,0.9999699592590332,0,1,1.0,0.009312087669968605,0.054859861731529236,0.9999572038650513,0
r0,stress,test/geometry/702.json,468,0.25,0.012080366723239422,0.9999297857284546,0,1,1.0,0.009430513251572847,0.05477364361286163,0.9999560415744781,0
r0,stress,test/geometry/702.json,469,0.3203125,0.009125241078436375,0.9999586343765259,0,1,1.0,0.009532146155834198,0.05495165288448334,0.9999550580978394,0
r0,stress,test/geometry/702.json,470,0.1875,0.0067854574881494045,0.9999775290489197,0,1,1.0,0.009539585560560226,0.05487716197967529,0.9999550879001617,0
r0,stress,test/geometry/702.json,471,0.140625,0.0069261277094483376,0.9999784231185913,0,1,1.0,0.00948228919878602,0.054994478821754456,0.9999555051326752,0
r0,stress,test/geometry/702.json,472,0.125,0.008896362036466599,0.9999626874923706,0,1,1.0,0.009475196246057749,0.05497337877750397,0.9999557435512543,0
r0,stress,test/geometry/702.json,473,0.25,0.00816306658089161,0.9999712109565735,0,1,1.0,0.009460977744311094,0.05489985644817352,0.9999558329582214,0
r0,stress,test/geometry/702.json,474,0.25,0.010805384255945683,0.9999418258666992,0,1,1.0,0.009530296083539724,0.05482007563114166,0.9999551773071289,0
r0,stress,test/geometry/702.json,475,0.1875,0.0065583158284425735,0.9999794363975525,0,1,1.0,0.009457461070269346,0.05441863834857941,0.9999556541442871,0
r0,stress,test/geometry/702.json,476,0.13671875,0.006904236972332001,0.9999767541885376,0,1,1.0,0.0094210896641016,0.05423973500728607,0.9999562203884125,0
r0,stress,test/geometry/702.json,477,0.125,0.00728018581867218,0.9999753832817078,0,1,1.0,0.009361388627439737,0.054320186376571655,0.9999570250511169,0
r0,stress,test/geometry/702.json,478,0.15625,0.00744271744042635,0.9999768137931824,0,1,0.95,0.009366840589791536,0.05465412139892578,0.9999570548534393,0
r0,stress,test/geometry/702.json,479,0.166015625,0.014181019738316536,0.9999098181724548,0,1,1.0,0.009424679446965456,0.0547216534614563,0.9999561905860901,0
r0,stress,test/geometry/702.json,480,0.140625,0.009750229306519032,0.9999532699584961,0,1,1.0,0.009394137654453516,0.05507144331932068,0.9999565184116364,0
r0,stress,test/geometry/702.json,481,0.25,0.010673056356608868,0.9999434947967529,0,1,1.0,0.009477960411459208,0.05487832427024841,0.9999553859233856,0
r0,stress,test/geometry/702.json,482,0.15625,0.00882312934845686,0.9999685883522034,0,1,0.95,0.00947105884552002,0.055140092968940735,0.9999555945396423,0
r0,stress,test/geometry/702.json,483,0.25,0.015561520121991634,0.9999072551727295,0,1,1.0,0.009564673528075218,0.054926902055740356,0.9999548196792603,0
r0,stress,test/geometry/702.json,484,0.25,0.008077245205640793,0.9999788999557495,0,1,1.0,0.009563321247696877,0.05480550229549408,0.9999549686908722,0
r0,stress,test/geometry/702.json,485,0.125,0.005809306167066097,0.999983012676239,0,1,1.0,0.009486432652920485,0.054821357131004333,0.9999556243419647,0
r0,stress,test/geometry/702.json,486,0.177734375,0.008553527295589447,0.9999640583992004,0,1,1.0,0.00936145382001996,0.05515364557504654,0.9999567568302155,0
r0,stress,test/geometry/702.json,487,0.31640625,0.016694987192749977,0.9998786449432373,0,1,1.0,0.009636854752898216,0.05503648519515991,0.999953955411911,0
r0,stress,test/geometry/702.json,488,0.140625,0.008063730783760548,0.9999719858169556,0,1,1.0,0.009558920282870531,0.05470052361488342,0.9999547004699707,0
r0,stress,test/geometry/702.json,489,0.125,0.006249517202377319,0.9999822378158569,0,1,1.0,0.00946832075715065,0.054621532559394836,0.9999556839466095,0
r0,stress,test/geometry/702.json,490,0.25,0.006366105284541845,0.999984622001648,0,1,0.95,0.009393606800585985,0.05475565791130066,0.999956339597702,0
r0,stress,test/geometry/702.json,491,0.13671875,0.010289199650287628,0.9999473094940186,0,1,1.0,0.009258400183171034,0.053881317377090454,0.9999578595161438,0
r0,stress,test/geometry/702.json,492,0.125,0.006361393723636866,0.9999797940254211,0,1,1.0,0.009205343667417765,0.053314387798309326,0.9999581277370453,0
r0,stress,test/geometry/702.json,493,0.15625,0.012963280081748962,0.9999159574508667,0,1,0.95,0.008979325648397207,0.05322328209877014,0.9999597668647766,0
r0,stress,test/geometry/702.json,494,0.25,0.009009343571960926,0.9999642968177795,0,1,1.0,0.00908118998631835,0.05318748950958252,0.9999594986438751,0
r0,stress,test/geometry/702.json,495,0.6875,0.016316547989845276,0.9998682737350464,0,1,1.0,0.009721066802740097,0.05305248498916626,0.9999528229236603,0
r0,stress,test/geometry/702.json,496,0.140625,0.006046927534043789,0.9999818205833435,0,1,1.0,0.009774526581168175,0.052420198917388916,0.9999523460865021,0
r0,stress,test/geometry/702.json,497,0.15625,0.006359436549246311,0.9999837279319763,0,1,1.0,0.00966187845915556,0.05246354639530182,0.9999532699584961,0
r0,stress,test/geometry/702.json,498,0.15625,0.006995705887675285,0.9999759793281555,0,1,1.0,0.009601203259080648,0.05240298807621002,0.9999538958072662,0
r0,stress,test/geometry/702.json,499,4.7734375,0.17690230906009674,0.9844937920570374,0,1,0.95,0.012252132873982191,0.14237743616104126,0.9999251961708069,0
r0,stress,test/geometry/702.json,500,0.296875,0.012811788357794285,0.9999192357063293,0,1,1.0,0.014292122796177864,0.23913756012916565,0.9998966157436371,0
r0,stress,test/geometry/702.json,501,0.25,0.008076653815805912,0.9999725222587585,0,1,1.0,0.013674858026206493,0.2381482720375061,0.9999051690101624,0
r0,stress,test/geometry/702.json,502,0.19140625,0.012908080592751503,0.9999285936355591,0,1,1.0,0.013345253188163042,0.23713025450706482,0.9999096989631653,0
r0,stress,test/geometry/702.json,503,0.15625,0.008017515763640404,0.9999679327011108,0,1,1.0,0.0132413269020617,0.23623251914978027,0.999910980463028,0
r0,stress,test/geometry/702.json,504,0.125,0.0069900439120829105,0.9999758005142212,0,1,0.95,0.013044907245784998,0.23578660190105438,0.9999136328697205,0
r0,stress,test/geometry/702.json,505,0.15625,0.007525426335632801,0.999974250793457,0,1,0.95,0.012923160567879677,0.23548412322998047,0.9999153017997742,0
r0,stress,test/geometry/702.json,506,0.15625,0.008724141865968704,0.9999628067016602,0,1,1.0,0.01276951003819704,0.23533165454864502,0.999917209148407,0
r0,stress,test/geometry/702.json,507,0.1875,0.008111916482448578,0.9999703168869019,0,1,1.0,0.01258569024503231,0.23515991866588593,0.9999197423458099,0
r0,stress,test/geometry/702.json,508,0.453125,0.009902202524244785,0.9999577403068542,0,1,1.0,0.012327949982136488,0.23464824259281158,0.9999234676361084,0
r0,stress,test/geometry/702.json,509,0.3125,0.017468908801674843,0.9998543858528137,0,1,1.0,0.011913958005607128,0.23428542912006378,0.9999292194843292,0
r0,stress,test/geometry/702.json,510,0.1875,0.011201489716768265,0.9999373555183411,0,1,0.95,0.011793968267738819,0.23422828316688538,0.9999304711818695,0
r0,stress,test/geometry/702.json,511,0.25,0.008820336312055588,0.9999672174453735,0,1,1.0,0.011679356917738914,0.23395341634750366,0.9999321103096008,0
r0,stress,test/geometry/702.json,512,0.515625,0.026555076241493225,0.9996823072433472,0,1,1.0,0.011729512829333544,0.23368597030639648,0.9999315738677979,0
