adjacent_window_lexical_cosine,candidate_answers,condition,final_marker_count,gold_candidate_present,max_historical_window_lexical_cosine,model,problem,problem_id,progression_marker_count,repeated_16gram_fraction,repeated_32gram_fraction,repeated_8gram_fraction,seed,segment_end,segment_start,segment_tokens,self_correction_count,text_chars,token_roundtrip_delta,unique_4gram_ratio,unique_bigram_ratio,unique_unigram_ratio
,[252],fp_state,0,False,,qwen,aime26_01,aime26_01,31,0.009066405292820434,0.0,0.09122034727317196,1,4096,0,4096,13,9404,0,0.6352308819936477,0.2979242979242979,0.108642578125
0.9567802085150464,"[252, 277]",fp_state,2,True,0.9567802085150464,qwen,aime26_01,aime26_01,20,0.0142122028914482,0.0009840098400983877,0.08535094155050138,1,8192,4096,4096,15,9704,0,0.6887368678231126,0.34627594627594627,0.136474609375
0.9087300477953613,[],fp_state,0,False,0.9157634146234994,qwen,aime26_01,aime26_01,5,0.00879120879120876,0.0,0.0983248361252731,1,9572,8192,1380,1,3059,-1,0.7095134350036311,0.4024655547498187,0.15942028985507245
,[],fp_state,0,False,,qwen,aime26_03,aime26_03,29,0.020338152413624133,0.0014760147601475815,0.10051357300073371,1,4096,0,4096,18,12763,0,0.694600537503054,0.36752136752136755,0.13427734375
0.9698814423290325,[],fp_state,0,False,0.9698814423290325,qwen,aime26_03,aime26_03,29,0.005145797598627766,0.0,0.06749816581071166,1,8192,4096,4096,23,12863,0,0.7378451013926215,0.3916971916971917,0.147216796875
0.943039015537663,[],fp_state,0,False,0.943039015537663,qwen,aime26_03,aime26_03,118,0.014308426073131986,0.0,0.06597434331093466,1,16384,8192,8192,47,27591,0,0.7383074856514837,0.3677206690269808,0.120361328125
0.962459344175232,"[2, 29]",fp_state,0,False,0.9668339030477523,qwen,aime26_03,aime26_03,57,0.00717235383612258,0.0,0.059014970709481473,1,21000,16384,4616,16,13721,-1,0.755907218729677,0.38916576381365114,0.13149913344887348
,[-1],fp_state,0,False,,qwen,aime26_05,aime26_05,28,0.007841215388385225,0.0,0.08608461726583516,1,4096,0,4096,14,10439,0,0.6650378695333496,0.33064713064713064,0.1171875
0.7672832192001217,[],fp_state,0,False,0.7672832192001217,qwen,aime26_05,aime26_05,32,0.013967164910561158,0.0,0.14942528735632188,1,8192,4096,4096,24,9647,0,0.5472758367945273,0.263003663003663,0.095703125
0.97619229851545,[],fp_state,0,False,0.97619229851545,qwen,aime26_05,aime26_05,69,0.03167420814479638,0.0003676020095576549,0.19462431276725722,1,16384,8192,8192,54,18604,0,0.4954206862864819,0.21181784885850324,0.06884765625
0.9620307305455569,"[65, 29]",fp_state,1,True,0.9620307305455569,qwen,aime26_05,aime26_05,61,0.030026109660574396,0.0047562425683710385,0.16919611097936926,1,24825,16384,8441,37,19968,-1,0.5216876036975586,0.23672985781990522,0.0789006041938159
,[4],fp_state,1,False,,qwen,aime26_07,aime26_07,17,0.044596912521440824,0.0036900369003689537,0.21570066030814383,1,4096,0,4096,13,8655,0,0.541900806254581,0.27277167277167275,0.095947265625
0.9608792453489926,"[120, 40, 120, 40, 15, 45, 15, 1, 6, 6]",fp_state,1,False,0.9608792453489926,qwen,aime26_07,aime26_07,34,0.001960303847096334,0.0,0.08730741012472487,1,8192,4096,4096,19,8826,0,0.6782311263132177,0.32893772893772893,0.115478515625
0.9428667443883842,"[5, 6, 396, 396]",fp_state,1,True,0.9481029736640658,qwen,aime26_07,aime26_07,29,0.022910412387422974,0.0072865515602724695,0.15417389932144543,1,14536,8192,6344,18,14663,-1,0.5737265415549598,0.2768406116979347,0.10119798234552332
,[],fp_state,0,False,,qwen,aime26_09,aime26_09,36,0.010536633178142574,0.0,0.06456346294937643,1,4096,0,4096,26,12403,0,0.7654532128023455,0.4202686202686203,0.14697265625
0.8470492517125142,[1],fp_state,0,False,0.8470492517125142,qwen,aime26_09,aime26_09,51,0.020583190394511175,0.0,0.11298606016140866,1,8192,4096,4096,19,10134,0,0.6313217688736867,0.31184371184371185,0.11376953125
0.9800792964693142,[],fp_state,0,False,0.9800792964693142,qwen,aime26_09,aime26_09,82,0.018833312950960024,0.0,0.13927916921197314,1,16384,8192,8192,42,19426,0,0.5788252533886922,0.2618727872054694,0.0831298828125
0.9853634103083913,"[5, 14400]",fp_state,0,False,0.9853634103083913,qwen,aime26_09,aime26_09,148,0.03610483230496675,0.0005503577325260967,0.17762716004152168,1,32768,16384,16384,87,36770,0,0.5164519870581772,0.20588414820240494,0.0599365234375
0.9568257137288112,"[6, 30, 5, 29]",fp_state,2,True,0.9638987007326143,qwen,aime26_09,aime26_09,14,0.008572869389813387,0.0,0.06730286288297338,1,34766,32768,1998,8,5203,-1,0.7679197994987469,0.4496745117676515,0.17917917917917917
,[],fp_state,0,False,,qwen,aime26_11,aime26_11,27,0.009801519235481448,0.0004920049200491938,0.0692100758131573,1,4096,0,4096,21,12478,0,0.7813339848521866,0.46153846153846156,0.165283203125
0.8010357812625897,[],fp_state,0,False,0.8010357812625897,qwen,aime26_11,aime26_11,25,0.009556481254594407,0.0014760147601475815,0.06456346294937643,1,8192,4096,4096,24,10305,0,0.7666748106523332,0.4014652014652015,0.141357421875
0.8276440667823663,[],fp_state,0,False,0.901108384459765,qwen,aime26_11,aime26_11,62,0.018344135991194777,0.003430952089204742,0.06817348808796575,1,16384,8192,8192,35,21069,0,0.7262180974477959,0.34098400683677205,0.1075439453125
0.9185537659952117,"[3896, 3996, 1458, 684, 882, 5588, 3896]",fp_state,2,False,0.9517230723915493,qwen,aime26_11,aime26_11,96,0.01606695583114426,0.0009172628875435684,0.0974537461073457,1,32768,16384,16384,92,37163,0,0.6327452536475184,0.2452542269425624,0.0699462890625
0.9393132691158886,[896],fp_state,2,True,0.9393132691158886,qwen,aime26_11,aime26_11,45,0.019467554076539106,0.0008341675008342042,0.10252575606513792,1,38793,32768,6025,38,15356,-1,0.6798405845234141,0.324867197875166,0.10157676348547717
,[1],fp_state,0,False,,qwen,aime26_13,aime26_13,36,0.04263660867434449,0.003444034440344357,0.15407190022010275,1,4096,0,4096,24,8914,0,0.6230149034937699,0.3054945054945055,0.114013671875
0.9375739710532859,"[1, 0]",fp_state,0,False,0.9375739710532859,qwen,aime26_13,aime26_13,42,0.03455035530507233,0.0014760147601475815,0.17779408168256294,1,8192,4096,4096,16,8294,0,0.5775714634742243,0.28644688644688643,0.104248046875
0.9324186731168899,"[462, 9538, 0]",fp_state,0,False,0.9324186731168899,qwen,aime26_13,aime26_13,76,0.022991317108964182,0.0015929420414164674,0.13036041539401344,1,16384,8192,8192,49,19116,0,0.6176578336793259,0.2821389329752167,0.0941162109375
0.9758920002260709,"[0, 0, 1, 10000, 0, 19, 503]",fp_state,2,False,0.9758920002260709,qwen,aime26_13,aime26_13,73,0.032786885245901676,0.004973398103169102,0.14636678200692044,1,25061,16384,8677,39,19024,-1,0.5738990085312428,0.25023052097740894,0.08343897660481733
,[],fp_state,0,False,,qwen,aime26_15,aime26_15,26,0.002205341827983376,0.0,0.04304230863291758,1,4096,0,4096,26,11256,0,0.7666748106523332,0.40683760683760684,0.139404296875
0.9424029295141143,[10],fp_state,0,False,0.9424029295141143,qwen,aime26_15,aime26_15,35,0.0056358735604018495,0.0,0.05282465150403526,1,8192,4096,4096,30,12088,0,0.7461519667725385,0.39658119658119656,0.139404296875
0.9166975742957104,[3],fp_state,0,False,0.9166975742957104,qwen,aime26_15,aime26_15,60,0.0072153601565366765,0.0,0.06988393402565674,1,16384,8192,8192,50,26221,0,0.6735865185004274,0.31559028201684775,0.0972900390625
0.9021841105536115,[2],fp_state,0,False,0.9021841105536115,qwen,aime26_15,aime26_15,105,0.02669680493615978,0.0033632972543263806,0.12535873481101545,1,32768,16384,16384,108,59994,-2,0.5899517733960076,0.25508148690715987,0.07037353515625
0.8871967924434002,[8],fp_state,1,False,0.8871967924434002,qwen,aime26_15,aime26_15,70,0.02352006842201726,0.0013453189017306189,0.14184527080661902,1,49152,32768,16384,110,60022,0,0.521640925462426,0.20765427577366782,0.05615234375
0.8594809240529704,"[4, 1]",fp_state,7,False,0.9161333727795211,qwen,aime26_15,aime26_15,163,0.007758568024925139,0.0,0.12651889845515052,1,65536,49152,16384,79,77947,0,0.5127892070081191,0.19080754440578648,0.04779052734375
0.9232799340164695,"[5, 1, 1, 1, 5, 3, 9]",fp_state,13,False,0.9232799340164695,qwen,aime26_15,aime26_15,129,0.019426965605718105,0.0002446034366783145,0.13457898271966784,1,81920,65536,16384,119,89473,0,0.504486905561321,0.19446987731184764,0.0501708984375
,[],fp_state,0,False,,qwen,aime26_17,aime26_17,17,0.02719921587846119,0.008610086100861003,0.10075813157251157,1,4096,0,4096,26,12112,0,0.6530662106034694,0.36214896214896214,0.13134765625
0.8198648276739091,[0],fp_state,0,False,0.8198648276739091,qwen,aime26_17,aime26_17,32,0.013232050967900033,0.005166051660516646,0.09880166299828808,1,8192,4096,4096,20,12984,0,0.6616173955533838,0.38095238095238093,0.145751953125
0.8854504701267594,[],fp_state,0,False,0.8854504701267594,qwen,aime26_17,aime26_17,53,0.004402592637886782,0.0,0.06365302382406846,1,16384,8192,8192,72,25268,0,0.6292587617535719,0.2842143816383836,0.0885009765625
0.9319013400364966,[],fp_state,0,False,0.9319013400364966,qwen,aime26_17,aime26_17,102,0.03903720447186754,0.0027517886626307053,0.16394944128961353,1,32768,16384,16384,105,52376,0,0.49905378182040167,0.21534517487639626,0.063232421875
0.9648825730872599,"[1, 1, 243, 0, 243]",fp_state,3,True,0.9648825730872599,qwen,aime26_17,aime26_17,40,0.024832994481556736,0.0004366812227074579,0.15694807078619089,1,39669,32768,6901,31,20031,-1,0.5450855320382719,0.2617391304347826,0.09100130415881756
,[10],fp_state,0,False,,qwen,aime26_19,aime26_19,39,0.015437392795883409,0.0014760147601475815,0.11029591587185128,1,4096,0,4096,25,8796,0,0.6503786953334962,0.2932844932844933,0.103759765625
0.9800950669471369,"[10, 10, 2]",fp_state,0,False,0.9800950669471369,qwen,aime26_19,aime26_19,51,0.01151678510169074,0.0,0.08828564441183662,1,8192,4096,4096,37,8891,0,0.6457366235035427,0.27814407814407816,0.103515625
0.9609494226630608,"[10, 9]",fp_state,1,False,0.9609494226630608,qwen,aime26_19,aime26_19,63,0.011251070074599467,0.0,0.09211973121563832,1,16384,8192,8192,47,18066,0,0.6374404689217242,0.26541325845440117,0.0872802734375
0.9807774954761425,"[279, 90, 10, 279]",fp_state,1,True,0.9807774954761425,qwen,aime26_19,aime26_19,47,0.012378094523630923,0.0,0.1110486891385768,1,21731,16384,5347,28,12130,-1,0.655127245508982,0.29760568649457536,0.10136525154292127
,[9],fp_state,0,False,,qwen,aime26_21,aime26_21,38,0.013477088948787075,0.0,0.0794815358278308,1,4096,0,4096,17,11122,0,0.7236745663327633,0.3785103785103785,0.133056640625
0.9000471147633897,[],fp_state,0,False,0.9000471147633897,qwen,aime26_21,aime26_21,32,0.01690762068120555,0.006150061500615034,0.07972609439960876,1,8192,4096,4096,24,9620,0,0.6860493525531395,0.3299145299145299,0.123291015625
0.9566039430058765,[],fp_state,0,False,0.9566039430058765,qwen,aime26_21,aime26_21,82,0.02274672862908156,0.0018380100477882744,0.0916310323762981,1,16384,8192,8192,44,20649,0,0.6669923067529613,0.31119521425955315,0.099853515625
0.959220828755514,[],fp_state,0,False,0.959220828755514,qwen,aime26_21,aime26_21,194,0.010813122365446848,0.0,0.10728460646027971,1,32768,16384,16384,125,40580,0,0.5861058543434466,0.23542696697796497,0.06732177734375
0.9455592125205493,"[1, 50]",fp_state,0,True,0.9455592125205493,qwen,aime26_21,aime26_21,162,0.0018702628211437755,0.0,0.05468673158257109,1,42942,32768,10174,87,28767,-1,0.6722052895487169,0.2853632163570235,0.08079418124631413
,[],fp_state,0,False,,qwen,aime26_23,aime26_23,28,0.0551335456995834,0.01205412054120536,0.17388114453411596,1,4096,0,4096,11,8723,0,0.6083557292939165,0.3052503052503053,0.111328125
0.8904977715584758,[1],fp_state,0,False,0.8904977715584758,qwen,aime26_23,aime26_23,27,0.06248468512619454,0.006150061500615034,0.2005380288579115,1,8192,4096,4096,11,7164,0,0.5428780845345712,0.24932844932844933,0.081787109375
0.9296262530204297,"[17, 7, 0]",fp_state,0,False,0.9296262530204297,qwen,aime26_23,aime26_23,46,0.05735599853246909,0.011885798309030804,0.17556505803298716,1,16384,8192,8192,42,14546,0,0.5177677372084504,0.19301672567452083,0.0606689453125
0.9508557099903984,"[24500, 10, 125, 10, 245]",fp_state,0,True,0.9508557099903984,qwen,aime26_23,aime26_23,134,0.016696217494089782,0.0016272189349112454,0.09384229178972237,1,29935,16384,13551,56,28170,-1,0.6085769117212873,0.23431734317343172,0.06951516493247731
,[],fp_state,0,False,,qwen,aime26_25,aime26_25,45,0.005145797598627766,0.0,0.07336757153338225,1,4096,0,4096,17,10397,0,0.6950891766430491,0.32161172161172163,0.108642578125
0.9096296145765602,[],fp_state,0,False,0.9096296145765602,qwen,aime26_25,aime26_25,32,0.010291595197255532,0.0,0.08901932012717051,1,8192,4096,4096,21,9579,0,0.6755436110432446,0.3167277167277167,0.11376953125
0.9730891776844461,[1],fp_state,0,False,0.9730891776844461,qwen,aime26_25,aime26_25,86,0.02115690350984467,0.003430952089204742,0.1049480757483201,1,16384,8192,8192,31,18762,0,0.6258395408474783,0.26016359418874374,0.083740234375
0.9889877051947017,"[85, 850]",fp_state,0,True,0.9889877051947017,qwen,aime26_25,aime26_25,74,0.014016644765659225,0.00175618322845017,0.0895435321569199,1,23248,16384,6864,35,15277,-1,0.6421804401690716,0.26009033950167565,0.0826048951048951
,[],fp_state,0,False,,qwen,aime26_27,aime26_27,23,0.016662582700318507,0.0,0.07581315725116167,1,4096,0,4096,16,10901,0,0.7261177620327388,0.3775335775335775,0.130615234375
0.8621771795064759,[4],fp_state,0,False,0.8621771795064759,qwen,aime26_27,aime26_27,43,0.004410683655966641,0.0,0.04475421863536322,1,8192,4096,4096,19,10649,0,0.7600781822623992,0.3833943833943834,0.1376953125
0.8468644111344658,"[0, 60]",fp_state,0,False,0.8468644111344658,qwen,aime26_27,aime26_27,70,0.02421425950837719,0.0036760200955765487,0.13084911423335366,1,16384,8192,8192,61,16367,0,0.5787031383563317,0.23049688682700525,0.06884765625
0.9618227309687494,"[223, 0, 175, 223]",fp_state,1,True,0.9618227309687494,qwen,aime26_27,aime26_27,82,0.03450303861987847,0.011584527783231935,0.13202742409402546,1,26601,16384,10217,47,21252,-1,0.5984922655179166,0.24451840250587314,0.0761475971420182
,[1],fp_state,3,False,,qwen,aime26_29,aime26_29,29,0.007841215388385225,0.0,0.10369283443384691,1,4096,0,4096,27,11463,0,0.679208404593208,0.37533577533577533,0.139892578125
0.9239842414944417,[],fp_state,0,False,0.9239842414944417,qwen,aime26_29,aime26_29,28,0.0036755697133055154,0.0,0.06431890437759846,1,8192,4096,4096,27,10939,0,0.7070608355729294,0.35946275946275946,0.126953125
0.8157917468671168,[],fp_state,0,False,0.8157917468671168,qwen,aime26_29,aime26_29,60,0.01712119359178188,0.0,0.1049480757483201,1,16384,8192,8192,40,19473,0,0.617169373549884,0.2688316444878525,0.082275390625
0.9581747843567029,"[157, 157]",fp_state,2,True,0.9581747843567029,qwen,aime26_29,aime26_29,47,0.022156461036497488,0.00030388209374765385,0.12701903389701974,1,29578,16384,13194,64,30925,-1,0.5410507163975438,0.20563935420298643,0.06055782931635592
,"[1, 2]",fp_state,0,False,,qwen,aime26_01,aime26_01,33,0.028914481744670373,0.0014760147601475815,0.16434336023477625,2,4096,0,4096,20,9547,0,0.6056682140239433,0.3167277167277167,0.122314453125
0.9085020798284409,"[1, 2]",fp_state,0,False,0.9085020798284409,qwen,aime26_01,aime26_01,26,0.015192354814996367,0.0004920049200491938,0.11371973587674244,2,8192,4096,4096,27,8976,0,0.6408502321035915,0.3181929181929182,0.1201171875
0.9112141677882638,"[1, 252, 277]",fp_state,0,True,0.9112141677882638,qwen,aime26_01,aime26_01,33,0.027816901408450723,0.0033545197740112442,0.13396624472573837,2,13887,8192,5695,21,11810,-1,0.5887210119465917,0.26870389884088514,0.0955223880597015
,[42],fp_state,0,False,,qwen,aime26_03,aime26_03,32,0.013232050967900033,0.003936039360393551,0.07312301296160428,2,4096,0,4096,18,12961,0,0.722697288052773,0.3865689865689866,0.14599609375
0.9600559937235915,"[16800, 40000]",fp_state,0,False,0.9600559937235915,qwen,aime26_03,aime26_03,21,0.013232050967900033,0.0,0.06651993152359992,2,8192,4096,4096,14,12459,0,0.7339359882726606,0.41318681318681316,0.151123046875
0.9731932192080085,"[2, 79]",fp_state,1,True,0.9731932192080085,qwen,aime26_03,aime26_03,58,0.003079394831972171,0.0,0.05536980072221476,2,15676,8192,7484,33,22365,-1,0.7112685469856971,0.36202057998129095,0.1209246392303581
,[],fp_state,0,False,,qwen,aime26_05,aime26_05,25,0.02719921587846119,0.0019680196801967753,0.1210564930300807,2,4096,0,4096,15,10168,0,0.6303444905936966,0.3111111111111111,0.11376953125
0.9073331974715285,[],fp_state,0,False,0.9073331974715285,qwen,aime26_05,aime26_05,31,0.00857632933104635,0.0,0.11518708730741012,2,8192,4096,4096,20,9170,0,0.6154409968238456,0.2774114774114774,0.0966796875
0.9421411484545105,[],fp_state,2,False,0.9609277507172445,qwen,aime26_05,aime26_05,65,0.009416656475479956,0.0009802720254871167,0.0959071472205254,2,16384,8192,8192,41,20023,0,0.6368298937599218,0.3025271639604444,0.1051025390625
0.9125331262384232,"[65, 1, 29]",fp_state,1,True,0.9193230263077175,qwen,aime26_05,aime26_05,52,0.044482597159356985,0.0025035205758097145,0.1761496492595479,2,22806,16384,6422,27,14826,-1,0.5740769590278859,0.27083008877121945,0.09280597944565556
,[],fp_state,0,False,,qwen,aime26_07,aime26_07,28,0.02107326635628526,0.0,0.15407190022010275,2,4096,0,4096,14,9250,0,0.6071341314439287,0.3018315018315018,0.1083984375
0.9273067130886096,"[120, 40, 120, 40, 15, 45, 15, 1, 45, 1, 6, 120, 40, 120, 40, 15, 45, 15, 1]",fp_state,0,False,0.9273067130886096,qwen,aime26_07,aime26_07,11,0.030874785591766707,0.003444034440344357,0.15847395451210566,2,8192,4096,4096,17,7678,0,0.535304177864647,0.22148962148962148,0.08154296875
0.9566539220888739,"[120, 40, 120, 40, 15, 45, 15, 1, 396]",fp_state,2,True,0.9566539220888739,qwen,aime26_07,aime26_07,37,0.03729974318209617,0.01004778826124253,0.1363469761759316,2,16384,8192,8192,41,18689,0,0.594211747466113,0.280429739958491,0.093505859375
0.938148266750906,"[396, 1]",fp_state,1,True,0.938148266750906,qwen,aime26_07,aime26_07,14,0.024299065420560706,0.003130870381966133,0.12927284027346175,2,19609,16384,3225,5,8174,-1,0.6505276225946617,0.3511166253101737,0.12465116279069767
,[],fp_state,0,False,,qwen,aime26_09,aime26_09,34,0.0034305317324184736,0.0,0.06040596722915137,2,4096,0,4096,27,11480,0,0.7195211336428048,0.3733821733821734,0.13525390625
0.8399336852777903,[2],fp_state,0,False,0.8399336852777903,qwen,aime26_09,aime26_09,30,0.02866944376378333,0.0,0.16238689166055276,2,8192,4096,4096,22,9278,0,0.5910090398240899,0.2879120879120879,0.10400390625
0.953534786457861,[],fp_state,0,False,0.953534786457861,qwen,aime26_09,aime26_09,48,0.02824996942643998,0.0017154760446024264,0.17483200977397684,2,16384,8192,8192,32,18505,0,0.5224081084381488,0.22805518251739715,0.07763671875
0.9385089182099733,[],fp_state,0,False,0.9534828020557603,qwen,aime26_09,aime26_09,92,0.058036532469912694,0.0033632972543263806,0.2546864505098614,2,32768,16384,16384,57,38521,0,0.42512667114339786,0.16358420313739852,0.045654296875
0.9756301907761435,"[5760, 9]",fp_state,0,False,0.9756301907761435,qwen,aime26_09,aime26_09,47,0.03147672731331619,0.0016772895001677668,0.20218579234972678,2,41742,32768,8974,44,21861,-1,0.49158399286590126,0.20149336899587653,0.06050813461109873
,[],fp_state,0,False,,qwen,aime26_11,aime26_11,18,0.019603038470963008,0.0017220172201721784,0.1012472487160675,2,4096,0,4096,17,10484,0,0.7273393598827266,0.400976800976801,0.143798828125
0.9131109553456196,[],fp_state,0,False,0.9131109553456196,qwen,aime26_11,aime26_11,24,0.006370987503062975,0.0,0.053313768647591075,2,8192,4096,4096,27,10705,0,0.782799902272172,0.41147741147741146,0.1435546875
0.9271977744802988,[33],fp_state,0,False,0.9271977744802988,qwen,aime26_11,aime26_11,69,0.01491989727283849,0.0,0.08405620036652417,2,16384,8192,8192,52,18633,0,0.6958114543900354,0.2988646074960322,0.0914306640625
0.8907049397401804,[],fp_state,0,False,0.9474178774390002,qwen,aime26_11,aime26_11,137,0.016494593438817318,0.0013453189017306189,0.10197227819502963,2,32768,16384,16384,110,42264,0,0.6104633416763323,0.2500762986022096,0.06829833984375
0.9070443242099999,[3896],fp_state,2,False,0.9094157029626555,qwen,aime26_11,aime26_11,132,0.025902620807624177,0.000489206873356518,0.12541979605544362,2,49152,32768,16384,103,37660,0,0.575727977534949,0.21967893548190198,0.0595703125
0.9096299652180477,[3896],fp_state,1,False,0.949994000742604,qwen,aime26_11,aime26_11,10,0.006343077771649219,0.0,0.05668684645019262,2,52793,49152,3641,16,8555,-1,0.7512369433754811,0.3626373626373626,0.11370502609173304
,[1],fp_state,0,False,,qwen,aime26_13,aime26_13,30,0.03283508943886304,0.0,0.1799951088285644,2,4096,0,4096,29,8905,0,0.6000488639139995,0.30158730158730157,0.11376953125
0.932287792399563,"[0, 59]",fp_state,0,False,0.932287792399563,qwen,aime26_13,aime26_13,37,0.03847096299926489,0.0004920049200491938,0.181951577402788,2,8192,4096,4096,25,8136,0,0.5682873198143171,0.26544566544566545,0.096923828125
0.9050041955935065,[],fp_state,0,False,0.9050041955935065,qwen,aime26_13,aime26_13,59,0.05307570013452367,0.0035534860923905898,0.21124007330482586,2,16384,8192,8192,50,16510,0,0.5003052875809012,0.21584666096935662,0.0762939453125
0.9752995641165041,"[503, 19]",fp_state,0,False,0.9752995641165041,qwen,aime26_13,aime26_13,160,0.04019793512126579,0.0007338103100348325,0.22397264456249621,2,32768,16384,16384,91,33007,0,0.4419754593736646,0.1712140633583593,0.05224609375
0.9797730385578401,"[39, 39, 502, 0, 462, 0]",fp_state,2,True,0.9797730385578401,qwen,aime26_13,aime26_13,80,0.021132191886472307,0.00015463120457703816,0.17578185179479278,2,39266,32768,6498,37,13304,-1,0.515473441108545,0.2228720948129906,0.07417666974453678
,[],fp_state,0,False,,qwen,aime26_15,aime26_15,26,0.001960303847096334,0.0,0.054536561506480785,2,4096,0,4096,31,12145,0,0.7801123870021989,0.4293040293040293,0.15380859375
0.890575246305166,[],fp_state,2,False,0.890575246305166,qwen,aime26_15,aime26_15,33,0.0,0.0,0.04426510149180729,2,8192,4096,4096,22,10816,0,0.729293916442707,0.37997557997557996,0.137451171875
0.9443684423726598,[1],fp_state,0,False,0.9443684423726598,qwen,aime26_15,aime26_15,85,0.004035709918062902,0.0002450680063718069,0.05962125839951127,2,16384,8192,8192,57,23035,0,0.6982537550372451,0.32767671834940787,0.1048583984375
0.9538148006861517,"[1, 6]",fp_state,1,False,0.9538148006861517,qwen,aime26_15,aime26_15,156,0.008369478893029525,0.00012230171833915726,0.10563595286071925,2,32768,16384,16384,114,58385,0,0.5736524021732495,0.22883476774705488,0.06414794921875
0.9496748458124027,"[3, 4]",fp_state,0,False,0.9496748458124027,qwen,aime26_15,aime26_15,153,0.01356222127191642,0.0038525041276830096,0.09342370397508704,2,49152,32768,16384,122,82090,0,0.5994139551919907,0.24323994384422878,0.0648193359375
0.9351821228524426,[31],fp_state,1,False,0.9351821228524426,qwen,aime26_15,aime26_15,162,0.024986254505467653,0.00214028007093503,0.1517371924039812,2,65536,49152,16384,119,84305,0,0.48330382760515234,0.17646340719038028,0.0474853515625
0.8717916976673893,"[5, 31, 31]",fp_state,0,False,0.8717916976673893,qwen,aime26_15,aime26_15,6,0.012165450121654486,0.0,0.11445783132530118,2,66373,65536,837,3,2382,-1,0.6738609112709832,0.3827751196172249,0.16367980884109917
,[],fp_state,0,False,,qwen,aime26_17,aime26_17,27,0.026464101935800066,0.010332103321033181,0.1210564930300807,2,4096,0,4096,24,11970,0,0.6506230149034937,0.3877899877899878,0.142333984375
0.9264730155773323,[],fp_state,0,False,0.9264730155773323,qwen,aime26_17,aime26_17,25,0.012496937025238908,0.0,0.09122034727317196,2,8192,4096,4096,21,11244,0,0.6498900561935012,0.3540903540903541,0.130859375
0.8122431285064187,"[1, 1, 1]",fp_state,0,False,0.8122431285064187,qwen,aime26_17,aime26_17,54,0.03791121438180267,0.006126700159294174,0.169578497251069,2,16384,8192,8192,38,22544,0,0.5409695933569423,0.25857648638749847,0.089599609375
0.9331432424189017,"[1, 1]",fp_state,0,False,0.9331432424189017,qwen,aime26_17,aime26_17,98,0.012462581709328568,0.0002446034366783145,0.12450387738902113,2,32768,16384,16384,106,46860,0,0.5396495940418777,0.2343893059879143,0.06591796875
0.9025925643869497,"[3, 243]",fp_state,0,True,0.9025925643869497,qwen,aime26_17,aime26_17,73,0.019114990969295587,0.0013562386980108254,0.11063477737665461,2,46071,32768,13303,80,39749,-1,0.5820300751879699,0.24485039843632536,0.06923250394647824
,[10],fp_state,0,False,,qwen,aime26_19,aime26_19,43,0.016417544719431465,0.0,0.11005135730007332,2,4096,0,4096,14,9072,0,0.6428047886635719,0.2844932844932845,0.09912109375
0.9777961316958794,[2],fp_state,0,False,0.9777961316958794,qwen,aime26_19,aime26_19,32,0.01004655721636849,0.0,0.08975299584250429,2,8192,4096,4096,25,8941,0,0.6784754458832153,0.3125763125763126,0.111328125
0.9518145332520133,"[90, 10, 279]",fp_state,1,True,0.9518145332520133,qwen,aime26_19,aime26_19,80,0.011495658554482091,0.0,0.11093463653023827,2,16384,8192,8192,38,18406,0,0.6065453657345219,0.25589061164692956,0.087890625
0.9711539908706125,"[0, 1, 10, 10, 10, 279]",fp_state,1,True,0.9711539908706125,qwen,aime26_19,aime26_19,15,0.02710333145115751,0.0,0.11691961776278803,2,18170,16384,1786,3,4233,-1,0.6920919798093101,0.37366946778711485,0.15005599104143338
,[],fp_state,0,False,,qwen,aime26_21,aime26_21,33,0.005880911541288891,0.0,0.07972609439960876,2,4096,0,4096,25,11026,0,0.7170779379428293,0.37435897435897436,0.13525390625
0.9498795944792925,[],fp_state,0,False,0.9498795944792925,qwen,aime26_21,aime26_21,43,0.004410683655966641,0.0,0.04353142577647351,2,8192,4096,4096,29,11100,0,0.7620327388223797,0.39267399267399267,0.141845703125
0.9721141733051213,[],fp_state,0,False,0.9721141733051213,qwen,aime26_21,aime26_21,96,0.0061147119970649255,0.0002450680063718069,0.06511912034208922,2,16384,8192,8192,66,22315,0,0.6978874099401636,0.32926382615065314,0.1029052734375
0.9840193771353966,"[9, 50, 9, 50]",fp_state,1,True,0.9840193771353966,qwen,aime26_21,aime26_21,116,0.010116803090223447,0.0009210647508519632,0.07949636981895047,2,27272,16384,10888,77,29241,-1,0.6743224621038126,0.306236796178929,0.09542615723732549
,[2],fp_state,0,False,,qwen,aime26_23,aime26_23,41,0.014457240872335242,0.0,0.11078503301540721,2,4096,0,4096,12,9025,0,0.6525775714634742,0.31868131868131866,0.109619140625
0.8229778599118067,[2],fp_state,0,False,0.8229778599118067,qwen,aime26_23,aime26_23,21,0.08331291350159276,0.018696186961869588,0.21056493030080703,2,8192,4096,4096,13,7474,0,0.5516735890544833,0.24468864468864468,0.08642578125
0.8910494644178852,"[7, 119, 5]",fp_state,0,False,0.8910494644178852,qwen,aime26_23,aime26_23,84,0.09807998043292165,0.018992770493811983,0.2498472816127062,2,16384,8192,8192,52,14161,0,0.4416900720478691,0.16566963740691001,0.0548095703125
0.9191569193525435,"[119, 7, 119, 245, 245, 245, 245, 245]",fp_state,4,True,0.9320973509635371,qwen,aime26_23,aime26_23,114,0.04998038446449593,0.007856076675308299,0.17054810632792283,2,29144,16384,12760,65,25270,-1,0.4985498157874108,0.18441884160200642,0.05642633228840126
,[8],fp_state,0,False,,qwen,aime26_25,aime26_25,37,0.01004655721636849,0.0,0.0794815358278308,2,4096,0,4096,14,9702,0,0.6953334962130466,0.32503052503052504,0.116455078125
0.9163248405640642,[],fp_state,0,False,0.9163248405640642,qwen,aime26_25,aime26_25,46,0.001960303847096334,0.0,0.045243335778919036,2,8192,4096,4096,17,11079,0,0.7410212558025898,0.35775335775335776,0.126220703125
0.9432390404148874,"[8, 1]",fp_state,0,False,0.9681427959229978,qwen,aime26_25,aime26_25,100,0.009172067995597444,0.0,0.07929138668295665,2,16384,8192,8192,44,19495,0,0.6544144584198315,0.2799413990965694,0.09033203125
0.9285919190708957,"[2, 25]",fp_state,0,False,0.9327406549468611,qwen,aime26_25,aime26_25,129,0.04132829460480825,0.007004266967232886,0.1695460024106067,2,28836,16384,12452,67,27082,-1,0.5169893164109567,0.19741386234037428,0.060954063604240286
,[],fp_state,0,False,,qwen,aime26_27,aime26_27,25,0.04435187454055378,0.00811808118081181,0.13279530447542187,2,4096,0,4096,14,10592,0,0.6821402394331786,0.3631257631257631,0.12548828125
0.7920946352199196,[],fp_state,0,False,0.7920946352199196,qwen,aime26_27,aime26_27,24,0.04435187454055378,0.012546125461254665,0.1645879188065542,2,8192,4096,4096,19,8433,0,0.5467871976545321,0.26837606837606837,0.094482421875
0.9518787638437678,[],fp_state,0,False,0.9518787638437678,qwen,aime26_27,aime26_27,72,0.06811789164730342,0.010537924273986032,0.24019547953573606,2,16384,8192,8192,31,16102,0,0.44718524850409086,0.1903308509339519,0.0628662109375
0.9671174535077117,"[117, 0]",fp_state,1,False,0.9693328253419722,qwen,aime26_27,aime26_27,92,0.04618419262685347,0.008851967860547427,0.2049626104690686,2,31101,16384,14717,67,31166,-1,0.46656245752344705,0.19604512095678173,0.05884351430318679
,[],fp_state,0,False,,qwen,aime26_29,aime26_29,32,0.006370987503062975,0.0,0.0672536072389337,2,4096,0,4096,15,10926,0,0.7258734424627412,0.37216117216117217,0.13525390625
0.9083367813588514,[0],fp_state,0,False,0.9083367813588514,qwen,aime26_29,aime26_29,42,0.004165645675079599,0.0,0.0672536072389337,2,8192,4096,4096,28,11245,0,0.7165892988028341,0.3597069597069597,0.122802734375
0.7928023530467806,[6],fp_state,0,False,0.8157811094561956,qwen,aime26_29,aime26_29,34,0.016632016632016633,0.0003676020095576549,0.11753207086133166,2,16384,8192,8192,43,17077,0,0.5813896690682623,0.23232816505921133,0.0714111328125
0.9424939106109843,"[157, 157, 6, 157]",fp_state,2,True,0.9424939106109843,qwen,aime26_29,aime26_29,69,0.01165011459129106,0.0039211935730680825,0.07452290076335877,2,26871,16384,10487,62,24782,-1,0.6560473101869515,0.26625977493801256,0.07981310193572995
,[],fp_state,0,False,,qwen,aime26_02,aime26_02,34,0.01592746875765738,0.00319803198031976,0.13401809733431158,1,4096,0,4096,9,8446,0,0.5983386269240166,0.2656898656898657,0.09033203125
0.9168269486522441,[9],fp_state,0,False,0.9168269486522441,qwen,aime26_02,aime26_02,31,0.013967164910561158,0.0,0.09464416727806313,1,8192,4096,4096,18,8854,0,0.6772538480332274,0.3181929181929182,0.10888671875
0.9357392765670577,[9],fp_state,0,False,0.9357392765670577,qwen,aime26_02,aime26_02,52,0.01748807631160576,0.0,0.11679902260232133,1,16384,8192,8192,32,16967,0,0.6109415068994993,0.2479550726407032,0.0789794921875
0.922135717160571,"[62, 9, 62]",fp_state,1,True,0.9686557610389256,qwen,aime26_02,aime26_02,21,0.017745803357314127,0.006283228612856462,0.06211180124223603,1,18484,16384,2100,7,4552,-1,0.7572722937529804,0.3825631252977608,0.14
,[],fp_state,0,False,,qwen,aime26_04,aime26_04,52,0.001960303847096334,0.0,0.06211787723159701,1,4096,0,4096,23,10838,0,0.7197654532128024,0.3665445665445665,0.125732421875
0.8793170432085989,[],fp_state,0,False,0.8793170432085989,qwen,aime26_04,aime26_04,56,0.01568243077677045,0.0,0.08632917583761313,1,8192,4096,4096,29,9888,0,0.716100659662839,0.3452991452991453,0.11279296875
0.9618160362262843,[1],fp_state,0,False,0.9618160362262843,qwen,aime26_04,aime26_04,100,0.0092943622355387,0.0017154760446024264,0.09712889431887595,1,16384,8192,8192,54,18090,0,0.6422029551837831,0.26748870711756806,0.0810546875
0.960109306559017,"[70, 100, 101, 100, 70, 4, 24, 70]",fp_state,4,True,0.960109306559017,qwen,aime26_04,aime26_04,89,0.05595586579599188,0.02537784795849307,0.15500562429696285,1,25281,16384,8897,45,18966,-1,0.598943107713065,0.24752697841726617,0.07463189839271665
,[],fp_state,1,False,,qwen,aime26_06,aime26_06,33,0.009801519235481448,0.0,0.1056493030080704,1,4096,0,4096,23,8960,0,0.662594673833374,0.3172161172161172,0.115478515625
0.9877681251682852,[1013],fp_state,0,False,0.9877681251682852,qwen,aime26_06,aime26_06,45,0.009801519235481448,0.0,0.0794815358278308,1,8192,4096,4096,19,8866,0,0.6943562179330565,0.33284493284493283,0.123779296875
0.9862867911693125,[1013],fp_state,1,False,0.9862867911693125,qwen,aime26_06,aime26_06,78,0.021178225205070844,0.0016444909552997267,0.11455385073737523,1,14912,8192,6720,32,14943,-1,0.6331695697483996,0.28471498734930795,0.09449404761904762
,"[17017, 729, 26244]",fp_state,0,False,,qwen,aime26_08,aime26_08,28,0.02107326635628526,0.0019680196801967753,0.1269258987527513,1,4096,0,4096,18,8592,0,0.6166625946738333,0.28156288156288156,0.102294921875
0.920827356501735,[],fp_state,0,False,0.920827356501735,qwen,aime26_08,aime26_08,17,0.024993874050477816,0.0,0.16752262166788945,1,8192,4096,4096,39,8631,0,0.5521622281944784,0.23907203907203908,0.087890625
0.9214483257074285,"[2, 17017, 12, 244, 1]",fp_state,1,True,0.973543136125124,qwen,aime26_08,aime26_08,81,0.010639598874892964,0.0,0.10690287110568109,1,16384,8192,8192,39,18026,0,0.605812675540359,0.26748870711756806,0.093017578125
0.8801220512942307,[-1],fp_state,0,False,0.9168593587463604,qwen,aime26_08,aime26_08,5,0.006711409395973145,0.0,0.055776892430278835,1,17144,16384,760,0,1789,-1,0.7714663143989432,0.48353096179183136,0.20789473684210527
,[90],fp_state,0,False,,qwen,aime26_10,aime26_10,33,0.015437392795883409,0.002706027060270566,0.09024211298606011,1,4096,0,4096,34,12110,0,0.7190324945028097,0.38925518925518926,0.136474609375
0.8788006558753012,[],fp_state,2,False,0.8788006558753012,qwen,aime26_10,aime26_10,19,0.015192354814996367,0.0,0.07532404010760574,1,8192,4096,4096,30,9324,0,0.7060835572929391,0.32673992673992674,0.11279296875
0.8327269867258218,[],fp_state,0,False,0.8327269867258218,qwen,aime26_10,aime26_10,42,0.012718600953895098,0.0,0.09114233353695789,1,16384,8192,8192,46,21629,0,0.6117963121260227,0.2711512635819802,0.0899658203125
0.9643030824888238,[0],fp_state,1,False,0.9643030824888238,qwen,aime26_10,aime26_10,98,0.02003787647382249,0.001467620620069665,0.11619954814679123,1,32768,16384,16384,105,41012,0,0.558757096636347,0.21656595251174998,0.0634765625
0.8758934081421709,[],fp_state,3,False,0.8758934081421709,qwen,aime26_10,aime26_10,71,0.047223410104465735,0.005503577325261411,0.19448006350369418,1,49152,32768,16384,85,34247,0,0.47030095842744646,0.16553744735396447,0.0487060546875
0.9220147402211888,[],fp_state,1,False,0.9220147402211888,qwen,aime26_10,aime26_10,4,0.0029112081513827937,0.0,0.045432576123731305,1,51228,49152,2076,3,5111,-1,0.7901591895803184,0.45108433734939757,0.1642581888246628
,[],fp_state,0,False,,qwen,aime26_12,aime26_12,28,0.0036755697133055154,0.0,0.06358522866226457,1,4096,0,4096,20,12173,0,0.735401905692646,0.40024420024420027,0.136962890625
0.8186462686416022,[],fp_state,0,False,0.8186462686416022,qwen,aime26_12,aime26_12,30,0.009311443273707476,0.002952029520295163,0.07336757153338225,1,8192,4096,4096,27,9633,0,0.73100415343269,0.3811965811965812,0.131591796875
0.8752847132859324,[],fp_state,0,False,0.8752847132859324,qwen,aime26_12,aime26_12,49,0.03803350862174393,0.008209778213454255,0.14868662186927306,1,16384,8192,8192,36,17200,0,0.6003174990841372,0.25625686729337077,0.079833984375
0.9653830418601205,[161],fp_state,2,True,0.9653830418601205,qwen,aime26_12,aime26_12,105,0.028285173193231095,0.005503577325261411,0.13714355498565056,1,32768,16384,16384,97,37341,0,0.5795738965875099,0.23646462796801562,0.0692138671875
0.9076286804041039,"[161, 161, 2, 3, 161]",fp_state,1,True,0.914294697363783,qwen,aime26_12,aime26_12,16,0.002194586686174116,0.0,0.06236323851203496,1,35517,32768,2749,11,6962,-1,0.763292061179898,0.450509461426492,0.16478719534376138
,[],fp_state,0,False,,qwen,aime26_14,aime26_14,20,0.012251899044351866,0.0,0.05600391293714846,1,4096,0,4096,18,9512,0,0.7412655753725873,0.3631257631257631,0.12451171875
0.9044081521145676,[1],fp_state,2,False,0.9044081521145676,qwen,aime26_14,aime26_14,23,0.017887772604753716,0.0,0.11518708730741012,1,8192,4096,4096,20,9714,0,0.6567310041534327,0.34554334554334554,0.13232421875
0.9181051152262603,[676],fp_state,1,False,0.9181051152262603,qwen,aime26_14,aime26_14,49,0.03791121438180267,0.003921088101948245,0.16322541233964571,1,16384,8192,8192,49,17717,0,0.5620954939553059,0.24368209009888903,0.0806884765625
0.9565538103196788,"[0, 681, 676]",fp_state,1,True,0.9565538103196788,qwen,aime26_14,aime26_14,62,0.03217455621301779,0.0037962962962962976,0.14532520325203258,1,27215,16384,10831,57,24646,-1,0.5871813816032508,0.26343490304709144,0.08531068230080326
,"[0, 1]",fp_state,0,False,,qwen,aime26_16,aime26_16,45,0.011026709139916657,0.0,0.06994375152849108,1,4096,0,4096,13,10350,0,0.711702907402883,0.34554334554334554,0.120849609375
0.9717312805580359,[],fp_state,0,False,0.9717312805580359,qwen,aime26_16,aime26_16,54,0.016172506738544423,0.00811808118081181,0.06334067009048672,1,8192,4096,4096,15,9922,0,0.7388223796726118,0.35873015873015873,0.12255859375
0.9506866114303157,"[1, 20, 178, 1, 3]",fp_state,1,True,0.9506866114303157,qwen,aime26_16,aime26_16,68,0.004450304928300675,0.0,0.07094650205761321,1,14274,8192,6082,23,15176,-1,0.6663924987662444,0.30718631803979607,0.10243341006247944
,[270],fp_state,0,False,,qwen,aime26_18,aime26_18,31,0.003920607694192557,0.0,0.058204940083149914,1,4096,0,4096,21,10959,0,0.7329587099926704,0.37216117216117217,0.134765625
0.8839656946763538,"[14, 0]",fp_state,0,False,0.8839656946763538,qwen,aime26_18,aime26_18,43,0.010291595197255532,0.0,0.08632917583761313,1,8192,4096,4096,20,8894,0,0.6723674566332764,0.3247863247863248,0.11474609375
0.9146716423075147,[],fp_state,0,False,0.9146716423075147,qwen,aime26_18,aime26_18,66,0.0061147119970649255,0.0,0.08368967623701895,1,16384,8192,8192,44,18925,0,0.6387837342776895,0.28592357465510926,0.09521484375
0.94941090739826,[8],fp_state,0,False,0.94941090739826,qwen,aime26_18,aime26_18,83,0.006747638326585648,0.001441571312730927,0.07039467769486651,1,27514,16384,11130,64,27743,-1,0.6500404421677002,0.28493126067032076,0.08598382749326146
,[],fp_state,0,False,,qwen,aime26_20,aime26_20,26,0.009556481254594407,0.0,0.10222548300317924,1,4096,0,4096,17,8736,0,0.6420718299535793,0.294017094017094,0.10400390625
0.9508707395062859,[2],fp_state,0,False,0.9508707395062859,qwen,aime26_20,aime26_20,43,0.01151678510169074,0.0,0.09170946441672778,1,8192,4096,4096,19,9164,0,0.6865379916931347,0.3426129426129426,0.1240234375
0.9523037169120953,[54],fp_state,0,False,0.961735198339668,qwen,aime26_20,aime26_20,78,0.013819249113366738,0.0006126700159294618,0.09309712889431887,1,16384,8192,8192,35,18456,0,0.6672365368176822,0.289464045904041,0.0953369140625
0.8481469245138711,[190],fp_state,0,True,0.8481469245138711,qwen,aime26_20,aime26_20,3,0.0,0.0,0.026974951830443183,1,16910,16384,526,0,1018,-1,0.7839388145315488,0.4552380952380952,0.17300380228136883
,[],fp_state,0,False,,qwen,aime26_22,aime26_22,22,0.0034305317324184736,0.0,0.045487894350697,1,4096,0,4096,20,12659,0,0.8018568287319814,0.4610500610500611,0.15673828125
0.8132324291403922,[],fp_state,0,False,0.8132324291403922,qwen,aime26_22,aime26_22,31,0.01715265866209259,0.0012300123001229846,0.10295915871851313,1,8192,4096,4096,22,8885,0,0.6691913022233081,0.33650793650793653,0.114501953125
0.9077458299606281,[0],fp_state,0,False,0.9077458299606281,qwen,aime26_22,aime26_22,60,0.007704537116301813,0.0,0.07269395235186316,1,16384,8192,8192,52,20408,0,0.6993527903284894,0.3356122573556342,0.102783203125
0.9571760053409473,"[754, 1, 754]",fp_state,2,True,0.9571760053409473,qwen,aime26_22,aime26_22,63,0.02375755540631297,0.0020174848688634395,0.11979865771812082,1,28311,16384,11927,61,28397,-1,0.6372861455887286,0.29657890323662583,0.09440764651630754
,[],fp_state,0,False,,qwen,aime26_24,aime26_24,17,0.09580985052683166,0.00319803198031976,0.3125458547322084,1,4096,0,4096,18,7822,-1,0.432201319325678,0.21123321123321123,0.082763671875
0.9508207197893211,[],fp_state,0,False,0.9508207197893211,qwen,aime26_24,aime26_24,22,0.047782406272972255,0.0004920049200491938,0.18586451455123498,1,8192,4096,4096,19,8183,0,0.5555827021744442,0.2583638583638584,0.091796875
0.9654687655313162,"[1, 10, 0, 10]",fp_state,1,False,0.9654687655313162,qwen,aime26_24,aime26_24,47,0.06762871468753817,0.01715476044602382,0.1875381795968235,1,16384,8192,8192,33,15572,0,0.49175723531566734,0.19204004395067759,0.064453125
0.9662715668048827,"[669, 669, 669, 10, 10, 100]",fp_state,4,True,0.9662715668048827,qwen,aime26_24,aime26_24,92,0.051767343708784,0.013467124372854467,0.17301608225678877,1,31563,16384,15179,79,28837,-1,0.4914997364259357,0.1744630386085123,0.05527373344752619
,[],fp_state,0,False,,qwen,aime26_26,aime26_26,26,0.012987012987012991,0.002706027060270566,0.08828564441183662,1,4096,0,4096,24,10463,-1,0.7043733203029563,0.35653235653235654,0.1279296875
0.918747313093256,[0],fp_state,0,False,0.918747313093256,qwen,aime26_26,aime26_26,22,0.042146532712570406,0.007872078720787212,0.1440449987772071,1,8192,4096,4096,16,8367,1,0.5902760811140972,0.272039072039072,0.097412109375
0.915552864849749,"[0, 7, 7]",fp_state,0,False,0.915552864849749,qwen,aime26_26,aime26_26,55,0.02494802494802495,0.003063350079647087,0.14636530238240686,1,16384,8192,8192,40,16047,0,0.5658810599584809,0.22817726773287755,0.07080078125
0.9127136477209284,"[12, 6, 12, 2, 132, 0]",fp_state,2,True,0.9224042998576725,qwen,aime26_26,aime26_26,139,0.015456044963039872,0.001467620620069665,0.10942175001526533,1,32768,16384,16384,93,37072,0,0.5836640009767413,0.2221815296343771,0.060302734375
0.8852582324889338,"[132, 2, 12, 132]",fp_state,1,True,0.9132244495829658,qwen,aime26_26,aime26_26,9,0.026657997399219813,0.0,0.1241914618369987,1,34321,32768,1553,2,3230,-1,0.6851612903225807,0.3756443298969072,0.14230521571152607
,[0],fp_state,0,False,,qwen,aime26_28,aime26_28,36,0.0024503798088704176,0.0,0.06260699437515282,1,4096,0,4096,20,10570,0,0.7146347422428536,0.3658119658119658,0.12890625
0.9738963407959947,[1],fp_state,0,False,0.9738963407959947,qwen,aime26_28,aime26_28,33,0.0026954177897574594,0.0,0.04940083149914409,1,8192,4096,4096,29,11292,0,0.7368678231126313,0.3868131868131868,0.141357421875
0.9709867955097515,[2],fp_state,0,False,0.9709867955097515,qwen,aime26_28,aime26_28,79,0.005992417757123669,0.0,0.08173488087965786,1,16384,8192,8192,45,19981,0,0.6523385028697033,0.28580148943962885,0.08984375
0.9017116497846767,"[-1, 1, 4]",fp_state,0,False,0.9100418863904732,qwen,aime26_28,aime26_28,183,0.002443643472417323,0.0,0.09470599010807845,1,32768,16384,16384,114,43312,0,0.580550637934192,0.24171397180003662,0.069580078125
0.8933181552517786,"[3, 12, 12, 12]",fp_state,0,False,0.8933181552517786,qwen,aime26_28,aime26_28,163,0.009285845195186049,0.0002446034366783145,0.1046589729498687,1,49152,32768,16384,89,42964,0,0.5809169159391978,0.2426905939083196,0.06591796875
0.8769949950939704,[],fp_state,0,False,0.8769949950939704,qwen,aime26_28,aime26_28,167,0.0071476571568208636,0.0,0.10606338157171646,1,65536,49152,16384,105,44974,0,0.5632745253647519,0.22071659647195263,0.05926513671875
0.9330098788927387,"[4040, 4040]",fp_state,10,False,0.9330098788927387,qwen,aime26_28,aime26_28,158,0.00995784715010084,0.00012230171833915726,0.10862795383769919,1,81920,65536,16384,86,47312,0,0.5313472925950796,0.20710492583775866,0.0550537109375
,[],fp_state,1,False,,qwen,aime26_30,aime26_30,32,0.013477088948787075,0.0012300123001229846,0.08119344583027632,1,4096,0,4096,17,9804,0,0.7319814317126802,0.37216117216117217,0.140869140625
0.9317632844767967,"[3, 3]",fp_state,1,False,0.9317632844767967,qwen,aime26_30,aime26_30,30,0.021808380298946384,0.0009840098400983877,0.11323061873318663,1,8192,4096,4096,21,9828,0,0.6809186415831908,0.357997557997558,0.1279296875
0.8837699254315758,"[4, 1, 4]",fp_state,0,False,0.8837699254315758,qwen,aime26_30,aime26_30,57,0.010150421915127827,0.0,0.13439218081857052,1,16384,8192,8192,45,18208,0,0.580046403712297,0.24819924307166402,0.074951171875
0.9133177507828178,"[5, 5]",fp_state,0,False,0.9151110502406976,qwen,aime26_30,aime26_30,167,0.0023825523856069175,0.0,0.07425047322464429,1,32768,16384,16384,99,39389,0,0.6394603504059582,0.24690227675028995,0.06768798828125
0.9794329249370777,[0],fp_state,2,False,0.9794329249370777,qwen,aime26_30,aime26_30,180,0.007819659111735544,0.0,0.07272394211394029,1,49152,32768,16384,110,39069,0,0.6551492582870398,0.24592565464200697,0.06549072265625
0.9390036626373527,"[0, 3, 0, 1, 14, 84, 224, 112, 336, 336, 1, 14, 1107]",fp_state,3,False,0.9670240271119694,qwen,aime26_30,aime26_30,205,0.029140448408577213,0.005503577325261411,0.13757098369664778,1,65536,49152,16384,115,36244,-1,0.57389658750992,0.213452969541598,0.057373046875
0.9284924896431057,"[1107, 1107]",fp_state,2,False,0.9327467641067784,qwen,aime26_30,aime26_30,37,0.0007443245254931119,0.0,0.03116883116883118,1,68238,65536,2702,13,6502,-1,0.7880696554279363,0.4039244724176231,0.13989637305699482
,[],fp_state,0,False,,qwen,aime26_02,aime26_02,40,0.011026709139916657,0.0,0.09708975299584255,2,4096,0,4096,20,10098,0,0.6743220131932568,0.326007326007326,0.11376953125
0.883851506030544,[],fp_state,0,False,0.883851506030544,qwen,aime26_02,aime26_02,22,0.0026954177897574594,0.0,0.061384201516263115,2,8192,4096,4096,14,8372,0,0.6513559736134864,0.26935286935286934,0.094970703125
0.9455262963536128,"[62, 0]",fp_state,2,True,0.9455262963536128,qwen,aime26_02,aime26_02,47,0.005136358077534542,0.0,0.06145387904703725,2,16384,8192,8192,39,19761,0,0.714128709244108,0.3147356855084849,0.098876953125
0.7397868827890927,[1],fp_state,0,False,0.7429371717767774,qwen,aime26_02,aime26_02,1,0.0,0.0,0.018779342723004744,2,16604,16384,220,0,552,-1,0.8940092165898618,0.7031963470319634,0.37727272727272726
,[],fp_state,0,False,,qwen,aime26_04,aime26_04,74,0.004900759617740724,0.0,0.05306921007581311,2,4096,0,4096,16,10314,0,0.7256291228927437,0.34554334554334554,0.111328125
0.7662750297165956,[2],fp_state,0,False,0.7662750297165956,qwen,aime26_04,aime26_04,41,0.04704729233031124,0.03321033210332103,0.10540474443629244,2,8192,4096,4096,24,8256,0,0.7124358661128757,0.3076923076923077,0.098388671875
0.9811067657373673,[1],fp_state,0,False,0.9811067657373673,qwen,aime26_04,aime26_04,84,0.01675431087195789,0.009067516235755413,0.08307880268784362,2,16384,8192,8192,57,17165,0,0.6754182439858346,0.2724942009522647,0.0838623046875
0.9683563499930731,"[3, 2, 70, 70]",fp_state,1,True,0.969654747201199,qwen,aime26_04,aime26_04,69,0.021677828692280632,0.0033580770590314613,0.08447729672650472,2,22073,16384,5689,40,12551,-1,0.6758705592683785,0.28217299578059074,0.08683424151872034
,[],fp_state,0,False,,qwen,aime26_06,aime26_06,28,0.03553050722862039,0.002706027060270566,0.18464172169234527,2,4096,0,4096,19,8066,0,0.5604690935743953,0.2686202686202686,0.100341796875
0.9478893298416368,[2],fp_state,0,False,0.9478893298416368,qwen,aime26_06,aime26_06,31,0.027444253859348233,0.0002460024600245969,0.14526779163609682,2,8192,4096,4096,23,8336,0,0.6071341314439287,0.28327228327228327,0.104736328125
0.9768658854345912,"[2, 441, 1013, 441]",fp_state,3,True,0.9768658854345912,qwen,aime26_06,aime26_06,75,0.04353912921741565,0.007155886067068851,0.16962662564676267,2,15350,8192,7158,35,15987,-1,0.5660377358490566,0.26100321363699874,0.09094719195305952
,[],fp_state,0,False,,qwen,aime26_08,aime26_08,28,0.016172506738544423,0.0,0.16043042308632915,2,4096,0,4096,15,9242,0,0.5494747129245052,0.24053724053724054,0.087646484375
0.9745405990776908,[12],fp_state,0,False,0.9745405990776908,qwen,aime26_08,aime26_08,32,0.011271747120803699,0.0,0.13377353876253362,2,8192,4096,4096,16,8825,-2,0.5966283899340337,0.2818070818070818,0.1083984375
0.9836700511448168,"[7, 26244]",fp_state,0,False,0.9836700511448168,qwen,aime26_08,aime26_08,91,0.04231380701968934,0.006616836172037788,0.16823457544288334,2,16384,8192,8192,45,17289,0,0.5401147881304188,0.22854352337931877,0.08154296875
0.9809650028162179,"[17017, 244]",fp_state,0,True,0.9809650028162179,qwen,aime26_08,aime26_08,38,0.02888738433762128,0.0013590033975084959,0.12637981527371034,2,20830,16384,4446,8,9850,-1,0.6216520369119964,0.2983127109111361,0.10593792172739541
,[90],fp_state,0,False,,qwen,aime26_10,aime26_10,36,0.02989463366821854,0.0036900369003689537,0.12350207874786012,2,4096,0,4096,22,12937,0,0.6862936721231371,0.3724053724053724,0.138671875
0.8229924909766541,[],fp_state,0,False,0.8229924909766541,qwen,aime26_10,aime26_10,22,0.01274197500612595,0.0,0.09146490584494982,2,8192,4096,4096,24,10338,0,0.6931346200830687,0.3514041514041514,0.1259765625
0.765380496798341,[90],fp_state,0,False,0.8428234072943939,qwen,aime26_10,aime26_10,52,0.016265133912192753,0.0041661561083200516,0.08540012217470982,2,16384,8192,8192,54,22413,0,0.6860422518011967,0.3214503723599072,0.1031494140625
0.8389182131015357,[1],fp_state,1,False,0.8389182131015357,qwen,aime26_10,aime26_10,64,0.022237155598998082,0.0015899223384088224,0.1409904133846248,2,32768,16384,16384,82,38551,0,0.5308589219217386,0.1978270158090704,0.05938720703125
0.944231753870389,"[49, 49]",fp_state,1,False,0.944231753870389,qwen,aime26_10,aime26_10,77,0.022088855547220176,0.004006343377013555,0.12061640982923783,2,44780,32768,12012,54,32918,-1,0.5745690731951036,0.24577470651902422,0.07442557442557443
,[],fp_state,0,False,,qwen,aime26_12,aime26_12,22,0.0012251899044352088,0.0,0.05282465150403526,2,4096,0,4096,15,10730,0,0.7522599560224774,0.41953601953601954,0.150146484375
0.8858115222689672,[],fp_state,0,False,0.8858115222689672,qwen,aime26_12,aime26_12,24,0.03111982357265375,0.002460024600245969,0.1313279530447542,2,8192,4096,4096,20,10566,0,0.6806743220131932,0.3677655677655678,0.13037109375
0.7614567890145384,[],fp_state,0,False,0.8583865274761495,qwen,aime26_12,aime26_12,58,0.052219640454934546,0.01923783850018379,0.18020769700671957,2,16384,8192,8192,50,17415,0,0.54292343387471,0.23940910755707484,0.076171875
0.9518370607350117,"[0, 122, 161]",fp_state,0,True,0.9518370607350117,qwen,aime26_12,aime26_12,63,0.02894598846355534,0.0056728647967223544,0.11966886723252645,2,25934,16384,9550,43,23102,-1,0.6548654027443176,0.3038014451775055,0.09225130890052356
,[540],fp_state,0,False,,qwen,aime26_14,aime26_14,19,0.039206076941926016,0.007626076260762615,0.13695280019564682,2,4096,0,4096,15,9082,0,0.6440263865135597,0.3274725274725275,0.120849609375
0.9510000346199489,[2],fp_state,0,False,0.9510000346199489,qwen,aime26_14,aime26_14,20,0.016662582700318507,0.0044280442804428555,0.13303986304719984,2,8192,4096,4096,18,8212,0,0.5827021744441729,0.263003663003663,0.09033203125
0.9333315805634838,[],fp_state,0,False,0.9333315805634838,qwen,aime26_14,aime26_14,42,0.04524886877828049,0.0015929420414164674,0.20244349419670127,2,16384,8192,8192,47,16909,0,0.4961533764806448,0.21914296178732756,0.07470703125
0.9533199838840062,"[2, 681, 676, 681]",fp_state,1,True,0.9533199838840062,qwen,aime26_14,aime26_14,35,0.02263374485596703,0.0007933989209775172,0.1157129307619349,2,22717,16384,6333,24,14984,-1,0.6244865718799368,0.30811749842072017,0.10611084793936523
,"[20, 1, 20]",fp_state,0,False,,qwen,aime26_16,aime26_16,52,0.011271747120803699,0.0,0.09537784299339691,2,4096,0,4096,18,10088,0,0.6484241387735158,0.31013431013431014,0.106689453125
0.9631227250448144,"[1, 1]",fp_state,0,False,0.9631227250448144,qwen,aime26_16,aime26_16,57,0.013477088948787075,0.00811808118081181,0.058204940083149914,2,8192,4096,4096,20,11115,0,0.7415098949425849,0.3824175824175824,0.135009765625
0.9823977542341781,"[178, 1, 20]",fp_state,1,True,0.9823977542341781,qwen,aime26_16,aime26_16,57,0.01585288522511097,0.0,0.09895503483217227,2,14515,8192,6323,12,15635,-1,0.65,0.3038595381208478,0.10279930412778744
,[],fp_state,0,False,,qwen,aime26_18,aime26_18,31,0.013232050967900033,0.0002460024600245969,0.0794815358278308,2,4096,0,4096,19,10897,0,0.7200097727827999,0.3755799755799756,0.134033203125
0.929963267004066,[],fp_state,0,False,0.929963267004066,qwen,aime26_18,aime26_18,28,0.0034305317324184736,0.0,0.056982147224260205,2,8192,4096,4096,23,9580,0,0.7163449792328366,0.3606837606837607,0.123291015625
0.9113713919387141,"[0, 20, 8]",fp_state,0,False,0.9113713919387141,qwen,aime26_18,aime26_18,55,0.0020790020790020236,0.0,0.0670739156994502,2,16384,8192,8192,30,19575,0,0.6705336426914154,0.30387010133072884,0.0980224609375
0.9899820717493252,"[-14, -14, 503, 20, 270, 14, 14, 503]",fp_state,0,True,0.9899820717493252,qwen,aime26_18,aime26_18,111,0.01135646687697156,0.0003610434154707187,0.08042871296046117,2,27494,16384,11110,45,26955,-1,0.6219501215449716,0.2604194797011432,0.07920792079207921
,[],fp_state,0,False,,qwen,aime26_20,aime26_20,37,0.014947316834109325,0.0,0.11885546588407925,2,4096,0,4096,15,8938,0,0.6149523576838505,0.29426129426129427,0.10693359375
0.9139944671487903,[],fp_state,0,False,0.9139944671487903,qwen,aime26_20,aime26_20,25,0.012006861063464824,0.0,0.08510638297872342,2,8192,4096,4096,18,8838,0,0.6501343757634986,0.3010989010989011,0.112060546875
0.9402543115024713,[22],fp_state,1,False,0.9402543115024713,qwen,aime26_20,aime26_20,69,0.007093065916595309,0.0,0.078191814294441,2,16384,8192,8192,38,18276,0,0.6448894858957137,0.2750579904773532,0.090576171875
0.8458039066229854,[2],fp_state,0,False,0.9216072994350619,qwen,aime26_20,aime26_20,8,0.013043478260869601,0.0,0.09067357512953367,2,17549,16384,1165,0,2413,-1,0.6927710843373494,0.37800687285223367,0.13476394849785409
,[],fp_state,0,False,,qwen,aime26_22,aime26_22,20,0.027689291840235275,0.0,0.12227928588897041,2,4096,0,4096,18,10871,0,0.6691913022233081,0.3716727716727717,0.131591796875
0.9046785219911812,[],fp_state,0,False,0.9046785219911812,qwen,aime26_22,aime26_22,18,0.056358735604018606,0.003936039360393551,0.1626314502323306,2,8192,4096,4096,22,9555,0,0.6591741998534083,0.3728937728937729,0.140625
0.9300101455440135,"[1, 754]",fp_state,0,True,0.9300101455440135,qwen,aime26_22,aime26_22,40,0.014797603032897122,0.0,0.07868051313378133,2,16384,8192,8192,57,19661,0,0.6972768347783612,0.3445244780857038,0.114013671875
0.9190601804536561,"[1, 754]",fp_state,0,True,0.9439124397406742,qwen,aime26_22,aime26_22,26,0.023466874108647784,0.006496037417175526,0.12420670897552133,2,24112,16384,7728,29,15914,-1,0.5910679611650486,0.2647858159699754,0.08307453416149069
,"[10, 1000, 1]",fp_state,2,False,,qwen,aime26_24,aime26_24,21,0.030384709629992623,0.0004920049200491938,0.16409880166299828,2,4096,0,4096,17,8192,0,0.5619350109943807,0.2652014652014652,0.09814453125
0.937148310017691,[10],fp_state,0,False,0.937148310017691,qwen,aime26_24,aime26_24,17,0.01004655721636849,0.0,0.14013206162876013,2,8192,4096,4096,11,7000,0,0.5123381382848766,0.21025641025641026,0.0751953125
0.9443992060212381,[],fp_state,0,False,0.9538179231612435,qwen,aime26_24,aime26_24,30,0.025804084627614077,0.0004901360127435028,0.17006719609040932,2,16384,8192,8192,27,15711,0,0.5054341189400415,0.21242827493590527,0.0775146484375
0.9706217928658976,"[10, 98, 669]",fp_state,0,True,0.9706217928658976,qwen,aime26_24,aime26_24,34,0.025506072874493912,0.0,0.14470493128536788,2,21339,16384,4955,16,10099,-1,0.590670436187399,0.2686717803794913,0.09767911200807265
,[],fp_state,0,False,,qwen,aime26_26,aime26_26,25,0.029159519725557415,0.0002460024600245969,0.15725116165321595,2,4096,0,4096,15,10674,0,0.6286342536037136,0.3218559218559219,0.116455078125
0.8674372558878397,[],fp_state,0,False,0.8674372558878397,qwen,aime26_26,aime26_26,21,0.023768684146042607,0.0,0.12203472731719245,2,8192,4096,4096,14,8849,0,0.6274126557537258,0.2993894993894994,0.10595703125
0.8928405015829802,[],fp_state,0,False,0.8928405015829802,qwen,aime26_26,aime26_26,32,0.043292160939219726,0.0008577380223011577,0.16872327428222356,2,16384,8192,8192,35,15787,0,0.5269263646354866,0.20290562812843366,0.0654296875
0.9115224822620013,"[2, 2, 2, 132, 2]",fp_state,2,True,0.9115224822620013,qwen,aime26_26,aime26_26,130,0.05113323966033356,0.0037302024093438524,0.20486047505648164,2,32768,16384,16384,86,34217,0,0.47878639887674745,0.18049197338704756,0.053466796875
0.8679007619424608,[],fp_state,1,False,0.8679007619424608,qwen,aime26_26,aime26_26,7,0.0,0.0,0.056099732858414963,2,33898,32768,1130,3,2579,-1,0.7551020408163265,0.4526129317980514,0.19380530973451326
,[1],fp_state,0,False,,qwen,aime26_28,aime26_28,33,0.0056358735604018495,0.0,0.06774272438248963,2,4096,0,4096,24,10969,0,0.7295382360127046,0.36434676434676433,0.12646484375
0.9724785576833949,[1],fp_state,0,False,0.9724785576833949,qwen,aime26_28,aime26_28,44,0.0012251899044352088,0.0,0.04622157006603078,2,8192,4096,4096,25,11874,0,0.7256291228927437,0.36678876678876676,0.1279296875
0.900359580364499,"[0, 2, 1]",fp_state,0,False,0.937603073133919,qwen,aime26_28,aime26_28,65,0.010761893114834331,0.0,0.10458155161881488,2,16384,8192,8192,50,20100,0,0.6227866650384662,0.2751800756928336,0.0887451171875
0.9476171506631809,"[2, 0, 1, 2, 2]",fp_state,2,False,0.9476171506631809,qwen,aime26_28,aime26_28,189,0.005376015639318221,0.0,0.09360688770837144,2,32768,16384,16384,90,38677,0,0.601855808558696,0.2506256485381188,0.07281494140625
0.3914588651432717,[],fp_state,0,False,0.3914588651432717,qwen,aime26_28,aime26_28,39,0.6167756124381453,0.612120100287409,0.6382731880075716,2,49152,32768,16384,38,29488,0,0.25047310908979914,0.10907648171885491,0.035400390625
0.9886987453899916,[],fp_state,0,False,0.9886987453899916,qwen,aime26_28,aime26_28,0,0.9998167267395687,0.9998165474224913,0.9998168162667155,2,65536,49152,16384,0,21845,0,0.0001831390025028997,0.00018311664530305805,0.00018310546875
0.999999988824129,[],fp_state,0,False,0.999999988824129,qwen,aime26_28,aime26_28,0,0.9998167267395687,0.9998165474224913,0.9998168162667155,2,81920,65536,16384,0,21845,0,0.0001831390025028997,0.00018311664530305805,0.00018310546875
,[0],fp_state,0,False,,qwen,aime26_30,aime26_30,17,0.019603038470963008,0.0004920049200491938,0.13279530447542187,2,4096,0,4096,20,8604,0,0.6454923039335451,0.29987789987789987,0.10595703125
0.8866958142204322,[],fp_state,0,False,0.8866958142204322,qwen,aime26_30,aime26_30,16,0.005390835579514808,0.0,0.10026901442895575,2,8192,4096,4096,27,9637,0,0.662594673833374,0.33137973137973137,0.12158203125
0.8449410319697734,[],fp_state,2,False,0.8875787411801385,qwen,aime26_30,aime26_30,52,0.013819249113366738,0.0,0.13793524740378738,2,16384,8192,8192,35,17269,0,0.5290023201856149,0.2199975582956904,0.073486328125
0.9574656259167436,"[3, 1, 3, 27, 3, 3, 0, 243, 0, 3, 7, 243]",fp_state,13,False,0.9574656259167436,qwen,aime26_30,aime26_30,101,0.019332304443180903,0.003172021146807591,0.11364558811591852,2,28710,16384,12326,53,30655,-1,0.5868700803375801,0.2439756592292089,0.07820866461139056
,[],int8_c128,0,False,,qwen,aime26_01,aime26_01,18,0.0183778485665278,0.003444034440344357,0.10687209586696012,1,4096,0,4096,16,9544,0,0.6418275103835818,0.3023199023199023,0.10986328125
0.9187271148896766,"[1, 277, 1, 18, 7]",int8_c128,2,True,0.9187271148896766,qwen,aime26_01,aime26_01,23,0.004900759617740724,0.0,0.06358522866226457,1,8192,4096,4096,16,9718,0,0.711702907402883,0.37313797313797314,0.144287109375
0.9017261781972962,"[2, 180, 252]",int8_c128,0,False,0.9293328596477511,qwen,aime26_01,aime26_01,6,0.005792903692976137,0.0,0.0784737221022318,1,9588,8192,1396,1,3138,-1,0.7150035893754487,0.3956989247311828,0.15830945558739254
,[],int8_c128,0,False,,qwen,aime26_03,aime26_03,52,0.008086253369272267,0.0,0.06211787723159701,1,4096,0,4096,24,13671,0,0.7600781822623992,0.41514041514041516,0.1484375
0.9240503862980657,[],int8_c128,0,False,0.9240503862980657,qwen,aime26_03,aime26_03,30,0.01151678510169074,0.0,0.06676449009537788,1,8192,4096,4096,28,11986,0,0.7608111409723919,0.42686202686202684,0.15966796875
0.8728683521684477,[],int8_c128,0,False,0.9549046135000313,qwen,aime26_03,aime26_03,135,0.023602788308670686,0.0004901360127435028,0.08124618204031764,1,16384,8192,8192,61,27600,0,0.687141287092441,0.32047369063606396,0.103271484375
0.9846804897926477,[],int8_c128,2,False,0.9846804897926477,qwen,aime26_03,aime26_03,258,0.01741095974097384,0.0,0.08096721011174213,1,32768,16384,16384,136,53608,0,0.6422684817776693,0.26039186962094857,0.07080078125
0.9176188542178665,[],int8_c128,0,False,0.9176188542178665,qwen,aime26_03,aime26_03,227,0.009713482802859108,0.0,0.07235757464737136,1,49152,32768,16384,159,53234,0,0.6186435504547952,0.2522736983458463,0.06903076171875
0.7597554211906473,[29],int8_c128,2,False,0.7597554211906473,qwen,aime26_03,aime26_03,168,0.4328914411387379,0.4234085488901119,0.4880625267142944,1,65536,49152,16384,1963,46158,0,0.32281301507844457,0.14429591649880974,0.04351806640625
0.633052032924472,[],int8_c128,0,False,0.633052032924472,qwen,aime26_03,aime26_03,0,0.9257666628946475,0.871896610361637,0.9522894290559638,1,74388,65536,8852,2437,21767,-34,0.028477794101028363,0.014461642752231387,0.0070040668775417985
,"[1, -1]",int8_c128,0,False,,qwen,aime26_05,aime26_05,33,0.012496937025238908,0.0,0.07410124724871603,1,4096,0,4096,19,10632,0,0.6882482286831175,0.3299145299145299,0.1142578125
0.9408869040405733,[],int8_c128,0,False,0.9408869040405733,qwen,aime26_05,aime26_05,35,0.011026709139916657,0.004920049200492049,0.05673758865248224,1,8192,4096,4096,19,10658,0,0.7327143904226728,0.367032967032967,0.133544921875
0.8513562044699454,[],int8_c128,0,False,0.8513562044699454,qwen,aime26_05,aime26_05,40,0.027271615506909597,0.0020830780541600813,0.1315821624923641,1,16384,8192,8192,43,17606,0,0.594455977530834,0.2616286167745086,0.086669921875
0.801664734069381,"[29, 65, 1]",int8_c128,1,True,0.9501271597178,qwen,aime26_05,aime26_05,155,0.009163663021565127,0.00012230171833915726,0.07388410575807536,1,32768,16384,16384,85,46321,0,0.6675416641230694,0.28706586095342734,0.08154296875
0.9227566114110082,[65],int8_c128,0,True,0.9227566114110082,qwen,aime26_05,aime26_05,28,0.0,0.0,0.01767255751917307,1,35774,32768,3006,15,9245,-1,0.8648018648018648,0.4945091514143095,0.17198935462408516
,[],int8_c128,0,False,,qwen,aime26_07,aime26_07,15,0.037735849056603765,0.002952029520295163,0.21423330887747616,1,4096,0,4096,18,8997,0,0.5445883215245542,0.28205128205128205,0.10205078125
0.9742679642844462,"[45, 1, 45, 1, 6]",int8_c128,0,False,0.9742679642844462,qwen,aime26_07,aime26_07,17,0.025974025974025983,0.0004920049200491938,0.1697236488138909,1,8192,4096,4096,19,8251,0,0.5670657219643294,0.26837606837606837,0.10107421875
0.9614584162846567,"[5, 6]",int8_c128,0,False,0.9614584162846567,qwen,aime26_07,aime26_07,37,0.006970771676654053,0.0,0.13084911423335366,1,16384,8192,8192,32,17896,0,0.5771156429356453,0.2500305213038701,0.08251953125
0.9489746257552242,"[45, 1, 396, 6, 1, 1, 6, 48, 6, 396, 1, 396]",int8_c128,2,True,0.9489746257552242,qwen,aime26_07,aime26_07,96,0.0627135535307517,0.02572690992018245,0.2051081388730791,1,30447,16384,14063,69,33765,-1,0.4884779516358464,0.2009671454985066,0.05958899239138164
,"[2, 2, 2]",int8_c128,0,False,,qwen,aime26_09,aime26_09,40,0.01862288654741484,0.003444034440344357,0.11543164587918808,1,4096,0,4096,20,11502,0,0.6706572196432934,0.3509157509157509,0.126220703125
0.9112359615513038,[],int8_c128,0,False,0.9112359615513038,qwen,aime26_09,aime26_09,17,0.034795393285959375,0.0,0.18268525311812178,1,8192,4096,4096,20,9335,0,0.5426337649645737,0.27912087912087913,0.108642578125
0.9534875787438704,[],int8_c128,0,False,0.9534875787438704,qwen,aime26_09,aime26_09,46,0.026660144307203093,0.0015929420414164674,0.1582162492364081,1,16384,8192,8192,43,20170,0,0.5478080351691293,0.2433158344524478,0.0760498046875
0.9284958904573543,[],int8_c128,0,False,0.9286359084037721,qwen,aime26_09,aime26_09,176,0.021748426904514617,0.0,0.11302436343652689,1,32768,16384,16384,136,46036,0,0.6190708747939686,0.2548983702618568,0.07122802734375
0.9218139731478374,[],int8_c128,0,False,0.9218139731478374,qwen,aime26_09,aime26_09,195,0.013745494532347746,0.0,0.12291628503388896,1,49152,32768,16384,147,59471,0,0.553751297234601,0.21015686992614296,0.05462646484375
0.9254314157640631,[],int8_c128,0,False,0.9254314157640631,qwen,aime26_09,aime26_09,180,0.011179668886309502,0.0,0.09269096904194907,1,65536,49152,16384,182,68518,0,0.5949575727977535,0.23738021119453093,0.05938720703125
0.7019362028724506,[],int8_c128,0,False,0.7019362028724506,qwen,aime26_09,aime26_09,108,0.4054615431608528,0.38592307221916466,0.46229468156561027,1,81920,65536,16384,1747,109759,0,0.34338562969293696,0.14618812183360802,0.04058837890625
,[],int8_c128,0,False,,qwen,aime26_11,aime26_11,36,0.006861063464837058,0.0,0.0608950843727073,1,4096,0,4096,24,12053,0,0.8047886635719521,0.4593406593406593,0.15869140625
0.8295663679363845,[],int8_c128,0,False,0.8295663679363845,qwen,aime26_11,aime26_11,30,0.014947316834109325,0.002706027060270566,0.06700904866715574,1,8192,4096,4096,21,9695,0,0.7200097727827999,0.3514041514041514,0.1220703125
0.9096679346926757,[],int8_c128,0,False,0.9096679346926757,qwen,aime26_11,aime26_11,38,0.02127919774978604,0.0013478740350447715,0.09089798411728767,1,16384,8192,8192,50,19300,0,0.6492856270606912,0.2956903918935417,0.0941162109375
0.9267924878578193,[],int8_c128,0,False,0.9267924878578193,qwen,aime26_11,aime26_11,75,0.019854603213391164,0.0007949611692044112,0.1199853453013372,1,32768,16384,16384,134,38229,-1,0.5811611012758684,0.23329060611609595,0.064208984375
0.9464899655148834,[],int8_c128,1,False,0.9569827724834464,qwen,aime26_11,aime26_11,117,0.014967316268556408,0.0007949611692044112,0.07699822922391153,1,49152,32768,16384,120,39550,0,0.651120200231976,0.27748275651590065,0.07537841796875
0.9749937806145806,[],int8_c128,0,False,0.9749937806145806,qwen,aime26_11,aime26_11,111,0.016922231046490266,0.005442426466091832,0.08951578433168472,1,65536,49152,16384,120,37813,0,0.5967279164886149,0.24391137154367332,0.06744384765625
0.9766032536187481,"[1000, 5588]",int8_c128,2,False,0.9766032536187481,qwen,aime26_11,aime26_11,82,0.01631132017838599,0.0012230171833914616,0.08224949624473343,1,81920,65536,16384,127,35686,0,0.6088150906538062,0.2400048831105414,0.06353759765625
,[],int8_c128,0,False,,qwen,aime26_13,aime26_13,33,0.04557706444498899,0.005166051660516646,0.14135485448764984,1,4096,0,4096,24,9599,0,0.6496457366235036,0.32893772893772893,0.123046875
0.9064675130926594,[],int8_c128,0,False,0.9064675130926594,qwen,aime26_13,aime26_13,26,0.06419995099240383,0.0044280442804428555,0.21936903888481296,1,8192,4096,4096,24,8428,0,0.550696310774493,0.2691086691086691,0.099365234375
0.9062754750332912,"[1, 462, 19, 19, 0, 0, 462]",int8_c128,1,False,0.9062754750332912,qwen,aime26_13,aime26_13,62,0.06628347804818391,0.007474574194338945,0.20696395846059867,1,16384,8192,8192,51,17999,0,0.5458541946513615,0.24722256134782078,0.0816650390625
0.9354401684565852,"[502, 462]",int8_c128,1,False,0.9354401684565852,qwen,aime26_13,aime26_13,127,0.03109536318651107,0.0006115085916956753,0.18703059168345848,1,32768,16384,16384,124,35363,0,0.49166717538611804,0.19385948849417078,0.058837890625
0.964852801226065,"[0, 0, 470]",int8_c128,1,False,0.9761950122003331,qwen,aime26_13,aime26_13,166,0.044046673590323215,0.003118693817648177,0.21780545887525182,1,49152,32768,16384,131,33863,0,0.4471033514437458,0.1615088811572972,0.0447998046875
0.9854482469117368,"[462, 40, 462, 462, 502, 462, 462]",int8_c128,4,False,0.9854482469117368,qwen,aime26_13,aime26_13,182,0.03476082839513717,0.0005503577325260967,0.1950906759479758,1,65536,49152,16384,145,34780,0,0.4713997924424638,0.177684184825734,0.051025390625
0.9544540661139017,"[462, 39, 1, 462, 462]",int8_c128,1,True,0.9544540661139017,qwen,aime26_13,aime26_13,200,0.03182845622823627,0.0006726594508652539,0.18605361177260793,1,81920,65536,16384,176,33105,0,0.46816433673157926,0.17194652993957152,0.049072265625
,[2],int8_c128,0,False,,qwen,aime26_15,aime26_15,23,0.003185493751531432,0.0,0.05478112007825875,1,4096,0,4096,16,11657,0,0.7581236257024188,0.4288156288156288,0.160400390625
0.8989153903724948,[1],int8_c128,0,False,0.8989153903724948,qwen,aime26_15,aime26_15,36,0.0026954177897574594,0.0,0.026901442895573502,1,8192,4096,4096,26,12113,0,0.7933056437820669,0.4244200244200244,0.1474609375
0.8915278375226929,"[1, 1]",int8_c128,2,False,0.8915278375226929,qwen,aime26_15,aime26_15,63,0.0012229423994130073,0.0,0.051313378130726894,1,16384,8192,8192,50,22245,0,0.7158383196971547,0.33854230252716394,0.10546875
0.9385295033984095,"[3, 1, 1]",int8_c128,6,False,0.9385295033984095,qwen,aime26_15,aime26_15,99,0.0073309304172520795,0.0,0.0851804359772852,1,32768,16384,16384,122,43288,0,0.6037482449178927,0.25123603735579564,0.072998046875
0.865246508386963,"[1, 0, 1, 1, 4, 0]",int8_c128,17,False,0.8792421514620696,qwen,aime26_15,aime26_15,157,0.005192742378886894,0.001161866324221883,0.07034255358124197,1,49152,32768,16384,134,48518,0,0.6132714730480434,0.26045290850271624,0.0682373046875
0.9852029550693044,"[6, 1, 1]",int8_c128,13,False,0.9852029550693044,qwen,aime26_15,aime26_15,150,0.00152727717026091,0.0,0.06716736887097763,1,65536,49152,16384,143,47353,0,0.6089982296563091,0.24458279924311788,0.06201171875
0.9824091516113249,"[0, 1, 1, 1, 2, 16, 1, 2, 2]",int8_c128,24,False,0.9824091516113249,qwen,aime26_15,aime26_15,207,0.008125114545787793,0.00030575429584789315,0.08572998717713864,1,81920,65536,16384,157,47121,-1,0.5824430742933887,0.23860098882988465,0.06463623046875
,[],int8_c128,0,False,,qwen,aime26_17,aime26_17,17,0.02278853222249444,0.017466174661746603,0.12032281731474692,1,4096,0,4096,21,11125,0,0.5944295138040557,0.3282051282051282,0.125
0.9246519890256791,[],int8_c128,0,False,0.9246519890256791,qwen,aime26_17,aime26_17,18,0.0014702278853222506,0.0,0.08730741012472487,1,8192,4096,4096,23,12296,0,0.6103102858538969,0.3172161172161172,0.113525390625
0.88183425727864,[],int8_c128,0,False,0.88183425727864,qwen,aime26_17,aime26_17,51,0.004891769597651918,0.0013478740350447715,0.06487477092241911,1,16384,8192,8192,40,27225,0,0.6444010257662718,0.3220607984373092,0.1058349609375
0.9606234033879484,[3],int8_c128,2,False,0.9606234033879484,qwen,aime26_17,aime26_17,101,0.0056203799865599535,6.115085916957863e-05,0.0818831287781645,1,32768,16384,16384,127,52935,0,0.5865942250167877,0.25715680888726117,0.07452392578125
0.9710198749540503,[3],int8_c128,1,False,0.9710198749540503,qwen,aime26_17,aime26_17,111,0.009713482802859108,0.0017733749159175582,0.10172803321731694,1,49152,32768,16384,137,50995,0,0.5598559306513644,0.24061527192821827,0.06854248046875
0.9600075821440808,[0],int8_c128,0,False,0.9652177414009513,qwen,aime26_17,aime26_17,124,0.00415419390310956,0.0,0.09995725712890025,1,65536,49152,16384,148,53589,0,0.5774372748916428,0.24812305438564367,0.067626953125
0.9858774273018754,[0],int8_c128,0,False,0.9858774273018754,qwen,aime26_17,aime26_17,112,0.00262691673284865,0.0,0.07418941198021611,1,81920,65536,16384,149,53014,0,0.5819547036200476,0.2396386498199353,0.06640625
,"[0, 0]",int8_c128,0,False,,qwen,aime26_19,aime26_19,51,0.025238912031364857,0.0,0.14013206162876013,1,4096,0,4096,18,9021,0,0.5875885658441241,0.2673992673992674,0.0966796875
0.9398053097996328,"[10, 1, 0]",int8_c128,0,False,0.9398053097996328,qwen,aime26_19,aime26_19,64,0.019358000490075966,0.002952029520295163,0.09586696013695284,1,8192,4096,4096,27,9382,0,0.6850720742731493,0.32454212454212455,0.11328125
0.9574982590663568,"[10, 9]",int8_c128,0,False,0.9574982590663568,qwen,aime26_19,aime26_19,122,0.0092943622355387,0.0,0.09566279780085518,1,16384,8192,8192,48,18930,0,0.6009280742459396,0.2497863508729093,0.0782470703125
0.9452387330816989,[10],int8_c128,1,False,0.9452387330816989,qwen,aime26_19,aime26_19,253,0.015578227136660794,0.00012230171833915726,0.11986322281248096,1,32768,16384,16384,122,44164,0,0.539771686710213,0.20264908746871757,0.05450439453125
0.9170572825570595,"[271, 279, 10]",int8_c128,1,True,0.9170572825570595,qwen,aime26_19,aime26_19,249,0.012768037143380817,0.0,0.12395432618916769,1,49152,32768,16384,130,47836,0,0.5038153958854771,0.18519196728315937,0.0501708984375
0.9846272526197613,[9],int8_c128,0,False,0.9846272526197613,qwen,aime26_19,aime26_19,273,0.01576150039709201,0.0,0.14001343347377415,1,65536,49152,16384,166,49123,0,0.4777486111958977,0.17701275712628944,0.04547119140625
0.9895738875726378,"[279, 279, 279, 279, 9, 1, 1, 9, 1, 279]",int8_c128,6,True,0.9895738875726378,qwen,aime26_19,aime26_19,208,0.020546943550745822,0.0013177159590044285,0.11224788073662673,1,79227,65536,13691,115,41148,-1,0.5401811805961426,0.20357925493060627,0.05397706522533051
,[],int8_c128,0,False,,qwen,aime26_21,aime26_21,32,0.013967164910561158,0.0,0.09757887013939837,1,4096,0,4096,18,10445,0,0.6882482286831175,0.34896214896214894,0.123779296875
0.972431862218335,[],int8_c128,0,False,0.972431862218335,qwen,aime26_21,aime26_21,26,0.017887772604753716,0.0012300123001229846,0.11689899730985576,1,8192,4096,4096,21,9919,0,0.6691913022233081,0.3528693528693529,0.131591796875
0.9453203713257881,[2],int8_c128,0,False,0.9453203713257881,qwen,aime26_21,aime26_21,55,0.02458114222820107,0.0004901360127435028,0.13793524740378738,1,16384,8192,8192,52,18423,0,0.565148369764318,0.252105969967037,0.0830078125
0.94984160732522,[],int8_c128,1,False,0.94984160732522,qwen,aime26_21,aime26_21,145,0.009346936281996454,0.0,0.09391219393051231,1,32768,16384,16384,141,40847,0,0.6022220865637018,0.2435451382530672,0.071533203125
0.9671108863001289,[],int8_c128,0,False,0.9671108863001289,qwen,aime26_21,aime26_21,166,0.008064023458977387,0.0,0.08805031446540879,1,49152,32768,16384,225,41278,-1,0.5800012209266834,0.22621009583104437,0.06280517578125
0.976098177871276,[9],int8_c128,0,False,0.976098177871276,qwen,aime26_21,aime26_21,164,0.005742562160180875,0.0,0.09690419490749225,1,65536,49152,16384,325,41589,0,0.5701727611256944,0.2296893120918025,0.06494140625
0.7555801062453892,[],int8_c128,0,False,0.7555801062453892,qwen,aime26_21,aime26_21,82,0.3130918199034761,0.2994557573533908,0.3686877938572388,1,81920,65536,16384,1807,41464,-19,0.42005982540748427,0.16565952511749985,0.0474853515625
,"[2, 2]",int8_c128,0,False,,qwen,aime26_23,aime26_23,35,0.029649595687331498,0.0,0.1384201516263145,1,4096,0,4096,10,8877,0,0.6352308819936477,0.32112332112332115,0.115966796875
0.9712224572943992,[],int8_c128,0,False,0.9712224572943992,qwen,aime26_23,aime26_23,29,0.0367556971330556,0.003444034440344357,0.14135485448764984,1,8192,4096,4096,16,7965,0,0.6293672123137063,0.2932844932844933,0.098876953125
0.9177639730765501,"[1, 7, 17, 2]",int8_c128,0,False,0.9177639730765501,qwen,aime26_23,aime26_23,61,0.046349516937752244,0.0044112241146918585,0.18362858888210143,1,16384,8192,8192,33,15422,0,0.5357186469654415,0.21670125747771946,0.0701904296875
0.9524665515364492,"[2, 12, 2]",int8_c128,0,False,0.9524665515364492,qwen,aime26_23,aime26_23,169,0.034088826440222375,0.002446034366782812,0.17903156866336933,1,32768,16384,16384,77,29765,1,0.49600146511202003,0.1728621131660868,0.051025390625
0.7690558480542213,[],int8_c128,0,False,0.807130074415258,qwen,aime26_23,aime26_23,23,0.5885775669143318,0.5229045271178844,0.7158064227569549,1,43954,32768,11186,267,21354,-1,0.16051149065545917,0.07107733571747876,0.027981405328088682
,"[200, 200, 2]",int8_c128,0,False,,qwen,aime26_25,aime26_25,44,0.000980151923548167,0.0,0.045487894350697,1,4096,0,4096,15,10450,0,0.7512826777424871,0.36117216117216117,0.126953125
0.9458626508271458,[],int8_c128,0,False,0.9458626508271458,qwen,aime26_25,aime26_25,34,0.004410683655966641,0.0,0.06627537295182195,1,8192,4096,4096,24,9816,0,0.7280723185927193,0.35115995115995113,0.128173828125
0.9706865780179971,"[20, 5]",int8_c128,0,False,0.9706865780179971,qwen,aime26_25,aime26_25,83,0.006603888956830173,0.0,0.07904703726328655,1,16384,8192,8192,43,18880,0,0.6456221760898767,0.2709070931510194,0.0865478515625
0.9846520347871932,"[8, 0]",int8_c128,0,False,0.9846520347871932,qwen,aime26_25,aime26_25,174,0.03305027796444504,0.0037302024093438524,0.16712462599987787,1,32768,16384,16384,106,36121,0,0.5185886087540443,0.19190624427760483,0.055908203125
0.9830857775342374,"[1, 5, 200]",int8_c128,0,False,0.9830857775342374,qwen,aime26_25,aime26_25,165,0.01728877756735292,0.0009172628875435684,0.12279416254503261,1,49152,32768,16384,136,36835,0,0.5577803552896649,0.20045168772508087,0.0565185546875
0.9927855119331128,[850],int8_c128,1,True,0.9927855119331128,qwen,aime26_25,aime26_25,179,0.032867004704013714,0.007399253959518126,0.1293887769432741,1,65536,49152,16384,100,37422,0,0.561931506013064,0.20405298174937436,0.0531005859375
0.9767166961426333,"[85, 170, 255, 340, 850, 85, 170, 255, 340, 85, 170, 255, 340, 85, 170, 255, 340, 850, 2, 2, 850]",int8_c128,3,True,0.9767166961426333,qwen,aime26_25,aime26_25,134,0.013133383010432209,0.0024253731343283347,0.0747393894266567,1,76287,65536,10751,83,26323,-1,0.6619836248604392,0.27869767441860466,0.07506278485722258
,[0],int8_c128,0,False,,qwen,aime26_27,aime26_27,44,0.01274197500612595,0.0,0.07263389581804847,1,4096,0,4096,18,10208,0,0.7229416076227706,0.3860805860805861,0.135009765625
0.9310099972886693,[],int8_c128,0,False,0.9310099972886693,qwen,aime26_27,aime26_27,27,0.01592746875765738,0.0,0.08608461726583516,1,8192,4096,4096,27,9256,0,0.6816516002931835,0.33455433455433453,0.118408203125
0.9522510248013522,[],int8_c128,0,False,0.9522510248013522,qwen,aime26_27,aime26_27,74,0.00782683135624307,0.0,0.0736713500305437,1,16384,8192,8192,42,18729,0,0.6932470387104652,0.3122939811988768,0.096923828125
0.9711946015005576,[18],int8_c128,0,False,0.9711946015005576,qwen,aime26_27,aime26_27,129,0.014050949966399884,0.00030575429584789315,0.10123954326189166,1,32768,16384,16384,142,38095,0,0.6013063915511874,0.23420618934261125,0.06695556640625
0.977043224893694,[],int8_c128,0,False,0.977043224893694,qwen,aime26_27,aime26_27,142,0.009224754108375643,0.0,0.09006533553153817,1,49152,32768,16384,119,37701,-1,0.5926378120993835,0.22804126228407495,0.06341552734375
0.9416042156010215,"[60, 60, 0, 0, 175, 10]",int8_c128,2,False,0.9715951048453192,qwen,aime26_27,aime26_27,132,0.021259698210031153,0.003485598972665538,0.12267204005617638,1,65536,49152,16384,129,33950,-1,0.5852512056650998,0.2235243850332662,0.06494140625
0.9336916987464586,[2],int8_c128,2,False,0.9872017658021506,qwen,aime26_27,aime26_27,133,0.01148512432036164,0.0004280560141870504,0.091530805397814,1,81920,65536,16384,129,38826,0,0.6049691716012453,0.24385033266190564,0.067626953125
,[],int8_c128,9,False,,qwen,aime26_29,aime26_29,29,0.01690762068120555,0.0,0.10907312301296157,1,4096,0,4096,32,11599,0,0.6721231370632788,0.37094017094017095,0.13623046875
0.9397912114694441,"[12, 6]",int8_c128,3,False,0.9397912114694441,qwen,aime26_29,aime26_29,29,0.006125949522175933,0.0,0.05429200293470282,1,8192,4096,4096,24,11207,0,0.7346689469826533,0.39902319902319905,0.150390625
0.9484818253253582,[6],int8_c128,0,False,0.9484818253253582,qwen,aime26_29,aime26_29,70,0.013207777913660235,0.0,0.09248625534514354,1,16384,8192,8192,38,20868,0,0.6475760166076444,0.2966670736173849,0.095947265625
0.9267560486094665,"[6, 6]",int8_c128,2,False,0.9278242382403421,qwen,aime26_29,aime26_29,146,0.003237827600953036,0.0,0.06124442816144593,1,32768,16384,16384,135,44391,0,0.6576521579879129,0.27302691814685953,0.07598876953125
0.8928213665684165,[12],int8_c128,8,False,0.8928213665684165,qwen,aime26_29,aime26_29,126,0.003970920642678233,0.0,0.0564816510960493,1,49152,32768,16384,148,46714,0,0.6583847139979244,0.2895074162241348,0.0784912109375
0.9869911059056881,[2],int8_c128,0,False,0.9869911059056881,qwen,aime26_29,aime26_29,141,0.008552752153460852,0.0005503577325260967,0.07144165598094887,1,65536,49152,16384,169,44146,-1,0.6096086929979855,0.25428798144417997,0.06561279296875
0.9828299290685627,"[0, 0, 0]",int8_c128,9,False,0.9828299290685627,qwen,aime26_29,aime26_29,128,0.007453112590873001,0.00012230171833915726,0.08108933260059836,1,81920,65536,16384,216,42943,0,0.5913558390818632,0.2509308429469572,0.0677490234375
,[1],int8_c128,0,False,,qwen,aime26_01,aime26_01,27,0.005390835579514808,0.0,0.06896551724137934,2,4096,0,4096,14,9721,0,0.6860493525531395,0.32796092796092796,0.12158203125
0.909989593587465,[],int8_c128,0,False,0.909989593587465,qwen,aime26_01,aime26_01,26,0.005880911541288891,0.0,0.07507948153582789,2,8192,4096,4096,23,10136,0,0.6936232592230638,0.36507936507936506,0.138427734375
0.9151713398385832,"[277, 1, 277]",int8_c128,3,True,0.9151713398385832,qwen,aime26_01,aime26_01,29,0.04018435834653611,0.002165439584235651,0.16098403107466552,2,15150,8192,6958,30,15226,-1,0.590941768511862,0.28431795314072156,0.09945386605346364
,[0],int8_c128,0,False,,qwen,aime26_03,aime26_03,31,0.010291595197255532,0.0009840098400983877,0.07679139153827341,2,4096,0,4096,22,12010,0,0.7229416076227706,0.37313797313797314,0.138916015625
0.9572042654455242,[],int8_c128,0,False,0.9572042654455242,qwen,aime26_03,aime26_03,45,0.01004655721636849,0.0,0.07776962582538516,2,8192,4096,4096,25,11381,0,0.7173222575128267,0.3763125763125763,0.14306640625
0.8796320179391376,[42],int8_c128,1,False,0.8906057247649202,qwen,aime26_03,aime26_03,120,0.00819371407606706,0.0,0.05913255956017105,2,16384,8192,8192,40,27041,0,0.7223104164122603,0.3469661823953119,0.1129150390625
0.973244130147587,[],int8_c128,0,False,0.973244130147587,qwen,aime26_03,aime26_03,259,0.019549147779339027,0.0001834525775087359,0.09806435855162732,2,32768,16384,16384,95,53089,0,0.5852512056650998,0.23383995605200514,0.06884765625
0.9176470351254781,[],int8_c128,0,False,0.9278863279502901,qwen,aime26_03,aime26_03,154,0.03140081862056321,0.004158258423530903,0.141051474629053,2,49152,32768,16384,149,45824,0,0.5560710579329712,0.2213880241713972,0.062255859375
0.9194718383604638,[29],int8_c128,0,False,0.9820457232424482,qwen,aime26_03,aime26_03,231,0.01313458366424336,0.0,0.09775905232948645,2,65536,49152,16384,220,50952,1,0.5601001159880349,0.21241530855154733,0.05706787109375
0.9117930167406403,[],int8_c128,2,False,0.9117930167406403,qwen,aime26_03,aime26_03,249,0.01606695583114426,0.0,0.1318312267204006,2,81920,65536,16384,317,54442,0,0.5157804773823332,0.19453091619361534,0.05352783203125
,[29],int8_c128,0,False,,qwen,aime26_05,aime26_05,37,0.016417544719431465,0.0004920049200491938,0.09268769870383953,2,4096,0,4096,19,10627,0,0.6630833129733692,0.3316239316239316,0.119873046875
0.9176606911215902,[],int8_c128,0,False,0.9176606911215902,qwen,aime26_05,aime26_05,31,0.01274197500612595,0.0,0.11494252873563215,2,8192,4096,4096,20,10025,0,0.6115318837038847,0.29816849816849816,0.114501953125
0.9302228942711172,[],int8_c128,0,False,0.9348269717927996,qwen,aime26_05,aime26_05,79,0.042558395499571966,0.0041661561083200516,0.2032987171655467,2,16384,8192,8192,48,18978,0,0.4824764928562706,0.20253937248199244,0.0677490234375
0.9642367696467286,"[1, 65]",int8_c128,1,True,0.9642367696467286,qwen,aime26_05,aime26_05,158,0.02431425255055286,0.0018345257750871369,0.16694144226659335,2,32768,16384,16384,110,39008,0,0.5235333618216226,0.21876335225538668,0.06658935546875
0.8556717698431666,[65],int8_c128,1,True,0.9134141909700755,qwen,aime26_05,aime26_05,19,0.005202913631633721,0.0,0.05336787564766843,2,34705,32768,1937,5,5014,-1,0.7797311271975181,0.4447314049586777,0.17914300464636035
,[],int8_c128,0,False,,qwen,aime26_07,aime26_07,18,0.020583190394511175,0.0,0.14428955734898508,2,4096,0,4096,15,9073,0,0.6098216467139018,0.30500610500610503,0.10888671875
0.9168455754752022,"[6, 6, 6]",int8_c128,0,False,0.9168455754752022,qwen,aime26_07,aime26_07,31,0.03945111492281306,0.011808118081180763,0.1506480802152116,2,8192,4096,4096,23,8047,0,0.593207915954068,0.2647130647130647,0.09423828125
0.9239535183710884,"[6, 120, 40, 120, 40, 15, 45, 15, 1, 7]",int8_c128,0,False,0.9239535183710884,qwen,aime26_07,aime26_07,27,0.013696954873425482,0.0004901360127435028,0.10531459987782532,2,16384,8192,8192,32,17950,0,0.5967761631456833,0.24233915272860457,0.0755615234375
0.9113524968095812,"[6, 6, 0, 0, 0, 0, 5, 5, 5, 1, 2, 4, 2, 4, 1, 4, 1, 120, 40, 120, 40, 15, 45, 15, 1, 120, 40, 120, 40, 15, 45, 15, 1, 120, 40, 120, 40, 15, 45, 15, 1, 6, 6, 6, 45, 1, 6, 6, 396]",int8_c128,0,True,0.9113524968095812,qwen,aime26_07,aime26_07,45,0.04213955443463635,0.010842105263157875,0.18931121377572446,2,25915,16384,9531,39,23170,-1,0.5037783375314862,0.2229800629590766,0.07449375721330395
,[],int8_c128,0,False,,qwen,aime26_09,aime26_09,23,0.007596177407498184,0.0,0.04940083149914409,2,4096,0,4096,27,11790,0,0.7747373564622526,0.42808302808302806,0.145263671875
0.8609469273751356,[5],int8_c128,0,False,0.8609469273751356,qwen,aime26_09,aime26_09,44,0.013477088948787075,0.0,0.08119344583027632,2,8192,4096,4096,25,11360,0,0.6677253848033228,0.33528693528693526,0.119140625
0.8783506480563202,[],int8_c128,0,False,0.9099092827538529,qwen,aime26_09,aime26_09,87,0.014063837593249362,0.0,0.11215638362858893,2,16384,8192,8192,64,22219,0,0.6158261081939187,0.2709070931510194,0.0836181640625
0.8681645825475834,"[1, 1]",int8_c128,0,False,0.8681645825475834,qwen,aime26_09,aime26_09,201,0.014112041053210289,6.115085916957863e-05,0.1020333394394578,2,32768,16384,16384,184,63925,-1,0.6108296196813381,0.25807239211377647,0.0694580078125
0.5028809900354245,[],int8_c128,0,False,0.5028809900354245,qwen,aime26_09,aime26_09,19,0.8194299782217593,0.8027501185395922,0.8400037846532311,2,43344,32768,10576,1344,54930,-2,0.12408966234748889,0.07555555555555556,0.030729954614220876
,[],int8_c128,0,False,,qwen,aime26_11,aime26_11,26,0.004410683655966641,0.0,0.05404744436292497,2,4096,0,4096,20,11455,0,0.7886635719521133,0.44590964590964594,0.15283203125
0.8562439842988988,[],int8_c128,0,False,0.8562439842988988,qwen,aime26_11,aime26_11,18,0.006370987503062975,0.0,0.05918317437026166,2,8192,4096,4096,23,10270,0,0.7490838016125092,0.40195360195360197,0.14990234375
0.927241869039938,[],int8_c128,0,False,0.927241869039938,qwen,aime26_11,aime26_11,55,0.013819249113366738,0.0,0.09737324373854617,2,16384,8192,8192,49,18701,0,0.677005739406521,0.30618972042485654,0.09375
0.9692115013561723,[1],int8_c128,0,False,0.9692115013561723,qwen,aime26_11,aime26_11,121,0.013317856924674687,0.0005503577325260967,0.08689015082127372,2,32768,16384,16384,118,35292,0,0.6443440571393688,0.24232436061771348,0.06671142578125
0.9750004106684279,"[5588, 3896]",int8_c128,0,False,0.9750004106684279,qwen,aime26_11,aime26_11,127,0.020832060602358093,6.115085916957863e-05,0.10789521890456133,2,49152,32768,16384,159,37275,-1,0.6141261217263904,0.2282854178111457,0.060546875
0.963904993189242,"[1, 3896, 5588, 1692]",int8_c128,0,False,0.963904993189242,qwen,aime26_11,aime26_11,98,0.01301240149062255,0.0004280560141870504,0.07693716797948347,2,65536,49152,16384,140,40395,0,0.6720590928514742,0.2859061221998413,0.0777587890625
0.5567524906209759,[],int8_c128,0,False,0.5567524906209759,qwen,aime26_11,aime26_11,68,0.5076058403078991,0.4528221121506757,0.6155584050802956,2,81920,65536,16384,2817,34196,-367,0.2352725718820585,0.10150766037966184,0.03271484375
,[],int8_c128,0,False,,qwen,aime26_13,aime26_13,26,0.042146532712570406,0.002460024600245969,0.1716801173881145,2,4096,0,4096,26,8981,0,0.5765941851942341,0.2835164835164835,0.107666015625
0.9642305391886413,"[502, 1]",int8_c128,0,False,0.9642305391886413,qwen,aime26_13,aime26_13,27,0.022543494241607398,0.0,0.14820249449743217,2,8192,4096,4096,25,8269,0,0.5885658441241144,0.2761904761904762,0.10205078125
0.9749254569884989,"[462, 1, 462]",int8_c128,1,False,0.9749254569884989,qwen,aime26_13,aime26_13,65,0.062003179650238494,0.006861904178409484,0.2185705558949298,2,16384,8192,8192,45,17666,0,0.5231407986323117,0.23892076669515322,0.08056640625
0.966717610460349,"[0, 463, 462, 462, 0, 502, 0, 0, 0, 39, 0]",int8_c128,6,True,0.9715996426911766,qwen,aime26_13,aime26_13,138,0.045573950760584014,0.0045251635785482636,0.2115161506991512,2,32768,16384,16384,135,33498,0,0.4695073560832672,0.1789660013428554,0.052001953125
0.9862300572303029,"[0, 462, 0, 0, -1, 462, 0]",int8_c128,4,False,0.9862300572303029,qwen,aime26_13,aime26_13,160,0.03457755513470584,0.00214028007093503,0.18226781461806196,2,49152,32768,16384,153,33291,0,0.47548989683169524,0.17878288469755235,0.052490234375
0.9866020854021521,"[503, 463, 39, 462, -1, 463, 462, 1, 1]",int8_c128,4,True,0.9866020854021521,qwen,aime26_13,aime26_13,152,0.02614698515486591,0.0007338103100348325,0.16712462599987787,2,65536,49152,16384,150,34783,0,0.5076002686038703,0.19398156625770616,0.056396484375
0.9693401835576029,"[0, 0, 463, 443, 1, 1, 1, 39, 39, 1, 1]",int8_c128,5,True,0.9693401835576029,qwen,aime26_13,aime26_13,158,0.025108436679088575,0.0011007154650523043,0.18147401844049582,2,81920,65536,16384,196,32811,0,0.4495452048104511,0.16584264176280292,0.04644775390625
,[],int8_c128,0,False,,qwen,aime26_15,aime26_15,23,0.0036755697133055154,0.0,0.042064074345805835,2,4096,0,4096,22,12132,0,0.8145614463718543,0.45103785103785105,0.155029296875
0.918975970334191,[],int8_c128,0,False,0.918975970334191,qwen,aime26_15,aime26_15,29,0.0,0.0,0.032770848618244086,2,8192,4096,4096,23,11455,0,0.7725384803322746,0.4031746031746032,0.14208984375
0.9131194741718907,"[1, 1]",int8_c128,0,False,0.9131194741718907,qwen,aime26_15,aime26_15,64,0.0012229423994130073,0.0,0.03714111178985946,2,16384,8192,8192,55,22466,0,0.7225546464769813,0.33146136002930043,0.103515625
0.8801356307937725,"[2, 1]",int8_c128,3,False,0.8801356307937725,qwen,aime26_15,aime26_15,117,0.006170199767853823,0.0,0.07235757464737136,2,32768,16384,16384,119,44488,0,0.6288382882607899,0.2652139412805957,0.07275390625
0.9492216843992602,"[2, 3, 1, 5]",int8_c128,6,False,0.9492216843992602,qwen,aime26_15,aime26_15,124,0.003970920642678233,0.0,0.06747267509311838,2,49152,32768,16384,139,46001,0,0.6301202612783102,0.2668009522065556,0.071533203125
0.9124263978229088,"[1, 1]",int8_c128,0,False,0.9124263978229088,qwen,aime26_15,aime26_15,149,0.005009469118455567,0.0004280560141870504,0.055016181229773475,2,65536,49152,16384,142,51992,0,0.6492277638727795,0.26167368613806996,0.06500244140625
0.9310164252811663,"[3, 1, 4, 2, 4, 1, 1]",int8_c128,14,False,0.9310164252811663,qwen,aime26_15,aime26_15,163,0.002321461298796512,0.0,0.052879037674787854,2,81920,65536,16384,172,56550,0,0.6332946706550272,0.2653360190441311,0.06793212890625
,[],int8_c128,0,False,,qwen,aime26_17,aime26_17,17,0.007596177407498184,0.0,0.10100269014428953,2,4096,0,4096,15,10739,0,0.6061568531639384,0.3238095238095238,0.12255859375
0.864927743737293,[1],int8_c128,0,False,0.864927743737293,qwen,aime26_17,aime26_17,22,0.008086253369272267,0.0,0.09317681584739546,2,8192,4096,4096,22,12016,0,0.6733447349132665,0.36971916971916974,0.138671875
0.9540202239162283,[1],int8_c128,0,False,0.9540202239162283,qwen,aime26_17,aime26_17,51,0.008071419836125693,0.00012253400318584795,0.09468540012217475,2,16384,8192,8192,52,23348,0,0.5856636952008792,0.2873885972408741,0.0960693359375
0.9387979858989336,[],int8_c128,0,False,0.9387979858989336,qwen,aime26_17,aime26_17,135,0.006536746288716477,6.115085916957863e-05,0.09733162361848935,2,32768,16384,16384,137,49167,0,0.5808558696050302,0.25715680888726117,0.0733642578125
0.9213734206431965,[],int8_c128,0,False,0.9213734206431965,qwen,aime26_17,aime26_17,121,0.002260370211986107,0.0,0.08530255846614154,2,49152,32768,16384,152,58527,0,0.5857395763384409,0.24549838246963315,0.06640625
0.9523509249841108,[],int8_c128,0,False,0.9523509249841108,qwen,aime26_17,aime26_17,109,0.005192742378886894,0.0,0.11864199792391772,2,65536,49152,16384,161,68532,0,0.5395275013735426,0.22297503509735703,0.0611572265625
0.877518122609668,[3],int8_c128,1,False,0.877518122609668,qwen,aime26_17,aime26_17,113,0.012462581709328568,0.004647465296887421,0.11797032423520792,2,81920,65536,16384,151,96956,0,0.5430681887552652,0.23017762314594398,0.06292724609375
,[9],int8_c128,0,False,,qwen,aime26_19,aime26_19,37,0.01592746875765738,0.0,0.1012472487160675,2,4096,0,4096,23,9028,0,0.6740776936232592,0.3199023199023199,0.115966796875
0.9603195162357466,"[100, 10]",int8_c128,0,False,0.9603195162357466,qwen,aime26_19,aime26_19,34,0.014457240872335242,0.0,0.11567620445096605,2,8192,4096,4096,16,8306,0,0.6315660884436843,0.2813186813186813,0.1005859375
0.9618735101000254,[10],int8_c128,0,False,0.9618735101000254,qwen,aime26_19,aime26_19,80,0.024336553748318446,0.002328146060531777,0.1383017715332926,2,16384,8192,8192,55,17597,0,0.5796800586152155,0.24136247100476133,0.0810546875
0.973195816253539,"[10, 9, 10]",int8_c128,1,False,0.973195816253539,qwen,aime26_19,aime26_19,157,0.02101533386278942,0.0011007154650523043,0.1431886181840386,2,32768,16384,16384,143,36379,0,0.5296990415725535,0.19581273271073674,0.05682373046875
0.9863391517515328,[],int8_c128,0,False,0.9863391517515328,qwen,aime26_19,aime26_19,248,0.015456044963039872,0.0007338103100348325,0.11632167063564758,2,49152,32768,16384,161,37315,0,0.5372077406751724,0.19465299395715072,0.0523681640625
0.9874445767206248,"[0, 9]",int8_c128,0,False,0.9874445767206248,qwen,aime26_19,aime26_19,210,0.03641028773901889,0.006726594508652872,0.1495389876045674,2,65536,49152,16384,188,33718,0,0.5092485196263964,0.18177378990416895,0.04840087890625
0.760526865351196,[0],int8_c128,0,False,0.7789827166676825,qwen,aime26_19,aime26_19,220,0.27246624717453727,0.23983366966305875,0.3656347316358307,2,81920,65536,16384,1646,33258,0,0.3892314266528295,0.1405725447109809,0.0390625
,[],int8_c128,0,False,,qwen,aime26_21,aime26_21,24,0.015437392795883409,0.005166051660516646,0.09880166299828808,2,4096,0,4096,21,10313,0,0.6838504764231615,0.35873015873015873,0.127685546875
0.9690351150374905,[],int8_c128,0,False,0.9690351150374905,qwen,aime26_21,aime26_21,40,0.0036755697133055154,0.0,0.07116654438738079,2,8192,4096,4096,29,10959,0,0.7136574639628634,0.37484737484737485,0.13818359375
0.9534796414458516,[9],int8_c128,0,False,0.9534796414458516,qwen,aime26_21,aime26_21,63,0.004402592637886782,0.0,0.07049480757483206,2,16384,8192,8192,76,20226,0,0.6665038466235194,0.3058234647784153,0.099365234375
0.966301693021864,"[2, 41]",int8_c128,0,False,0.966301693021864,qwen,aime26_21,aime26_21,181,0.013501130185106014,0.0009172628875435684,0.08969896806496913,2,32768,16384,16384,133,40351,0,0.6090592759904768,0.24702435451382532,0.0709228515625
0.9679968274094268,[],int8_c128,0,False,0.9679968274094268,qwen,aime26_21,aime26_21,219,0.014722951921314675,0.000978413746713147,0.11705440556878555,2,49152,32768,16384,246,41474,-2,0.5521640925462425,0.22120490752609412,0.06072998046875
0.9711755475953989,"[25600, 25600, 18876]",int8_c128,0,False,0.9711755475953989,qwen,aime26_21,aime26_21,167,0.026757896022970296,0.0001834525775087359,0.1449593942724553,2,65536,49152,16384,290,38355,0,0.5072339905988645,0.19605688823780748,0.05633544921875
0.3639165232272867,"[25600, 18876, 50, 50, 50, 50]",int8_c128,9,True,0.3639165232272867,qwen,aime26_21,aime26_21,24,0.4626723379290114,0.38582966226138027,0.5995309293462328,2,79187,65536,13651,267,30687,-5,0.23996189917936694,0.11868131868131868,0.043659805142480405
,[-119],int8_c128,0,False,,qwen,aime26_23,aime26_23,42,0.033570203381524166,0.00319803198031976,0.15040352164343362,2,4096,0,4096,14,9145,0,0.6205717077937943,0.2903540903540904,0.1005859375
0.6577507276946452,[],int8_c128,0,False,0.6577507276946452,qwen,aime26_23,aime26_23,17,0.04410683655966674,0.00565805658056584,0.148691611640988,2,8192,4096,4096,18,7089,0,0.587099926704129,0.2703296703296703,0.0927734375
0.9212624896472663,"[10, 10]",int8_c128,0,False,0.9212624896472663,qwen,aime26_23,aime26_23,102,0.026293261587379213,0.0009802720254871167,0.11301160659743437,2,16384,8192,8192,51,17977,0,0.6376846989864452,0.2682212184104505,0.0830078125
0.9803970223989859,"[245, 2, 1, 2]",int8_c128,0,True,0.9803970223989859,qwen,aime26_23,aime26_23,158,0.021320789296841558,0.0013453189017306189,0.10612444281614464,2,32768,16384,16384,124,33118,0,0.5792076185825041,0.20991271439907222,0.05902099609375
0.865819719722328,"[245, -750, -226]",int8_c128,0,True,0.9497638296987321,qwen,aime26_23,aime26_23,128,0.08253405828089677,0.017122240567480018,0.22232399096293587,2,49152,32768,16384,120,32738,0,0.48489103229351077,0.18482573399255325,0.0521240234375
0.8930719268387747,"[7, 2, 10]",int8_c128,1,False,0.9572606742009362,qwen,aime26_23,aime26_23,144,0.05351579204594048,0.00421940928270037,0.20217378030164257,2,65536,49152,16384,115,28816,0,0.4692631707465967,0.1624244643838125,0.04754638671875
0.8101387314775761,"[245, 12]",int8_c128,0,True,0.9491329471929504,qwen,aime26_23,aime26_23,82,0.0812511454578777,0.0051978230294135175,0.30884777431764054,2,81920,65536,16384,102,28621,0,0.35272571882058484,0.12006348043703839,0.034912109375
,[0],int8_c128,0,False,,qwen,aime26_25,aime26_25,53,0.0034305317324184736,0.0,0.07312301296160428,2,4096,0,4096,20,9580,0,0.6875152699731248,0.3167277167277167,0.105712890625
0.9403555227276158,[],int8_c128,0,False,0.9403555227276158,qwen,aime26_25,aime26_25,44,0.01004655721636849,0.0,0.082660797260944,2,8192,4096,4096,22,9026,0,0.6454923039335451,0.28424908424908424,0.0986328125
0.9681775544432105,[3],int8_c128,0,False,0.9681775544432105,qwen,aime26_25,aime26_25,95,0.006726183196771429,0.00012253400318584795,0.09175320708613321,2,16384,8192,8192,45,19546,0,0.6137501526437904,0.2517397143205958,0.083251953125
0.9807483310094928,"[2, 2, 0, 200]",int8_c128,0,False,0.9807483310094928,qwen,aime26_25,aime26_25,199,0.013867676705968557,0.0007949611692044112,0.10765097392684864,2,32768,16384,16384,111,37509,0,0.5528356022220866,0.1959958493560398,0.054931640625
0.9800303105952867,"[200, 2, 5]",int8_c128,0,False,0.9800303105952867,qwen,aime26_25,aime26_25,203,0.024619707984605,0.0040359567051917455,0.1355559626305184,2,49152,32768,16384,96,35261,0,0.5165740797265124,0.1767686015992187,0.05023193359375
0.990719324960216,[5],int8_c128,0,False,0.990719324960216,qwen,aime26_25,aime26_25,215,0.018327326043130254,0.0005503577325260967,0.1267631434328632,2,65536,49152,16384,133,35969,0,0.5140101336914719,0.18275041201245193,0.04931640625
0.9815428522580767,"[1, 2, 2]",int8_c128,0,False,0.9815428522580767,qwen,aime26_25,aime26_25,195,0.018632781477182503,0.0018956766342567155,0.10410942175001525,2,81920,65536,16384,150,37206,0,0.5612599963372199,0.1994750656167979,0.053466796875
,[10],int8_c128,0,False,,qwen,aime26_27,aime26_27,31,0.011026709139916657,0.0,0.05967229151381759,2,4096,0,4096,16,10706,0,0.7583679452724164,0.409035409035409,0.142822265625
0.8690136667677557,[0],int8_c128,0,False,0.8690136667677557,qwen,aime26_27,aime26_27,25,0.049252634158294506,0.0036900369003689537,0.1633651259476645,2,8192,4096,4096,25,8437,0,0.61299780112387,0.30622710622710625,0.107666015625
0.87793437278807,"[0, 0]",int8_c128,0,False,0.94060624499896,qwen,aime26_27,aime26_27,51,0.03840039134156781,0.012988604337703658,0.11020158827122783,2,16384,8192,8192,43,18087,2,0.6335327878861888,0.289464045904041,0.091796875
0.9473793877091697,[2],int8_c128,0,False,0.9473793877091697,qwen,aime26_27,aime26_27,88,0.022481519946239814,0.0034244481134959592,0.13592233009708743,2,32768,16384,16384,100,35907,0,0.5306757829192357,0.20753219801013245,0.06146240234375
0.9822157992752104,"[7, 1, 0, 0, 0, 10, 223, 4, 10]",int8_c128,1,True,0.9822157992752104,qwen,aime26_27,aime26_27,96,0.022039447416753122,0.001519149276405174,0.11084510414172855,2,45306,32768,12538,54,29686,-1,0.5746310331072996,0.2404881550610194,0.07361620673153613
,[0],int8_c128,9,False,,qwen,aime26_29,aime26_29,31,0.016417544719431465,0.0,0.10198092443140128,2,4096,0,4096,18,11446,-1,0.6860493525531395,0.3738705738705739,0.145263671875
0.8548410116276622,[12],int8_c128,2,False,0.8548410116276622,qwen,aime26_29,aime26_29,25,0.000980151923548167,0.0,0.024455857177794083,2,8192,4096,4096,32,11685,0,0.810408013681896,0.4341880341880342,0.1513671875
0.8499266184302162,[12],int8_c128,2,False,0.8499266184302162,qwen,aime26_29,aime26_29,36,0.0037911214381802782,0.0,0.09541844838118507,2,16384,8192,8192,32,19276,0,0.6411039198925388,0.30448052740813086,0.10009765625
0.9363963984366904,[],int8_c128,0,False,0.9363963984366904,qwen,aime26_29,aime26_29,90,0.02058769625511636,0.0036690515501742738,0.15442388715882027,2,32768,16384,16384,57,33086,-1,0.4729869971308223,0.15259720441921504,0.042724609375
0.8908368123934113,"[12, 12, 12, 0]",int8_c128,3,False,0.8961480412068074,qwen,aime26_29,aime26_29,132,0.01576150039709201,0.0003669051550174718,0.1147340782805154,2,49152,32768,16384,98,44253,0,0.5501495635187107,0.1903802722334127,0.0518798828125
0.7711709495034818,[],int8_c128,1,False,0.831789291993622,qwen,aime26_29,aime26_29,144,0.025352801026330307,0.0,0.1972888807473896,2,65536,49152,16384,131,55391,0,0.4654782980282034,0.18433742293841177,0.0535888671875
0.7709334120417045,"[12, 12]",int8_c128,6,False,0.8611416535132055,qwen,aime26_29,aime26_29,108,0.007636385851304328,0.0,0.10624656530500087,2,81920,65536,16384,106,57483,0,0.5756669312007814,0.23298541170725753,0.06390380859375
,[],int8_c128,0,False,,qwen,aime26_02,aime26_02,41,0.008331291350159309,0.0,0.07850330154071905,1,4096,0,4096,11,9137,0,0.6804300024431957,0.3089133089133089,0.1083984375
0.9071839555118324,[],int8_c128,0,False,0.9071839555118324,qwen,aime26_02,aime26_02,40,0.026219063954913024,0.002706027060270566,0.1063829787234043,1,8192,4096,4096,20,8587,0,0.6445150256535549,0.29914529914529914,0.1044921875
0.9654122367642834,"[2, 5, 5, 15]",int8_c128,1,False,0.9654122367642834,qwen,aime26_02,aime26_02,80,0.008438302555949573,0.0,0.08637751985339037,1,16384,8192,8192,56,17082,0,0.6164366833557211,0.2406299597118789,0.075927734375
0.9855387482999137,"[6, 15151, 24242, 33333, 42424, 51515, 33333, 5, 5]",int8_c128,1,False,0.9855387482999137,qwen,aime26_02,aime26_02,181,0.017777506261836384,0.0011007154650523043,0.11699334432435737,1,32768,16384,16384,125,33845,0,0.5475245711495025,0.19392052737593848,0.05499267578125
0.9819241120249016,"[5, 15, 20, 15, 6, 1, 6, 1]",int8_c128,1,False,0.9863422190844692,qwen,aime26_02,aime26_02,202,0.024802981245036326,0.0008561120283739898,0.13244183916468222,1,49152,32768,16384,100,34350,0,0.5444112081069532,0.19660623817371667,0.05474853515625
0.9742965301272372,[2],int8_c128,0,False,0.9742965301272372,qwen,aime26_02,aime26_02,46,0.01604891096675587,0.004407819087773102,0.08183899275085849,1,54401,49152,5249,33,10634,-1,0.6538314906595502,0.2761051829268293,0.08801676509811393
,[2],int8_c128,1,False,,qwen,aime26_04,aime26_04,56,0.0004900759617740835,0.0,0.05502567865003671,1,4096,0,4096,23,10502,0,0.7139017835328609,0.336996336996337,0.113037109375
0.8444681566817086,[],int8_c128,0,False,0.8444681566817086,qwen,aime26_04,aime26_04,52,0.05733888752756677,0.04034440344403445,0.128148691611641,1,8192,4096,4096,25,9032,0,0.6767652088932323,0.32551892551892553,0.10009765625
0.9588117589930089,[2],int8_c128,1,False,0.9588117589930089,qwen,aime26_04,aime26_04,118,0.03485385838327015,0.024261732630805,0.0869883934025657,1,16384,8192,8192,53,19016,0,0.6762730492123581,0.2748138200463924,0.07861328125
0.9712986131327768,[],int8_c128,0,False,0.9712986131327768,qwen,aime26_04,aime26_04,228,0.03488301056875798,0.02085244297682387,0.1375099224522196,1,32768,16384,16384,154,37371,0,0.5594286063121909,0.20521272050296038,0.052978515625
0.9583982660541881,[],int8_c128,0,False,0.9664547248579881,qwen,aime26_04,aime26_04,272,0.005742562160180875,0.0,0.07528851437992301,1,49152,32768,16384,158,38172,0,0.5961784994811061,0.20991271439907222,0.0518798828125
0.983406010605712,[100],int8_c128,2,False,0.983406010605712,qwen,aime26_04,aime26_04,281,0.01105748671268858,0.004097107564361324,0.09128656042010141,1,65536,49152,16384,177,35655,0,0.5721872901532263,0.19526338277482758,0.04779052734375
0.9891222745153226,"[2, 97, 101, 4, 2, 70]",int8_c128,1,True,0.9891222745153226,qwen,aime26_04,aime26_04,245,0.0040931028162991545,0.0,0.09244672406423637,1,81920,65536,16384,209,36086,-1,0.5769489042183017,0.20362570957700055,0.05029296875
,[2026],int8_c128,0,False,,qwen,aime26_06,aime26_06,30,0.029159519725557415,0.00319803198031976,0.15260454878943508,1,4096,0,4096,19,8746,0,0.6247251404837527,0.2976800976800977,0.106201171875
0.9828720469075574,[],int8_c128,0,False,0.9828720469075574,qwen,aime26_06,aime26_06,45,0.027444253859348233,0.010332103321033181,0.11323061873318663,1,8192,4096,4096,43,9032,0,0.6750549719032495,0.3321123321123321,0.12451171875
0.9788950976268468,"[1013, 1013]",int8_c128,0,False,0.9788950976268468,qwen,aime26_06,aime26_06,79,0.0313073254249725,0.005146428133807168,0.14282223579719,1,16384,8192,8192,52,17478,0,0.5817560141653437,0.24649005005493835,0.080078125
0.9914679254312001,[2026],int8_c128,3,False,0.9914679254312001,qwen,aime26_06,aime26_06,170,0.05779216812267085,0.009294930593774842,0.20479941381205347,1,32768,16384,16384,173,33104,0,0.4825102252609731,0.17658548495391566,0.05230712890625
0.9944144661732002,"[1013, 2, 1013, 441, 441, 20, 441, 2026, 26, 20, 2026]",int8_c128,8,True,0.9944144661732002,qwen,aime26_06,aime26_06,161,0.040320117294886715,0.005136672170243939,0.1961897783476827,1,49152,32768,16384,149,32541,0,0.4720102557841402,0.1698101690777025,0.050537109375
0.9933907216208008,"[1013, 1013, 441, 1013, 2, 5, 7, 13, 2026, 1013, 441, 2026, 441]",int8_c128,8,True,0.9947393435443755,qwen,aime26_06,aime26_06,194,0.04282485185411444,0.004892068733565735,0.18080234475178603,1,65536,49152,16384,147,33889,0,0.4830596422684818,0.1712140633583593,0.0499267578125
0.9840355700260255,"[34, 2026, 1013, 2026, 441, 1013, 441]",int8_c128,0,True,0.9904977936364227,qwen,aime26_06,aime26_06,32,0.0065527732272407935,0.0,0.09366970334034108,1,69824,65536,4288,29,7682,-1,0.6093348891481913,0.2351294611616515,0.08115671641791045
,"[1458, 14580, 26244]",int8_c128,0,False,,qwen,aime26_08,aime26_08,43,0.030384709629992623,0.0,0.15235999021765712,1,4096,0,4096,15,8808,0,0.598094307354019,0.2822954822954823,0.09716796875
0.984593030062079,[1],int8_c128,0,False,0.984593030062079,qwen,aime26_08,aime26_08,37,0.03430531732418529,0.008610086100861003,0.13303986304719984,1,8192,4096,4096,17,8931,0,0.6166625946738333,0.274969474969475,0.101806640625
0.9890911976475087,[],int8_c128,0,False,0.9890911976475087,qwen,aime26_08,aime26_08,60,0.024458847988259702,0.0003676020095576549,0.1560171044593769,1,16384,8192,8192,41,17910,0,0.5475638051044084,0.23733365889390795,0.0853271484375
0.982275023585657,"[4, 4, 17017, 29160, 26244, 29160, 29160, 29160, -2916, 2, 17017]",int8_c128,2,False,0.982275023585657,qwen,aime26_08,aime26_08,188,0.029934632537112815,0.003791353268513431,0.13451792147523967,1,32768,16384,16384,110,36461,0,0.586716317685123,0.23945553317463225,0.06884765625
0.982340386292762,[244],int8_c128,1,True,0.9885529271616272,qwen,aime26_08,aime26_08,141,0.025611620795107037,0.0009951010410287342,0.14822738386308065,1,45863,32768,13095,76,28887,-1,0.5522456461961504,0.22437757751641974,0.06636120656739214
,[],int8_c128,0,False,,qwen,aime26_10,aime26_10,18,0.011271747120803699,0.0,0.08119344583027632,1,4096,0,4096,23,10165,0,0.69899828976301,0.34212454212454213,0.109375
0.8433321655920838,[],int8_c128,0,False,0.8433321655920838,qwen,aime26_10,aime26_10,18,0.007351139426611142,0.0,0.05624847150892642,1,8192,4096,4096,19,9471,0,0.703396042022966,0.32283272283272285,0.112060546875
0.9612766911601605,[],int8_c128,0,False,0.9612766911601605,qwen,aime26_10,aime26_10,39,0.012963189433777722,0.002573214066903584,0.0758704948075748,1,16384,8192,8192,55,19178,0,0.658566369520088,0.2825051886216579,0.09033203125
0.9816136473144107,[196],int8_c128,0,False,0.9816136473144107,qwen,aime26_10,aime26_10,99,0.019304783432097294,0.0025683360851219694,0.10087317579532273,1,32768,16384,16384,120,38631,0,0.603687198583725,0.22602697918574133,0.0640869140625
0.9396149366151065,"[143, 1]",int8_c128,0,False,0.9396149366151065,qwen,aime26_10,aime26_10,106,0.004520740423972103,0.0,0.06490810282713566,1,49152,32768,16384,155,38488,0,0.628655149258287,0.2410425441005921,0.068603515625
0.9763537453020875,[],int8_c128,0,False,0.9763537453020875,qwen,aime26_10,aime26_10,137,0.006292381941474745,0.0007338103100348325,0.06380900042742876,1,65536,49152,16384,192,36669,-8,0.6337830413283683,0.23890618323872306,0.063720703125
0.9498982561781576,[],int8_c128,0,False,0.9586589903985211,qwen,aime26_10,aime26_10,130,0.013501130185106014,6.115085916957863e-05,0.09372901019722779,1,81920,65536,16384,200,35617,-5,0.5727977534949026,0.2011841543062931,0.0540771484375
,[],int8_c128,0,False,,qwen,aime26_12,aime26_12,23,0.0024503798088704176,0.0,0.06162876008804108,1,4096,0,4096,24,10855,0,0.7339359882726606,0.3956043956043956,0.138671875
0.8775197474543749,[],int8_c128,0,False,0.8775197474543749,qwen,aime26_12,aime26_12,35,0.004165645675079599,0.0,0.05869405722670584,1,8192,4096,4096,20,11865,0,0.7400439775225995,0.42124542124542125,0.147705078125
0.9338852323430203,[],int8_c128,0,False,0.939951180704969,qwen,aime26_12,aime26_12,54,0.00966124495536258,0.0009802720254871167,0.09920586438607204,1,16384,8192,8192,53,21402,0,0.6572231041641226,0.3009400561591991,0.093994140625
0.9425411237820835,"[161, 161]",int8_c128,4,True,0.9425411237820835,qwen,aime26_12,aime26_12,97,0.16720630460015884,0.1438879716260013,0.2781339683702754,1,32768,16384,16384,306,43500,0,0.48080092790427936,0.20441921503998048,0.05963134765625
0.6087599082050932,[],int8_c128,0,False,0.6087599082050932,qwen,aime26_12,aime26_12,0,0.9214368623617815,0.7957561303736318,0.9716675825853331,1,49152,32768,16384,865,48024,-1,0.01227031316769428,0.005737654886162485,0.00311279296875
0.2375679981076703,[],int8_c128,0,False,0.2375679981076703,qwen,aime26_12,aime26_12,0,0.8636538461538461,0.6863425925925926,0.9389400921658986,1,54367,49152,5215,5,11861,-3,0.029739063699155795,0.01457614115841964,0.0074784276126558
,[],int8_c128,0,False,,qwen,aime26_14,aime26_14,16,0.0284244057828964,0.0,0.10980679872829546,1,4096,0,4096,30,10447,0,0.7204984119227951,0.3758241758241758,0.136474609375
0.8373608761561094,[2],int8_c128,0,False,0.8373608761561094,qwen,aime26_14,aime26_14,19,0.06591521685861312,0.004674046740467452,0.17119100024455858,1,8192,4096,4096,20,8208,0,0.5941851942340581,0.2669108669108669,0.0947265625
0.9550565925619455,[2],int8_c128,0,False,0.9550565925619455,qwen,aime26_14,aime26_14,48,0.049651461416167275,0.003430952089204742,0.1496640195479536,1,16384,8192,8192,63,16873,0,0.5696666259616558,0.2247588816994262,0.0723876953125
0.9484531373803137,[],int8_c128,0,False,0.9484531373803137,qwen,aime26_14,aime26_14,105,0.027735353411937225,0.003118693817648177,0.11332966965866764,1,32768,16384,16384,149,36239,0,0.5633355716989195,0.21497894158579015,0.05987548828125
0.9823339010760886,[],int8_c128,2,False,0.9823339010760886,qwen,aime26_14,aime26_14,81,0.025963711894434582,0.0010395646058827257,0.1127801184588142,1,49152,32768,16384,179,34672,0,0.5745070508515964,0.2030763596410914,0.0572509765625
0.96002486634858,"[2, 800]",int8_c128,0,False,0.96002486634858,qwen,aime26_14,aime26_14,97,0.03445537296108503,0.002323732648443766,0.1318312267204006,1,65536,49152,16384,208,32922,0,0.5249374275074782,0.17652444607214796,0.04669189453125
0.6650814959999636,[1],int8_c128,0,False,0.6650814959999636,qwen,aime26_14,aime26_14,57,0.33866119216951385,0.328048153857447,0.3821352678244303,1,79190,65536,13654,1657,28729,-1,0.40876126291114206,0.14817256280670915,0.042405155998242273
,"[0, 1]",int8_c128,0,False,,qwen,aime26_16,aime26_16,55,0.010536633178142574,0.0,0.08363903154805574,1,4096,0,4096,20,10527,0,0.6716344979232837,0.33308913308913307,0.117919921875
0.9751369230772151,[20],int8_c128,0,False,0.9751369230772151,qwen,aime26_16,aime26_16,63,0.029404557706444456,0.008610086100861003,0.11029591587185128,1,8192,4096,4096,19,9674,0,0.6586855607134131,0.31575091575091574,0.111083984375
0.9778276621487106,[20],int8_c128,0,False,0.9778276621487106,qwen,aime26_16,aime26_16,119,0.006970771676654053,0.0,0.06805131337813075,1,16384,8192,8192,35,19814,0,0.657345219196483,0.2733487974606275,0.084716796875
0.9896720870912206,"[13, 22, 49, 94, 13, 22, 49, 94]",int8_c128,1,False,0.9896720870912206,qwen,aime26_16,aime26_16,231,0.031217545360131993,0.010273344340487989,0.12951089943213046,1,32768,16384,16384,87,40108,0,0.5555826872596301,0.21803088567417445,0.0634765625
0.9926343416144505,"[1, 13, 22, 49, 94, 4, 1, 10]",int8_c128,1,False,0.9926343416144505,qwen,aime26_16,aime26_16,191,0.011724547343425318,0.0014858841010401136,0.09440818748145952,1,46259,32768,13491,92,31715,-1,0.5745106761565836,0.21912527798369164,0.0622637313764732
,[20],int8_c128,0,False,,qwen,aime26_18,aime26_18,20,0.0071061014457241,0.0,0.06431890437759846,1,4096,0,4096,19,10998,0,0.7185438553628145,0.35702075702075703,0.12939453125
0.9183131269770515,[],int8_c128,0,False,0.9183131269770515,qwen,aime26_18,aime26_18,34,0.0,0.0,0.03546099290780147,1,8192,4096,4096,18,9510,0,0.7542145125824579,0.3663003663003663,0.12158203125
0.9678452370043593,[],int8_c128,0,False,0.9678452370043593,qwen,aime26_18,aime26_18,47,0.00856059679589094,0.0011028060286729646,0.06108735491753203,1,16384,8192,8192,39,19233,0,0.7011845158138967,0.31070687339763153,0.0919189453125
0.9795778892691421,"[1, 0]",int8_c128,0,False,0.9795778892691421,qwen,aime26_18,aime26_18,137,0.010690940191826037,0.002446034366782812,0.07119741100323629,1,32768,16384,16384,89,40299,0,0.6496550882119528,0.2622840749557468,0.07244873046875
0.9543704071169008,[],int8_c128,0,False,0.9543704071169008,qwen,aime26_18,aime26_18,110,0.017105504306921593,0.001651073197578401,0.08603529339927951,1,49152,32768,16384,134,39290,0,0.6486783468652707,0.2631386193004944,0.066650390625
0.8796685070627553,[],int8_c128,0,False,0.9169640644159154,qwen,aime26_18,aime26_18,105,0.02211497342537727,0.002935241240139441,0.12004640654576537,1,65536,49152,16384,107,32772,-1,0.5743239118490935,0.21314777513275956,0.06011962890625
0.8521966769760421,"[0, 1, 14]",int8_c128,0,False,0.8787068432463174,qwen,aime26_18,aime26_18,135,0.023886614942879802,0.008316516847061695,0.09733162361848935,1,81920,65536,16384,102,43215,0,0.6223063305048532,0.26936458524079837,0.071044921875
,[],int8_c128,0,False,,qwen,aime26_20,aime26_20,31,0.04239157069345745,0.0036900369003689537,0.1511371973587674,1,4096,0,4096,15,8594,0,0.5976056682140239,0.28376068376068375,0.104248046875
0.8928368183520415,[7],int8_c128,0,False,0.8928368183520415,qwen,aime26_20,aime26_20,37,0.010291595197255532,0.0,0.07703595011005138,1,8192,4096,4096,20,9149,0,0.6899584656731004,0.31355311355311355,0.115234375
0.9349421561020832,[14],int8_c128,0,False,0.9529375877080654,qwen,aime26_20,aime26_20,66,0.032897150544209386,0.0041661561083200516,0.13109346365302388,1,16384,8192,8192,58,17806,0,0.620222249358896,0.2774996947869613,0.093994140625
0.959507229293006,"[54, 22, 22, 30, 38, 46, 54, 190, 14, 190]",int8_c128,1,True,0.9689907802992843,qwen,aime26_20,aime26_20,123,0.014799619019708388,0.0011736228269639826,0.1039027604891265,1,30048,16384,13664,70,32217,-1,0.6196471707781275,0.2589475225060382,0.08043032786885246
,[],int8_c128,0,False,,qwen,aime26_22,aime26_22,25,0.0056358735604018495,0.0,0.048178038640254384,1,4096,0,4096,29,13310,0,0.7925726850720742,0.46373626373626375,0.163330078125
0.9176812745585204,[],int8_c128,0,False,0.9176812745585204,qwen,aime26_22,aime26_22,28,0.006125949522175933,0.0,0.04842259721203224,1,8192,4096,4096,40,10923,0,0.7439530906425604,0.4087912087912088,0.143798828125
0.9412979108621925,[],int8_c128,0,False,0.9412979108621925,qwen,aime26_22,aime26_22,49,0.013941543353308106,0.002573214066903584,0.07110568112400728,1,16384,8192,8192,75,21730,0,0.7289046281597265,0.36442436820900986,0.109619140625
0.9349318088587145,[],int8_c128,0,False,0.9349318088587145,qwen,aime26_22,aime26_22,109,0.023397886248396338,0.0012230171833914616,0.11974110032362462,1,32768,16384,16384,128,38743,0,0.6107685733471705,0.2600256363303424,0.075927734375
0.9009727725812242,[],int8_c128,1,False,0.9009727725812242,qwen,aime26_22,aime26_22,121,0.024802981245036326,0.0009172628875435684,0.12145081516761314,1,49152,32768,16384,180,37715,0,0.5749954215249374,0.24653604345968383,0.0692138671875
0.949341571539689,[],int8_c128,0,False,0.9582572270417641,qwen,aime26_22,aime26_22,96,0.03176736514142586,0.0022014309301046087,0.1302436343652683,1,65536,49152,16384,175,37273,0,0.5883645687076491,0.2536775926265031,0.0693359375
0.9647692630938945,[2],int8_c128,0,False,0.9657191707035365,qwen,aime26_22,aime26_22,120,0.021748426904514617,0.0022625817892741873,0.12969408316541486,1,81920,65536,16384,148,34174,0,0.557597216287162,0.22065555759018496,0.05889892578125
,"[10, 0, 10]",int8_c128,0,False,,qwen,aime26_24,aime26_24,20,0.09090909090909094,0.0073800738007380184,0.26118855465884083,1,4096,0,4096,22,8134,0,0.4954800879550452,0.24957264957264957,0.09033203125
0.9588059378672079,[1],int8_c128,0,False,0.9588059378672079,qwen,aime26_24,aime26_24,17,0.053418279833374216,0.0,0.17534849596478352,1,8192,4096,4096,32,8803,0,0.5951624725140484,0.29865689865689865,0.108154296875
0.9537535633762441,"[1000, 1]",int8_c128,1,False,0.9537535633762441,qwen,aime26_24,aime26_24,28,0.0650605356487709,0.0007352040191153097,0.1921808185705559,1,16384,8192,8192,64,17878,0,0.5333984613505922,0.22976437553412282,0.076904296875
0.9738466110603186,"[1, 1]",int8_c128,0,False,0.9738466110603186,qwen,aime26_24,aime26_24,93,0.08228969393365504,0.012291322693083861,0.2610368199303902,1,32768,16384,16384,121,32728,0,0.4418533667053293,0.17194652993957152,0.0518798828125
0.9828835323936072,[],int8_c128,1,False,0.987461181494068,qwen,aime26_24,aime26_24,64,0.11588979167939395,0.013697792453983948,0.2949258105880198,1,49152,32768,16384,174,33634,0,0.4164580916915939,0.16169199780260027,0.0494384765625
0.9655179163356572,"[100, 10]",int8_c128,0,False,0.9655179163356572,qwen,aime26_24,aime26_24,96,0.06903292809579087,0.004647465296887421,0.25432008304329246,1,65536,49152,16384,177,32152,0,0.40955985593065136,0.15302447659158885,0.045166015625
0.9774114271912543,"[1, 2, 2, 3]",int8_c128,3,False,0.9926186016267715,qwen,aime26_24,aime26_24,90,0.07721913372838907,0.006910047086161608,0.2559687366428528,1,81920,65536,16384,182,31393,0,0.4196935474024785,0.15339070988219497,0.04425048828125
,[],int8_c128,0,False,,qwen,aime26_26,aime26_26,21,0.02401372212692965,0.0002460024600245969,0.12912692589875274,1,4096,0,4096,14,11377,0,0.6550207671634498,0.3499389499389499,0.125244140625
0.8396184146896944,[],int8_c128,0,False,0.8396184146896944,qwen,aime26_26,aime26_26,18,0.043371722617005615,0.0009840098400983877,0.19491318170701888,1,8192,4096,4096,21,9440,0,0.565599804544344,0.29255189255189257,0.110107421875
0.8574945755362604,[0],int8_c128,0,False,0.8574945755362604,qwen,aime26_26,aime26_26,43,0.04952916717622602,0.005268962136993016,0.19511301160659744,1,16384,8192,8192,36,16472,0,0.5187446574673342,0.22268343303625932,0.07421875
0.9197794801969338,[12],int8_c128,0,False,0.9197794801969338,qwen,aime26_26,aime26_26,82,0.046245952715498806,0.0031798446768177557,0.2244611345179215,1,32768,16384,16384,95,29757,0,0.4366033819669129,0.16047122016724655,0.04656982421875
0.9447221350603021,"[2, 1, 2]",int8_c128,1,False,0.9447221350603021,qwen,aime26_26,aime26_26,88,0.04429103793756495,0.0015899223384088224,0.2305672589607376,1,49152,32768,16384,98,34384,0,0.43159758256516695,0.16785692486113654,0.04974365234375
0.9855736807528522,"[2, 7]",int8_c128,0,False,0.9855736807528522,qwen,aime26_26,aime26_26,108,0.05131651292076489,0.005136672170243939,0.23075044269402212,1,65536,49152,16384,107,34516,0,0.427263292839265,0.16620887505340903,0.04833984375
0.9524531021799593,"[7, 2129]",int8_c128,0,False,0.9541140769650643,qwen,aime26_26,aime26_26,97,0.033661188832549316,0.0028740903809698626,0.1731696891982658,1,81920,65536,16384,97,33594,1,0.48373115194432575,0.18012574009644144,0.04864501953125
,[-1],int8_c128,0,False,,qwen,aime26_28,aime26_28,39,0.003920607694192557,0.0,0.053313768647591075,1,4096,0,4096,23,11570,0,0.7371121426826289,0.39487179487179486,0.140625
0.8821792215299925,[1],int8_c128,0,False,0.8821792215299925,qwen,aime26_28,aime26_28,56,0.005145797598627766,0.0,0.0608950843727073,1,8192,4096,4096,29,10248,0,0.679697043733203,0.32454212454212455,0.116943359375
0.9415039605722966,"[1, 2, 0, 1]",int8_c128,1,False,0.9415039605722966,qwen,aime26_28,aime26_28,84,0.003913415678121535,0.0,0.06157605375687236,1,16384,8192,8192,49,20777,0,0.6739528635975088,0.3027713343914052,0.0972900390625
0.9140342794313501,[1],int8_c128,0,False,0.9389475873552647,qwen,aime26_28,aime26_28,133,0.009774573889669513,0.0008561120283739898,0.09751480735177387,1,32768,16384,16384,113,40026,-1,0.5886698003784873,0.25135811511933104,0.07318115234375
0.923886484064737,[2],int8_c128,0,False,0.923886484064737,qwen,aime26_28,aime26_28,141,0.009591300629238186,0.0001834525775087359,0.11552787445808144,1,49152,32768,16384,144,38892,0,0.5438007447652768,0.22077763535372033,0.06024169921875
0.9586800429088317,[],int8_c128,0,False,0.9586800429088317,qwen,aime26_28,aime26_28,168,0.008919298674323395,0.00030575429584789315,0.12621359223300976,1,65536,49152,16384,135,40208,0,0.5139490873573042,0.2078373924189709,0.059814453125
0.9495704598459489,[],int8_c128,0,False,0.9495704598459489,qwen,aime26_28,aime26_28,152,0.008491661066650336,0.0006726594508652539,0.07357879953593449,1,81920,65536,16384,133,47091,-1,0.6168121604297662,0.25776719770493806,0.06597900390625
,[],int8_c128,0,False,,qwen,aime26_30,aime26_30,22,0.016662582700318507,0.006396063960639631,0.10271460014673517,1,4096,0,4096,19,9103,0,0.6645492303933546,0.3128205128205128,0.116455078125
0.9006657102833115,[],int8_c128,0,False,0.9006657102833115,qwen,aime26_30,aime26_30,25,0.02009311443273709,0.0,0.11861090731230128,1,8192,4096,4096,17,9234,0,0.6723674566332764,0.3367521367521368,0.1259765625
0.9632424099300297,[3],int8_c128,4,False,0.9632424099300297,qwen,aime26_30,aime26_30,62,0.025070319187966206,0.004778826124249513,0.12632864996945636,1,16384,8192,8192,50,19665,0,0.6480644767370863,0.298498351849591,0.1041259765625
0.905444510563534,"[729, 3, 729, 3, 3]",int8_c128,7,False,0.931129414613827,qwen,aime26_30,aime26_30,92,0.03164518296780505,0.0034244481134959592,0.1690175245771509,1,32768,16384,16384,97,34441,0,0.5154752457114951,0.1950802661295245,0.0592041015625
0.9371855099543157,"[1, 3, 3, 243, 243, 3, 243]",int8_c128,12,False,0.9371855099543157,qwen,aime26_30,aime26_30,204,0.015150589528987735,0.0002446034366783145,0.12670208218843504,1,49152,32768,16384,116,41446,0,0.554422806910445,0.22932307880119637,0.06756591796875
0.9381638479698087,"[2, 3, 3, 729, 3, 243, 3]",int8_c128,10,False,0.9381638479698087,qwen,aime26_30,aime26_30,168,0.02571934754719285,0.0006115085916956753,0.13958600476277705,1,65536,49152,16384,104,40333,0,0.525792076185825,0.20448025392174815,0.0594482421875
0.8543466553113575,"[3, 3, 3, 243, 243]",int8_c128,14,False,0.8862755962944132,qwen,aime26_30,aime26_30,181,0.01508949844217733,0.0,0.1046589729498687,1,81920,65536,16384,131,47077,0,0.5815273792808742,0.24842824879448208,0.07171630859375
,"[13, 1]",int8_c128,2,False,,qwen,aime26_02,aime26_02,41,0.012251899044351866,0.0,0.09048667155783807,2,4096,0,4096,15,9829,0,0.6994869289030051,0.33943833943833945,0.11572265625
0.9188825286995621,[],int8_c128,0,False,0.9188825286995621,qwen,aime26_02,aime26_02,39,0.010781671159029615,0.0,0.07923697725605283,2,8192,4096,4096,18,8786,0,0.7060835572929391,0.33528693528693526,0.11328125
0.9598805702533513,[],int8_c128,0,False,0.9598805702533513,qwen,aime26_02,aime26_02,50,0.02237984590925768,0.0,0.14123396456933413,2,16384,8192,8192,46,16983,0,0.5978751984369276,0.25112928824319375,0.081298828125
0.9381058691003602,"[0, 1]",int8_c128,1,False,0.9381058691003602,qwen,aime26_02,aime26_02,197,0.008186205632598198,0.0008561120283739898,0.07583806557977657,2,32768,16384,16384,118,38804,0,0.632501068310848,0.24287371055362267,0.06689453125
0.9663794341454889,"[15151, 33133, 42124, 51115, 62, 42124, 15151, 33133, 42124, 51115, 42124]",int8_c128,1,True,0.9663794341454889,qwen,aime26_02,aime26_02,141,0.00843056997983993,0.0,0.07876900531232822,2,49152,32768,16384,147,36654,0,0.5887308467126549,0.2061283037294757,0.05548095703125
0.9864941140481643,"[2, 4, 8, 16, 32, 1, 919, 62, 62, 1]",int8_c128,2,True,0.9864941140481643,qwen,aime26_02,aime26_02,191,0.014356405400452021,0.0018956766342567155,0.08438663979971917,2,65536,49152,16384,185,35800,0,0.5688907881081741,0.19263871085881706,0.04925537109375
0.9752191488711374,"[62, 42124, 62, 9, 2, 62]",int8_c128,1,True,0.9752191488711374,qwen,aime26_02,aime26_02,50,0.008008213552361365,0.0004120313143799459,0.04653546535465358,2,70421,65536,4885,24,12110,-1,0.7613682916837362,0.3544226044226044,0.11258955987717502
,[2],int8_c128,0,False,,qwen,aime26_04,aime26_04,62,0.0024503798088704176,0.0,0.04719980435314253,2,4096,0,4096,13,10315,0,0.7187881749328121,0.3435897435897436,0.1123046875
0.8978372168750692,[],int8_c128,0,False,0.8978372168750692,qwen,aime26_04,aime26_04,57,0.04141141876990928,0.03222632226322264,0.07899241868427487,2,8192,4096,4096,23,9218,0,0.7429758123625703,0.3523809523809524,0.1142578125
0.9468286256157128,"[101, 79, 97, 2]",int8_c128,1,False,0.9468286256157128,qwen,aime26_04,aime26_04,72,0.03094044270514862,0.018135032471510826,0.1026267562614539,2,16384,8192,8192,42,19547,0,0.6276712663328856,0.27163960444390184,0.080078125
0.9780367811217038,"[79, 97]",int8_c128,0,False,0.9780367811217038,qwen,aime26_04,aime26_04,202,0.034944101655568494,0.019445973215923673,0.12578616352201255,2,32768,16384,16384,125,37774,0,0.5466699224711556,0.2130867362509919,0.0555419921875
0.9931072720649031,"[70, 79, 97, 101, 70, 79, 97, 101, 70, 97, 101]",int8_c128,2,True,0.9931072720649031,qwen,aime26_04,aime26_04,228,0.027979717759178957,0.01920136977924536,0.11571105819136596,2,49152,32768,16384,115,37386,0,0.5469141078078261,0.20417505951290973,0.052490234375
0.9864113283949864,"[70, 70, 70]",int8_c128,3,True,0.9864113283949864,qwen,aime26_04,aime26_04,252,0.022359337772619003,0.009661835748792313,0.13396837027538622,2,65536,49152,16384,164,37413,0,0.5126671143397838,0.1964231215284136,0.0491943359375
0.9861041965282256,[70],int8_c128,2,True,0.9862328468006623,qwen,aime26_04,aime26_04,280,0.005192742378886894,0.0,0.11876412041277407,2,81920,65536,16384,195,35860,0,0.4829375496001465,0.1676738082158335,0.04071044921875
,"[2026, 2026, 2026]",int8_c128,0,False,,qwen,aime26_06,aime26_06,41,0.02695417789757415,0.00565805658056584,0.136463683052091,2,4096,0,4096,20,8208,0,0.6161739555338382,0.2857142857142857,0.1015625
0.9769460797728906,[],int8_c128,0,False,0.9769460797728906,qwen,aime26_06,aime26_06,46,0.02009311443273709,0.002460024600245969,0.11518708730741012,2,8192,4096,4096,23,9285,0,0.6672367456633276,0.33015873015873015,0.119384765625
0.9802668177236395,"[441, 2026, 1013, 441]",int8_c128,4,True,0.9802668177236395,qwen,aime26_06,aime26_06,94,0.02189066894949243,0.0,0.1497861942577886,2,16384,8192,8192,37,17559,0,0.5703993161558187,0.2455133683310951,0.07958984375
0.9785293657539655,"[0, 0, 441, 2026, 20, 2, 2026, 441, 441]",int8_c128,12,True,0.9886196318700653,qwen,aime26_06,aime26_06,220,0.037143380780744084,0.005625879043600568,0.1684069121328693,2,32768,16384,16384,99,35763,0,0.5427629570844271,0.21156076420679973,0.06134033203125
0.9913436750746089,"[441, 20, 2026, 2026, 441]",int8_c128,5,True,0.9913436750746089,qwen,aime26_06,aime26_06,74,0.012241992882562225,0.0,0.127825963315797,2,39808,32768,7040,35,15015,-1,0.6094926815404291,0.28157408722829946,0.09417613636363636
,[7],int8_c128,0,False,,qwen,aime26_08,aime26_08,34,0.036265621171281515,0.0,0.202494497432135,2,4096,0,4096,11,8677,0,0.5384803322746152,0.24297924297924298,0.083740234375
0.966585137191687,[17017],int8_c128,0,False,0.966585137191687,qwen,aime26_08,aime26_08,42,0.01274197500612595,0.0,0.10809488872584982,2,8192,4096,4096,22,8973,0,0.6364524798436355,0.2927960927960928,0.109619140625
0.9704282735896919,[],int8_c128,0,False,0.9704282735896919,qwen,aime26_08,aime26_08,82,0.03387550446373977,0.0022056120573459292,0.1965791081246182,2,16384,8192,8192,49,16626,0,0.48858224447429477,0.2041264802832377,0.070556640625
0.974302695744431,"[17017, 17017, 26244, 244, 244]",int8_c128,1,True,0.9846860993996619,qwen,aime26_08,aime26_08,207,0.026757896022970296,0.000978413746713147,0.16456005373389515,2,32768,16384,16384,114,35971,0,0.5169403577315183,0.20063480437038395,0.06243896484375
0.9689382860799406,"[244, -1, 1]",int8_c128,1,True,0.9715334252618159,qwen,aime26_08,aime26_08,33,0.009624197983501337,0.0,0.08995433789954332,2,34965,32768,2197,10,5175,-1,0.695077484047402,0.37477231329690347,0.13837050523441055
,[],int8_c128,0,False,,qwen,aime26_10,aime26_10,30,0.026464101935800066,0.002706027060270566,0.09268769870383953,2,4096,0,4096,25,11963,0,0.7231859271927681,0.38803418803418804,0.13818359375
0.9209948194155166,[],int8_c128,0,False,0.9209948194155166,qwen,aime26_10,aime26_10,24,0.0036755697133055154,0.0,0.042064074345805835,2,8192,4096,4096,24,10126,1,0.7664304910823357,0.37997557997557996,0.13525390625
0.897616683922552,[],int8_c128,0,False,0.897616683922552,qwen,aime26_10,aime26_10,47,0.0061147119970649255,0.00012253400318584795,0.07098350641417228,2,16384,8192,8192,55,22158,0,0.6887287825131274,0.3093639360273471,0.1031494140625
0.9355232784373877,[],int8_c128,0,False,0.9701064928972432,qwen,aime26_10,aime26_10,96,0.009652391716048592,6.115085916957863e-05,0.08682908957684554,2,32768,16384,16384,131,41606,0,0.6311580489591601,0.24336202160776416,0.068359375
0.9695257180836074,[],int8_c128,0,False,0.9695257180836074,qwen,aime26_10,aime26_10,116,0.01356222127191642,0.0007949611692044112,0.09708737864077666,2,49152,32768,16384,164,39536,0,0.5956290824735975,0.23017762314594398,0.0640869140625
0.8966598896601305,"[0, 241, 106]",int8_c128,0,False,0.9374424609700508,qwen,aime26_10,aime26_10,139,0.008125114545787793,0.0005503577325260967,0.08798925322098061,2,65536,49152,16384,160,46115,0,0.6064953299554362,0.23982176646523837,0.067626953125
0.9515271192206908,[],int8_c128,0,False,0.970002493881865,qwen,aime26_10,aime26_10,94,0.011546215407172045,0.000489206873356518,0.09623252121878245,2,81920,65536,16384,179,44133,0,0.6074110249679506,0.23768540560336934,0.06396484375
,[],int8_c128,0,False,,qwen,aime26_12,aime26_12,22,0.0034305317324184736,0.0,0.056982147224260205,2,4096,0,4096,15,11495,0,0.7334473491326655,0.3951159951159951,0.14208984375
0.9047088693439095,[1],int8_c128,0,False,0.9047088693439095,qwen,aime26_12,aime26_12,25,0.006370987503062975,0.0,0.06823184152604544,2,8192,4096,4096,19,11730,0,0.7192768140728072,0.38266178266178263,0.136962890625
0.9588874653249463,[],int8_c128,0,False,0.9588874653249463,qwen,aime26_12,aime26_12,59,0.004647181117769406,0.0,0.05656689065363474,2,16384,8192,8192,50,22423,0,0.7010624007815363,0.3234037358075937,0.0987548828125
0.969243710855293,[0],int8_c128,0,False,0.969243710855293,qwen,aime26_12,aime26_12,111,0.01148512432036164,0.0018956766342567155,0.09916346095133421,2,32768,16384,16384,130,43591,0,0.61852145778646,0.25202954281877554,0.06927490234375
0.9738984383409303,[],int8_c128,0,False,0.9738984383409303,qwen,aime26_12,aime26_12,115,0.016128046917954664,0.002323732648443766,0.10014044086218477,2,49152,32768,16384,166,42972,0,0.6303034002808131,0.2605139473844839,0.071044921875
0.9536196605233958,"[4, 122]",int8_c128,0,False,0.9621160749923743,qwen,aime26_12,aime26_12,123,0.01050766693139471,0.000978413746713147,0.09690419490749225,2,65536,49152,16384,181,44695,0,0.6083267199804652,0.247085393395593,0.06719970703125
0.9752038056717285,[],int8_c128,1,False,0.9752038056717285,qwen,aime26_12,aime26_12,127,0.009041480847944317,0.0017733749159175582,0.10014044086218477,2,81920,65536,16384,148,44652,0,0.6083877663146328,0.2508087651834218,0.06634521484375
,[540],int8_c128,0,False,,qwen,aime26_14,aime26_14,20,0.03822592501837785,0.005412054120541243,0.1210564930300807,2,4096,0,4096,24,9942,0,0.6713901783532861,0.35067155067155065,0.12353515625
0.9692234495398038,[2],int8_c128,0,False,0.9692234495398038,qwen,aime26_14,aime26_14,17,0.022298456260720356,0.005166051660516646,0.10491562729273662,2,8192,4096,4096,28,8867,0,0.6833618372831664,0.3274725274725275,0.115234375
0.9372368409754049,[],int8_c128,0,False,0.9372368409754049,qwen,aime26_14,aime26_14,39,0.022135257429375055,0.002328146060531777,0.10140500916310324,2,16384,8192,8192,42,16041,0,0.5896934912687752,0.21621291661579783,0.065673828125
0.9631089561060053,[],int8_c128,0,False,0.9631089561060053,qwen,aime26_14,aime26_14,83,0.023703341682448476,0.0007338103100348325,0.11510044574708433,2,32768,16384,16384,136,33913,0,0.5457542274586411,0.19178416651406946,0.055419921875
0.9739947515354395,[3],int8_c128,0,False,0.9739947515354395,qwen,aime26_14,aime26_14,79,0.016800048872869455,0.0011007154650523043,0.09861390975148077,2,49152,32768,16384,140,31931,0,0.5143764116964776,0.16089849233962034,0.044189453125
0.9462904561053703,[],int8_c128,0,False,0.9542031090406454,qwen,aime26_14,aime26_14,111,0.018693872563992908,0.00214028007093503,0.10117848201746349,2,65536,49152,16384,190,31680,0,0.5085770099505524,0.15516083745345785,0.0428466796875
0.9451752495013342,[],int8_c128,0,False,0.9451752495013342,qwen,aime26_14,aime26_14,97,0.018877145824424235,0.0007338103100348325,0.11790926299077975,2,81920,65536,16384,354,31007,0,0.481350344911788,0.13898553378502107,0.03515625
,[],int8_c128,0,False,,qwen,aime26_16,aime26_16,44,0.016172506738544423,0.0,0.11543164587918808,2,4096,0,4096,16,9507,0,0.6208160273637918,0.28547008547008546,0.1025390625
0.9631773250881025,[],int8_c128,0,False,0.9631773250881025,qwen,aime26_16,aime26_16,62,0.005880911541288891,0.0,0.050134507214477875,2,8192,4096,4096,22,10424,0,0.7314927925726851,0.35433455433455435,0.1318359375
0.9860216024249705,"[13, 22, 49, 94, 13, 22, 49, 94]",int8_c128,0,False,0.9860216024249705,qwen,aime26_16,aime26_16,92,0.004647181117769406,0.0,0.06511912034208922,2,16384,8192,8192,39,20893,0,0.6785932348272072,0.29947503357343425,0.0985107421875
0.9858445784248326,"[178, 178, 13, 22, 49, 94, 20, 13, 22, 49, 94, 178, 178, 1, 178, 1]",int8_c128,4,True,0.9858445784248326,qwen,aime26_16,aime26_16,179,0.009304788561918409,0.00015148072407789037,0.09110153473954785,2,29618,16384,13234,90,32789,-1,0.6041115561937873,0.24726063628806771,0.07654526220341544
,[],int8_c128,0,False,,qwen,aime26_18,aime26_18,34,0.001960303847096334,0.0,0.045243335778919036,2,4096,0,4096,20,10711,0,0.7285609577327143,0.34945054945054943,0.1279296875
0.9383836707273595,[],int8_c128,0,False,0.9383836707273595,qwen,aime26_18,aime26_18,33,0.00024503798088704176,0.0,0.03619466862313525,2,8192,4096,4096,26,10037,0,0.7583679452724164,0.38266178266178263,0.138427734375
0.9632147652712046,[],int8_c128,0,False,0.9650975676118401,qwen,aime26_18,aime26_18,67,0.0072153601565366765,0.0,0.05925473427000616,2,16384,8192,8192,52,21371,0,0.6975210648430822,0.3242583323159565,0.102294921875
0.987752155607915,[],int8_c128,0,False,0.987752155607915,qwen,aime26_18,aime26_18,121,0.009774573889669513,0.0006115085916956753,0.07895218904561274,2,32768,16384,16384,138,41120,0,0.6193761064648068,0.24378929378013794,0.06695556640625
0.9885432901899575,[],int8_c128,0,False,0.9885432901899575,qwen,aime26_18,aime26_18,127,0.003787647382246906,0.0,0.063931122916285,2,49152,32768,16384,141,40818,0,0.6169342530981015,0.24208020509064274,0.06591796875
0.9821557155676076,[],int8_c128,0,False,0.9821557155676076,qwen,aime26_18,aime26_18,89,0.007575294764493812,0.00012230171833915726,0.08805031446540879,2,65536,49152,16384,178,41979,0,0.6176057627739454,0.2517853872917048,0.0684814453125
0.8755385429173587,[8],int8_c128,0,False,0.921655153128917,qwen,aime26_18,aime26_18,121,0.027857535585558035,0.004892068733565735,0.13696037125236615,2,81920,65536,16384,173,34895,0,0.5588181429705146,0.21400231947750717,0.05657958984375
,[],int8_c128,0,False,,qwen,aime26_20,aime26_20,22,0.02866944376378333,0.005166051660516646,0.14111029591587188,2,4096,0,4096,15,8327,0,0.5976056682140239,0.2634920634920635,0.09521484375
0.9442190890356149,[2],int8_c128,0,False,0.9442190890356149,qwen,aime26_20,aime26_20,38,0.01151678510169074,0.0002460024600245969,0.07654683296649545,2,8192,4096,4096,33,9113,0,0.6706572196432934,0.3098901098901099,0.111572265625
0.9714738314410886,"[22, 30, 38, 46, 54, 38]",int8_c128,0,False,0.9714738314410886,qwen,aime26_20,aime26_20,67,0.012963189433777722,0.0008577380223011577,0.1049480757483201,2,16384,8192,8192,43,18734,0,0.6452558309927953,0.2943474545232572,0.1004638671875
0.9661874635040493,"[38, 54]",int8_c128,0,False,0.9755174980894898,qwen,aime26_20,aime26_20,64,0.011907597046915908,0.0009544261512764995,0.09469426600047581,2,24797,16384,8413,38,17895,-1,0.6381688466111771,0.2686638135996196,0.08843456555331035
,[],int8_c128,0,False,,qwen,aime26_22,aime26_22,25,0.016172506738544423,0.002460024600245969,0.0787478601124969,2,4096,0,4096,21,11352,0,0.7534815538724652,0.42344322344322344,0.149658203125
0.9294955541722085,[1],int8_c128,2,False,0.9294955541722085,qwen,aime26_22,aime26_22,26,0.014947316834109325,0.0,0.09244314013206167,2,8192,4096,4096,16,9843,0,0.7141461031028585,0.3904761904761905,0.14111328125
0.945831928168012,[2],int8_c128,0,False,0.945831928168012,qwen,aime26_22,aime26_22,43,0.02861685214626386,0.00281828207327528,0.14404398289554066,2,16384,8192,8192,42,18590,0,0.6020271095371841,0.29520205103162006,0.098388671875
0.9239809635208439,[7],int8_c128,1,False,0.9669001583473316,qwen,aime26_22,aime26_22,110,0.043374671635408424,0.008316516847061695,0.16303352262319104,2,32768,16384,16384,121,35513,0,0.5755448385324461,0.2414087773911982,0.07073974609375
0.970061745287488,[2],int8_c128,0,False,0.970061745287488,qwen,aime26_22,aime26_22,123,0.028162991019610284,0.0026906378034611267,0.12334371374488617,2,49152,32768,16384,170,37799,0,0.6072889322996154,0.2610022584386254,0.07391357421875
0.968691593866713,[1],int8_c128,0,False,0.9733510626089452,qwen,aime26_22,aime26_22,118,0.03805974708290061,0.002935241240139441,0.17310862795383775,2,65536,49152,16384,127,34781,0,0.5326903119467676,0.2226088018067509,0.0621337890625
0.9084336408309398,[],int8_c128,0,False,0.947482527349921,qwen,aime26_22,aime26_22,125,0.006720019549147804,0.0,0.0829822311778714,2,81920,65536,16384,161,38045,0,0.6077162566387888,0.2511139595922603,0.06622314453125
,[2],int8_c128,0,False,,qwen,aime26_24,aime26_24,23,0.035040431266846306,0.0007380073800737907,0.17314746881878207,2,4096,0,4096,25,8676,0,0.5673100415343268,0.28327228327228327,0.107666015625
0.9625789572430741,[100],int8_c128,0,False,0.9625789572430741,qwen,aime26_24,aime26_24,22,0.06493506493506496,0.00959409594095939,0.17461482024944974,2,8192,4096,4096,21,8577,0,0.5643782066943562,0.2698412698412698,0.1005859375
0.951446721339749,[0],int8_c128,0,False,0.951446721339749,qwen,aime26_24,aime26_24,30,0.03693286046227218,0.003185884082832935,0.16249236408063528,2,16384,8192,8192,34,14918,0,0.5079985346196116,0.20290562812843366,0.068115234375
0.9855900373523794,[1000],int8_c128,1,False,0.9855900373523794,qwen,aime26_24,aime26_24,74,0.07172093591544992,0.011618663242218608,0.20718080234475178,2,32768,16384,16384,109,33321,0,0.4849520786276784,0.1886101446621498,0.05908203125
0.9868901521434219,"[10, 10, 1000, 1, 10]",int8_c128,2,False,0.9868901521434219,qwen,aime26_24,aime26_24,93,0.06292381941474734,0.0073381031003485475,0.19667826830310797,2,49152,32768,16384,150,34393,0,0.4665160857090532,0.174571201855582,0.052978515625
0.9892666481576925,[10],int8_c128,1,False,0.9913519241450561,qwen,aime26_24,aime26_24,92,0.05559288899749526,0.006910047086161608,0.2044941075899127,2,65536,49152,16384,162,33055,0,0.46321958366400096,0.17170237441250077,0.0506591796875
0.9928133443857242,"[3, 669]",int8_c128,3,True,0.9928133443857242,qwen,aime26_24,aime26_24,82,0.06487873419268131,0.0017122240567479796,0.220492153630091,2,81920,65536,16384,159,32641,0,0.4555277455588792,0.17194652993957152,0.05108642578125
,[0],int8_c128,0,False,,qwen,aime26_26,aime26_26,22,0.00024503798088704176,0.0,0.027879677182685247,2,4096,0,4096,11,10119,-1,0.7994136330320059,0.40366300366300367,0.132080078125
0.9567925601970316,[],int8_c128,0,False,0.9567925601970316,qwen,aime26_26,aime26_26,22,0.017887772604753716,0.0,0.08412814869161167,2,8192,4096,4096,27,8850,0,0.6809186415831908,0.3238095238095238,0.113037109375
0.7658468993456343,[],int8_c128,0,False,0.7658468993456343,qwen,aime26_26,aime26_26,47,0.03497615262321141,0.0012253400318588126,0.16689065363469757,2,16384,8192,8192,45,17647,0,0.5482964952985713,0.25161762910511537,0.0802001953125
0.9231992796112847,"[12, 2, 0]",int8_c128,0,False,0.9231992796112847,qwen,aime26_26,aime26_26,98,0.03360009774573891,0.0012230171833914616,0.1716431580875618,2,32768,16384,16384,110,36359,0,0.5060741102496795,0.19923091008972715,0.05499267578125
0.9604772745802392,[7],int8_c128,0,False,0.9604772745802392,qwen,aime26_26,aime26_26,107,0.034944101655568494,0.0027517886626307053,0.1720705867985589,2,49152,32768,16384,94,35476,0,0.4884927660094011,0.1864127449185131,0.0509033203125
0.9629744820042768,"[0, 2, 132]",int8_c128,5,True,0.9629744820042768,qwen,aime26_26,aime26_26,125,0.03097318101289026,0.002629486944291548,0.17432985284240088,2,65536,49152,16384,101,38943,0,0.5011904035162689,0.20325947628639443,0.05413818359375
0.9584557417386789,[],int8_c128,0,False,0.9584557417386789,qwen,aime26_26,aime26_26,125,0.03384446209298064,0.001467620620069665,0.15973621542407035,2,81920,65536,16384,125,37773,0,0.5313472925950796,0.21101141427089057,0.05731201171875
,[1],int8_c128,0,False,,qwen,aime26_28,aime26_28,24,0.01568243077677045,0.0,0.07141110295915876,2,4096,0,4096,25,11276,0,0.7427314927925727,0.39829059829059826,0.1416015625
0.938109306588,"[1, 1, 0]",int8_c128,0,False,0.938109306588,qwen,aime26_28,aime26_28,34,0.0034305317324184736,0.0,0.05796038151137195,2,8192,4096,4096,16,9987,0,0.7058392377229417,0.33601953601953605,0.12353515625
0.9264221850630007,"[0, 2]",int8_c128,0,False,0.943902802722175,qwen,aime26_28,aime26_28,60,0.005258652317475798,0.0009802720254871167,0.07098350641417228,2,16384,8192,8192,34,20476,0,0.6754182439858346,0.29764375534122817,0.0953369140625
0.970064377822717,"[4, 1]",int8_c128,0,False,0.970064377822717,qwen,aime26_28,aime26_28,134,0.009285845195186049,0.0,0.09024851926482258,2,32768,16384,16384,118,39759,0,0.5961174531469385,0.2256607458951352,0.05963134765625
0.9528074536589061,[],int8_c128,0,False,0.9528074536589061,qwen,aime26_28,aime26_28,134,0.010446575844584305,0.0,0.10441472797215612,2,49152,32768,16384,157,40100,0,0.6058238202795923,0.23420618934261125,0.0621337890625
0.9718373211046044,[1],int8_c128,0,False,0.9718373211046044,qwen,aime26_28,aime26_28,198,0.010752031278636442,0.0013453189017306189,0.12071808023447517,2,65536,49152,16384,131,36244,0,0.5500274708503754,0.20026857107977783,0.05267333984375
0.9900741739636033,"[1, 1]",int8_c128,0,False,0.9900741739636033,qwen,aime26_28,aime26_28,161,0.014295314313641616,0.0032409955359873344,0.0963546437076388,2,81920,65536,16384,149,37159,-7,0.5955069898052622,0.22761399011170116,0.06048583984375
,[],int8_c128,3,False,,qwen,aime26_30,aime26_30,31,0.03234501347708896,0.017220172201722006,0.11738811445341157,2,4096,0,4096,11,9346,0,0.6823845590031762,0.3396825396825397,0.122314453125
0.9551547476968577,"[3, 0]",int8_c128,0,False,0.9551547476968577,qwen,aime26_30,aime26_30,28,0.021563342318059342,0.0012300123001229846,0.08559550012227923,2,8192,4096,4096,19,9518,0,0.7214756902027852,0.3672771672771673,0.129150390625
0.9573341015266745,"[3, 3, 3, 4, 5, 6, 7]",int8_c128,5,False,0.9573341015266745,qwen,aime26_30,aime26_30,71,0.0278830867066161,0.013111138340889616,0.10763591936469152,2,16384,8192,8192,56,18234,0,0.6402491146660154,0.29312660236845317,0.0986328125
0.9878075262997179,"[0, 3, 243, 729, 3]",int8_c128,5,False,0.9878075262997179,qwen,aime26_30,aime26_30,154,0.01948805669252851,0.0031798446768177557,0.13787628991878853,2,32768,16384,16384,104,33895,0,0.5546059459129479,0.21333089177806264,0.064208984375
0.9489014721784187,"[0, 3, 3, 3, 0]",int8_c128,7,False,0.9489014721784187,qwen,aime26_30,aime26_30,186,0.020282240821064224,0.0013453189017306189,0.13164804298711608,2,49152,32768,16384,104,35270,0,0.5423356327452536,0.22230360739791247,0.06695556640625
0.9197337373146803,"[243, 3, 3, 0, 3, 3, 3, 3]",int8_c128,13,False,0.9213662926757316,qwen,aime26_30,aime26_30,145,0.022481519946239814,0.007705008255366019,0.10453685046101235,2,65536,49152,16384,123,38236,0,0.5861058543434466,0.23298541170725753,0.067626953125
0.9527209374102046,"[2, 0, 3, 3, 2, 7, 15, 3, 3, 3]",int8_c128,16,False,0.9527209374102046,qwen,aime26_30,aime26_30,192,0.01631132017838599,0.002629486944291548,0.12254991756732003,2,81920,65536,16384,118,39455,0,0.5379402966851841,0.2191295855459928,0.06439208984375
,[252],int8_c128_key_h,0,False,,qwen,aime26_01,aime26_01,24,0.011026709139916657,0.0,0.10613842015162633,1,4096,0,4096,12,8867,0,0.6332763254336672,0.294993894993895,0.106689453125
0.9351583938216625,[],int8_c128_key_h,1,False,0.9351583938216625,qwen,aime26_01,aime26_01,34,0.0071061014457241,0.0,0.0755685986793837,1,8192,4096,4096,22,8937,0,0.6916687026630833,0.3391941391941392,0.135009765625
0.9458588920989587,"[1, 252, 277]",int8_c128_key_h,0,True,0.9600428134622585,qwen,aime26_01,aime26_01,14,0.002680965147453085,0.0,0.08288770053475936,1,11191,8192,2999,8,6571,-1,0.6562082777036048,0.33589059372915275,0.12837612537512505
,[],int8_c128_key_h,0,False,,qwen,aime26_03,aime26_03,44,0.016417544719431465,0.0,0.08363903154805574,1,4096,0,4096,21,12787,0,0.7417542145125825,0.4048840048840049,0.14501953125
0.9718268221455315,[2],int8_c128_key_h,0,False,0.9718268221455315,qwen,aime26_03,aime26_03,39,0.02278853222249444,0.0,0.10760577158229401,1,8192,4096,4096,22,12590,0,0.7332030295626679,0.4048840048840049,0.151123046875
0.9599264519200228,[2],int8_c128_key_h,0,False,0.9599264519200228,qwen,aime26_03,aime26_03,95,0.02152378622966855,0.0,0.08588882101405004,1,16384,8192,8192,43,26102,0,0.7317132739040176,0.36637773165669635,0.1207275390625
0.9130400671730543,[79],int8_c128_key_h,2,True,0.9296686941272838,qwen,aime26_03,aime26_03,28,0.00971599402092671,0.0,0.07086026852312277,1,20413,16384,4029,9,11220,-1,0.7595628415300546,0.4282522343594836,0.15860014892032762
,[-1],int8_c128_key_h,0,False,,qwen,aime26_05,aime26_05,31,0.012006861063464824,0.0004920049200491938,0.10222548300317924,1,4096,0,4096,17,10766,0,0.6303444905936966,0.30256410256410254,0.114501953125
0.9088934139001917,[],int8_c128_key_h,0,False,0.9088934139001917,qwen,aime26_05,aime26_05,32,0.009801519235481448,0.0,0.10075813157251157,1,8192,4096,4096,20,9723,0,0.6303444905936966,0.30036630036630035,0.108154296875
0.9733777068426758,[],int8_c128_key_h,0,False,0.9733777068426758,qwen,aime26_05,aime26_05,58,0.02751620398679222,0.0037985540987623967,0.13781307269395238,1,16384,8192,8192,42,19457,0,0.5804127488093784,0.2596752533268221,0.08740234375
0.9186578338360546,"[65, -1]",int8_c128_key_h,1,True,0.9186578338360546,qwen,aime26_05,aime26_05,24,0.0198572758299721,0.003118178983473663,0.08325595790776852,1,19622,16384,3238,13,8124,-1,0.7394126738794435,0.4028421377818968,0.1525633106856084
,[],int8_c128_key_h,0,False,,qwen,aime26_07,aime26_07,14,0.037735849056603765,0.006150061500615034,0.15162631450232333,1,4096,0,4096,9,9574,0,0.6274126557537258,0.32454212454212455,0.11083984375
0.9498149647087862,[1],int8_c128_key_h,0,False,0.9498149647087862,qwen,aime26_07,aime26_07,11,0.01690762068120555,0.0019680196801967753,0.10271460014673517,1,8192,4096,4096,25,9324,0,0.6733447349132665,0.3387057387057387,0.124267578125
0.9538001935148567,"[1, 120, 40, 120, 40, 15, 45, 15, 1, 45, 1, 6, 120, 40, 120, 40, 15, 45, 15, 1, 45, 396, 6, 6, 120, 40, 120, 40, 15, 45, 15, 1, 1]",int8_c128_key_h,2,True,0.9538001935148567,qwen,aime26_07,aime26_07,54,0.01712119359178188,0.004043622105134204,0.11484422724496024,1,16384,8192,8192,30,18727,1,0.5723531566735865,0.26944207056525454,0.094482421875
0.8783819215695825,[396],int8_c128_key_h,0,True,0.9268237388996808,qwen,aime26_07,aime26_07,0,0.03260869565217395,0.0,0.196236559139785,1,17135,16384,751,0,1348,-1,0.589572192513369,0.3506666666666667,0.151797603195739
,[],int8_c128_key_h,0,False,,qwen,aime26_09,aime26_09,26,0.010536633178142574,0.0,0.08657373440939109,1,4096,0,4096,23,11591,0,0.7278279990227218,0.3960927960927961,0.143798828125
0.845084624282089,[],int8_c128_key_h,0,False,0.845084624282089,qwen,aime26_09,aime26_09,28,0.06272972310708158,0.004674046740467452,0.194179505991685,1,8192,4096,4096,20,9500,0,0.5360371365746396,0.273992673992674,0.10400390625
0.9052670618270848,[],int8_c128_key_h,0,False,0.9052670618270848,qwen,aime26_09,aime26_09,52,0.04622722269781099,0.0035534860923905898,0.16456933414783137,1,16384,8192,8192,37,22452,0,0.5594089632433753,0.2574777194481748,0.08251953125
0.7861885162831878,"[6, 1, 5, 12, 9, 6480, 3]",int8_c128_key_h,4,False,0.7861885162831878,qwen,aime26_09,aime26_09,130,0.09145335695522028,0.018100654314193165,0.24204677291323196,1,32768,16384,16384,102,37508,-1,0.47292595079665467,0.2003906488433132,0.06060791015625
0.9595052870099634,"[2, 29, 9, 29, 29]",int8_c128_key_h,1,True,0.9595052870099634,qwen,aime26_09,aime26_09,36,0.03766565914903508,0.00723453908984828,0.1253190995590624,1,37084,32768,4316,22,9472,-2,0.6287966612566659,0.30590961761297797,0.10658016682113068
,[0],int8_c128_key_h,0,False,,qwen,aime26_11,aime26_11,31,0.0046557216368536825,0.0,0.0332599657617999,1,4096,0,4096,21,11819,0,0.823601270461764,0.46764346764346765,0.16845703125
0.8089356277140242,[],int8_c128_key_h,0,False,0.8089356277140242,qwen,aime26_11,aime26_11,19,0.0034305317324184736,0.0,0.04842259721203224,1,8192,4096,4096,15,8579,0,0.7283166381627169,0.3304029304029304,0.111572265625
0.8846973440985858,[],int8_c128_key_h,0,False,0.9179565917701531,qwen,aime26_11,aime26_11,45,0.02714932126696834,0.003308418086018894,0.08515577275503972,1,16384,8192,8192,36,20823,0,0.7298815484186103,0.34525698937858623,0.111328125
0.9490803109514083,[30],int8_c128_key_h,1,False,0.9490803109514083,qwen,aime26_11,aime26_11,93,0.018877145824424235,0.0005503577325260967,0.09397325517494048,1,32768,16384,16384,57,46562,0,0.6694951468164336,0.29744247085393394,0.08544921875
0.769503548892539,[],int8_c128_key_h,0,False,0.769503548892539,qwen,aime26_11,aime26_11,0,0.0,0.0,0.009316770186335366,1,33097,32768,329,0,596,-1,0.8190184049079755,0.4878048780487805,0.182370820668693
,[462],int8_c128_key_h,0,False,,qwen,aime26_13,aime26_13,28,0.02817936780200936,0.002706027060270566,0.1499144044998777,1,4096,0,4096,14,8228,0,0.5880772049841192,0.27521367521367524,0.10009765625
0.9028349886230134,"[1, 443, 0]",int8_c128_key_h,0,False,0.9028349886230134,qwen,aime26_13,aime26_13,44,0.026464101935800066,0.0,0.13744191733920275,1,8192,4096,4096,23,8753,0,0.5734180307842658,0.2725274725274725,0.097900390625
0.8137749582453033,"[0, 0]",int8_c128_key_h,0,False,0.8729088696118416,qwen,aime26_13,aime26_13,75,0.028494557906322604,0.0037985540987623967,0.15345143555284058,1,16384,8192,8192,56,18375,0,0.5738185370619123,0.2479550726407032,0.0863037109375
0.9121313091353124,"[0, 0, 503, 443, 19, 0]",int8_c128_key_h,4,False,0.9121313091353124,qwen,aime26_13,aime26_13,146,0.040992119249801506,0.0037302024093438524,0.16694144226659335,1,32768,16384,16384,75,35501,-4,0.5268909102008424,0.20063480437038395,0.0596923828125
0.6447940834120769,"[443, 1, 40]",int8_c128_key_h,1,False,0.6447940834120769,qwen,aime26_13,aime26_13,37,0.6398360512775791,0.600995546240503,0.7080610021786493,1,44250,32768,11482,47,24078,-50,0.1913929784824462,0.09049734343698285,0.0334436509318934
,[],int8_c128_key_h,2,False,,qwen,aime26_15,aime26_15,24,0.005145797598627766,0.0,0.060650525800929334,1,4096,0,4096,29,12177,0,0.7710725629122893,0.4432234432234432,0.16064453125
0.9217240000194583,[],int8_c128_key_h,0,False,0.9217240000194583,qwen,aime26_15,aime26_15,39,0.000980151923548167,0.0,0.021032037172902918,1,8192,4096,4096,26,11777,0,0.821402394331786,0.4673992673992674,0.1640625
0.9405245780628761,"[1, 1, 3, 3]",int8_c128_key_h,4,False,0.9405245780628761,qwen,aime26_15,aime26_15,80,0.0004891769597652473,0.0,0.03750763591936468,1,16384,8192,8192,50,24205,0,0.7267065575772378,0.33658893907947746,0.1051025390625
0.9710456353969776,"[3, 3, 1, 1, 1, 2, 2, 1, 3, 5]",int8_c128_key_h,8,False,0.9710456353969776,qwen,aime26_15,aime26_15,192,0.0028101899932799768,0.0,0.08963790682054096,1,32768,16384,16384,147,47132,-5,0.5925157194310482,0.23567112250503572,0.064697265625
0.4114006347982508,"[2, 2]",int8_c128_key_h,8,False,0.48659092561351075,qwen,aime26_15,aime26_15,19,0.5202074778474173,0.5185426154847105,0.5391585760517799,1,37410,32768,4642,76,11364,-2,0.35568010347057555,0.19478560655031243,0.07432141318397242
,[],int8_c128_key_h,0,False,,qwen,aime26_17,aime26_17,21,0.0046557216368536825,0.0,0.08926387869894836,1,4096,0,4096,21,12530,0,0.6767652088932323,0.40463980463980465,0.154052734375
0.7868043601828709,[0],int8_c128_key_h,0,False,0.7868043601828709,qwen,aime26_17,aime26_17,25,0.0024503798088704176,0.0,0.06896551724137934,1,8192,4096,4096,23,12526,0,0.6586855607134131,0.34725274725274724,0.128662109375
0.8668621728929559,[],int8_c128_key_h,0,False,0.8668621728929559,qwen,aime26_17,aime26_17,59,0.01565366271248625,0.0012253400318588126,0.0983506414172266,1,16384,8192,8192,48,27311,0,0.6275491513005251,0.31534611158588693,0.1087646484375
0.8912374160236267,[2],int8_c128_key_h,2,False,0.8912374160236267,qwen,aime26_17,aime26_17,89,0.019976785387012086,0.00030575429584789315,0.10239970690602673,1,32768,16384,16384,103,54594,-1,0.6099749710029913,0.26997497405847526,0.0751953125
0.9363103614587425,[],int8_c128_key_h,1,False,0.9363103614587425,qwen,aime26_17,aime26_17,110,0.005681471073370359,0.0,0.10667399401599809,1,49152,32768,16384,176,54359,-89,0.5820767962883829,0.27656717328938535,0.0933837890625
0.9137062503002531,"[3, 243]",int8_c128_key_h,3,True,0.9137062503002531,qwen,aime26_17,aime26_17,17,0.007355194606190607,0.0,0.09599510852950166,1,52430,49152,3278,41,7403,-15,0.6748091603053435,0.3695453158376564,0.15436241610738255
,"[0, 0]",int8_c128_key_h,0,False,,qwen,aime26_19,aime26_19,46,0.020583190394511175,0.0007380073800737907,0.13108339447297623,1,4096,0,4096,17,9073,0,0.6296115318837039,0.30036630036630035,0.105712890625
0.9542510474442261,"[10, 10]",int8_c128_key_h,0,False,0.9542510474442261,qwen,aime26_19,aime26_19,56,0.008086253369272267,0.0,0.074345805820494,1,8192,4096,4096,24,9133,0,0.6958221353530418,0.31355311355311355,0.111572265625
0.9627741695850166,[10],int8_c128_key_h,0,False,0.9627741695850166,qwen,aime26_19,aime26_19,99,0.013696954873425482,0.0,0.09224190592547343,1,16384,8192,8192,46,18580,0,0.650506777384296,0.2726162861677451,0.089111328125
0.9864250276359939,"[279, 10, 10]",int8_c128_key_h,4,True,0.9864250276359939,qwen,aime26_19,aime26_19,33,0.015952455426962775,0.0,0.10296411856474263,1,19596,16384,3212,6,7598,-1,0.6780928638205048,0.33727810650887574,0.12515566625155666
,[],int8_c128_key_h,1,False,,qwen,aime26_21,aime26_21,33,0.01274197500612595,0.0,0.0877965272682808,1,4096,0,4096,21,10586,0,0.7195211336428048,0.38046398046398044,0.13671875
0.8909785577230073,[],int8_c128_key_h,0,False,0.8909785577230073,qwen,aime26_21,aime26_21,41,0.021808380298946384,0.0,0.09195402298850575,1,8192,4096,4096,13,10992,0,0.6909357439530907,0.3443223443223443,0.122314453125
0.9292199189401205,[41],int8_c128_key_h,0,False,0.9292199189401205,qwen,aime26_21,aime26_21,68,0.03228567934450288,0.003185884082832935,0.10849114233353696,1,16384,8192,8192,41,21600,0,0.6351202833068751,0.29776584055670857,0.0960693359375
0.9784271932280344,"[41, 50, 50]",int8_c128_key_h,3,True,0.9784271932280344,qwen,aime26_21,aime26_21,139,0.026757896022970296,0.0028740903809698626,0.12639677596629417,1,32768,16384,16384,85,44286,-2,0.5891581710518283,0.25935420863089786,0.07666015625
0.7423309464898539,"[41, 50]",int8_c128_key_h,0,True,0.7864081716865822,qwen,aime26_21,aime26_21,2,0.0035242290748899174,0.0,0.06911636045494318,1,33918,32768,1150,0,1695,-2,0.7768090671316478,0.4908616187989556,0.2234782608695652
,[2],int8_c128_key_h,0,False,,qwen,aime26_23,aime26_23,41,0.022053418279833426,0.0,0.11225238444607488,1,4096,0,4096,10,8963,0,0.6552650867334473,0.31233211233211233,0.109375
0.7806803752556368,[],int8_c128_key_h,0,False,0.7806803752556368,qwen,aime26_23,aime26_23,25,0.04827248223474634,0.007626076260762615,0.15749572022499392,1,8192,4096,4096,18,7128,0,0.5763498656242365,0.25006105006105006,0.084716796875
0.8979864285661902,"[10, 10]",int8_c128_key_h,0,False,0.8979864285661902,qwen,aime26_23,aime26_23,81,0.016876605111899257,0.0,0.10445937690897988,1,16384,8192,8192,39,18112,0,0.6335327878861888,0.2795751434501282,0.09130859375
0.9709849282583288,"[10, 1, 10, 245, 245, 245, 245]",int8_c128_key_h,1,True,0.9709849282583288,qwen,aime26_23,aime26_23,105,0.03674581549240952,0.002728193935614631,0.1454135221349101,1,29244,16384,12860,51,25353,-1,0.5585284280936454,0.21525779609611945,0.0671850699844479
,"[2, 0]",int8_c128_key_h,0,False,,qwen,aime26_25,aime26_25,48,0.0046557216368536825,0.0,0.0723893372462705,1,4096,0,4096,19,9854,0,0.7053505985829465,0.34847374847374846,0.1162109375
0.9350323239421843,[0],int8_c128_key_h,0,False,0.9350323239421843,qwen,aime26_25,aime26_25,46,0.0034305317324184736,0.0,0.03912937148447049,1,8192,4096,4096,19,11207,0,0.7498167603225019,0.36923076923076925,0.130615234375
0.9516417256669568,[],int8_c128_key_h,0,False,0.9764634013592993,qwen,aime26_25,aime26_25,79,0.011617952794423347,0.0,0.07416004886988392,1,16384,8192,8192,41,19631,0,0.6750518988887532,0.2956903918935417,0.094482421875
0.980266449972097,"[850, 2, 0, 1, 850]",int8_c128_key_h,1,True,0.980266449972097,qwen,aime26_25,aime26_25,62,0.013625685199686766,0.0,0.06335053965274517,1,22784,16384,6400,26,15021,-1,0.6850085977802095,0.2978590404750742,0.104375
,[],int8_c128_key_h,0,False,,qwen,aime26_27,aime26_27,43,0.0213183043371723,0.006642066420664228,0.09048667155783807,1,4096,0,4096,15,10172,0,0.6777424871732226,0.347008547008547,0.122314453125
0.8974274896508896,[0],int8_c128_key_h,0,False,0.8974274896508896,qwen,aime26_27,aime26_27,20,0.005145797598627766,0.0,0.07165566153093661,1,8192,4096,4096,20,8860,0,0.7004642071829954,0.33650793650793653,0.116943359375
0.9299891744541662,[0],int8_c128_key_h,0,False,0.9299891744541662,qwen,aime26_27,aime26_27,66,0.013207777913660235,0.0,0.10079413561392792,1,16384,8192,8192,57,16750,0,0.6290145316888509,0.2568672933707728,0.0794677734375
0.9338672600137052,"[10, 18, 0, 223, 223]",int8_c128_key_h,1,True,0.9472062973887203,qwen,aime26_27,aime26_27,66,0.0236451338314575,0.0011366865586814878,0.12938285606275401,1,26972,16384,10588,58,21433,-1,0.5919697685403873,0.24048361197695287,0.07546278806195693
,[12],int8_c128_key_h,0,False,,qwen,aime26_29,aime26_29,27,0.024503798088703732,0.0,0.13279530447542187,1,4096,0,4096,17,10536,0,0.6305888101636941,0.337973137973138,0.1318359375
0.9512587841906797,[1],int8_c128_key_h,0,False,0.9512587841906797,qwen,aime26_29,aime26_29,32,0.020583190394511175,0.0,0.10467106872095866,1,8192,4096,4096,23,11018,0,0.6845834351331541,0.3572649572649573,0.126220703125
0.8468778539580842,[6],int8_c128_key_h,0,False,0.8468778539580842,qwen,aime26_29,aime26_29,56,0.008071419836125693,0.0,0.06548564447159433,1,16384,8192,8192,41,20387,0,0.6997191354255708,0.3070443169332194,0.092529296875
0.94973881309482,[157],int8_c128_key_h,2,True,0.94973881309482,qwen,aime26_29,aime26_29,95,0.01631132017838599,0.0,0.10588019783843194,1,32768,16384,16384,91,38291,-3,0.5872657346926317,0.2252945126045291,0.05926513671875
0.786783830183091,"[157, 157]",int8_c128_key_h,2,True,0.8865177849208528,qwen,aime26_29,aime26_29,16,0.02953953084274541,0.0021872265966753623,0.09567099567099568,1,35085,32768,2317,43,6262,0,0.6996542783059637,0.38385146804835923,0.14372032801035822
,[252],int8_c128_key_h,0,False,,qwen,aime26_01,aime26_01,29,0.010291595197255532,0.0,0.11543164587918808,2,4096,0,4096,14,8873,0,0.6232592230637674,0.2874236874236874,0.102294921875
0.9140807467277338,[277],int8_c128_key_h,1,True,0.9140807467277338,qwen,aime26_01,aime26_01,15,0.019603038470963008,0.0002460024600245969,0.11029591587185128,2,8192,4096,4096,14,8593,0,0.6457366235035427,0.3172161172161172,0.1181640625
0.8872486355543258,"[1, 2, 277]",int8_c128_key_h,0,True,0.9194848761711468,qwen,aime26_01,aime26_01,6,0.0,0.0,0.06803455723542118,2,9125,8192,933,1,2171,-1,0.7344086021505376,0.4259656652360515,0.18220793140407288
,[],int8_c128_key_h,0,False,,qwen,aime26_03,aime26_03,38,0.013722126929674117,0.0,0.08437270726338963,2,4096,0,4096,23,13696,0,0.6999755680430002,0.36996336996337,0.136474609375
0.9411730759488339,[2],int8_c128_key_h,1,False,0.9411730759488339,qwen,aime26_03,aime26_03,30,0.0183778485665278,0.006396063960639631,0.074345805820494,2,8192,4096,4096,17,12879,0,0.7432201319325678,0.41147741147741146,0.150390625
0.9816776050203433,[1],int8_c128_key_h,3,False,0.9816776050203433,qwen,aime26_03,aime26_03,69,0.014675308792955866,0.0,0.10006108735491748,2,16384,8192,8192,47,25458,0,0.6588105995848089,0.3310951043828592,0.1085205078125
0.9305705018180912,"[79, 2, 0, 2, 29]",int8_c128_key_h,2,True,0.9539095242650846,qwen,aime26_03,aime26_03,21,0.00657439446366781,0.0,0.06901311249137332,2,19289,16384,2905,8,8412,-1,0.766368022053756,0.4404269972451791,0.16282271944922547
,[-1],int8_c128_key_h,0,False,,qwen,aime26_05,aime26_05,35,0.027444253859348233,0.002460024600245969,0.10907312301296157,2,4096,0,4096,20,10799,0,0.6523332518934767,0.31916971916971915,0.114501953125
0.9569696323002125,[],int8_c128_key_h,0,False,0.9569696323002125,qwen,aime26_05,aime26_05,31,0.020338152413624133,0.0073800738007380184,0.1012472487160675,2,8192,4096,4096,20,10011,0,0.6481798192035182,0.31526251526251525,0.119873046875
0.8582652811784659,[1],int8_c128_key_h,1,False,0.8616434692685954,qwen,aime26_05,aime26_05,78,0.03803350862174393,0.002695748070089432,0.2164935858277337,2,16384,8192,8192,73,18752,-1,0.5031139333251924,0.22121841045049445,0.0743408203125
0.7623497909387943,"[-1, 29, 65]",int8_c128_key_h,0,True,0.8706629005487533,qwen,aime26_05,aime26_05,3,0.0013422818791946067,0.0,0.062416998671978696,2,17144,16384,760,0,1902,-1,0.7675033025099075,0.48221343873517786,0.2026315789473684
,[],int8_c128_key_h,0,False,,qwen,aime26_07,aime26_07,10,0.023278608184268523,0.0009840098400983877,0.1614086573734409,2,4096,0,4096,13,9189,0,0.5827021744441729,0.3013431013431013,0.10986328125
0.9029467989220776,"[120, 40, 120, 40, 15, 45, 15, 1, 120, 40, 120, 40, 15, 45, 15, 1]",int8_c128_key_h,0,False,0.9029467989220776,qwen,aime26_07,aime26_07,18,0.036265621171281515,0.0041820418204182586,0.12521398875030565,2,8192,4096,4096,16,8758,0,0.6489127779135109,0.32503052503052504,0.12353515625
0.9206240618556389,"[45, 1, 6, 120, 40, 120, 40, 15, 45, 15, 1, 45, 1, 396]",int8_c128_key_h,1,True,0.9343010795424231,qwen,aime26_07,aime26_07,54,0.011251070074599467,0.0,0.11423335369578502,2,16384,8192,8192,31,20675,0,0.6183905238734888,0.2865340007325113,0.09326171875
0.931629715401803,"[120, 40, 120, 40, 15, 45, 15, 1, 396, 6, 6, 1, 396]",int8_c128_key_h,2,True,0.9493485552662322,qwen,aime26_07,aime26_07,16,0.012677679600460956,0.0,0.10340865568747604,2,19002,16384,2618,7,6138,-1,0.6959847036328872,0.38211692777990064,0.14514896867838045
,[],int8_c128_key_h,0,False,,qwen,aime26_09,aime26_09,34,0.0046557216368536825,0.0,0.06211787723159701,2,4096,0,4096,26,12583,0,0.7771805521622281,0.42002442002442003,0.145263671875
0.9506112638686393,"[1, 1]",int8_c128_key_h,0,False,0.9506112638686393,qwen,aime26_09,aime26_09,43,0.01151678510169074,0.0,0.0858400586940572,2,8192,4096,4096,29,11076,-1,0.7026630833129733,0.3367521367521368,0.111083984375
0.9011612435761016,"[3, 6]",int8_c128_key_h,0,False,0.9011612435761016,qwen,aime26_09,aime26_09,86,0.01785495903142964,0.0,0.11203420891875382,2,16384,8192,8192,44,23512,0,0.6306020271095372,0.26724453668660725,0.080810546875
0.6932112029769842,"[3, 3, 3, 3, 3, 3, 3, 3, 3, 3, 3, 3, 3, 3, 3, 3, 3, 3, 3, 3, 3, 3, 3, 3, 3, 3, 3, 3, 3, 3, 3, 3, 3, 3, 3, 3, 3, 3, 3, 3, 3, 3, 3, 3, 3, 3, 3, 3, 3, 3, 3, 3, 3, 3, 3, 3, 3, 3, 3, 3, 3, 3, 3, 3, 3, 3, 3, 3, 3, 3, 3, 3, 3, 3, 3, 3, 3, 3, 3, 3, 3, 3, 3, 3, 3, 3, 3, 3, 3, 3, 3, 3, 3, 3, 3, 3, 3, 3, 3, 3, 3, 3, 3, 3, 3, 3, 3, 3, 3, 3, 3, 3, 3, 3, 3, 3, 3, 3, 3, 3, 3, 3, 3, 3, 3, 3, 3, 3, 3, 3, 3, 3, 3, 3, 3, 3, 3, 3, 3, 3, 3, 3, 3, 3, 3, 3, 3, 3, 3, 3, 3, 3, 3, 3, 3, 3, 3, 3, 3, 3, 3, 3, 3, 3, 3, 3, 3, 3, 3, 3, 3, 3, 3, 3, 3, 3, 3, 3, 3, 3, 3, 3, 3, 3, 3, 3, 3, 3, 3, 3, 3, 3, 3, 3, 3, 3, 3, 3, 3, 3, 3, 3, 3, 3, 3, 3, 3, 3, 3, 3, 3, 3, 3, 3, 3, 3, 3, 3, 3, 3, 3, 3, 3, 3, 3, 3, 3, 3, 3, 3, 3, 3, 3, 3, 3, 3, 3, 3, 3, 3, 3, 3, 3, 3, 3, 3, 3, 3, 3, 3, 3, 3, 3, 3, 3, 3, 3, 3, 3, 3, 3, 3, 3, 3, 3, 3, 3, 3, 3, 3, 3, 3, 3, 3, 3, 3, 3, 3, 3, 3, 3, 3, 3, 3, 3, 3, 3, 3, 3, 3, 3, 3, 3, 3, 3, 3, 3, 3, 3, 3, 3, 3, 3, 3, 3, 3, 3, 3, 3, 3, 3, 3, 3, 3, 3, 3, 3, 3, 3, 3, 3, 3, 3, 3, 3, 3, 3, 3, 3, 3, 3, 3, 3, 3, 3, 3, 3, 3, 3, 3, 3, 3, 3, 3, 3, 3, 3, 3, 3, 3, 3, 3, 3, 3, 3, 3, 3, 3, 3, 3, 3, 3, 3, 3, 3, 3, 3, 3, 3, 3, 3, 3, 3, 3, 3, 3, 3, 3, 3, 3, 3, 3, 3, 3, 3, 3, 3, 3, 3, 3, 3, 3, 3, 3, 3, 3, 3, 3]",int8_c128_key_h,818,False,0.7351543726548515,qwen,aime26_09,aime26_09,106,0.3697843484635591,0.32232617868281044,0.44727361543628263,2,32768,16384,16384,618,75216,0,0.36163848360905926,0.1454556552523958,0.0418701171875
0.8598840112977627,"[3, 3, 3, 3, 3, 3, 3, 3, 3, 3, 3, 3, 3, 3, 3, 3, 3, 3, 3, 3, 3, 3, 3, 3, 3, 3, 3, 3, 3, 3, 3, 3, 3, 3, 3, 3, 3, 3, 3, 3, 3, 3, 3, 3, 3, 3, 3, 3, 3, 3, 3, 3, 3, 3, 3, 3]",int8_c128_key_h,114,False,0.8598840112977627,qwen,aime26_09,aime26_09,1,0.8205714285714285,0.7846332945285215,0.8527746319365799,2,33658,32768,890,56,4753,-1,0.12063134160090191,0.09111361079865017,0.051685393258426963
,[],int8_c128_key_h,0,False,,qwen,aime26_11,aime26_11,13,0.03406027934329825,0.00811808118081181,0.11885546588407925,2,4096,0,4096,22,10953,0,0.6972880527730271,0.39194139194139194,0.13818359375
0.785256915293678,[63],int8_c128_key_h,0,False,0.785256915293678,qwen,aime26_11,aime26_11,29,0.0071061014457241,0.0,0.05306921007581311,2,8192,4096,4096,19,11161,0,0.7720498411922795,0.4129426129426129,0.139892578125
0.7333249259949478,[],int8_c128_key_h,0,False,0.7333249259949478,qwen,aime26_11,aime26_11,48,0.019200195670783904,0.005636564146550671,0.10177153329260846,2,16384,8192,8192,45,18585,0,0.66919037733545,0.3013063118056403,0.0909423828125
0.9482058850909704,"[2, 5588, 5588, -1692]",int8_c128_key_h,1,False,0.9482058850909704,qwen,aime26_11,aime26_11,96,0.026024802981244988,0.005258973888583096,0.11174207730353547,2,32768,16384,16384,84,37832,-1,0.6436115011293572,0.2589879753402918,0.069580078125
0.9812880503073481,"[896, 896, 2]",int8_c128_key_h,1,True,0.9812880503073481,qwen,aime26_11,aime26_11,63,0.022258195062727637,0.005168220510741839,0.10099069955519613,2,42667,32768,9899,44,24741,-1,0.6927041228779305,0.32046878157203473,0.09213051823416507
,[-1],int8_c128_key_h,0,False,,qwen,aime26_13,aime26_13,29,0.0438617985787797,0.0007380073800737907,0.20298361457569092,2,4096,0,4096,24,8878,0,0.5568043000244319,0.27912087912087913,0.10595703125
0.9219762121956415,"[1, 1, 0]",int8_c128_key_h,0,False,0.9219762121956415,qwen,aime26_13,aime26_13,34,0.047782406272972255,0.0044280442804428555,0.1851308388359012,2,8192,4096,4096,18,7976,0,0.5568043000244319,0.26324786324786326,0.092529296875
0.9266330278850834,"[0, 0]",int8_c128_key_h,1,False,0.9266330278850834,qwen,aime26_13,aime26_13,63,0.04683869389751738,0.0011028060286729646,0.19767868051313375,2,16384,8192,8192,44,17595,0,0.5130052509463915,0.22512513734586742,0.07666015625
0.8037240689430701,"[462, 500, 500, 500]",int8_c128_key_h,0,False,0.8037240689430701,qwen,aime26_13,aime26_13,121,0.1907874641089865,0.13337002384883512,0.36050558710386515,2,32768,16384,16384,326,33316,0,0.3453391123863012,0.13538423976072758,0.04229736328125
0.1348993398751503,[],int8_c128_key_h,0,False,0.1348993398751503,qwen,aime26_13,aime26_13,0,0.9020094269412057,0.8665006226650063,0.9433027977222085,2,36814,32768,4046,85,5520,-2,0.03339104625278259,0.018788627935723116,0.009391992090954029
,[],int8_c128_key_h,0,False,,qwen,aime26_15,aime26_15,26,0.003185493751531432,0.0,0.04499877720714107,2,4096,0,4096,23,11909,0,0.7891522110921084,0.43101343101343104,0.148681640625
0.940255115413485,[],int8_c128_key_h,0,False,0.940255115413485,qwen,aime26_15,aime26_15,21,0.0056358735604018495,0.0,0.0640743458058205,2,8192,4096,4096,20,11483,-1,0.7456633276325434,0.389010989010989,0.1376953125
0.9664974024547469,"[1, 1]",int8_c128_key_h,5,False,0.9664974024547469,qwen,aime26_15,aime26_15,45,0.004035709918062902,0.0,0.05522296884544897,2,16384,8192,8192,40,21806,-1,0.7127854438881426,0.3375656208033207,0.1092529296875
0.9577443153429168,"[2, 10, 1, 1]",int8_c128_key_h,9,False,0.9577443153429168,qwen,aime26_15,aime26_15,103,0.0018327326043130476,0.0,0.05373389509678206,2,32768,16384,16384,83,42158,-4,0.6762102435748734,0.3195385460538363,0.1119384765625
0.9312652899994136,"[2, 1, 1, 1, 0, 1, 1, 1, 1, 1, 1, 0, 1, 1, 2, 1]",int8_c128_key_h,36,False,0.9312652899994136,qwen,aime26_15,aime26_15,159,0.0020160058647443746,0.0,0.040605727544727355,2,49152,32768,16384,80,52203,0,0.7459251571943105,0.34236708783495085,0.0931396484375
0.9646171328748293,"[2, 0, 1, 1, 1, 2, 8, 1, 1]",int8_c128_key_h,8,False,0.9646171328748293,qwen,aime26_15,aime26_15,75,0.0023122794207131037,0.0,0.0481458966565349,2,57384,49152,8232,30,26010,-1,0.7665572973629846,0.40736241039970844,0.12293488824101069
,[],int8_c128_key_h,0,False,,qwen,aime26_17,aime26_17,20,0.009311443273707476,0.0009840098400983877,0.0858400586940572,2,4096,0,4096,21,12776,0,0.6904471048130956,0.398046398046398,0.145263671875
0.9207924085890117,[],int8_c128_key_h,0,False,0.9207924085890117,qwen,aime26_17,aime26_17,24,0.0024503798088704176,0.0,0.08510638297872342,2,8192,4096,4096,25,12905,0,0.6469582213535304,0.3575091575091575,0.135986328125
0.9481304670966896,[],int8_c128_key_h,0,False,0.9481304670966896,qwen,aime26_17,aime26_17,44,0.0092943622355387,0.0,0.08747709224190592,2,16384,8192,8192,67,27044,0,0.6168030284528025,0.3208399462825052,0.1044921875
0.9021918486062248,"[10, 1]",int8_c128_key_h,2,False,0.9021918486062248,qwen,aime26_17,aime26_17,95,0.014173132140020805,0.0005503577325260967,0.13262502289796663,2,32768,16384,16384,98,55374,0,0.530797875587571,0.22840749557468107,0.06494140625
0.7289240806883623,[],int8_c128_key_h,0,False,0.7289240806883623,qwen,aime26_17,aime26_17,69,0.20752642189504555,0.1884669479606188,0.29858948525370943,2,49152,32768,16384,109,66216,0,0.4622428423173188,0.22328022950619544,0.0772705078125
0.4123917772069333,[],int8_c128_key_h,0,False,0.4123917772069333,qwen,aime26_17,aime26_17,0,0.9683867968386797,0.9608026131591227,0.9723897911832947,2,53469,49152,4317,0,7226,-2,0.021094112192860455,0.014828544949026877,0.009728978457261988
,[10],int8_c128_key_h,0,False,,qwen,aime26_19,aime26_19,49,0.011761823082577783,0.0,0.08926387869894836,2,4096,0,4096,16,8931,0,0.6613730759833862,0.3035409035409035,0.1044921875
0.949160139053721,"[10, 10, 10, 0, 10, 0]",int8_c128_key_h,0,False,0.949160139053721,qwen,aime26_19,aime26_19,50,0.030874785591766707,0.0009840098400983877,0.16238689166055276,2,8192,4096,4096,16,9232,0,0.6105546054238945,0.28717948717948716,0.10791015625
0.9687973656525712,"[9, 10, 279, 72, 10]",int8_c128_key_h,2,True,0.9687973656525712,qwen,aime26_19,aime26_19,97,0.019567078390607784,0.0012253400318588126,0.08955406230910201,2,16384,8192,8192,33,18813,0,0.6439125656368299,0.2685874740568917,0.091552734375
0.9162582478145664,"[9, 90, 10]",int8_c128_key_h,0,False,0.952819719724837,qwen,aime26_19,aime26_19,12,0.00324324324324321,0.0,0.06109324758842438,2,17324,16384,940,1,2051,-1,0.7481323372465315,0.422790202342918,0.1723404255319149
,[],int8_c128_key_h,0,False,,qwen,aime26_21,aime26_21,40,0.010291595197255532,0.0,0.08192712154561022,2,4096,0,4096,15,10545,0,0.6916687026630833,0.3487179487179487,0.12158203125
0.9607282012971471,"[0, -1, 4]",int8_c128_key_h,0,False,0.9607282012971471,qwen,aime26_21,aime26_21,38,0.000980151923548167,0.0,0.058204940083149914,2,8192,4096,4096,28,10556,0,0.7031517224529685,0.3545787545787546,0.131591796875
0.9232184866822204,"[41, 4, 9]",int8_c128_key_h,0,False,0.9232184866822204,qwen,aime26_21,aime26_21,95,0.019200195670783904,0.0002450680063718069,0.10189370800244346,2,16384,8192,8192,49,19662,0,0.6364635486628404,0.2934928580148944,0.09375
0.9490850071108119,"[50, 9]",int8_c128_key_h,3,True,0.9702047762260771,qwen,aime26_21,aime26_21,143,0.0055124029065397595,0.0,0.08446030553468575,2,32363,16384,15979,108,42653,-5,0.6313219829744617,0.26173488546751783,0.07459790975655547
,[],int8_c128_key_h,0,False,,qwen,aime26_23,aime26_23,27,0.022543494241607398,0.002460024600245969,0.12081193445830274,2,4096,0,4096,14,8959,0,0.6337649645736624,0.29133089133089135,0.099853515625
0.8889004572684275,[2],int8_c128_key_h,0,False,0.8889004572684275,qwen,aime26_23,aime26_23,27,0.03724577309482968,0.0041820418204182586,0.12863780875519693,2,8192,4096,4096,13,8087,0,0.6357195211336428,0.29645909645909646,0.1044921875
0.8976203347054258,"[2, 49]",int8_c128_key_h,0,False,0.8976203347054258,qwen,aime26_23,aime26_23,43,0.014675308792955866,0.0008577380223011577,0.09639584605986562,2,16384,8192,8192,35,15567,0,0.6014165343753816,0.238554511048712,0.0711669921875
0.9731125505101518,"[10, 245, 245]",int8_c128_key_h,1,True,0.9731125505101518,qwen,aime26_23,aime26_23,91,0.03554301833568407,0.0022600998210754453,0.14657521375552007,2,27034,16384,10650,81,20977,-1,0.5578097116558655,0.2224622030237581,0.06685446009389671
,[180],int8_c128_key_h,0,False,,qwen,aime26_25,aime26_25,43,0.003185493751531432,0.0,0.05796038151137195,2,4096,0,4096,19,12297,0,0.7107256291228927,0.35482295482295484,0.1337890625
0.6740825458090033,[],int8_c128_key_h,0,False,0.6740825458090033,qwen,aime26_25,aime26_25,38,0.01592746875765738,0.0,0.10344827586206895,2,8192,4096,4096,14,9298,0,0.6606401172733936,0.32551892551892553,0.111083984375
0.9632357767587576,"[2, 85]",int8_c128_key_h,0,False,0.9632357767587576,qwen,aime26_25,aime26_25,78,0.011495658554482091,0.0,0.0959071472205254,2,16384,8192,8192,57,18697,0,0.6433019904750275,0.27701135392503967,0.08984375
0.9640771197216591,[0],int8_c128_key_h,1,False,0.9752227400317766,qwen,aime26_25,aime26_25,78,0.03689676237018935,0.005998286203941716,0.15220310020749417,2,24584,16384,8200,47,18164,-2,0.591801878736123,0.25466520307354557,0.08378048780487805
,[],int8_c128_key_h,0,False,,qwen,aime26_27,aime26_27,25,0.016662582700318507,0.0004920049200491938,0.08877476155539255,2,4096,0,4096,20,9782,0,0.7002198876129978,0.36043956043956044,0.130126953125
0.9074057169556383,[],int8_c128_key_h,0,False,0.9074057169556383,qwen,aime26_27,aime26_27,26,0.01862288654741484,0.0,0.09146490584494982,2,8192,4096,4096,23,8563,0,0.6931346200830687,0.3338217338217338,0.11962890625
0.9326752000287322,"[5, 1]",int8_c128_key_h,0,False,0.9572517648802998,qwen,aime26_27,aime26_27,58,0.01528677999266237,0.0018380100477882744,0.0890653634697618,2,16384,8192,8192,33,18316,0,0.6425693002808646,0.2773776095714809,0.089599609375
0.9631738248230071,"[10, 2, 5, 223, 223, 223, 0, 223]",int8_c128_key_h,4,True,0.9689297499739824,qwen,aime26_27,aime26_27,71,0.025521207764198417,0.0019798416126709517,0.10704022988505746,2,27527,16384,11143,42,25003,-1,0.6447935368043088,0.2785855322204272,0.0879475904155075
,[],int8_c128_key_h,0,False,,qwen,aime26_29,aime26_29,28,0.012251899044351866,0.0,0.10271460014673517,2,4096,0,4096,22,11419,0,0.683606156853164,0.36800976800976803,0.138916015625
0.9236143111473939,[],int8_c128_key_h,0,False,0.9236143111473939,qwen,aime26_29,aime26_29,25,0.009066405292820434,0.0,0.09219858156028371,2,8192,4096,4096,28,10724,0,0.6738333740532617,0.34627594627594627,0.128662109375
0.9437665252236974,[],int8_c128_key_h,0,False,0.9437665252236974,qwen,aime26_29,aime26_29,70,0.008682891035832196,0.0,0.08417837507635917,2,16384,8192,8192,56,19806,3,0.650018317254854,0.2890977902575998,0.0924072265625
0.8803389294962154,[6],int8_c128_key_h,1,False,0.8803389294962154,qwen,aime26_29,aime26_29,208,0.007086566070010347,0.0,0.09073700922024786,2,32768,16384,16384,164,42827,-25,0.6125999633721995,0.25086980406518955,0.0704345703125
0.844686855517164,"[16, 16]",int8_c128_key_h,11,False,0.844686855517164,qwen,aime26_29,aime26_29,291,0.029644575508303572,0.0002331002331001919,0.19598262757871876,2,45669,32768,12901,222,33862,-28,0.4513102806636688,0.18767441860465117,0.058367568405549956
,[],int8_c128_key_h,0,False,,qwen,aime26_02,aime26_02,43,0.004410683655966641,0.0,0.06162876008804108,1,4096,0,4096,16,10708,0,0.7361348644026386,0.37216117216117217,0.13037109375
0.9414210377263452,[13],int8_c128_key_h,0,False,0.9414210377263452,qwen,aime26_02,aime26_02,54,0.009066405292820434,0.0,0.061384201516263115,1,8192,4096,4096,28,11450,0,0.7520156364524798,0.3772893772893773,0.123779296875
0.8823587968727331,"[62, 3]",int8_c128_key_h,2,True,0.8823587968727331,qwen,aime26_02,aime26_02,79,0.017977253271370897,0.0,0.10433720219914477,1,16384,8192,8192,61,19587,0,0.6009280742459396,0.2550360151385667,0.0765380859375
0.9674834769605862,"[32, 16, 8, 4, 2, 62, 62]",int8_c128_key_h,1,True,0.9674834769605862,qwen,aime26_02,aime26_02,64,0.005342831700801409,0.0,0.04951082122739403,1,23137,16384,6753,32,15578,-3,0.6832592592592592,0.2843601895734597,0.08322227158300015
,[],int8_c128_key_h,0,False,,qwen,aime26_04,aime26_04,68,0.004410683655966641,0.0,0.057715822939593986,1,4096,0,4096,26,10945,0,0.7038846811629611,0.33455433455433453,0.114990234375
0.8066852444298788,[],int8_c128_key_h,0,False,0.8066852444298788,qwen,aime26_04,aime26_04,57,0.03308012741975008,0.01845018450184499,0.10662753729518215,1,8192,4096,4096,34,9330,0,0.6826288785731737,0.32844932844932845,0.109375
0.9698589379988698,[97],int8_c128_key_h,1,False,0.9698589379988698,qwen,aime26_04,aime26_04,86,0.03729974318209617,0.02144345055752972,0.11056811240073305,1,16384,8192,8192,50,18148,0,0.6487971669312492,0.26468074716151874,0.0792236328125
0.9765472605120413,"[70, 100, 26, 70]",int8_c128_key_h,2,True,0.9810372784822409,qwen,aime26_04,aime26_04,67,0.02162806539509532,0.010758196721311508,0.09778911564625847,1,22271,16384,5887,37,13891,-1,0.6954452753229096,0.31753312945973494,0.09971122812977748
,[],int8_c128_key_h,0,False,,qwen,aime26_06,aime26_06,37,0.05831903945111494,0.0,0.24944974321349966,1,4096,0,4096,21,8137,0,0.5211336428047887,0.27472527472527475,0.10009765625
0.8418109290519192,"[0, 2026, 441]",int8_c128_key_h,2,True,0.8418109290519192,qwen,aime26_06,aime26_06,35,0.02303357020338148,0.0009840098400983877,0.15578381022254828,1,8192,4096,4096,19,8274,0,0.5922306376740777,0.2622710622710623,0.093505859375
0.986031296844877,"[2, 441, 2, 0, 441, 0, 1013, 441]",int8_c128_key_h,3,True,0.986031296844877,qwen,aime26_06,aime26_06,78,0.023830877642536885,0.0,0.16677332650710353,1,16012,8192,7820,35,16046,-1,0.5690162466419343,0.24645095280726437,0.08324808184143223
,[2],int8_c128_key_h,0,False,,qwen,aime26_08,aime26_08,42,0.0367556971330556,0.0041820418204182586,0.1755930545365615,1,4096,0,4096,17,8663,0,0.5853896897141461,0.2771672771672772,0.09765625
0.9667412366031848,"[14580, 11664]",int8_c128_key_h,0,False,0.9667412366031848,qwen,aime26_08,aime26_08,46,0.029649595687331498,0.0004920049200491938,0.16360968451944236,1,8192,4096,4096,25,8308,0,0.5807476178841925,0.25811965811965815,0.0947265625
0.9819493462604104,"[14580, 26244, 17017, 244, 1, 12]",int8_c128_key_h,1,True,0.9819493462604104,qwen,aime26_08,aime26_08,74,0.017365782071664393,0.0,0.14001221747098347,1,16384,8192,8192,40,17344,0,0.5779704481621688,0.252716396044439,0.084228515625
0.9806203735291038,"[244, 26244, 244, 244, 17017, -1, 2]",int8_c128_key_h,2,True,0.9806203735291038,qwen,aime26_08,aime26_08,91,0.018623775547224608,0.00290803344238455,0.1594780717651323,1,24668,16384,8284,36,16885,-1,0.5237290182345128,0.21912350597609562,0.07653307580878803
,[],int8_c128_key_h,0,False,,qwen,aime26_10,aime26_10,25,0.010291595197255532,0.0012300123001229846,0.08021521154316458,1,4096,0,4096,19,11348,0,0.7246518446127534,0.3814407814407814,0.1376953125
0.8143499862647519,[],int8_c128_key_h,0,False,0.8143499862647519,qwen,aime26_10,aime26_10,35,0.006125949522175933,0.0014760147601475815,0.03301540719002205,1,8192,4096,4096,24,11008,0,0.7752259956022477,0.38705738705738707,0.14111328125
0.9196476315535964,"[90, 90]",int8_c128_key_h,0,False,0.9196476315535964,qwen,aime26_10,aime26_10,65,0.004402592637886782,0.0,0.06133170433720225,1,16384,8192,8192,59,21782,0,0.6794480400537306,0.30924185081186667,0.1005859375
0.9031147458164531,[],int8_c128_key_h,0,False,0.9031147458164531,qwen,aime26_10,aime26_10,122,0.03598265013134583,0.005014370451904893,0.17652805764181478,1,32768,16384,16384,124,35149,0,0.49526890910200844,0.18195690654947203,0.0555419921875
0.8980567044159623,"[38025, 41850, 19773, 38025, 41850, 19773, 155]",int8_c128_key_h,2,False,0.9071917361869037,qwen,aime26_10,aime26_10,49,0.011601832894608588,0.00019529342837609764,0.08981977593765222,1,43040,32768,10272,50,23868,-6,0.6547862498782744,0.27679875377275825,0.08450155763239875
,[],int8_c128_key_h,0,False,,qwen,aime26_12,aime26_12,27,0.005145797598627766,0.0,0.06798728295426759,1,4096,0,4096,29,12828,0,0.7505497190324945,0.4227106227106227,0.152099609375
0.6628168746487189,[],int8_c128_key_h,0,False,0.6628168746487189,qwen,aime26_12,aime26_12,21,0.008821367311933392,0.0,0.06994375152849108,1,8192,4096,4096,18,8663,0,0.6716344979232837,0.3120879120879121,0.101806640625
0.9169503310072371,[],int8_c128_key_h,0,False,0.9169503310072371,qwen,aime26_12,aime26_12,57,0.009905833435245204,0.0015929420414164674,0.0691508857666463,1,16384,8192,8192,48,19982,-1,0.7162046647942362,0.3415944329141741,0.1104736328125
0.805881693042161,"[124124, 124124, 124, 124124, 124, 124, 124, 124, 124, 124, 124, 124, 124, 124, 124, 124, 124, 124, 124, 124, 124, 124, 124, 124, 124, 124, 124, 124, 124, 124, 124, 124, 124, 124, 124, 124, 124, 124, 124, 124, 124, 124, 124, 124, 124, 12, 12, 124, 12, 12, 12, 12, 12, 12, 12, 12, 12, 12, 12, 12, 12, 12, 12, 12, 12, 12, 12, 12, 12, 12, 12, 12, 12, 12, 12, 12, 12, 12, 12, 12, 12, 12, 12, 12, 12, 12, 12, 12, 12, 12, 12, 11, 1, 1, 1]",int8_c128_key_h,1,False,0.805881693042161,qwen,aime26_12,aime26_12,46,0.22230675593426663,0.20383912248628888,0.306265206812652,1,29543,16384,13159,73,23450,-17,0.4700516874429918,0.1975984192126463,0.06185880386047572
,[],int8_c128_key_h,0,False,,qwen,aime26_14,aime26_14,18,0.026219063954913024,0.0,0.08021521154316458,1,4096,0,4096,15,9897,0,0.7270950403127291,0.35775335775335776,0.1279296875
0.9337742287498142,[2],int8_c128_key_h,0,False,0.9337742287498142,qwen,aime26_14,aime26_14,26,0.04876255819652042,0.002706027060270566,0.13695280019564682,1,8192,4096,4096,24,9545,0,0.6332763254336672,0.31916971916971915,0.11376953125
0.7629028991179353,[],int8_c128_key_h,0,False,0.7629028991179353,qwen,aime26_14,aime26_14,47,0.02421425950837719,0.00012253400318584795,0.1492974954184484,1,16384,8192,8192,47,18373,0,0.5928684821101478,0.27163960444390184,0.091552734375
0.9274818997712331,"[676, 681]",int8_c128_key_h,1,True,0.9274818997712331,qwen,aime26_14,aime26_14,113,0.027490989064695492,0.00012230171833915726,0.14331074067289495,1,32768,16384,16384,101,36807,0,0.5671204444173127,0.22028932429957884,0.064208984375
0.4830800207237981,[],int8_c128_key_h,0,False,0.4830800207237981,qwen,aime26_14,aime26_14,0,0.0,0.0,0.0,1,32818,32768,50,0,111,-1,0.9574468085106383,0.8163265306122449,0.58
,"[20, 1]",int8_c128_key_h,0,False,,qwen,aime26_16,aime26_16,52,0.01690762068120555,0.0007380073800737907,0.07459036439227196,1,4096,0,4096,15,10694,0,0.7139017835328609,0.3562881562881563,0.125732421875
0.9699408789089892,[13],int8_c128_key_h,0,False,0.9699408789089892,qwen,aime26_16,aime26_16,41,0.0012251899044352088,0.0,0.04108584005869409,1,8192,4096,4096,16,10573,0,0.7556804300024432,0.3684981684981685,0.128662109375
0.9686948054583268,"[1, 178]",int8_c128_key_h,0,True,0.9761345007952899,qwen,aime26_16,aime26_16,47,0.009719839908519101,0.0,0.06584205518553754,1,13454,8192,5262,19,13656,-1,0.7151549724282182,0.34594183615282265,0.11573546180159636
,[],int8_c128_key_h,0,False,,qwen,aime26_18,aime26_18,27,0.0014702278853222506,0.0,0.0423086329175838,1,4096,0,4096,11,11404,0,0.7527485951624725,0.39194139194139194,0.133544921875
0.9031565679755862,[],int8_c128_key_h,0,False,0.9031565679755862,qwen,aime26_18,aime26_18,16,0.0056358735604018495,0.0004920049200491938,0.05844949865492788,1,8192,4096,4096,20,10219,0,0.7510383581724897,0.40293040293040294,0.141357421875
0.9550816954649222,"[2, 14]",int8_c128_key_h,0,False,0.9550816954649222,qwen,aime26_18,aime26_18,77,0.002935061758591151,0.0,0.0581551618814905,1,16384,8192,8192,45,21551,-1,0.72475271705947,0.3564888292027835,0.1068115234375
0.9460130313459487,[164],int8_c128_key_h,0,False,0.9460130313459487,qwen,aime26_18,aime26_18,128,0.00635347302828515,0.0,0.05782499847346889,1,32768,16384,16384,101,42791,0,0.7099688663695745,0.3033632423853995,0.08123779296875
0.9619881893604748,"[1, 0, 28, 14, 503, 503, 20, 14, 503, 503]",int8_c128_key_h,2,True,0.9619881893604748,qwen,aime26_18,aime26_18,136,0.01691070323778099,0.003372101025393981,0.09433184472689793,1,47330,32768,14562,122,34764,-51,0.6483961810563912,0.28088730169631204,0.07492102733141053
,[],int8_c128_key_h,0,False,,qwen,aime26_20,aime26_20,30,0.003185493751531432,0.0,0.05991685008559555,1,4096,0,4096,27,9045,0,0.6931346200830687,0.3189255189255189,0.114501953125
0.9729013612871882,[],int8_c128_key_h,0,False,0.9729013612871882,qwen,aime26_20,aime26_20,27,0.011271747120803699,0.0,0.09880166299828808,1,8192,4096,4096,24,9209,0,0.6650378695333496,0.3128205128205128,0.113037109375
0.9713248681793387,"[22, 22, 190]",int8_c128_key_h,1,True,0.9713248681793387,qwen,aime26_20,aime26_20,75,0.017365782071664393,0.0015929420414164674,0.08747709224190592,1,16384,8192,8192,32,18206,0,0.6674807668824032,0.2893419606885606,0.0997314453125
0.6876003911184707,[190],int8_c128_key_h,0,True,0.6876003911184707,qwen,aime26_20,aime26_20,0,0.0,0.0,0.0,1,16448,16384,64,0,99,-1,1.0,0.7142857142857143,0.484375
,[0],int8_c128_key_h,2,False,,qwen,aime26_22,aime26_22,19,0.022053418279833426,0.0,0.09782342871117633,1,4096,0,4096,16,11163,0,0.7302711947226973,0.40976800976800976,0.14599609375
0.9038472823759602,"[3, 3, 4]",int8_c128_key_h,0,False,0.9038472823759602,qwen,aime26_22,aime26_22,28,0.01592746875765738,0.0,0.11078503301540721,1,8192,4096,4096,16,9503,0,0.6662594673833374,0.34627594627594627,0.1279296875
0.901131827919219,[],int8_c128_key_h,0,False,0.901131827919219,qwen,aime26_22,aime26_22,49,0.030206677265500748,0.0037985540987623967,0.12596212583995114,1,16384,8192,8192,40,18041,0,0.6044694101843937,0.2844585520693444,0.091064453125
0.5429845978636727,[754],int8_c128_key_h,2,True,0.6112971348039662,qwen,aime26_22,aime26_22,28,0.39896995708154503,0.3475159016675262,0.4997426659804426,1,28049,16384,11665,61,26808,-116,0.31915623392214026,0.14489026063100138,0.051178739819974284
,[],int8_c128_key_h,0,False,,qwen,aime26_24,aime26_24,20,0.04508698848321491,0.0004920049200491938,0.1677671802396674,1,4096,0,4096,19,8885,0,0.5875885658441241,0.2996336996336996,0.115478515625
0.9594856207966013,[],int8_c128_key_h,0,False,0.9594856207966013,qwen,aime26_24,aime26_24,18,0.04729233031119828,0.002952029520295163,0.13597456590853507,1,8192,4096,4096,21,8690,0,0.6110432445638896,0.2996336996336996,0.11279296875
0.9697238516258462,"[0, 1, 11, 33, 99, 98]",int8_c128_key_h,1,False,0.9697238516258462,qwen,aime26_24,aime26_24,50,0.0406016876605112,0.003308418086018894,0.1563836285888821,1,16384,8192,8192,37,16315,0,0.5506166809134204,0.23696740324746673,0.081787109375
0.9859296193907707,[669],int8_c128_key_h,2,True,0.9859296193907707,qwen,aime26_24,aime26_24,58,0.048461034708578876,0.004497329710484443,0.18135925960549681,1,27088,16384,10704,37,21996,-1,0.517895523782824,0.2183499953284126,0.07053437967115098
,"[0, 8]",int8_c128_key_h,0,False,,qwen,aime26_26,aime26_26,38,0.006125949522175933,0.0,0.0755685986793837,1,4096,0,4096,17,11906,0,0.7163449792328366,0.378021978021978,0.138916015625
0.7193595857397714,[0],int8_c128_key_h,0,False,0.7193595857397714,qwen,aime26_26,aime26_26,32,0.06689536878216118,0.010086100861008584,0.17754952311078498,1,8192,4096,4096,17,9139,0,0.5961397507940386,0.29987789987789987,0.107421875
0.9121019599098614,[],int8_c128_key_h,0,False,0.9121019599098614,qwen,aime26_26,aime26_26,75,0.02824996942643998,0.002695748070089432,0.13744654856444716,1,16384,8192,8192,45,18347,0,0.587129075589205,0.25759980466365523,0.0841064453125
0.9599500301428037,"[12, 1, 1, 132, 0, 7, 0, 132]",int8_c128_key_h,1,True,0.9599500301428037,qwen,aime26_26,aime26_26,78,0.03201707577374602,0.0002915168593916606,0.1537566650508968,1,26706,16384,10322,47,24534,0,0.5961818005620699,0.27167910086231956,0.08486727378415036
,"[0, 1]",int8_c128_key_h,0,False,,qwen,aime26_28,aime26_28,40,0.011026709139916657,0.0,0.07263389581804847,1,4096,0,4096,22,10298,0,0.711702907402883,0.36336996336996336,0.135498046875
0.8572375551711895,[1],int8_c128_key_h,0,False,0.8572375551711895,qwen,aime26_28,aime26_28,36,0.0071061014457241,0.0,0.08143800440205429,1,8192,4096,4096,20,9009,0,0.6225262643537748,0.2915750915750916,0.115478515625
0.9504581522796632,[1],int8_c128_key_h,0,False,0.9504581522796632,qwen,aime26_28,aime26_28,70,0.008071419836125693,0.0,0.09419670128283442,1,16384,8192,8192,35,19728,0,0.6360972035657589,0.28531314857770723,0.0966796875
0.909489862102832,"[2, 3]",int8_c128_key_h,0,False,0.909489862102832,qwen,aime26_28,aime26_28,167,0.007453112590873001,0.0006726594508652539,0.09336264273065886,1,32768,16384,16384,135,41885,-1,0.6228557475123618,0.26081914179332233,0.076171875
0.8313879951940468,"[0, -1]",int8_c128_key_h,1,False,0.9222111932442875,qwen,aime26_28,aime26_28,158,0.032011729488667595,0.00299639209930902,0.15729376564694386,1,49152,32768,16384,204,45717,1,0.5369025090043343,0.22193737410730635,0.061767578125
0.40698399671592983,"[2, 1, 2, 11, 10, 4040]",int8_c128_key_h,9,False,0.41055123584837383,qwen,aime26_28,aime26_28,26,0.7511700968134898,0.7279378730505102,0.786991348926626,1,64764,49152,15612,53,56247,-12,0.15407777564225766,0.08218563833194542,0.030553420445810914
,[],int8_c128_key_h,0,False,,qwen,aime26_30,aime26_30,40,0.007596177407498184,0.0,0.11396429444852041,1,4096,0,4096,24,9600,0,0.6691913022233081,0.3362637362637363,0.125
0.9375017624181251,[0],int8_c128_key_h,0,False,0.9375017624181251,qwen,aime26_30,aime26_30,24,0.005390835579514808,0.0,0.09024211298606011,1,8192,4096,4096,20,8990,0,0.6811629611531884,0.33943833943833945,0.12451171875
0.9558538026606099,"[0, 3]",int8_c128_key_h,0,False,0.9558790384518807,qwen,aime26_30,aime26_30,67,0.011128775834658211,0.00012253400318584795,0.10641417226634087,1,16384,8192,8192,40,18311,0,0.6404933447307364,0.2875106824563545,0.095703125
0.9501552708733019,"[5, 3, 1, 4, 1]",int8_c128_key_h,3,False,0.9501552708733019,qwen,aime26_30,aime26_30,178,0.009896756063290324,0.0,0.13219759418696952,1,32768,16384,16384,94,38384,-4,0.5856174836701056,0.23023866202771165,0.062744140625
0.941886362969797,"[0, 243, 972, 3, 3, 972, 3, 3, 3, 449, 972, 243, 243, 243, 243, 243]",int8_c128_key_h,43,False,0.941886362969797,qwen,aime26_30,aime26_30,153,0.005631026958541563,0.0,0.0641575800211045,1,46990,32768,14222,112,35411,-25,0.6925240874885716,0.2854932845791435,0.080016875263676
,"[13, 9]",int8_c128_key_h,0,False,,qwen,aime26_02,aime26_02,54,0.014702278853222284,0.0,0.10369283443384691,2,4096,0,4096,21,10002,0,0.6738333740532617,0.3326007326007326,0.1123046875
0.9390792988992035,[],int8_c128_key_h,0,False,0.9390792988992035,qwen,aime26_02,aime26_02,38,0.005390835579514808,0.0,0.05747126436781613,2,8192,4096,4096,32,9962,0,0.7498167603225019,0.3775335775335775,0.130126953125
0.967378496282741,"[1, 13531, 22522, 31513, 62, 1]",int8_c128_key_h,2,True,0.967378496282741,qwen,aime26_02,aime26_02,78,0.0061147119970649255,0.0,0.06182040317654247,2,16384,8192,8192,48,18622,0,0.6523385028697033,0.2702966670736174,0.0831298828125
0.9559973278016318,"[1, 1, 1, 1, 62, 62]",int8_c128_key_h,0,True,0.9690073532711604,qwen,aime26_02,aime26_02,39,0.00031142946122708626,0.0,0.03976390183286738,2,19610,16384,3226,21,7723,-1,0.7803288861309339,0.3813953488372093,0.11872287662740236
,[],int8_c128_key_h,0,False,,qwen,aime26_04,aime26_04,64,0.0034305317324184736,0.0,0.05404744436292497,2,4096,0,4096,16,9974,0,0.7229416076227706,0.3418803418803419,0.1123046875
0.936305846411997,[2],int8_c128_key_h,0,False,0.936305846411997,qwen,aime26_04,aime26_04,58,0.0007351139426611253,0.0,0.043286867204695545,2,8192,4096,4096,21,9038,0,0.7383337405326167,0.32283272283272285,0.100830078125
0.9339503390488416,[101],int8_c128_key_h,1,False,0.9339503390488416,qwen,aime26_04,aime26_04,99,0.036688271982389664,0.02364906261487565,0.0960293219303604,2,16384,8192,8192,39,18190,0,0.6680913420442056,0.27225003052130387,0.0784912109375
0.765296588461908,"[97, 700, 70, 100, 700, 700, 700, 700, 700, 700, 700, 700, 700, 700, 700, 700, 700, 700, 700, 700, 700, 700, 700, 700, 700, 700, 700, 700, 700, 700, 700, 700, 700, 700, 700, 700, 700, 700, 700, 700, 700, 700, 700, 700, 700, 700, 700, 700, 700, 700, 700, 700, 700, 700, 700, 700, 700, 700, 700, 700, 700, 700, 700, 700, 700, 700, 700, 700, 700, 700, 700, 700, 700, 700, 700, 700, 700, 700, 700, 700, 700, 700, 700, 700, 700, 700, 700, 700, 700, 700, 700, 700, 700, 700, 700, 700, 700, 700, 700, 700, 700, 700, 700, 700, 700, 700, 700, 700, 700, 700, 700, 700, 700, 700, 700, 700, 700, 700, 700, 700, 700, 700, 700, 700, 700, 700, 700, 700, 700, 700, 700, 700, 700, 700, 700, 700, 700, 700, 700, 700, 700, 700, 700, 700, 700, 700, 700, 700, 700, 700, 700, 700, 700, 700, 700, 700, 700, 700, 700, 700, 700, 700, 700, 700, 700, 700, 700, 700, 700, 700, 700, 700, 700, 700, 700, 700, 700, 700, 700, 700, 700, 700, 700, 700, 700, 700, 700, 700, 700, 700, 700, 700, 700, 700, 700, 700, 700, 700, 700, 700, 700, 700, 700, 700, 700, 700, 700, 700, 700, 700, 700, 700, 700, 700, 700, 700, 700, 700, 700, 700, 700, 700, 700, 700, 700, 700, 700, 700, 700, 700, 700, 700, 700, 700, 700, 700, 700, 700, 700, 700, 700, 700, 700, 700, 700, 700, 700, 700, 700, 700, 700, 700, 700, 700, 700, 700, 700, 700, 700, 700, 700, 700, 700, 700, 700, 700, 700, 700, 700, 700, 700, 700, 700, 700, 700, 700, 700, 700, 700, 700, 700, 700, 700, 700, 700, 700, 700, 700, 700, 700, 700, 700, 700, 700, 700, 700, 700, 700, 700, 700, 700, 700, 700, 700, 700, 700, 700, 700, 700, 700, 700, 700, 700, 700, 700, 700, 700, 700, 700, 700, 700, 700, 700, 700, 700, 700, 700, 700, 700, 700, 700, 700, 700, 700, 700, 700, 700, 700, 700, 700, 700, 700, 700, 700, 700, 700, 700, 700, 700, 700, 700, 700, 700, 700, 700, 700, 700, 700, 700, 700, 700, 700, 700, 700, 700, 700, 700, 700, 700, 700, 700, 700, 700, 700, 700, 700, 700, 700, 700, 700, 700, 700, 700, 700, 700, 700, 700, 700, 700, 700, 700, 700, 700, 700, 700, 700, 700, 700, 700, 700, 700, 700, 700, 700, 700, 700, 700, 700, 700, 700, 700, 700, 700, 700, 700, 700, 700, 700, 700, 700, 700, 700, 700, 700, 700, 700, 700, 700, 700, 700, 700, 700, 700, 700, 700, 700, 700, 700, 700, 700, 700, 700, 700, 700, 700, 700, 700, 700, 700, 700, 700, 700, 700, 700, 700, 700, 700, 700, 700, 700, 700, 700, 700, 700, 700, 700, 700, 700, 700, 700, 700, 700, 700, 700, 700, 700, 700, 700, 700, 700, 700, 700, 700, 700, 700, 700, 700, 700, 700, 700, 700, 700, 700, 700, 700, 700, 700, 700, 700, 700, 700, 700, 700, 700, 700, 700, 700, 700, 700, 700, 700, 700, 700, 700, 700, 700, 700, 700, 700, 700, 700, 700, 700, 700, 700, 700, 700, 700, 700, 700, 700, 700, 700, 700, 700, 700, 700, 700, 700, 700, 700, 700, 700, 700, 700, 700, 700, 700, 700, 700, 700, 700, 700, 700, 700, 700, 700, 700, 700, 700, 700, 700, 700, 700, 700, 700, 700, 700, 700, 700, 700, 700, 700, 700, 700, 700, 700, 700, 700, 700, 700, 700, 700, 700, 700, 700, 700, 700, 700, 700, 700, 700, 700, 700, 700, 700, 700, 700, 700, 700, 700, 700, 700, 700, 700, 700, 700, 700, 700, 700, 700, 700, 700, 700, 700, 700, 700, 700, 700, 700, 700, 700, 700, 70]",int8_c128_key_h,7,True,0.765296588461908,qwen,aime26_04,aime26_04,126,0.3690512554218339,0.33645202715098144,0.46186725285461316,2,32768,16384,16384,124,29449,0,0.35144374580306453,0.13514008423365684,0.0411376953125
0.9196823270005909,"[0, 700, 700, 700, 700, 700, 700, 700, 700, 700, 700, 700, 700, 700, 700, 700, 700, 700, 700, 700, 700, 700, 700, 700, 700, 700, 700, 700, 700, 700, 700, 700, 700, 700, 700, 700, 700, 700, 700, 700, 700, 700, 700, 700, 700, 700, 700, 700, 700, 700, 700, 700, 700, 700, 700, 700, 700, 700, 700, 700, 700, 700, 700, 700, 700, 700, 700, 700, 700, 700, 700, 700, 700, 700, 700, 700, 700, 700, 700, 700, 700, 700, 700, 700, 700, 700, 700, 700, 700, 700, 700, 700, 700, 700, 700, 700, 700, 700, 700, 700, 700, 700, 700, 700, 700, 700, 700, 700, 700, 700, 700, 700, 700, 700, 700, 700, 700, 700, 700, 700, 700, 700, 700, 700, 700, 700, 700, 700, 700, 700, 700, 700, 700, 700, 700]",int8_c128_key_h,0,False,0.9196823270005909,qwen,aime26_04,aime26_04,0,0.9916317991631799,0.991518235793045,0.9916874480465503,2,33978,32768,1210,0,1611,-1,0.008285004142502071,0.007444168734491315,0.005785123966942148
,[1013],int8_c128_key_h,0,False,,qwen,aime26_06,aime26_06,33,0.029404557706444456,0.0,0.1633651259476645,2,4096,0,4096,21,8419,0,0.6303444905936966,0.3137973137973138,0.110595703125
0.9558458983769369,"[2026, 1013]",int8_c128_key_h,1,False,0.9558458983769369,qwen,aime26_06,aime26_06,36,0.025238912031364857,0.003936039360393551,0.14062117877231595,2,8192,4096,4096,23,8020,0,0.6164182751038358,0.2800976800976801,0.097412109375
0.9340050034583525,[],int8_c128_key_h,1,False,0.9707995412621858,qwen,aime26_06,aime26_06,89,0.02494802494802495,0.0041661561083200516,0.15039706780696394,2,16384,8192,8192,49,17334,0,0.5784589082916107,0.2522280551825174,0.082275390625
0.9748347416378118,"[9, 1013]",int8_c128_key_h,1,False,0.9748347416378118,qwen,aime26_06,aime26_06,119,0.01055507264373523,0.00024884907303723836,0.10035975685398835,2,24452,16384,8068,43,17803,-2,0.6394296342219467,0.2820131399528945,0.09134853743182945
,[],int8_c128_key_h,0,False,,qwen,aime26_08,aime26_08,38,0.036265621171281515,0.0036900369003689537,0.2056737588652482,2,4096,0,4096,13,8747,0,0.5355484974346445,0.24297924297924298,0.084228515625
0.9606841741574682,[],int8_c128_key_h,0,False,0.9606841741574682,qwen,aime26_08,aime26_08,26,0.015192354814996367,0.004920049200492049,0.11616532159452186,2,8192,4096,4096,20,8934,0,0.6137307598338627,0.27643467643467645,0.10009765625
0.9515959244621073,"[13, 5, 5, 25920, 17017, 7]",int8_c128_key_h,0,False,0.9730699643789843,qwen,aime26_08,aime26_08,87,0.02079002079002079,0.0018380100477882744,0.14221136224801467,2,16384,8192,8192,41,17278,0,0.5652704847966785,0.243071664021487,0.0853271484375
0.8838357629429545,"[7, 12, 244]",int8_c128_key_h,0,True,0.9122783429104399,qwen,aime26_08,aime26_08,6,0.05849268841394828,0.00572737686139746,0.10479375696767002,2,17288,16384,904,1,2267,-1,0.755826859045505,0.48615725359911405,0.206858407079646
,[],int8_c128_key_h,0,False,,qwen,aime26_10,aime26_10,36,0.021563342318059342,0.0041820418204182586,0.08290535583272196,2,4096,0,4096,24,10957,0,0.7280723185927193,0.37875457875457874,0.128662109375
0.8763861294844835,[],int8_c128_key_h,0,False,0.8763861294844835,qwen,aime26_10,aime26_10,23,0.006861063464837058,0.0,0.055759354365370495,2,8192,4096,4096,21,10003,0,0.7214756902027852,0.3482295482295482,0.119384765625
0.8838212794834364,[],int8_c128_key_h,0,False,0.8838212794834364,qwen,aime26_10,aime26_10,57,0.014553014553014498,0.0008577380223011577,0.08417837507635917,2,16384,8192,8192,58,20731,0,0.6617413603614605,0.2919057502136491,0.0972900390625
0.8539836972441087,"[6, 6]",int8_c128_key_h,1,False,0.8793943542369257,qwen,aime26_10,aime26_10,86,0.027429897977884976,0.006543141931144136,0.1287781644989925,2,32768,16384,16384,103,41848,0,0.5517367682070692,0.21314777513275956,0.06231689453125
0.6776866513590659,[156],int8_c128_key_h,0,True,0.6776866513590659,qwen,aime26_10,aime26_10,46,0.2105891440207851,0.081195079086116,0.43174959646290967,2,47024,32768,14256,76,27703,-4,0.285694239809163,0.10719045948789899,0.03479236812570146
,[],int8_c128_key_h,0,False,,qwen,aime26_12,aime26_12,23,0.015192354814996367,0.00319803198031976,0.07605771582293963,2,4096,0,4096,20,9945,0,0.7256291228927437,0.39487179487179486,0.136962890625
0.8766191613479819,[],int8_c128_key_h,0,False,0.8766191613479819,qwen,aime26_12,aime26_12,22,0.025238912031364857,0.0,0.10051357300073371,2,8192,4096,4096,21,10052,0,0.7099926704129,0.37777777777777777,0.131103515625
0.8977732792124383,[0],int8_c128_key_h,0,False,0.8977732792124383,qwen,aime26_12,aime26_12,64,0.009538950715421324,0.0,0.08808796579108125,2,16384,8192,8192,49,18728,0,0.668946147270729,0.28995238676596263,0.083740234375
0.8920321081272451,"[161, 161, 1]",int8_c128_key_h,2,True,0.9335938104087655,qwen,aime26_12,aime26_12,54,0.016685906181131305,0.0017870282770945378,0.08870714061025475,2,25928,16384,9544,56,22152,8,0.675505712189498,0.3135282405952007,0.09576697401508802
,"[540, 2]",int8_c128_key_h,0,False,,qwen,aime26_14,aime26_14,25,0.03994119088458714,0.002952029520295163,0.1210564930300807,2,4096,0,4096,19,9394,0,0.6706572196432934,0.3465201465201465,0.122314453125
0.9553567996020941,[],int8_c128_key_h,0,False,0.9553567996020941,qwen,aime26_14,aime26_14,9,0.019358000490075966,0.0,0.07605771582293963,2,8192,4096,4096,27,9898,0,0.7297825555827022,0.38412698412698415,0.13623046875
0.9665156988491327,[],int8_c128_key_h,2,False,0.9665156988491327,qwen,aime26_14,aime26_14,58,0.03754433166197868,0.003308418086018894,0.11508857666463046,2,16384,8192,8192,62,18793,0,0.6273049212358042,0.2712733487974606,0.0902099609375
0.9053005596800506,"[2, 681]",int8_c128_key_h,1,True,0.9325928322498208,qwen,aime26_14,aime26_14,104,0.05583725334473699,0.007276952241178969,0.18794651034988097,2,32768,16384,16384,110,35998,-4,0.5334839142909469,0.21137764756149668,0.06158447265625
0.9227748878623638,"[92, 3, 920, 676]",int8_c128_key_h,3,False,0.9227748878623638,qwen,aime26_14,aime26_14,75,0.07169031288170624,0.005269596311282543,0.2711482489907051,2,43426,32768,10658,63,21373,-14,0.4578132332238386,0.20043164117481468,0.062394445486958154
,[1],int8_c128_key_h,0,False,,qwen,aime26_16,aime26_16,46,0.010291595197255532,0.00319803198031976,0.07679139153827341,2,4096,0,4096,16,10319,0,0.6911800635230883,0.33455433455433453,0.116455078125
0.9687201092861157,[],int8_c128_key_h,0,False,0.9687201092861157,qwen,aime26_16,aime26_16,44,0.0014702278853222506,0.0,0.051357300073367584,2,8192,4096,4096,18,10999,0,0.7368678231126313,0.3684981684981685,0.132080078125
0.9584448490149639,"[0, 178, 24, 1]",int8_c128_key_h,1,True,0.9689306243791694,qwen,aime26_16,aime26_16,40,0.004938271604938316,0.0,0.06878781088953623,2,12662,8192,4470,11,11171,-1,0.7078576225654802,0.3481763257999552,0.12572706935123043
,[],int8_c128_key_h,0,False,,qwen,aime26_18,aime26_18,31,0.016172506738544423,0.006150061500615034,0.07850330154071905,2,4096,0,4096,16,10220,0,0.7380894209626191,0.3814407814407814,0.133056640625
0.862759387624296,[8],int8_c128_key_h,0,False,0.862759387624296,qwen,aime26_18,aime26_18,31,0.0024503798088704176,0.0,0.07605771582293963,2,8192,4096,4096,17,9310,0,0.6804300024431957,0.3418803418803419,0.130615234375
0.9733891916394773,[328],int8_c128_key_h,0,False,0.9733891916394773,qwen,aime26_18,aime26_18,56,0.0072153601565366765,0.0,0.08540012217470982,2,16384,8192,8192,42,18558,0,0.6566125290023201,0.288853619826639,0.0921630859375
0.9623511038984699,"[2, 20]",int8_c128_key_h,0,False,0.9623511038984699,qwen,aime26_18,aime26_18,185,0.011973853014845104,0.002629486944291548,0.08615741588813575,2,32768,16384,16384,127,40826,3,0.6207191258164947,0.25807239211377647,0.0718994140625
0.9561027102869206,[1],int8_c128_key_h,0,False,0.9561027102869206,qwen,aime26_18,aime26_18,65,0.002811753128075356,0.0001409046075806497,0.03426485044235361,2,39896,32768,7128,61,19577,-1,0.7591578947368421,0.36579205836958045,0.11433782267115601
,[0],int8_c128_key_h,0,False,,qwen,aime26_20,aime26_20,30,0.017642734623866674,0.0004920049200491938,0.1024700415749572,2,4096,0,4096,19,9434,0,0.6584412411434156,0.30793650793650795,0.11083984375
0.9318818555557382,[54],int8_c128_key_h,0,False,0.9318818555557382,qwen,aime26_20,aime26_20,28,0.020828228375398217,0.0004920049200491938,0.08290535583272196,2,8192,4096,4096,18,8863,0,0.6987539701930124,0.33137973137973137,0.115966796875
0.9701383174324143,"[22, 30, 38, 46, 54, 7]",int8_c128_key_h,1,False,0.9701383174324143,qwen,aime26_20,aime26_20,59,0.028372263666381348,0.0019605440509741223,0.12828344532681735,2,16384,8192,8192,37,18606,0,0.6249847356209549,0.2847027225003052,0.09716796875
0.9547128503829453,"[22, 30, 38, 46, 54, 22, 190, 2, 190]",int8_c128_key_h,1,True,0.9558617724188924,qwen,aime26_20,aime26_20,22,0.004996876951905094,0.0,0.061993769470405025,2,19601,16384,3217,12,7402,-1,0.7367766023646546,0.375,0.13832763444202673
,[],int8_c128_key_h,0,False,,qwen,aime26_22,aime26_22,18,0.02817936780200936,0.0002460024600245969,0.09953533871362186,2,4096,0,4096,20,12059,0,0.737600781822624,0.421978021978022,0.1484375
0.8678096012218826,[],int8_c128_key_h,0,False,0.8678096012218826,qwen,aime26_22,aime26_22,16,0.03381524136241121,0.0007380073800737907,0.13915382734164827,2,8192,4096,4096,24,9506,0,0.6745663327632543,0.38046398046398044,0.144287109375
0.9422479938419048,[],int8_c128_key_h,0,False,0.9422479938419048,qwen,aime26_22,aime26_22,56,0.02237984590925768,0.003063350079647087,0.12180818570555896,2,16384,8192,8192,48,16779,0,0.6154597630968373,0.26504700280795995,0.08203125
0.6379079775586304,[1],int8_c128_key_h,1,False,0.6439953352812118,qwen,aime26_22,aime26_22,50,0.3216237883536185,0.3090842758117476,0.38582562459028336,2,30120,16384,13736,73,27066,-8,0.42721910725988493,0.20604295595194758,0.06624927198602214
,[],int8_c128_key_h,0,False,,qwen,aime26_24,aime26_24,21,0.0735113942661112,0.002706027060270566,0.22303741746148198,2,4096,0,4096,22,8400,0,0.5433667236745663,0.27692307692307694,0.10888671875
0.902870296554723,"[1000, 1]",int8_c128_key_h,2,False,0.902870296554723,qwen,aime26_24,aime26_24,12,0.011271747120803699,0.0,0.09464416727806313,2,8192,4096,4096,21,7869,0,0.5873442462741265,0.2608058608058608,0.0927734375
0.9356104490849115,"[10, 1]",int8_c128_key_h,0,False,0.9487026136696636,qwen,aime26_24,aime26_24,53,0.027393909746850964,0.0019605440509741223,0.11985339034819797,2,16384,8192,8192,38,17701,0,0.5876175357186469,0.2591869124649005,0.089111328125
0.9573548642545092,"[669, 1, 10, 966, 100, 669]",int8_c128_key_h,2,True,0.967375775040172,qwen,aime26_24,aime26_24,63,0.03623732632369503,0.0010342233922526756,0.16322701688555352,2,27051,16384,10667,51,20767,-2,0.547543135783946,0.233358334895931,0.0824974219555639
,[],int8_c128_key_h,0,False,,qwen,aime26_26,aime26_26,33,0.01690762068120555,0.0,0.1230129616043042,2,4096,0,4096,17,10895,0,0.6821402394331786,0.3716727716727717,0.135498046875
0.7376266817705533,[],int8_c128_key_h,0,False,0.7376266817705533,qwen,aime26_26,aime26_26,15,0.14138691497182065,0.0012300123001229846,0.34238200048911716,2,8192,4096,4096,16,9005,0,0.4561446371854386,0.25225885225885225,0.0986328125
0.9270999935860723,[],int8_c128_key_h,0,False,0.9270999935860723,qwen,aime26_26,aime26_26,51,0.08254861196037666,0.006371768165665981,0.2544899205864386,2,16384,8192,8192,30,20424,0,0.4905360849920625,0.23232816505921133,0.0770263671875
0.6167171575608802,"[0, 6, 11, 2, 2, 2, 2, 400, 2]",int8_c128_key_h,0,False,0.6167171575608802,qwen,aime26_26,aime26_26,64,0.3234162135744395,0.28386228826515014,0.4408011235268975,2,32768,16384,16384,247,31969,-2,0.3176851230083633,0.12409204663370567,0.0426025390625
0.8035660732528123,[],int8_c128_key_h,0,False,0.8035660732528123,qwen,aime26_26,aime26_26,0,0.9828709288299156,0.9772341971421652,0.9853118227787142,2,36928,32768,4160,165,7650,-1,0.012268462833774356,0.010579466217840828,0.007451923076923077
,[1],int8_c128_key_h,0,False,,qwen,aime26_28,aime26_28,32,0.0066160254839500166,0.0,0.10075813157251157,2,4096,0,4096,20,10492,0,0.6476911800635231,0.3440781440781441,0.122802734375
0.8887679152846581,[1],int8_c128_key_h,0,False,0.8887679152846581,qwen,aime26_28,aime26_28,50,0.010291595197255532,0.0,0.08021521154316458,2,8192,4096,4096,21,10248,0,0.6591741998534083,0.31746031746031744,0.110595703125
0.9387263937321608,"[1, 2, 2]",int8_c128_key_h,0,False,0.9387263937321608,qwen,aime26_28,aime26_28,89,0.0035465329582976546,0.0,0.06218692730604769,2,16384,8192,8192,50,23088,0,0.6480644767370863,0.29239409107557074,0.093017578125
0.8885483349010578,[4040],int8_c128_key_h,1,False,0.8885483349010578,qwen,aime26_28,aime26_28,190,0.0042763760767303705,6.115085916957863e-05,0.06441961287171027,2,32768,16384,16384,91,50938,2,0.6373237287100909,0.27784898980650674,0.07574462890625
0.6511755593935225,"[1, 2, 3, 2, 2]",int8_c128_key_h,0,False,0.6831188651066542,qwen,aime26_28,aime26_28,68,0.2668387702417273,0.26299083000235124,0.30844079718640094,2,41305,32768,8537,44,21631,-26,0.5214436372158425,0.23781630740393628,0.07086798641208855
,[],int8_c128_key_h,0,False,,qwen,aime26_30,aime26_30,18,0.010536633178142574,0.0,0.11665443873807779,2,4096,0,4096,18,9308,0,0.6904471048130956,0.34065934065934067,0.120361328125
0.9101318053133864,[0],int8_c128_key_h,0,False,0.9101318053133864,qwen,aime26_30,aime26_30,36,0.012251899044351866,0.0,0.11836634874052332,2,8192,4096,4096,16,9844,1,0.6603957977033961,0.3355311355311355,0.12109375
0.8178377980596272,[],int8_c128_key_h,3,False,0.9012498448726426,qwen,aime26_30,aime26_30,62,0.04023480494068732,0.009067516235755413,0.14147831398900423,2,16384,8192,8192,49,18340,0,0.6248626205885944,0.28335978513002075,0.0931396484375
0.9598716611207171,"[3, 3, 3, 3, 3, 1, 1, 243, 3, 0, 3, 243, 3]",int8_c128_key_h,24,False,0.9598716611207171,qwen,aime26_30,aime26_30,133,0.032561549269961465,0.006237387635296243,0.1440434756060328,2,32768,16384,16384,92,36704,-1,0.570416946462365,0.23383995605200514,0.07476806640625
0.7240889332525724,"[3, 7]",int8_c128_key_h,2,False,0.798300439971014,qwen,aime26_30,aime26_30,10,0.0,0.0,0.018439716312056764,2,33480,32768,712,4,2520,-1,0.923836389280677,0.7144866385372715,0.3595505617977528
