condition,phase,problem_id,token,logit_relative_l2,logit_cosine,logit_top1_match,logit_top20_overlap,logit_nonfinite,state_relative_l2,state_max_abs,state_cosine,state_nonfinite
r2,primary,60,0,0.046355186703491265,0.9991860389709473,1.0,0.95,0,0.030797908082604408,0.14632275700569153,0.9995964467525482,0
r2,primary,60,1,0.017387662447482414,0.9998633861541748,1.0,1.0,0,0.02862436417490244,0.147029846906662,0.9996545314788818,0
r2,primary,60,2,0.015928314148467085,0.9998735189437866,1.0,1.0,0,0.027713099494576454,0.14875423908233643,0.9996646046638489,0
r2,primary,60,3,0.010685096662301352,0.9999431371688843,1.0,0.95,0,0.027234572917222977,0.1530536413192749,0.9996760189533234,0
r2,primary,60,4,0.018836243108677042,0.9998283982276917,1.0,0.95,0,0.027175279334187508,0.15449190139770508,0.9996825158596039,0
r2,primary,60,5,0.021048913481105973,0.9997803568840027,1.0,1.0,0,0.02713286504149437,0.1552410125732422,0.9996867179870605,0
r2,primary,60,6,0.050259317657078584,0.9987362623214722,1.0,1.0,0,0.026920197531580925,0.15641751885414124,0.9996934533119202,0
r2,primary,60,7,0.021874683025664206,0.9997947812080383,1.0,0.95,0,0.027114479802548885,0.15726786851882935,0.9996880888938904,0
r2,primary,60,8,0.018270188503744456,0.999836802482605,1.0,1.0,0,0.02802625298500061,0.15806981921195984,0.9996636509895325,0
r2,primary,60,9,0.029513171960225914,0.999659538269043,1.0,1.0,0,0.026838181540369987,0.1596800982952118,0.9996999204158783,0
r2,primary,60,10,0.020479293514679465,0.9997938871383667,1.0,0.9,0,0.026391735300421715,0.15874674916267395,0.9997086822986603,0
r2,primary,60,11,0.01618552879360437,0.9998718500137329,1.0,1.0,0,0.025860892608761787,0.1560414731502533,0.9997228384017944,0
r2,primary,60,12,0.015968731997421368,0.9998756051063538,1.0,1.0,0,0.025356694124639034,0.15659967064857483,0.9997363984584808,0
r2,primary,60,13,0.03347004052887069,0.9994397163391113,1.0,0.9,0,0.025325965136289597,0.15703627467155457,0.9997432827949524,0
r2,primary,60,14,0.010434032279429998,0.9999458193778992,1.0,1.0,0,0.025319204665720463,0.15674668550491333,0.9997437000274658,0
r2,primary,60,15,0.016024827030624075,0.9998735189437866,1.0,1.0,0,0.02474343404173851,0.15610605478286743,0.9997505843639374,0
r2,primary,60,16,0.01988181189871798,0.9998089075088501,1.0,0.9,0,0.024768241681158543,0.15687918663024902,0.9997499585151672,0
r2,primary,60,17,0.013263049487223516,0.9999135732650757,1.0,0.95,0,0.024634470231831074,0.1572691798210144,0.9997556209564209,0
r2,primary,60,18,0.034206227086610634,0.9994375705718994,1.0,1.0,0,0.024719977751374245,0.1579425036907196,0.9997571110725403,0
r2,primary,60,19,0.014586298944501187,0.9998977184295654,1.0,0.95,0,0.02472637314349413,0.15822303295135498,0.9997580647468567,0
r2,primary,60,20,0.011851318872961761,0.9999347925186157,1.0,1.0,0,0.024232338182628155,0.15861272811889648,0.999766618013382,0
r2,primary,60,21,0.026068688254158444,0.9996708631515503,1.0,1.0,0,0.02409257646650076,0.15862920880317688,0.9997638463973999,0
r2,primary,60,22,0.02327381728229946,0.9997292160987854,1.0,0.95,0,0.024144220165908337,0.1586708128452301,0.9997569918632507,0
r2,primary,60,23,0.02511908607192828,0.9996926188468933,1.0,0.95,0,0.023914731107652187,0.1597767174243927,0.9997656047344208,0
r2,primary,60,24,0.02522542523903498,0.9996843338012695,1.0,0.9,0,0.023754100315272808,0.1603943109512329,0.9997727274894714,0
r2,primary,60,25,0.023809064573450858,0.9997242093086243,1.0,1.0,0,0.023453577421605587,0.16090252995491028,0.9997746646404266,0
r2,primary,60,26,0.049345931639819936,0.9990024566650391,1.0,1.0,0,0.02360405120998621,0.16087406873703003,0.9997675716876984,0
r2,primary,60,27,0.03125779532525844,0.9995115399360657,1.0,0.95,0,0.024031016044318676,0.1594335436820984,0.9997556507587433,0
r2,primary,60,28,0.018434287473668223,0.9998311996459961,1.0,1.0,0,0.024324927479028702,0.15896794199943542,0.9997590482234955,0
r2,primary,60,29,0.039780672584234754,0.9992979764938354,1.0,0.9,0,0.024122867733240128,0.15913501381874084,0.999763160943985,0
r2,primary,60,30,0.015722387210083753,0.9998778700828552,1.0,0.95,0,0.02408006228506565,0.15862470865249634,0.9997449815273285,0
r2,primary,60,31,0.016201566703406087,0.9998713731765747,1.0,0.95,0,0.023810249753296375,0.15937957167625427,0.9997706711292267,0
r2,primary,60,32,0.025279184733390716,0.9996829032897949,1.0,0.95,0,0.023890853859484196,0.16036733984947205,0.9997671842575073,0
r2,primary,60,33,0.02482563931000245,0.9997281432151794,1.0,1.0,0,0.024090196006000042,0.16053175926208496,0.9997665584087372,0
r2,primary,60,34,0.022102511184792895,0.9997620582580566,0.0,0.95,0,0.024342671036720276,0.16034391522407532,0.9997551739215851,0
r2,primary,60,35,0.022112749582808573,0.9997696876525879,1.0,1.0,0,0.02381521835923195,0.1594984531402588,0.9997656643390656,0
r2,primary,60,36,0.019694888545211783,0.9998087286949158,1.0,1.0,0,0.023729190230369568,0.15927192568778992,0.9997675716876984,0
r2,primary,60,37,0.020492876173934235,0.9997900128364563,1.0,1.0,0,0.023527290672063828,0.15977460145950317,0.9997705817222595,0
r2,primary,60,38,0.023009793129352776,0.999755322933197,1.0,0.9,0,0.023728941567242146,0.16021710634231567,0.9997657239437103,0
r2,primary,60,39,0.021482779887370185,0.9997696876525879,1.0,1.0,0,0.023602486588060856,0.1595587134361267,0.9997685253620148,0
r2,primary,60,40,0.022767513653200934,0.9997498989105225,1.0,0.95,0,0.023376794531941414,0.15958383679389954,0.9997738599777222,0
r2,primary,60,41,0.023317300251738424,0.9997282028198242,1.0,1.0,0,0.023603751324117184,0.1604217290878296,0.9997703433036804,0
r2,primary,60,42,0.02621400542916278,0.9996572732925415,1.0,0.9,0,0.023365655913949013,0.16108623147010803,0.9997749924659729,0
r2,primary,60,43,0.021811916340248347,0.999762773513794,1.0,0.95,0,0.023569760844111443,0.16067931056022644,0.9997700452804565,0
r2,primary,60,44,0.016424083340345962,0.999872624874115,1.0,1.0,0,0.023442916572093964,0.16113001108169556,0.999773770570755,0
r2,primary,60,45,0.018156536726642962,0.9998354911804199,1.0,0.95,0,0.023072303272783756,0.16115620732307434,0.9997856020927429,0
r2,primary,60,46,0.012685266752260855,0.9999206066131592,1.0,0.95,0,0.022713779471814632,0.16127189993858337,0.9997887015342712,0
r2,primary,60,47,0.016179954035811284,0.9998705983161926,1.0,0.9,0,0.022573603317141533,0.16132155060768127,0.9997923374176025,0
r2,primary,60,48,0.01625925769557884,0.9998680949211121,1.0,1.0,0,0.022591660730540752,0.16143372654914856,0.9997936189174652,0
r2,primary,60,49,0.02626838320876818,0.9996991753578186,1.0,1.0,0,0.022440683096647263,0.16205433011054993,0.9997994899749756,0
r2,primary,60,50,0.018825397645311617,0.9998228549957275,1.0,1.0,0,0.022481261752545834,0.16288188099861145,0.999797523021698,0
r2,primary,60,51,0.017070345727516634,0.999855637550354,1.0,0.95,0,0.022162227891385555,0.16312795877456665,0.9998047649860382,0
r2,primary,60,52,0.015233142780447627,0.9998856782913208,1.0,0.95,0,0.022254387848079205,0.16301357746124268,0.9998035132884979,0
r2,primary,60,53,0.013582636456685912,0.9999116063117981,1.0,0.9,0,0.021938242949545383,0.16319411993026733,0.9998071789741516,0
r2,primary,60,54,0.01761028213787071,0.9998557567596436,1.0,1.0,0,0.02212940063327551,0.16338592767715454,0.9998061954975128,0
r2,primary,60,55,0.024891703784602103,0.9997146129608154,1.0,0.95,0,0.022756164893507957,0.16288700699806213,0.9998000860214233,0
r2,primary,60,56,0.03937180274865157,0.9992295503616333,1.0,1.0,0,0.02460554428398609,0.1631196141242981,0.9997418224811554,0
r2,primary,60,57,0.026183002490520614,0.9997082948684692,1.0,1.0,0,0.024717537686228752,0.16278469562530518,0.9997266232967377,0
r2,primary,60,58,0.030197150602801794,0.9996638894081116,1.0,1.0,0,0.023520363494753838,0.1630931794643402,0.9997548162937164,0
r2,primary,60,59,0.014967226536367095,0.9999004006385803,1.0,0.95,0,0.02305204328149557,0.1629491150379181,0.9997696280479431,0
r2,primary,60,60,0.020112290269710918,0.9998010396957397,1.0,1.0,0,0.022799828089773655,0.16289925575256348,0.9997810423374176,0
r2,primary,60,61,0.015673466880781976,0.9998779296875,1.0,1.0,0,0.02252902928739786,0.16292846202850342,0.9997895956039429,0
r2,primary,60,62,0.020638999675703065,0.9997895359992981,1.0,1.0,0,0.022485355846583843,0.16294431686401367,0.999795138835907,0
r2,primary,60,63,0.030572486809637773,0.9995325207710266,1.0,0.95,0,0.023160023614764214,0.16231444478034973,0.9997721314430237,0
r2,primary,60,64,0.04124168287232402,0.9991751313209534,1.0,0.95,0,0.0229622358456254,0.16275158524513245,0.9997707009315491,0
r2,primary,60,65,0.024470720226749565,0.9997079372406006,1.0,1.0,0,0.024293173104524612,0.16296163201332092,0.9997538924217224,0
r2,primary,60,66,0.020462681046586224,0.9997960329055786,1.0,1.0,0,0.0234115244820714,0.1629427671432495,0.9997749924659729,0
r2,primary,60,67,0.030602191158354036,0.999536395072937,1.0,0.95,0,0.022517495788633823,0.16287192702293396,0.9997851848602295,0
r2,primary,60,68,0.021703495949048506,0.9997724294662476,1.0,1.0,0,0.022009314969182014,0.16282108426094055,0.9997910261154175,0
r2,primary,60,69,0.020746463489242365,0.9998120069503784,1.0,0.95,0,0.021829119883477688,0.16104477643966675,0.9997920095920563,0
r2,primary,60,70,0.036097494931039587,0.9993530511856079,1.0,0.95,0,0.024696096777915955,0.16085046529769897,0.9997599422931671,0
r2,primary,60,71,0.036892212391421195,0.9993455410003662,1.0,0.9,0,0.02598375268280506,0.15999475121498108,0.9996978342533112,0
r2,primary,60,72,0.041886858017904795,0.9991965889930725,1.0,0.95,0,0.026470722630620003,0.15883079171180725,0.9996935129165649,0
r2,primary,60,73,0.02411011463100473,0.9997323155403137,1.0,0.95,0,0.02588006481528282,0.1594393253326416,0.9997051060199738,0
r2,primary,60,74,0.03990075724508339,0.9993715286254883,1.0,1.0,0,0.025871106423437595,0.15932056307792664,0.9997078776359558,0
r2,primary,60,75,0.020964561782480684,0.9997825622558594,1.0,1.0,0,0.025679269805550575,0.15949365496635437,0.9997116029262543,0
r2,primary,60,76,0.01930466393599173,0.9998172521591187,1.0,1.0,0,0.02503449283540249,0.15931689739227295,0.9997269511222839,0
r2,primary,60,77,0.02916613874052748,0.9997365474700928,1.0,0.95,0,0.02505357190966606,0.15986648201942444,0.9997260570526123,0
r2,primary,60,78,0.016359002127084073,0.9998723864555359,1.0,0.9,0,0.024988198652863503,0.15985402464866638,0.9997303783893585,0
r2,primary,60,79,0.04234290080852887,0.9991042613983154,1.0,0.9,0,0.024669437669217587,0.16016921401023865,0.999744325876236,0
r2,primary,60,80,0.020135072061871644,0.999803900718689,1.0,1.0,0,0.024994713254272938,0.16061735153198242,0.9997289776802063,0
r2,primary,60,81,0.010938915356524768,0.9999401569366455,1.0,0.95,0,0.023989343084394932,0.1606965959072113,0.9997508227825165,0
r2,primary,60,82,0.01256321538027346,0.9999215602874756,1.0,0.9,0,0.023710811510682106,0.15977737307548523,0.9997597932815552,0
r2,primary,60,83,0.053159781086459766,0.9986867904663086,1.0,0.9,0,0.02353936154395342,0.15972453355789185,0.9997593462467194,0
r2,primary,60,84,0.015308661275828066,0.9999009966850281,1.0,0.95,0,0.02346079144626856,0.16016533970832825,0.9997643232345581,0
r2,primary,60,85,0.0523587742758315,0.9986453056335449,1.0,0.95,0,0.024312014691531658,0.16021886467933655,0.9997557401657104,0
r2,primary,60,86,0.012008416425798328,0.9999393224716187,1.0,1.0,0,0.02399525698274374,0.16040828824043274,0.9997623562812805,0
r2,primary,60,87,0.014850499975046581,0.9999099373817444,1.0,1.0,0,0.02333571668714285,0.16044357419013977,0.999774694442749,0
r2,primary,60,88,0.02515899004017752,0.9996849298477173,1.0,0.95,0,0.023585230112075806,0.16077372431755066,0.9997727870941162,0
r2,primary,60,89,0.0361646046238045,0.999472439289093,1.0,1.0,0,0.02388826757669449,0.16097190976142883,0.9997660517692566,0
r2,primary,60,90,0.02144839368387998,0.9997785091400146,1.0,0.95,0,0.023754210211336613,0.16108575463294983,0.9997702538967133,0
r2,primary,60,91,0.01706390151212458,0.9998582005500793,1.0,1.0,0,0.02371400035917759,0.1610148549079895,0.999771773815155,0
r2,primary,60,92,0.014795876812003124,0.9998916387557983,1.0,0.95,0,0.023678036406636238,0.16100817918777466,0.9997543394565582,0
r2,primary,60,93,0.04899387636082007,0.9988589882850647,1.0,0.95,0,0.024209671653807163,0.16079801321029663,0.9997642040252686,0
r2,primary,60,94,0.03704480630521393,0.9993496537208557,1.0,0.9,0,0.024594854563474655,0.1615554690361023,0.9997638165950775,0
r2,primary,60,95,0.01748860294754412,0.999853253364563,1.0,1.0,0,0.024060464464128017,0.161604642868042,0.9997721314430237,0
r2,primary,60,96,0.022755556838602593,0.9997513294219971,1.0,0.9,0,0.0235870610922575,0.16138261556625366,0.999776154756546,0
r2,primary,60,97,0.015899565665032152,0.9998828172683716,1.0,0.95,0,0.02345048263669014,0.1614653468132019,0.9997772574424744,0
r2,primary,60,98,0.013083797636785044,0.9999152421951294,1.0,1.0,0,0.023307690396904945,0.16110271215438843,0.9997790455818176,0
r2,primary,60,99,0.014975495772573741,0.9999011754989624,1.0,0.95,0,0.023035290651023388,0.1612805426120758,0.9997802674770355,0
r2,primary,60,100,0.021880212318538924,0.9997691512107849,1.0,0.95,0,0.023080315440893173,0.16158527135849,0.9997832477092743,0
r2,primary,60,101,0.08395781176600152,0.9966286420822144,1.0,0.95,0,0.02412636298686266,0.16147956252098083,0.9997619092464447,0
r2,primary,60,102,0.04462149254712874,0.9990124106407166,1.0,0.9,0,0.025151779875159264,0.16353842616081238,0.9997449517250061,0
r2,primary,60,103,0.022030319834487472,0.9997844696044922,1.0,1.0,0,0.02441098913550377,0.16362810134887695,0.9997622668743134,0
r2,primary,60,104,0.037673421041464386,0.999302864074707,1.0,0.9,0,0.02400431875139475,0.16355383396148682,0.9997758567333221,0
r2,primary,60,105,0.1314309438932822,0.9913255572319031,1.0,0.95,0,0.023879103362560272,0.16357097029685974,0.9997770488262177,0
r2,primary,60,106,0.018625209296936774,0.9998290538787842,1.0,0.95,0,0.023594282567501068,0.1635659635066986,0.9997785091400146,0
r2,primary,60,107,0.016016477948126846,0.9998719096183777,1.0,1.0,0,0.023440416902303696,0.16337674856185913,0.9997827410697937,0
r2,primary,60,108,0.012689898080240602,0.9999219179153442,1.0,0.95,0,0.023252378217875957,0.16315585374832153,0.9997867047786713,0
r2,primary,60,109,0.01462465021211336,0.9998936653137207,1.0,1.0,0,0.022915711626410484,0.16286614537239075,0.9997943341732025,0
r2,primary,60,110,0.01636015854315638,0.999890923500061,1.0,0.95,0,0.02266653161495924,0.1632494330406189,0.999795526266098,0
r2,primary,60,111,0.02293254576255008,0.9997375011444092,1.0,1.0,0,0.022446725517511368,0.1633998155593872,0.9997991919517517,0
r2,primary,60,112,0.01418926316725278,0.9998994469642639,1.0,1.0,0,0.023259898647665977,0.16422489285469055,0.9997750520706177,0
r2,primary,60,113,0.013112452543921698,0.9999148845672607,1.0,0.95,0,0.022815930657088757,0.16401970386505127,0.9997900724411011,0
r2,primary,60,114,0.00972734052183961,0.9999526739120483,1.0,1.0,0,0.022539453580975533,0.16466385126113892,0.9997978508472443,0
r2,primary,60,115,0.010654558004998094,0.999947190284729,1.0,1.0,0,0.021527624689042568,0.1649259626865387,0.999814510345459,0
r2,primary,60,116,0.012195651729229103,0.9999276399612427,1.0,1.0,0,0.02128353901207447,0.16483959555625916,0.9998198449611664,0
r2,primary,60,117,0.02135591266637694,0.9997767210006714,1.0,1.0,0,0.021613220684230328,0.1648222804069519,0.9998015761375427,0
r2,primary,60,118,0.008696326645787374,0.9999622106552124,1.0,1.0,0,0.021805413998663425,0.16514062881469727,0.9998023509979248,0
r2,primary,60,119,0.01866362812082673,0.9998453855514526,1.0,1.0,0,0.021406400948762894,0.16564109921455383,0.9998166859149933,0
r2,primary,60,120,0.02032289196383312,0.9998139142990112,1.0,0.95,0,0.021263481117784977,0.1654043197631836,0.9998200833797455,0
r2,primary,60,121,0.015838556007780162,0.9998761415481567,1.0,0.95,0,0.02109141368418932,0.1654239296913147,0.9998231828212738,0
r2,primary,60,122,0.010888599899725928,0.9999414682388306,1.0,0.95,0,0.020937095396220684,0.16570541262626648,0.9998262822628021,0
r2,primary,60,123,0.011833529364594336,0.9999411702156067,1.0,1.0,0,0.020737379789352417,0.16576752066612244,0.9998304843902588,0
r2,primary,60,124,0.016810871762622033,0.999862015247345,1.0,1.0,0,0.020806532353162766,0.165561705827713,0.9998248219490051,0
r2,primary,60,125,0.014130076591215438,0.9999191164970398,1.0,1.0,0,0.020778806880116463,0.16596025228500366,0.9998268485069275,0
r2,primary,60,126,0.012129472024598582,0.9999268651008606,1.0,1.0,0,0.021221322938799858,0.16543972492218018,0.9998171925544739,0
r2,primary,60,127,0.01826909743174424,0.9998421669006348,1.0,0.95,0,0.02121876273304224,0.1653670370578766,0.9998161196708679,0
r2,primary,60,128,0.011368129972686472,0.9999486804008484,1.0,0.9,0,0.021199185401201248,0.1656452715396881,0.9998170733451843,0
r2,primary,61,0,0.03538096790118658,0.9994105696678162,1.0,1.0,0,0.02686072513461113,0.08757710456848145,0.9996846616268158,0
r2,primary,61,1,0.013948587943582863,0.9999048113822937,1.0,1.0,0,0.02498476393520832,0.07031762599945068,0.9997379779815674,0
r2,primary,61,2,0.011399547277551863,0.9999357461929321,1.0,1.0,0,0.023134466260671616,0.07034838199615479,0.9997851252555847,0
r2,primary,61,3,0.011954631613439945,0.9999336004257202,1.0,0.95,0,0.022203500382602215,0.06974667310714722,0.9997972249984741,0
r2,primary,61,4,0.009201596829124765,0.9999650120735168,1.0,1.0,0,0.021715259179472923,0.06909328699111938,0.9998078048229218,0
r2,primary,61,5,0.022519329114643546,0.999748170375824,1.0,1.0,0,0.020958343520760536,0.06872546672821045,0.9998184740543365,0
r2,primary,61,6,0.018242155649862937,0.9998383522033691,1.0,0.95,0,0.020620238967239857,0.06803363561630249,0.9998226165771484,0
r2,primary,61,7,0.01096900680206196,0.9999398589134216,1.0,0.95,0,0.01994537841528654,0.06722205877304077,0.9998401999473572,0
r2,primary,61,8,0.007272447894466376,0.9999735355377197,1.0,0.95,0,0.019705905579030514,0.06680601835250854,0.9998413622379303,0
r2,primary,61,9,0.008175232306292435,0.9999686479568481,1.0,1.0,0,0.01993455644696951,0.06589657068252563,0.9998480379581451,0
r2,primary,61,10,0.016363262934681606,0.9998957514762878,1.0,0.95,0,0.01976003125309944,0.06518328189849854,0.9998567700386047,0
r2,primary,61,11,0.0067547176873776135,0.9999791383743286,1.0,0.95,0,0.01984015852212906,0.06499230861663818,0.9998549222946167,0
r2,primary,61,12,0.008252579439939478,0.9999697208404541,1.0,1.0,0,0.01999750640243292,0.06474250555038452,0.9998547434806824,0
r2,primary,61,13,0.012418602847205099,0.9999350309371948,1.0,1.0,0,0.019494212232530117,0.06465113162994385,0.9998615682125092,0
r2,primary,61,14,0.012300077992782637,0.9999275803565979,1.0,1.0,0,0.01959719229489565,0.0640363097190857,0.9998560547828674,0
r2,primary,61,15,0.014863602641079388,0.9999208450317383,1.0,1.0,0,0.019754329696297646,0.06395721435546875,0.9998469650745392,0
r2,primary,61,16,0.012482243871186436,0.9999406337738037,1.0,0.95,0,0.0190733065828681,0.06355971097946167,0.9998625814914703,0
r2,primary,61,17,0.036882531669134834,0.9993503093719482,1.0,0.95,0,0.019032616168260574,0.06328755617141724,0.9998599588871002,0
r2,primary,61,18,0.04126451867252216,0.9993613958358765,1.0,0.95,0,0.019145989790558815,0.06336444616317749,0.9998571872711182,0
r2,primary,61,19,0.01344842062252351,0.9999097585678101,1.0,1.0,0,0.018959826789796352,0.06321090459823608,0.9998639822006226,0
r2,primary,61,20,0.041723349355550714,0.9993237853050232,1.0,0.9,0,0.018923774361610413,0.06338000297546387,0.9998652338981628,0
r2,primary,61,21,0.01853648351357357,0.9998389482498169,1.0,1.0,0,0.01884921919554472,0.06326282024383545,0.9998672604560852,0
r2,primary,61,22,0.03956651536596871,0.9992221593856812,1.0,0.95,0,0.02075642067939043,0.06243199110031128,0.9998295307159424,0
r2,primary,61,23,0.027850968690253036,0.9996154308319092,1.0,0.95,0,0.020971977151930332,0.07291322201490402,0.9998262822628021,0
r2,primary,61,24,0.010965573416233082,0.9999408721923828,1.0,1.0,0,0.019082147628068924,0.06559181213378906,0.9998686015605927,0
r2,primary,61,25,0.008051204684229638,0.9999685883522034,1.0,1.0,0,0.01857766415923834,0.06598860025405884,0.9998812675476074,0
r2,primary,61,26,0.011762251370427548,0.999932587146759,1.0,1.0,0,0.018211412243545055,0.06561195850372314,0.9998824298381805,0
r2,primary,61,27,0.010144659206897548,0.9999488592147827,1.0,1.0,0,0.01855715736746788,0.06501907110214233,0.9998710751533508,0
r2,primary,61,28,0.014069983383126745,0.999917209148407,1.0,1.0,0,0.017736824229359627,0.06511229276657104,0.9998792111873627,0
r2,primary,61,29,0.009689849141399582,0.9999539852142334,1.0,1.0,0,0.01772243808954954,0.06511306762695312,0.9998871684074402,0
r2,primary,61,30,0.00792371100462771,0.9999690055847168,1.0,1.0,0,0.01747361570596695,0.06466782093048096,0.9998898208141327,0
r2,primary,61,31,0.0075792390227070626,0.9999714493751526,1.0,1.0,0,0.017375820316374302,0.06427913904190063,0.9998931586742401,0
r2,primary,61,32,0.011284506413022586,0.9999560117721558,1.0,1.0,0,0.017306187190115452,0.06440943479537964,0.9998951256275177,0
r2,primary,61,33,0.00840012803179949,0.999964714050293,1.0,1.0,0,0.017244799993932247,0.06431210041046143,0.9998993575572968,0
r2,primary,61,34,0.022168781814461205,0.999756395816803,1.0,1.0,0,0.01807610597461462,0.06391990184783936,0.9998823702335358,0
r2,primary,61,35,0.012569903498629196,0.9999284744262695,1.0,1.0,0,0.01877498719841242,0.06385517120361328,0.9998615980148315,0
r2,primary,61,36,0.009970979222683436,0.999950647354126,1.0,0.95,0,0.01782387215644121,0.06343734264373779,0.9998813271522522,0
r2,primary,61,37,0.014236787038995708,0.999923586845398,1.0,1.0,0,0.017630325630307198,0.06376767158508301,0.9998881220817566,0
r2,primary,61,38,0.015995770953037395,0.9998726844787598,1.0,0.95,0,0.017989025451242924,0.06352955102920532,0.9998828768730164,0
r2,primary,61,39,0.009747964887406185,0.9999541640281677,1.0,1.0,0,0.018234924413263798,0.06311047077178955,0.9998796880245209,0
r2,primary,61,40,0.010502552709275189,0.9999539256095886,1.0,0.9,0,0.017592997290194035,0.06323719024658203,0.9998944997787476,0
r2,primary,61,41,0.01245626099508827,0.999929666519165,1.0,1.0,0,0.01760033518075943,0.0631188154220581,0.9998950362205505,0
r2,primary,61,42,0.0090813147615983,0.999958872795105,1.0,1.0,0,0.01724956277757883,0.0628516674041748,0.9998999238014221,0
r2,primary,61,43,0.010355229033932252,0.9999492168426514,1.0,1.0,0,0.0169585095718503,0.06239813566207886,0.9999068677425385,0
r2,primary,61,44,0.017344591653368394,0.9998499155044556,1.0,1.0,0,0.01818241085857153,0.06212949752807617,0.9998689889907837,0
r2,primary,61,45,0.010615835222185793,0.9999456405639648,1.0,0.95,0,0.01758344378322363,0.06215834617614746,0.9998922049999237,0
r2,primary,61,46,0.013475844756974874,0.9999101161956787,1.0,0.95,0,0.01775708608329296,0.06195628643035889,0.9998933970928192,0
r2,primary,61,47,0.018191337099866096,0.9998350143432617,1.0,1.0,0,0.017762252129614353,0.061697542667388916,0.9998910427093506,0
r2,primary,61,48,0.018086325749118188,0.9998369216918945,1.0,0.95,0,0.017716838978230953,0.06181138753890991,0.9998921453952789,0
r2,primary,61,49,0.01449636856787866,0.9998951554298401,1.0,0.95,0,0.017210906371474266,0.06126147508621216,0.9999019801616669,0
r2,primary,61,50,0.012279939319291448,0.9999272227287292,1.0,0.9,0,0.016968118026852608,0.06091409921646118,0.999906599521637,0
r2,primary,61,51,0.08519391481671555,0.996379017829895,1.0,0.85,0,0.020647970028221607,0.1885736584663391,0.9998319447040558,0
r2,primary,61,52,0.022926238232488558,0.999738872051239,1.0,0.95,0,0.023032900877296925,0.14159545302391052,0.999780684709549,0
r2,primary,61,53,0.015536685188751644,0.9998798370361328,1.0,0.95,0,0.020186069421470165,0.08026331663131714,0.9998375475406647,0
r2,primary,61,54,0.007828359597748457,0.9999696016311646,1.0,1.0,0,0.018365715630352497,0.06008422374725342,0.9998830258846283,0
r2,primary,61,55,0.010903174225125135,0.9999440908432007,1.0,0.95,0,0.017063068225979805,0.05949336290359497,0.9999096989631653,0
r2,primary,61,56,0.009266707711106178,0.9999581575393677,1.0,1.0,0,0.01679571531713009,0.05964219570159912,0.9999114274978638,0
r2,primary,61,57,0.009897652372806216,0.9999531507492065,1.0,0.95,0,0.016613440588116646,0.05936068296432495,0.9999162554740906,0
r2,primary,61,58,0.009709739419798833,0.9999608993530273,1.0,1.0,0,0.016586950048804283,0.05868643522262573,0.9999211728572845,0
r2,primary,61,59,0.011401241615172726,0.9999423027038574,1.0,1.0,0,0.017361129634082317,0.057974040508270264,0.9999087750911713,0
r2,primary,61,60,0.008615047802355677,0.9999675750732422,1.0,1.0,0,0.016953902319073677,0.058245182037353516,0.9999161660671234,0
r2,primary,61,61,0.008286760192056824,0.9999701380729675,1.0,1.0,0,0.01672679092735052,0.058073341846466064,0.9999099671840668,0
r2,primary,61,62,0.014529923115989989,0.9998967051506042,1.0,0.95,0,0.016258823685348034,0.05785834789276123,0.9999296069145203,0
r2,primary,61,63,0.008787745446776258,0.9999615550041199,0.0,1.0,0,0.01673933584243059,0.13967037200927734,0.9999130070209503,0
r2,primary,61,64,0.00810542917018058,0.9999673366546631,1.0,1.0,0,0.01585368299856782,0.057938992977142334,0.9999334514141083,0
r2,primary,61,65,0.015944010340027532,0.9998729228973389,1.0,1.0,0,0.015764897223562002,0.05763077735900879,0.9999335706233978,0
r2,primary,61,66,0.008407422112353128,0.9999688863754272,1.0,1.0,0,0.015625571366399527,0.05761510133743286,0.9999350011348724,0
r2,primary,61,67,0.008909845507977477,0.9999622106552124,1.0,1.0,0,0.01555619528517127,0.05693340301513672,0.9999348819255829,0
r2,primary,61,68,0.02082666849653691,0.9997832179069519,1.0,0.95,0,0.015495008323341608,0.05667382478713989,0.999936044216156,0
r2,primary,61,69,0.01385997894898407,0.9999093413352966,1.0,1.0,0,0.015481473412364721,0.05656665563583374,0.9999336004257202,0
r2,primary,61,70,0.07882576698386082,0.9973361492156982,1.0,0.95,0,0.0155217326246202,0.057860493659973145,0.9999220669269562,0
r2,primary,61,71,0.009674066395155768,0.9999566078186035,1.0,1.0,0,0.01544172689318657,0.05742764472961426,0.9999181032180786,0
r2,primary,61,72,0.009544640527723117,0.9999548196792603,1.0,1.0,0,0.015301072038710117,0.05733734369277954,0.9999328553676605,0
r2,primary,61,73,0.01136815114914313,0.999935507774353,1.0,0.95,0,0.015241520944982767,0.0555683970451355,0.999938428401947,0
r2,primary,61,74,0.011628707511738237,0.9999337196350098,0.0,1.0,0,0.015063282568007708,0.05594664812088013,0.9999366104602814,0
r2,primary,61,75,0.011476732538421932,0.9999343156814575,1.0,1.0,0,0.015352260321378708,0.05561918020248413,0.9999305307865143,0
r2,primary,61,76,0.007688150454081296,0.9999711513519287,1.0,1.0,0,0.01617321278899908,0.05531817674636841,0.9999073147773743,0
r2,primary,61,77,0.007195862504572623,0.9999741315841675,1.0,1.0,0,0.015151693020015955,0.05496704578399658,0.999934196472168,0
r2,primary,61,78,0.008520756393458322,0.9999641180038452,1.0,1.0,0,0.0149987256154418,0.05498307943344116,0.9999434351921082,0
r2,primary,61,79,0.007027933645557769,0.999975323677063,1.0,1.0,0,0.01476307725533843,0.05498301982879639,0.9999475479125977,0
r2,primary,61,80,0.014431751883264215,0.9998983144760132,1.0,0.95,0,0.014774470590054989,0.05515199899673462,0.9999450743198395,0
r2,primary,61,81,0.011433295927404812,0.999934732913971,1.0,1.0,0,0.014744525775313377,0.05471569299697876,0.999945193529129,0
r2,primary,61,82,0.007524251442158016,0.9999724626541138,1.0,1.0,0,0.014545334503054619,0.05484497547149658,0.999947726726532,0
r2,primary,61,83,0.04084635233643196,0.9992015361785889,1.0,1.0,0,0.01461829338222742,0.054581403732299805,0.9999452531337738,0
r2,primary,61,84,0.023997797082427493,0.999718427658081,1.0,1.0,0,0.01517666270956397,0.055680155754089355,0.9999285936355591,0
r2,primary,61,85,0.010352930833179579,0.9999473690986633,1.0,1.0,0,0.015483434312045574,0.054691851139068604,0.9999269545078278,0
r2,primary,61,86,0.008727615372536923,0.9999641180038452,1.0,0.95,0,0.014744549989700317,0.05456310510635376,0.9999415278434753,0
r2,primary,61,87,0.015204644793700593,0.9998860359191895,1.0,0.95,0,0.014629220124334097,0.054600417613983154,0.9999399483203888,0
r2,primary,61,88,0.017399915976604213,0.9998542070388794,1.0,1.0,0,0.014993891585618258,0.054442763328552246,0.9999298453330994,0
r2,primary,61,89,0.05097595165315694,0.9987045526504517,1.0,1.0,0,0.014397939667105675,0.054415106773376465,0.9999479651451111,0
r2,primary,61,90,0.01001744885881258,0.9999514222145081,1.0,1.0,0,0.014316149521619081,0.09562084078788757,0.9999496042728424,0
r2,primary,61,91,0.008654301667221526,0.999965250492096,1.0,1.0,0,0.014246175065636635,0.061794817447662354,0.9999521374702454,0
r2,primary,61,92,0.008435971950229994,0.9999681115150452,1.0,1.0,0,0.014344763942062855,0.060845375061035156,0.9999501705169678,0
r2,primary,61,93,0.00978670437622313,0.9999599456787109,1.0,1.0,0,0.01417514169588685,0.06074383854866028,0.9999518990516663,0
r2,primary,61,94,0.0071689373095668325,0.9999748468399048,1.0,1.0,0,0.01412078132852912,0.06085628271102905,0.9999521672725677,0
r2,primary,61,95,0.012479785043582789,0.9999220967292786,1.0,1.0,0,0.01407325780019164,0.06055980920791626,0.9999515116214752,0
r2,primary,61,96,0.009225250646413746,0.9999580383300781,1.0,1.0,0,0.01418862771242857,0.05841299891471863,0.9999501407146454,0
r2,primary,61,97,0.011405837886144542,0.9999371767044067,1.0,0.85,0,0.014186353422701359,0.0578269362449646,0.99994957447052,0
r2,primary,61,98,0.04065170694022762,0.999203085899353,1.0,0.95,0,0.015467908699065447,0.05791217088699341,0.9999227821826935,0
r2,primary,61,99,0.01870269030010362,0.9998431205749512,1.0,1.0,0,0.015620298217982054,0.057535767555236816,0.9999166131019592,0
r2,primary,61,100,0.007764471624974837,0.9999706745147705,1.0,1.0,0,0.01515873009338975,0.06592267751693726,0.9999153316020966,0
r2,primary,61,101,0.00759514530684113,0.9999710917472839,1.0,1.0,0,0.014145857654511929,0.056435346603393555,0.9999406635761261,0
r2,primary,61,102,0.006920656977023216,0.9999784827232361,1.0,0.95,0,0.014037922490388155,0.056301653385162354,0.9999466836452484,0
r2,primary,61,103,0.012993008818444332,0.9999231100082397,1.0,1.0,0,0.013876058626919985,0.05345267057418823,0.9999503791332245,0
r2,primary,61,104,0.007072829990110328,0.9999766945838928,1.0,0.95,0,0.013880522921681404,0.05268627405166626,0.9999493956565857,0
r2,primary,61,105,0.0077242341980767685,0.9999703168869019,1.0,1.0,0,0.013782680965960026,0.052680373191833496,0.9999476373195648,0
r2,primary,61,106,0.00826634726536294,0.9999661445617676,1.0,1.0,0,0.014252374414354563,0.052845776081085205,0.9999320805072784,0
r2,primary,61,107,0.006689570883725351,0.9999825954437256,1.0,1.0,0,0.015038324519991875,0.052593231201171875,0.9999164640903473,0
r2,primary,61,108,0.008916865595845347,0.9999619126319885,1.0,1.0,0,0.014585791155695915,0.05223768949508667,0.9999289810657501,0
r2,primary,61,109,0.007489722861761772,0.9999756813049316,1.0,1.0,0,0.013765837997198105,0.05234682559967041,0.9999482333660126,0
r2,primary,61,110,0.012564257621876004,0.9999213218688965,1.0,0.95,0,0.01367531856521964,0.05250811576843262,0.9999493658542633,0
r2,primary,61,111,0.01710359143985647,0.9998685121536255,1.0,1.0,0,0.013935646042227745,0.052697598934173584,0.9999485313892365,0
r2,primary,61,112,0.014957821197676545,0.9998981952667236,1.0,1.0,0,0.013772094156593084,0.05265069007873535,0.9999474883079529,0
r2,primary,61,113,0.011048334910677833,0.9999392032623291,1.0,1.0,0,0.01393582159653306,0.052652716636657715,0.9999456405639648,0
r2,primary,61,114,0.009499074199075596,0.9999714493751526,1.0,1.0,0,0.013620809651911259,0.05272716283798218,0.9999482929706573,0
r2,primary,61,115,0.009857663447809735,0.9999514818191528,1.0,1.0,0,0.013544241432100534,0.05273395776748657,0.999951034784317,0
r2,primary,61,116,0.008312886806763686,0.9999706149101257,1.0,1.0,0,0.013509385287761688,0.05278325080871582,0.9999510943889618,0
r2,primary,61,117,0.008668800945065454,0.9999651312828064,1.0,0.95,0,0.013445203192532063,0.05263298749923706,0.9999522864818573,0
r2,primary,61,118,0.008064876303368227,0.999967634677887,1.0,1.0,0,0.013341366779059172,0.052257001399993896,0.9999529719352722,0
r2,primary,61,119,0.008339863668064988,0.9999688863754272,0.0,1.0,0,0.013294336386024952,0.052387893199920654,0.9999541938304901,0
r2,primary,61,120,0.006107959575139307,0.9999813437461853,1.0,1.0,0,0.013421251904219389,0.05235093832015991,0.9999542534351349,0
r2,primary,61,121,0.008069915126066285,0.9999704360961914,1.0,1.0,0,0.013318438082933426,0.05205881595611572,0.9999561905860901,0
r2,primary,61,122,0.007057305254094191,0.9999750852584839,1.0,1.0,0,0.013263162225484848,0.052224576473236084,0.9999564588069916,0
r2,primary,61,123,0.010362336219204045,0.9999463558197021,1.0,0.95,0,0.013301231432706118,0.05273020267486572,0.999954491853714,0
r2,primary,61,124,0.009369442931641072,0.9999566078186035,1.0,1.0,0,0.013322452083230019,0.052684485912323,0.9999529421329498,0
r2,primary,61,125,0.013125134776309826,0.9999219179153442,1.0,1.0,0,0.013242142740637064,0.05268096923828125,0.999954342842102,0
r2,primary,61,126,0.016165732191230325,0.9998763203620911,1.0,1.0,0,0.01317962072789669,0.052724242210388184,0.9999552369117737,0
r2,primary,61,127,0.015685989937704932,0.9998773336410522,1.0,1.0,0,0.013268360868096352,0.05268526077270508,0.9999536275863647,0
r2,primary,61,128,0.007554535430871935,0.9999781250953674,1.0,1.0,0,0.013281339779496193,0.05260729789733887,0.9999555349349976,0
r2,primary,64,0,0.01842572417615673,0.999832034111023,1.0,1.0,0,0.024572469294071198,0.06201490759849548,0.999737560749054,0
r2,primary,64,1,0.011185928563927678,0.9999378323554993,1.0,0.95,0,0.023325235582888126,0.06135988235473633,0.9997762441635132,0
r2,primary,64,2,0.008250837069801897,0.9999675750732422,1.0,1.0,0,0.022413057275116444,0.06151887774467468,0.9998028576374054,0
r2,primary,64,3,0.011330637660805906,0.9999463558197021,1.0,1.0,0,0.021657495759427547,0.06144145131111145,0.9998144805431366,0
r2,primary,64,4,0.008895608098340361,0.9999666810035706,1.0,0.95,0,0.021394400857388973,0.061362266540527344,0.999830812215805,0
r2,primary,64,5,0.010212662950029282,0.9999488592147827,1.0,0.95,0,0.020865275524556637,0.06002461910247803,0.9998413026332855,0
r2,primary,64,6,0.016205210167086256,0.9998686909675598,1.0,0.95,0,0.020954135805368423,0.05968332290649414,0.9998367726802826,0
r2,primary,64,7,0.020222579682906392,0.9998014569282532,0.0,0.95,0,0.022112409584224224,0.05992990732192993,0.9998070597648621,0
r2,primary,64,8,0.027976400919908294,0.9997121095657349,1.0,0.9,0,0.023952852934598923,0.06487113237380981,0.9997436106204987,0
r2,primary,64,9,0.020955177427111914,0.9998228549957275,1.0,1.0,0,0.024096697568893433,0.060546278953552246,0.9997414350509644,0
r2,primary,64,10,0.013956251879173343,0.9999166131019592,1.0,1.0,0,0.024037248454988003,0.06016454100608826,0.9997580051422119,0
r2,primary,64,11,0.024098273681825724,0.9997391104698181,1.0,1.0,0,0.02497493103146553,0.06036818027496338,0.9997389614582062,0
r2,primary,64,12,0.017708598952631733,0.9998674392700195,1.0,0.95,0,0.02778442483395338,0.11154294013977051,0.999654084444046,0
r2,primary,64,13,0.011182144892433125,0.99994295835495,1.0,1.0,0,0.024578100070357323,0.0732470452785492,0.9997529983520508,0
r2,primary,64,14,0.008324103928782326,0.9999656677246094,1.0,0.95,0,0.02450738474726677,0.06051379442214966,0.9997548758983612,0
r2,primary,64,15,0.010251772053293794,0.9999483823776245,1.0,1.0,0,0.02320996578782797,0.060329824686050415,0.9997853338718414,0
r2,primary,64,16,0.012931025893975176,0.9999191761016846,1.0,0.95,0,0.022786936722695827,0.06020691990852356,0.9997951984405518,0
r2,primary,64,17,0.016125492675026814,0.9998712539672852,1.0,0.95,0,0.02264465671032667,0.06022098660469055,0.9997984170913696,0
r2,primary,64,18,0.1309613113517061,0.9952779412269592,1.0,0.9,0,0.022694721817970276,0.05988699197769165,0.9997963905334473,0
r2,primary,64,19,0.018846831972999613,0.9998310804367065,1.0,1.0,0,0.02249934710562229,0.05958482623100281,0.9998024106025696,0
r2,primary,64,20,0.01363625097616178,0.9999096393585205,1.0,1.0,0,0.022406265139579773,0.059612005949020386,0.9998023509979248,0
r2,primary,64,21,0.014044189739036305,0.9999114274978638,1.0,1.0,0,0.022128731943666935,0.060639917850494385,0.9998117089271545,0
r2,primary,64,22,0.027180831008785947,0.9997360706329346,1.0,1.0,0,0.02181748766452074,0.06132158637046814,0.9998167157173157,0
r2,primary,64,23,0.03334223994512702,0.9994461536407471,1.0,0.95,0,0.02187118399888277,0.06064215302467346,0.9998150169849396,0
r2,primary,64,24,0.018908873828932866,0.9998741149902344,1.0,1.0,0,0.02194136194884777,0.06066000461578369,0.9998115003108978,0
r2,primary,64,25,0.017484569324248064,0.9998593330383301,1.0,1.0,0,0.022490963339805603,0.06049373745918274,0.9997996091842651,0
r2,primary,64,26,0.018288936184355148,0.9998525381088257,1.0,0.95,0,0.023367173969745636,0.06080397963523865,0.9997760057449341,0
r2,primary,64,27,0.008030120917842507,0.9999679327011108,1.0,1.0,0,0.02215640526264906,0.060794174671173096,0.9998042285442352,0
r2,primary,64,28,0.05383659208203326,0.9988731145858765,1.0,1.0,0,0.02240204345434904,0.060811847448349,0.9997973740100861,0
r2,primary,64,29,0.028424916748328963,0.9996181130409241,1.0,1.0,0,0.022552471607923508,0.06380853056907654,0.999791830778122,0
r2,primary,64,30,0.031971299032010556,0.9995883703231812,1.0,0.95,0,0.02224501222372055,0.060641974210739136,0.9997981786727905,0
r2,primary,64,31,0.017738787240628436,0.9998514652252197,1.0,0.95,0,0.021864045411348343,0.06094285845756531,0.9998087286949158,0
r2,primary,64,32,0.030417961988615523,0.9995425939559937,1.0,1.0,0,0.021471651270985603,0.060778796672821045,0.9998148083686829,0
r2,primary,64,33,0.016458366236841118,0.9999008178710938,1.0,1.0,0,0.021474414505064487,0.060602039098739624,0.9998155832290649,0
r2,primary,64,34,0.0128146888041428,0.9999356269836426,1.0,1.0,0,0.021125719882547855,0.0604802668094635,0.9998319745063782,0
r2,primary,64,35,0.027002900242205866,0.9997167587280273,1.0,0.95,0,0.023213927634060383,0.08305186033248901,0.9997923970222473,0
r2,primary,64,36,0.025665739460282656,0.9996759295463562,0.0,1.0,0,0.02604010421782732,0.18034496903419495,0.9997025430202484,0
r2,primary,64,37,0.029967346534023703,0.9995543360710144,1.0,0.9,0,0.02449582889676094,0.08278559148311615,0.9997660219669342,0
r2,primary,64,38,0.015264928777194278,0.9998892545700073,1.0,1.0,0,0.023250214755535126,0.17539143562316895,0.9997742474079132,0
r2,primary,64,39,0.013969899660500608,0.9999150037765503,1.0,0.95,0,0.0238197548314929,0.09483194351196289,0.999777227640152,0
r2,primary,64,40,0.017112712480149273,0.9998571872711182,1.0,0.9,0,0.023626375012099743,0.06108866631984711,0.999786376953125,0
r2,primary,64,41,0.015100904278713365,0.9998929500579834,1.0,1.0,0,0.02411077544093132,0.06112892925739288,0.9997716546058655,0
r2,primary,64,42,0.01330599903995192,0.9999117255210876,1.0,0.95,0,0.023439936339855194,0.060647349804639816,0.9997883439064026,0
r2,primary,64,43,0.013622862719810171,0.9999074339866638,1.0,1.0,0,0.02169548999518156,0.06037580966949463,0.9998286664485931,0
r2,primary,64,44,0.015118945320995582,0.9998868107795715,1.0,1.0,0,0.021221328526735306,0.06023070216178894,0.9998396933078766,0
r2,primary,64,45,0.015038324570117867,0.9998959302902222,1.0,1.0,0,0.02061318326741457,0.06029483675956726,0.9998501539230347,0
r2,primary,64,46,0.014473106235078359,0.9998961687088013,1.0,0.95,0,0.020347116515040398,0.0604117214679718,0.9998527765274048,0
r2,primary,64,47,0.01611017218342654,0.9998713731765747,1.0,0.95,0,0.020318672992289066,0.060528576374053955,0.9998518824577332,0
r2,primary,64,48,0.050950371108917585,0.9987022876739502,1.0,1.0,0,0.020990004763007164,0.060486435890197754,0.9998336136341095,0
r2,primary,64,49,0.03145345683650625,0.9995068311691284,1.0,0.9,0,0.020337997935712337,0.06044197082519531,0.9998452961444855,0
r2,primary,64,50,0.013252182912650195,0.99991375207901,1.0,0.95,0,0.01994117721915245,0.06042855978012085,0.9998513162136078,0
r2,primary,64,51,0.024613053309689145,0.999704122543335,1.0,1.0,0,0.019876763224601746,0.06048575043678284,0.9998486042022705,0
r2,primary,64,52,0.01550129260925726,0.9998911619186401,1.0,1.0,0,0.02076070476323366,0.12352778017520905,0.9998341798782349,0
r2,primary,64,53,0.013215154516716737,0.9999127984046936,1.0,1.0,0,0.02174676675349474,0.05912044644355774,0.9998178780078888,0
r2,primary,64,54,0.008361206623113243,0.9999668598175049,1.0,1.0,0,0.020490366965532303,0.0596030056476593,0.9998467862606049,0
r2,primary,64,55,0.012092518112246622,0.9999409914016724,1.0,0.95,0,0.020236408337950706,0.059380561113357544,0.999851256608963,0
r2,primary,64,56,0.014855669178753859,0.9998937249183655,1.0,0.95,0,0.020366487093269825,0.0591886043548584,0.9998503029346466,0
r2,primary,64,57,0.02118883142189123,0.9997755885124207,1.0,1.0,0,0.020783976651728153,0.059771716594696045,0.9998341798782349,0
r2,primary,64,58,0.008997553569044397,0.9999668002128601,1.0,1.0,0,0.0206842003390193,0.06003895401954651,0.9998359978199005,0
r2,primary,64,59,0.010824938384651683,0.9999417662620544,1.0,1.0,0,0.01963720005005598,0.06002545356750488,0.999854177236557,0
r2,primary,64,60,0.01323095849226715,0.999912679195404,1.0,1.0,0,0.01942409109324217,0.06001788377761841,0.9998564720153809,0
r2,primary,64,61,0.01874464987695575,0.999825119972229,1.0,1.0,0,0.0195614630356431,0.05991896986961365,0.9998532235622406,0
r2,primary,64,62,0.013972085418519853,0.9999032616615295,1.0,1.0,0,0.019963419064879417,0.05982726812362671,0.9998454749584198,0
r2,primary,64,63,0.04018114281485764,0.9991933107376099,1.0,0.9,0,0.020275290124118328,0.059859007596969604,0.9998362064361572,0
r2,primary,64,64,0.022975314475019066,0.9997361302375793,1.0,0.95,0,0.020369981415569782,0.05987462401390076,0.9998318552970886,0
r2,primary,64,65,0.010959907426961776,0.9999403953552246,1.0,1.0,0,0.019657091237604618,0.060519635677337646,0.9998551905155182,0
r2,primary,64,66,0.01868608845887342,0.9998263716697693,1.0,1.0,0,0.0190617386251688,0.059326767921447754,0.9998684525489807,0
r2,primary,64,67,0.016585255882943167,0.9998902082443237,1.0,1.0,0,0.01881543453782797,0.05978301167488098,0.9998725652694702,0
r2,primary,64,68,0.012184280725012011,0.9999258518218994,1.0,1.0,0,0.018594692461192608,0.05983686447143555,0.9998764097690582,0
r2,primary,64,69,0.017337680372585738,0.9998499751091003,1.0,1.0,0,0.018698611296713352,0.05993947386741638,0.9998738169670105,0
r2,primary,64,70,0.008750995198527959,0.9999626278877258,1.0,1.0,0,0.018266217783093452,0.060196757316589355,0.9998814463615417,0
r2,primary,64,71,0.018719454968411493,0.9998250007629395,1.0,1.0,0,0.018155810423195362,0.06023472547531128,0.9998817443847656,0
r2,primary,64,72,0.024557713817525497,0.9997103214263916,1.0,1.0,0,0.018336612731218338,0.06035119295120239,0.9998793601989746,0
r2,primary,64,73,0.010950130595397936,0.9999424815177917,1.0,1.0,0,0.01848699990659952,0.06066548824310303,0.9998734593391418,0
r2,primary,64,74,0.011987298158020968,0.9999299049377441,1.0,1.0,0,0.018142265267670155,0.06056499481201172,0.9998800754547119,0
r2,primary,64,75,0.019301223384340153,0.9998282194137573,1.0,1.0,0,0.018589547835290432,0.06057983636856079,0.9998693466186523,0
r2,primary,64,76,0.019185134784218256,0.9998174905776978,1.0,0.95,0,0.018154770135879517,0.060649871826171875,0.999883621931076,0
r2,primary,64,77,0.018258845686078082,0.9998542070388794,1.0,1.0,0,0.018676879815757275,0.060723721981048584,0.9998706877231598,0
r2,primary,64,78,0.010388680527411709,0.9999461770057678,1.0,0.95,0,0.0198208075016737,0.060609400272369385,0.9998493790626526,0
r2,primary,64,79,0.011189119023097533,0.9999376535415649,1.0,0.95,0,0.019591801799833775,0.060687482357025146,0.9998547434806824,0
r2,primary,64,80,0.009442274722873095,0.9999617338180542,0.0,1.0,0,0.019165297970175743,0.0608653724193573,0.9998681843280792,0
r2,primary,64,81,0.016172161063707644,0.9998751282691956,1.0,0.95,0,0.018751971423625946,0.06120464205741882,0.9998658001422882,0
r2,primary,64,82,0.008688786045076844,0.9999626874923706,1.0,1.0,0,0.01857718452811241,0.06141996383666992,0.9998687505722046,0
r2,primary,64,83,0.010099499582306144,0.9999493956565857,1.0,1.0,0,0.018886329606175423,0.061564475297927856,0.9998638033866882,0
r2,primary,64,84,0.06415322475468771,0.9983306527137756,1.0,0.95,0,0.01877562329173088,0.06113806366920471,0.9998586773872375,0
r2,primary,64,85,0.011261988436116628,0.9999367594718933,1.0,1.0,0,0.018746656365692616,0.06128224730491638,0.999860554933548,0
r2,primary,64,86,0.008358758855268732,0.999965250492096,1.0,1.0,0,0.018547850660979748,0.06120657920837402,0.999862015247345,0
r2,primary,64,87,0.022528414635231232,0.999758243560791,1.0,1.0,0,0.019267059862613678,0.061124712228775024,0.9998538792133331,0
r2,primary,64,88,0.06620853077090001,0.9979555606842041,1.0,0.9,0,0.020355619490146637,0.07384952902793884,0.9998256862163544,0
r2,primary,64,89,0.038967284236136726,0.9994274377822876,1.0,0.95,0,0.020022914744913578,0.1049942821264267,0.9998361468315125,0
r2,primary,64,90,0.009908912450870437,0.9999537467956543,1.0,1.0,0,0.01984002161771059,0.07091671228408813,0.9998432099819183,0
r2,primary,64,91,0.007577888744931918,0.999971866607666,1.0,0.95,0,0.019169634208083153,0.06060075759887695,0.999863862991333,0
r2,primary,64,92,0.01013578808314443,0.99994957447052,1.0,1.0,0,0.0187427569180727,0.06074488162994385,0.9998684525489807,0
r2,primary,64,93,0.018121717379365368,0.9998463988304138,1.0,0.95,0,0.018378683365881443,0.060648113489151,0.9998806118965149,0
r2,primary,64,94,0.019858669455542186,0.9998055696487427,1.0,1.0,0,0.0181030435487628,0.06124383211135864,0.9998852014541626,0
r2,primary,64,95,0.007849279803842896,0.9999711513519287,1.0,1.0,0,0.017691679298877716,0.061864495277404785,0.9998940825462341,0
r2,primary,64,96,0.011422666543592197,0.9999374151229858,1.0,1.0,0,0.01738329604268074,0.06164276599884033,0.9998993873596191,0
r2,primary,64,97,0.014041543022226034,0.9999080896377563,1.0,1.0,0,0.017290386371314526,0.06159466505050659,0.9999023973941803,0
r2,primary,64,98,0.010207960578088787,0.9999480247497559,1.0,1.0,0,0.017155618406832218,0.0616094172000885,0.9999024271965027,0
r2,primary,64,99,0.014037062545023472,0.9999018907546997,1.0,1.0,0,0.01701708510518074,0.061276525259017944,0.9999068975448608,0
r2,primary,64,100,0.04390728916520367,0.999091386795044,1.0,1.0,0,0.01753274630755186,0.061438679695129395,0.9998954236507416,0
r2,primary,64,101,0.014371954620273337,0.9999098777770996,1.0,0.95,0,0.01807747408747673,0.061539918184280396,0.9998855590820312,0
r2,primary,64,102,0.06984995581398921,0.9979454874992371,1.0,0.95,0,0.020338010042905807,0.0733155608177185,0.9998280704021454,0
r2,primary,64,103,0.01747077003350736,0.9998493194580078,1.0,1.0,0,0.021781892515718937,0.0675855427980423,0.9998003244400024,0
r2,primary,64,104,0.02569700434933688,0.9996726512908936,1.0,1.0,0,0.01998252607882023,0.061829179525375366,0.9998447299003601,0
r2,primary,64,105,0.02864405041594566,0.999600887298584,1.0,1.0,0,0.0203374857082963,0.061794817447662354,0.9998397827148438,0
r2,primary,64,106,0.02176184395434724,0.9997818470001221,1.0,1.0,0,0.019595871679484844,0.06175139546394348,0.9998553693294525,0
r2,primary,64,107,0.01887951175369569,0.9998269081115723,1.0,0.95,0,0.019497583620250225,0.06180065870285034,0.9998543560504913,0
r2,primary,64,108,0.008832234188323946,0.9999618530273438,1.0,1.0,0,0.019121594727039337,0.06156250834465027,0.9998632073402405,0
r2,primary,64,109,0.01153071934652769,0.9999363422393799,1.0,1.0,0,0.018820378929376602,0.06163409352302551,0.9998614192008972,0
r2,primary,64,110,0.023442134728970842,0.999750018119812,1.0,0.95,0,0.018562519922852516,0.0615217387676239,0.9998723268508911,0
r2,primary,64,111,0.0290867572875697,0.9995790719985962,1.0,0.95,0,0.01853884384036064,0.061298638582229614,0.999857634305954,0
r2,primary,64,112,0.01447589173100708,0.9999029040336609,1.0,1.0,0,0.018280263990163803,0.06139039993286133,0.9998692274093628,0
r2,primary,64,113,0.023066127958467245,0.9997589588165283,1.0,1.0,0,0.018115490674972534,0.062120139598846436,0.9998747408390045,0
r2,primary,64,114,0.021152084967373693,0.9997863173484802,1.0,0.95,0,0.01834100391715765,0.061976492404937744,0.9998700022697449,0
r2,primary,64,115,0.01335259509729707,0.9999166131019592,1.0,1.0,0,0.018550297245383263,0.061860084533691406,0.9998722076416016,0
r2,primary,64,116,0.011533673400935193,0.9999335408210754,1.0,0.95,0,0.0182441845536232,0.06179806590080261,0.9998785853385925,0
r2,primary,64,117,0.08599279393094705,0.9972884654998779,1.0,0.95,0,0.01842632330954075,0.06150102615356445,0.9998598396778107,0
r2,primary,64,118,0.03215297524062378,0.9994853734970093,1.0,0.95,0,0.020353426225483418,0.167807936668396,0.9998226761817932,0
r2,primary,64,119,0.015563052010480522,0.9998788833618164,1.0,0.95,0,0.0198495676741004,0.07298853993415833,0.9998405277729034,0
r2,primary,64,120,0.026798332920192975,0.9996669292449951,1.0,0.95,0,0.019074139185249805,0.061558276414871216,0.9998535215854645,0
r2,primary,64,121,0.015528027917642438,0.9998795986175537,1.0,0.95,0,0.018663142807781696,0.06160816550254822,0.9998550117015839,0
r2,primary,64,122,0.009159509421065113,0.9999582767486572,1.0,1.0,0,0.017734277993440628,0.06135445833206177,0.9998985230922699,0
r2,primary,64,123,0.008380995209099086,0.9999672174453735,1.0,1.0,0,0.017036651261150837,0.061288297176361084,0.9999122619628906,0
r2,primary,64,124,0.008619321480781907,0.9999629259109497,1.0,1.0,0,0.016898157075047493,0.06144821643829346,0.9999150037765503,0
r2,primary,64,125,0.060052940383082835,0.9984824061393738,1.0,1.0,0,0.01866202149540186,0.061310023069381714,0.999861091375351,0
r2,primary,64,126,0.03177715941649853,0.9994990825653076,1.0,1.0,0,0.02026749961078167,0.0722506046295166,0.9998396635055542,0
r2,primary,64,127,0.014971159337003059,0.999901294708252,1.0,0.95,0,0.019546614959836006,0.06725600361824036,0.9998530745506287,0
r2,primary,64,128,0.00934306392439333,0.999956488609314,1.0,0.95,0,0.016931330785155296,0.06655552983283997,0.9998891055583954,0
r2,stress,61,0,0.03538096790118658,0.9994105696678162,1.0,1.0,0,0.02686072513461113,0.08757710456848145,0.9996846616268158,0
r2,stress,61,1,0.013948587943582863,0.9999048113822937,1.0,1.0,0,0.02498476393520832,0.07031762599945068,0.9997379779815674,0
r2,stress,61,2,0.011399547277551863,0.9999357461929321,1.0,1.0,0,0.023134466260671616,0.07034838199615479,0.9997851252555847,0
r2,stress,61,3,0.011954631613439945,0.9999336004257202,1.0,0.95,0,0.022203500382602215,0.06974667310714722,0.9997972249984741,0
r2,stress,61,4,0.009201596829124765,0.9999650120735168,1.0,1.0,0,0.021715259179472923,0.06909328699111938,0.9998078048229218,0
r2,stress,61,5,0.022519329114643546,0.999748170375824,1.0,1.0,0,0.020958343520760536,0.06872546672821045,0.9998184740543365,0
r2,stress,61,6,0.018242155649862937,0.9998383522033691,1.0,0.95,0,0.020620238967239857,0.06803363561630249,0.9998226165771484,0
r2,stress,61,7,0.01096900680206196,0.9999398589134216,1.0,0.95,0,0.01994537841528654,0.06722205877304077,0.9998401999473572,0
r2,stress,61,8,0.007272447894466376,0.9999735355377197,1.0,0.95,0,0.019705905579030514,0.06680601835250854,0.9998413622379303,0
r2,stress,61,9,0.008175232306292435,0.9999686479568481,1.0,1.0,0,0.01993455644696951,0.06589657068252563,0.9998480379581451,0
r2,stress,61,10,0.016363262934681606,0.9998957514762878,1.0,0.95,0,0.01976003125309944,0.06518328189849854,0.9998567700386047,0
r2,stress,61,11,0.0067547176873776135,0.9999791383743286,1.0,0.95,0,0.01984015852212906,0.06499230861663818,0.9998549222946167,0
r2,stress,61,12,0.008252579439939478,0.9999697208404541,1.0,1.0,0,0.01999750640243292,0.06474250555038452,0.9998547434806824,0
r2,stress,61,13,0.012418602847205099,0.9999350309371948,1.0,1.0,0,0.019494212232530117,0.06465113162994385,0.9998615682125092,0
r2,stress,61,14,0.012300077992782637,0.9999275803565979,1.0,1.0,0,0.01959719229489565,0.0640363097190857,0.9998560547828674,0
r2,stress,61,15,0.014863602641079388,0.9999208450317383,1.0,1.0,0,0.019754329696297646,0.06395721435546875,0.9998469650745392,0
r2,stress,61,16,0.012482243871186436,0.9999406337738037,1.0,0.95,0,0.0190733065828681,0.06355971097946167,0.9998625814914703,0
r2,stress,61,17,0.036882531669134834,0.9993503093719482,1.0,0.95,0,0.019032616168260574,0.06328755617141724,0.9998599588871002,0
r2,stress,61,18,0.04126451867252216,0.9993613958358765,1.0,0.95,0,0.019145989790558815,0.06336444616317749,0.9998571872711182,0
r2,stress,61,19,0.01344842062252351,0.9999097585678101,1.0,1.0,0,0.018959826789796352,0.06321090459823608,0.9998639822006226,0
r2,stress,61,20,0.041723349355550714,0.9993237853050232,1.0,0.9,0,0.018923774361610413,0.06338000297546387,0.9998652338981628,0
r2,stress,61,21,0.01853648351357357,0.9998389482498169,1.0,1.0,0,0.01884921919554472,0.06326282024383545,0.9998672604560852,0
r2,stress,61,22,0.03956651536596871,0.9992221593856812,1.0,0.95,0,0.02075642067939043,0.06243199110031128,0.9998295307159424,0
r2,stress,61,23,0.027850968690253036,0.9996154308319092,1.0,0.95,0,0.020971977151930332,0.07291322201490402,0.9998262822628021,0
r2,stress,61,24,0.010965573416233082,0.9999408721923828,1.0,1.0,0,0.019082147628068924,0.06559181213378906,0.9998686015605927,0
r2,stress,61,25,0.008051204684229638,0.9999685883522034,1.0,1.0,0,0.01857766415923834,0.06598860025405884,0.9998812675476074,0
r2,stress,61,26,0.011762251370427548,0.999932587146759,1.0,1.0,0,0.018211412243545055,0.06561195850372314,0.9998824298381805,0
r2,stress,61,27,0.010144659206897548,0.9999488592147827,1.0,1.0,0,0.01855715736746788,0.06501907110214233,0.9998710751533508,0
r2,stress,61,28,0.014069983383126745,0.999917209148407,1.0,1.0,0,0.017736824229359627,0.06511229276657104,0.9998792111873627,0
r2,stress,61,29,0.009689849141399582,0.9999539852142334,1.0,1.0,0,0.01772243808954954,0.06511306762695312,0.9998871684074402,0
r2,stress,61,30,0.00792371100462771,0.9999690055847168,1.0,1.0,0,0.01747361570596695,0.06466782093048096,0.9998898208141327,0
r2,stress,61,31,0.0075792390227070626,0.9999714493751526,1.0,1.0,0,0.017375820316374302,0.06427913904190063,0.9998931586742401,0
r2,stress,61,32,0.011284506413022586,0.9999560117721558,1.0,1.0,0,0.017306187190115452,0.06440943479537964,0.9998951256275177,0
r2,stress,61,33,0.00840012803179949,0.999964714050293,1.0,1.0,0,0.017244799993932247,0.06431210041046143,0.9998993575572968,0
r2,stress,61,34,0.022168781814461205,0.999756395816803,1.0,1.0,0,0.01807610597461462,0.06391990184783936,0.9998823702335358,0
r2,stress,61,35,0.012569903498629196,0.9999284744262695,1.0,1.0,0,0.01877498719841242,0.06385517120361328,0.9998615980148315,0
r2,stress,61,36,0.009970979222683436,0.999950647354126,1.0,0.95,0,0.01782387215644121,0.06343734264373779,0.9998813271522522,0
r2,stress,61,37,0.014236787038995708,0.999923586845398,1.0,1.0,0,0.017630325630307198,0.06376767158508301,0.9998881220817566,0
r2,stress,61,38,0.015995770953037395,0.9998726844787598,1.0,0.95,0,0.017989025451242924,0.06352955102920532,0.9998828768730164,0
r2,stress,61,39,0.009747964887406185,0.9999541640281677,1.0,1.0,0,0.018234924413263798,0.06311047077178955,0.9998796880245209,0
r2,stress,61,40,0.010502552709275189,0.9999539256095886,1.0,0.9,0,0.017592997290194035,0.06323719024658203,0.9998944997787476,0
r2,stress,61,41,0.01245626099508827,0.999929666519165,1.0,1.0,0,0.01760033518075943,0.0631188154220581,0.9998950362205505,0
r2,stress,61,42,0.0090813147615983,0.999958872795105,1.0,1.0,0,0.01724956277757883,0.0628516674041748,0.9998999238014221,0
r2,stress,61,43,0.010355229033932252,0.9999492168426514,1.0,1.0,0,0.0169585095718503,0.06239813566207886,0.9999068677425385,0
r2,stress,61,44,0.017344591653368394,0.9998499155044556,1.0,1.0,0,0.01818241085857153,0.06212949752807617,0.9998689889907837,0
r2,stress,61,45,0.010615835222185793,0.9999456405639648,1.0,0.95,0,0.01758344378322363,0.06215834617614746,0.9998922049999237,0
r2,stress,61,46,0.013475844756974874,0.9999101161956787,1.0,0.95,0,0.01775708608329296,0.06195628643035889,0.9998933970928192,0
r2,stress,61,47,0.018191337099866096,0.9998350143432617,1.0,1.0,0,0.017762252129614353,0.061697542667388916,0.9998910427093506,0
r2,stress,61,48,0.018086325749118188,0.9998369216918945,1.0,0.95,0,0.017716838978230953,0.06181138753890991,0.9998921453952789,0
r2,stress,61,49,0.01449636856787866,0.9998951554298401,1.0,0.95,0,0.017210906371474266,0.06126147508621216,0.9999019801616669,0
r2,stress,61,50,0.012279939319291448,0.9999272227287292,1.0,0.9,0,0.016968118026852608,0.06091409921646118,0.999906599521637,0
r2,stress,61,51,0.08519391481671555,0.996379017829895,1.0,0.85,0,0.020647970028221607,0.1885736584663391,0.9998319447040558,0
r2,stress,61,52,0.022926238232488558,0.999738872051239,1.0,0.95,0,0.023032900877296925,0.14159545302391052,0.999780684709549,0
r2,stress,61,53,0.015536685188751644,0.9998798370361328,1.0,0.95,0,0.020186069421470165,0.08026331663131714,0.9998375475406647,0
r2,stress,61,54,0.007828359597748457,0.9999696016311646,1.0,1.0,0,0.018365715630352497,0.06008422374725342,0.9998830258846283,0
r2,stress,61,55,0.010903174225125135,0.9999440908432007,1.0,0.95,0,0.017063068225979805,0.05949336290359497,0.9999096989631653,0
r2,stress,61,56,0.009266707711106178,0.9999581575393677,1.0,1.0,0,0.01679571531713009,0.05964219570159912,0.9999114274978638,0
r2,stress,61,57,0.009897652372806216,0.9999531507492065,1.0,0.95,0,0.016613440588116646,0.05936068296432495,0.9999162554740906,0
r2,stress,61,58,0.009709739419798833,0.9999608993530273,1.0,1.0,0,0.016586950048804283,0.05868643522262573,0.9999211728572845,0
r2,stress,61,59,0.011401241615172726,0.9999423027038574,1.0,1.0,0,0.017361129634082317,0.057974040508270264,0.9999087750911713,0
r2,stress,61,60,0.008615047802355677,0.9999675750732422,1.0,1.0,0,0.016953902319073677,0.058245182037353516,0.9999161660671234,0
r2,stress,61,61,0.008286760192056824,0.9999701380729675,1.0,1.0,0,0.01672679092735052,0.058073341846466064,0.9999099671840668,0
r2,stress,61,62,0.014529923115989989,0.9998967051506042,1.0,0.95,0,0.016258823685348034,0.05785834789276123,0.9999296069145203,0
r2,stress,61,63,0.008787745446776258,0.9999615550041199,0.0,1.0,0,0.01673933584243059,0.13967037200927734,0.9999130070209503,0
r2,stress,61,64,0.00810542917018058,0.9999673366546631,1.0,1.0,0,0.01585368299856782,0.057938992977142334,0.9999334514141083,0
r2,stress,61,65,0.015944010340027532,0.9998729228973389,1.0,1.0,0,0.015764897223562002,0.05763077735900879,0.9999335706233978,0
r2,stress,61,66,0.008407422112353128,0.9999688863754272,1.0,1.0,0,0.015625571366399527,0.05761510133743286,0.9999350011348724,0
r2,stress,61,67,0.008909845507977477,0.9999622106552124,1.0,1.0,0,0.01555619528517127,0.05693340301513672,0.9999348819255829,0
r2,stress,61,68,0.02082666849653691,0.9997832179069519,1.0,0.95,0,0.015495008323341608,0.05667382478713989,0.999936044216156,0
r2,stress,61,69,0.01385997894898407,0.9999093413352966,1.0,1.0,0,0.015481473412364721,0.05656665563583374,0.9999336004257202,0
r2,stress,61,70,0.07882576698386082,0.9973361492156982,1.0,0.95,0,0.0155217326246202,0.057860493659973145,0.9999220669269562,0
r2,stress,61,71,0.009674066395155768,0.9999566078186035,1.0,1.0,0,0.01544172689318657,0.05742764472961426,0.9999181032180786,0
r2,stress,61,72,0.009544640527723117,0.9999548196792603,1.0,1.0,0,0.015301072038710117,0.05733734369277954,0.9999328553676605,0
r2,stress,61,73,0.01136815114914313,0.999935507774353,1.0,0.95,0,0.015241520944982767,0.0555683970451355,0.999938428401947,0
r2,stress,61,74,0.011628707511738237,0.9999337196350098,0.0,1.0,0,0.015063282568007708,0.05594664812088013,0.9999366104602814,0
r2,stress,61,75,0.011476732538421932,0.9999343156814575,1.0,1.0,0,0.015352260321378708,0.05561918020248413,0.9999305307865143,0
r2,stress,61,76,0.007688150454081296,0.9999711513519287,1.0,1.0,0,0.01617321278899908,0.05531817674636841,0.9999073147773743,0
r2,stress,61,77,0.007195862504572623,0.9999741315841675,1.0,1.0,0,0.015151693020015955,0.05496704578399658,0.999934196472168,0
r2,stress,61,78,0.008520756393458322,0.9999641180038452,1.0,1.0,0,0.0149987256154418,0.05498307943344116,0.9999434351921082,0
r2,stress,61,79,0.007027933645557769,0.999975323677063,1.0,1.0,0,0.01476307725533843,0.05498301982879639,0.9999475479125977,0
r2,stress,61,80,0.014431751883264215,0.9998983144760132,1.0,0.95,0,0.014774470590054989,0.05515199899673462,0.9999450743198395,0
r2,stress,61,81,0.011433295927404812,0.999934732913971,1.0,1.0,0,0.014744525775313377,0.05471569299697876,0.999945193529129,0
r2,stress,61,82,0.007524251442158016,0.9999724626541138,1.0,1.0,0,0.014545334503054619,0.05484497547149658,0.999947726726532,0
r2,stress,61,83,0.04084635233643196,0.9992015361785889,1.0,1.0,0,0.01461829338222742,0.054581403732299805,0.9999452531337738,0
r2,stress,61,84,0.023997797082427493,0.999718427658081,1.0,1.0,0,0.01517666270956397,0.055680155754089355,0.9999285936355591,0
r2,stress,61,85,0.010352930833179579,0.9999473690986633,1.0,1.0,0,0.015483434312045574,0.054691851139068604,0.9999269545078278,0
r2,stress,61,86,0.008727615372536923,0.9999641180038452,1.0,0.95,0,0.014744549989700317,0.05456310510635376,0.9999415278434753,0
r2,stress,61,87,0.015204644793700593,0.9998860359191895,1.0,0.95,0,0.014629220124334097,0.054600417613983154,0.9999399483203888,0
r2,stress,61,88,0.017399915976604213,0.9998542070388794,1.0,1.0,0,0.014993891585618258,0.054442763328552246,0.9999298453330994,0
r2,stress,61,89,0.05097595165315694,0.9987045526504517,1.0,1.0,0,0.014397939667105675,0.054415106773376465,0.9999479651451111,0
r2,stress,61,90,0.01001744885881258,0.9999514222145081,1.0,1.0,0,0.014316149521619081,0.09562084078788757,0.9999496042728424,0
r2,stress,61,91,0.008654301667221526,0.999965250492096,1.0,1.0,0,0.014246175065636635,0.061794817447662354,0.9999521374702454,0
r2,stress,61,92,0.008435971950229994,0.9999681115150452,1.0,1.0,0,0.014344763942062855,0.060845375061035156,0.9999501705169678,0
r2,stress,61,93,0.00978670437622313,0.9999599456787109,1.0,1.0,0,0.01417514169588685,0.06074383854866028,0.9999518990516663,0
r2,stress,61,94,0.0071689373095668325,0.9999748468399048,1.0,1.0,0,0.01412078132852912,0.06085628271102905,0.9999521672725677,0
r2,stress,61,95,0.012479785043582789,0.9999220967292786,1.0,1.0,0,0.01407325780019164,0.06055980920791626,0.9999515116214752,0
r2,stress,61,96,0.009225250646413746,0.9999580383300781,1.0,1.0,0,0.01418862771242857,0.05841299891471863,0.9999501407146454,0
r2,stress,61,97,0.011405837886144542,0.9999371767044067,1.0,0.85,0,0.014186353422701359,0.0578269362449646,0.99994957447052,0
r2,stress,61,98,0.04065170694022762,0.999203085899353,1.0,0.95,0,0.015467908699065447,0.05791217088699341,0.9999227821826935,0
r2,stress,61,99,0.01870269030010362,0.9998431205749512,1.0,1.0,0,0.015620298217982054,0.057535767555236816,0.9999166131019592,0
r2,stress,61,100,0.007764471624974837,0.9999706745147705,1.0,1.0,0,0.01515873009338975,0.06592267751693726,0.9999153316020966,0
r2,stress,61,101,0.00759514530684113,0.9999710917472839,1.0,1.0,0,0.014145857654511929,0.056435346603393555,0.9999406635761261,0
r2,stress,61,102,0.006920656977023216,0.9999784827232361,1.0,0.95,0,0.014037922490388155,0.056301653385162354,0.9999466836452484,0
r2,stress,61,103,0.012993008818444332,0.9999231100082397,1.0,1.0,0,0.013876058626919985,0.05345267057418823,0.9999503791332245,0
r2,stress,61,104,0.007072829990110328,0.9999766945838928,1.0,0.95,0,0.013880522921681404,0.05268627405166626,0.9999493956565857,0
r2,stress,61,105,0.0077242341980767685,0.9999703168869019,1.0,1.0,0,0.013782680965960026,0.052680373191833496,0.9999476373195648,0
r2,stress,61,106,0.00826634726536294,0.9999661445617676,1.0,1.0,0,0.014252374414354563,0.052845776081085205,0.9999320805072784,0
r2,stress,61,107,0.006689570883725351,0.9999825954437256,1.0,1.0,0,0.015038324519991875,0.052593231201171875,0.9999164640903473,0
r2,stress,61,108,0.008916865595845347,0.9999619126319885,1.0,1.0,0,0.014585791155695915,0.05223768949508667,0.9999289810657501,0
r2,stress,61,109,0.007489722861761772,0.9999756813049316,1.0,1.0,0,0.013765837997198105,0.05234682559967041,0.9999482333660126,0
r2,stress,61,110,0.012564257621876004,0.9999213218688965,1.0,0.95,0,0.01367531856521964,0.05250811576843262,0.9999493658542633,0
r2,stress,61,111,0.01710359143985647,0.9998685121536255,1.0,1.0,0,0.013935646042227745,0.052697598934173584,0.9999485313892365,0
r2,stress,61,112,0.014957821197676545,0.9998981952667236,1.0,1.0,0,0.013772094156593084,0.05265069007873535,0.9999474883079529,0
r2,stress,61,113,0.011048334910677833,0.9999392032623291,1.0,1.0,0,0.01393582159653306,0.052652716636657715,0.9999456405639648,0
r2,stress,61,114,0.009499074199075596,0.9999714493751526,1.0,1.0,0,0.013620809651911259,0.05272716283798218,0.9999482929706573,0
r2,stress,61,115,0.009857663447809735,0.9999514818191528,1.0,1.0,0,0.013544241432100534,0.05273395776748657,0.999951034784317,0
r2,stress,61,116,0.008312886806763686,0.9999706149101257,1.0,1.0,0,0.013509385287761688,0.05278325080871582,0.9999510943889618,0
r2,stress,61,117,0.008668800945065454,0.9999651312828064,1.0,0.95,0,0.013445203192532063,0.05263298749923706,0.9999522864818573,0
r2,stress,61,118,0.008064876303368227,0.999967634677887,1.0,1.0,0,0.013341366779059172,0.052257001399993896,0.9999529719352722,0
r2,stress,61,119,0.008339863668064988,0.9999688863754272,0.0,1.0,0,0.013294336386024952,0.052387893199920654,0.9999541938304901,0
r2,stress,61,120,0.006107959575139307,0.9999813437461853,1.0,1.0,0,0.013421251904219389,0.05235093832015991,0.9999542534351349,0
r2,stress,61,121,0.008069915126066285,0.9999704360961914,1.0,1.0,0,0.013318438082933426,0.05205881595611572,0.9999561905860901,0
r2,stress,61,122,0.007057305254094191,0.9999750852584839,1.0,1.0,0,0.013263162225484848,0.052224576473236084,0.9999564588069916,0
r2,stress,61,123,0.010362336219204045,0.9999463558197021,1.0,0.95,0,0.013301231432706118,0.05273020267486572,0.999954491853714,0
r2,stress,61,124,0.009369442931641072,0.9999566078186035,1.0,1.0,0,0.013322452083230019,0.052684485912323,0.9999529421329498,0
r2,stress,61,125,0.013125134776309826,0.9999219179153442,1.0,1.0,0,0.013242142740637064,0.05268096923828125,0.999954342842102,0
r2,stress,61,126,0.016165732191230325,0.9998763203620911,1.0,1.0,0,0.01317962072789669,0.052724242210388184,0.9999552369117737,0
r2,stress,61,127,0.015685989937704932,0.9998773336410522,1.0,1.0,0,0.013268360868096352,0.05268526077270508,0.9999536275863647,0
r2,stress,61,128,0.007554535430871935,0.9999781250953674,1.0,1.0,0,0.013281339779496193,0.05260729789733887,0.9999555349349976,0
r2,stress,61,129,0.0084331642992199,0.9999796152114868,0.0,1.0,0,0.013270306400954723,0.05279135704040527,0.9999578297138214,0
r2,stress,61,130,0.012053753477229017,0.9999305605888367,1.0,0.95,0,0.012895944062620401,0.05283874273300171,0.9999639689922333,0
r2,stress,61,131,0.006491303063123873,0.9999789595603943,1.0,1.0,0,0.012753207702189684,0.05277895927429199,0.9999617338180542,0
r2,stress,61,132,0.011373817160058928,0.9999354481697083,1.0,1.0,0,0.012598379980772734,0.052774667739868164,0.9999627470970154,0
r2,stress,61,133,0.006832954701195723,0.9999779462814331,1.0,1.0,0,0.012661342974752188,0.05263316631317139,0.999962329864502,0
r2,stress,61,134,0.005984299891591225,0.9999822378158569,1.0,0.95,0,0.012788268737494946,0.052443623542785645,0.9999604821205139,0
r2,stress,61,135,0.015433807298862049,0.9998821020126343,1.0,0.95,0,0.012820258270949125,0.052447736263275146,0.999961256980896,0
r2,stress,61,136,0.026521533275161456,0.9996707439422607,1.0,0.95,0,0.01299221720546484,0.05240035057067871,0.9999599158763885,0
r2,stress,61,137,0.006244090267665413,0.9999808073043823,1.0,0.95,0,0.012891603633761406,0.05223280191421509,0.9999606013298035,0
r2,stress,61,138,0.007773852256727922,0.999978244304657,1.0,1.0,0,0.01292499341070652,0.052228689193725586,0.9999619722366333,0
r2,stress,61,139,0.010927796446143789,0.9999485015869141,1.0,1.0,0,0.012860080692917109,0.05217331647872925,0.9999609887599945,0
r2,stress,61,140,0.011554189236873666,0.9999482035636902,1.0,1.0,0,0.013022962026298046,0.0520288348197937,0.9999520778656006,0
r2,stress,61,141,0.008387598640653159,0.9999656081199646,1.0,1.0,0,0.012824552599340677,0.052067577838897705,0.9999582767486572,0
r2,stress,61,142,0.0074531138705501675,0.999972403049469,1.0,1.0,0,0.012843253556638956,0.051994919776916504,0.9999589622020721,0
r2,stress,61,143,0.007179021905481895,0.9999741911888123,1.0,1.0,0,0.012744379229843616,0.05208301544189453,0.9999557733535767,0
r2,stress,61,144,0.008508058904600291,0.9999638795852661,1.0,1.0,0,0.012750955298542976,0.05223029851913452,0.9999608099460602,0
r2,stress,61,145,0.008202672929788105,0.9999663829803467,1.0,1.0,0,0.01274885656312108,0.052190423011779785,0.9999616146087646,0
r2,stress,61,146,0.007641248684904565,0.9999714493751526,1.0,1.0,0,0.012669063173234463,0.05189770460128784,0.9999650418758392,0
r2,stress,61,147,0.006839164651939479,0.9999767541885376,1.0,1.0,0,0.012653185985982418,0.05189311504364014,0.9999631643295288,0
r2,stress,61,148,0.008878359111263284,0.9999615550041199,1.0,1.0,0,0.01260971650481224,0.05164605379104614,0.999964028596878,0
r2,stress,61,149,0.009485941504375652,0.9999558329582214,1.0,1.0,0,0.012536993250250816,0.05163896083831787,0.9999616742134094,0
r2,stress,61,150,0.023239798360278566,0.9997467994689941,1.0,1.0,0,0.012707795482128859,0.052021920680999756,0.9999600350856781,0
r2,stress,61,151,0.016776551103776495,0.9998831748962402,1.0,1.0,0,0.01279843132942915,0.05173128843307495,0.999961644411087,0
r2,stress,61,152,0.008161805758527041,0.9999708533287048,1.0,0.95,0,0.012631969526410103,0.051733314990997314,0.999962329864502,0
r2,stress,61,153,0.007054343515708707,0.9999765753746033,1.0,1.0,0,0.012735851109027863,0.05169391632080078,0.9999629855155945,0
r2,stress,61,154,0.0084657666519729,0.9999655485153198,1.0,1.0,0,0.012606477364897728,0.051593661308288574,0.9999646246433258,0
r2,stress,61,155,0.006118350393230829,0.9999812841415405,1.0,1.0,0,0.012485969346016645,0.05146569013595581,0.9999669790267944,0
r2,stress,61,156,0.006813770807420666,0.999977707862854,1.0,1.0,0,0.012386498041450977,0.051464855670928955,0.9999687075614929,0
r2,stress,61,157,0.005988793059413187,0.9999825954437256,1.0,1.0,0,0.012233749032020569,0.051551222801208496,0.9999678730964661,0
r2,stress,61,158,0.005927720438902652,0.9999848008155823,1.0,1.0,0,0.01214188477024436,0.051505327224731445,0.9999682605266571,0
r2,stress,61,159,0.006000953920144635,0.9999830722808838,1.0,1.0,0,0.012063014786690474,0.051477789878845215,0.9999692440032959,0
r2,stress,61,160,0.010057973086274223,0.9999503493309021,1.0,0.95,0,0.011976011097431183,0.05142122507095337,0.9999695718288422,0
r2,stress,61,161,0.0061569351637581465,0.999981164932251,1.0,1.0,0,0.011972552165389061,0.05129581689834595,0.9999724328517914,0
r2,stress,61,162,0.007353307386682293,0.99997478723526,0.0,1.0,0,0.012001798953860998,0.05118894577026367,0.9999714195728302,0
r2,stress,61,163,0.007628302493353425,0.9999715089797974,1.0,0.95,0,0.01186830224469304,0.05130350589752197,0.9999739229679108,0
r2,stress,61,164,0.006163840996961949,0.9999818801879883,1.0,1.0,0,0.011813401710242033,0.051442086696624756,0.9999716281890869,0
r2,stress,61,165,0.006304828464716396,0.9999837875366211,1.0,1.0,0,0.01180221140384674,0.05153530836105347,0.9999691247940063,0
r2,stress,61,166,0.005839761642730796,0.9999831318855286,1.0,1.0,0,0.011652002111077309,0.05145072937011719,0.9999710321426392,0
r2,stress,61,167,0.016998640681377446,0.9999013543128967,1.0,1.0,0,0.011580521706491709,0.051458656787872314,0.9999735057353973,0
r2,stress,61,168,0.007277050152850002,0.9999755620956421,1.0,1.0,0,0.011551640927791595,0.05154365301132202,0.9999716281890869,0
r2,stress,61,169,0.006057995980170445,0.999982476234436,1.0,1.0,0,0.011517290025949478,0.05139338970184326,0.9999696016311646,0
r2,stress,61,170,0.00605359044436562,0.9999834299087524,1.0,1.0,0,0.011457509361207485,0.05152076482772827,0.9999721944332123,0
r2,stress,61,171,0.005991613325256482,0.9999824166297913,1.0,0.95,0,0.011390500236302614,0.05168813467025757,0.999973326921463,0
r2,stress,61,172,0.006422882509695754,0.9999796152114868,1.0,1.0,0,0.011347137857228518,0.05182516574859619,0.9999736249446869,0
r2,stress,61,173,0.006902219355071361,0.999976396560669,1.0,1.0,0,0.011284224689006805,0.05197960138320923,0.9999731183052063,0
r2,stress,61,174,0.006998838298915686,0.9999788999557495,1.0,0.95,0,0.011266814079135656,0.05217510461807251,0.9999701678752899,0
r2,stress,61,175,0.00741735526983964,0.9999725818634033,1.0,1.0,0,0.011276655830442905,0.05124008655548096,0.9999715983867645,0
r2,stress,61,176,0.011986906336757357,0.9999287128448486,1.0,1.0,0,0.01178634725511074,0.05103856325149536,0.9999712407588959,0
r2,stress,61,177,0.00742111149075171,0.9999737739562988,1.0,1.0,0,0.011766002979129553,0.06878829002380371,0.9999693334102631,0
r2,stress,61,178,0.00882807779459132,0.9999623894691467,1.0,1.0,0,0.011815690901130438,0.0490797758102417,0.999969869852066,0
r2,stress,61,179,0.009425686620935132,0.9999560117721558,1.0,1.0,0,0.011802685912698507,0.04938095808029175,0.9999704360961914,0
r2,stress,61,180,0.02282958108124796,0.9997506141662598,1.0,1.0,0,0.01180723262950778,0.04945635795593262,0.9999713003635406,0
r2,stress,61,181,0.04181471071299967,0.9991263151168823,1.0,0.95,0,0.011773707810789347,0.04952055215835571,0.9999711215496063,0
r2,stress,61,182,0.006188156684826005,0.9999809861183167,1.0,1.0,0,0.011685461271554232,0.0496898889541626,0.9999752640724182,0
r2,stress,61,183,0.006724816655572773,0.9999773502349854,1.0,1.0,0,0.011653529480099678,0.049825072288513184,0.9999770224094391,0
r2,stress,61,184,0.006089412268355732,0.9999818801879883,1.0,1.0,0,0.011547344736754894,0.05001640319824219,0.9999763667583466,0
r2,stress,61,185,0.005976118112124823,0.9999822378158569,1.0,1.0,0,0.011429971549659967,0.05002623796463013,0.9999774396419525,0
r2,stress,61,186,0.00800180859021576,0.9999685883522034,1.0,1.0,0,0.011509776581078768,0.05012786388397217,0.9999749958515167,0
r2,stress,61,187,0.007135083638517998,0.999975323677063,1.0,1.0,0,0.011649856343865395,0.05028563737869263,0.9999774694442749,0
r2,stress,61,188,0.023717506196307702,0.9997188448905945,1.0,0.95,0,0.011383737437427044,0.05028027296066284,0.9999751448631287,0
r2,stress,61,189,0.007129130164937342,0.9999746680259705,1.0,0.95,0,0.01125318231061101,0.05037796497344971,0.9999743402004242,0
r2,stress,61,190,0.011896963444102682,0.9999304413795471,1.0,0.95,0,0.011245818808674812,0.050089895725250244,0.99997279047966,0
r2,stress,61,191,0.008169344875205587,0.9999667406082153,1.0,1.0,0,0.011198517866432667,0.05005300045013428,0.999973326921463,0
r2,stress,61,192,0.007404082534002789,0.9999732971191406,1.0,1.0,0,0.011230400763452053,0.05030542612075806,0.9999746978282928,0
r2,stress,61,193,0.012153262984195744,0.9999290704727173,1.0,1.0,0,0.011406290344893932,0.05031627416610718,0.999973714351654,0
r2,stress,61,194,0.01254629777158109,0.9999273419380188,1.0,1.0,0,0.01166842458769679,0.05050081014633179,0.9999752044677734,0
r2,stress,61,195,0.013873000411744593,0.9999120235443115,1.0,1.0,0,0.01136729447171092,0.050631582736968994,0.9999737441539764,0
r2,stress,61,196,0.009107775958484575,0.9999586343765259,1.0,1.0,0,0.011277202982455492,0.050717175006866455,0.9999732077121735,0
r2,stress,61,197,0.010584489003644499,0.9999469518661499,1.0,1.0,0,0.011398057453334332,0.050772130489349365,0.999970942735672,0
r2,stress,61,198,0.024141986836079394,0.9997314214706421,1.0,1.0,0,0.0123860496096313,0.050852060317993164,0.9999682009220123,0
r2,stress,61,199,0.012528132356202048,0.999932050704956,1.0,1.0,0,0.011892233975231647,0.05056542158126831,0.9999671876430511,0
r2,stress,61,200,0.009051910843309224,0.9999727606773376,1.0,1.0,0,0.011808200739324093,0.05055171251296997,0.9999722540378571,0
r2,stress,61,201,0.006108042848176967,0.9999831914901733,1.0,1.0,0,0.011661435943096876,0.05039161443710327,0.9999759793281555,0
r2,stress,61,202,0.012959431508826945,0.9999163150787354,1.0,1.0,0,0.01151417288929224,0.05045062303543091,0.9999771416187286,0
r2,stress,61,203,0.008168257954450364,0.9999688267707825,1.0,0.95,0,0.011428880505263805,0.05062288045883179,0.999977707862854,0
r2,stress,61,204,0.018174511071115024,0.9998352527618408,1.0,1.0,0,0.011231595184653997,0.05076003074645996,0.9999759197235107,0
r2,stress,61,205,0.006310161027535799,0.9999809265136719,1.0,1.0,0,0.011121803894639015,0.05064874887466431,0.9999770224094391,0
r2,stress,61,206,0.008029781056291865,0.9999716877937317,1.0,1.0,0,0.011070032138377428,0.05064445734024048,0.9999785721302032,0
r2,stress,61,207,0.006731786807692199,0.9999772906303406,1.0,1.0,0,0.01105890842154622,0.050584256649017334,0.9999792873859406,0
r2,stress,61,208,0.006022549190691125,0.9999843835830688,1.0,0.95,0,0.010944069363176823,0.05045521259307861,0.9999794960021973,0
r2,stress,61,209,0.005438150371641928,0.9999862909317017,1.0,1.0,0,0.010838206857442856,0.05056941509246826,0.9999807775020599,0
r2,stress,61,210,0.006464675492708716,0.9999792575836182,1.0,1.0,0,0.010789102874696255,0.05051529407501221,0.9999785125255585,0
r2,stress,61,211,0.010353263597634423,0.9999463558197021,1.0,1.0,0,0.010941476561129093,0.05054879188537598,0.9999814927577972,0
r2,stress,61,212,0.015084567577680312,0.9998878240585327,1.0,1.0,0,0.011439170222729445,0.05086439847946167,0.9999793171882629,0
r2,stress,61,213,0.006962310240434087,0.9999760389328003,1.0,1.0,0,0.012046835850924253,0.05029499530792236,0.9999796450138092,0
r2,stress,61,214,0.006322604968626532,0.9999802112579346,1.0,1.0,0,0.011494037229567766,0.05011391639709473,0.9999808967113495,0
r2,stress,61,215,0.0260201055282684,0.999661386013031,1.0,0.95,0,0.01139509491622448,0.049897074699401855,0.9999782741069794,0
r2,stress,61,216,0.019050870299030083,0.9998278617858887,1.0,0.95,0,0.011487547773867846,0.05001389980316162,0.9999787211418152,0
r2,stress,61,217,0.006822639719681785,0.9999780654907227,1.0,0.9,0,0.011726404540240765,0.06157869100570679,0.9999747276306152,0
r2,stress,61,218,0.007232496252880896,0.99997478723526,1.0,1.0,0,0.011459645815193653,0.050663769245147705,0.9999743700027466,0
r2,stress,61,219,0.024191864115348495,0.9997074604034424,1.0,1.0,0,0.011444469913840294,0.05090904235839844,0.999972403049469,0
r2,stress,61,220,0.014563107608819173,0.9998946785926819,1.0,1.0,0,0.011523117776960135,0.05089235305786133,0.9999705851078033,0
r2,stress,61,221,0.011671475771087769,0.9999400973320007,1.0,1.0,0,0.011442574206739664,0.05076485872268677,0.999972939491272,0
r2,stress,61,222,0.009064965766223055,0.9999673962593079,1.0,1.0,0,0.0114066107198596,0.05067211389541626,0.9999760985374451,0
r2,stress,61,223,0.00962473221613599,0.999956488609314,1.0,1.0,0,0.011399447917938232,0.050612807273864746,0.9999753534793854,0
r2,stress,61,224,0.011255586535761771,0.9999368190765381,1.0,1.0,0,0.011568337678909302,0.05076819658279419,0.9999763369560242,0
r2,stress,61,225,0.007292756778123451,0.9999786615371704,1.0,1.0,0,0.01130734896287322,0.050703227519989014,0.9999780058860779,0
r2,stress,61,226,0.009755484368200208,0.9999536275863647,1.0,1.0,0,0.01132681593298912,0.05047339200973511,0.9999776482582092,0
r2,stress,61,227,0.011927753864455673,0.9999334216117859,1.0,0.95,0,0.011572140734642744,0.05035209655761719,0.9999778568744659,0
r2,stress,61,228,0.00634140668097849,0.9999799728393555,1.0,1.0,0,0.011625809129327536,0.05037802457809448,0.9999790787696838,0
r2,stress,61,229,0.1097452641067434,0.9941419959068298,1.0,0.95,0,0.011429068632423878,0.0544167160987854,0.9999755024909973,0
r2,stress,61,230,0.007833125453940118,0.9999696016311646,1.0,1.0,0,0.011494094971567392,0.05028623342514038,0.9999782145023346,0
r2,stress,61,231,0.006317960719391639,0.9999801516532898,1.0,1.0,0,0.011190851218998432,0.05038881301879883,0.9999813735485077,0
r2,stress,61,232,0.00579162888260716,0.9999834299087524,1.0,1.0,0,0.010941077955067158,0.0503268837928772,0.9999821484088898,0
r2,stress,61,233,0.006081469756287998,0.9999819397926331,1.0,1.0,0,0.010911774355918169,0.050464630126953125,0.9999815821647644,0
r2,stress,61,234,0.006147398187007524,0.9999811053276062,1.0,1.0,0,0.010858451016247272,0.05019986629486084,0.999981015920639,0
r2,stress,61,235,0.017855923937944385,0.9998406171798706,1.0,1.0,0,0.011552995070815086,0.049700140953063965,0.9999700784683228,0
r2,stress,61,236,0.021968725247698332,0.9997767210006714,1.0,0.95,0,0.01305598858743906,0.04985463619232178,0.9999687969684601,0
r2,stress,61,237,0.01282913213906068,0.9999181628227234,1.0,1.0,0,0.012357925530523062,0.05007201433181763,0.9999685883522034,0
r2,stress,61,238,0.007872951446410257,0.999970018863678,1.0,1.0,0,0.012394834775477648,0.05009061098098755,0.9999707937240601,0
r2,stress,61,239,0.00808826678373744,0.9999675154685974,1.0,1.0,0,0.012556019704788923,0.049864232540130615,0.9999690651893616,0
r2,stress,61,240,0.011433518012641454,0.9999346733093262,1.0,1.0,0,0.011952223721891642,0.04993170499801636,0.9999712705612183,0
r2,stress,61,241,0.0141953480990665,0.999901533126831,1.0,0.95,0,0.01174244750291109,0.05027341842651367,0.9999718964099884,0
r2,stress,61,242,0.007201939032597467,0.999974250793457,1.0,1.0,0,0.011246565729379654,0.05026817321777344,0.9999746084213257,0
r2,stress,61,243,0.010015457842981171,0.9999499917030334,1.0,1.0,0,0.011224817484617233,0.050007760524749756,0.9999821186065674,0
r2,stress,61,244,0.006887891840891313,0.9999788999557495,1.0,1.0,0,0.011157550383359194,0.05005007982254028,0.9999831914901733,0
r2,stress,61,245,0.006679864817099334,0.9999778270721436,1.0,1.0,0,0.011117609217762947,0.05013018846511841,0.9999840557575226,0
r2,stress,61,246,0.0066227111570829654,0.9999784231185913,1.0,1.0,0,0.010931391268968582,0.050116777420043945,0.9999848008155823,0
r2,stress,61,247,0.005659760576844959,0.9999855756759644,1.0,1.0,0,0.010831160470843315,0.050198376178741455,0.9999868273735046,0
r2,stress,61,248,0.006020315699154942,0.9999824166297913,1.0,1.0,0,0.010673288721591234,0.050271689891815186,0.999984860420227,0
r2,stress,61,249,0.007417848816579661,0.999972939491272,1.0,1.0,0,0.010486264247447252,0.050081849098205566,0.9999849796295166,0
r2,stress,61,250,0.035651500430063626,0.999366044998169,1.0,0.85,0,0.01093852473422885,0.0501629114151001,0.9999822676181793,0
r2,stress,61,251,0.00795773262694843,0.999968409538269,1.0,1.0,0,0.010943572968244553,0.1073947548866272,0.9999774992465973,0
r2,stress,61,252,0.0069987693056443095,0.9999767541885376,1.0,1.0,0,0.010936806909739971,0.09004133939743042,0.9999794363975525,0
r2,stress,61,253,0.00834526059727852,0.999965250492096,1.0,1.0,0,0.010931490454822779,0.08778232336044312,0.9999793171882629,0
r2,stress,61,254,0.01893074966667793,0.9998329877853394,1.0,1.0,0,0.010947175789624453,0.08735698461532593,0.9999786615371704,0
r2,stress,61,255,0.01245920997272221,0.9999231100082397,1.0,1.0,0,0.011008400935679674,0.0872003436088562,0.9999774992465973,0
r2,stress,61,256,0.007981934695168587,0.9999688267707825,1.0,1.0,0,0.010988774709403515,0.08393126726150513,0.9999787211418152,0
r2,stress,61,257,0.007170794339385011,0.9999747276306152,1.0,0.95,0,0.010903067886829376,0.052310407161712646,0.9999795258045197,0
r2,stress,61,258,0.009873419549331179,0.999953031539917,1.0,1.0,0,0.011015849653631449,0.04969257116317749,0.9999808669090271,0
r2,stress,61,259,0.006854428571528194,0.9999765157699585,1.0,1.0,0,0.010807698592543602,0.049713075160980225,0.9999800622463226,0
r2,stress,61,260,0.006780829306980303,0.9999772906303406,1.0,1.0,0,0.010909745004028082,0.04987180233001709,0.9999792873859406,0
r2,stress,61,261,0.01188164134228065,0.9999343156814575,1.0,1.0,0,0.01111719710752368,0.04944586753845215,0.9999797642230988,0
r2,stress,61,262,0.00757272516873703,0.9999772310256958,1.0,1.0,0,0.011302642524242401,0.04960149526596069,0.9999777674674988,0
r2,stress,61,263,0.0065457547582194716,0.9999786615371704,1.0,1.0,0,0.011045079678297043,0.049569547176361084,0.9999788701534271,0
r2,stress,61,264,0.0060414149265960865,0.9999846816062927,1.0,1.0,0,0.011015363037586212,0.04972332715988159,0.9999800622463226,0
r2,stress,61,265,0.01763378518924527,0.9998446702957153,1.0,1.0,0,0.011038429103791714,0.04952383041381836,0.9999784231185913,0
r2,stress,61,266,0.007927150614320791,0.9999686479568481,1.0,0.95,0,0.011439787689596415,0.0495457649230957,0.999977171421051,0
r2,stress,61,267,0.006203226906193368,0.9999809265136719,1.0,1.0,0,0.011413801461458206,0.049601972103118896,0.9999718368053436,0
r2,stress,61,268,0.007546357216879779,0.9999716877937317,1.0,1.0,0,0.011187787167727947,0.04973864555358887,0.9999738335609436,0
r2,stress,61,269,0.018192211702057582,0.9998346567153931,1.0,0.95,0,0.011116532608866692,0.04938691854476929,0.9999784827232361,0
r2,stress,61,270,0.06018403887949913,0.9982044696807861,1.0,1.0,0,0.011032119859009981,0.0787513256072998,0.9999776780605316,0
r2,stress,61,271,0.007159280191661629,0.9999756813049316,1.0,1.0,0,0.010921289213001728,0.04940938949584961,0.9999836683273315,0
r2,stress,61,272,0.006960320229448496,0.9999760985374451,1.0,1.0,0,0.010864654555916786,0.049584031105041504,0.9999829828739166,0
r2,stress,61,273,0.00719716325518058,0.9999743103981018,1.0,1.0,0,0.010787973646074533,0.04986459016799927,0.9999856054782867,0
r2,stress,61,274,0.008536882241721123,0.9999706745147705,1.0,1.0,0,0.010702488478273153,0.049883902072906494,0.9999869763851166,0
r2,stress,61,275,0.008255662816309954,0.9999662637710571,1.0,1.0,0,0.01068777497857809,0.04974454641342163,0.9999863505363464,0
r2,stress,61,276,0.008385877680733171,0.9999691247940063,1.0,1.0,0,0.010620330460369587,0.05002349615097046,0.9999886453151703,0
r2,stress,61,277,0.006526697077633062,0.9999787211418152,1.0,0.95,0,0.010626661591231823,0.05011385679244995,0.9999875128269196,0
r2,stress,61,278,0.008981185429760551,0.9999610781669617,1.0,0.95,0,0.010594867635518312,0.04996621608734131,0.9999861717224121,0
r2,stress,61,279,0.06818232341954941,0.9977815747261047,1.0,0.95,0,0.01062970981001854,0.04978662729263306,0.9999858140945435,0
r2,stress,61,280,0.018422921767363043,0.9998370409011841,1.0,1.0,0,0.010598333552479744,0.049839913845062256,0.9999867677688599,0
r2,stress,61,281,0.006892866938827171,0.9999762773513794,1.0,0.95,0,0.010663879103958607,0.04982805252075195,0.9999847412109375,0
r2,stress,61,282,0.00625531746233212,0.9999811053276062,1.0,1.0,0,0.010539630427956581,0.05006617307662964,0.9999882280826569,0
r2,stress,61,283,0.0063870596954679485,0.999982476234436,1.0,1.0,0,0.010531995445489883,0.05026525259017944,0.999989241361618,0
r2,stress,61,284,0.006291807276455772,0.9999802112579346,1.0,1.0,0,0.01056183548644185,0.05000847578048706,0.9999875724315643,0
r2,stress,61,285,0.014309466927604509,0.9998982548713684,1.0,1.0,0,0.010509170591831207,0.05006355047225952,0.9999879598617554,0
r2,stress,61,286,0.008151298478468344,0.9999685287475586,1.0,1.0,0,0.010486455168575048,0.049910783767700195,0.9999871850013733,0
r2,stress,61,287,0.010313197189754401,0.9999516010284424,1.0,1.0,0,0.010509729385375977,0.04989868402481079,0.9999865591526031,0
r2,stress,61,288,0.014326839219801688,0.999901294708252,1.0,0.95,0,0.010607735253870487,0.04983353614807129,0.9999845921993256,0
r2,stress,61,289,0.007828109554519526,0.999969482421875,1.0,0.95,0,0.01060120016336441,0.04991942644119263,0.9999865293502808,0
r2,stress,61,290,0.007749337191592401,0.9999699592590332,1.0,0.95,0,0.010689959395676851,0.04979461431503296,0.9999777972698212,0
r2,stress,61,291,0.008791297813889378,0.9999613761901855,1.0,0.95,0,0.010553361382335424,0.04961252212524414,0.9999868869781494,0
r2,stress,61,292,0.010292869322053665,0.9999481439590454,1.0,1.0,0,0.010511492844671011,0.04970192909240723,0.9999865889549255,0
r2,stress,61,293,0.011546061065451578,0.9999339580535889,1.0,1.0,0,0.010561365634202957,0.04922991991043091,0.9999849498271942,0
r2,stress,61,294,0.009087361420827098,0.9999603033065796,1.0,0.95,0,0.010577884502708912,0.049455881118774414,0.9999837279319763,0
r2,stress,61,295,0.006800338209273347,0.9999771118164062,1.0,1.0,0,0.010551590472459793,0.04970502853393555,0.9999838769435883,0
r2,stress,61,296,0.007337943010260636,0.9999730587005615,1.0,0.95,0,0.010450199246406555,0.04985755681991577,0.999985933303833,0
r2,stress,61,297,0.006430787062789281,0.9999797344207764,1.0,0.95,0,0.010453950148075819,0.04976755380630493,0.9999870955944061,0
r2,stress,61,298,0.006162576154825663,0.9999849200248718,1.0,1.0,0,0.011020490899682045,0.04954826831817627,0.999982625246048,0
r2,stress,61,299,0.007056557261673101,0.9999751448631287,1.0,1.0,0,0.010541241616010666,0.049521028995513916,0.9999845921993256,0
r2,stress,61,300,0.006593677014277091,0.9999784231185913,1.0,0.95,0,0.010505905840545893,0.049568116664886475,0.9999879598617554,0
r2,stress,61,301,0.047666167841535906,0.9989093542098999,1.0,0.95,0,0.010366739239543676,0.0495833158493042,0.9999863505363464,0
r2,stress,61,302,0.009109538845651752,0.9999583959579468,1.0,1.0,0,0.010383422952145338,0.04953467845916748,0.9999851882457733,0
r2,stress,61,303,0.006135177222105216,0.9999817609786987,1.0,1.0,0,0.010235470719635487,0.04959380626678467,0.9999874532222748,0
r2,stress,61,304,0.005586877076990811,0.9999846816062927,1.0,1.0,0,0.010249568615108728,0.04972130060195923,0.9999893009662628,0
r2,stress,61,305,0.005965594432546629,0.9999850988388062,1.0,1.0,0,0.010511328931897879,0.04976540803909302,0.9999877214431763,0
r2,stress,61,306,0.005913016622363401,0.999982476234436,1.0,1.0,0,0.01034846669062972,0.04980933666229248,0.9999888837337494,0
r2,stress,61,307,0.08017343363875447,0.9969960451126099,1.0,0.9,0,0.010187823791056871,0.04979228973388672,0.9999880790710449,0
r2,stress,61,308,0.009419617045282054,0.9999566674232483,1.0,0.95,0,0.01031321519985795,0.04953128099441528,0.9999877512454987,0
r2,stress,61,309,0.006065689195739647,0.9999818205833435,1.0,1.0,0,0.01033039577305317,0.04962831735610962,0.9999867379665375,0
r2,stress,61,310,0.007482675654992134,0.9999719858169556,1.0,1.0,0,0.010236292611807585,0.049792706966400146,0.9999875426292419,0
r2,stress,61,311,0.006709319661211598,0.9999775886535645,0.0,1.0,0,0.01021657744422555,0.049638450145721436,0.9999880194664001,0
r2,stress,61,312,0.006013882662605827,0.9999819993972778,1.0,1.0,0,0.010122242849320173,0.049567222595214844,0.9999881386756897,0
r2,stress,61,313,0.006420862822653375,0.9999793767929077,1.0,0.95,0,0.010034377221018076,0.049515604972839355,0.9999889135360718,0
r2,stress,61,314,0.014008815240221066,0.9999018907546997,1.0,1.0,0,0.009985282551497221,0.049286603927612305,0.9999895095825195,0
r2,stress,61,315,0.01162796400254793,0.9999337196350098,1.0,1.0,0,0.010092371143400669,0.04929107427597046,0.9999873638153076,0
r2,stress,61,316,0.007066366476494759,0.9999749660491943,1.0,1.0,0,0.010076161473989487,0.04919838905334473,0.9999876916408539,0
r2,stress,61,317,0.008860423468793137,0.9999608993530273,1.0,1.0,0,0.010046773124486208,0.048965632915496826,0.9999873340129852,0
r2,stress,61,318,0.009119523846259968,0.9999587535858154,1.0,1.0,0,0.009934134781360626,0.04912906885147095,0.9999877512454987,0
r2,stress,61,319,0.011700660067967422,0.999931812286377,1.0,1.0,0,0.010169049259275198,0.04909467697143555,0.9999873340129852,0
r2,stress,61,320,0.00650019268796032,0.9999789595603943,1.0,0.95,0,0.010193924885243177,0.04941105842590332,0.9999870359897614,0
r2,stress,61,321,0.0073721158473555055,0.9999730587005615,1.0,1.0,0,0.010169863235205412,0.049696266651153564,0.9999887347221375,0
r2,stress,61,322,0.007832513557096705,0.9999717473983765,1.0,1.0,0,0.010165642015635967,0.0495760440826416,0.9999881982803345,0
r2,stress,61,323,0.005622110786210745,0.9999842643737793,1.0,1.0,0,0.010147465392947197,0.049488067626953125,0.9999885261058807,0
r2,stress,61,324,0.023668724568703343,0.999724805355072,1.0,1.0,0,0.01079031964763999,0.04890018701553345,0.9999863803386688,0
r2,stress,61,325,0.00997362386924144,0.9999507665634155,1.0,1.0,0,0.012056097853928804,0.05450785160064697,0.9999818503856659,0
r2,stress,61,326,0.007738884278912944,0.9999703168869019,1.0,1.0,0,0.0111234444193542,0.049462199211120605,0.9999866783618927,0
r2,stress,61,327,0.008177004809917059,0.9999710321426392,1.0,0.95,0,0.010725248605012894,0.049656033515930176,0.9999889731407166,0
r2,stress,61,328,0.008313275091053052,0.9999656677246094,1.0,1.0,0,0.010445889085531235,0.04963332414627075,0.9999892115592957,0
r2,stress,61,329,0.0071176739250775325,0.9999839663505554,1.0,1.0,0,0.01032438687980175,0.04962313175201416,0.9999902546405792,0
r2,stress,61,330,0.005821585718984626,0.9999837875366211,1.0,1.0,0,0.01018037274479866,0.04968792200088501,0.9999925196170807,0
r2,stress,61,331,0.0068336349314093055,0.9999788403511047,1.0,0.95,0,0.01025487296283245,0.04955399036407471,0.999992311000824,0
r2,stress,61,332,0.006604126830706953,0.9999784231185913,1.0,1.0,0,0.010411753784865141,0.049826085567474365,0.99999138712883,0
r2,stress,61,333,0.00864519638342516,0.9999635219573975,1.0,1.0,0,0.010300095193088055,0.049705684185028076,0.9999917149543762,0
r2,stress,61,334,0.005980641394438719,0.9999821186065674,1.0,1.0,0,0.010359598323702812,0.04975074529647827,0.999993771314621,0
r2,stress,61,335,0.006877470041206225,0.9999828338623047,1.0,1.0,0,0.010010223370045424,0.04961216449737549,0.9999925494194031,0
r2,stress,61,336,0.005251667859218876,0.9999862909317017,1.0,0.95,0,0.009729984682053328,0.049631476402282715,0.9999954104423523,0
r2,stress,61,337,0.0059925498497388026,0.9999821186065674,1.0,1.0,0,0.009636919014155865,0.0496368408203125,0.9999954104423523,0
r2,stress,61,338,0.005957688200877564,0.999982476234436,1.0,1.0,0,0.009579672012478113,0.04941606521606445,0.9999964237213135,0
r2,stress,61,339,0.005347578211700125,0.9999858140945435,1.0,1.0,0,0.009572191629558802,0.049413084983825684,0.9999957978725433,0
r2,stress,61,340,0.0052014686670381095,0.9999865293502808,1.0,1.0,0,0.009780565276741982,0.049437642097473145,0.999994158744812,0
r2,stress,61,341,0.005652072661633494,0.9999844431877136,1.0,1.0,0,0.010246522258967161,0.04931318759918213,0.999994546175003,0
r2,stress,61,342,0.009043970205531358,0.9999617338180542,1.0,1.0,0,0.009821852669119835,0.049275875091552734,0.9999946355819702,0
r2,stress,61,343,0.007292163572832156,0.9999764561653137,1.0,1.0,0,0.009613566100597382,0.049180805683135986,0.9999947845935822,0
r2,stress,61,344,0.0059915674806730905,0.999982476234436,1.0,1.0,0,0.00956757366657257,0.04936408996582031,0.9999938905239105,0
r2,stress,61,345,0.005947408439077222,0.9999839663505554,1.0,1.0,0,0.009486580267548561,0.0492246150970459,0.999993622303009,0
r2,stress,61,346,0.007584103388059122,0.9999765753746033,1.0,1.0,0,0.009607925079762936,0.0493205189704895,0.9999914169311523,0
r2,stress,61,347,0.014939057364181062,0.9998912215232849,1.0,1.0,0,0.009996421169489622,0.04933899641036987,0.9999909698963165,0
r2,stress,61,348,0.00822585644925364,0.9999662041664124,1.0,1.0,0,0.010324493050575256,0.04940694570541382,0.9999877512454987,0
r2,stress,61,349,0.008829615908342069,0.9999693632125854,1.0,1.0,0,0.010058645624667406,0.04949080944061279,0.9999904930591583,0
r2,stress,61,350,0.008192759633777491,0.9999674558639526,1.0,0.95,0,0.010003858711570501,0.049488961696624756,0.9999915361404419,0
r2,stress,61,351,0.010657889937783788,0.9999456405639648,1.0,1.0,0,0.010004450101405382,0.04957151412963867,0.9999907612800598,0
r2,stress,61,352,0.010011444298484638,0.9999544024467468,1.0,1.0,0,0.009976946748793125,0.049617648124694824,0.9999898970127106,0
r2,stress,61,353,0.007644362411885786,0.9999787211418152,1.0,1.0,0,0.009985830634832382,0.04959338903427124,0.9999906718730927,0
r2,stress,61,354,0.008544373996638108,0.999966025352478,1.0,1.0,0,0.009956019930541515,0.04964476823806763,0.9999905228614807,0
r2,stress,61,355,0.01170432496289454,0.9999375343322754,1.0,0.95,0,0.009960827883332968,0.04952770471572876,0.9999909698963165,0
r2,stress,61,356,0.008726195986075736,0.9999618530273438,1.0,0.95,0,0.010035037994384766,0.049512624740600586,0.9999916553497314,0
r2,stress,61,357,0.0066720558856047316,0.999978244304657,1.0,0.95,0,0.009999179746955633,0.04945218563079834,0.9999904036521912,0
r2,stress,61,358,0.014671849315000084,0.9998924732208252,1.0,1.0,0,0.009920569136738777,0.04939979314804077,0.9999892711639404,0
r2,stress,61,359,0.007358127333324356,0.9999734163284302,1.0,1.0,0,0.009860348887741566,0.049421489238739014,0.9999922811985016,0
r2,stress,61,360,0.00759012685590922,0.9999777674674988,1.0,1.0,0,0.00987975299358368,0.04947805404663086,0.9999912083148956,0
r2,stress,61,361,0.015445621390877113,0.9998946189880371,1.0,1.0,0,0.009906185325235128,0.049283742904663086,0.9999910891056061,0
r2,stress,61,362,0.006646551949615981,0.9999821782112122,1.0,0.95,0,0.009880702011287212,0.04928809404373169,0.9999909400939941,0
r2,stress,61,363,0.005430471465502116,0.9999881386756897,1.0,1.0,0,0.009844653774052858,0.0492548942565918,0.9999926686286926,0
r2,stress,61,364,0.007533108966946089,0.9999717473983765,1.0,1.0,0,0.00983853405341506,0.04916048049926758,0.9999920725822449,0
r2,stress,61,365,0.014702856817365781,0.9998922348022461,1.0,1.0,0,0.009840732906013727,0.04922771453857422,0.9999926388263702,0
r2,stress,61,366,0.006217947401568812,0.9999806880950928,1.0,1.0,0,0.009840300772339106,0.04917210340499878,0.999992847442627,0
r2,stress,61,367,0.005677243609963272,0.9999849796295166,1.0,1.0,0,0.009812375996261835,0.048969566822052,0.9999927282333374,0
r2,stress,61,368,0.006139891667293325,0.9999825954437256,1.0,1.0,0,0.009628526400774717,0.048829078674316406,0.9999961256980896,0
r2,stress,61,369,0.008494826872202184,0.9999659061431885,1.0,0.95,0,0.009697949048131704,0.04877519607543945,0.9999963641166687,0
r2,stress,61,370,0.006382970261803088,0.9999825358390808,1.0,0.9,0,0.009733724407851696,0.04885244369506836,0.9999973177909851,0
r2,stress,61,371,0.01706678520567923,0.9998683929443359,1.0,1.0,0,0.00956708937883377,0.04865407943725586,0.9999981820583344,0
r2,stress,61,372,0.008737437669287204,0.9999624490737915,1.0,1.0,0,0.009719201363623142,0.048619627952575684,0.9999966025352478,0
r2,stress,61,373,0.008694663222647276,0.999962329864502,1.0,0.95,0,0.010320810601115227,0.04869121313095093,0.9999964237213135,0
r2,stress,61,374,0.005637431858131036,0.9999843239784241,1.0,1.0,0,0.009758965112268925,0.04850810766220093,0.9999970197677612,0
r2,stress,61,375,0.00578378447677354,0.9999836087226868,1.0,1.0,0,0.009409017860889435,0.04848051071166992,0.9999974966049194,0
r2,stress,61,376,0.007782107485578259,0.9999696612358093,1.0,0.95,0,0.009522053878754377,0.04822033643722534,0.999998152256012,0
r2,stress,61,377,0.006291146569094636,0.9999803304672241,1.0,1.0,0,0.009718114044517279,0.04816716909408569,0.9999993741512299,0
r2,stress,61,378,0.00840387660476725,0.9999647736549377,1.0,0.95,0,0.009303678758442402,0.04822540283203125,0.9999978542327881,0
r2,stress,61,379,0.008210294199791133,0.9999662637710571,1.0,1.0,0,0.009493602905422449,0.04825699329376221,0.9999967217445374,0
r2,stress,61,380,0.008794721200820341,0.9999679327011108,1.0,0.95,0,0.009899201337248087,0.04855543375015259,0.9999906718730927,0
r2,stress,61,381,0.015061262187395764,0.9998902082443237,1.0,1.0,0,0.010389768984168768,0.048612356185913086,0.9999779164791107,0
r2,stress,61,382,0.01273515070171391,0.9999216794967651,1.0,0.95,0,0.009915277361869812,0.04880654811859131,0.9999882280826569,0
r2,stress,61,383,0.006807500378380474,0.9999786615371704,1.0,1.0,0,0.01054186699911952,0.04862165451049805,0.9999945759773254,0
r2,stress,61,384,0.0066064228049391395,0.9999791979789734,1.0,1.0,0,0.009755632374435663,0.04823780059814453,0.9999963939189911,0
r2,stress,61,385,0.016987873588124997,0.9998688697814941,1.0,0.95,0,0.009723496157675982,0.04835242033004761,0.9999969005584717,0
r2,stress,61,386,0.0070984085886683064,0.9999771118164062,1.0,1.0,0,0.009707549586892128,0.04859030246734619,0.9999973475933075,0
r2,stress,61,387,0.021358517023208255,0.9997720718383789,1.0,0.9,0,0.009930414613336325,0.04925769567489624,0.9999937415122986,0
r2,stress,61,388,0.021000229469211387,0.9997813701629639,1.0,0.95,0,0.010706099215894938,0.050628095865249634,0.9999895989894867,0
r2,stress,61,389,0.010153499439166878,0.9999489188194275,0.0,1.0,0,0.0115218092687428,0.048393964767456055,0.9999798834323883,0
r2,stress,61,390,0.01661903916659657,0.9998740553855896,1.0,1.0,0,0.010365562047809362,0.04856771230697632,0.9999880492687225,0
r2,stress,61,391,0.00845843242994849,0.999965250492096,1.0,1.0,0,0.010597364977002144,0.05298125743865967,0.9999880790710449,0
r2,stress,61,392,0.012875444611404066,0.9999173879623413,1.0,0.95,0,0.01019196305423975,0.04823493957519531,0.9999902546405792,0
r2,stress,61,393,0.025742816199478026,0.9996687769889832,1.0,0.95,0,0.010149266570806503,0.0479583740234375,0.9999854862689972,0
r2,stress,61,394,0.021358559176881967,0.9997909665107727,1.0,1.0,0,0.010325879789888859,0.04816746711730957,0.9999857246875763,0
r2,stress,61,395,0.007510997129364369,0.9999718070030212,1.0,1.0,0,0.010126149747520685,0.048342108726501465,0.9999879002571106,0
r2,stress,61,396,0.008456811740638889,0.9999715685844421,1.0,1.0,0,0.009917255025357008,0.048441410064697266,0.9999933838844299,0
r2,stress,61,397,0.007042583298906692,0.9999779462814331,1.0,1.0,0,0.009892916772514582,0.048621535301208496,0.9999984204769135,0
r2,stress,61,398,0.006234889951003822,0.9999805688858032,1.0,1.0,0,0.00976415304467082,0.048774898052215576,0.9999981224536896,0
r2,stress,61,399,0.007591552041911989,0.999984860420227,1.0,1.0,0,0.009488455019891262,0.048548102378845215,0.9999995231628418,0
r2,stress,61,400,0.007157290270597191,0.9999746084213257,1.0,1.0,0,0.009484153240919113,0.04846376180648804,1.000000774860382,0
r2,stress,61,401,0.008810164876029819,0.999961256980896,1.0,0.95,0,0.009586003609001637,0.049259722232818604,0.9999988377094269,0
r2,stress,61,402,0.006822464827801203,0.9999769330024719,1.0,1.0,0,0.01036628382280469,0.049470722675323486,0.9999991357326508,0
r2,stress,61,403,0.0076896530807152,0.9999709725379944,1.0,1.0,0,0.009681675117462873,0.04892092943191528,1.000000685453415,0
r2,stress,61,404,0.0171390694543162,0.9998711347579956,1.0,0.95,0,0.009818830993026495,0.04929226636886597,1.0000002980232239,0
r2,stress,61,405,0.02338177118286389,0.9997266530990601,1.0,0.95,0,0.009453576523810625,0.04896199703216553,0.9999975860118866,0
r2,stress,61,406,0.036936792910432975,0.9993434548377991,1.0,0.95,0,0.010362798348069191,0.04831629991531372,0.9999907910823822,0
r2,stress,61,407,0.009532179786969075,0.9999546408653259,1.0,0.95,0,0.011432227212935686,0.06733456999063492,0.9999868869781494,0
r2,stress,61,408,0.008141718813836804,0.9999675750732422,1.0,1.0,0,0.010386626701802015,0.04844307899475098,0.9999963939189911,0
r2,stress,61,409,0.007340137730107595,0.99997478723526,1.0,0.95,0,0.01018470199778676,0.04848766326904297,0.9999979734420776,0
r2,stress,61,410,0.006472964564526061,0.9999791383743286,1.0,1.0,0,0.009620471391826868,0.04854476451873779,1.0000004768371582,0
r2,stress,61,411,0.020371145657636643,0.9997928142547607,1.0,1.0,0,0.009857993572950363,0.04836440086364746,0.9999963343143463,0
r2,stress,61,412,0.00931547997191211,0.9999566674232483,1.0,0.95,0,0.010982097126543522,0.048480093479156494,0.9999827146530151,0
r2,stress,61,413,0.007373149475812305,0.9999735951423645,1.0,1.0,0,0.012265362311154604,0.0485195517539978,0.9999611675739288,0
r2,stress,61,414,0.03914664100825622,0.9992409944534302,1.0,1.0,0,0.011062358971685171,0.048642873764038086,0.9999730885028839,0
r2,stress,61,415,0.00774211323575468,0.9999703168869019,1.0,0.95,0,0.010687545407563448,0.04863846302032471,0.9999769330024719,0
r2,stress,61,416,0.008060529498593443,0.9999678730964661,1.0,1.0,0,0.010405560955405235,0.04859507083892822,0.9999805092811584,0
r2,stress,61,417,0.0060250586998283695,0.9999821186065674,1.0,1.0,0,0.010125706903636456,0.048649489879608154,0.9999832808971405,0
r2,stress,61,418,0.006254678049372998,0.9999804496765137,1.0,1.0,0,0.00992162013426423,0.04879641532897949,0.9999871253967285,0
r2,stress,61,419,0.006724800437232691,0.9999802708625793,1.0,1.0,0,0.009834730997681618,0.0488627552986145,0.9999876916408539,0
r2,stress,61,420,0.014543220930975938,0.999894380569458,1.0,1.0,0,0.009885277133435011,0.04883629083633423,0.9999881386756897,0
r2,stress,61,421,0.014084131185174048,0.9999024271965027,1.0,0.95,0,0.00983387278392911,0.048687636852264404,0.9999887347221375,0
r2,stress,61,422,0.006554106800450148,0.9999784231185913,1.0,1.0,0,0.009962787386029959,0.048792123794555664,0.9999931454658508,0
r2,stress,61,423,0.007718725165407926,0.9999744296073914,1.0,1.0,0,0.009742249269038439,0.049891114234924316,0.9999977350234985,0
r2,stress,61,424,0.0073709760254667585,0.9999755620956421,0.0,1.0,0,0.009737813379615545,0.04989820718765259,0.9999998807907104,0
r2,stress,61,425,0.0074683977309630434,0.999972403049469,1.0,0.95,0,0.009821443352848291,0.04947453737258911,0.9999997615814209,0
r2,stress,61,426,0.012863909536903296,0.9999192953109741,1.0,1.0,0,0.00963944336399436,0.04940664768218994,1.0000000894069672,0
r2,stress,61,427,0.007801009105911924,0.9999696612358093,1.0,1.0,0,0.009636587928980589,0.04941445589065552,0.999998539686203,0
r2,stress,61,428,0.006245873642471721,0.9999808669090271,1.0,1.0,0,0.009915228933095932,0.049267590045928955,0.9999891519546509,0
r2,stress,61,429,0.005597810053900889,0.9999843835830688,1.0,1.0,0,0.009641710203140974,0.049191057682037354,0.999993771314621,0
r2,stress,61,430,0.006996506291215359,0.999980628490448,1.0,0.95,0,0.009683919604867697,0.049089789390563965,0.9999938905239105,0
r2,stress,61,431,0.008280820001814494,0.9999806880950928,1.0,1.0,0,0.010542113799601793,0.0490647554397583,0.9999850392341614,0
r2,stress,61,432,0.013502464165753049,0.9999088048934937,1.0,1.0,0,0.010056089144200087,0.048603951930999756,0.9999883770942688,0
r2,stress,61,433,0.0053089919810618315,0.9999858140945435,1.0,1.0,0,0.009708876721560955,0.04848337173461914,0.9999895691871643,0
r2,stress,61,434,0.008658606609741593,0.9999626874923706,1.0,1.0,0,0.009591418784111738,0.0485040545463562,0.9999927580356598,0
r2,stress,61,435,0.008217807554613396,0.9999668002128601,1.0,1.0,0,0.009691775310784578,0.04858618974685669,0.999992698431015,0
r2,stress,61,436,0.006243719127109713,0.9999827146530151,1.0,1.0,0,0.009527857415378094,0.04855889081954956,0.9999951720237732,0
r2,stress,61,437,0.0064200623323741445,0.9999797940254211,1.0,0.95,0,0.009496828075498343,0.04856562614440918,0.9999968111515045,0
r2,stress,61,438,0.006656888857331253,0.9999781847000122,1.0,0.95,0,0.009485004469752312,0.0485532283782959,0.9999967515468597,0
r2,stress,61,439,0.00792715304550623,0.9999685883522034,1.0,0.95,0,0.009796443860977888,0.048514604568481445,0.999985933303833,0
r2,stress,61,440,0.010103803199766379,0.999949038028717,1.0,1.0,0,0.01026063784956932,0.048498690128326416,0.9999902844429016,0
r2,stress,61,441,0.050319716864480626,0.9987372159957886,1.0,0.95,0,0.010290975216776133,0.04860424995422363,0.9999922215938568,0
r2,stress,61,442,0.016286906496909222,0.9998674392700195,1.0,0.95,0,0.009955580811947584,0.048566222190856934,0.9999893009662628,0
r2,stress,61,443,0.010050143080299301,0.99994957447052,1.0,1.0,0,0.009729278273880482,0.04844808578491211,0.9999917149543762,0
r2,stress,61,444,0.012347680882001848,0.9999287724494934,1.0,0.95,0,0.009815393947064877,0.04878658056259155,0.9999937415122986,0
r2,stress,61,445,0.009049771466702626,0.9999676942825317,1.0,1.0,0,0.010163049213588238,0.04841136932373047,0.9999924898147583,0
r2,stress,61,446,0.007138270159185762,0.9999761581420898,1.0,1.0,0,0.009844403713941574,0.048965632915496826,0.9999909102916718,0
r2,stress,61,447,0.02165368105803781,0.9997658729553223,1.0,0.95,0,0.009796932805329561,0.04859548807144165,0.9999865591526031,0
r2,stress,61,448,0.010138129351364699,0.9999486207962036,1.0,1.0,0,0.011297413147985935,0.09831729531288147,0.9999878406524658,0
r2,stress,61,449,0.008954164425933608,0.9999678134918213,1.0,1.0,0,0.01013814378529787,0.0486224889755249,0.9999928176403046,0
r2,stress,61,450,0.029483514204689067,0.999585747718811,1.0,0.95,0,0.009986457414925098,0.048572838306427,0.9999938607215881,0
r2,stress,61,451,0.009702820739247543,0.9999529719352722,1.0,1.0,0,0.010024354793131351,0.04852712154388428,0.9999944865703583,0
r2,stress,61,452,0.007611157451532115,0.9999713897705078,1.0,1.0,0,0.009926364291459322,0.048566579818725586,0.9999945163726807,0
r2,stress,61,453,0.007344051394861684,0.9999737739562988,1.0,0.95,0,0.009956272318959236,0.04850119352340698,0.9999952912330627,0
r2,stress,61,454,0.006767281847737887,0.9999775290489197,1.0,1.0,0,0.009809964336454868,0.04820728302001953,0.9999964535236359,0
r2,stress,61,455,0.015698944422015988,0.9999063014984131,1.0,0.95,0,0.009771649725735188,0.04831725358963013,0.9999953806400299,0
r2,stress,61,456,0.016474397122055298,0.9998655319213867,1.0,1.0,0,0.010149592068046331,0.048180222511291504,0.9999902844429016,0
r2,stress,61,457,0.0633068589525058,0.9979972839355469,1.0,0.95,0,0.009846763219684362,0.048020124435424805,0.9999901950359344,0
r2,stress,61,458,0.011189897096170312,0.9999382495880127,1.0,1.0,0,0.009884321596473455,0.04819995164871216,0.9999914169311523,0
r2,stress,61,459,0.00746655093958748,0.999972939491272,1.0,1.0,0,0.00972863519564271,0.048176348209381104,0.9999943375587463,0
r2,stress,61,460,0.009146482272758752,0.9999581575393677,1.0,1.0,0,0.009725475683808327,0.04814183712005615,0.9999937415122986,0
r2,stress,61,461,0.1453954316712743,0.9900141954421997,1.0,0.95,0,0.009687419980764389,0.04812657833099365,0.9999915361404419,0
r2,stress,61,462,0.017799146425415375,0.999864935874939,1.0,0.95,0,0.009684969205409288,0.048021793365478516,0.9999910593032837,0
r2,stress,61,463,0.0058870666277551055,0.9999827146530151,1.0,1.0,0,0.009624365251511335,0.04782480001449585,0.9999936819076538,0
r2,stress,61,464,0.006937138967935193,0.9999760985374451,1.0,1.0,0,0.009570592548698187,0.04776275157928467,0.9999970495700836,0
r2,stress,61,465,0.007091594298795021,0.9999748468399048,1.0,1.0,0,0.009559714701026678,0.0479273796081543,0.9999955296516418,0
r2,stress,61,466,0.0056977761728218635,0.9999842643737793,1.0,1.0,0,0.010111729614436626,0.04790467023849487,0.9999972283840179,0
r2,stress,61,467,0.005662357130893005,0.9999853372573853,1.0,1.0,0,0.009443666320294142,0.047863900661468506,0.9999992847442627,0
r2,stress,61,468,0.006313175414462862,0.9999802708625793,1.0,1.0,0,0.009561542421579361,0.04782974720001221,0.9999999105930328,0
r2,stress,61,469,0.006097757857322162,0.9999815225601196,1.0,1.0,0,0.009461550507694483,0.047804832458496094,1.0000007152557373,0
r2,stress,61,470,0.009755834537257096,0.9999529719352722,1.0,1.0,0,0.009449156932532787,0.04779559373855591,0.9999986886978149,0
r2,stress,61,471,0.0072402594631300185,0.9999737739562988,1.0,1.0,0,0.009400265291333199,0.04786181449890137,0.9999990463256836,0
r2,stress,61,472,0.00601119762132024,0.9999840259552002,1.0,1.0,0,0.009355085901916027,0.0479012131690979,1.0000002682209015,0
r2,stress,61,473,0.005808196011837368,0.9999832510948181,1.0,1.0,0,0.009343795944005251,0.04791712760925293,0.9999992549419403,0
r2,stress,61,474,0.006591268831936821,0.9999847412109375,1.0,1.0,0,0.009355106856673956,0.047965824604034424,0.9999994039535522,0
r2,stress,61,475,0.014353558833468413,0.9999038577079773,1.0,1.0,0,0.009348949883133173,0.04792577028274536,1.0000005960464478,0
r2,stress,61,476,0.007229298785173374,0.9999791383743286,1.0,1.0,0,0.009350321255624294,0.048015296459198,0.9999985098838806,0
r2,stress,61,477,0.008327701728846584,0.9999654293060303,1.0,0.95,0,0.009343036450445652,0.04797160625457764,0.9999975264072418,0
r2,stress,61,478,0.015138243453051621,0.9998855590820312,1.0,1.0,0,0.009385136887431145,0.04777401685714722,0.9999987781047821,0
r2,stress,61,479,0.01355776719444106,0.9999122023582458,1.0,0.95,0,0.009454567916691303,0.04782313108444214,0.9999984800815582,0
r2,stress,61,480,0.00677150305409155,0.9999797940254211,1.0,1.0,0,0.009430888574570417,0.04795360565185547,0.9999993443489075,0
r2,stress,61,481,0.00676887516424834,0.9999821782112122,1.0,1.0,0,0.00945256557315588,0.04783898591995239,0.9999974966049194,0
r2,stress,61,482,0.010142660856437667,0.999949038028717,1.0,1.0,0,0.009451278019696474,0.047874271869659424,0.9999969005584717,0
r2,stress,61,483,0.0131406799586512,0.9999160766601562,1.0,1.0,0,0.009515979792922735,0.047727763652801514,0.9999972879886627,0
r2,stress,61,484,0.007782271027276259,0.9999721050262451,1.0,0.95,0,0.009472206234931946,0.047703564167022705,0.9999974966049194,0
r2,stress,61,485,0.010675211779977253,0.9999432563781738,1.0,1.0,0,0.00950000248849392,0.04771620035171509,0.9999971687793732,0
r2,stress,61,486,0.013292077629614322,0.9999163746833801,1.0,1.0,0,0.010382749140262604,0.04848301410675049,0.9999783337116241,0
r2,stress,61,487,0.017607459802024675,0.999845027923584,1.0,0.9,0,0.012023285496979952,0.048500120639801025,0.9999649226665497,0
r2,stress,61,488,0.008625100597733377,0.9999632239341736,1.0,0.95,0,0.011287955101579428,0.048547208309173584,0.9999723136425018,0
r2,stress,61,489,0.00650583636026878,0.9999823570251465,1.0,1.0,0,0.0100966882891953,0.048134446144104004,0.9999807476997375,0
r2,stress,61,490,0.007070605302246202,0.9999755620956421,1.0,1.0,0,0.009824336972087622,0.04779624938964844,0.9999948441982269,0
r2,stress,61,491,0.006861740725967971,0.999976396560669,1.0,0.95,0,0.01030532130971551,0.047900617122650146,0.9999987483024597,0
r2,stress,61,492,0.005877006743033668,0.9999828934669495,1.0,1.0,0,0.010042811278253794,0.04781562089920044,0.9999993443489075,0
r2,stress,61,493,0.0066755085257983555,0.9999778270721436,1.0,1.0,0,0.00958994496613741,0.047735750675201416,0.9999994933605194,0
r2,stress,61,494,0.006147796182033564,0.999982476234436,1.0,1.0,0,0.009473223704844713,0.0479583740234375,1.0000001192092896,0
r2,stress,61,495,0.007142770463093922,0.9999748468399048,1.0,1.0,0,0.009489741176366806,0.0481799840927124,0.9999963641166687,0
r2,stress,61,496,0.005123403083417114,0.9999872446060181,1.0,1.0,0,0.010150563903152943,0.048043787479400635,0.9999906718730927,0
r2,stress,61,497,0.005267535030045944,0.999987006187439,1.0,1.0,0,0.009431551210582256,0.04786813259124756,0.9999960064888,0
r2,stress,61,498,0.006178464068514109,0.999983012676239,1.0,0.95,0,0.009260979481041431,0.04793119430541992,1.0000015497207642,0
r2,stress,61,499,0.010375692067471227,0.9999518394470215,1.0,1.0,0,0.009419959504157305,0.04760575294494629,1.0000003278255463,0
r2,stress,61,500,0.0062197039624127615,0.9999808073043823,1.0,1.0,0,0.010003224946558475,0.04806506633758545,0.999994158744812,0
r2,stress,61,501,0.007809502647850314,0.9999756217002869,1.0,1.0,0,0.009563103318214417,0.048000335693359375,0.999999076128006,0
r2,stress,61,502,0.007626476903830154,0.9999718070030212,1.0,1.0,0,0.009483709000051022,0.047947824001312256,1.0000029802322388,0
r2,stress,61,503,0.005754481167174895,0.9999843239784241,1.0,1.0,0,0.009331192821264267,0.04790353775024414,1.0000022053718567,0
r2,stress,61,504,0.007164482991541104,0.9999753832817078,1.0,0.95,0,0.009202142246067524,0.04806065559387207,1.0000041723251343,0
r2,stress,61,505,0.010473915628003939,0.9999479055404663,1.0,1.0,0,0.00922086974605918,0.04832369089126587,1.000003159046173,0
r2,stress,61,506,0.005758913222827955,0.9999841451644897,1.0,1.0,0,0.009182573296129704,0.0481228232383728,1.0000061988830566,0
r2,stress,61,507,0.007870633375433941,0.9999715089797974,1.0,1.0,0,0.00921812653541565,0.04809516668319702,1.0000046491622925,0
r2,stress,61,508,0.006255848990950313,0.9999833106994629,1.0,0.95,0,0.009164066519588232,0.0488734245300293,1.000004768371582,0
r2,stress,61,509,0.007295893083994774,0.9999766945838928,1.0,1.0,0,0.009013846516609192,0.04838216304779053,1.0000051259994507,0
r2,stress,61,510,0.007763844519396253,0.9999698996543884,1.0,0.95,0,0.00901757413521409,0.048016130924224854,1.0000030994415283,0
r2,stress,61,511,0.0071488370803059085,0.9999750852584839,1.0,1.0,0,0.009083871264010668,0.0479121208190918,1.0000044107437134,0
r2,stress,61,512,0.014265907066889714,0.9998983144760132,1.0,1.0,0,0.00909359473735094,0.047685861587524414,1.000003457069397,0
