condition,phase,problem_id,token,logit_relative_l2,logit_cosine,logit_top1_match,logit_top20_overlap,logit_nonfinite,state_relative_l2,state_max_abs,state_cosine,state_nonfinite
r1,primary,60,0,0.06654482417383398,0.9980708360671997,1.0,1.0,0,0.03760330751538277,0.16122400760650635,0.9993249177932739,0
r1,primary,60,1,0.074722443187826,0.99721759557724,1.0,0.95,0,0.034101434983313084,0.16201460361480713,0.9994555413722992,0
r1,primary,60,2,0.05133594001411723,0.9986865520477295,1.0,0.9,0,0.03492308408021927,0.3026607036590576,0.9994288682937622,0
r1,primary,60,3,0.03424817712293966,0.9994634389877319,1.0,0.9,0,0.03611316159367561,0.15534883737564087,0.9994112253189087,0
r1,primary,60,4,0.03384405751044704,0.9994655251502991,1.0,0.9,0,0.03684130869805813,0.15513479709625244,0.9993817508220673,0
r1,primary,60,5,0.0442154516300525,0.9990222454071045,1.0,0.95,0,0.035877710208296776,0.15497970581054688,0.9994128942489624,0
r1,primary,60,6,0.13224783196359682,0.9912376403808594,1.0,0.95,0,0.035019416362047195,0.1548476219177246,0.999440997838974,0
r1,primary,60,7,0.04226858586890893,0.9992648363113403,1.0,0.95,0,0.03525940887629986,0.15475398302078247,0.999432235956192,0
r1,primary,60,8,0.04118884319055978,0.9991581439971924,1.0,0.95,0,0.035739827901124954,0.15509769320487976,0.9994200170040131,0
r1,primary,60,9,0.04151679047085793,0.999218761920929,1.0,0.95,0,0.0339000690728426,0.1564110815525055,0.9994894564151764,0
r1,primary,60,10,0.04927528541260554,0.9988370537757874,1.0,0.9,0,0.03243950568139553,0.15553292632102966,0.9995354115962982,0
r1,primary,60,11,0.022618729608653423,0.9997488260269165,1.0,0.95,0,0.0301996860653162,0.15220192074775696,0.9995982348918915,0
r1,primary,60,12,0.020226520419014574,0.9998030066490173,1.0,0.95,0,0.028905530460178852,0.15276601910591125,0.9996343851089478,0
r1,primary,60,13,0.025451108183722572,0.9996793270111084,1.0,0.95,0,0.027918648906052113,0.15315556526184082,0.9996614754199982,0
r1,primary,60,14,0.011704969173711431,0.9999336004257202,1.0,1.0,0,0.02730636391788721,0.1533547341823578,0.9996753633022308,0
r1,primary,60,15,0.017773726323271996,0.9998424053192139,1.0,1.0,0,0.02681534830480814,0.15281891822814941,0.9996885657310486,0
r1,primary,60,16,0.022870582474253276,0.999738872051239,1.0,0.95,0,0.02705327607691288,0.15296128392219543,0.9996715188026428,0
r1,primary,60,17,0.014265090709445528,0.9999033808708191,1.0,1.0,0,0.02721762005239725,0.15335720777511597,0.9996698200702667,0
r1,primary,60,18,0.036221774355923164,0.9993563890457153,1.0,1.0,0,0.027082975022494793,0.15392759442329407,0.9996724426746368,0
r1,primary,60,19,0.012820474974463734,0.9999191164970398,1.0,0.95,0,0.026868279092013836,0.15436005592346191,0.9996825754642487,0
r1,primary,60,20,0.012492966176715557,0.9999308586120605,1.0,1.0,0,0.02639699075371027,0.15473687648773193,0.9996952712535858,0
r1,primary,60,21,0.01840541880837863,0.9998360872268677,1.0,1.0,0,0.026386205106973648,0.15476146340370178,0.9996989369392395,0
r1,primary,60,22,0.02329331731913542,0.9997376799583435,1.0,1.0,0,0.0260896859690547,0.1549759805202484,0.9997017085552216,0
r1,primary,60,23,0.02654589506576673,0.9996483325958252,1.0,1.0,0,0.025228739716112614,0.1558227837085724,0.9997215569019318,0
r1,primary,60,24,0.022569884166787228,0.9997463226318359,1.0,0.9,0,0.024368981830775738,0.1560937762260437,0.9997456669807434,0
r1,primary,60,25,0.02013118915418314,0.9998008012771606,1.0,1.0,0,0.02404660452157259,0.15631425380706787,0.999754011631012,0
r1,primary,60,26,0.0197436129094778,0.9998117685317993,1.0,1.0,0,0.024271080270409584,0.15629899501800537,0.9997442066669464,0
r1,primary,60,27,0.01374011005380563,0.9999058246612549,1.0,1.0,0,0.025092030875384808,0.15566539764404297,0.9997298121452332,0
r1,primary,60,28,0.014492384125772155,0.9999001026153564,1.0,1.0,0,0.02583218365907669,0.1556689441204071,0.9997166693210602,0
r1,primary,60,29,0.04126762007660057,0.9992906451225281,1.0,0.9,0,0.02520445268601179,0.15568307042121887,0.9997266530990601,0
r1,primary,60,30,0.012183007481872628,0.9999279379844666,1.0,1.0,0,0.024933934211730957,0.15523356199264526,0.9997298717498779,0
r1,primary,60,31,0.01215703530579436,0.9999265670776367,1.0,1.0,0,0.02473570592701435,0.15580978989601135,0.9997342824935913,0
r1,primary,60,32,0.05248856163596076,0.9986649751663208,1.0,0.9,0,0.024807598441839218,0.15645703673362732,0.9997296929359436,0
r1,primary,60,33,0.020656753749046363,0.9997875690460205,1.0,1.0,0,0.025012054480612278,0.15648043155670166,0.9997239410877228,0
r1,primary,60,34,0.021871334885772246,0.9997648596763611,0.0,0.95,0,0.025533756241202354,0.15612825751304626,0.9997149407863617,0
r1,primary,60,35,0.017815009479864204,0.999849796295166,1.0,1.0,0,0.026587984524667263,0.1563132405281067,0.9996951222419739,0
r1,primary,60,36,0.019796155997386777,0.999806821346283,1.0,1.0,0,0.025704275816679,0.15583214163780212,0.9997180998325348,0
r1,primary,60,37,0.034913709816905246,0.9993974566459656,1.0,0.95,0,0.02556960377842188,0.15621256828308105,0.9997157752513885,0
r1,primary,60,38,0.024909478771716207,0.9996964931488037,1.0,0.9,0,0.02691024448722601,0.1564900279045105,0.9996863305568695,0
r1,primary,60,39,0.02260346324054818,0.9997909069061279,1.0,0.95,0,0.027010492980480194,0.15616375207901,0.9996837675571442,0
r1,primary,60,40,0.02281384402094946,0.9997414350509644,1.0,0.95,0,0.026753298938274384,0.15621086955070496,0.9996900856494904,0
r1,primary,60,41,0.03086267057474023,0.9995602369308472,1.0,1.0,0,0.026774887926876545,0.1564505696296692,0.9996897280216217,0
r1,primary,60,42,0.034322061268233214,0.9994268417358398,1.0,0.9,0,0.02661781758069992,0.15578922629356384,0.9996930360794067,0
r1,primary,60,43,0.01753239753904554,0.9998469948768616,1.0,0.95,0,0.026748010888695717,0.15549412369728088,0.999689370393753,0
r1,primary,60,44,0.01628682058713194,0.9998725652694702,1.0,0.95,0,0.026173765771090984,0.15549784898757935,0.9997060596942902,0
r1,primary,60,45,0.016502248955973634,0.9998648762702942,1.0,1.0,0,0.025933095254004,0.15538331866264343,0.9997098743915558,0
r1,primary,60,46,0.01160705375638916,0.999938428401947,1.0,0.95,0,0.025775914080440998,0.15576037764549255,0.9997147917747498,0
r1,primary,60,47,0.015214802290384232,0.9998863935470581,1.0,0.95,0,0.025472172535955906,0.15582528710365295,0.9997200667858124,0
r1,primary,60,48,0.016535846713626318,0.9998636841773987,1.0,1.0,0,0.02515991497784853,0.15589943528175354,0.9997268617153168,0
r1,primary,60,49,0.019095657096148504,0.9998292326927185,1.0,1.0,0,0.025040515698492527,0.15639659762382507,0.9997334480285645,0
r1,primary,60,50,0.019310035754218653,0.9998135566711426,1.0,1.0,0,0.02478416357189417,0.1568213403224945,0.9997353255748749,0
r1,primary,60,51,0.015800765297485784,0.9998757839202881,1.0,0.95,0,0.02431809902191162,0.15713030099868774,0.9997437298297882,0
r1,primary,60,52,0.04177438638235323,0.999130129814148,1.0,1.0,0,0.02538479119539261,0.1571168303489685,0.9997267127037048,0
r1,primary,60,53,0.028559994528964582,0.9995933771133423,1.0,1.0,0,0.026301231235265732,0.15693265199661255,0.9997023046016693,0
r1,primary,60,54,0.021263216342550857,0.9998044371604919,1.0,0.95,0,0.026051620952785015,0.1565990447998047,0.9997075200080872,0
r1,primary,60,55,0.020130748890366812,0.9998158812522888,1.0,0.9,0,0.025688327848911285,0.15647533535957336,0.9997180104255676,0
r1,primary,60,56,0.014320001030825393,0.9999036192893982,1.0,1.0,0,0.02556083630770445,0.15670686960220337,0.999722421169281,0
r1,primary,60,57,0.03159369890922056,0.9995079040527344,1.0,0.85,0,0.025849378667771816,0.15655410289764404,0.9997138977050781,0
r1,primary,60,58,0.03490984794411958,0.9995179176330566,1.0,1.0,0,0.025940517894923687,0.15721938014030457,0.9997022747993469,0
r1,primary,60,59,0.0160132055994763,0.999872088432312,1.0,0.95,0,0.02562799956649542,0.15732666850090027,0.999713808298111,0
r1,primary,60,60,0.018668141807404982,0.9998267889022827,1.0,1.0,0,0.025397381745278835,0.15722692012786865,0.999724805355072,0
r1,primary,60,61,0.014822652961140421,0.9998931884765625,1.0,1.0,0,0.025247570127248764,0.15719419717788696,0.9997289478778839,0
r1,primary,60,62,0.014067446635910348,0.9999027252197266,1.0,1.0,0,0.02512157615274191,0.15704184770584106,0.9997330904006958,0
r1,primary,60,63,0.02547054579140473,0.9997090101242065,1.0,1.0,0,0.025430557318031788,0.15659049153327942,0.9997250139713287,0
r1,primary,60,64,0.020773340875456774,0.9997843503952026,1.0,1.0,0,0.02522705029696226,0.15686753392219543,0.9997321963310242,0
r1,primary,60,65,0.02209050575417338,0.9997564554214478,1.0,1.0,0,0.02468273788690567,0.15660515427589417,0.9997344017028809,0
r1,primary,60,66,0.025290976794894754,0.9996892809867859,1.0,1.0,0,0.02438062522560358,0.15661031007766724,0.9997434914112091,0
r1,primary,60,67,0.027594104862906067,0.9996368288993835,1.0,0.9,0,0.024184458889067173,0.15645501017570496,0.999748170375824,0
r1,primary,60,68,0.023038724580110567,0.9997353553771973,1.0,1.0,0,0.023991066962480545,0.15615251660346985,0.9997515082359314,0
r1,primary,60,69,0.026994199751632177,0.9996904134750366,1.0,0.9,0,0.024058912880718708,0.1542874574661255,0.9997485876083374,0
r1,primary,60,70,0.04433681270010763,0.9990190267562866,1.0,0.9,0,0.025632367469370365,0.15367454290390015,0.9997191727161407,0
r1,primary,60,71,0.034503431165730146,0.9994058012962341,1.0,0.95,0,0.026886587031185627,0.15249666571617126,0.9996884763240814,0
r1,primary,60,72,0.0407886514449505,0.9992574453353882,1.0,0.95,0,0.026350034400820732,0.15183809399604797,0.9997031688690186,0
r1,primary,60,73,0.023216773719465195,0.9997670650482178,1.0,0.95,0,0.02693926077336073,0.15236008167266846,0.9996941387653351,0
r1,primary,60,74,0.0358798219325258,0.9993568658828735,1.0,1.0,0,0.02610392216593027,0.15221813321113586,0.9997169971466064,0
r1,primary,60,75,0.03830125570001179,0.9992721080780029,1.0,0.95,0,0.025556336157023907,0.15219059586524963,0.9997240900993347,0
r1,primary,60,76,0.01768081319495844,0.9998436570167542,1.0,0.95,0,0.02521216869354248,0.1517324447631836,0.9997322857379913,0
r1,primary,60,77,0.02438783088832232,0.9998018145561218,1.0,0.95,0,0.02538310457020998,0.1522475779056549,0.9997343122959137,0
r1,primary,60,78,0.01813366640299829,0.9998465776443481,1.0,0.9,0,0.024938189424574375,0.1524524986743927,0.9997389614582062,0
r1,primary,60,79,0.04015517447988715,0.999193549156189,1.0,0.9,0,0.025319376960396767,0.15307947993278503,0.9997311234474182,0
r1,primary,60,80,0.028674305256072216,0.9995948076248169,1.0,0.95,0,0.026239877566695213,0.15353739261627197,0.9997110664844513,0
r1,primary,60,81,0.014033319411886333,0.999901533126831,1.0,0.95,0,0.025250217877328396,0.15416613221168518,0.9997325837612152,0
r1,primary,60,82,0.025267436584098812,0.9996941685676575,1.0,0.9,0,0.025026938877999783,0.15338477492332458,0.9997379779815674,0
r1,primary,60,83,0.05250515661106735,0.9986846446990967,1.0,0.9,0,0.024863071739673615,0.15367859601974487,0.9997384250164032,0
r1,primary,60,84,0.02467799991096178,0.9996985793113708,1.0,0.95,0,0.024663147516548634,0.15420737862586975,0.9997430443763733,0
r1,primary,60,85,0.052838049483552044,0.998628556728363,1.0,0.95,0,0.024636910296976566,0.15442267060279846,0.9997234344482422,0
r1,primary,60,86,0.013630161530431832,0.999911904335022,1.0,1.0,0,0.02458903193473816,0.15452268719673157,0.9997305572032928,0
r1,primary,60,87,0.014830581041292213,0.9998998641967773,1.0,1.0,0,0.0243168817833066,0.15458759665489197,0.9997470378875732,0
r1,primary,60,88,0.021688013597440558,0.9997808933258057,1.0,0.95,0,0.024407395161688328,0.15492001175880432,0.999742716550827,0
r1,primary,60,89,0.040512227162797385,0.9993539452552795,1.0,1.0,0,0.024613521993160248,0.15499350428581238,0.9997377693653107,0
r1,primary,60,90,0.02266712936767502,0.9997450709342957,1.0,0.95,0,0.02442348375916481,0.15513160824775696,0.9997383952140808,0
r1,primary,60,91,0.0558684229150887,0.9985305070877075,1.0,0.95,0,0.024829572066664696,0.1550745964050293,0.9997366070747375,0
r1,primary,60,92,0.015717178695936203,0.999876856803894,1.0,0.95,0,0.02488701231777668,0.155062735080719,0.99974125623703,0
r1,primary,60,93,0.034919988332525013,0.9994089603424072,1.0,0.95,0,0.02501927688717842,0.1550493836402893,0.9997367858886719,0
r1,primary,60,94,0.02405297043566192,0.9997589588165283,1.0,0.9,0,0.025037722662091255,0.15574109554290771,0.9997362196445465,0
r1,primary,60,95,0.015483413205615254,0.9998801946640015,1.0,1.0,0,0.02460613287985325,0.15567928552627563,0.9997457563877106,0
r1,primary,60,96,0.02418095599322535,0.9997125864028931,1.0,0.9,0,0.024604180827736855,0.15534228086471558,0.9997484385967255,0
r1,primary,60,97,0.011990211324910138,0.9999434947967529,1.0,0.95,0,0.024417378939688206,0.15531474351882935,0.9997543394565582,0
r1,primary,60,98,0.014823663708614375,0.9998918771743774,1.0,0.95,0,0.024127216078341007,0.1539342999458313,0.9997581541538239,0
r1,primary,60,99,0.012456658297221309,0.9999278783798218,1.0,0.95,0,0.023721185512840748,0.15388378500938416,0.9997628629207611,0
r1,primary,60,100,0.021319708166973064,0.9997751116752625,1.0,0.95,0,0.023618661798536777,0.15402334928512573,0.99976646900177,0
r1,primary,60,101,0.02248858203561214,0.9997878074645996,1.0,0.95,0,0.0235739815980196,0.1540835201740265,0.9997657239437103,0
r1,primary,60,102,0.03067545338282249,0.9995355606079102,1.0,1.0,0,0.023869479075074196,0.1540382206439972,0.9997606873512268,0
r1,primary,60,103,0.01611794885552131,0.9998759031295776,1.0,1.0,0,0.023874695412814617,0.1542225480079651,0.9997623860836029,0
r1,primary,60,104,0.014579299270006126,0.999897837638855,1.0,1.0,0,0.02364949882030487,0.15432661771774292,0.9997666478157043,0
r1,primary,60,105,0.12895404634005792,0.9916708469390869,1.0,0.95,0,0.023541342467069626,0.15441623330116272,0.999768853187561,0
r1,primary,60,106,0.013816467159906662,0.9999048709869385,1.0,0.95,0,0.023434520699083805,0.15436473488807678,0.9997724890708923,0
r1,primary,60,107,0.014640817614824069,0.9999089241027832,1.0,1.0,0,0.023388434201478958,0.1543826460838318,0.999774843454361,0
r1,primary,60,108,0.011615428669234037,0.9999332427978516,1.0,0.9,0,0.023350177332758904,0.15454542636871338,0.9997767806053162,0
r1,primary,60,109,0.01460243810183776,0.9999010562896729,1.0,1.0,0,0.023055877536535263,0.15457037091255188,0.9997850358486176,0
r1,primary,60,110,0.014024160884525141,0.9999035000801086,1.0,0.95,0,0.02267258707433939,0.15510737895965576,0.9997952580451965,0
r1,primary,60,111,0.02341092071309053,0.9997497797012329,1.0,1.0,0,0.02194982022047043,0.1552668809890747,0.9998016655445099,0
r1,primary,60,112,0.021504124272056578,0.9997700452804565,1.0,1.0,0,0.022112243808805943,0.156081885099411,0.9998014569282532,0
r1,primary,60,113,0.014782737972274149,0.999902606010437,1.0,1.0,0,0.022546036168932915,0.15689128637313843,0.9998009204864502,0
r1,primary,60,114,0.011061575057066531,0.9999411106109619,1.0,0.95,0,0.02218017354607582,0.15694338083267212,0.9998112618923187,0
r1,primary,60,115,0.009769992078858132,0.9999523758888245,1.0,1.0,0,0.02183392643928528,0.15699973702430725,0.9998248517513275,0
r1,primary,60,116,0.011909667772043296,0.9999292492866516,1.0,0.95,0,0.021323304623365402,0.15695378184318542,0.9998278319835663,0
r1,primary,60,117,0.02191837378495745,0.9997599124908447,1.0,1.0,0,0.021722457371652126,0.15673470497131348,0.9998076856136322,0
r1,primary,60,118,0.00941156498334667,0.9999560117721558,1.0,1.0,0,0.021634528413414955,0.1571919322013855,0.9998100697994232,0
r1,primary,60,119,0.0200369022976305,0.9998141527175903,1.0,1.0,0,0.021125679835677147,0.1575773060321808,0.9998183250427246,0
r1,primary,60,120,0.02593322371480182,0.999700129032135,1.0,0.95,0,0.020773401483893394,0.15754616260528564,0.9998226165771484,0
r1,primary,60,121,0.017702131496637092,0.9998444318771362,1.0,0.9,0,0.020989639684557915,0.15714019536972046,0.9998207688331604,0
r1,primary,60,122,0.010847017183765418,0.999941885471344,1.0,1.0,0,0.02089565619826317,0.15715429186820984,0.9998206198215485,0
r1,primary,60,123,0.02274942201219342,0.9997481107711792,1.0,0.95,0,0.020758312195539474,0.15721723437309265,0.9998297989368439,0
r1,primary,60,124,0.015869438638900328,0.9998746514320374,1.0,1.0,0,0.02146823052316904,0.15679892897605896,0.9998237490653992,0
r1,primary,60,125,0.011172784358943522,0.9999390244483948,1.0,0.95,0,0.020823718048632145,0.15724027156829834,0.9998294711112976,0
r1,primary,60,126,0.010389771767578913,0.9999462962150574,1.0,1.0,0,0.020856207236647606,0.15681558847427368,0.9998244643211365,0
r1,primary,60,127,0.013992056908650095,0.9999287128448486,1.0,1.0,0,0.020565415732562542,0.15679171681404114,0.9998259246349335,0
r1,primary,60,128,0.00873070391710243,0.9999669194221497,1.0,0.95,0,0.020336144603788853,0.15680387616157532,0.9998293519020081,0
r1,primary,61,0,0.03179356233310785,0.9994954466819763,1.0,1.0,0,0.019699014723300934,0.052029311656951904,0.9998524487018585,0
r1,primary,61,1,0.012406844397003968,0.9999238848686218,1.0,1.0,0,0.01873069442808628,0.05032666400074959,0.9998731911182404,0
r1,primary,61,2,0.010598248369730251,0.9999446868896484,1.0,1.0,0,0.017321230843663216,0.050355300307273865,0.9999037683010101,0
r1,primary,61,3,0.012631820027026942,0.999927282333374,1.0,1.0,0,0.01801487896591425,0.05052931606769562,0.9998894333839417,0
r1,primary,61,4,0.008400160558135392,0.9999671578407288,1.0,1.0,0,0.019090493209660053,0.05030825734138489,0.9998724162578583,0
r1,primary,61,5,0.025362492252235472,0.9996795654296875,1.0,0.95,0,0.017436593770980835,0.05006676912307739,0.9999001622200012,0
r1,primary,61,6,0.015877277591958353,0.9998742341995239,1.0,1.0,0,0.017711583524942398,0.10193854570388794,0.9998919665813446,0
r1,primary,61,7,0.012119150453774952,0.9999361038208008,1.0,0.95,0,0.016329200007021427,0.05027247965335846,0.99991574883461,0
r1,primary,61,8,0.009282086304934387,0.9999569058418274,1.0,0.95,0,0.015991524327546358,0.05018956959247589,0.9999172985553741,0
r1,primary,61,9,0.007477711561066008,0.9999721050262451,1.0,1.0,0,0.016037459950894117,0.050277382135391235,0.9999188482761383,0
r1,primary,61,10,0.014623145524817752,0.9999067783355713,1.0,0.95,0,0.01572598284110427,0.05082453787326813,0.9999218881130219,0
r1,primary,61,11,0.006056951250640723,0.9999819993972778,1.0,0.95,0,0.015476893167942762,0.05703103542327881,0.999925434589386,0
r1,primary,61,12,0.00705672833922727,0.9999756813049316,1.0,1.0,0,0.015296233352273703,0.05079565942287445,0.9999273717403412,0
r1,primary,61,13,0.01169894884201578,0.9999471306800842,1.0,1.0,0,0.015135209541767836,0.05074520409107208,0.9999290108680725,0
r1,primary,61,14,0.009047933610470833,0.9999642968177795,1.0,1.0,0,0.015074670780450106,0.050744444131851196,0.9999281764030457,0
r1,primary,61,15,0.015869316025691273,0.9999319314956665,1.0,1.0,0,0.015221030451357365,0.05079369246959686,0.999918133020401,0
r1,primary,61,16,0.009328085679131409,0.9999590516090393,1.0,0.95,0,0.01499652350321412,0.050849318504333496,0.9999263286590576,0
r1,primary,61,17,0.053232085694167375,0.9987435340881348,1.0,1.0,0,0.016136440448462963,0.05091388523578644,0.9999175369739532,0
r1,primary,61,18,0.01003092767326063,0.9999568462371826,1.0,1.0,0,0.015569129958748817,0.05091021955013275,0.9999262690544128,0
r1,primary,61,19,0.014898758944695072,0.9999195337295532,1.0,0.95,0,0.01512109860777855,0.050900623202323914,0.9999262988567352,0
r1,primary,61,20,0.041818828158720484,0.9992386102676392,1.0,0.9,0,0.014933977741748095,0.05083516240119934,0.9999298453330994,0
r1,primary,61,21,0.01476450142566268,0.9998912215232849,1.0,0.95,0,0.014778925105929375,0.050846755504608154,0.9999271035194397,0
r1,primary,61,22,0.02142996648608195,0.9997775554656982,1.0,1.0,0,0.015104771591722965,0.0506862998008728,0.9999204874038696,0
r1,primary,61,23,0.008179928979639615,0.9999672174453735,1.0,1.0,0,0.015327449887990952,0.05079713463783264,0.9999266862869263,0
r1,primary,61,24,0.00786376876332051,0.999970018863678,1.0,1.0,0,0.01459592953324318,0.050770848989486694,0.9999326169490814,0
r1,primary,61,25,0.00861903152047048,0.9999628067016602,1.0,0.95,0,0.014392900746315718,0.05064314603805542,0.9999390542507172,0
r1,primary,61,26,0.011467765156727622,0.9999344348907471,1.0,1.0,0,0.014278706163167953,0.050410524010658264,0.9999390244483948,0
r1,primary,61,27,0.008962081230163345,0.9999604225158691,1.0,1.0,0,0.014266914688050747,0.05938553810119629,0.9999411106109619,0
r1,primary,61,28,0.012220593902830855,0.9999276399612427,1.0,1.0,0,0.014108560513705015,0.05288863182067871,0.9999399781227112,0
r1,primary,61,29,0.008320269826909784,0.9999659657478333,0.0,1.0,0,0.01404477097094059,0.05044911801815033,0.9999413192272186,0
r1,primary,61,30,0.008150011485208745,0.9999688267707825,1.0,1.0,0,0.01426936686038971,0.050605639815330505,0.9999371469020844,0
r1,primary,61,31,0.007470789275728368,0.9999744296073914,1.0,1.0,0,0.014020453672856092,0.050620391964912415,0.9999420642852783,0
r1,primary,61,32,0.019073144770029082,0.9998183846473694,1.0,1.0,0,0.014083740767091513,0.050779491662979126,0.9999426901340485,0
r1,primary,61,33,0.009764952904101018,0.9999549388885498,1.0,1.0,0,0.014048465993255377,0.05055123567581177,0.9999412298202515,0
r1,primary,61,34,0.01208509219890575,0.9999470710754395,1.0,1.0,0,0.013859240803867579,0.050346896052360535,0.9999446868896484,0
r1,primary,61,35,0.008509486088154791,0.9999687671661377,1.0,0.95,0,0.01358454069122672,0.0504160076379776,0.9999502003192902,0
r1,primary,61,36,0.007360702148079398,0.9999730587005615,1.0,1.0,0,0.013506046961992979,0.050485625863075256,0.9999479353427887,0
r1,primary,61,37,0.007481980867419601,0.9999725818634033,1.0,1.0,0,0.013432213570922613,0.05046425759792328,0.9999480545520782,0
r1,primary,61,38,0.010936776033389576,0.9999411702156067,1.0,0.95,0,0.013451184146106243,0.05057348310947418,0.9999464452266693,0
r1,primary,61,39,0.009970195854481355,0.999950647354126,1.0,0.95,0,0.013483362272381783,0.05053628981113434,0.9999469816684723,0
r1,primary,61,40,0.01079171270412907,0.9999440908432007,1.0,0.9,0,0.013415709137916565,0.0505886971950531,0.9999476671218872,0
r1,primary,61,41,0.023698908257490738,0.9997538328170776,1.0,0.95,0,0.013505456037819386,0.05065901577472687,0.9999461472034454,0
r1,primary,61,42,0.011940235546210274,0.9999418258666992,1.0,0.95,0,0.013283489737659693,0.05073866248130798,0.9999487400054932,0
r1,primary,61,43,0.012484721767420182,0.9999247789382935,1.0,1.0,0,0.013244910631328821,0.05064168572425842,0.9999520778656006,0
r1,primary,61,44,0.009413267120917909,0.9999558925628662,1.0,1.0,0,0.013115881010890007,0.050805047154426575,0.9999549090862274,0
r1,primary,61,45,0.008681623797916673,0.9999645352363586,1.0,0.95,0,0.01341877831146121,0.050464630126953125,0.9999524056911469,0
r1,primary,61,46,0.012183538592802405,0.9999266266822815,1.0,0.95,0,0.014085491187870502,0.050775736570358276,0.9999510943889618,0
r1,primary,61,47,0.01061592303864937,0.999943733215332,1.0,1.0,0,0.014863130636513233,0.05081421136856079,0.9999380111694336,0
r1,primary,61,48,0.016411134631173316,0.9998654127120972,1.0,0.95,0,0.0142063545063138,0.050393909215927124,0.9999483823776245,0
r1,primary,61,49,0.014448708200901455,0.9998977184295654,1.0,1.0,0,0.013857651501893997,0.05033838748931885,0.9999541342258453,0
r1,primary,61,50,0.011584319522357564,0.9999350309371948,1.0,1.0,0,0.013665745500475168,0.05048587918281555,0.9999540746212006,0
r1,primary,61,51,0.03306670061400216,0.999454140663147,1.0,0.95,0,0.014659375883638859,0.06006598472595215,0.9999401867389679,0
r1,primary,61,52,0.015712587093706036,0.999878466129303,1.0,1.0,0,0.01588634867221117,0.05028563737869263,0.9999184310436249,0
r1,primary,61,53,0.011441627422226982,0.9999378323554993,1.0,0.95,0,0.01522366376593709,0.05363655090332031,0.9999289512634277,0
r1,primary,61,54,0.008341544732371189,0.9999653697013855,1.0,1.0,0,0.014358282089233398,0.05038948357105255,0.9999449253082275,0
r1,primary,61,55,0.009498505014930877,0.999959409236908,1.0,0.95,0,0.013775504659861326,0.05038093030452728,0.9999604523181915,0
r1,primary,61,56,0.009497649041973871,0.9999551773071289,1.0,1.0,0,0.013515436556190252,0.05022801458835602,0.9999611973762512,0
r1,primary,61,57,0.009843780086379395,0.999951958656311,1.0,1.0,0,0.013344618957489729,0.05029299855232239,0.9999628961086273,0
r1,primary,61,58,0.008821841008187139,0.9999638795852661,1.0,1.0,0,0.013043513521552086,0.050118282437324524,0.9999648630619049,0
r1,primary,61,59,0.01049114989603053,0.9999476671218872,1.0,1.0,0,0.013601403217762709,0.048445820808410645,0.999965250492096,0
r1,primary,61,60,0.01445069366321784,0.9999223351478577,1.0,1.0,0,0.015521821100264788,0.050115831196308136,0.9999220669269562,0
r1,primary,61,61,0.00873783690986452,0.9999650120735168,1.0,0.95,0,0.016441320069134235,0.04851369559764862,0.9999276995658875,0
r1,primary,61,62,0.007998965837659296,0.9999681115150452,1.0,0.95,0,0.015930071473121643,0.048295870423316956,0.9999319911003113,0
r1,primary,61,63,0.007200386087218568,0.999974250793457,1.0,1.0,0,0.01468993816524744,0.04857051372528076,0.9999374151229858,0
r1,primary,61,64,0.007392327630220608,0.9999726414680481,1.0,1.0,0,0.013804118148982525,0.04853181540966034,0.9999415576457977,0
r1,primary,61,65,0.011734804421963122,0.9999319911003113,1.0,1.0,0,0.013460476417094469,0.04855872690677643,0.9999444484710693,0
r1,primary,61,66,0.009276113035222135,0.99996018409729,1.0,1.0,0,0.013290257658809423,0.048565611243247986,0.999945342540741,0
r1,primary,61,67,0.013002504515312471,0.9999213218688965,1.0,0.95,0,0.013140225317329168,0.048615485429763794,0.9999447166919708,0
r1,primary,61,68,0.012013212148769032,0.9999289512634277,1.0,1.0,0,0.01340981014072895,0.048549264669418335,0.9999396502971649,0
r1,primary,61,69,0.011516063122636389,0.9999340772628784,1.0,1.0,0,0.013160536531358957,0.04846784472465515,0.9999390542507172,0
r1,primary,61,70,0.07800115261025468,0.997116208076477,1.0,0.85,0,0.013489690609276295,0.048470690846443176,0.9999395906925201,0
r1,primary,61,71,0.008078689610828999,0.9999691247940063,1.0,1.0,0,0.013681442476809025,0.10770326852798462,0.9999394118785858,0
r1,primary,61,72,0.009106680779309637,0.9999628663063049,1.0,1.0,0,0.012990237213671207,0.07398718595504761,0.9999454021453857,0
r1,primary,61,73,0.010631438279498624,0.999946117401123,1.0,0.95,0,0.012938629370182753,0.056455254554748535,0.999944657087326,0
r1,primary,61,74,0.010685794161360989,0.9999469518661499,1.0,1.0,0,0.012854785658419132,0.05097472667694092,0.9999480545520782,0
r1,primary,61,75,0.009915965543921287,0.9999512434005737,1.0,1.0,0,0.013239810708910227,0.04839310050010681,0.9999398291110992,0
r1,primary,61,76,0.008595777315520591,0.9999697208404541,1.0,1.0,0,0.014210299123078585,0.04851974546909332,0.9999425411224365,0
r1,primary,61,77,0.006126828937101881,0.9999812245368958,1.0,1.0,0,0.013341500423848629,0.04848550260066986,0.9999521374702454,0
r1,primary,61,78,0.0078122339347540815,0.9999698996543884,1.0,0.95,0,0.012320360634475946,0.04850955307483673,0.9999527037143707,0
r1,primary,61,79,0.006359379997954821,0.999980092048645,1.0,1.0,0,0.01211785851046443,0.04853491485118866,0.9999556839466095,0
r1,primary,61,80,0.014599785762135458,0.9998950362205505,1.0,1.0,0,0.012141882441937923,0.04858076572418213,0.9999584555625916,0
r1,primary,61,81,0.011085534596142345,0.9999387264251709,1.0,1.0,0,0.012065329123288393,0.04860258102416992,0.9999575018882751,0
r1,primary,61,82,0.008617782744953962,0.9999657869338989,1.0,1.0,0,0.011924850288778543,0.04874719679355621,0.9999606013298035,0
r1,primary,61,83,0.04145666570974098,0.9991673827171326,1.0,1.0,0,0.011978125665336847,0.04876251518726349,0.999958872795105,0
r1,primary,61,84,0.008687521273262283,0.9999643564224243,1.0,1.0,0,0.012733791954815388,0.04870285093784332,0.9999587535858154,0
r1,primary,61,85,0.006953144889851129,0.9999762773513794,1.0,1.0,0,0.012184090446680784,0.04878966510295868,0.9999569058418274,0
r1,primary,61,86,0.0063724559701652615,0.9999814629554749,1.0,0.95,0,0.011870302259922028,0.04883161187171936,0.9999568164348602,0
r1,primary,61,87,0.009174705764343332,0.9999610781669617,1.0,1.0,0,0.011861966922879219,0.04876500368118286,0.9999565482139587,0
r1,primary,61,88,0.03532794673360607,0.9993791580200195,1.0,0.95,0,0.01214969577267766,0.04876798391342163,0.9999571740627289,0
r1,primary,61,89,0.0063437065666470515,0.9999800324440002,1.0,1.0,0,0.011720416601747274,0.04884926974773407,0.9999620318412781,0
r1,primary,61,90,0.006420768807801394,0.9999806880950928,1.0,1.0,0,0.011675709392875433,0.04879738390445709,0.999965250492096,0
r1,primary,61,91,0.0071578097731959745,0.9999744892120361,1.0,0.95,0,0.011564172804355621,0.04908859729766846,0.9999666213989258,0
r1,primary,61,92,0.006870882463517451,0.9999765157699585,1.0,1.0,0,0.011602104641497135,0.04901546239852905,0.9999687969684601,0
r1,primary,61,93,0.007547733975860078,0.9999717473983765,1.0,1.0,0,0.011493080761283636,0.04895123839378357,0.9999690353870392,0
r1,primary,61,94,0.006837048202974732,0.9999798536300659,1.0,1.0,0,0.011441388167440891,0.048962220549583435,0.9999684691429138,0
r1,primary,61,95,0.005518320173901977,0.999984860420227,1.0,1.0,0,0.011399281211197376,0.04895259439945221,0.9999681115150452,0
r1,primary,61,96,0.006333570312122268,0.999980092048645,1.0,1.0,0,0.01132937427610159,0.04919455945491791,0.9999709129333496,0
r1,primary,61,97,0.008275895381302049,0.9999707937240601,1.0,1.0,0,0.01132719125598669,0.0492049902677536,0.9999722540378571,0
r1,primary,61,98,0.04006735418149296,0.9992431998252869,1.0,0.95,0,0.011399253737181425,0.04919743537902832,0.9999638795852661,0
r1,primary,61,99,0.011054004393874576,0.9999494552612305,1.0,1.0,0,0.012227327562868595,0.049234360456466675,0.9999553859233856,0
r1,primary,61,100,0.006744528291642171,0.9999793171882629,1.0,0.95,0,0.011537299025803804,0.04927758872509003,0.9999586045742035,0
r1,primary,61,101,0.007876583391370639,0.9999796748161316,1.0,1.0,0,0.011395313311368227,0.0492880642414093,0.9999668896198273,0
r1,primary,61,102,0.0060454383165691,0.9999844431877136,1.0,0.95,0,0.011283442378044128,0.04925203323364258,0.9999711215496063,0
r1,primary,61,103,0.011443261587429695,0.9999392032623291,1.0,1.0,0,0.011195987928658724,0.049151524901390076,0.9999733865261078,0
r1,primary,61,104,0.00590554974737095,0.9999834299087524,1.0,1.0,0,0.011235137935727835,0.04907967150211334,0.9999720454216003,0
r1,primary,61,105,0.0054509893116155336,0.9999855756759644,1.0,1.0,0,0.01176899066194892,0.0490158349275589,0.9999545812606812,0
r1,primary,61,106,0.006497237767203997,0.9999802112579346,1.0,0.95,0,0.011318304110318422,0.04902505874633789,0.9999621510505676,0
r1,primary,61,107,0.005970564239498794,0.9999847412109375,1.0,1.0,0,0.011096588335931301,0.04902148246765137,0.9999705255031586,0
r1,primary,61,108,0.00823520694758506,0.9999666810035706,1.0,1.0,0,0.011093928944319487,0.04904678463935852,0.9999733567237854,0
r1,primary,61,109,0.006587222912627118,0.9999798536300659,1.0,1.0,0,0.011325146537274122,0.0490373820066452,0.9999653398990631,0
r1,primary,61,110,0.007534776309475714,0.9999733567237854,1.0,1.0,0,0.011246173176914454,0.04897826910018921,0.9999673664569855,0
r1,primary,61,111,0.023562494376219642,0.9997553825378418,1.0,1.0,0,0.011318532284349203,0.048978790640830994,0.9999722540378571,0
r1,primary,61,112,0.012184946558472446,0.9999269843101501,1.0,0.95,0,0.011116018053144217,0.04897122085094452,0.999970406293869,0
r1,primary,61,113,0.0057860411936666795,0.9999833106994629,1.0,0.95,0,0.011029511224478483,0.0489933043718338,0.999969869852066,0
r1,primary,61,114,0.006002207563226272,0.9999837875366211,1.0,1.0,0,0.010939996223896742,0.0489862859249115,0.999970406293869,0
r1,primary,61,115,0.006027179329752496,0.9999819397926331,1.0,1.0,0,0.010893500875681639,0.04896530508995056,0.999970406293869,0
r1,primary,61,116,0.005368605257358822,0.999986469745636,1.0,1.0,0,0.010867058765143156,0.04896727204322815,0.9999707341194153,0
r1,primary,61,117,0.007907577001580698,0.9999723434448242,1.0,0.95,0,0.010815756395459175,0.048941731452941895,0.9999740421772003,0
r1,primary,61,118,0.006730277396247928,0.9999775290489197,1.0,1.0,0,0.010772963520139456,0.048944175243377686,0.9999739229679108,0
r1,primary,61,119,0.005655436818151646,0.9999840259552002,1.0,1.0,0,0.010837011970579624,0.04895094037055969,0.9999717473983765,0
r1,primary,61,120,0.005507402586738729,0.9999848008155823,1.0,1.0,0,0.011136965826153755,0.04890643060207367,0.9999674558639526,0
r1,primary,61,121,0.005904126562761407,0.9999825358390808,1.0,1.0,0,0.01089297141879797,0.048917680978775024,0.999970555305481,0
r1,primary,61,122,0.007471941217955949,0.9999743103981018,1.0,0.95,0,0.010765884071588516,0.0489068329334259,0.9999746680259705,0
r1,primary,61,123,0.0071303006698483894,0.9999746084213257,1.0,1.0,0,0.010920174419879913,0.04892076551914215,0.9999735355377197,0
r1,primary,61,124,0.00887801159697861,0.999963641166687,1.0,1.0,0,0.010759240947663784,0.04888471961021423,0.9999731481075287,0
r1,primary,61,125,0.011095227057435238,0.9999402761459351,1.0,1.0,0,0.010746363084763288,0.0489300936460495,0.9999761283397675,0
r1,primary,61,126,0.012391653168485912,0.9999233484268188,1.0,1.0,0,0.01068866765126586,0.04891118407249451,0.9999760389328003,0
r1,primary,61,127,0.005808868056119573,0.9999854564666748,1.0,1.0,0,0.0107293501496315,0.048892855644226074,0.9999774396419525,0
r1,primary,61,128,0.0062407133490173464,0.9999829530715942,1.0,1.0,0,0.010700950399041176,0.04889896512031555,0.9999804198741913,0
r1,primary,64,0,0.04745843162672279,0.998916506767273,1.0,0.95,0,0.02713175304234028,0.0798596441745758,0.9996695220470428,0
r1,primary,64,1,0.014727269410764313,0.99989253282547,1.0,0.9,0,0.0273494441062212,0.065772145986557,0.9996668994426727,0
r1,primary,64,2,0.01835455375537474,0.9998328685760498,1.0,1.0,0,0.024591500870883465,0.05807949975132942,0.9997473061084747,0
r1,primary,64,3,0.0095002864947159,0.999954879283905,1.0,1.0,0,0.023459398187696934,0.05757095664739609,0.9997753202915192,0
r1,primary,64,4,0.009012663410620415,0.9999622106552124,1.0,0.95,0,0.022702318616211414,0.0571393147110939,0.9997977316379547,0
r1,primary,64,5,0.013424857053980332,0.999915599822998,1.0,0.95,0,0.02271389029920101,0.0571250282227993,0.9997944235801697,0
r1,primary,64,6,0.015308849024871821,0.9999029636383057,1.0,0.95,0,0.023199916817247868,0.056924156844615936,0.9997919797897339,0
r1,primary,64,7,0.011782009703881316,0.9999314546585083,1.0,1.0,0,0.022373763844370842,0.05665240436792374,0.9998005330562592,0
r1,primary,64,8,0.011892304796720772,0.999929666519165,1.0,1.0,0,0.022639278322458267,0.05639621615409851,0.9997940957546234,0
r1,primary,64,9,0.014941488646050417,0.9998890161514282,1.0,1.0,0,0.021782327443361282,0.05632022023200989,0.9998145401477814,0
r1,primary,64,10,0.010906326972495897,0.9999446868896484,1.0,1.0,0,0.02243783976882696,0.05571424216032028,0.999800980091095,0
r1,primary,64,11,0.009126295766251501,0.9999617338180542,1.0,1.0,0,0.02206819597631693,0.054982200264930725,0.9998181164264679,0
r1,primary,64,12,0.016774840308302282,0.9998811483383179,1.0,0.95,0,0.021350168623030186,0.05301971733570099,0.999831348657608,0
r1,primary,64,13,0.009307894059158642,0.9999588131904602,1.0,1.0,0,0.021794604137539864,0.052851058542728424,0.9998244941234589,0
r1,primary,64,14,0.008873060472791652,0.999961256980896,1.0,0.95,0,0.021119073033332825,0.05263795703649521,0.9998371005058289,0
r1,primary,64,15,0.010256045112636907,0.9999477863311768,1.0,1.0,0,0.02094894740730524,0.05268421769142151,0.999841570854187,0
r1,primary,64,16,0.009910585179721057,0.9999513626098633,1.0,1.0,0,0.020754129625856876,0.05268096923828125,0.9998420476913452,0
r1,primary,64,17,0.008921095251861088,0.9999614357948303,1.0,0.95,0,0.020557565614581108,0.052718788385391235,0.9998438656330109,0
r1,primary,64,18,0.020989387691865116,0.9997853636741638,1.0,1.0,0,0.02072952501475811,0.05276428163051605,0.9998438358306885,0
r1,primary,64,19,0.01413832558806396,0.9999003410339355,1.0,0.95,0,0.02067949529737234,0.05273900926113129,0.9998435378074646,0
r1,primary,64,20,0.010036430206842898,0.99994957447052,1.0,1.0,0,0.02055013459175825,0.05266614258289337,0.9998494684696198,0
r1,primary,64,21,0.008657496177111035,0.9999635219573975,1.0,1.0,0,0.02220509573817253,0.05265459418296814,0.9998081922531128,0
r1,primary,64,22,0.019011140740640586,0.9998762607574463,1.0,1.0,0,0.020818309858441353,0.052646562457084656,0.9998391568660736,0
r1,primary,64,23,0.03125288803649349,0.9995357990264893,1.0,0.9,0,0.021229170262813568,0.052643999457359314,0.9998354911804199,0
r1,primary,64,24,0.012943357996352553,0.9999314546585083,1.0,1.0,0,0.021845607087016106,0.0855528712272644,0.9998248815536499,0
r1,primary,64,25,0.011239936867465924,0.9999410510063171,1.0,0.95,0,0.02072614710777998,0.05261187255382538,0.9998480975627899,0
r1,primary,64,26,0.020035550035107375,0.9998252987861633,1.0,0.95,0,0.020604531280696392,0.05259034037590027,0.9998473525047302,0
r1,primary,64,27,0.012362735794614927,0.9999259114265442,1.0,1.0,0,0.02061443403363228,0.05259108543395996,0.999845564365387,0
r1,primary,64,28,0.019364054547598493,0.9998534321784973,1.0,1.0,0,0.02057330496609211,0.052562251687049866,0.9998454451560974,0
r1,primary,64,29,0.02831642480069376,0.9996148943901062,1.0,1.0,0,0.020618961192667484,0.07451462745666504,0.9998442530632019,0
r1,primary,64,30,0.020287087055369798,0.9998875856399536,1.0,0.95,0,0.020637519657611847,0.06650468707084656,0.9998434484004974,0
r1,primary,64,31,0.013091931163158965,0.9999179840087891,1.0,1.0,0,0.020241716876626015,0.06341709196567535,0.9998520612716675,0
r1,primary,64,32,0.018772820666180405,0.9998241662979126,1.0,1.0,0,0.020077355206012726,0.05248329043388367,0.999851405620575,0
r1,primary,64,33,0.03069152623116338,0.9995301365852356,1.0,1.0,0,0.020335813984274864,0.052502140402793884,0.9998490810394287,0
r1,primary,64,34,0.010810259770969853,0.9999475479125977,1.0,0.95,0,0.020499810576438904,0.05246002972126007,0.9998501837253571,0
r1,primary,64,35,0.015277002849423522,0.9999203681945801,1.0,0.95,0,0.019338234327733517,0.0523906946182251,0.9998711049556732,0
r1,primary,64,36,0.01886578341423467,0.999826192855835,1.0,1.0,0,0.018380263820290565,0.04159565269947052,0.9998909831047058,0
r1,primary,64,37,0.010090350324550242,0.9999521970748901,1.0,0.95,0,0.017760311253368855,0.04144787788391113,0.9999037683010101,0
r1,primary,64,38,0.010060352212609865,0.9999500513076782,1.0,1.0,0,0.01735185831785202,0.040747299790382385,0.9999171197414398,0
r1,primary,64,39,0.012157894703577126,0.9999284148216248,1.0,0.95,0,0.01775439828634262,0.04012598097324371,0.9999140501022339,0
r1,primary,64,40,0.01638713301720294,0.9998795390129089,1.0,0.95,0,0.017573704943060875,0.04022267460823059,0.9999143481254578,0
r1,primary,64,41,0.013379994388375225,0.9999379515647888,1.0,1.0,0,0.017548637464642525,0.04569876194000244,0.9999110698699951,0
r1,primary,64,42,0.011542316211324212,0.9999333620071411,1.0,0.95,0,0.017527874559164047,0.04015567898750305,0.9999191761016846,0
r1,primary,64,43,0.012361183476944187,0.999923586845398,1.0,1.0,0,0.01710359752178192,0.04877781867980957,0.9999256134033203,0
r1,primary,64,44,0.008695060808821108,0.9999637603759766,1.0,0.95,0,0.01696936972439289,0.03978508710861206,0.9999254047870636,0
r1,primary,64,45,0.008953757342630191,0.9999616742134094,1.0,1.0,0,0.016731136478483677,0.03938877582550049,0.999927282333374,0
r1,primary,64,46,0.012622801325032153,0.9999202489852905,1.0,1.0,0,0.01663438230752945,0.039097800850868225,0.9999262690544128,0
r1,primary,64,47,0.014466786731270219,0.9998975396156311,1.0,0.95,0,0.016581615433096886,0.03840389847755432,0.9999251961708069,0
r1,primary,64,48,0.05399790227186107,0.9985770583152771,1.0,1.0,0,0.016658473759889603,0.04893159866333008,0.9999142289161682,0
r1,primary,64,49,0.0385683995546894,0.9993647933006287,1.0,0.9,0,0.016603147611021996,0.03747883439064026,0.9999121725559235,0
r1,primary,64,50,0.02514670796028436,0.9997484683990479,1.0,0.95,0,0.017055019736289978,0.0768563449382782,0.9999008476734161,0
r1,primary,64,51,0.03897345300524561,0.9992473125457764,1.0,1.0,0,0.016739103943109512,0.03966693580150604,0.9999037086963654,0
r1,primary,64,52,0.014058267434011533,0.999907910823822,1.0,0.95,0,0.017857950180768967,0.08270737528800964,0.9998886287212372,0
r1,primary,64,53,0.009178791921477946,0.9999582171440125,1.0,1.0,0,0.01622825814411044,0.040036171674728394,0.9999236464500427,0
r1,primary,64,54,0.00818749185026738,0.9999682903289795,1.0,1.0,0,0.016120141372084618,0.03968077898025513,0.9999263882637024,0
r1,primary,64,55,0.025675269742638222,0.9997792840003967,1.0,0.95,0,0.01605792623013258,0.03944167494773865,0.9999304711818695,0
r1,primary,64,56,0.010401485414023998,0.999947190284729,1.0,1.0,0,0.0159924509935081,0.03906416893005371,0.9999276399612427,0
r1,primary,64,57,0.016130509974108677,0.9998849630355835,1.0,1.0,0,0.015847673639655113,0.038847386837005615,0.9999313950538635,0
r1,primary,64,58,0.016433503522234688,0.9999255537986755,1.0,1.0,0,0.015997631009668112,0.03861814737319946,0.9999278485774994,0
r1,primary,64,59,0.01210308513566178,0.9999299049377441,1.0,1.0,0,0.01648406870663166,0.03823404014110565,0.9999180436134338,0
r1,primary,64,60,0.019983242671495153,0.9998016357421875,1.0,1.0,0,0.016164097003638744,0.038155704736709595,0.999923825263977,0
r1,primary,64,61,0.025693326138004652,0.9996703267097473,1.0,0.95,0,0.016445201821625233,0.03828476369380951,0.9999199211597443,0
r1,primary,64,62,0.025829062482743727,0.9997097253799438,1.0,0.95,0,0.0163897518068552,0.044565051794052124,0.9999199509620667,0
r1,primary,64,63,0.024211058836493927,0.9997300505638123,1.0,0.95,0,0.016551479697227478,0.037634968757629395,0.9999134540557861,0
r1,primary,64,64,0.017904951921209437,0.9998403787612915,1.0,1.0,0,0.016183221247047186,0.035265713930130005,0.9999202489852905,0
r1,primary,64,65,0.009137738521082092,0.999958336353302,1.0,1.0,0,0.015804027672857046,0.03401396423578262,0.9999295771121979,0
r1,primary,64,66,0.012677408388230926,0.9999220371246338,1.0,1.0,0,0.015717940405011177,0.03288264572620392,0.9999327063560486,0
r1,primary,64,67,0.016709420184473914,0.9998831748962402,1.0,1.0,0,0.015792380087077618,0.03240527957677841,0.9999279081821442,0
r1,primary,64,68,0.012056896503932366,0.9999274611473083,1.0,1.0,0,0.015701360534876585,0.04511326551437378,0.9999260008335114,0
r1,primary,64,69,0.01738458280898997,0.9998504519462585,1.0,1.0,0,0.015468128491193056,0.03150521218776703,0.999931663274765,0
r1,primary,64,70,0.021823021899646022,0.9997797012329102,1.0,1.0,0,0.01573170442134142,0.03274300694465637,0.9999274015426636,0
r1,primary,64,71,0.02686016736648964,0.9996393918991089,1.0,0.95,0,0.016283261589705944,0.031175315380096436,0.9999156594276428,0
r1,primary,64,72,0.025260146895381218,0.9996809959411621,1.0,0.95,0,0.015352836810052395,0.031101226806640625,0.9999336898326874,0
r1,primary,64,73,0.011470594128715221,0.9999363422393799,1.0,1.0,0,0.015300235711038113,0.037631988525390625,0.9999320209026337,0
r1,primary,64,74,0.012003489122609,0.9999324083328247,1.0,1.0,0,0.015227816067636013,0.031148016452789307,0.999937117099762,0
r1,primary,64,75,0.016542151082064947,0.9998641014099121,1.0,1.0,0,0.015186323318630457,0.03102290630340576,0.9999362528324127,0
r1,primary,64,76,0.01697377394632628,0.9998563528060913,1.0,1.0,0,0.015137020964175463,0.03121638298034668,0.9999389946460724,0
r1,primary,64,77,0.016773282984032425,0.999884843826294,1.0,1.0,0,0.01514093717560172,0.031152665615081787,0.9999376833438873,0
r1,primary,64,78,0.008233441876973948,0.999967098236084,1.0,0.95,0,0.015242270659655333,0.031126737594604492,0.9999348521232605,0
r1,primary,64,79,0.009348443930521406,0.9999575614929199,1.0,0.95,0,0.015129268635064363,0.031138956546783447,0.9999431371688843,0
r1,primary,64,80,0.007632910364640118,0.9999741911888123,0.0,1.0,0,0.015113947913050652,0.031146705150604248,0.999945342540741,0
r1,primary,64,81,0.007431330777076166,0.9999724626541138,1.0,0.95,0,0.01499062729999423,0.031143486499786377,0.9999447166919708,0
r1,primary,64,82,0.006738648372638857,0.9999780654907227,1.0,1.0,0,0.014862674288451672,0.031050384044647217,0.9999464750289917,0
r1,primary,64,83,0.006913077218580661,0.9999762177467346,1.0,1.0,0,0.014784997794777155,0.03088778257369995,0.999945729970932,0
r1,primary,64,84,0.012087661623184224,0.9999276399612427,1.0,0.9,0,0.014695119578391314,0.031134486198425293,0.9999465346336365,0
r1,primary,64,85,0.007924416493494166,0.9999686479568481,1.0,1.0,0,0.014650204218924046,0.031159043312072754,0.9999467730522156,0
r1,primary,64,86,0.007414685859207475,0.9999731183052063,1.0,1.0,0,0.01462284754961729,0.031135261058807373,0.9999455809593201,0
r1,primary,64,87,0.03417572363544974,0.9994497299194336,1.0,0.95,0,0.015013976953923702,0.03111851215362549,0.999938428401947,0
r1,primary,64,88,0.06619389916947334,0.9978225231170654,1.0,0.9,0,0.017047906294465065,0.08277106285095215,0.999891847372055,0
r1,primary,64,89,0.02028155868742788,0.9998112916946411,1.0,0.95,0,0.015662887133657932,0.10144504904747009,0.999912440776825,0
r1,primary,64,90,0.008991602741636974,0.9999603033065796,1.0,1.0,0,0.015142466872930527,0.05121266841888428,0.9999265968799591,0
r1,primary,64,91,0.006502856170507079,0.9999792575836182,1.0,0.95,0,0.01470380648970604,0.04479686915874481,0.9999359548091888,0
r1,primary,64,92,0.009458917577962215,0.999959409236908,1.0,1.0,0,0.014577358961105347,0.04466550052165985,0.9999389946460724,0
r1,primary,64,93,0.07410192974787792,0.9972577095031738,1.0,1.0,0,0.014498728793114424,0.058863669633865356,0.9999344646930695,0
r1,primary,64,94,0.015751509507920723,0.9998782873153687,1.0,1.0,0,0.015033863484859467,0.055681705474853516,0.9999250173568726,0
r1,primary,64,95,0.01215623864281966,0.9999260902404785,1.0,1.0,0,0.014402638655155897,0.0431295782327652,0.999935656785965,0
r1,primary,64,96,0.013208211950604043,0.9999135732650757,1.0,1.0,0,0.014463444706052542,0.043014734983444214,0.9999350309371948,0
r1,primary,64,97,0.015003550335136904,0.9998918771743774,1.0,1.0,0,0.014318414963781834,0.042752623558044434,0.9999367594718933,0
r1,primary,64,98,0.011759097199471675,0.9999312162399292,1.0,1.0,0,0.014291477389633656,0.04272852838039398,0.9999372065067291,0
r1,primary,64,99,0.014041848991684052,0.9999039173126221,1.0,1.0,0,0.014170275535434484,0.04253301024436951,0.9999390542507172,0
r1,primary,64,100,0.020006154072022622,0.999799907207489,1.0,0.95,0,0.01437715021893382,0.04249507188796997,0.9999379813671112,0
r1,primary,64,101,0.009865035684203667,0.9999517202377319,1.0,1.0,0,0.014242485631257296,0.04243473708629608,0.999940037727356,0
r1,primary,64,102,0.034904392929734455,0.9993916153907776,1.0,0.95,0,0.014322948176413774,0.042327046394348145,0.999933272600174,0
r1,primary,64,103,0.015336581388432885,0.9998873472213745,1.0,0.95,0,0.014292838517576456,0.04223470389842987,0.9999367594718933,0
r1,primary,64,104,0.025121539159561036,0.9996856451034546,1.0,1.0,0,0.014208693522959948,0.04221464693546295,0.999938040971756,0
r1,primary,64,105,0.026026041475795833,0.9997127056121826,1.0,1.0,0,0.014104635920375586,0.0418519526720047,0.999939352273941,0
r1,primary,64,106,0.016780907792553337,0.999861478805542,1.0,1.0,0,0.014034377876669168,0.03983612358570099,0.99994096159935,0
r1,primary,64,107,0.02069743062493742,0.9997941851615906,1.0,1.0,0,0.01417102525010705,0.03972595930099487,0.9999373257160187,0
r1,primary,64,108,0.007831281445901617,0.9999735355377197,1.0,1.0,0,0.01446126401424408,0.03972773253917694,0.9999356865882874,0
r1,primary,64,109,0.0195647543623375,0.9998111724853516,1.0,1.0,0,0.014205257873982191,0.039694905281066895,0.9999387264251709,0
r1,primary,64,110,0.010010708476456878,0.9999530911445618,1.0,1.0,0,0.014115351717919111,0.03959245979785919,0.9999406039714813,0
r1,primary,64,111,0.017533189775328008,0.999846339225769,1.0,0.95,0,0.014126753434538841,0.03956092894077301,0.9999405741691589,0
r1,primary,64,112,0.009254845858904783,0.9999573230743408,1.0,1.0,0,0.014264426194131374,0.03937290608882904,0.9999395906925201,0
r1,primary,64,113,0.01344399424845296,0.9999120235443115,0.0,1.0,0,0.01414057007059455,0.03923630714416504,0.9999420046806335,0
r1,primary,64,114,0.02525566952388905,0.9996827840805054,1.0,0.95,0,0.014060393907129765,0.039148569107055664,0.9999405145645142,0
r1,primary,64,115,0.013193625744677027,0.9999186396598816,1.0,1.0,0,0.014141278341412544,0.03929007053375244,0.9999404549598694,0
r1,primary,64,116,0.009345240206144098,0.9999586939811707,1.0,0.95,0,0.014062869362533092,0.039056628942489624,0.9999434649944305,0
r1,primary,64,117,0.04466596851244257,0.9990363717079163,1.0,0.95,0,0.014253626577556133,0.03889882564544678,0.9999361932277679,0
r1,primary,64,118,0.02109203055514921,0.9997844099998474,1.0,0.95,0,0.015282821841537952,0.040089190006256104,0.9999227523803711,0
r1,primary,64,119,0.014648771023586433,0.9999141097068787,1.0,1.0,0,0.014534822199493647,0.039903536438941956,0.9999329149723053,0
r1,primary,64,120,0.0223262518172592,0.999754786491394,1.0,0.95,0,0.014164734166115522,0.03976637125015259,0.999937504529953,0
r1,primary,64,121,0.010262171194877722,0.9999498128890991,1.0,0.95,0,0.014062607660889626,0.03967393934726715,0.9999405443668365,0
r1,primary,64,122,0.007450615333224516,0.9999727010726929,1.0,1.0,0,0.013701328542083502,0.0386425256729126,0.9999533891677856,0
r1,primary,64,123,0.008929764152383663,0.9999681711196899,1.0,1.0,0,0.01379739074036479,0.037448182702064514,0.9999553263187408,0
r1,primary,64,124,0.00782994827714814,0.9999693632125854,1.0,1.0,0,0.013623831793665886,0.03634239733219147,0.9999577701091766,0
r1,primary,64,125,0.05815375243907073,0.998468816280365,1.0,1.0,0,0.015184921212494373,0.04394792020320892,0.9999228715896606,0
r1,primary,64,126,0.01961671226402374,0.999823808670044,1.0,1.0,0,0.01639742311090231,0.07266998291015625,0.9999032914638519,0
r1,primary,64,127,0.012760418557571292,0.9999189972877502,1.0,1.0,0,0.015063576400279999,0.07363340258598328,0.9999272227287292,0
r1,primary,64,128,0.009705027732529063,0.9999537467956543,1.0,0.95,0,0.014535425696521997,0.07073140144348145,0.9999357163906097,0
r1,stress,61,0,0.03179356233310785,0.9994954466819763,1.0,1.0,0,0.019699014723300934,0.052029311656951904,0.9998524487018585,0
r1,stress,61,1,0.012406844397003968,0.9999238848686218,1.0,1.0,0,0.01873069442808628,0.05032666400074959,0.9998731911182404,0
r1,stress,61,2,0.010598248369730251,0.9999446868896484,1.0,1.0,0,0.017321230843663216,0.050355300307273865,0.9999037683010101,0
r1,stress,61,3,0.012631820027026942,0.999927282333374,1.0,1.0,0,0.01801487896591425,0.05052931606769562,0.9998894333839417,0
r1,stress,61,4,0.008400160558135392,0.9999671578407288,1.0,1.0,0,0.019090493209660053,0.05030825734138489,0.9998724162578583,0
r1,stress,61,5,0.025362492252235472,0.9996795654296875,1.0,0.95,0,0.017436593770980835,0.05006676912307739,0.9999001622200012,0
r1,stress,61,6,0.015877277591958353,0.9998742341995239,1.0,1.0,0,0.017711583524942398,0.10193854570388794,0.9998919665813446,0
r1,stress,61,7,0.012119150453774952,0.9999361038208008,1.0,0.95,0,0.016329200007021427,0.05027247965335846,0.99991574883461,0
r1,stress,61,8,0.009282086304934387,0.9999569058418274,1.0,0.95,0,0.015991524327546358,0.05018956959247589,0.9999172985553741,0
r1,stress,61,9,0.007477711561066008,0.9999721050262451,1.0,1.0,0,0.016037459950894117,0.050277382135391235,0.9999188482761383,0
r1,stress,61,10,0.014623145524817752,0.9999067783355713,1.0,0.95,0,0.01572598284110427,0.05082453787326813,0.9999218881130219,0
r1,stress,61,11,0.006056951250640723,0.9999819993972778,1.0,0.95,0,0.015476893167942762,0.05703103542327881,0.999925434589386,0
r1,stress,61,12,0.00705672833922727,0.9999756813049316,1.0,1.0,0,0.015296233352273703,0.05079565942287445,0.9999273717403412,0
r1,stress,61,13,0.01169894884201578,0.9999471306800842,1.0,1.0,0,0.015135209541767836,0.05074520409107208,0.9999290108680725,0
r1,stress,61,14,0.009047933610470833,0.9999642968177795,1.0,1.0,0,0.015074670780450106,0.050744444131851196,0.9999281764030457,0
r1,stress,61,15,0.015869316025691273,0.9999319314956665,1.0,1.0,0,0.015221030451357365,0.05079369246959686,0.999918133020401,0
r1,stress,61,16,0.009328085679131409,0.9999590516090393,1.0,0.95,0,0.01499652350321412,0.050849318504333496,0.9999263286590576,0
r1,stress,61,17,0.053232085694167375,0.9987435340881348,1.0,1.0,0,0.016136440448462963,0.05091388523578644,0.9999175369739532,0
r1,stress,61,18,0.01003092767326063,0.9999568462371826,1.0,1.0,0,0.015569129958748817,0.05091021955013275,0.9999262690544128,0
r1,stress,61,19,0.014898758944695072,0.9999195337295532,1.0,0.95,0,0.01512109860777855,0.050900623202323914,0.9999262988567352,0
r1,stress,61,20,0.041818828158720484,0.9992386102676392,1.0,0.9,0,0.014933977741748095,0.05083516240119934,0.9999298453330994,0
r1,stress,61,21,0.01476450142566268,0.9998912215232849,1.0,0.95,0,0.014778925105929375,0.050846755504608154,0.9999271035194397,0
r1,stress,61,22,0.02142996648608195,0.9997775554656982,1.0,1.0,0,0.015104771591722965,0.0506862998008728,0.9999204874038696,0
r1,stress,61,23,0.008179928979639615,0.9999672174453735,1.0,1.0,0,0.015327449887990952,0.05079713463783264,0.9999266862869263,0
r1,stress,61,24,0.00786376876332051,0.999970018863678,1.0,1.0,0,0.01459592953324318,0.050770848989486694,0.9999326169490814,0
r1,stress,61,25,0.00861903152047048,0.9999628067016602,1.0,0.95,0,0.014392900746315718,0.05064314603805542,0.9999390542507172,0
r1,stress,61,26,0.011467765156727622,0.9999344348907471,1.0,1.0,0,0.014278706163167953,0.050410524010658264,0.9999390244483948,0
r1,stress,61,27,0.008962081230163345,0.9999604225158691,1.0,1.0,0,0.014266914688050747,0.05938553810119629,0.9999411106109619,0
r1,stress,61,28,0.012220593902830855,0.9999276399612427,1.0,1.0,0,0.014108560513705015,0.05288863182067871,0.9999399781227112,0
r1,stress,61,29,0.008320269826909784,0.9999659657478333,0.0,1.0,0,0.01404477097094059,0.05044911801815033,0.9999413192272186,0
r1,stress,61,30,0.008150011485208745,0.9999688267707825,1.0,1.0,0,0.01426936686038971,0.050605639815330505,0.9999371469020844,0
r1,stress,61,31,0.007470789275728368,0.9999744296073914,1.0,1.0,0,0.014020453672856092,0.050620391964912415,0.9999420642852783,0
r1,stress,61,32,0.019073144770029082,0.9998183846473694,1.0,1.0,0,0.014083740767091513,0.050779491662979126,0.9999426901340485,0
r1,stress,61,33,0.009764952904101018,0.9999549388885498,1.0,1.0,0,0.014048465993255377,0.05055123567581177,0.9999412298202515,0
r1,stress,61,34,0.01208509219890575,0.9999470710754395,1.0,1.0,0,0.013859240803867579,0.050346896052360535,0.9999446868896484,0
r1,stress,61,35,0.008509486088154791,0.9999687671661377,1.0,0.95,0,0.01358454069122672,0.0504160076379776,0.9999502003192902,0
r1,stress,61,36,0.007360702148079398,0.9999730587005615,1.0,1.0,0,0.013506046961992979,0.050485625863075256,0.9999479353427887,0
r1,stress,61,37,0.007481980867419601,0.9999725818634033,1.0,1.0,0,0.013432213570922613,0.05046425759792328,0.9999480545520782,0
r1,stress,61,38,0.010936776033389576,0.9999411702156067,1.0,0.95,0,0.013451184146106243,0.05057348310947418,0.9999464452266693,0
r1,stress,61,39,0.009970195854481355,0.999950647354126,1.0,0.95,0,0.013483362272381783,0.05053628981113434,0.9999469816684723,0
r1,stress,61,40,0.01079171270412907,0.9999440908432007,1.0,0.9,0,0.013415709137916565,0.0505886971950531,0.9999476671218872,0
r1,stress,61,41,0.023698908257490738,0.9997538328170776,1.0,0.95,0,0.013505456037819386,0.05065901577472687,0.9999461472034454,0
r1,stress,61,42,0.011940235546210274,0.9999418258666992,1.0,0.95,0,0.013283489737659693,0.05073866248130798,0.9999487400054932,0
r1,stress,61,43,0.012484721767420182,0.9999247789382935,1.0,1.0,0,0.013244910631328821,0.05064168572425842,0.9999520778656006,0
r1,stress,61,44,0.009413267120917909,0.9999558925628662,1.0,1.0,0,0.013115881010890007,0.050805047154426575,0.9999549090862274,0
r1,stress,61,45,0.008681623797916673,0.9999645352363586,1.0,0.95,0,0.01341877831146121,0.050464630126953125,0.9999524056911469,0
r1,stress,61,46,0.012183538592802405,0.9999266266822815,1.0,0.95,0,0.014085491187870502,0.050775736570358276,0.9999510943889618,0
r1,stress,61,47,0.01061592303864937,0.999943733215332,1.0,1.0,0,0.014863130636513233,0.05081421136856079,0.9999380111694336,0
r1,stress,61,48,0.016411134631173316,0.9998654127120972,1.0,0.95,0,0.0142063545063138,0.050393909215927124,0.9999483823776245,0
r1,stress,61,49,0.014448708200901455,0.9998977184295654,1.0,1.0,0,0.013857651501893997,0.05033838748931885,0.9999541342258453,0
r1,stress,61,50,0.011584319522357564,0.9999350309371948,1.0,1.0,0,0.013665745500475168,0.05048587918281555,0.9999540746212006,0
r1,stress,61,51,0.03306670061400216,0.999454140663147,1.0,0.95,0,0.014659375883638859,0.06006598472595215,0.9999401867389679,0
r1,stress,61,52,0.015712587093706036,0.999878466129303,1.0,1.0,0,0.01588634867221117,0.05028563737869263,0.9999184310436249,0
r1,stress,61,53,0.011441627422226982,0.9999378323554993,1.0,0.95,0,0.01522366376593709,0.05363655090332031,0.9999289512634277,0
r1,stress,61,54,0.008341544732371189,0.9999653697013855,1.0,1.0,0,0.014358282089233398,0.05038948357105255,0.9999449253082275,0
r1,stress,61,55,0.009498505014930877,0.999959409236908,1.0,0.95,0,0.013775504659861326,0.05038093030452728,0.9999604523181915,0
r1,stress,61,56,0.009497649041973871,0.9999551773071289,1.0,1.0,0,0.013515436556190252,0.05022801458835602,0.9999611973762512,0
r1,stress,61,57,0.009843780086379395,0.999951958656311,1.0,1.0,0,0.013344618957489729,0.05029299855232239,0.9999628961086273,0
r1,stress,61,58,0.008821841008187139,0.9999638795852661,1.0,1.0,0,0.013043513521552086,0.050118282437324524,0.9999648630619049,0
r1,stress,61,59,0.01049114989603053,0.9999476671218872,1.0,1.0,0,0.013601403217762709,0.048445820808410645,0.999965250492096,0
r1,stress,61,60,0.01445069366321784,0.9999223351478577,1.0,1.0,0,0.015521821100264788,0.050115831196308136,0.9999220669269562,0
r1,stress,61,61,0.00873783690986452,0.9999650120735168,1.0,0.95,0,0.016441320069134235,0.04851369559764862,0.9999276995658875,0
r1,stress,61,62,0.007998965837659296,0.9999681115150452,1.0,0.95,0,0.015930071473121643,0.048295870423316956,0.9999319911003113,0
r1,stress,61,63,0.007200386087218568,0.999974250793457,1.0,1.0,0,0.01468993816524744,0.04857051372528076,0.9999374151229858,0
r1,stress,61,64,0.007392327630220608,0.9999726414680481,1.0,1.0,0,0.013804118148982525,0.04853181540966034,0.9999415576457977,0
r1,stress,61,65,0.011734804421963122,0.9999319911003113,1.0,1.0,0,0.013460476417094469,0.04855872690677643,0.9999444484710693,0
r1,stress,61,66,0.009276113035222135,0.99996018409729,1.0,1.0,0,0.013290257658809423,0.048565611243247986,0.999945342540741,0
r1,stress,61,67,0.013002504515312471,0.9999213218688965,1.0,0.95,0,0.013140225317329168,0.048615485429763794,0.9999447166919708,0
r1,stress,61,68,0.012013212148769032,0.9999289512634277,1.0,1.0,0,0.01340981014072895,0.048549264669418335,0.9999396502971649,0
r1,stress,61,69,0.011516063122636389,0.9999340772628784,1.0,1.0,0,0.013160536531358957,0.04846784472465515,0.9999390542507172,0
r1,stress,61,70,0.07800115261025468,0.997116208076477,1.0,0.85,0,0.013489690609276295,0.048470690846443176,0.9999395906925201,0
r1,stress,61,71,0.008078689610828999,0.9999691247940063,1.0,1.0,0,0.013681442476809025,0.10770326852798462,0.9999394118785858,0
r1,stress,61,72,0.009106680779309637,0.9999628663063049,1.0,1.0,0,0.012990237213671207,0.07398718595504761,0.9999454021453857,0
r1,stress,61,73,0.010631438279498624,0.999946117401123,1.0,0.95,0,0.012938629370182753,0.056455254554748535,0.999944657087326,0
r1,stress,61,74,0.010685794161360989,0.9999469518661499,1.0,1.0,0,0.012854785658419132,0.05097472667694092,0.9999480545520782,0
r1,stress,61,75,0.009915965543921287,0.9999512434005737,1.0,1.0,0,0.013239810708910227,0.04839310050010681,0.9999398291110992,0
r1,stress,61,76,0.008595777315520591,0.9999697208404541,1.0,1.0,0,0.014210299123078585,0.04851974546909332,0.9999425411224365,0
r1,stress,61,77,0.006126828937101881,0.9999812245368958,1.0,1.0,0,0.013341500423848629,0.04848550260066986,0.9999521374702454,0
r1,stress,61,78,0.0078122339347540815,0.9999698996543884,1.0,0.95,0,0.012320360634475946,0.04850955307483673,0.9999527037143707,0
r1,stress,61,79,0.006359379997954821,0.999980092048645,1.0,1.0,0,0.01211785851046443,0.04853491485118866,0.9999556839466095,0
r1,stress,61,80,0.014599785762135458,0.9998950362205505,1.0,1.0,0,0.012141882441937923,0.04858076572418213,0.9999584555625916,0
r1,stress,61,81,0.011085534596142345,0.9999387264251709,1.0,1.0,0,0.012065329123288393,0.04860258102416992,0.9999575018882751,0
r1,stress,61,82,0.008617782744953962,0.9999657869338989,1.0,1.0,0,0.011924850288778543,0.04874719679355621,0.9999606013298035,0
r1,stress,61,83,0.04145666570974098,0.9991673827171326,1.0,1.0,0,0.011978125665336847,0.04876251518726349,0.999958872795105,0
r1,stress,61,84,0.008687521273262283,0.9999643564224243,1.0,1.0,0,0.012733791954815388,0.04870285093784332,0.9999587535858154,0
r1,stress,61,85,0.006953144889851129,0.9999762773513794,1.0,1.0,0,0.012184090446680784,0.04878966510295868,0.9999569058418274,0
r1,stress,61,86,0.0063724559701652615,0.9999814629554749,1.0,0.95,0,0.011870302259922028,0.04883161187171936,0.9999568164348602,0
r1,stress,61,87,0.009174705764343332,0.9999610781669617,1.0,1.0,0,0.011861966922879219,0.04876500368118286,0.9999565482139587,0
r1,stress,61,88,0.03532794673360607,0.9993791580200195,1.0,0.95,0,0.01214969577267766,0.04876798391342163,0.9999571740627289,0
r1,stress,61,89,0.0063437065666470515,0.9999800324440002,1.0,1.0,0,0.011720416601747274,0.04884926974773407,0.9999620318412781,0
r1,stress,61,90,0.006420768807801394,0.9999806880950928,1.0,1.0,0,0.011675709392875433,0.04879738390445709,0.999965250492096,0
r1,stress,61,91,0.0071578097731959745,0.9999744892120361,1.0,0.95,0,0.011564172804355621,0.04908859729766846,0.9999666213989258,0
r1,stress,61,92,0.006870882463517451,0.9999765157699585,1.0,1.0,0,0.011602104641497135,0.04901546239852905,0.9999687969684601,0
r1,stress,61,93,0.007547733975860078,0.9999717473983765,1.0,1.0,0,0.011493080761283636,0.04895123839378357,0.9999690353870392,0
r1,stress,61,94,0.006837048202974732,0.9999798536300659,1.0,1.0,0,0.011441388167440891,0.048962220549583435,0.9999684691429138,0
r1,stress,61,95,0.005518320173901977,0.999984860420227,1.0,1.0,0,0.011399281211197376,0.04895259439945221,0.9999681115150452,0
r1,stress,61,96,0.006333570312122268,0.999980092048645,1.0,1.0,0,0.01132937427610159,0.04919455945491791,0.9999709129333496,0
r1,stress,61,97,0.008275895381302049,0.9999707937240601,1.0,1.0,0,0.01132719125598669,0.0492049902677536,0.9999722540378571,0
r1,stress,61,98,0.04006735418149296,0.9992431998252869,1.0,0.95,0,0.011399253737181425,0.04919743537902832,0.9999638795852661,0
r1,stress,61,99,0.011054004393874576,0.9999494552612305,1.0,1.0,0,0.012227327562868595,0.049234360456466675,0.9999553859233856,0
r1,stress,61,100,0.006744528291642171,0.9999793171882629,1.0,0.95,0,0.011537299025803804,0.04927758872509003,0.9999586045742035,0
r1,stress,61,101,0.007876583391370639,0.9999796748161316,1.0,1.0,0,0.011395313311368227,0.0492880642414093,0.9999668896198273,0
r1,stress,61,102,0.0060454383165691,0.9999844431877136,1.0,0.95,0,0.011283442378044128,0.04925203323364258,0.9999711215496063,0
r1,stress,61,103,0.011443261587429695,0.9999392032623291,1.0,1.0,0,0.011195987928658724,0.049151524901390076,0.9999733865261078,0
r1,stress,61,104,0.00590554974737095,0.9999834299087524,1.0,1.0,0,0.011235137935727835,0.04907967150211334,0.9999720454216003,0
r1,stress,61,105,0.0054509893116155336,0.9999855756759644,1.0,1.0,0,0.01176899066194892,0.0490158349275589,0.9999545812606812,0
r1,stress,61,106,0.006497237767203997,0.9999802112579346,1.0,0.95,0,0.011318304110318422,0.04902505874633789,0.9999621510505676,0
r1,stress,61,107,0.005970564239498794,0.9999847412109375,1.0,1.0,0,0.011096588335931301,0.04902148246765137,0.9999705255031586,0
r1,stress,61,108,0.00823520694758506,0.9999666810035706,1.0,1.0,0,0.011093928944319487,0.04904678463935852,0.9999733567237854,0
r1,stress,61,109,0.006587222912627118,0.9999798536300659,1.0,1.0,0,0.011325146537274122,0.0490373820066452,0.9999653398990631,0
r1,stress,61,110,0.007534776309475714,0.9999733567237854,1.0,1.0,0,0.011246173176914454,0.04897826910018921,0.9999673664569855,0
r1,stress,61,111,0.023562494376219642,0.9997553825378418,1.0,1.0,0,0.011318532284349203,0.048978790640830994,0.9999722540378571,0
r1,stress,61,112,0.012184946558472446,0.9999269843101501,1.0,0.95,0,0.011116018053144217,0.04897122085094452,0.999970406293869,0
r1,stress,61,113,0.0057860411936666795,0.9999833106994629,1.0,0.95,0,0.011029511224478483,0.0489933043718338,0.999969869852066,0
r1,stress,61,114,0.006002207563226272,0.9999837875366211,1.0,1.0,0,0.010939996223896742,0.0489862859249115,0.999970406293869,0
r1,stress,61,115,0.006027179329752496,0.9999819397926331,1.0,1.0,0,0.010893500875681639,0.04896530508995056,0.999970406293869,0
r1,stress,61,116,0.005368605257358822,0.999986469745636,1.0,1.0,0,0.010867058765143156,0.04896727204322815,0.9999707341194153,0
r1,stress,61,117,0.007907577001580698,0.9999723434448242,1.0,0.95,0,0.010815756395459175,0.048941731452941895,0.9999740421772003,0
r1,stress,61,118,0.006730277396247928,0.9999775290489197,1.0,1.0,0,0.010772963520139456,0.048944175243377686,0.9999739229679108,0
r1,stress,61,119,0.005655436818151646,0.9999840259552002,1.0,1.0,0,0.010837011970579624,0.04895094037055969,0.9999717473983765,0
r1,stress,61,120,0.005507402586738729,0.9999848008155823,1.0,1.0,0,0.011136965826153755,0.04890643060207367,0.9999674558639526,0
r1,stress,61,121,0.005904126562761407,0.9999825358390808,1.0,1.0,0,0.01089297141879797,0.048917680978775024,0.999970555305481,0
r1,stress,61,122,0.007471941217955949,0.9999743103981018,1.0,0.95,0,0.010765884071588516,0.0489068329334259,0.9999746680259705,0
r1,stress,61,123,0.0071303006698483894,0.9999746084213257,1.0,1.0,0,0.010920174419879913,0.04892076551914215,0.9999735355377197,0
r1,stress,61,124,0.00887801159697861,0.999963641166687,1.0,1.0,0,0.010759240947663784,0.04888471961021423,0.9999731481075287,0
r1,stress,61,125,0.011095227057435238,0.9999402761459351,1.0,1.0,0,0.010746363084763288,0.0489300936460495,0.9999761283397675,0
r1,stress,61,126,0.012391653168485912,0.9999233484268188,1.0,1.0,0,0.01068866765126586,0.04891118407249451,0.9999760389328003,0
r1,stress,61,127,0.005808868056119573,0.9999854564666748,1.0,1.0,0,0.0107293501496315,0.048892855644226074,0.9999774396419525,0
r1,stress,61,128,0.0062407133490173464,0.9999829530715942,1.0,1.0,0,0.010700950399041176,0.04889896512031555,0.9999804198741913,0
r1,stress,61,129,0.006813194881902703,0.9999845027923584,1.0,1.0,0,0.01078961556777358,0.04884013533592224,0.999981701374054,0
r1,stress,61,130,0.004871908915947283,0.999988317489624,1.0,1.0,0,0.010520207695662975,0.048858970403671265,0.9999856948852539,0
r1,stress,61,131,0.005702822400996848,0.9999838471412659,1.0,1.0,0,0.010547747369855642,0.048828065395355225,0.9999842941761017,0
r1,stress,61,132,0.014481199525134656,0.9999089241027832,1.0,1.0,0,0.010540771298110485,0.048908501863479614,0.9999837279319763,0
r1,stress,61,133,0.006005256150219198,0.9999825358390808,1.0,1.0,0,0.010549031663686037,0.048899248242378235,0.9999879896640778,0
r1,stress,61,134,0.010151538863716034,0.9999492168426514,1.0,0.9,0,0.010473125614225864,0.04891510307788849,0.9999837279319763,0
r1,stress,61,135,0.008352051686157894,0.9999666213989258,1.0,1.0,0,0.010462721809744835,0.04895022511482239,0.9999824464321136,0
r1,stress,61,136,0.006781561797678113,0.9999772906303406,1.0,1.0,0,0.010372891090810299,0.04894106090068817,0.9999845027923584,0
r1,stress,61,137,0.005247648091138763,0.9999878406524658,1.0,1.0,0,0.010325388517230749,0.048921868205070496,0.9999840259552002,0
r1,stress,61,138,0.01085709127108339,0.9999426603317261,1.0,1.0,0,0.010267377365380526,0.0489281564950943,0.999985009431839,0
r1,stress,61,139,0.01232753938825405,0.9999362230300903,1.0,1.0,0,0.010661343112587929,0.048935696482658386,0.9999837875366211,0
r1,stress,61,140,0.00865981144868482,0.9999630451202393,1.0,1.0,0,0.011351414956152439,0.048864394426345825,0.9999825954437256,0
r1,stress,61,141,0.005698001822536253,0.9999849796295166,1.0,1.0,0,0.010643678717315197,0.04888789355754852,0.9999847114086151,0
r1,stress,61,142,0.0065960259458492,0.9999789595603943,1.0,1.0,0,0.01055730925872922,0.048965588212013245,0.9999825954437256,0
r1,stress,61,143,0.005701838893635287,0.9999840259552002,1.0,1.0,0,0.011059971526265144,0.04890160262584686,0.9999735057353973,0
r1,stress,61,144,0.008330190538175462,0.9999654293060303,1.0,0.95,0,0.010660996194928885,0.04889844357967377,0.9999811947345734,0
r1,stress,61,145,0.006639846471428235,0.999978244304657,1.0,1.0,0,0.01052685733884573,0.04893369972705841,0.999984860420227,0
r1,stress,61,146,0.006524429121970142,0.9999793767929077,1.0,1.0,0,0.010320700239390135,0.048894718289375305,0.9999896585941315,0
r1,stress,61,147,0.007907332304397947,0.9999690055847168,1.0,1.0,0,0.011224825866520405,0.048892706632614136,0.9999831020832062,0
r1,stress,61,148,0.008634752490410178,0.9999628067016602,1.0,0.95,0,0.012247936800122261,0.04890640079975128,0.9999824464321136,0
r1,stress,61,149,0.009103674255973844,0.9999586939811707,1.0,1.0,0,0.011572668794542551,0.04888996481895447,0.9999798238277435,0
r1,stress,61,150,0.021769618153163108,0.9997695684432983,1.0,1.0,0,0.011203498113900423,0.048871904611587524,0.9999804198741913,0
r1,stress,61,151,0.013223873336249092,0.9999197125434875,1.0,0.95,0,0.011223454028367996,0.048900306224823,0.9999815821647644,0
r1,stress,61,152,0.01314448803363327,0.9999159574508667,1.0,0.95,0,0.011077556293457747,0.04861222207546234,0.9999824166297913,0
r1,stress,61,153,0.008163701821712051,0.999967098236084,1.0,0.95,0,0.011382256168872118,0.04870849847793579,0.9999775588512421,0
r1,stress,61,154,0.008316847223055555,0.9999657869338989,1.0,1.0,0,0.01180450152605772,0.048746705055236816,0.9999708235263824,0
r1,stress,61,155,0.00693237852685676,0.999980092048645,1.0,1.0,0,0.011061389930546284,0.04864388704299927,0.9999828040599823,0
r1,stress,61,156,0.0070339818710723825,0.9999794960021973,1.0,1.0,0,0.010689280927181244,0.04865919053554535,0.9999854266643524,0
r1,stress,61,157,0.005671222558612069,0.999984860420227,1.0,1.0,0,0.010540434159338474,0.04864037036895752,0.9999872744083405,0
r1,stress,61,158,0.005778432060780381,0.9999849796295166,1.0,1.0,0,0.010455737356096506,0.04867778718471527,0.999985545873642,0
r1,stress,61,159,0.00838938074202642,0.9999648928642273,1.0,1.0,0,0.010420358274132013,0.0486517995595932,0.9999882280826569,0
r1,stress,61,160,0.007516054732076579,0.9999722838401794,1.0,1.0,0,0.01039540721103549,0.0485861599445343,0.9999885857105255,0
r1,stress,61,161,0.005930521021493587,0.9999827146530151,1.0,1.0,0,0.010284850373864174,0.04866249859333038,0.9999923408031464,0
r1,stress,61,162,0.006416347204273529,0.9999802112579346,0.0,1.0,0,0.010223520919680595,0.04869012534618378,0.999993622303009,0
r1,stress,61,163,0.006758304066436029,0.9999774694442749,1.0,1.0,0,0.010144025087356567,0.048659488558769226,0.9999942779541016,0
r1,stress,61,164,0.00657425830819142,0.9999792575836182,1.0,1.0,0,0.010085392277687788,0.04868029057979584,0.9999935030937195,0
r1,stress,61,165,0.005958207020809559,0.9999839067459106,1.0,1.0,0,0.01006165286526084,0.04868113994598389,0.9999925196170807,0
r1,stress,61,166,0.006683948664002763,0.9999780654907227,1.0,1.0,0,0.010153285227715969,0.04862864315509796,0.9999903738498688,0
r1,stress,61,167,0.024322167252001516,0.9997087717056274,1.0,0.95,0,0.010121333412826061,0.04863928258419037,0.9999907910823822,0
r1,stress,61,168,0.008501086622833755,0.9999688863754272,1.0,0.95,0,0.011141227558255196,0.048660069704055786,0.9999876916408539,0
r1,stress,61,169,0.011223236505733489,0.9999374151229858,1.0,1.0,0,0.010107784066349268,0.048645660281181335,0.9999897480010986,0
r1,stress,61,170,0.007793174946194373,0.9999700784683228,1.0,1.0,0,0.010005971416831017,0.048590466380119324,0.9999891221523285,0
r1,stress,61,171,0.013949159059515097,0.9999117851257324,1.0,1.0,0,0.010742691811174154,0.04855768382549286,0.999987781047821,0
r1,stress,61,172,0.006833993631087091,0.999976634979248,1.0,1.0,0,0.0101399477571249,0.04861226677894592,0.9999907612800598,0
r1,stress,61,173,0.007067660394391995,0.9999756813049316,1.0,1.0,0,0.010033766273409128,0.048571646213531494,0.999989241361618,0
r1,stress,61,174,0.007422481616269209,0.9999764561653137,1.0,1.0,0,0.010011306963860989,0.04856663942337036,0.9999886155128479,0
r1,stress,61,175,0.007421202260370158,0.9999734163284302,1.0,1.0,0,0.010039915330708027,0.04857058823108673,0.9999875128269196,0
r1,stress,61,176,0.008010118515176566,0.9999678730964661,1.0,1.0,0,0.010036955121904612,0.048590779304504395,0.9999883770942688,0
r1,stress,61,177,0.015878678172200126,0.9998791217803955,1.0,0.95,0,0.010140919592231512,0.056193120777606964,0.9999887049198151,0
r1,stress,61,178,0.011362284310762052,0.9999357461929321,1.0,1.0,0,0.010191126726567745,0.04857398569583893,0.9999866187572479,0
r1,stress,61,179,0.0074109750122186594,0.9999725818634033,1.0,0.95,0,0.010079762898385525,0.04860799014568329,0.9999861419200897,0
r1,stress,61,180,0.041252558833388075,0.9992066621780396,1.0,0.95,0,0.010001110378652811,0.04861946403980255,0.9999886453151703,0
r1,stress,61,181,0.09959322592604712,0.9950317144393921,1.0,0.95,0,0.010049302130937576,0.04861944913864136,0.9999878704547882,0
r1,stress,61,182,0.006400913273469643,0.9999802708625793,1.0,1.0,0,0.00989528140053153,0.04859606921672821,0.999993771314621,0
r1,stress,61,183,0.006781853233949799,0.9999768733978271,1.0,0.95,0,0.009915596339851618,0.04858459532260895,0.999994695186615,0
r1,stress,61,184,0.00806001264349807,0.9999675750732422,1.0,1.0,0,0.009905725251883268,0.048476144671440125,0.9999943673610687,0
r1,stress,61,185,0.005992556930568146,0.9999820590019226,1.0,1.0,0,0.009901776444166899,0.048509836196899414,0.9999949932098389,0
r1,stress,61,186,0.007558288588602043,0.9999713897705078,1.0,1.0,0,0.00985219981521368,0.04850555956363678,0.9999951124191284,0
r1,stress,61,187,0.007045324379534256,0.999975323677063,1.0,1.0,0,0.010068317409604788,0.04849451780319214,0.9999947845935822,0
r1,stress,61,188,0.020826411092926548,0.9997854232788086,1.0,0.95,0,0.009874673560261726,0.04848960041999817,0.9999935030937195,0
r1,stress,61,189,0.013841840983002646,0.9999045729637146,1.0,1.0,0,0.009976663626730442,0.04850758612155914,0.9999919831752777,0
r1,stress,61,190,0.005893177177360112,0.9999830722808838,1.0,1.0,0,0.009913690388202667,0.04845547676086426,0.9999892711639404,0
r1,stress,61,191,0.0089141005923572,0.9999603033065796,1.0,1.0,0,0.009864512365311384,0.04844926297664642,0.9999915063381195,0
r1,stress,61,192,0.006262453520073791,0.9999805092811584,1.0,1.0,0,0.009820342995226383,0.04843835532665253,0.9999921917915344,0
r1,stress,61,193,0.007582386151493373,0.9999719858169556,1.0,1.0,0,0.009779716841876507,0.048460885882377625,0.999993085861206,0
r1,stress,61,194,0.008967971752911892,0.999961256980896,1.0,1.0,0,0.00979378679767251,0.04845757782459259,0.999993085861206,0
r1,stress,61,195,0.021069776435849927,0.9997780919075012,1.0,0.95,0,0.009764878079295158,0.04845334589481354,0.999993085861206,0
r1,stress,61,196,0.006585972202706278,0.9999815225601196,1.0,1.0,0,0.009755376260727644,0.048485636711120605,0.9999927580356598,0
r1,stress,61,197,0.010564995784025356,0.9999445676803589,1.0,1.0,0,0.010236417409032583,0.048495739698410034,0.9999916255474091,0
r1,stress,61,198,0.023809568024680056,0.9997439384460449,1.0,1.0,0,0.011081008706241846,0.04842236638069153,0.9999899864196777,0
r1,stress,61,199,0.012652652412638197,0.9999256134033203,1.0,1.0,0,0.011168903671205044,0.04835429787635803,0.999984860420227,0
r1,stress,61,200,0.016621087218366436,0.9998621940612793,1.0,1.0,0,0.011575959157198668,0.04835286736488342,0.9999817311763763,0
r1,stress,61,201,0.0067505434731256805,0.9999774694442749,1.0,1.0,0,0.011343426536768675,0.048391371965408325,0.9999860227108002,0
r1,stress,61,202,0.009142433744490188,0.9999582767486572,1.0,1.0,0,0.010357736609876156,0.048346906900405884,0.999994307756424,0
r1,stress,61,203,0.009396071471108151,0.999961256980896,1.0,1.0,0,0.010437293909490108,0.06833553314208984,0.9999953210353851,0
r1,stress,61,204,0.017947746992186858,0.9998388886451721,1.0,1.0,0,0.010166904423385859,0.04819613695144653,0.999993622303009,0
r1,stress,61,205,0.006491382649576838,0.9999803900718689,1.0,1.0,0,0.010261972434818745,0.04823872447013855,0.9999927282333374,0
r1,stress,61,206,0.00728852884006446,0.9999802112579346,1.0,1.0,0,0.009993028827011585,0.048235341906547546,0.999994158744812,0
r1,stress,61,207,0.006581937513327589,0.9999790191650391,1.0,1.0,0,0.009890236426144838,0.04821774363517761,0.9999958276748657,0
r1,stress,61,208,0.0059986756216048156,0.9999840259552002,1.0,0.95,0,0.009863552171736956,0.048247382044792175,0.9999968707561493,0
r1,stress,61,209,0.00566107443555525,0.9999852180480957,1.0,1.0,0,0.009757579769939184,0.04830257594585419,0.9999986588954926,0
r1,stress,61,210,0.0058185509640961575,0.999983012676239,1.0,1.0,0,0.009730329271405935,0.048261672258377075,0.9999978244304657,0
r1,stress,61,211,0.00587974966183848,0.9999828338623047,1.0,1.0,0,0.009685763623565435,0.04828782379627228,0.9999978840351105,0
r1,stress,61,212,0.012207968004595206,0.999925971031189,1.0,1.0,0,0.009976851288229227,0.04828731715679169,0.9999982416629791,0
r1,stress,61,213,0.021363699050988633,0.9997992515563965,1.0,1.0,0,0.011398165952414274,0.04830649495124817,0.9999915659427643,0
r1,stress,61,214,0.008393547181983652,0.9999647736549377,1.0,1.0,0,0.010631321463733912,0.04826837778091431,0.9999932646751404,0
r1,stress,61,215,0.027263447623630324,0.9996490478515625,1.0,1.0,0,0.010044603142887354,0.04832656681537628,0.9999972581863403,0
r1,stress,61,216,0.019531578145736642,0.9998229742050171,1.0,0.95,0,0.010503849480301142,0.04822465777397156,0.9999951720237732,0
r1,stress,61,217,0.006985849580505328,0.9999756217002869,1.0,0.9,0,0.01034888532012701,0.04825839400291443,0.9999896585941315,0
r1,stress,61,218,0.007877261274591423,0.9999722242355347,1.0,1.0,0,0.01021471619606018,0.04825639724731445,0.9999872446060181,0
r1,stress,61,219,0.024357095068397682,0.9997032880783081,1.0,1.0,0,0.01018591970205307,0.04825538396835327,0.9999908208847046,0
r1,stress,61,220,0.014690809187990853,0.9998924732208252,1.0,0.95,0,0.010476386174559593,0.048283666372299194,0.9999909400939941,0
r1,stress,61,221,0.011155135904845789,0.9999459981918335,1.0,1.0,0,0.010164617095142603,0.0482761412858963,0.9999923706054688,0
r1,stress,61,222,0.009127547667488878,0.9999749660491943,1.0,1.0,0,0.009970337618142366,0.048266783356666565,0.9999919235706329,0
r1,stress,61,223,0.010414193197800724,0.9999550580978394,1.0,1.0,0,0.010081879794597626,0.04827068746089935,0.9999920725822449,0
r1,stress,61,224,0.01149760960172279,0.9999343752861023,1.0,1.0,0,0.010918607469648123,0.04827626049518585,0.9999925494194031,0
r1,stress,61,225,0.0074955039450559854,0.9999721050262451,1.0,0.95,0,0.010343524161726236,0.048273831605911255,0.9999887049198151,0
r1,stress,61,226,0.006215008020887567,0.9999818801879883,1.0,1.0,0,0.010121415369212627,0.048263952136039734,0.9999925196170807,0
r1,stress,61,227,0.007393494512033077,0.9999730587005615,1.0,0.95,0,0.009987395256757736,0.04830586910247803,0.9999935925006866,0
r1,stress,61,228,0.005556508933721127,0.999984622001648,1.0,0.95,0,0.009894168004393578,0.04827392101287842,0.9999933540821075,0
r1,stress,61,229,0.0589422642780014,0.9982961416244507,1.0,1.0,0,0.009831813164055347,0.048320502042770386,0.9999954700469971,0
r1,stress,61,230,0.011992288134492853,0.9999281764030457,1.0,0.95,0,0.009882197715342045,0.048267215490341187,0.9999977052211761,0
r1,stress,61,231,0.006052970680663914,0.999983012676239,1.0,0.95,0,0.010830843821167946,0.04828102886676788,0.9999946653842926,0
r1,stress,61,232,0.006066974171023796,0.9999819993972778,1.0,1.0,0,0.009712920524179935,0.048255786299705505,0.9999977648258209,0
r1,stress,61,233,0.006343507123836517,0.9999799728393555,1.0,1.0,0,0.009707890916615725,0.04817196726799011,0.999998539686203,0
r1,stress,61,234,0.006613868040157436,0.9999783039093018,1.0,1.0,0,0.009698811452835798,0.048203423619270325,0.9999977946281433,0
r1,stress,61,235,0.018472260545492485,0.9998294115066528,1.0,1.0,0,0.011064574122428894,0.04821324348449707,0.9999919235706329,0
r1,stress,61,236,0.021372999874606634,0.9997776746749878,1.0,0.9,0,0.011957152746617794,0.048192426562309265,0.9999909400939941,0
r1,stress,61,237,0.0545725893399146,0.9985802173614502,1.0,0.95,0,0.011794878169894218,0.0482001006603241,0.9999895989894867,0
r1,stress,61,238,0.008715418214394853,0.9999651908874512,1.0,1.0,0,0.011425587348639965,0.048253133893013,0.9999909698963165,0
r1,stress,61,239,0.006233083442190802,0.9999805688858032,1.0,1.0,0,0.01100346865132451,0.0482538640499115,0.9999906122684479,0
r1,stress,61,240,0.010025379145030164,0.999950110912323,1.0,1.0,0,0.010931253433227539,0.04823778569698334,0.9999906420707703,0
r1,stress,61,241,0.008345563583409096,0.9999653100967407,1.0,1.0,0,0.010835851076990366,0.048272207379341125,0.9999915659427643,0
r1,stress,61,242,0.00694836807881877,0.9999796152114868,1.0,1.0,0,0.010609852150082588,0.048234015703201294,0.999993622303009,0
r1,stress,61,243,0.00989556731745696,0.9999512434005737,1.0,1.0,0,0.010087040718644857,0.04826100170612335,0.9999962151050568,0
r1,stress,61,244,0.013909715621976095,0.999903678894043,1.0,1.0,0,0.009866830427199602,0.04820026457309723,0.9999962747097015,0
r1,stress,61,245,0.008570736034051082,0.9999632835388184,1.0,1.0,0,0.00986136682331562,0.048162803053855896,0.9999958276748657,0
r1,stress,61,246,0.006806267436879384,0.9999769330024719,1.0,1.0,0,0.009694539476186037,0.04818481206893921,0.9999964237213135,0
r1,stress,61,247,0.007226062657058857,0.99997478723526,1.0,1.0,0,0.009621598292142153,0.048191264271736145,0.9999968707561493,0
r1,stress,61,248,0.006664138717471074,0.9999785423278809,1.0,1.0,0,0.009793592151254416,0.059676527976989746,0.999996691942215,0
r1,stress,61,249,0.009150290377520463,0.9999580383300781,1.0,1.0,0,0.009637304116040468,0.04823313653469086,0.9999967515468597,0
r1,stress,61,250,0.0072135853179941724,0.9999757409095764,1.0,1.0,0,0.00961617985740304,0.04826536774635315,0.9999975562095642,0
r1,stress,61,251,0.013097313125099735,0.999914288520813,1.0,1.0,0,0.00968567980453372,0.04828155040740967,0.9999980628490448,0
r1,stress,61,252,0.006925026504874278,0.9999761581420898,1.0,1.0,0,0.009642321150749922,0.05106234550476074,0.9999965727329254,0
r1,stress,61,253,0.008046459173861617,0.9999678134918213,1.0,1.0,0,0.009593307506293058,0.04832737147808075,0.999997079372406,0
r1,stress,61,254,0.011751028321633359,0.9999314546585083,1.0,1.0,0,0.009587584994733334,0.04827803373336792,0.9999969601631165,0
r1,stress,61,255,0.01912355181890758,0.9998173117637634,1.0,0.95,0,0.009589312598109245,0.04834243655204773,0.9999954998493195,0
r1,stress,61,256,0.007757920921945982,0.9999747276306152,1.0,0.95,0,0.00989079475402832,0.04840219020843506,0.9999970197677612,0
r1,stress,61,257,0.006424140968850265,0.9999793767929077,1.0,0.95,0,0.009543899446725845,0.048422470688819885,0.999996691942215,0
r1,stress,61,258,0.009051828015389573,0.9999609589576721,1.0,1.0,0,0.009511151351034641,0.04840269684791565,0.9999998211860657,0
r1,stress,61,259,0.01238750526391661,0.9999284744262695,1.0,0.95,0,0.009612809401005507,0.04837265610694885,0.9999975562095642,0
r1,stress,61,260,0.009274947051633535,0.999962329864502,1.0,1.0,0,0.009812979027628899,0.04839690029621124,0.9999954104423523,0
r1,stress,61,261,0.012114905476204467,0.999937891960144,1.0,1.0,0,0.00959779741242528,0.04840356111526489,0.9999974370002747,0
r1,stress,61,262,0.008185946404653725,0.9999741315841675,1.0,1.0,0,0.010419418103992939,0.04838012158870697,0.9999963641166687,0
r1,stress,61,263,0.005993235776047705,0.9999821782112122,1.0,1.0,0,0.009534134529531002,0.04844428598880768,0.9999961256980896,0
r1,stress,61,264,0.0052852547811817726,0.9999861717224121,1.0,1.0,0,0.009463423863053322,0.048416867852211,0.9999970495700836,0
r1,stress,61,265,0.01761608308906687,0.9998462200164795,1.0,0.95,0,0.00941771874204278,0.04840292036533356,0.9999976456165314,0
r1,stress,61,266,0.009278626394423034,0.9999576210975647,1.0,0.95,0,0.010140577796846628,0.04835261404514313,0.9999964833259583,0
r1,stress,61,267,0.00641827688673202,0.9999812841415405,1.0,1.0,0,0.011079216375946999,0.04834279417991638,0.9999842345714569,0
r1,stress,61,268,0.007877928032178235,0.9999710321426392,1.0,1.0,0,0.010308548342436552,0.04834088683128357,0.9999852478504181,0
r1,stress,61,269,0.017070924486767818,0.999854326248169,1.0,1.0,0,0.009806705638766289,0.04834440350532532,0.9999909698963165,0
r1,stress,61,270,0.019497254871998517,0.9998115301132202,1.0,0.95,0,0.009682680014520884,0.04831162095069885,0.9999916255474091,0
r1,stress,61,271,0.006961283287430356,0.9999759197235107,1.0,1.0,0,0.00952435377985239,0.04835134744644165,0.999994158744812,0
r1,stress,61,272,0.006809721388297558,0.9999772906303406,1.0,1.0,0,0.009574281983077526,0.04833191633224487,0.999996691942215,0
r1,stress,61,273,0.010790552212306178,0.9999424815177917,1.0,1.0,0,0.00949275866150856,0.04823184013366699,0.9999980926513672,0
r1,stress,61,274,0.009565639169824702,0.9999557733535767,1.0,1.0,0,0.009652643464505672,0.04818709194660187,0.9999983012676239,0
r1,stress,61,275,0.009803392957851658,0.9999521970748901,1.0,1.0,0,0.009443618357181549,0.04823620617389679,0.9999998509883881,0
r1,stress,61,276,0.006349739561310366,0.9999797344207764,1.0,1.0,0,0.009403882082551718,0.04826712608337402,0.9999994039535522,0
r1,stress,61,277,0.005774422598315559,0.999983549118042,1.0,1.0,0,0.009267851244658232,0.04826246201992035,1.0000027120113373,0
r1,stress,61,278,0.009101222212053152,0.9999626874923706,1.0,0.95,0,0.00924120843410492,0.04823894798755646,1.0000032186508179,0
r1,stress,61,279,0.014868017470037435,0.9998910427093506,1.0,0.95,0,0.009282518178224564,0.04824201762676239,1.0000035762786865,0
r1,stress,61,280,0.018500077512821955,0.9998314380645752,1.0,1.0,0,0.009249513503164053,0.04816940426826477,1.0000015795230865,0
r1,stress,61,281,0.0077853186996456915,0.9999714493751526,1.0,0.95,0,0.009286775719374418,0.04818648099899292,0.9999998807907104,0
r1,stress,61,282,0.0061270195363343025,0.9999814033508301,1.0,1.0,0,0.009150197729468346,0.04823876917362213,0.9999983012676239,0
r1,stress,61,283,0.006433983016441077,0.9999834299087524,1.0,1.0,0,0.009095195680856705,0.04821708798408508,1.0000005960464478,0
r1,stress,61,284,0.006208029585491204,0.9999809265136719,1.0,1.0,0,0.009103768039494753,0.04822094738483429,0.9999991953372955,0
r1,stress,61,285,0.01234056867393864,0.9999241232872009,1.0,0.95,0,0.009067915380001068,0.048251524567604065,0.9999993443489075,0
r1,stress,61,286,0.005910698360085159,0.9999825954437256,1.0,1.0,0,0.009047981817275286,0.04827505350112915,0.9999984502792358,0
r1,stress,61,287,0.012358945527265942,0.9999237060546875,1.0,1.0,0,0.00919191399589181,0.04827745258808136,0.9999993443489075,0
r1,stress,61,288,0.05256265108200041,0.998751163482666,1.0,0.95,0,0.01027896674349904,0.04827624559402466,0.9999948740005493,0
r1,stress,61,289,0.011095693280154978,0.9999403953552246,1.0,1.0,0,0.0099934171885252,0.048265621066093445,0.9999886155128479,0
r1,stress,61,290,0.0085310946705959,0.9999656677246094,1.0,1.0,0,0.010399817489087582,0.04828636348247528,0.9999895393848419,0
r1,stress,61,291,0.009641102079308404,0.9999537467956543,1.0,1.0,0,0.009552788455039263,0.04829196631908417,0.9999958276748657,0
r1,stress,61,292,0.006639376827941434,0.9999786615371704,1.0,1.0,0,0.00939085241407156,0.04828394949436188,0.999997466802597,0
r1,stress,61,293,0.006587952021966998,0.9999814033508301,1.0,1.0,0,0.009303479455411434,0.04828287661075592,0.9999951720237732,0
r1,stress,61,294,0.00835995969820674,0.9999651312828064,1.0,1.0,0,0.009275026619434357,0.04829050600528717,0.9999962151050568,0
r1,stress,61,295,0.008352670236229005,0.9999666213989258,1.0,1.0,0,0.00930476188659668,0.04826268553733826,0.9999960362911224,0
r1,stress,61,296,0.0068913845815707355,0.9999762177467346,1.0,0.95,0,0.00920985359698534,0.04831194877624512,0.9999943375587463,0
r1,stress,61,297,0.0061694243890909346,0.9999810457229614,1.0,1.0,0,0.009349240455776453,0.048308104276657104,0.9999931156635284,0
r1,stress,61,298,0.00612814473714208,0.9999834895133972,1.0,1.0,0,0.00995720038190484,0.04829467833042145,0.9999945163726807,0
r1,stress,61,299,0.00604055065403459,0.9999821186065674,1.0,1.0,0,0.00975443422794342,0.04824152588844299,0.9999956488609314,0
r1,stress,61,300,0.007129437250162756,0.9999752640724182,1.0,0.95,0,0.009241297375410795,0.048247262835502625,0.9999995231628418,0
r1,stress,61,301,0.015525799462777407,0.9998803734779358,1.0,0.95,0,0.009147441945970058,0.0482860803604126,1.000001311302185,0
r1,stress,61,302,0.006382132551814938,0.9999796152114868,1.0,1.0,0,0.00922785047441721,0.048214659094810486,1.000000149011612,0
r1,stress,61,303,0.006006741978575671,0.9999819993972778,1.0,1.0,0,0.009113481268286705,0.04825350642204285,0.9999994337558746,0
r1,stress,61,304,0.005702968023091091,0.9999841451644897,1.0,1.0,0,0.009074101224541664,0.048214927315711975,0.9999997317790985,0
r1,stress,61,305,0.005284068217150941,0.9999861717224121,1.0,1.0,0,0.00901739438995719,0.04821768403053284,1.0000014007091522,0
r1,stress,61,306,0.005701759953504233,0.9999838471412659,1.0,1.0,0,0.009014362469315529,0.04823228716850281,0.9999996423721313,0
r1,stress,61,307,0.09000890861943758,0.9961024522781372,1.0,0.9,0,0.008997514843940735,0.048231422901153564,0.9999991059303284,0
r1,stress,61,308,0.00958577045857427,0.9999546408653259,1.0,0.95,0,0.00898975133895874,0.04822589457035065,1.0000001788139343,0
r1,stress,61,309,0.0072605415313784566,0.9999740123748779,1.0,1.0,0,0.009144593495875597,0.04824572801589966,1.0000008642673492,0
r1,stress,61,310,0.012393600986047693,0.9999233484268188,1.0,1.0,0,0.009912872221320868,0.04826074838638306,1.0000005960464478,0
r1,stress,61,311,0.007026509809427833,0.9999758005142212,1.0,1.0,0,0.00941943097859621,0.048246368765830994,1.0000015795230865,0
r1,stress,61,312,0.006474994154583086,0.9999791383743286,1.0,1.0,0,0.009135152213275433,0.048233628273010254,1.0000014007091522,0
r1,stress,61,313,0.009008404372382138,0.9999595880508423,1.0,0.95,0,0.009064882528036833,0.04823896288871765,1.000001221895218,0
r1,stress,61,314,0.007440798344468884,0.9999726414680481,1.0,1.0,0,0.009103235322982073,0.04823195934295654,0.9999998807907104,0
r1,stress,61,315,0.011057023321904303,0.9999480247497559,1.0,1.0,0,0.009820306673645973,0.0481906533241272,0.9999910593032837,0
r1,stress,61,316,0.006936308121552497,0.9999762773513794,1.0,1.0,0,0.009115767665207386,0.0481841117143631,0.9999965727329254,0
r1,stress,61,317,0.0063374286164723835,0.999981164932251,1.0,1.0,0,0.009076292160898447,0.04817895591259003,0.9999988079071045,0
r1,stress,61,318,0.010161707387948435,0.9999488592147827,1.0,0.95,0,0.009033540729433298,0.048177123069763184,0.999999076128006,0
r1,stress,61,319,0.01121243194839343,0.9999372959136963,1.0,0.95,0,0.00902443053200841,0.04820716381072998,0.999998927116394,0
r1,stress,61,320,0.006563220009668252,0.9999785423278809,1.0,0.95,0,0.009037014562636614,0.04820138216018677,0.999998539686203,0
r1,stress,61,321,0.00621875381413161,0.9999812841415405,1.0,1.0,0,0.008959949482232332,0.048223525285720825,0.9999991059303284,0
r1,stress,61,322,0.036974244857417925,0.9994540214538574,1.0,1.0,0,0.008902509696781635,0.04821319878101349,0.9999999105930328,0
r1,stress,61,323,0.01134373158113856,0.9999364614486694,1.0,1.0,0,0.00891777640208602,0.04822583496570587,0.9999922215938568,0
r1,stress,61,324,0.021600244568745763,0.9997841119766235,1.0,1.0,0,0.009260362479835749,0.04816395044326782,0.9999934732913971,0
r1,stress,61,325,0.021812670247577447,0.9998055696487427,1.0,0.95,0,0.010653194040060043,0.048191651701927185,0.999992847442627,0
r1,stress,61,326,0.006244241748150731,0.9999805688858032,1.0,1.0,0,0.010189448017627,0.04818706214427948,0.9999924600124359,0
r1,stress,61,327,0.006242169182823314,0.9999831318855286,1.0,0.95,0,0.009495381265878677,0.048206329345703125,0.9999969601631165,0
r1,stress,61,328,0.005213195897313347,0.9999864101409912,1.0,1.0,0,0.009190937504172325,0.048221901059150696,1.0000015497207642,0
r1,stress,61,329,0.005272300146614232,0.9999862909317017,1.0,1.0,0,0.009016558527946472,0.04819260537624359,1.000002384185791,0
r1,stress,61,330,0.005608487481281109,0.9999843835830688,1.0,0.95,0,0.008992784656584263,0.04819369316101074,1.000002920627594,0
r1,stress,61,331,0.006374978729942548,0.9999807476997375,1.0,0.95,0,0.008930277079343796,0.04821158945560455,1.0000049471855164,0
r1,stress,61,332,0.005492609206439725,0.9999865889549255,1.0,1.0,0,0.008959237486124039,0.04820995032787323,1.000003457069397,0
r1,stress,61,333,0.006517957996185306,0.9999799728393555,1.0,1.0,0,0.008936658035963774,0.048221588134765625,1.000004768371582,0
r1,stress,61,334,0.006005694709105575,0.9999819993972778,1.0,1.0,0,0.008842936716973782,0.04816734790802002,1.0000061988830566,0
r1,stress,61,335,0.00582625117397028,0.9999854564666748,1.0,0.95,0,0.008808571379631758,0.0481877326965332,1.0000061392784119,0
r1,stress,61,336,0.004969821335127499,0.9999882578849792,1.0,0.95,0,0.008693111594766378,0.04816804826259613,1.000009834766388,0
r1,stress,61,337,0.006320093419296606,0.9999817609786987,1.0,1.0,0,0.008711270987987518,0.04816175997257233,1.0000086426734924,0
r1,stress,61,338,0.01800494605804182,0.9998428821563721,1.0,0.95,0,0.008706410881131887,0.048158928751945496,1.0000087022781372,0
r1,stress,61,339,0.0052593192602617,0.9999864101409912,1.0,1.0,0,0.008772465400397778,0.04813830554485321,1.0000041127204895,0
r1,stress,61,340,0.005442565144820253,0.9999856948852539,1.0,0.95,0,0.00913766073063016,0.0481528639793396,1.000003069639206,0
r1,stress,61,341,0.005492984746231961,0.9999849796295166,1.0,1.0,0,0.008848021272569895,0.04814213514328003,1.0000042021274567,0
r1,stress,61,342,0.009866432977681604,0.9999585747718811,1.0,1.0,0,0.00874276552349329,0.04810561239719391,1.000005304813385,0
r1,stress,61,343,0.007565122662750893,0.9999770522117615,1.0,1.0,0,0.008726093452423811,0.04809877276420593,1.000005841255188,0
r1,stress,61,344,0.005824545150703306,0.999984622001648,1.0,1.0,0,0.008758410811424255,0.04810322821140289,1.0000026226043701,0
r1,stress,61,345,0.005575920756616655,0.9999847412109375,1.0,1.0,0,0.008647771086543798,0.048095107078552246,1.0000031292438507,0
r1,stress,61,346,0.006103122668885468,0.9999822974205017,1.0,1.0,0,0.008676001336425543,0.04810440540313721,1.0000021755695343,0
r1,stress,61,347,0.014476029747952097,0.9998956322669983,1.0,1.0,0,0.009294543880969286,0.04810512065887451,1.0000012516975403,0
r1,stress,61,348,0.008946781274289627,0.9999605417251587,1.0,1.0,0,0.00991699006408453,0.048076897859573364,0.9999890923500061,0
r1,stress,61,349,0.008631166527925458,0.9999698400497437,1.0,1.0,0,0.00963725009933114,0.04809069633483887,0.9999977350234985,0
r1,stress,61,350,0.011196972168689987,0.9999438524246216,1.0,0.95,0,0.009413505904376507,0.04808032512664795,0.9999987781047821,0
r1,stress,61,351,0.013953302372283998,0.9999070763587952,1.0,1.0,0,0.00923811923712492,0.048081427812576294,1.000000149011612,0
r1,stress,61,352,0.011995504166065898,0.9999289512634277,1.0,0.95,0,0.009084867313504219,0.04806755483150482,1.0000008344650269,0
r1,stress,61,353,0.007620748372838041,0.9999710321426392,1.0,0.95,0,0.009012229274958372,0.0480773001909256,1.0000010430812836,0
r1,stress,61,354,0.009067793318332603,0.9999691247940063,1.0,1.0,0,0.008949216920882463,0.0480719655752182,1.000000923871994,0
r1,stress,61,355,0.013807518122032444,0.9999125599861145,1.0,1.0,0,0.008916589431464672,0.048076093196868896,1.000002145767212,0
r1,stress,61,356,0.008634247285840857,0.9999632835388184,1.0,0.95,0,0.008996385615319014,0.048076897859573364,1.0000009536743164,0
r1,stress,61,357,0.006906403747689255,0.9999768733978271,1.0,0.95,0,0.009026853833347559,0.04808145761489868,1.0000010132789612,0
r1,stress,61,358,0.01464679629716552,0.9998927712440491,1.0,1.0,0,0.009085988160222769,0.048078328371047974,0.999998539686203,0
r1,stress,61,359,0.007152694385085717,0.9999744296073914,1.0,1.0,0,0.008878860156983137,0.04808512330055237,1.000001609325409,0
r1,stress,61,360,0.007984050292051912,0.9999692440032959,1.0,1.0,0,0.008902953006327152,0.04807773232460022,1.0000018179416656,0
r1,stress,61,361,0.030219046535082672,0.9995450973510742,1.0,1.0,0,0.008981900755316019,0.04807227849960327,1.0000008344650269,0
r1,stress,61,362,0.014760595979334743,0.999891459941864,1.0,0.95,0,0.009027357213199139,0.048149943351745605,1.000000536441803,0
r1,stress,61,363,0.009871624952563099,0.9999691247940063,1.0,1.0,0,0.009906535502523184,0.048097848892211914,0.9999969005584717,0
r1,stress,61,364,0.008316228108127604,0.9999661445617676,1.0,1.0,0,0.010354421567171812,0.04812517762184143,1.000000387430191,0
r1,stress,61,365,0.03044942478775522,0.9995470643043518,1.0,0.95,0,0.009939386043697596,0.04814213514328003,1.0000009834766388,0
r1,stress,61,366,0.00684026535338863,0.9999778270721436,1.0,1.0,0,0.009743201080709696,0.04812929034233093,1.0000008642673492,0
r1,stress,61,367,0.00566906101584001,0.9999843835830688,1.0,1.0,0,0.009426878299564123,0.04816555976867676,1.0000011026859283,0
r1,stress,61,368,0.00583568737606061,0.9999839067459106,1.0,1.0,0,0.008921372704207897,0.04815778136253357,1.0000041127204895,0
r1,stress,61,369,0.016987864492195213,0.9998563528060913,1.0,0.95,0,0.008843705523759127,0.04801398515701294,1.0000039637088776,0
r1,stress,61,370,0.006706413092618454,0.9999775290489197,1.0,0.95,0,0.009402412455528975,0.1585981845855713,1.0000032484531403,0
r1,stress,61,371,0.018065732564912985,0.9998528957366943,1.0,1.0,0,0.008947485592216253,0.048290178179740906,1.0000075697898865,0
r1,stress,61,372,0.009144649251784319,0.9999582767486572,1.0,1.0,0,0.009052895475178957,0.04825393855571747,1.0000030398368835,0
r1,stress,61,373,0.009613309913350144,0.999954104423523,1.0,1.0,0,0.010059741791337729,0.04831141233444214,1.0000019073486328,0
r1,stress,61,374,0.008154217971687904,0.9999668002128601,1.0,0.95,0,0.010110762901604176,0.04834173619747162,1.0000012516975403,0
r1,stress,61,375,0.006030956270755246,0.9999827146530151,1.0,1.0,0,0.009137494023889303,0.048325493931770325,1.0000066757202148,0
r1,stress,61,376,0.008417119198385739,0.9999668002128601,1.0,0.95,0,0.008863251656293869,0.048347920179367065,1.0000096559524536,0
r1,stress,61,377,0.006384849190143955,0.9999797344207764,1.0,1.0,0,0.008789572399109602,0.04831656813621521,1.0000101327896118,0
r1,stress,61,378,0.006026496624656971,0.9999834299087524,1.0,1.0,0,0.008709701709449291,0.04830121994018555,1.0000075101852417,0
r1,stress,61,379,0.006593050873434456,0.9999783635139465,1.0,1.0,0,0.008715020027011633,0.04829496145248413,1.0000073909759521,0
r1,stress,61,380,0.006380607875536551,0.9999797344207764,1.0,1.0,0,0.00873516546562314,0.048289597034454346,1.000004142522812,0
r1,stress,61,381,0.010553824825909384,0.9999450445175171,1.0,0.95,0,0.008707064669579268,0.04828503727912903,1.0000044107437134,0
r1,stress,61,382,0.01263932273258131,0.9999224543571472,1.0,0.9,0,0.008746299427002668,0.04827451705932617,1.0000051259994507,0
r1,stress,61,383,0.009887207144784051,0.9999520778656006,1.0,1.0,0,0.009550856426358223,0.04826992750167847,1.000004768371582,0
r1,stress,61,384,0.00676622681908287,0.9999773502349854,1.0,1.0,0,0.008964280597865582,0.048267900943756104,1.0000064373016357,0
r1,stress,61,385,0.009402799360501906,0.9999565482139587,1.0,0.95,0,0.008692478761076927,0.048251569271087646,1.0000060200691223,0
r1,stress,61,386,0.006678665436853477,0.9999794960021973,1.0,1.0,0,0.008653202559798956,0.04823747277259827,1.0000067949295044,0
r1,stress,61,387,0.006786574969006678,0.9999769926071167,1.0,1.0,0,0.0086463731713593,0.04824429750442505,1.0000045895576477,0
r1,stress,61,388,0.02046143280487818,0.9997940063476562,1.0,1.0,0,0.008827028796076775,0.04825422167778015,1.0000048875808716,0
r1,stress,61,389,0.01692671153880039,0.9998619556427002,0.0,1.0,0,0.009638253599405289,0.04823747277259827,1.0000020861625671,0
r1,stress,61,390,0.016312396948676106,0.9998698234558105,1.0,1.0,0,0.009450695477426052,0.048237234354019165,1.0000032186508179,0
r1,stress,61,391,0.007987363069717814,0.999968945980072,1.0,1.0,0,0.009771653916686773,0.048532307147979736,1.0,0
r1,stress,61,392,0.012728865516391743,0.9999192953109741,1.0,1.0,0,0.009226904716342688,0.04822775721549988,1.0000011324882507,0
r1,stress,61,393,0.01649933904894095,0.9998689889907837,1.0,0.95,0,0.008976276032626629,0.04821324348449707,1.0000026226043701,0
r1,stress,61,394,0.018985962445342352,0.9998263120651245,1.0,1.0,0,0.008872374426573515,0.048198163509368896,1.0000030398368835,0
r1,stress,61,395,0.03815162062714115,0.9993823766708374,1.0,1.0,0,0.009041081182658672,0.0481780469417572,1.0000001192092896,0
r1,stress,61,396,0.007566729749413622,0.9999730587005615,1.0,1.0,0,0.00911656953394413,0.059344932436943054,1.0000029802322388,0
r1,stress,61,397,0.007347983407922849,0.9999779462814331,1.0,1.0,0,0.008801762480288744,0.048210740089416504,1.000006914138794,0
r1,stress,61,398,0.008710613398149658,0.9999623894691467,1.0,1.0,0,0.00866066012531519,0.04823821783065796,1.0000091791152954,0
r1,stress,61,399,0.007539562874451244,0.9999792575836182,1.0,1.0,0,0.008699258789420128,0.04819369316101074,1.000008463859558,0
r1,stress,61,400,0.008355033108823589,0.9999678134918213,1.0,1.0,0,0.008826895151287317,0.047788649797439575,1.0000090599060059,0
r1,stress,61,401,0.0062239384213602904,0.9999818801879883,1.0,0.95,0,0.008757272735238075,0.04787398874759674,1.0000097751617432,0
r1,stress,61,402,0.005864309349279402,0.9999845027923584,1.0,1.0,0,0.008654976729303598,0.047875821590423584,1.0000125765800476,0
r1,stress,61,403,0.006545858749778215,0.9999785423278809,1.0,0.95,0,0.00887789810076356,0.04786115884780884,1.0000118613243103,0
r1,stress,61,404,0.012146406479477085,0.999930739402771,1.0,0.95,0,0.00896029407158494,0.04784959554672241,1.0000105500221252,0
r1,stress,61,405,0.007679508296840789,0.9999712705612183,1.0,1.0,0,0.008636121172457933,0.04784694314002991,1.0000105500221252,0
r1,stress,61,406,0.03519973240620026,0.9994204640388489,1.0,0.95,0,0.009300155565142632,0.04780453443527222,1.0000041723251343,0
r1,stress,61,407,0.0074959214112405035,0.9999728202819824,1.0,0.95,0,0.010204552672803402,0.047840505838394165,1.0000003576278687,0
r1,stress,61,408,0.010383349638984244,0.9999464154243469,1.0,0.95,0,0.009255048353224993,0.04783561825752258,1.0000051856040955,0
r1,stress,61,409,0.006918644860284419,0.9999764561653137,1.0,0.95,0,0.008746492676436901,0.04880863428115845,1.0000044107437134,0
r1,stress,61,410,0.006156959758133517,0.9999812245368958,1.0,1.0,0,0.008579655084758997,0.04784688353538513,1.0000084042549133,0
r1,stress,61,411,0.0057624023808470265,0.9999834299087524,1.0,1.0,0,0.00848835613578558,0.04784524440765381,1.0000097751617432,0
r1,stress,61,412,0.007574570730831311,0.9999761581420898,1.0,1.0,0,0.009345072787255049,0.04785636067390442,0.9999871253967285,0
r1,stress,61,413,0.006641206640077266,0.999978244304657,1.0,1.0,0,0.011522689834237099,0.047850221395492554,0.9999795854091644,0
r1,stress,61,414,0.037731444506350444,0.99928879737854,1.0,0.95,0,0.00985613651573658,0.04785129427909851,0.9999796450138092,0
r1,stress,61,415,0.006417488827816627,0.9999793767929077,1.0,0.95,0,0.009596333373337984,0.04786098003387451,0.9999809563159943,0
r1,stress,61,416,0.007304383093189279,0.9999733567237854,1.0,1.0,0,0.009282471146434546,0.0478668212890625,0.9999825358390808,0
r1,stress,61,417,0.016937302112205004,0.9998590350151062,1.0,1.0,0,0.009146125055849552,0.047897905111312866,0.9999864995479584,0
r1,stress,61,418,0.005985831270028263,0.9999836683273315,1.0,1.0,0,0.009013335220515728,0.04787898063659668,0.999990701675415,0
r1,stress,61,419,0.005858430762787137,0.999983012676239,1.0,1.0,0,0.0089965108782053,0.04785001277923584,0.9999916851520538,0
r1,stress,61,420,0.01130775672205298,0.9999468326568604,1.0,1.0,0,0.009039993397891521,0.04784870147705078,0.9999932050704956,0
r1,stress,61,421,0.008978637156384386,0.9999598264694214,1.0,0.95,0,0.009038328658789396,0.04784092307090759,0.9999927580356598,0
r1,stress,61,422,0.005581011737986364,0.9999845027923584,1.0,1.0,0,0.009160049259662628,0.047835975885391235,0.9999995827674866,0
r1,stress,61,423,0.0057385178733927854,0.9999837875366211,1.0,1.0,0,0.008803459350019693,0.04783734679222107,1.0000051259994507,0
r1,stress,61,424,0.006355579659665287,0.9999803304672241,1.0,1.0,0,0.00869846437126398,0.047762274742126465,1.0000055432319641,0
r1,stress,61,425,0.00666941056637261,0.9999781250953674,1.0,1.0,0,0.008731935173273087,0.047785043716430664,1.0000090599060059,0
r1,stress,61,426,0.012925188923121793,0.9999259114265442,1.0,1.0,0,0.008593702223151922,0.04781666398048401,1.0000092387199402,0
r1,stress,61,427,0.00828535233928198,0.9999673366546631,1.0,1.0,0,0.008638042490929365,0.0478266179561615,1.0000051856040955,0
r1,stress,61,428,0.006170543487885324,0.9999815821647644,1.0,0.95,0,0.009138921741396189,0.047831565141677856,0.9999977946281433,0
r1,stress,61,429,0.005752695818155278,0.9999851584434509,1.0,1.0,0,0.008889778982847929,0.047819316387176514,0.9999998807907104,0
r1,stress,61,430,0.005692269211893436,0.9999858140945435,1.0,0.95,0,0.008729224093258381,0.04781758785247803,1.0000025629997253,0
r1,stress,61,431,0.009104886262390342,0.9999854564666748,1.0,1.0,0,0.008710363414138556,0.047792255878448486,1.0000032186508179,0
r1,stress,61,432,0.01338697903420555,0.9999110102653503,1.0,1.0,0,0.008650267962366343,0.047779083251953125,1.0000030398368835,0
r1,stress,61,433,0.013205283378235493,0.9999130368232727,1.0,1.0,0,0.008769168052822351,0.04781210422515869,1.0000024139881134,0
r1,stress,61,434,0.00952021671314092,0.9999555945396423,1.0,1.0,0,0.010037574917078018,0.04779195785522461,0.999995082616806,0
r1,stress,61,435,0.009909858998715044,0.9999517202377319,1.0,1.0,0,0.009805308189243078,0.04777103662490845,0.9999969899654388,0
r1,stress,61,436,0.006229925434566668,0.9999815225601196,1.0,1.0,0,0.00877325376495719,0.04777988791465759,0.9999991655349731,0
r1,stress,61,437,0.006779250587752863,0.9999794960021973,1.0,1.0,0,0.008585808333009481,0.04773983359336853,1.0000039935112,0
r1,stress,61,438,0.007336318608517979,0.9999744892120361,1.0,1.0,0,0.008566883392632008,0.04772046208381653,1.0000009536743164,0
r1,stress,61,439,0.008290049538825717,0.9999656677246094,1.0,1.0,0,0.008824252523481846,0.047772377729415894,0.9999898076057434,0
r1,stress,61,440,0.010796998843953538,0.9999420046806335,1.0,1.0,0,0.008782912511378527,0.04779508709907532,0.9999945759773254,0
r1,stress,61,441,0.06127564839583401,0.9981390237808228,1.0,0.95,0,0.009203792084008455,0.047751933336257935,0.9999994337558746,0
r1,stress,61,442,0.018090102993649323,0.9998416304588318,1.0,0.95,0,0.009207690600305796,0.05341362953186035,0.9999974071979523,0
r1,stress,61,443,0.008268627945101194,0.9999696612358093,1.0,1.0,0,0.008990734815597534,0.047890543937683105,0.9999992549419403,0
r1,stress,61,444,0.02194390105313058,0.9997723698616028,1.0,0.95,0,0.00896674394607544,0.047957807779312134,1.0000020265579224,0
r1,stress,61,445,0.007378709913157453,0.999976634979248,1.0,1.0,0,0.009024976287037134,0.047932058572769165,1.0000017881393433,0
r1,stress,61,446,0.00795977542297825,0.9999706149101257,1.0,1.0,0,0.00880614435300231,0.047955602407455444,1.000000149011612,0
r1,stress,61,447,0.020930535137452858,0.9997817277908325,1.0,0.95,0,0.00886254059150815,0.04796004295349121,1.0000006258487701,0
r1,stress,61,448,0.012500646090562662,0.9999237060546875,1.0,1.0,0,0.010554568842053413,0.08491900563240051,0.9999932944774628,0
r1,stress,61,449,0.012765980228525159,0.9999264478683472,1.0,0.95,0,0.009361637756228447,0.04790255427360535,1.0000011026859283,0
r1,stress,61,450,0.030136354152498063,0.9995722770690918,1.0,0.95,0,0.008937309961766005,0.04795607924461365,1.000002235174179,0
r1,stress,61,451,0.010042334267657538,0.9999500513076782,1.0,1.0,0,0.008804460056126118,0.04793959856033325,1.0000032484531403,0
r1,stress,61,452,0.007452343429081942,0.9999726414680481,1.0,1.0,0,0.008744136895984411,0.04789608716964722,1.0000047087669373,0
r1,stress,61,453,0.007448446052739443,0.999972403049469,1.0,0.95,0,0.008672180585563183,0.04795452952384949,1.0000064373016357,0
r1,stress,61,454,0.00684461957262925,0.9999767541885376,1.0,1.0,0,0.008626447059214115,0.0479467511177063,1.00000661611557,0
r1,stress,61,455,0.0161259391510509,0.9999075531959534,1.0,1.0,0,0.008617441169917583,0.04792329668998718,1.0000054240226746,0
r1,stress,61,456,0.023924089383557955,0.9997344017028809,1.0,1.0,0,0.009453944396227598,0.04795292019844055,1.000003457069397,0
r1,stress,61,457,0.06546772107805277,0.9978565573692322,1.0,0.95,0,0.009257751051336527,0.04800248146057129,1.000002920627594,0
r1,stress,61,458,0.011053806105312007,0.9999395608901978,1.0,1.0,0,0.0090720159932971,0.04800152778625488,1.000003457069397,0
r1,stress,61,459,0.006913348563280132,0.9999767541885376,1.0,1.0,0,0.008781890384852886,0.04800871014595032,1.0000038743019104,0
r1,stress,61,460,0.008677753918395266,0.9999632239341736,1.0,1.0,0,0.008659761864691973,0.04801073670387268,1.0000039935112,0
r1,stress,61,461,0.14610335669130295,0.9898624420166016,1.0,0.9,0,0.008597755338996649,0.04801386594772339,1.0000005960464478,0
r1,stress,61,462,0.013468905536513916,0.9999157190322876,1.0,1.0,0,0.00861248979344964,0.04801425337791443,1.0000009536743164,0
r1,stress,61,463,0.005487141987075553,0.9999852180480957,1.0,1.0,0,0.008520027156919241,0.0479702353477478,1.0000076293945312,0
r1,stress,61,464,0.006809574700716904,0.9999784231185913,1.0,1.0,0,0.008465100079774857,0.04798194766044617,1.0000094771385193,0
r1,stress,61,465,0.007258550230077921,0.9999748468399048,1.0,1.0,0,0.00853704335168004,0.0478706955909729,1.0000045895576477,0
r1,stress,61,466,0.005299104492021488,0.9999861717224121,1.0,1.0,0,0.009184460155665874,0.04791417717933655,1.0000056028366089,0
r1,stress,61,467,0.006049320008066345,0.9999818801879883,0.0,1.0,0,0.008506670594215393,0.05020713806152344,1.0000075697898865,0
r1,stress,61,468,0.005645473677927901,0.9999841451644897,1.0,1.0,0,0.008403129409998655,0.0478518009185791,1.0000100135803223,0
r1,stress,61,469,0.0062631305480527555,0.9999808073043823,1.0,1.0,0,0.008337585255503654,0.04786065220832825,1.0000100135803223,0
r1,stress,61,470,0.009551750830671047,0.9999545812606812,1.0,1.0,0,0.008360275533050299,0.04787835478782654,1.0000089406967163,0
r1,stress,61,471,0.007270897101402416,0.9999740719795227,1.0,1.0,0,0.008301447611302137,0.04789102077484131,1.000007450580597,0
r1,stress,61,472,0.005835941345076086,0.9999841451644897,1.0,1.0,0,0.008621586486697197,0.047884345054626465,1.0000041127204895,0
r1,stress,61,473,0.005950393855068829,0.9999824166297913,1.0,1.0,0,0.009248360060155392,0.047907501459121704,1.0000038146972656,0
r1,stress,61,474,0.013821707262424267,0.9999362230300903,1.0,0.95,0,0.008732356131076813,0.04791632294654846,1.0000039339065552,0
r1,stress,61,475,0.014141095643292158,0.9999074935913086,1.0,1.0,0,0.008647779002785683,0.04792475700378418,1.0000036358833313,0
r1,stress,61,476,0.006886888706040651,0.9999779462814331,1.0,1.0,0,0.008491554763168097,0.04792135953903198,1.000003695487976,0
r1,stress,61,477,0.03395026599715879,0.9994478821754456,1.0,0.95,0,0.008449646644294262,0.047918856143951416,1.0000044703483582,0
r1,stress,61,478,0.019997724925496507,0.9998071193695068,1.0,1.0,0,0.008461054880172014,0.04792952537536621,1.0000035762786865,0
r1,stress,61,479,0.01377639542857018,0.9999057054519653,1.0,0.95,0,0.008478129282593727,0.04791077971458435,1.0000033974647522,0
r1,stress,61,480,0.01597423921700605,0.9998769760131836,1.0,1.0,0,0.008666208945214748,0.04785943031311035,1.0000032782554626,0
r1,stress,61,481,0.007007173839901484,0.9999762177467346,1.0,1.0,0,0.008634360041469336,0.04786127805709839,1.0000048279762268,0
r1,stress,61,482,0.006680781281248168,0.9999783635139465,1.0,1.0,0,0.008487920742481947,0.04784935712814331,1.0000039339065552,0
r1,stress,61,483,0.012373190622194523,0.9999234676361084,1.0,1.0,0,0.008442049380391836,0.04785516858100891,1.000003844499588,0
r1,stress,61,484,0.006592500032883425,0.999979555606842,1.0,0.95,0,0.008405359461903572,0.047862619161605835,1.0000047087669373,0
r1,stress,61,485,0.008991963371578216,0.9999600052833557,1.0,1.0,0,0.008376206271350384,0.047842592000961304,1.0000060200691223,0
r1,stress,61,486,0.010452353739861314,0.999945878982544,1.0,1.0,0,0.008337469771504402,0.047834545373916626,1.0000049471855164,0
r1,stress,61,487,0.00638579701309615,0.9999800324440002,1.0,1.0,0,0.008351217024028301,0.04782703518867493,1.00000661611557,0
r1,stress,61,488,0.0070999538278217755,0.9999758005142212,1.0,1.0,0,0.00834708521142602,0.04785528779029846,1.0000036358833313,0
r1,stress,61,489,0.005828032294788822,0.9999831318855286,1.0,1.0,0,0.008404184132814407,0.047853827476501465,1.0000064373016357,0
r1,stress,61,490,0.005826850743392633,0.9999830722808838,1.0,0.95,0,0.008371502626687288,0.04784059524536133,1.0000098943710327,0
r1,stress,61,491,0.010838220555468113,0.9999420642852783,1.0,0.95,0,0.008318901527673006,0.04778474569320679,1.000008225440979,0
r1,stress,61,492,0.010331251222750904,0.9999479055404663,1.0,1.0,0,0.008775477297604084,0.04778143763542175,1.000006377696991,0
r1,stress,61,493,0.00637090621072702,0.9999822378158569,1.0,1.0,0,0.008347346913069487,0.04779043793678284,1.0000088214874268,0
r1,stress,61,494,0.006133213542002968,0.9999816417694092,1.0,1.0,0,0.008260334841907024,0.0477999746799469,1.0000094771385193,0
r1,stress,61,495,0.006465271381494183,0.9999796748161316,1.0,1.0,0,0.008264762815088034,0.04781565070152283,1.0000100135803223,0
r1,stress,61,496,0.005008134748569416,0.9999881386756897,1.0,1.0,0,0.008231297601014376,0.04782196879386902,1.0000091195106506,0
r1,stress,61,497,0.006383944582729416,0.9999827146530151,1.0,0.95,0,0.008199972100555897,0.047830432653427124,1.0000104904174805,0
r1,stress,61,498,0.006489380832394505,0.9999812245368958,1.0,1.0,0,0.008242649491876364,0.047811657190322876,1.0000109672546387,0
r1,stress,61,499,0.00990015036847491,0.9999516606330872,1.0,1.0,0,0.008454036898911,0.047599345445632935,1.0000064969062805,0
r1,stress,61,500,0.00670501101163137,0.9999785423278809,1.0,1.0,0,0.009074786212295294,0.047745466232299805,1.0000019073486328,0
r1,stress,61,501,0.005889874306204011,0.9999837875366211,1.0,1.0,0,0.008537926245480776,0.046638667583465576,1.0000065565109253,0
r1,stress,61,502,0.006375480523049736,0.9999799132347107,1.0,1.0,0,0.008351809810847044,0.046702682971954346,1.0000100135803223,0
r1,stress,61,503,0.0058679271021070374,0.9999834299087524,1.0,1.0,0,0.008233246626332402,0.04669257998466492,1.0000086426734924,0
r1,stress,61,504,0.005630647886857241,0.9999842643737793,1.0,1.0,0,0.008240321651101112,0.046702951192855835,1.000007688999176,0
r1,stress,61,505,0.013505358607200835,0.9999182820320129,1.0,0.95,0,0.008164375089108944,0.046756595373153687,1.0000093579292297,0
r1,stress,61,506,0.005419613002599378,0.9999855756759644,1.0,0.95,0,0.008109054528176785,0.04676064848899841,1.0000112652778625,0
r1,stress,61,507,0.005329280446013711,0.9999861121177673,1.0,0.95,0,0.008056817343458533,0.046723514795303345,1.0000123977661133,0
r1,stress,61,508,0.008419175857739972,0.9999656677246094,1.0,0.95,0,0.008034940343350172,0.04672548174858093,1.0000128746032715,0
r1,stress,61,509,0.005154213592087581,0.9999874830245972,1.0,1.0,0,0.007970849983394146,0.04673972725868225,1.0000091195106506,0
r1,stress,61,510,0.00795210168872614,0.999969482421875,1.0,0.95,0,0.0079706902615726,0.0467248260974884,1.0000094175338745,0
r1,stress,61,511,0.007878501983807297,0.9999767541885376,1.0,0.95,0,0.007960960501804948,0.04671451449394226,1.0000094175338745,0
r1,stress,61,512,0.01393113278515671,0.9999029636383057,1.0,1.0,0,0.007938642986118793,0.04670435190200806,1.000010073184967,0
