run_id,process_id,condition,document_id,panel_index,process_repeat,random_seed,physical_gpu_index,gpu_uuid,future_kl_auc,trajectory_length,token_count,termination_reason,nonfinite,trajectory_statistics_sha256,runtime_manifest_sha256,kernel_configuration_sha256,generation_configuration_sha256
doc00_Dense_State_r00_gpu2,1079198,Dense_State,wikitext2raw-test-000,0,0,20260922,2,GPU-7d6246ed-c3d1-75bc-c2c7-d02eb2882cca,0.016838791853506264,128,1024,fixed_teacher_forced_horizon_128,0,e50453bee0f30847ecdd01c8a306a7363ecee80043331b2b015374d2eac3b77b,414a130b9822d37521def5ca988b19532f74e3a3eadfe0eada712aa6463b63cf,a9d5ffa5e13716f19a659facec84bbb0c655038aa38e0c2fef86595334f69023,332ae114a76ac46a7d3480c20e4e121a600cdceb208b3609478f2bbcda77310e
doc00_Dense_State_r01_gpu2,1080846,Dense_State,wikitext2raw-test-000,0,1,20260922,2,GPU-7d6246ed-c3d1-75bc-c2c7-d02eb2882cca,0.016838791853506264,128,1024,fixed_teacher_forced_horizon_128,0,e50453bee0f30847ecdd01c8a306a7363ecee80043331b2b015374d2eac3b77b,414a130b9822d37521def5ca988b19532f74e3a3eadfe0eada712aa6463b63cf,a9d5ffa5e13716f19a659facec84bbb0c655038aa38e0c2fef86595334f69023,332ae114a76ac46a7d3480c20e4e121a600cdceb208b3609478f2bbcda77310e
doc00_Dense_State_r02_gpu2,1082851,Dense_State,wikitext2raw-test-000,0,2,20260922,2,GPU-7d6246ed-c3d1-75bc-c2c7-d02eb2882cca,0.016838791853506264,128,1024,fixed_teacher_forced_horizon_128,0,e50453bee0f30847ecdd01c8a306a7363ecee80043331b2b015374d2eac3b77b,414a130b9822d37521def5ca988b19532f74e3a3eadfe0eada712aa6463b63cf,a9d5ffa5e13716f19a659facec84bbb0c655038aa38e0c2fef86595334f69023,332ae114a76ac46a7d3480c20e4e121a600cdceb208b3609478f2bbcda77310e
doc00_Dense_State_r03_gpu2,1084375,Dense_State,wikitext2raw-test-000,0,3,20260922,2,GPU-7d6246ed-c3d1-75bc-c2c7-d02eb2882cca,0.016838791853506264,128,1024,fixed_teacher_forced_horizon_128,0,e50453bee0f30847ecdd01c8a306a7363ecee80043331b2b015374d2eac3b77b,414a130b9822d37521def5ca988b19532f74e3a3eadfe0eada712aa6463b63cf,a9d5ffa5e13716f19a659facec84bbb0c655038aa38e0c2fef86595334f69023,332ae114a76ac46a7d3480c20e4e121a600cdceb208b3609478f2bbcda77310e
doc00_Hadamard_r00_gpu2,1068804,Hadamard,wikitext2raw-test-000,0,0,20260922,2,GPU-7d6246ed-c3d1-75bc-c2c7-d02eb2882cca,0.014639002699991615,128,1024,fixed_teacher_forced_horizon_128,0,b52b5e16f4a8fdeed01dda4ef8bfbe8417be69d5d84c7bd307e2ec947e383e4c,414a130b9822d37521def5ca988b19532f74e3a3eadfe0eada712aa6463b63cf,a9d5ffa5e13716f19a659facec84bbb0c655038aa38e0c2fef86595334f69023,332ae114a76ac46a7d3480c20e4e121a600cdceb208b3609478f2bbcda77310e
doc00_Hadamard_r01_gpu2,1071046,Hadamard,wikitext2raw-test-000,0,1,20260922,2,GPU-7d6246ed-c3d1-75bc-c2c7-d02eb2882cca,0.014639002699991615,128,1024,fixed_teacher_forced_horizon_128,0,b52b5e16f4a8fdeed01dda4ef8bfbe8417be69d5d84c7bd307e2ec947e383e4c,414a130b9822d37521def5ca988b19532f74e3a3eadfe0eada712aa6463b63cf,a9d5ffa5e13716f19a659facec84bbb0c655038aa38e0c2fef86595334f69023,332ae114a76ac46a7d3480c20e4e121a600cdceb208b3609478f2bbcda77310e
doc00_Hadamard_r02_gpu2,1073016,Hadamard,wikitext2raw-test-000,0,2,20260922,2,GPU-7d6246ed-c3d1-75bc-c2c7-d02eb2882cca,0.014639002699991615,128,1024,fixed_teacher_forced_horizon_128,0,b52b5e16f4a8fdeed01dda4ef8bfbe8417be69d5d84c7bd307e2ec947e383e4c,414a130b9822d37521def5ca988b19532f74e3a3eadfe0eada712aa6463b63cf,a9d5ffa5e13716f19a659facec84bbb0c655038aa38e0c2fef86595334f69023,332ae114a76ac46a7d3480c20e4e121a600cdceb208b3609478f2bbcda77310e
doc00_Hadamard_r03_gpu2,1074856,Hadamard,wikitext2raw-test-000,0,3,20260922,2,GPU-7d6246ed-c3d1-75bc-c2c7-d02eb2882cca,0.014639002699991615,128,1024,fixed_teacher_forced_horizon_128,0,b52b5e16f4a8fdeed01dda4ef8bfbe8417be69d5d84c7bd307e2ec947e383e4c,414a130b9822d37521def5ca988b19532f74e3a3eadfe0eada712aa6463b63cf,a9d5ffa5e13716f19a659facec84bbb0c655038aa38e0c2fef86595334f69023,332ae114a76ac46a7d3480c20e4e121a600cdceb208b3609478f2bbcda77310e
doc00_Hadamard_r04_gpu2,1076311,Hadamard,wikitext2raw-test-000,0,4,20260922,2,GPU-7d6246ed-c3d1-75bc-c2c7-d02eb2882cca,0.014639002699991615,128,1024,fixed_teacher_forced_horizon_128,0,b52b5e16f4a8fdeed01dda4ef8bfbe8417be69d5d84c7bd307e2ec947e383e4c,414a130b9822d37521def5ca988b19532f74e3a3eadfe0eada712aa6463b63cf,a9d5ffa5e13716f19a659facec84bbb0c655038aa38e0c2fef86595334f69023,332ae114a76ac46a7d3480c20e4e121a600cdceb208b3609478f2bbcda77310e
doc00_Native_INT8_r00_gpu2,1058366,Native_INT8,wikitext2raw-test-000,0,0,20260922,2,GPU-7d6246ed-c3d1-75bc-c2c7-d02eb2882cca,0.017744829676775847,128,1024,fixed_teacher_forced_horizon_128,0,6a83ca796ccb17db0e23114d4424068ed74d162fa7e7ecd93a055a53aefcadee,414a130b9822d37521def5ca988b19532f74e3a3eadfe0eada712aa6463b63cf,a9d5ffa5e13716f19a659facec84bbb0c655038aa38e0c2fef86595334f69023,332ae114a76ac46a7d3480c20e4e121a600cdceb208b3609478f2bbcda77310e
doc00_Native_INT8_r01_gpu2,1061216,Native_INT8,wikitext2raw-test-000,0,1,20260922,2,GPU-7d6246ed-c3d1-75bc-c2c7-d02eb2882cca,0.017744829676775847,128,1024,fixed_teacher_forced_horizon_128,0,6a83ca796ccb17db0e23114d4424068ed74d162fa7e7ecd93a055a53aefcadee,414a130b9822d37521def5ca988b19532f74e3a3eadfe0eada712aa6463b63cf,a9d5ffa5e13716f19a659facec84bbb0c655038aa38e0c2fef86595334f69023,332ae114a76ac46a7d3480c20e4e121a600cdceb208b3609478f2bbcda77310e
doc00_Native_INT8_r02_gpu2,1063130,Native_INT8,wikitext2raw-test-000,0,2,20260922,2,GPU-7d6246ed-c3d1-75bc-c2c7-d02eb2882cca,0.017744829676775847,128,1024,fixed_teacher_forced_horizon_128,0,6a83ca796ccb17db0e23114d4424068ed74d162fa7e7ecd93a055a53aefcadee,414a130b9822d37521def5ca988b19532f74e3a3eadfe0eada712aa6463b63cf,a9d5ffa5e13716f19a659facec84bbb0c655038aa38e0c2fef86595334f69023,332ae114a76ac46a7d3480c20e4e121a600cdceb208b3609478f2bbcda77310e
doc00_Native_INT8_r03_gpu2,1064793,Native_INT8,wikitext2raw-test-000,0,3,20260922,2,GPU-7d6246ed-c3d1-75bc-c2c7-d02eb2882cca,0.017744829676775847,128,1024,fixed_teacher_forced_horizon_128,0,6a83ca796ccb17db0e23114d4424068ed74d162fa7e7ecd93a055a53aefcadee,414a130b9822d37521def5ca988b19532f74e3a3eadfe0eada712aa6463b63cf,a9d5ffa5e13716f19a659facec84bbb0c655038aa38e0c2fef86595334f69023,332ae114a76ac46a7d3480c20e4e121a600cdceb208b3609478f2bbcda77310e
doc00_Native_INT8_r04_gpu2,1066857,Native_INT8,wikitext2raw-test-000,0,4,20260922,2,GPU-7d6246ed-c3d1-75bc-c2c7-d02eb2882cca,0.017744829676775847,128,1024,fixed_teacher_forced_horizon_128,0,6a83ca796ccb17db0e23114d4424068ed74d162fa7e7ecd93a055a53aefcadee,414a130b9822d37521def5ca988b19532f74e3a3eadfe0eada712aa6463b63cf,a9d5ffa5e13716f19a659facec84bbb0c655038aa38e0c2fef86595334f69023,332ae114a76ac46a7d3480c20e4e121a600cdceb208b3609478f2bbcda77310e
doc08_Dense_Functional_r00_gpu3,1114820,Dense_Functional,wikitext2raw-test-008,8,0,20260922,3,GPU-759526ed-efb2-e7f6-881c-ab098e0b05ae,0.007058263885260131,128,1024,fixed_teacher_forced_horizon_128,0,34d30dafea8586665f65f08f6af3862b9fd77292e404045180dfb75a847a69ff,414a130b9822d37521def5ca988b19532f74e3a3eadfe0eada712aa6463b63cf,a9d5ffa5e13716f19a659facec84bbb0c655038aa38e0c2fef86595334f69023,332ae114a76ac46a7d3480c20e4e121a600cdceb208b3609478f2bbcda77310e
doc08_Dense_Functional_r01_gpu3,1118639,Dense_Functional,wikitext2raw-test-008,8,1,20260922,3,GPU-759526ed-efb2-e7f6-881c-ab098e0b05ae,0.007058263885260131,128,1024,fixed_teacher_forced_horizon_128,0,34d30dafea8586665f65f08f6af3862b9fd77292e404045180dfb75a847a69ff,414a130b9822d37521def5ca988b19532f74e3a3eadfe0eada712aa6463b63cf,a9d5ffa5e13716f19a659facec84bbb0c655038aa38e0c2fef86595334f69023,332ae114a76ac46a7d3480c20e4e121a600cdceb208b3609478f2bbcda77310e
doc08_Dense_Functional_r02_gpu3,1121525,Dense_Functional,wikitext2raw-test-008,8,2,20260922,3,GPU-759526ed-efb2-e7f6-881c-ab098e0b05ae,0.007058263885260131,128,1024,fixed_teacher_forced_horizon_128,0,34d30dafea8586665f65f08f6af3862b9fd77292e404045180dfb75a847a69ff,414a130b9822d37521def5ca988b19532f74e3a3eadfe0eada712aa6463b63cf,a9d5ffa5e13716f19a659facec84bbb0c655038aa38e0c2fef86595334f69023,332ae114a76ac46a7d3480c20e4e121a600cdceb208b3609478f2bbcda77310e
doc08_Dense_Functional_r03_gpu3,1124822,Dense_Functional,wikitext2raw-test-008,8,3,20260922,3,GPU-759526ed-efb2-e7f6-881c-ab098e0b05ae,0.007058263885260131,128,1024,fixed_teacher_forced_horizon_128,0,34d30dafea8586665f65f08f6af3862b9fd77292e404045180dfb75a847a69ff,414a130b9822d37521def5ca988b19532f74e3a3eadfe0eada712aa6463b63cf,a9d5ffa5e13716f19a659facec84bbb0c655038aa38e0c2fef86595334f69023,332ae114a76ac46a7d3480c20e4e121a600cdceb208b3609478f2bbcda77310e
doc08_Dense_Functional_r04_gpu3,1127837,Dense_Functional,wikitext2raw-test-008,8,4,20260922,3,GPU-759526ed-efb2-e7f6-881c-ab098e0b05ae,0.007058263885260131,128,1024,fixed_teacher_forced_horizon_128,0,34d30dafea8586665f65f08f6af3862b9fd77292e404045180dfb75a847a69ff,414a130b9822d37521def5ca988b19532f74e3a3eadfe0eada712aa6463b63cf,a9d5ffa5e13716f19a659facec84bbb0c655038aa38e0c2fef86595334f69023,332ae114a76ac46a7d3480c20e4e121a600cdceb208b3609478f2bbcda77310e
doc08_Dense_State_r00_gpu3,1079020,Dense_State,wikitext2raw-test-008,8,0,20260922,3,GPU-759526ed-efb2-e7f6-881c-ab098e0b05ae,0.00120582049435295,128,1024,fixed_teacher_forced_horizon_128,0,21fbe5640db9033669237b96edc0f85e88a7fa4cc9a7bbb65ed3367a8b183ffc,414a130b9822d37521def5ca988b19532f74e3a3eadfe0eada712aa6463b63cf,a9d5ffa5e13716f19a659facec84bbb0c655038aa38e0c2fef86595334f69023,332ae114a76ac46a7d3480c20e4e121a600cdceb208b3609478f2bbcda77310e
doc08_Dense_State_r01_gpu3,1080683,Dense_State,wikitext2raw-test-008,8,1,20260922,3,GPU-759526ed-efb2-e7f6-881c-ab098e0b05ae,0.00120582049435295,128,1024,fixed_teacher_forced_horizon_128,0,21fbe5640db9033669237b96edc0f85e88a7fa4cc9a7bbb65ed3367a8b183ffc,414a130b9822d37521def5ca988b19532f74e3a3eadfe0eada712aa6463b63cf,a9d5ffa5e13716f19a659facec84bbb0c655038aa38e0c2fef86595334f69023,332ae114a76ac46a7d3480c20e4e121a600cdceb208b3609478f2bbcda77310e
doc08_Dense_State_r02_gpu3,1082526,Dense_State,wikitext2raw-test-008,8,2,20260922,3,GPU-759526ed-efb2-e7f6-881c-ab098e0b05ae,0.00120582049435295,128,1024,fixed_teacher_forced_horizon_128,0,21fbe5640db9033669237b96edc0f85e88a7fa4cc9a7bbb65ed3367a8b183ffc,414a130b9822d37521def5ca988b19532f74e3a3eadfe0eada712aa6463b63cf,a9d5ffa5e13716f19a659facec84bbb0c655038aa38e0c2fef86595334f69023,332ae114a76ac46a7d3480c20e4e121a600cdceb208b3609478f2bbcda77310e
doc08_Dense_State_r03_gpu3,1083997,Dense_State,wikitext2raw-test-008,8,3,20260922,3,GPU-759526ed-efb2-e7f6-881c-ab098e0b05ae,0.00120582049435295,128,1024,fixed_teacher_forced_horizon_128,0,21fbe5640db9033669237b96edc0f85e88a7fa4cc9a7bbb65ed3367a8b183ffc,414a130b9822d37521def5ca988b19532f74e3a3eadfe0eada712aa6463b63cf,a9d5ffa5e13716f19a659facec84bbb0c655038aa38e0c2fef86595334f69023,332ae114a76ac46a7d3480c20e4e121a600cdceb208b3609478f2bbcda77310e
doc08_Dense_State_r04_gpu3,1110745,Dense_State,wikitext2raw-test-008,8,4,20260922,3,GPU-759526ed-efb2-e7f6-881c-ab098e0b05ae,0.00120582049435295,128,1024,fixed_teacher_forced_horizon_128,0,21fbe5640db9033669237b96edc0f85e88a7fa4cc9a7bbb65ed3367a8b183ffc,414a130b9822d37521def5ca988b19532f74e3a3eadfe0eada712aa6463b63cf,a9d5ffa5e13716f19a659facec84bbb0c655038aa38e0c2fef86595334f69023,332ae114a76ac46a7d3480c20e4e121a600cdceb208b3609478f2bbcda77310e
doc08_Hadamard_r00_gpu3,1068413,Hadamard,wikitext2raw-test-008,8,0,20260922,3,GPU-759526ed-efb2-e7f6-881c-ab098e0b05ae,0.0036563292071954364,128,1024,fixed_teacher_forced_horizon_128,0,c3984b229974063a8f8891ef8718b5b66c8a0226b560dbd06e3c9900883705c5,414a130b9822d37521def5ca988b19532f74e3a3eadfe0eada712aa6463b63cf,a9d5ffa5e13716f19a659facec84bbb0c655038aa38e0c2fef86595334f69023,332ae114a76ac46a7d3480c20e4e121a600cdceb208b3609478f2bbcda77310e
doc08_Hadamard_r01_gpu3,1070695,Hadamard,wikitext2raw-test-008,8,1,20260922,3,GPU-759526ed-efb2-e7f6-881c-ab098e0b05ae,0.0036563292071954364,128,1024,fixed_teacher_forced_horizon_128,0,c3984b229974063a8f8891ef8718b5b66c8a0226b560dbd06e3c9900883705c5,414a130b9822d37521def5ca988b19532f74e3a3eadfe0eada712aa6463b63cf,a9d5ffa5e13716f19a659facec84bbb0c655038aa38e0c2fef86595334f69023,332ae114a76ac46a7d3480c20e4e121a600cdceb208b3609478f2bbcda77310e
doc08_Hadamard_r02_gpu3,1072588,Hadamard,wikitext2raw-test-008,8,2,20260922,3,GPU-759526ed-efb2-e7f6-881c-ab098e0b05ae,0.0036563292071954364,128,1024,fixed_teacher_forced_horizon_128,0,c3984b229974063a8f8891ef8718b5b66c8a0226b560dbd06e3c9900883705c5,414a130b9822d37521def5ca988b19532f74e3a3eadfe0eada712aa6463b63cf,a9d5ffa5e13716f19a659facec84bbb0c655038aa38e0c2fef86595334f69023,332ae114a76ac46a7d3480c20e4e121a600cdceb208b3609478f2bbcda77310e
doc08_Hadamard_r03_gpu3,1074485,Hadamard,wikitext2raw-test-008,8,3,20260922,3,GPU-759526ed-efb2-e7f6-881c-ab098e0b05ae,0.0036563292071954364,128,1024,fixed_teacher_forced_horizon_128,0,c3984b229974063a8f8891ef8718b5b66c8a0226b560dbd06e3c9900883705c5,414a130b9822d37521def5ca988b19532f74e3a3eadfe0eada712aa6463b63cf,a9d5ffa5e13716f19a659facec84bbb0c655038aa38e0c2fef86595334f69023,332ae114a76ac46a7d3480c20e4e121a600cdceb208b3609478f2bbcda77310e
doc08_Hadamard_r04_gpu3,1075981,Hadamard,wikitext2raw-test-008,8,4,20260922,3,GPU-759526ed-efb2-e7f6-881c-ab098e0b05ae,0.0036563292071954364,128,1024,fixed_teacher_forced_horizon_128,0,c3984b229974063a8f8891ef8718b5b66c8a0226b560dbd06e3c9900883705c5,414a130b9822d37521def5ca988b19532f74e3a3eadfe0eada712aa6463b63cf,a9d5ffa5e13716f19a659facec84bbb0c655038aa38e0c2fef86595334f69023,332ae114a76ac46a7d3480c20e4e121a600cdceb208b3609478f2bbcda77310e
doc08_Native_INT8_r00_gpu3,1058367,Native_INT8,wikitext2raw-test-008,8,0,20260922,3,GPU-759526ed-efb2-e7f6-881c-ab098e0b05ae,0.006136700385589502,128,1024,fixed_teacher_forced_horizon_128,0,0e371a5ef373e3d203ecd6d26f119e68e0e11ff0574b8615f7f6601319cbda26,414a130b9822d37521def5ca988b19532f74e3a3eadfe0eada712aa6463b63cf,a9d5ffa5e13716f19a659facec84bbb0c655038aa38e0c2fef86595334f69023,332ae114a76ac46a7d3480c20e4e121a600cdceb208b3609478f2bbcda77310e
doc08_Native_INT8_r01_gpu3,1061140,Native_INT8,wikitext2raw-test-008,8,1,20260922,3,GPU-759526ed-efb2-e7f6-881c-ab098e0b05ae,0.006136700385589502,128,1024,fixed_teacher_forced_horizon_128,0,0e371a5ef373e3d203ecd6d26f119e68e0e11ff0574b8615f7f6601319cbda26,414a130b9822d37521def5ca988b19532f74e3a3eadfe0eada712aa6463b63cf,a9d5ffa5e13716f19a659facec84bbb0c655038aa38e0c2fef86595334f69023,332ae114a76ac46a7d3480c20e4e121a600cdceb208b3609478f2bbcda77310e
doc08_Native_INT8_r02_gpu3,1062713,Native_INT8,wikitext2raw-test-008,8,2,20260922,3,GPU-759526ed-efb2-e7f6-881c-ab098e0b05ae,0.006136700385589502,128,1024,fixed_teacher_forced_horizon_128,0,0e371a5ef373e3d203ecd6d26f119e68e0e11ff0574b8615f7f6601319cbda26,414a130b9822d37521def5ca988b19532f74e3a3eadfe0eada712aa6463b63cf,a9d5ffa5e13716f19a659facec84bbb0c655038aa38e0c2fef86595334f69023,332ae114a76ac46a7d3480c20e4e121a600cdceb208b3609478f2bbcda77310e
doc08_Native_INT8_r03_gpu3,1064501,Native_INT8,wikitext2raw-test-008,8,3,20260922,3,GPU-759526ed-efb2-e7f6-881c-ab098e0b05ae,0.006136700385589502,128,1024,fixed_teacher_forced_horizon_128,0,0e371a5ef373e3d203ecd6d26f119e68e0e11ff0574b8615f7f6601319cbda26,414a130b9822d37521def5ca988b19532f74e3a3eadfe0eada712aa6463b63cf,a9d5ffa5e13716f19a659facec84bbb0c655038aa38e0c2fef86595334f69023,332ae114a76ac46a7d3480c20e4e121a600cdceb208b3609478f2bbcda77310e
doc08_Native_INT8_r04_gpu3,1066407,Native_INT8,wikitext2raw-test-008,8,4,20260922,3,GPU-759526ed-efb2-e7f6-881c-ab098e0b05ae,0.006136700385589502,128,1024,fixed_teacher_forced_horizon_128,0,0e371a5ef373e3d203ecd6d26f119e68e0e11ff0574b8615f7f6601319cbda26,414a130b9822d37521def5ca988b19532f74e3a3eadfe0eada712aa6463b63cf,a9d5ffa5e13716f19a659facec84bbb0c655038aa38e0c2fef86595334f69023,332ae114a76ac46a7d3480c20e4e121a600cdceb208b3609478f2bbcda77310e
doc09_Dense_Functional_r00_gpu3,1159493,Dense_Functional,wikitext2raw-test-009,9,0,20260922,3,GPU-759526ed-efb2-e7f6-881c-ab098e0b05ae,0.009555575743709228,128,1024,fixed_teacher_forced_horizon_128,0,cddf41c3debc99786d37ee1972ccdec43ccdd1090f1805e74e7a8851d403e509,414a130b9822d37521def5ca988b19532f74e3a3eadfe0eada712aa6463b63cf,a9d5ffa5e13716f19a659facec84bbb0c655038aa38e0c2fef86595334f69023,332ae114a76ac46a7d3480c20e4e121a600cdceb208b3609478f2bbcda77310e
doc09_Dense_Functional_r01_gpu3,1160453,Dense_Functional,wikitext2raw-test-009,9,1,20260922,3,GPU-759526ed-efb2-e7f6-881c-ab098e0b05ae,0.009555575743709228,128,1024,fixed_teacher_forced_horizon_128,0,cddf41c3debc99786d37ee1972ccdec43ccdd1090f1805e74e7a8851d403e509,414a130b9822d37521def5ca988b19532f74e3a3eadfe0eada712aa6463b63cf,a9d5ffa5e13716f19a659facec84bbb0c655038aa38e0c2fef86595334f69023,332ae114a76ac46a7d3480c20e4e121a600cdceb208b3609478f2bbcda77310e
doc09_Dense_Functional_r02_gpu3,1161402,Dense_Functional,wikitext2raw-test-009,9,2,20260922,3,GPU-759526ed-efb2-e7f6-881c-ab098e0b05ae,0.009555575743709228,128,1024,fixed_teacher_forced_horizon_128,0,cddf41c3debc99786d37ee1972ccdec43ccdd1090f1805e74e7a8851d403e509,414a130b9822d37521def5ca988b19532f74e3a3eadfe0eada712aa6463b63cf,a9d5ffa5e13716f19a659facec84bbb0c655038aa38e0c2fef86595334f69023,332ae114a76ac46a7d3480c20e4e121a600cdceb208b3609478f2bbcda77310e
doc09_Dense_Functional_r03_gpu3,1162468,Dense_Functional,wikitext2raw-test-009,9,3,20260922,3,GPU-759526ed-efb2-e7f6-881c-ab098e0b05ae,0.009555575743709228,128,1024,fixed_teacher_forced_horizon_128,0,cddf41c3debc99786d37ee1972ccdec43ccdd1090f1805e74e7a8851d403e509,414a130b9822d37521def5ca988b19532f74e3a3eadfe0eada712aa6463b63cf,a9d5ffa5e13716f19a659facec84bbb0c655038aa38e0c2fef86595334f69023,332ae114a76ac46a7d3480c20e4e121a600cdceb208b3609478f2bbcda77310e
doc09_Dense_Functional_r04_gpu3,1165782,Dense_Functional,wikitext2raw-test-009,9,4,20260922,3,GPU-759526ed-efb2-e7f6-881c-ab098e0b05ae,0.009555575743709228,128,1024,fixed_teacher_forced_horizon_128,0,cddf41c3debc99786d37ee1972ccdec43ccdd1090f1805e74e7a8851d403e509,414a130b9822d37521def5ca988b19532f74e3a3eadfe0eada712aa6463b63cf,a9d5ffa5e13716f19a659facec84bbb0c655038aa38e0c2fef86595334f69023,332ae114a76ac46a7d3480c20e4e121a600cdceb208b3609478f2bbcda77310e
doc09_Dense_State_r00_gpu3,1154415,Dense_State,wikitext2raw-test-009,9,0,20260922,3,GPU-759526ed-efb2-e7f6-881c-ab098e0b05ae,0.010905860304419764,128,1024,fixed_teacher_forced_horizon_128,0,7b24ae467b4e049dc08a3da6f8b456ad248f1aeb0373cb728e39c9afec1f6348,414a130b9822d37521def5ca988b19532f74e3a3eadfe0eada712aa6463b63cf,a9d5ffa5e13716f19a659facec84bbb0c655038aa38e0c2fef86595334f69023,332ae114a76ac46a7d3480c20e4e121a600cdceb208b3609478f2bbcda77310e
doc09_Dense_State_r01_gpu3,1155688,Dense_State,wikitext2raw-test-009,9,1,20260922,3,GPU-759526ed-efb2-e7f6-881c-ab098e0b05ae,0.010905860304419764,128,1024,fixed_teacher_forced_horizon_128,0,7b24ae467b4e049dc08a3da6f8b456ad248f1aeb0373cb728e39c9afec1f6348,414a130b9822d37521def5ca988b19532f74e3a3eadfe0eada712aa6463b63cf,a9d5ffa5e13716f19a659facec84bbb0c655038aa38e0c2fef86595334f69023,332ae114a76ac46a7d3480c20e4e121a600cdceb208b3609478f2bbcda77310e
doc09_Dense_State_r02_gpu3,1156704,Dense_State,wikitext2raw-test-009,9,2,20260922,3,GPU-759526ed-efb2-e7f6-881c-ab098e0b05ae,0.010905860304419764,128,1024,fixed_teacher_forced_horizon_128,0,7b24ae467b4e049dc08a3da6f8b456ad248f1aeb0373cb728e39c9afec1f6348,414a130b9822d37521def5ca988b19532f74e3a3eadfe0eada712aa6463b63cf,a9d5ffa5e13716f19a659facec84bbb0c655038aa38e0c2fef86595334f69023,332ae114a76ac46a7d3480c20e4e121a600cdceb208b3609478f2bbcda77310e
doc09_Dense_State_r03_gpu3,1157639,Dense_State,wikitext2raw-test-009,9,3,20260922,3,GPU-759526ed-efb2-e7f6-881c-ab098e0b05ae,0.010905860304419764,128,1024,fixed_teacher_forced_horizon_128,0,7b24ae467b4e049dc08a3da6f8b456ad248f1aeb0373cb728e39c9afec1f6348,414a130b9822d37521def5ca988b19532f74e3a3eadfe0eada712aa6463b63cf,a9d5ffa5e13716f19a659facec84bbb0c655038aa38e0c2fef86595334f69023,332ae114a76ac46a7d3480c20e4e121a600cdceb208b3609478f2bbcda77310e
doc09_Dense_State_r04_gpu3,1158577,Dense_State,wikitext2raw-test-009,9,4,20260922,3,GPU-759526ed-efb2-e7f6-881c-ab098e0b05ae,0.010905860304419764,128,1024,fixed_teacher_forced_horizon_128,0,7b24ae467b4e049dc08a3da6f8b456ad248f1aeb0373cb728e39c9afec1f6348,414a130b9822d37521def5ca988b19532f74e3a3eadfe0eada712aa6463b63cf,a9d5ffa5e13716f19a659facec84bbb0c655038aa38e0c2fef86595334f69023,332ae114a76ac46a7d3480c20e4e121a600cdceb208b3609478f2bbcda77310e
doc09_Hadamard_r00_gpu3,1145058,Hadamard,wikitext2raw-test-009,9,0,20260922,3,GPU-759526ed-efb2-e7f6-881c-ab098e0b05ae,0.005436885092293181,128,1024,fixed_teacher_forced_horizon_128,0,8e26a00b2ee9140a2b958d8a4c3d085bb27330a1611afa080e3a1bf780025448,414a130b9822d37521def5ca988b19532f74e3a3eadfe0eada712aa6463b63cf,a9d5ffa5e13716f19a659facec84bbb0c655038aa38e0c2fef86595334f69023,332ae114a76ac46a7d3480c20e4e121a600cdceb208b3609478f2bbcda77310e
doc09_Hadamard_r01_gpu3,1147504,Hadamard,wikitext2raw-test-009,9,1,20260922,3,GPU-759526ed-efb2-e7f6-881c-ab098e0b05ae,0.005436885092293181,128,1024,fixed_teacher_forced_horizon_128,0,8e26a00b2ee9140a2b958d8a4c3d085bb27330a1611afa080e3a1bf780025448,414a130b9822d37521def5ca988b19532f74e3a3eadfe0eada712aa6463b63cf,a9d5ffa5e13716f19a659facec84bbb0c655038aa38e0c2fef86595334f69023,332ae114a76ac46a7d3480c20e4e121a600cdceb208b3609478f2bbcda77310e
doc09_Hadamard_r02_gpu3,1149818,Hadamard,wikitext2raw-test-009,9,2,20260922,3,GPU-759526ed-efb2-e7f6-881c-ab098e0b05ae,0.005436885092293181,128,1024,fixed_teacher_forced_horizon_128,0,8e26a00b2ee9140a2b958d8a4c3d085bb27330a1611afa080e3a1bf780025448,414a130b9822d37521def5ca988b19532f74e3a3eadfe0eada712aa6463b63cf,a9d5ffa5e13716f19a659facec84bbb0c655038aa38e0c2fef86595334f69023,332ae114a76ac46a7d3480c20e4e121a600cdceb208b3609478f2bbcda77310e
doc09_Hadamard_r03_gpu3,1151874,Hadamard,wikitext2raw-test-009,9,3,20260922,3,GPU-759526ed-efb2-e7f6-881c-ab098e0b05ae,0.005436885092293181,128,1024,fixed_teacher_forced_horizon_128,0,8e26a00b2ee9140a2b958d8a4c3d085bb27330a1611afa080e3a1bf780025448,414a130b9822d37521def5ca988b19532f74e3a3eadfe0eada712aa6463b63cf,a9d5ffa5e13716f19a659facec84bbb0c655038aa38e0c2fef86595334f69023,332ae114a76ac46a7d3480c20e4e121a600cdceb208b3609478f2bbcda77310e
doc09_Hadamard_r04_gpu3,1153104,Hadamard,wikitext2raw-test-009,9,4,20260922,3,GPU-759526ed-efb2-e7f6-881c-ab098e0b05ae,0.005436885092293181,128,1024,fixed_teacher_forced_horizon_128,0,8e26a00b2ee9140a2b958d8a4c3d085bb27330a1611afa080e3a1bf780025448,414a130b9822d37521def5ca988b19532f74e3a3eadfe0eada712aa6463b63cf,a9d5ffa5e13716f19a659facec84bbb0c655038aa38e0c2fef86595334f69023,332ae114a76ac46a7d3480c20e4e121a600cdceb208b3609478f2bbcda77310e
doc09_Native_INT8_r00_gpu3,1130303,Native_INT8,wikitext2raw-test-009,9,0,20260922,3,GPU-759526ed-efb2-e7f6-881c-ab098e0b05ae,0.012886315683876305,128,1024,fixed_teacher_forced_horizon_128,0,c93969c8df7c93405ceb8d78512159fc788448a7f2d9b3a450dbd075d39e608c,414a130b9822d37521def5ca988b19532f74e3a3eadfe0eada712aa6463b63cf,a9d5ffa5e13716f19a659facec84bbb0c655038aa38e0c2fef86595334f69023,332ae114a76ac46a7d3480c20e4e121a600cdceb208b3609478f2bbcda77310e
doc09_Native_INT8_r01_gpu3,1133085,Native_INT8,wikitext2raw-test-009,9,1,20260922,3,GPU-759526ed-efb2-e7f6-881c-ab098e0b05ae,0.012886315683876305,128,1024,fixed_teacher_forced_horizon_128,0,c93969c8df7c93405ceb8d78512159fc788448a7f2d9b3a450dbd075d39e608c,414a130b9822d37521def5ca988b19532f74e3a3eadfe0eada712aa6463b63cf,a9d5ffa5e13716f19a659facec84bbb0c655038aa38e0c2fef86595334f69023,332ae114a76ac46a7d3480c20e4e121a600cdceb208b3609478f2bbcda77310e
doc09_Native_INT8_r02_gpu3,1135829,Native_INT8,wikitext2raw-test-009,9,2,20260922,3,GPU-759526ed-efb2-e7f6-881c-ab098e0b05ae,0.012886315683876305,128,1024,fixed_teacher_forced_horizon_128,0,c93969c8df7c93405ceb8d78512159fc788448a7f2d9b3a450dbd075d39e608c,414a130b9822d37521def5ca988b19532f74e3a3eadfe0eada712aa6463b63cf,a9d5ffa5e13716f19a659facec84bbb0c655038aa38e0c2fef86595334f69023,332ae114a76ac46a7d3480c20e4e121a600cdceb208b3609478f2bbcda77310e
doc09_Native_INT8_r03_gpu3,1139959,Native_INT8,wikitext2raw-test-009,9,3,20260922,3,GPU-759526ed-efb2-e7f6-881c-ab098e0b05ae,0.012886315683876305,128,1024,fixed_teacher_forced_horizon_128,0,c93969c8df7c93405ceb8d78512159fc788448a7f2d9b3a450dbd075d39e608c,414a130b9822d37521def5ca988b19532f74e3a3eadfe0eada712aa6463b63cf,a9d5ffa5e13716f19a659facec84bbb0c655038aa38e0c2fef86595334f69023,332ae114a76ac46a7d3480c20e4e121a600cdceb208b3609478f2bbcda77310e
doc09_Native_INT8_r04_gpu3,1142503,Native_INT8,wikitext2raw-test-009,9,4,20260922,3,GPU-759526ed-efb2-e7f6-881c-ab098e0b05ae,0.012886315683876305,128,1024,fixed_teacher_forced_horizon_128,0,c93969c8df7c93405ceb8d78512159fc788448a7f2d9b3a450dbd075d39e608c,414a130b9822d37521def5ca988b19532f74e3a3eadfe0eada712aa6463b63cf,a9d5ffa5e13716f19a659facec84bbb0c655038aa38e0c2fef86595334f69023,332ae114a76ac46a7d3480c20e4e121a600cdceb208b3609478f2bbcda77310e
doc10_Dense_Functional_r00_gpu3,1188176,Dense_Functional,wikitext2raw-test-010,10,0,20260922,3,GPU-759526ed-efb2-e7f6-881c-ab098e0b05ae,0.018337129162419148,128,1024,fixed_teacher_forced_horizon_128,0,f4b8eae96ec9ebeab1e0a0e3ef5ff9cff1888023b2e8e5b368046b541999a293,414a130b9822d37521def5ca988b19532f74e3a3eadfe0eada712aa6463b63cf,a9d5ffa5e13716f19a659facec84bbb0c655038aa38e0c2fef86595334f69023,332ae114a76ac46a7d3480c20e4e121a600cdceb208b3609478f2bbcda77310e
doc10_Dense_Functional_r01_gpu3,1191694,Dense_Functional,wikitext2raw-test-010,10,1,20260922,3,GPU-759526ed-efb2-e7f6-881c-ab098e0b05ae,0.018337129162419148,128,1024,fixed_teacher_forced_horizon_128,0,f4b8eae96ec9ebeab1e0a0e3ef5ff9cff1888023b2e8e5b368046b541999a293,414a130b9822d37521def5ca988b19532f74e3a3eadfe0eada712aa6463b63cf,a9d5ffa5e13716f19a659facec84bbb0c655038aa38e0c2fef86595334f69023,332ae114a76ac46a7d3480c20e4e121a600cdceb208b3609478f2bbcda77310e
doc10_Dense_Functional_r02_gpu3,1200914,Dense_Functional,wikitext2raw-test-010,10,2,20260922,3,GPU-759526ed-efb2-e7f6-881c-ab098e0b05ae,0.018337129162419148,128,1024,fixed_teacher_forced_horizon_128,0,f4b8eae96ec9ebeab1e0a0e3ef5ff9cff1888023b2e8e5b368046b541999a293,414a130b9822d37521def5ca988b19532f74e3a3eadfe0eada712aa6463b63cf,a9d5ffa5e13716f19a659facec84bbb0c655038aa38e0c2fef86595334f69023,332ae114a76ac46a7d3480c20e4e121a600cdceb208b3609478f2bbcda77310e
doc10_Dense_Functional_r03_gpu3,1204593,Dense_Functional,wikitext2raw-test-010,10,3,20260922,3,GPU-759526ed-efb2-e7f6-881c-ab098e0b05ae,0.018337129162419148,128,1024,fixed_teacher_forced_horizon_128,0,f4b8eae96ec9ebeab1e0a0e3ef5ff9cff1888023b2e8e5b368046b541999a293,414a130b9822d37521def5ca988b19532f74e3a3eadfe0eada712aa6463b63cf,a9d5ffa5e13716f19a659facec84bbb0c655038aa38e0c2fef86595334f69023,332ae114a76ac46a7d3480c20e4e121a600cdceb208b3609478f2bbcda77310e
doc10_Dense_Functional_r04_gpu3,1206722,Dense_Functional,wikitext2raw-test-010,10,4,20260922,3,GPU-759526ed-efb2-e7f6-881c-ab098e0b05ae,0.018337129162419148,128,1024,fixed_teacher_forced_horizon_128,0,f4b8eae96ec9ebeab1e0a0e3ef5ff9cff1888023b2e8e5b368046b541999a293,414a130b9822d37521def5ca988b19532f74e3a3eadfe0eada712aa6463b63cf,a9d5ffa5e13716f19a659facec84bbb0c655038aa38e0c2fef86595334f69023,332ae114a76ac46a7d3480c20e4e121a600cdceb208b3609478f2bbcda77310e
doc10_Dense_State_r00_gpu3,1180120,Dense_State,wikitext2raw-test-010,10,0,20260922,3,GPU-759526ed-efb2-e7f6-881c-ab098e0b05ae,0.029704064526778505,128,1024,fixed_teacher_forced_horizon_128,0,a9a7d925954e9511592bad12b9aa6b8f790a25a1f5b39f0b1e47e1a9e2852a9e,414a130b9822d37521def5ca988b19532f74e3a3eadfe0eada712aa6463b63cf,a9d5ffa5e13716f19a659facec84bbb0c655038aa38e0c2fef86595334f69023,332ae114a76ac46a7d3480c20e4e121a600cdceb208b3609478f2bbcda77310e
doc10_Dense_State_r01_gpu3,1181491,Dense_State,wikitext2raw-test-010,10,1,20260922,3,GPU-759526ed-efb2-e7f6-881c-ab098e0b05ae,0.029704064526778505,128,1024,fixed_teacher_forced_horizon_128,0,a9a7d925954e9511592bad12b9aa6b8f790a25a1f5b39f0b1e47e1a9e2852a9e,414a130b9822d37521def5ca988b19532f74e3a3eadfe0eada712aa6463b63cf,a9d5ffa5e13716f19a659facec84bbb0c655038aa38e0c2fef86595334f69023,332ae114a76ac46a7d3480c20e4e121a600cdceb208b3609478f2bbcda77310e
doc10_Dense_State_r02_gpu3,1182573,Dense_State,wikitext2raw-test-010,10,2,20260922,3,GPU-759526ed-efb2-e7f6-881c-ab098e0b05ae,0.029704064526778505,128,1024,fixed_teacher_forced_horizon_128,0,a9a7d925954e9511592bad12b9aa6b8f790a25a1f5b39f0b1e47e1a9e2852a9e,414a130b9822d37521def5ca988b19532f74e3a3eadfe0eada712aa6463b63cf,a9d5ffa5e13716f19a659facec84bbb0c655038aa38e0c2fef86595334f69023,332ae114a76ac46a7d3480c20e4e121a600cdceb208b3609478f2bbcda77310e
doc10_Dense_State_r03_gpu3,1184410,Dense_State,wikitext2raw-test-010,10,3,20260922,3,GPU-759526ed-efb2-e7f6-881c-ab098e0b05ae,0.029704064526778505,128,1024,fixed_teacher_forced_horizon_128,0,a9a7d925954e9511592bad12b9aa6b8f790a25a1f5b39f0b1e47e1a9e2852a9e,414a130b9822d37521def5ca988b19532f74e3a3eadfe0eada712aa6463b63cf,a9d5ffa5e13716f19a659facec84bbb0c655038aa38e0c2fef86595334f69023,332ae114a76ac46a7d3480c20e4e121a600cdceb208b3609478f2bbcda77310e
doc10_Dense_State_r04_gpu3,1185978,Dense_State,wikitext2raw-test-010,10,4,20260922,3,GPU-759526ed-efb2-e7f6-881c-ab098e0b05ae,0.029704064526778505,128,1024,fixed_teacher_forced_horizon_128,0,a9a7d925954e9511592bad12b9aa6b8f790a25a1f5b39f0b1e47e1a9e2852a9e,414a130b9822d37521def5ca988b19532f74e3a3eadfe0eada712aa6463b63cf,a9d5ffa5e13716f19a659facec84bbb0c655038aa38e0c2fef86595334f69023,332ae114a76ac46a7d3480c20e4e121a600cdceb208b3609478f2bbcda77310e
doc10_Hadamard_r00_gpu3,1173209,Hadamard,wikitext2raw-test-010,10,0,20260922,3,GPU-759526ed-efb2-e7f6-881c-ab098e0b05ae,0.013182252180747922,128,1024,fixed_teacher_forced_horizon_128,0,f5594c99c76190547288f34c48fe2a449d8bfc7b367dec7bf87b6cef9d90f2b0,414a130b9822d37521def5ca988b19532f74e3a3eadfe0eada712aa6463b63cf,a9d5ffa5e13716f19a659facec84bbb0c655038aa38e0c2fef86595334f69023,332ae114a76ac46a7d3480c20e4e121a600cdceb208b3609478f2bbcda77310e
doc10_Hadamard_r01_gpu3,1174481,Hadamard,wikitext2raw-test-010,10,1,20260922,3,GPU-759526ed-efb2-e7f6-881c-ab098e0b05ae,0.013182252180747922,128,1024,fixed_teacher_forced_horizon_128,0,f5594c99c76190547288f34c48fe2a449d8bfc7b367dec7bf87b6cef9d90f2b0,414a130b9822d37521def5ca988b19532f74e3a3eadfe0eada712aa6463b63cf,a9d5ffa5e13716f19a659facec84bbb0c655038aa38e0c2fef86595334f69023,332ae114a76ac46a7d3480c20e4e121a600cdceb208b3609478f2bbcda77310e
doc10_Hadamard_r02_gpu3,1176007,Hadamard,wikitext2raw-test-010,10,2,20260922,3,GPU-759526ed-efb2-e7f6-881c-ab098e0b05ae,0.013182252180747922,128,1024,fixed_teacher_forced_horizon_128,0,f5594c99c76190547288f34c48fe2a449d8bfc7b367dec7bf87b6cef9d90f2b0,414a130b9822d37521def5ca988b19532f74e3a3eadfe0eada712aa6463b63cf,a9d5ffa5e13716f19a659facec84bbb0c655038aa38e0c2fef86595334f69023,332ae114a76ac46a7d3480c20e4e121a600cdceb208b3609478f2bbcda77310e
doc10_Hadamard_r03_gpu3,1177207,Hadamard,wikitext2raw-test-010,10,3,20260922,3,GPU-759526ed-efb2-e7f6-881c-ab098e0b05ae,0.013182252180747922,128,1024,fixed_teacher_forced_horizon_128,0,f5594c99c76190547288f34c48fe2a449d8bfc7b367dec7bf87b6cef9d90f2b0,414a130b9822d37521def5ca988b19532f74e3a3eadfe0eada712aa6463b63cf,a9d5ffa5e13716f19a659facec84bbb0c655038aa38e0c2fef86595334f69023,332ae114a76ac46a7d3480c20e4e121a600cdceb208b3609478f2bbcda77310e
doc10_Hadamard_r04_gpu3,1178516,Hadamard,wikitext2raw-test-010,10,4,20260922,3,GPU-759526ed-efb2-e7f6-881c-ab098e0b05ae,0.013182252180747922,128,1024,fixed_teacher_forced_horizon_128,0,f5594c99c76190547288f34c48fe2a449d8bfc7b367dec7bf87b6cef9d90f2b0,414a130b9822d37521def5ca988b19532f74e3a3eadfe0eada712aa6463b63cf,a9d5ffa5e13716f19a659facec84bbb0c655038aa38e0c2fef86595334f69023,332ae114a76ac46a7d3480c20e4e121a600cdceb208b3609478f2bbcda77310e
doc10_Native_INT8_r00_gpu3,1166918,Native_INT8,wikitext2raw-test-010,10,0,20260922,3,GPU-759526ed-efb2-e7f6-881c-ab098e0b05ae,0.023690194899846955,128,1024,fixed_teacher_forced_horizon_128,0,fd2f47aefe6825bd956bc831922a54ffba19fd23d103b9c5eeb62650cd457a04,414a130b9822d37521def5ca988b19532f74e3a3eadfe0eada712aa6463b63cf,a9d5ffa5e13716f19a659facec84bbb0c655038aa38e0c2fef86595334f69023,332ae114a76ac46a7d3480c20e4e121a600cdceb208b3609478f2bbcda77310e
doc10_Native_INT8_r01_gpu3,1168045,Native_INT8,wikitext2raw-test-010,10,1,20260922,3,GPU-759526ed-efb2-e7f6-881c-ab098e0b05ae,0.023690194899846955,128,1024,fixed_teacher_forced_horizon_128,0,fd2f47aefe6825bd956bc831922a54ffba19fd23d103b9c5eeb62650cd457a04,414a130b9822d37521def5ca988b19532f74e3a3eadfe0eada712aa6463b63cf,a9d5ffa5e13716f19a659facec84bbb0c655038aa38e0c2fef86595334f69023,332ae114a76ac46a7d3480c20e4e121a600cdceb208b3609478f2bbcda77310e
doc10_Native_INT8_r02_gpu3,1169129,Native_INT8,wikitext2raw-test-010,10,2,20260922,3,GPU-759526ed-efb2-e7f6-881c-ab098e0b05ae,0.023690194899846955,128,1024,fixed_teacher_forced_horizon_128,0,fd2f47aefe6825bd956bc831922a54ffba19fd23d103b9c5eeb62650cd457a04,414a130b9822d37521def5ca988b19532f74e3a3eadfe0eada712aa6463b63cf,a9d5ffa5e13716f19a659facec84bbb0c655038aa38e0c2fef86595334f69023,332ae114a76ac46a7d3480c20e4e121a600cdceb208b3609478f2bbcda77310e
doc10_Native_INT8_r03_gpu3,1170197,Native_INT8,wikitext2raw-test-010,10,3,20260922,3,GPU-759526ed-efb2-e7f6-881c-ab098e0b05ae,0.023690194899846955,128,1024,fixed_teacher_forced_horizon_128,0,fd2f47aefe6825bd956bc831922a54ffba19fd23d103b9c5eeb62650cd457a04,414a130b9822d37521def5ca988b19532f74e3a3eadfe0eada712aa6463b63cf,a9d5ffa5e13716f19a659facec84bbb0c655038aa38e0c2fef86595334f69023,332ae114a76ac46a7d3480c20e4e121a600cdceb208b3609478f2bbcda77310e
doc10_Native_INT8_r04_gpu3,1171453,Native_INT8,wikitext2raw-test-010,10,4,20260922,3,GPU-759526ed-efb2-e7f6-881c-ab098e0b05ae,0.023690194899846955,128,1024,fixed_teacher_forced_horizon_128,0,fd2f47aefe6825bd956bc831922a54ffba19fd23d103b9c5eeb62650cd457a04,414a130b9822d37521def5ca988b19532f74e3a3eadfe0eada712aa6463b63cf,a9d5ffa5e13716f19a659facec84bbb0c655038aa38e0c2fef86595334f69023,332ae114a76ac46a7d3480c20e4e121a600cdceb208b3609478f2bbcda77310e
doc11_Dense_Functional_r00_gpu3,1256472,Dense_Functional,wikitext2raw-test-011,11,0,20260922,3,GPU-759526ed-efb2-e7f6-881c-ab098e0b05ae,0.014918972718608236,128,1024,fixed_teacher_forced_horizon_128,0,5de2d756a38c0ba470f93a3d75d0755bcfc7a04440a74a204b4d9774ee0575c4,414a130b9822d37521def5ca988b19532f74e3a3eadfe0eada712aa6463b63cf,a9d5ffa5e13716f19a659facec84bbb0c655038aa38e0c2fef86595334f69023,332ae114a76ac46a7d3480c20e4e121a600cdceb208b3609478f2bbcda77310e
doc11_Dense_Functional_r01_gpu3,1259195,Dense_Functional,wikitext2raw-test-011,11,1,20260922,3,GPU-759526ed-efb2-e7f6-881c-ab098e0b05ae,0.014918972718608236,128,1024,fixed_teacher_forced_horizon_128,0,5de2d756a38c0ba470f93a3d75d0755bcfc7a04440a74a204b4d9774ee0575c4,414a130b9822d37521def5ca988b19532f74e3a3eadfe0eada712aa6463b63cf,a9d5ffa5e13716f19a659facec84bbb0c655038aa38e0c2fef86595334f69023,332ae114a76ac46a7d3480c20e4e121a600cdceb208b3609478f2bbcda77310e
doc11_Dense_Functional_r02_gpu3,1263752,Dense_Functional,wikitext2raw-test-011,11,2,20260922,3,GPU-759526ed-efb2-e7f6-881c-ab098e0b05ae,0.014918972718608236,128,1024,fixed_teacher_forced_horizon_128,0,5de2d756a38c0ba470f93a3d75d0755bcfc7a04440a74a204b4d9774ee0575c4,414a130b9822d37521def5ca988b19532f74e3a3eadfe0eada712aa6463b63cf,a9d5ffa5e13716f19a659facec84bbb0c655038aa38e0c2fef86595334f69023,332ae114a76ac46a7d3480c20e4e121a600cdceb208b3609478f2bbcda77310e
doc11_Dense_Functional_r03_gpu3,1275209,Dense_Functional,wikitext2raw-test-011,11,3,20260922,3,GPU-759526ed-efb2-e7f6-881c-ab098e0b05ae,0.014918972718608236,128,1024,fixed_teacher_forced_horizon_128,0,5de2d756a38c0ba470f93a3d75d0755bcfc7a04440a74a204b4d9774ee0575c4,414a130b9822d37521def5ca988b19532f74e3a3eadfe0eada712aa6463b63cf,a9d5ffa5e13716f19a659facec84bbb0c655038aa38e0c2fef86595334f69023,332ae114a76ac46a7d3480c20e4e121a600cdceb208b3609478f2bbcda77310e
doc11_Dense_Functional_r04_gpu3,1282129,Dense_Functional,wikitext2raw-test-011,11,4,20260922,3,GPU-759526ed-efb2-e7f6-881c-ab098e0b05ae,0.014918972718608236,128,1024,fixed_teacher_forced_horizon_128,0,5de2d756a38c0ba470f93a3d75d0755bcfc7a04440a74a204b4d9774ee0575c4,414a130b9822d37521def5ca988b19532f74e3a3eadfe0eada712aa6463b63cf,a9d5ffa5e13716f19a659facec84bbb0c655038aa38e0c2fef86595334f69023,332ae114a76ac46a7d3480c20e4e121a600cdceb208b3609478f2bbcda77310e
doc11_Dense_State_r00_gpu3,1235259,Dense_State,wikitext2raw-test-011,11,0,20260922,3,GPU-759526ed-efb2-e7f6-881c-ab098e0b05ae,0.008065702074654693,128,1024,fixed_teacher_forced_horizon_128,0,2a6d80168c03166dd211e5c47c988a7b570081c724da857970b2f27530bfaa33,414a130b9822d37521def5ca988b19532f74e3a3eadfe0eada712aa6463b63cf,a9d5ffa5e13716f19a659facec84bbb0c655038aa38e0c2fef86595334f69023,332ae114a76ac46a7d3480c20e4e121a600cdceb208b3609478f2bbcda77310e
doc11_Dense_State_r01_gpu3,1238511,Dense_State,wikitext2raw-test-011,11,1,20260922,3,GPU-759526ed-efb2-e7f6-881c-ab098e0b05ae,0.008065702074654693,128,1024,fixed_teacher_forced_horizon_128,0,2a6d80168c03166dd211e5c47c988a7b570081c724da857970b2f27530bfaa33,414a130b9822d37521def5ca988b19532f74e3a3eadfe0eada712aa6463b63cf,a9d5ffa5e13716f19a659facec84bbb0c655038aa38e0c2fef86595334f69023,332ae114a76ac46a7d3480c20e4e121a600cdceb208b3609478f2bbcda77310e
doc11_Dense_State_r02_gpu3,1244314,Dense_State,wikitext2raw-test-011,11,2,20260922,3,GPU-759526ed-efb2-e7f6-881c-ab098e0b05ae,0.008065702074654693,128,1024,fixed_teacher_forced_horizon_128,0,2a6d80168c03166dd211e5c47c988a7b570081c724da857970b2f27530bfaa33,414a130b9822d37521def5ca988b19532f74e3a3eadfe0eada712aa6463b63cf,a9d5ffa5e13716f19a659facec84bbb0c655038aa38e0c2fef86595334f69023,332ae114a76ac46a7d3480c20e4e121a600cdceb208b3609478f2bbcda77310e
doc11_Dense_State_r03_gpu3,1248169,Dense_State,wikitext2raw-test-011,11,3,20260922,3,GPU-759526ed-efb2-e7f6-881c-ab098e0b05ae,0.008065702074654693,128,1024,fixed_teacher_forced_horizon_128,0,2a6d80168c03166dd211e5c47c988a7b570081c724da857970b2f27530bfaa33,414a130b9822d37521def5ca988b19532f74e3a3eadfe0eada712aa6463b63cf,a9d5ffa5e13716f19a659facec84bbb0c655038aa38e0c2fef86595334f69023,332ae114a76ac46a7d3480c20e4e121a600cdceb208b3609478f2bbcda77310e
doc11_Dense_State_r04_gpu3,1251909,Dense_State,wikitext2raw-test-011,11,4,20260922,3,GPU-759526ed-efb2-e7f6-881c-ab098e0b05ae,0.008065702074654693,128,1024,fixed_teacher_forced_horizon_128,0,2a6d80168c03166dd211e5c47c988a7b570081c724da857970b2f27530bfaa33,414a130b9822d37521def5ca988b19532f74e3a3eadfe0eada712aa6463b63cf,a9d5ffa5e13716f19a659facec84bbb0c655038aa38e0c2fef86595334f69023,332ae114a76ac46a7d3480c20e4e121a600cdceb208b3609478f2bbcda77310e
doc11_Hadamard_r00_gpu3,1220886,Hadamard,wikitext2raw-test-011,11,0,20260922,3,GPU-759526ed-efb2-e7f6-881c-ab098e0b05ae,0.00602528500653928,128,1024,fixed_teacher_forced_horizon_128,0,0c3847c0fa349a278189f8cdfdd209191db69600400f78106a34a37b1366cd50,414a130b9822d37521def5ca988b19532f74e3a3eadfe0eada712aa6463b63cf,a9d5ffa5e13716f19a659facec84bbb0c655038aa38e0c2fef86595334f69023,332ae114a76ac46a7d3480c20e4e121a600cdceb208b3609478f2bbcda77310e
doc11_Hadamard_r01_gpu3,1223642,Hadamard,wikitext2raw-test-011,11,1,20260922,3,GPU-759526ed-efb2-e7f6-881c-ab098e0b05ae,0.00602528500653928,128,1024,fixed_teacher_forced_horizon_128,0,0c3847c0fa349a278189f8cdfdd209191db69600400f78106a34a37b1366cd50,414a130b9822d37521def5ca988b19532f74e3a3eadfe0eada712aa6463b63cf,a9d5ffa5e13716f19a659facec84bbb0c655038aa38e0c2fef86595334f69023,332ae114a76ac46a7d3480c20e4e121a600cdceb208b3609478f2bbcda77310e
doc11_Hadamard_r02_gpu3,1226157,Hadamard,wikitext2raw-test-011,11,2,20260922,3,GPU-759526ed-efb2-e7f6-881c-ab098e0b05ae,0.00602528500653928,128,1024,fixed_teacher_forced_horizon_128,0,0c3847c0fa349a278189f8cdfdd209191db69600400f78106a34a37b1366cd50,414a130b9822d37521def5ca988b19532f74e3a3eadfe0eada712aa6463b63cf,a9d5ffa5e13716f19a659facec84bbb0c655038aa38e0c2fef86595334f69023,332ae114a76ac46a7d3480c20e4e121a600cdceb208b3609478f2bbcda77310e
doc11_Hadamard_r03_gpu3,1228587,Hadamard,wikitext2raw-test-011,11,3,20260922,3,GPU-759526ed-efb2-e7f6-881c-ab098e0b05ae,0.00602528500653928,128,1024,fixed_teacher_forced_horizon_128,0,0c3847c0fa349a278189f8cdfdd209191db69600400f78106a34a37b1366cd50,414a130b9822d37521def5ca988b19532f74e3a3eadfe0eada712aa6463b63cf,a9d5ffa5e13716f19a659facec84bbb0c655038aa38e0c2fef86595334f69023,332ae114a76ac46a7d3480c20e4e121a600cdceb208b3609478f2bbcda77310e
doc11_Hadamard_r04_gpu3,1231179,Hadamard,wikitext2raw-test-011,11,4,20260922,3,GPU-759526ed-efb2-e7f6-881c-ab098e0b05ae,0.00602528500653928,128,1024,fixed_teacher_forced_horizon_128,0,0c3847c0fa349a278189f8cdfdd209191db69600400f78106a34a37b1366cd50,414a130b9822d37521def5ca988b19532f74e3a3eadfe0eada712aa6463b63cf,a9d5ffa5e13716f19a659facec84bbb0c655038aa38e0c2fef86595334f69023,332ae114a76ac46a7d3480c20e4e121a600cdceb208b3609478f2bbcda77310e
doc11_Native_INT8_r00_gpu3,1209468,Native_INT8,wikitext2raw-test-011,11,0,20260922,3,GPU-759526ed-efb2-e7f6-881c-ab098e0b05ae,0.015355429412197487,128,1024,fixed_teacher_forced_horizon_128,0,4cd35d556d4b686715af0779480f681231dd040c6dc23ac5a4105d17a3e2e10d,414a130b9822d37521def5ca988b19532f74e3a3eadfe0eada712aa6463b63cf,a9d5ffa5e13716f19a659facec84bbb0c655038aa38e0c2fef86595334f69023,332ae114a76ac46a7d3480c20e4e121a600cdceb208b3609478f2bbcda77310e
doc11_Native_INT8_r01_gpu3,1212935,Native_INT8,wikitext2raw-test-011,11,1,20260922,3,GPU-759526ed-efb2-e7f6-881c-ab098e0b05ae,0.015355429412197487,128,1024,fixed_teacher_forced_horizon_128,0,4cd35d556d4b686715af0779480f681231dd040c6dc23ac5a4105d17a3e2e10d,414a130b9822d37521def5ca988b19532f74e3a3eadfe0eada712aa6463b63cf,a9d5ffa5e13716f19a659facec84bbb0c655038aa38e0c2fef86595334f69023,332ae114a76ac46a7d3480c20e4e121a600cdceb208b3609478f2bbcda77310e
doc11_Native_INT8_r02_gpu3,1215029,Native_INT8,wikitext2raw-test-011,11,2,20260922,3,GPU-759526ed-efb2-e7f6-881c-ab098e0b05ae,0.015355429412197487,128,1024,fixed_teacher_forced_horizon_128,0,4cd35d556d4b686715af0779480f681231dd040c6dc23ac5a4105d17a3e2e10d,414a130b9822d37521def5ca988b19532f74e3a3eadfe0eada712aa6463b63cf,a9d5ffa5e13716f19a659facec84bbb0c655038aa38e0c2fef86595334f69023,332ae114a76ac46a7d3480c20e4e121a600cdceb208b3609478f2bbcda77310e
doc11_Native_INT8_r03_gpu3,1217085,Native_INT8,wikitext2raw-test-011,11,3,20260922,3,GPU-759526ed-efb2-e7f6-881c-ab098e0b05ae,0.015355429412197487,128,1024,fixed_teacher_forced_horizon_128,0,4cd35d556d4b686715af0779480f681231dd040c6dc23ac5a4105d17a3e2e10d,414a130b9822d37521def5ca988b19532f74e3a3eadfe0eada712aa6463b63cf,a9d5ffa5e13716f19a659facec84bbb0c655038aa38e0c2fef86595334f69023,332ae114a76ac46a7d3480c20e4e121a600cdceb208b3609478f2bbcda77310e
doc11_Native_INT8_r04_gpu3,1218812,Native_INT8,wikitext2raw-test-011,11,4,20260922,3,GPU-759526ed-efb2-e7f6-881c-ab098e0b05ae,0.015355429412197487,128,1024,fixed_teacher_forced_horizon_128,0,4cd35d556d4b686715af0779480f681231dd040c6dc23ac5a4105d17a3e2e10d,414a130b9822d37521def5ca988b19532f74e3a3eadfe0eada712aa6463b63cf,a9d5ffa5e13716f19a659facec84bbb0c655038aa38e0c2fef86595334f69023,332ae114a76ac46a7d3480c20e4e121a600cdceb208b3609478f2bbcda77310e
doc12_Dense_Functional_r00_gpu3,1350252,Dense_Functional,wikitext2raw-test-012,12,0,20260922,3,GPU-759526ed-efb2-e7f6-881c-ab098e0b05ae,0.005181339064656068,128,1024,fixed_teacher_forced_horizon_128,0,c8caebc9b7a9540ba674d2ad829b1ba5b939c2fa6d2f26d8604cc74a690f342f,414a130b9822d37521def5ca988b19532f74e3a3eadfe0eada712aa6463b63cf,a9d5ffa5e13716f19a659facec84bbb0c655038aa38e0c2fef86595334f69023,332ae114a76ac46a7d3480c20e4e121a600cdceb208b3609478f2bbcda77310e
doc12_Dense_Functional_r01_gpu3,1351739,Dense_Functional,wikitext2raw-test-012,12,1,20260922,3,GPU-759526ed-efb2-e7f6-881c-ab098e0b05ae,0.005181339064656068,128,1024,fixed_teacher_forced_horizon_128,0,c8caebc9b7a9540ba674d2ad829b1ba5b939c2fa6d2f26d8604cc74a690f342f,414a130b9822d37521def5ca988b19532f74e3a3eadfe0eada712aa6463b63cf,a9d5ffa5e13716f19a659facec84bbb0c655038aa38e0c2fef86595334f69023,332ae114a76ac46a7d3480c20e4e121a600cdceb208b3609478f2bbcda77310e
doc12_Dense_Functional_r02_gpu3,1353304,Dense_Functional,wikitext2raw-test-012,12,2,20260922,3,GPU-759526ed-efb2-e7f6-881c-ab098e0b05ae,0.005181339064656068,128,1024,fixed_teacher_forced_horizon_128,0,c8caebc9b7a9540ba674d2ad829b1ba5b939c2fa6d2f26d8604cc74a690f342f,414a130b9822d37521def5ca988b19532f74e3a3eadfe0eada712aa6463b63cf,a9d5ffa5e13716f19a659facec84bbb0c655038aa38e0c2fef86595334f69023,332ae114a76ac46a7d3480c20e4e121a600cdceb208b3609478f2bbcda77310e
doc12_Dense_Functional_r03_gpu3,1355086,Dense_Functional,wikitext2raw-test-012,12,3,20260922,3,GPU-759526ed-efb2-e7f6-881c-ab098e0b05ae,0.005181339064656068,128,1024,fixed_teacher_forced_horizon_128,0,c8caebc9b7a9540ba674d2ad829b1ba5b939c2fa6d2f26d8604cc74a690f342f,414a130b9822d37521def5ca988b19532f74e3a3eadfe0eada712aa6463b63cf,a9d5ffa5e13716f19a659facec84bbb0c655038aa38e0c2fef86595334f69023,332ae114a76ac46a7d3480c20e4e121a600cdceb208b3609478f2bbcda77310e
doc12_Dense_Functional_r04_gpu3,1357020,Dense_Functional,wikitext2raw-test-012,12,4,20260922,3,GPU-759526ed-efb2-e7f6-881c-ab098e0b05ae,0.005181339064656068,128,1024,fixed_teacher_forced_horizon_128,0,c8caebc9b7a9540ba674d2ad829b1ba5b939c2fa6d2f26d8604cc74a690f342f,414a130b9822d37521def5ca988b19532f74e3a3eadfe0eada712aa6463b63cf,a9d5ffa5e13716f19a659facec84bbb0c655038aa38e0c2fef86595334f69023,332ae114a76ac46a7d3480c20e4e121a600cdceb208b3609478f2bbcda77310e
doc12_Dense_State_r00_gpu3,1342738,Dense_State,wikitext2raw-test-012,12,0,20260922,3,GPU-759526ed-efb2-e7f6-881c-ab098e0b05ae,0.007547186305343108,128,1024,fixed_teacher_forced_horizon_128,0,75922506beb65066bb697df53b5c53de68806375614b4cc021c0278228800edb,414a130b9822d37521def5ca988b19532f74e3a3eadfe0eada712aa6463b63cf,a9d5ffa5e13716f19a659facec84bbb0c655038aa38e0c2fef86595334f69023,332ae114a76ac46a7d3480c20e4e121a600cdceb208b3609478f2bbcda77310e
doc12_Dense_State_r01_gpu3,1344630,Dense_State,wikitext2raw-test-012,12,1,20260922,3,GPU-759526ed-efb2-e7f6-881c-ab098e0b05ae,0.007547186305343108,128,1024,fixed_teacher_forced_horizon_128,0,75922506beb65066bb697df53b5c53de68806375614b4cc021c0278228800edb,414a130b9822d37521def5ca988b19532f74e3a3eadfe0eada712aa6463b63cf,a9d5ffa5e13716f19a659facec84bbb0c655038aa38e0c2fef86595334f69023,332ae114a76ac46a7d3480c20e4e121a600cdceb208b3609478f2bbcda77310e
doc12_Dense_State_r02_gpu3,1345926,Dense_State,wikitext2raw-test-012,12,2,20260922,3,GPU-759526ed-efb2-e7f6-881c-ab098e0b05ae,0.007547186305343108,128,1024,fixed_teacher_forced_horizon_128,0,75922506beb65066bb697df53b5c53de68806375614b4cc021c0278228800edb,414a130b9822d37521def5ca988b19532f74e3a3eadfe0eada712aa6463b63cf,a9d5ffa5e13716f19a659facec84bbb0c655038aa38e0c2fef86595334f69023,332ae114a76ac46a7d3480c20e4e121a600cdceb208b3609478f2bbcda77310e
doc12_Dense_State_r03_gpu3,1347487,Dense_State,wikitext2raw-test-012,12,3,20260922,3,GPU-759526ed-efb2-e7f6-881c-ab098e0b05ae,0.007547186305343108,128,1024,fixed_teacher_forced_horizon_128,0,75922506beb65066bb697df53b5c53de68806375614b4cc021c0278228800edb,414a130b9822d37521def5ca988b19532f74e3a3eadfe0eada712aa6463b63cf,a9d5ffa5e13716f19a659facec84bbb0c655038aa38e0c2fef86595334f69023,332ae114a76ac46a7d3480c20e4e121a600cdceb208b3609478f2bbcda77310e
doc12_Dense_State_r04_gpu3,1348776,Dense_State,wikitext2raw-test-012,12,4,20260922,3,GPU-759526ed-efb2-e7f6-881c-ab098e0b05ae,0.007547186305343108,128,1024,fixed_teacher_forced_horizon_128,0,75922506beb65066bb697df53b5c53de68806375614b4cc021c0278228800edb,414a130b9822d37521def5ca988b19532f74e3a3eadfe0eada712aa6463b63cf,a9d5ffa5e13716f19a659facec84bbb0c655038aa38e0c2fef86595334f69023,332ae114a76ac46a7d3480c20e4e121a600cdceb208b3609478f2bbcda77310e
doc12_Hadamard_r00_gpu3,1316366,Hadamard,wikitext2raw-test-012,12,0,20260922,3,GPU-759526ed-efb2-e7f6-881c-ab098e0b05ae,0.0067540981334622205,128,1024,fixed_teacher_forced_horizon_128,0,88ae8211bb475354f01336726a759af5cf46e833ebf45b880634b1056204af95,414a130b9822d37521def5ca988b19532f74e3a3eadfe0eada712aa6463b63cf,a9d5ffa5e13716f19a659facec84bbb0c655038aa38e0c2fef86595334f69023,332ae114a76ac46a7d3480c20e4e121a600cdceb208b3609478f2bbcda77310e
doc12_Hadamard_r01_gpu3,1324847,Hadamard,wikitext2raw-test-012,12,1,20260922,3,GPU-759526ed-efb2-e7f6-881c-ab098e0b05ae,0.0067540981334622205,128,1024,fixed_teacher_forced_horizon_128,0,88ae8211bb475354f01336726a759af5cf46e833ebf45b880634b1056204af95,414a130b9822d37521def5ca988b19532f74e3a3eadfe0eada712aa6463b63cf,a9d5ffa5e13716f19a659facec84bbb0c655038aa38e0c2fef86595334f69023,332ae114a76ac46a7d3480c20e4e121a600cdceb208b3609478f2bbcda77310e
doc12_Hadamard_r02_gpu3,1330750,Hadamard,wikitext2raw-test-012,12,2,20260922,3,GPU-759526ed-efb2-e7f6-881c-ab098e0b05ae,0.0067540981334622205,128,1024,fixed_teacher_forced_horizon_128,0,88ae8211bb475354f01336726a759af5cf46e833ebf45b880634b1056204af95,414a130b9822d37521def5ca988b19532f74e3a3eadfe0eada712aa6463b63cf,a9d5ffa5e13716f19a659facec84bbb0c655038aa38e0c2fef86595334f69023,332ae114a76ac46a7d3480c20e4e121a600cdceb208b3609478f2bbcda77310e
doc12_Hadamard_r03_gpu3,1336444,Hadamard,wikitext2raw-test-012,12,3,20260922,3,GPU-759526ed-efb2-e7f6-881c-ab098e0b05ae,0.0067540981334622205,128,1024,fixed_teacher_forced_horizon_128,0,88ae8211bb475354f01336726a759af5cf46e833ebf45b880634b1056204af95,414a130b9822d37521def5ca988b19532f74e3a3eadfe0eada712aa6463b63cf,a9d5ffa5e13716f19a659facec84bbb0c655038aa38e0c2fef86595334f69023,332ae114a76ac46a7d3480c20e4e121a600cdceb208b3609478f2bbcda77310e
doc12_Hadamard_r04_gpu3,1340780,Hadamard,wikitext2raw-test-012,12,4,20260922,3,GPU-759526ed-efb2-e7f6-881c-ab098e0b05ae,0.0067540981334622205,128,1024,fixed_teacher_forced_horizon_128,0,88ae8211bb475354f01336726a759af5cf46e833ebf45b880634b1056204af95,414a130b9822d37521def5ca988b19532f74e3a3eadfe0eada712aa6463b63cf,a9d5ffa5e13716f19a659facec84bbb0c655038aa38e0c2fef86595334f69023,332ae114a76ac46a7d3480c20e4e121a600cdceb208b3609478f2bbcda77310e
doc12_Native_INT8_r00_gpu3,1288554,Native_INT8,wikitext2raw-test-012,12,0,20260922,3,GPU-759526ed-efb2-e7f6-881c-ab098e0b05ae,0.006652646297994565,128,1024,fixed_teacher_forced_horizon_128,0,bc994e43826ddf093ceab4fc372cbbfd4ba27a090bf82f174b6ebbc30caf5872,414a130b9822d37521def5ca988b19532f74e3a3eadfe0eada712aa6463b63cf,a9d5ffa5e13716f19a659facec84bbb0c655038aa38e0c2fef86595334f69023,332ae114a76ac46a7d3480c20e4e121a600cdceb208b3609478f2bbcda77310e
doc12_Native_INT8_r01_gpu3,1294132,Native_INT8,wikitext2raw-test-012,12,1,20260922,3,GPU-759526ed-efb2-e7f6-881c-ab098e0b05ae,0.006652646297994565,128,1024,fixed_teacher_forced_horizon_128,0,bc994e43826ddf093ceab4fc372cbbfd4ba27a090bf82f174b6ebbc30caf5872,414a130b9822d37521def5ca988b19532f74e3a3eadfe0eada712aa6463b63cf,a9d5ffa5e13716f19a659facec84bbb0c655038aa38e0c2fef86595334f69023,332ae114a76ac46a7d3480c20e4e121a600cdceb208b3609478f2bbcda77310e
doc12_Native_INT8_r02_gpu3,1298603,Native_INT8,wikitext2raw-test-012,12,2,20260922,3,GPU-759526ed-efb2-e7f6-881c-ab098e0b05ae,0.006652646297994565,128,1024,fixed_teacher_forced_horizon_128,0,bc994e43826ddf093ceab4fc372cbbfd4ba27a090bf82f174b6ebbc30caf5872,414a130b9822d37521def5ca988b19532f74e3a3eadfe0eada712aa6463b63cf,a9d5ffa5e13716f19a659facec84bbb0c655038aa38e0c2fef86595334f69023,332ae114a76ac46a7d3480c20e4e121a600cdceb208b3609478f2bbcda77310e
doc12_Native_INT8_r03_gpu3,1302706,Native_INT8,wikitext2raw-test-012,12,3,20260922,3,GPU-759526ed-efb2-e7f6-881c-ab098e0b05ae,0.006652646297994565,128,1024,fixed_teacher_forced_horizon_128,0,bc994e43826ddf093ceab4fc372cbbfd4ba27a090bf82f174b6ebbc30caf5872,414a130b9822d37521def5ca988b19532f74e3a3eadfe0eada712aa6463b63cf,a9d5ffa5e13716f19a659facec84bbb0c655038aa38e0c2fef86595334f69023,332ae114a76ac46a7d3480c20e4e121a600cdceb208b3609478f2bbcda77310e
doc12_Native_INT8_r04_gpu3,1308740,Native_INT8,wikitext2raw-test-012,12,4,20260922,3,GPU-759526ed-efb2-e7f6-881c-ab098e0b05ae,0.006652646297994565,128,1024,fixed_teacher_forced_horizon_128,0,bc994e43826ddf093ceab4fc372cbbfd4ba27a090bf82f174b6ebbc30caf5872,414a130b9822d37521def5ca988b19532f74e3a3eadfe0eada712aa6463b63cf,a9d5ffa5e13716f19a659facec84bbb0c655038aa38e0c2fef86595334f69023,332ae114a76ac46a7d3480c20e4e121a600cdceb208b3609478f2bbcda77310e
doc13_Dense_Functional_r00_gpu3,1383486,Dense_Functional,wikitext2raw-test-013,13,0,20260922,3,GPU-759526ed-efb2-e7f6-881c-ab098e0b05ae,0.008468552115240398,128,1024,fixed_teacher_forced_horizon_128,0,140bb845cbf7216ce0c1b4966a3c1e8b56a26347382351b748ead34c2cc29c10,414a130b9822d37521def5ca988b19532f74e3a3eadfe0eada712aa6463b63cf,a9d5ffa5e13716f19a659facec84bbb0c655038aa38e0c2fef86595334f69023,332ae114a76ac46a7d3480c20e4e121a600cdceb208b3609478f2bbcda77310e
doc13_Dense_Functional_r01_gpu3,1384921,Dense_Functional,wikitext2raw-test-013,13,1,20260922,3,GPU-759526ed-efb2-e7f6-881c-ab098e0b05ae,0.008468552115240398,128,1024,fixed_teacher_forced_horizon_128,0,140bb845cbf7216ce0c1b4966a3c1e8b56a26347382351b748ead34c2cc29c10,414a130b9822d37521def5ca988b19532f74e3a3eadfe0eada712aa6463b63cf,a9d5ffa5e13716f19a659facec84bbb0c655038aa38e0c2fef86595334f69023,332ae114a76ac46a7d3480c20e4e121a600cdceb208b3609478f2bbcda77310e
doc13_Dense_Functional_r02_gpu3,1386264,Dense_Functional,wikitext2raw-test-013,13,2,20260922,3,GPU-759526ed-efb2-e7f6-881c-ab098e0b05ae,0.008468552115240398,128,1024,fixed_teacher_forced_horizon_128,0,140bb845cbf7216ce0c1b4966a3c1e8b56a26347382351b748ead34c2cc29c10,414a130b9822d37521def5ca988b19532f74e3a3eadfe0eada712aa6463b63cf,a9d5ffa5e13716f19a659facec84bbb0c655038aa38e0c2fef86595334f69023,332ae114a76ac46a7d3480c20e4e121a600cdceb208b3609478f2bbcda77310e
doc13_Dense_Functional_r03_gpu3,1387620,Dense_Functional,wikitext2raw-test-013,13,3,20260922,3,GPU-759526ed-efb2-e7f6-881c-ab098e0b05ae,0.008468552115240398,128,1024,fixed_teacher_forced_horizon_128,0,140bb845cbf7216ce0c1b4966a3c1e8b56a26347382351b748ead34c2cc29c10,414a130b9822d37521def5ca988b19532f74e3a3eadfe0eada712aa6463b63cf,a9d5ffa5e13716f19a659facec84bbb0c655038aa38e0c2fef86595334f69023,332ae114a76ac46a7d3480c20e4e121a600cdceb208b3609478f2bbcda77310e
doc13_Dense_Functional_r04_gpu3,1388925,Dense_Functional,wikitext2raw-test-013,13,4,20260922,3,GPU-759526ed-efb2-e7f6-881c-ab098e0b05ae,0.008468552115240398,128,1024,fixed_teacher_forced_horizon_128,0,140bb845cbf7216ce0c1b4966a3c1e8b56a26347382351b748ead34c2cc29c10,414a130b9822d37521def5ca988b19532f74e3a3eadfe0eada712aa6463b63cf,a9d5ffa5e13716f19a659facec84bbb0c655038aa38e0c2fef86595334f69023,332ae114a76ac46a7d3480c20e4e121a600cdceb208b3609478f2bbcda77310e
doc13_Dense_State_r00_gpu3,1376320,Dense_State,wikitext2raw-test-013,13,0,20260922,3,GPU-759526ed-efb2-e7f6-881c-ab098e0b05ae,0.00584731860720877,128,1024,fixed_teacher_forced_horizon_128,0,bb97f667b8a0b647b29705e0f51be30646534c41c8d0691952a35a380ccb3ce4,414a130b9822d37521def5ca988b19532f74e3a3eadfe0eada712aa6463b63cf,a9d5ffa5e13716f19a659facec84bbb0c655038aa38e0c2fef86595334f69023,332ae114a76ac46a7d3480c20e4e121a600cdceb208b3609478f2bbcda77310e
doc13_Dense_State_r01_gpu3,1377614,Dense_State,wikitext2raw-test-013,13,1,20260922,3,GPU-759526ed-efb2-e7f6-881c-ab098e0b05ae,0.00584731860720877,128,1024,fixed_teacher_forced_horizon_128,0,bb97f667b8a0b647b29705e0f51be30646534c41c8d0691952a35a380ccb3ce4,414a130b9822d37521def5ca988b19532f74e3a3eadfe0eada712aa6463b63cf,a9d5ffa5e13716f19a659facec84bbb0c655038aa38e0c2fef86595334f69023,332ae114a76ac46a7d3480c20e4e121a600cdceb208b3609478f2bbcda77310e
doc13_Dense_State_r02_gpu3,1379042,Dense_State,wikitext2raw-test-013,13,2,20260922,3,GPU-759526ed-efb2-e7f6-881c-ab098e0b05ae,0.00584731860720877,128,1024,fixed_teacher_forced_horizon_128,0,bb97f667b8a0b647b29705e0f51be30646534c41c8d0691952a35a380ccb3ce4,414a130b9822d37521def5ca988b19532f74e3a3eadfe0eada712aa6463b63cf,a9d5ffa5e13716f19a659facec84bbb0c655038aa38e0c2fef86595334f69023,332ae114a76ac46a7d3480c20e4e121a600cdceb208b3609478f2bbcda77310e
doc13_Dense_State_r03_gpu3,1380605,Dense_State,wikitext2raw-test-013,13,3,20260922,3,GPU-759526ed-efb2-e7f6-881c-ab098e0b05ae,0.00584731860720877,128,1024,fixed_teacher_forced_horizon_128,0,bb97f667b8a0b647b29705e0f51be30646534c41c8d0691952a35a380ccb3ce4,414a130b9822d37521def5ca988b19532f74e3a3eadfe0eada712aa6463b63cf,a9d5ffa5e13716f19a659facec84bbb0c655038aa38e0c2fef86595334f69023,332ae114a76ac46a7d3480c20e4e121a600cdceb208b3609478f2bbcda77310e
doc13_Dense_State_r04_gpu3,1381850,Dense_State,wikitext2raw-test-013,13,4,20260922,3,GPU-759526ed-efb2-e7f6-881c-ab098e0b05ae,0.00584731860720877,128,1024,fixed_teacher_forced_horizon_128,0,bb97f667b8a0b647b29705e0f51be30646534c41c8d0691952a35a380ccb3ce4,414a130b9822d37521def5ca988b19532f74e3a3eadfe0eada712aa6463b63cf,a9d5ffa5e13716f19a659facec84bbb0c655038aa38e0c2fef86595334f69023,332ae114a76ac46a7d3480c20e4e121a600cdceb208b3609478f2bbcda77310e
doc13_Hadamard_r00_gpu3,1366639,Hadamard,wikitext2raw-test-013,13,0,20260922,3,GPU-759526ed-efb2-e7f6-881c-ab098e0b05ae,0.005740211442077173,128,1024,fixed_teacher_forced_horizon_128,0,5e6d2aff5b109615dfbdd931e9c88a026bc5d4f0e9e68a5d0541acfc0296291c,414a130b9822d37521def5ca988b19532f74e3a3eadfe0eada712aa6463b63cf,a9d5ffa5e13716f19a659facec84bbb0c655038aa38e0c2fef86595334f69023,332ae114a76ac46a7d3480c20e4e121a600cdceb208b3609478f2bbcda77310e
doc13_Hadamard_r01_gpu3,1369341,Hadamard,wikitext2raw-test-013,13,1,20260922,3,GPU-759526ed-efb2-e7f6-881c-ab098e0b05ae,0.005740211442077173,128,1024,fixed_teacher_forced_horizon_128,0,5e6d2aff5b109615dfbdd931e9c88a026bc5d4f0e9e68a5d0541acfc0296291c,414a130b9822d37521def5ca988b19532f74e3a3eadfe0eada712aa6463b63cf,a9d5ffa5e13716f19a659facec84bbb0c655038aa38e0c2fef86595334f69023,332ae114a76ac46a7d3480c20e4e121a600cdceb208b3609478f2bbcda77310e
doc13_Hadamard_r02_gpu3,1370916,Hadamard,wikitext2raw-test-013,13,2,20260922,3,GPU-759526ed-efb2-e7f6-881c-ab098e0b05ae,0.005740211442077173,128,1024,fixed_teacher_forced_horizon_128,0,5e6d2aff5b109615dfbdd931e9c88a026bc5d4f0e9e68a5d0541acfc0296291c,414a130b9822d37521def5ca988b19532f74e3a3eadfe0eada712aa6463b63cf,a9d5ffa5e13716f19a659facec84bbb0c655038aa38e0c2fef86595334f69023,332ae114a76ac46a7d3480c20e4e121a600cdceb208b3609478f2bbcda77310e
doc13_Hadamard_r03_gpu3,1372846,Hadamard,wikitext2raw-test-013,13,3,20260922,3,GPU-759526ed-efb2-e7f6-881c-ab098e0b05ae,0.005740211442077173,128,1024,fixed_teacher_forced_horizon_128,0,5e6d2aff5b109615dfbdd931e9c88a026bc5d4f0e9e68a5d0541acfc0296291c,414a130b9822d37521def5ca988b19532f74e3a3eadfe0eada712aa6463b63cf,a9d5ffa5e13716f19a659facec84bbb0c655038aa38e0c2fef86595334f69023,332ae114a76ac46a7d3480c20e4e121a600cdceb208b3609478f2bbcda77310e
doc13_Hadamard_r04_gpu3,1374807,Hadamard,wikitext2raw-test-013,13,4,20260922,3,GPU-759526ed-efb2-e7f6-881c-ab098e0b05ae,0.005740211442077173,128,1024,fixed_teacher_forced_horizon_128,0,5e6d2aff5b109615dfbdd931e9c88a026bc5d4f0e9e68a5d0541acfc0296291c,414a130b9822d37521def5ca988b19532f74e3a3eadfe0eada712aa6463b63cf,a9d5ffa5e13716f19a659facec84bbb0c655038aa38e0c2fef86595334f69023,332ae114a76ac46a7d3480c20e4e121a600cdceb208b3609478f2bbcda77310e
doc13_Native_INT8_r00_gpu3,1358608,Native_INT8,wikitext2raw-test-013,13,0,20260922,3,GPU-759526ed-efb2-e7f6-881c-ab098e0b05ae,0.009340521092158233,128,1024,fixed_teacher_forced_horizon_128,0,a9438932556e57cec7374487b5c94510ad9da29ca9586604e1d9d315a6ba62e4,414a130b9822d37521def5ca988b19532f74e3a3eadfe0eada712aa6463b63cf,a9d5ffa5e13716f19a659facec84bbb0c655038aa38e0c2fef86595334f69023,332ae114a76ac46a7d3480c20e4e121a600cdceb208b3609478f2bbcda77310e
doc13_Native_INT8_r01_gpu3,1359922,Native_INT8,wikitext2raw-test-013,13,1,20260922,3,GPU-759526ed-efb2-e7f6-881c-ab098e0b05ae,0.009340521092158233,128,1024,fixed_teacher_forced_horizon_128,0,a9438932556e57cec7374487b5c94510ad9da29ca9586604e1d9d315a6ba62e4,414a130b9822d37521def5ca988b19532f74e3a3eadfe0eada712aa6463b63cf,a9d5ffa5e13716f19a659facec84bbb0c655038aa38e0c2fef86595334f69023,332ae114a76ac46a7d3480c20e4e121a600cdceb208b3609478f2bbcda77310e
doc13_Native_INT8_r02_gpu3,1361603,Native_INT8,wikitext2raw-test-013,13,2,20260922,3,GPU-759526ed-efb2-e7f6-881c-ab098e0b05ae,0.009340521092158233,128,1024,fixed_teacher_forced_horizon_128,0,a9438932556e57cec7374487b5c94510ad9da29ca9586604e1d9d315a6ba62e4,414a130b9822d37521def5ca988b19532f74e3a3eadfe0eada712aa6463b63cf,a9d5ffa5e13716f19a659facec84bbb0c655038aa38e0c2fef86595334f69023,332ae114a76ac46a7d3480c20e4e121a600cdceb208b3609478f2bbcda77310e
doc13_Native_INT8_r03_gpu3,1363376,Native_INT8,wikitext2raw-test-013,13,3,20260922,3,GPU-759526ed-efb2-e7f6-881c-ab098e0b05ae,0.009340521092158233,128,1024,fixed_teacher_forced_horizon_128,0,a9438932556e57cec7374487b5c94510ad9da29ca9586604e1d9d315a6ba62e4,414a130b9822d37521def5ca988b19532f74e3a3eadfe0eada712aa6463b63cf,a9d5ffa5e13716f19a659facec84bbb0c655038aa38e0c2fef86595334f69023,332ae114a76ac46a7d3480c20e4e121a600cdceb208b3609478f2bbcda77310e
doc13_Native_INT8_r04_gpu3,1365123,Native_INT8,wikitext2raw-test-013,13,4,20260922,3,GPU-759526ed-efb2-e7f6-881c-ab098e0b05ae,0.009340521092158233,128,1024,fixed_teacher_forced_horizon_128,0,a9438932556e57cec7374487b5c94510ad9da29ca9586604e1d9d315a6ba62e4,414a130b9822d37521def5ca988b19532f74e3a3eadfe0eada712aa6463b63cf,a9d5ffa5e13716f19a659facec84bbb0c655038aa38e0c2fef86595334f69023,332ae114a76ac46a7d3480c20e4e121a600cdceb208b3609478f2bbcda77310e
doc14_Dense_Functional_r00_gpu3,1415111,Dense_Functional,wikitext2raw-test-014,14,0,20260922,3,GPU-759526ed-efb2-e7f6-881c-ab098e0b05ae,0.0434629232024565,128,1024,fixed_teacher_forced_horizon_128,0,4e0517ff08be31677ae269b58689e7086d262f766dd26a582267717b0c27bbf1,414a130b9822d37521def5ca988b19532f74e3a3eadfe0eada712aa6463b63cf,a9d5ffa5e13716f19a659facec84bbb0c655038aa38e0c2fef86595334f69023,332ae114a76ac46a7d3480c20e4e121a600cdceb208b3609478f2bbcda77310e
doc14_Dense_Functional_r01_gpu3,1416406,Dense_Functional,wikitext2raw-test-014,14,1,20260922,3,GPU-759526ed-efb2-e7f6-881c-ab098e0b05ae,0.0434629232024565,128,1024,fixed_teacher_forced_horizon_128,0,4e0517ff08be31677ae269b58689e7086d262f766dd26a582267717b0c27bbf1,414a130b9822d37521def5ca988b19532f74e3a3eadfe0eada712aa6463b63cf,a9d5ffa5e13716f19a659facec84bbb0c655038aa38e0c2fef86595334f69023,332ae114a76ac46a7d3480c20e4e121a600cdceb208b3609478f2bbcda77310e
doc14_Dense_Functional_r02_gpu3,1419459,Dense_Functional,wikitext2raw-test-014,14,2,20260922,3,GPU-759526ed-efb2-e7f6-881c-ab098e0b05ae,0.0434629232024565,128,1024,fixed_teacher_forced_horizon_128,0,4e0517ff08be31677ae269b58689e7086d262f766dd26a582267717b0c27bbf1,414a130b9822d37521def5ca988b19532f74e3a3eadfe0eada712aa6463b63cf,a9d5ffa5e13716f19a659facec84bbb0c655038aa38e0c2fef86595334f69023,332ae114a76ac46a7d3480c20e4e121a600cdceb208b3609478f2bbcda77310e
doc14_Dense_Functional_r03_gpu3,1421678,Dense_Functional,wikitext2raw-test-014,14,3,20260922,3,GPU-759526ed-efb2-e7f6-881c-ab098e0b05ae,0.0434629232024565,128,1024,fixed_teacher_forced_horizon_128,0,4e0517ff08be31677ae269b58689e7086d262f766dd26a582267717b0c27bbf1,414a130b9822d37521def5ca988b19532f74e3a3eadfe0eada712aa6463b63cf,a9d5ffa5e13716f19a659facec84bbb0c655038aa38e0c2fef86595334f69023,332ae114a76ac46a7d3480c20e4e121a600cdceb208b3609478f2bbcda77310e
doc14_Dense_Functional_r04_gpu3,1423942,Dense_Functional,wikitext2raw-test-014,14,4,20260922,3,GPU-759526ed-efb2-e7f6-881c-ab098e0b05ae,0.0434629232024565,128,1024,fixed_teacher_forced_horizon_128,0,4e0517ff08be31677ae269b58689e7086d262f766dd26a582267717b0c27bbf1,414a130b9822d37521def5ca988b19532f74e3a3eadfe0eada712aa6463b63cf,a9d5ffa5e13716f19a659facec84bbb0c655038aa38e0c2fef86595334f69023,332ae114a76ac46a7d3480c20e4e121a600cdceb208b3609478f2bbcda77310e
doc14_Dense_State_r00_gpu3,1405599,Dense_State,wikitext2raw-test-014,14,0,20260922,3,GPU-759526ed-efb2-e7f6-881c-ab098e0b05ae,0.07172557933982021,128,1024,fixed_teacher_forced_horizon_128,0,4808596d85683204796bf65241d8fae7636a1b3e2c17be8761158963e8ef7a11,414a130b9822d37521def5ca988b19532f74e3a3eadfe0eada712aa6463b63cf,a9d5ffa5e13716f19a659facec84bbb0c655038aa38e0c2fef86595334f69023,332ae114a76ac46a7d3480c20e4e121a600cdceb208b3609478f2bbcda77310e
doc14_Dense_State_r01_gpu3,1406938,Dense_State,wikitext2raw-test-014,14,1,20260922,3,GPU-759526ed-efb2-e7f6-881c-ab098e0b05ae,0.07172557933982021,128,1024,fixed_teacher_forced_horizon_128,0,4808596d85683204796bf65241d8fae7636a1b3e2c17be8761158963e8ef7a11,414a130b9822d37521def5ca988b19532f74e3a3eadfe0eada712aa6463b63cf,a9d5ffa5e13716f19a659facec84bbb0c655038aa38e0c2fef86595334f69023,332ae114a76ac46a7d3480c20e4e121a600cdceb208b3609478f2bbcda77310e
doc14_Dense_State_r02_gpu3,1408878,Dense_State,wikitext2raw-test-014,14,2,20260922,3,GPU-759526ed-efb2-e7f6-881c-ab098e0b05ae,0.07172557933982021,128,1024,fixed_teacher_forced_horizon_128,0,4808596d85683204796bf65241d8fae7636a1b3e2c17be8761158963e8ef7a11,414a130b9822d37521def5ca988b19532f74e3a3eadfe0eada712aa6463b63cf,a9d5ffa5e13716f19a659facec84bbb0c655038aa38e0c2fef86595334f69023,332ae114a76ac46a7d3480c20e4e121a600cdceb208b3609478f2bbcda77310e
doc14_Dense_State_r03_gpu3,1410536,Dense_State,wikitext2raw-test-014,14,3,20260922,3,GPU-759526ed-efb2-e7f6-881c-ab098e0b05ae,0.07172557933982021,128,1024,fixed_teacher_forced_horizon_128,0,4808596d85683204796bf65241d8fae7636a1b3e2c17be8761158963e8ef7a11,414a130b9822d37521def5ca988b19532f74e3a3eadfe0eada712aa6463b63cf,a9d5ffa5e13716f19a659facec84bbb0c655038aa38e0c2fef86595334f69023,332ae114a76ac46a7d3480c20e4e121a600cdceb208b3609478f2bbcda77310e
doc14_Dense_State_r04_gpu3,1412223,Dense_State,wikitext2raw-test-014,14,4,20260922,3,GPU-759526ed-efb2-e7f6-881c-ab098e0b05ae,0.07172557933982021,128,1024,fixed_teacher_forced_horizon_128,0,4808596d85683204796bf65241d8fae7636a1b3e2c17be8761158963e8ef7a11,414a130b9822d37521def5ca988b19532f74e3a3eadfe0eada712aa6463b63cf,a9d5ffa5e13716f19a659facec84bbb0c655038aa38e0c2fef86595334f69023,332ae114a76ac46a7d3480c20e4e121a600cdceb208b3609478f2bbcda77310e
doc14_Hadamard_r00_gpu3,1398118,Hadamard,wikitext2raw-test-014,14,0,20260922,3,GPU-759526ed-efb2-e7f6-881c-ab098e0b05ae,0.08341739864403008,128,1024,fixed_teacher_forced_horizon_128,0,4bc53e8d0954f9f39342605fa06a62a8c75fae0b0055432ac9e74a2bf24b3d25,414a130b9822d37521def5ca988b19532f74e3a3eadfe0eada712aa6463b63cf,a9d5ffa5e13716f19a659facec84bbb0c655038aa38e0c2fef86595334f69023,332ae114a76ac46a7d3480c20e4e121a600cdceb208b3609478f2bbcda77310e
doc14_Hadamard_r01_gpu3,1399592,Hadamard,wikitext2raw-test-014,14,1,20260922,3,GPU-759526ed-efb2-e7f6-881c-ab098e0b05ae,0.08341739864403008,128,1024,fixed_teacher_forced_horizon_128,0,4bc53e8d0954f9f39342605fa06a62a8c75fae0b0055432ac9e74a2bf24b3d25,414a130b9822d37521def5ca988b19532f74e3a3eadfe0eada712aa6463b63cf,a9d5ffa5e13716f19a659facec84bbb0c655038aa38e0c2fef86595334f69023,332ae114a76ac46a7d3480c20e4e121a600cdceb208b3609478f2bbcda77310e
doc14_Hadamard_r02_gpu3,1401079,Hadamard,wikitext2raw-test-014,14,2,20260922,3,GPU-759526ed-efb2-e7f6-881c-ab098e0b05ae,0.08341739864403008,128,1024,fixed_teacher_forced_horizon_128,0,4bc53e8d0954f9f39342605fa06a62a8c75fae0b0055432ac9e74a2bf24b3d25,414a130b9822d37521def5ca988b19532f74e3a3eadfe0eada712aa6463b63cf,a9d5ffa5e13716f19a659facec84bbb0c655038aa38e0c2fef86595334f69023,332ae114a76ac46a7d3480c20e4e121a600cdceb208b3609478f2bbcda77310e
doc14_Hadamard_r03_gpu3,1402537,Hadamard,wikitext2raw-test-014,14,3,20260922,3,GPU-759526ed-efb2-e7f6-881c-ab098e0b05ae,0.08341739864403008,128,1024,fixed_teacher_forced_horizon_128,0,4bc53e8d0954f9f39342605fa06a62a8c75fae0b0055432ac9e74a2bf24b3d25,414a130b9822d37521def5ca988b19532f74e3a3eadfe0eada712aa6463b63cf,a9d5ffa5e13716f19a659facec84bbb0c655038aa38e0c2fef86595334f69023,332ae114a76ac46a7d3480c20e4e121a600cdceb208b3609478f2bbcda77310e
doc14_Hadamard_r04_gpu3,1403941,Hadamard,wikitext2raw-test-014,14,4,20260922,3,GPU-759526ed-efb2-e7f6-881c-ab098e0b05ae,0.08341739864403008,128,1024,fixed_teacher_forced_horizon_128,0,4bc53e8d0954f9f39342605fa06a62a8c75fae0b0055432ac9e74a2bf24b3d25,414a130b9822d37521def5ca988b19532f74e3a3eadfe0eada712aa6463b63cf,a9d5ffa5e13716f19a659facec84bbb0c655038aa38e0c2fef86595334f69023,332ae114a76ac46a7d3480c20e4e121a600cdceb208b3609478f2bbcda77310e
doc14_Native_INT8_r00_gpu3,1390462,Native_INT8,wikitext2raw-test-014,14,0,20260922,3,GPU-759526ed-efb2-e7f6-881c-ab098e0b05ae,0.14862428787214807,128,1024,fixed_teacher_forced_horizon_128,0,2d70e3000cbe3cfe2023650872a909e096c51fb03433b39872c0b402b0080817,414a130b9822d37521def5ca988b19532f74e3a3eadfe0eada712aa6463b63cf,a9d5ffa5e13716f19a659facec84bbb0c655038aa38e0c2fef86595334f69023,332ae114a76ac46a7d3480c20e4e121a600cdceb208b3609478f2bbcda77310e
doc14_Native_INT8_r01_gpu3,1392214,Native_INT8,wikitext2raw-test-014,14,1,20260922,3,GPU-759526ed-efb2-e7f6-881c-ab098e0b05ae,0.14862428787214807,128,1024,fixed_teacher_forced_horizon_128,0,2d70e3000cbe3cfe2023650872a909e096c51fb03433b39872c0b402b0080817,414a130b9822d37521def5ca988b19532f74e3a3eadfe0eada712aa6463b63cf,a9d5ffa5e13716f19a659facec84bbb0c655038aa38e0c2fef86595334f69023,332ae114a76ac46a7d3480c20e4e121a600cdceb208b3609478f2bbcda77310e
doc14_Native_INT8_r02_gpu3,1394340,Native_INT8,wikitext2raw-test-014,14,2,20260922,3,GPU-759526ed-efb2-e7f6-881c-ab098e0b05ae,0.14862428787214807,128,1024,fixed_teacher_forced_horizon_128,0,2d70e3000cbe3cfe2023650872a909e096c51fb03433b39872c0b402b0080817,414a130b9822d37521def5ca988b19532f74e3a3eadfe0eada712aa6463b63cf,a9d5ffa5e13716f19a659facec84bbb0c655038aa38e0c2fef86595334f69023,332ae114a76ac46a7d3480c20e4e121a600cdceb208b3609478f2bbcda77310e
doc14_Native_INT8_r03_gpu3,1395957,Native_INT8,wikitext2raw-test-014,14,3,20260922,3,GPU-759526ed-efb2-e7f6-881c-ab098e0b05ae,0.14862428787214807,128,1024,fixed_teacher_forced_horizon_128,0,2d70e3000cbe3cfe2023650872a909e096c51fb03433b39872c0b402b0080817,414a130b9822d37521def5ca988b19532f74e3a3eadfe0eada712aa6463b63cf,a9d5ffa5e13716f19a659facec84bbb0c655038aa38e0c2fef86595334f69023,332ae114a76ac46a7d3480c20e4e121a600cdceb208b3609478f2bbcda77310e
doc14_Native_INT8_r04_gpu3,1396993,Native_INT8,wikitext2raw-test-014,14,4,20260922,3,GPU-759526ed-efb2-e7f6-881c-ab098e0b05ae,0.14862428787214807,128,1024,fixed_teacher_forced_horizon_128,0,2d70e3000cbe3cfe2023650872a909e096c51fb03433b39872c0b402b0080817,414a130b9822d37521def5ca988b19532f74e3a3eadfe0eada712aa6463b63cf,a9d5ffa5e13716f19a659facec84bbb0c655038aa38e0c2fef86595334f69023,332ae114a76ac46a7d3480c20e4e121a600cdceb208b3609478f2bbcda77310e
doc15_Dense_Functional_r00_gpu3,1575429,Dense_Functional,wikitext2raw-test-015,15,0,20260922,3,GPU-759526ed-efb2-e7f6-881c-ab098e0b05ae,0.01310682172091821,128,1024,fixed_teacher_forced_horizon_128,0,e5139b0a46c1e56feb4dd5a21cb49843a1c5da48ec11bc1c6e870049e9aa8aa8,414a130b9822d37521def5ca988b19532f74e3a3eadfe0eada712aa6463b63cf,a9d5ffa5e13716f19a659facec84bbb0c655038aa38e0c2fef86595334f69023,332ae114a76ac46a7d3480c20e4e121a600cdceb208b3609478f2bbcda77310e
doc15_Dense_Functional_r01_gpu3,1576965,Dense_Functional,wikitext2raw-test-015,15,1,20260922,3,GPU-759526ed-efb2-e7f6-881c-ab098e0b05ae,0.01310682172091821,128,1024,fixed_teacher_forced_horizon_128,0,e5139b0a46c1e56feb4dd5a21cb49843a1c5da48ec11bc1c6e870049e9aa8aa8,414a130b9822d37521def5ca988b19532f74e3a3eadfe0eada712aa6463b63cf,a9d5ffa5e13716f19a659facec84bbb0c655038aa38e0c2fef86595334f69023,332ae114a76ac46a7d3480c20e4e121a600cdceb208b3609478f2bbcda77310e
doc15_Dense_Functional_r02_gpu3,1578915,Dense_Functional,wikitext2raw-test-015,15,2,20260922,3,GPU-759526ed-efb2-e7f6-881c-ab098e0b05ae,0.01310682172091821,128,1024,fixed_teacher_forced_horizon_128,0,e5139b0a46c1e56feb4dd5a21cb49843a1c5da48ec11bc1c6e870049e9aa8aa8,414a130b9822d37521def5ca988b19532f74e3a3eadfe0eada712aa6463b63cf,a9d5ffa5e13716f19a659facec84bbb0c655038aa38e0c2fef86595334f69023,332ae114a76ac46a7d3480c20e4e121a600cdceb208b3609478f2bbcda77310e
doc15_Dense_Functional_r03_gpu3,1580792,Dense_Functional,wikitext2raw-test-015,15,3,20260922,3,GPU-759526ed-efb2-e7f6-881c-ab098e0b05ae,0.01310682172091821,128,1024,fixed_teacher_forced_horizon_128,0,e5139b0a46c1e56feb4dd5a21cb49843a1c5da48ec11bc1c6e870049e9aa8aa8,414a130b9822d37521def5ca988b19532f74e3a3eadfe0eada712aa6463b63cf,a9d5ffa5e13716f19a659facec84bbb0c655038aa38e0c2fef86595334f69023,332ae114a76ac46a7d3480c20e4e121a600cdceb208b3609478f2bbcda77310e
doc15_Dense_Functional_r04_gpu3,1582399,Dense_Functional,wikitext2raw-test-015,15,4,20260922,3,GPU-759526ed-efb2-e7f6-881c-ab098e0b05ae,0.01310682172091821,128,1024,fixed_teacher_forced_horizon_128,0,e5139b0a46c1e56feb4dd5a21cb49843a1c5da48ec11bc1c6e870049e9aa8aa8,414a130b9822d37521def5ca988b19532f74e3a3eadfe0eada712aa6463b63cf,a9d5ffa5e13716f19a659facec84bbb0c655038aa38e0c2fef86595334f69023,332ae114a76ac46a7d3480c20e4e121a600cdceb208b3609478f2bbcda77310e
doc15_Dense_State_r00_gpu3,1566834,Dense_State,wikitext2raw-test-015,15,0,20260922,3,GPU-759526ed-efb2-e7f6-881c-ab098e0b05ae,0.014696586844244068,128,1024,fixed_teacher_forced_horizon_128,0,02338323dac9f2c2ecda0d6047e0ce37cdd2eb1385ce28573e4d8c426aad8922,414a130b9822d37521def5ca988b19532f74e3a3eadfe0eada712aa6463b63cf,a9d5ffa5e13716f19a659facec84bbb0c655038aa38e0c2fef86595334f69023,332ae114a76ac46a7d3480c20e4e121a600cdceb208b3609478f2bbcda77310e
doc15_Dense_State_r01_gpu3,1569128,Dense_State,wikitext2raw-test-015,15,1,20260922,3,GPU-759526ed-efb2-e7f6-881c-ab098e0b05ae,0.014696586844244068,128,1024,fixed_teacher_forced_horizon_128,0,02338323dac9f2c2ecda0d6047e0ce37cdd2eb1385ce28573e4d8c426aad8922,414a130b9822d37521def5ca988b19532f74e3a3eadfe0eada712aa6463b63cf,a9d5ffa5e13716f19a659facec84bbb0c655038aa38e0c2fef86595334f69023,332ae114a76ac46a7d3480c20e4e121a600cdceb208b3609478f2bbcda77310e
doc15_Dense_State_r02_gpu3,1570609,Dense_State,wikitext2raw-test-015,15,2,20260922,3,GPU-759526ed-efb2-e7f6-881c-ab098e0b05ae,0.014696586844244068,128,1024,fixed_teacher_forced_horizon_128,0,02338323dac9f2c2ecda0d6047e0ce37cdd2eb1385ce28573e4d8c426aad8922,414a130b9822d37521def5ca988b19532f74e3a3eadfe0eada712aa6463b63cf,a9d5ffa5e13716f19a659facec84bbb0c655038aa38e0c2fef86595334f69023,332ae114a76ac46a7d3480c20e4e121a600cdceb208b3609478f2bbcda77310e
doc15_Dense_State_r03_gpu3,1572226,Dense_State,wikitext2raw-test-015,15,3,20260922,3,GPU-759526ed-efb2-e7f6-881c-ab098e0b05ae,0.014696586844244068,128,1024,fixed_teacher_forced_horizon_128,0,02338323dac9f2c2ecda0d6047e0ce37cdd2eb1385ce28573e4d8c426aad8922,414a130b9822d37521def5ca988b19532f74e3a3eadfe0eada712aa6463b63cf,a9d5ffa5e13716f19a659facec84bbb0c655038aa38e0c2fef86595334f69023,332ae114a76ac46a7d3480c20e4e121a600cdceb208b3609478f2bbcda77310e
doc15_Dense_State_r04_gpu3,1573802,Dense_State,wikitext2raw-test-015,15,4,20260922,3,GPU-759526ed-efb2-e7f6-881c-ab098e0b05ae,0.014696586844244068,128,1024,fixed_teacher_forced_horizon_128,0,02338323dac9f2c2ecda0d6047e0ce37cdd2eb1385ce28573e4d8c426aad8922,414a130b9822d37521def5ca988b19532f74e3a3eadfe0eada712aa6463b63cf,a9d5ffa5e13716f19a659facec84bbb0c655038aa38e0c2fef86595334f69023,332ae114a76ac46a7d3480c20e4e121a600cdceb208b3609478f2bbcda77310e
doc15_Hadamard_r00_gpu3,1557248,Hadamard,wikitext2raw-test-015,15,0,20260922,3,GPU-759526ed-efb2-e7f6-881c-ab098e0b05ae,0.010361993917575908,128,1024,fixed_teacher_forced_horizon_128,0,d141231954ff5e67291bbf8c00a14f127ff9ac64d455f75ef940163aaa53b03d,414a130b9822d37521def5ca988b19532f74e3a3eadfe0eada712aa6463b63cf,a9d5ffa5e13716f19a659facec84bbb0c655038aa38e0c2fef86595334f69023,332ae114a76ac46a7d3480c20e4e121a600cdceb208b3609478f2bbcda77310e
doc15_Hadamard_r01_gpu3,1559351,Hadamard,wikitext2raw-test-015,15,1,20260922,3,GPU-759526ed-efb2-e7f6-881c-ab098e0b05ae,0.010361993917575908,128,1024,fixed_teacher_forced_horizon_128,0,d141231954ff5e67291bbf8c00a14f127ff9ac64d455f75ef940163aaa53b03d,414a130b9822d37521def5ca988b19532f74e3a3eadfe0eada712aa6463b63cf,a9d5ffa5e13716f19a659facec84bbb0c655038aa38e0c2fef86595334f69023,332ae114a76ac46a7d3480c20e4e121a600cdceb208b3609478f2bbcda77310e
doc15_Hadamard_r02_gpu3,1561272,Hadamard,wikitext2raw-test-015,15,2,20260922,3,GPU-759526ed-efb2-e7f6-881c-ab098e0b05ae,0.010361993917575908,128,1024,fixed_teacher_forced_horizon_128,0,d141231954ff5e67291bbf8c00a14f127ff9ac64d455f75ef940163aaa53b03d,414a130b9822d37521def5ca988b19532f74e3a3eadfe0eada712aa6463b63cf,a9d5ffa5e13716f19a659facec84bbb0c655038aa38e0c2fef86595334f69023,332ae114a76ac46a7d3480c20e4e121a600cdceb208b3609478f2bbcda77310e
doc15_Hadamard_r03_gpu3,1563104,Hadamard,wikitext2raw-test-015,15,3,20260922,3,GPU-759526ed-efb2-e7f6-881c-ab098e0b05ae,0.010361993917575908,128,1024,fixed_teacher_forced_horizon_128,0,d141231954ff5e67291bbf8c00a14f127ff9ac64d455f75ef940163aaa53b03d,414a130b9822d37521def5ca988b19532f74e3a3eadfe0eada712aa6463b63cf,a9d5ffa5e13716f19a659facec84bbb0c655038aa38e0c2fef86595334f69023,332ae114a76ac46a7d3480c20e4e121a600cdceb208b3609478f2bbcda77310e
doc15_Hadamard_r04_gpu3,1565481,Hadamard,wikitext2raw-test-015,15,4,20260922,3,GPU-759526ed-efb2-e7f6-881c-ab098e0b05ae,0.010361993917575908,128,1024,fixed_teacher_forced_horizon_128,0,d141231954ff5e67291bbf8c00a14f127ff9ac64d455f75ef940163aaa53b03d,414a130b9822d37521def5ca988b19532f74e3a3eadfe0eada712aa6463b63cf,a9d5ffa5e13716f19a659facec84bbb0c655038aa38e0c2fef86595334f69023,332ae114a76ac46a7d3480c20e4e121a600cdceb208b3609478f2bbcda77310e
doc15_Native_INT8_r00_gpu3,1531200,Native_INT8,wikitext2raw-test-015,15,0,20260922,3,GPU-759526ed-efb2-e7f6-881c-ab098e0b05ae,0.02756599942111236,128,1024,fixed_teacher_forced_horizon_128,0,ec38ede35904bdbae5626b729353b57d5a7763134018f0df13ed89006368df12,414a130b9822d37521def5ca988b19532f74e3a3eadfe0eada712aa6463b63cf,a9d5ffa5e13716f19a659facec84bbb0c655038aa38e0c2fef86595334f69023,332ae114a76ac46a7d3480c20e4e121a600cdceb208b3609478f2bbcda77310e
doc15_Native_INT8_r01_gpu3,1535537,Native_INT8,wikitext2raw-test-015,15,1,20260922,3,GPU-759526ed-efb2-e7f6-881c-ab098e0b05ae,0.02756599942111236,128,1024,fixed_teacher_forced_horizon_128,0,ec38ede35904bdbae5626b729353b57d5a7763134018f0df13ed89006368df12,414a130b9822d37521def5ca988b19532f74e3a3eadfe0eada712aa6463b63cf,a9d5ffa5e13716f19a659facec84bbb0c655038aa38e0c2fef86595334f69023,332ae114a76ac46a7d3480c20e4e121a600cdceb208b3609478f2bbcda77310e
doc15_Native_INT8_r02_gpu3,1541927,Native_INT8,wikitext2raw-test-015,15,2,20260922,3,GPU-759526ed-efb2-e7f6-881c-ab098e0b05ae,0.02756599942111236,128,1024,fixed_teacher_forced_horizon_128,0,ec38ede35904bdbae5626b729353b57d5a7763134018f0df13ed89006368df12,414a130b9822d37521def5ca988b19532f74e3a3eadfe0eada712aa6463b63cf,a9d5ffa5e13716f19a659facec84bbb0c655038aa38e0c2fef86595334f69023,332ae114a76ac46a7d3480c20e4e121a600cdceb208b3609478f2bbcda77310e
doc15_Native_INT8_r03_gpu3,1546663,Native_INT8,wikitext2raw-test-015,15,3,20260922,3,GPU-759526ed-efb2-e7f6-881c-ab098e0b05ae,0.02756599942111236,128,1024,fixed_teacher_forced_horizon_128,0,ec38ede35904bdbae5626b729353b57d5a7763134018f0df13ed89006368df12,414a130b9822d37521def5ca988b19532f74e3a3eadfe0eada712aa6463b63cf,a9d5ffa5e13716f19a659facec84bbb0c655038aa38e0c2fef86595334f69023,332ae114a76ac46a7d3480c20e4e121a600cdceb208b3609478f2bbcda77310e
doc15_Native_INT8_r04_gpu3,1552609,Native_INT8,wikitext2raw-test-015,15,4,20260922,3,GPU-759526ed-efb2-e7f6-881c-ab098e0b05ae,0.02756599942111236,128,1024,fixed_teacher_forced_horizon_128,0,ec38ede35904bdbae5626b729353b57d5a7763134018f0df13ed89006368df12,414a130b9822d37521def5ca988b19532f74e3a3eadfe0eada712aa6463b63cf,a9d5ffa5e13716f19a659facec84bbb0c655038aa38e0c2fef86595334f69023,332ae114a76ac46a7d3480c20e4e121a600cdceb208b3609478f2bbcda77310e
doc04_Native_INT8_r00_gpu4,1192241,Native_INT8,wikitext2raw-test-004,4,0,20260922,4,GPU-de1f9152-32e5-a033-d2bf-ea7abecb606f,0.006892923656635066,128,1024,fixed_teacher_forced_horizon_128,0,5983efe1f432b0562948d85b42cf6580ced62f69ab2dd1b7080c889ad7aceb62,414a130b9822d37521def5ca988b19532f74e3a3eadfe0eada712aa6463b63cf,a9d5ffa5e13716f19a659facec84bbb0c655038aa38e0c2fef86595334f69023,332ae114a76ac46a7d3480c20e4e121a600cdceb208b3609478f2bbcda77310e
doc00_Dense_Functional_r00_gpu7,1114509,Dense_Functional,wikitext2raw-test-000,0,0,20260922,7,GPU-de53f243-b271-521c-d875-d96611ed8574,0.024900193402257666,128,1024,fixed_teacher_forced_horizon_128,0,b9a441bb94358d73d711850d9a107edca54cf44b87c5ded2e5d843290dbf1396,414a130b9822d37521def5ca988b19532f74e3a3eadfe0eada712aa6463b63cf,a9d5ffa5e13716f19a659facec84bbb0c655038aa38e0c2fef86595334f69023,332ae114a76ac46a7d3480c20e4e121a600cdceb208b3609478f2bbcda77310e
doc00_Dense_Functional_r01_gpu7,1118141,Dense_Functional,wikitext2raw-test-000,0,1,20260922,7,GPU-de53f243-b271-521c-d875-d96611ed8574,0.024900193402257666,128,1024,fixed_teacher_forced_horizon_128,0,b9a441bb94358d73d711850d9a107edca54cf44b87c5ded2e5d843290dbf1396,414a130b9822d37521def5ca988b19532f74e3a3eadfe0eada712aa6463b63cf,a9d5ffa5e13716f19a659facec84bbb0c655038aa38e0c2fef86595334f69023,332ae114a76ac46a7d3480c20e4e121a600cdceb208b3609478f2bbcda77310e
doc00_Dense_Functional_r02_gpu7,1121279,Dense_Functional,wikitext2raw-test-000,0,2,20260922,7,GPU-de53f243-b271-521c-d875-d96611ed8574,0.024900193402257666,128,1024,fixed_teacher_forced_horizon_128,0,b9a441bb94358d73d711850d9a107edca54cf44b87c5ded2e5d843290dbf1396,414a130b9822d37521def5ca988b19532f74e3a3eadfe0eada712aa6463b63cf,a9d5ffa5e13716f19a659facec84bbb0c655038aa38e0c2fef86595334f69023,332ae114a76ac46a7d3480c20e4e121a600cdceb208b3609478f2bbcda77310e
doc00_Dense_Functional_r03_gpu7,1124685,Dense_Functional,wikitext2raw-test-000,0,3,20260922,7,GPU-de53f243-b271-521c-d875-d96611ed8574,0.024900193402257666,128,1024,fixed_teacher_forced_horizon_128,0,b9a441bb94358d73d711850d9a107edca54cf44b87c5ded2e5d843290dbf1396,414a130b9822d37521def5ca988b19532f74e3a3eadfe0eada712aa6463b63cf,a9d5ffa5e13716f19a659facec84bbb0c655038aa38e0c2fef86595334f69023,332ae114a76ac46a7d3480c20e4e121a600cdceb208b3609478f2bbcda77310e
doc00_Dense_Functional_r04_gpu7,1127603,Dense_Functional,wikitext2raw-test-000,0,4,20260922,7,GPU-de53f243-b271-521c-d875-d96611ed8574,0.024900193402257666,128,1024,fixed_teacher_forced_horizon_128,0,b9a441bb94358d73d711850d9a107edca54cf44b87c5ded2e5d843290dbf1396,414a130b9822d37521def5ca988b19532f74e3a3eadfe0eada712aa6463b63cf,a9d5ffa5e13716f19a659facec84bbb0c655038aa38e0c2fef86595334f69023,332ae114a76ac46a7d3480c20e4e121a600cdceb208b3609478f2bbcda77310e
doc00_Dense_State_r04_gpu7,1110744,Dense_State,wikitext2raw-test-000,0,4,20260922,7,GPU-de53f243-b271-521c-d875-d96611ed8574,0.016838791853506264,128,1024,fixed_teacher_forced_horizon_128,0,e50453bee0f30847ecdd01c8a306a7363ecee80043331b2b015374d2eac3b77b,414a130b9822d37521def5ca988b19532f74e3a3eadfe0eada712aa6463b63cf,a9d5ffa5e13716f19a659facec84bbb0c655038aa38e0c2fef86595334f69023,332ae114a76ac46a7d3480c20e4e121a600cdceb208b3609478f2bbcda77310e
doc01_Dense_Functional_r00_gpu7,1159809,Dense_Functional,wikitext2raw-test-001,1,0,20260922,7,GPU-de53f243-b271-521c-d875-d96611ed8574,0.00735368685482673,128,1024,fixed_teacher_forced_horizon_128,0,62e8b41683cc7fe73fd22d45552782284c3f0e7dcd12e862944c47eec6698e14,414a130b9822d37521def5ca988b19532f74e3a3eadfe0eada712aa6463b63cf,a9d5ffa5e13716f19a659facec84bbb0c655038aa38e0c2fef86595334f69023,332ae114a76ac46a7d3480c20e4e121a600cdceb208b3609478f2bbcda77310e
doc01_Dense_Functional_r01_gpu7,1160816,Dense_Functional,wikitext2raw-test-001,1,1,20260922,7,GPU-de53f243-b271-521c-d875-d96611ed8574,0.00735368685482673,128,1024,fixed_teacher_forced_horizon_128,0,62e8b41683cc7fe73fd22d45552782284c3f0e7dcd12e862944c47eec6698e14,414a130b9822d37521def5ca988b19532f74e3a3eadfe0eada712aa6463b63cf,a9d5ffa5e13716f19a659facec84bbb0c655038aa38e0c2fef86595334f69023,332ae114a76ac46a7d3480c20e4e121a600cdceb208b3609478f2bbcda77310e
doc01_Dense_Functional_r02_gpu7,1161738,Dense_Functional,wikitext2raw-test-001,1,2,20260922,7,GPU-de53f243-b271-521c-d875-d96611ed8574,0.00735368685482673,128,1024,fixed_teacher_forced_horizon_128,0,62e8b41683cc7fe73fd22d45552782284c3f0e7dcd12e862944c47eec6698e14,414a130b9822d37521def5ca988b19532f74e3a3eadfe0eada712aa6463b63cf,a9d5ffa5e13716f19a659facec84bbb0c655038aa38e0c2fef86595334f69023,332ae114a76ac46a7d3480c20e4e121a600cdceb208b3609478f2bbcda77310e
doc01_Dense_Functional_r03_gpu7,1162937,Dense_Functional,wikitext2raw-test-001,1,3,20260922,7,GPU-de53f243-b271-521c-d875-d96611ed8574,0.00735368685482673,128,1024,fixed_teacher_forced_horizon_128,0,62e8b41683cc7fe73fd22d45552782284c3f0e7dcd12e862944c47eec6698e14,414a130b9822d37521def5ca988b19532f74e3a3eadfe0eada712aa6463b63cf,a9d5ffa5e13716f19a659facec84bbb0c655038aa38e0c2fef86595334f69023,332ae114a76ac46a7d3480c20e4e121a600cdceb208b3609478f2bbcda77310e
doc01_Dense_Functional_r04_gpu7,1166169,Dense_Functional,wikitext2raw-test-001,1,4,20260922,7,GPU-de53f243-b271-521c-d875-d96611ed8574,0.00735368685482673,128,1024,fixed_teacher_forced_horizon_128,0,62e8b41683cc7fe73fd22d45552782284c3f0e7dcd12e862944c47eec6698e14,414a130b9822d37521def5ca988b19532f74e3a3eadfe0eada712aa6463b63cf,a9d5ffa5e13716f19a659facec84bbb0c655038aa38e0c2fef86595334f69023,332ae114a76ac46a7d3480c20e4e121a600cdceb208b3609478f2bbcda77310e
doc01_Dense_State_r00_gpu7,1154778,Dense_State,wikitext2raw-test-001,1,0,20260922,7,GPU-de53f243-b271-521c-d875-d96611ed8574,0.12748593025741334,128,1024,fixed_teacher_forced_horizon_128,0,137de07c73942d2cda0b6b13dabf54ac063394ee4eab93c65b239805511320f0,414a130b9822d37521def5ca988b19532f74e3a3eadfe0eada712aa6463b63cf,a9d5ffa5e13716f19a659facec84bbb0c655038aa38e0c2fef86595334f69023,332ae114a76ac46a7d3480c20e4e121a600cdceb208b3609478f2bbcda77310e
doc01_Dense_State_r01_gpu7,1156003,Dense_State,wikitext2raw-test-001,1,1,20260922,7,GPU-de53f243-b271-521c-d875-d96611ed8574,0.12748593025741334,128,1024,fixed_teacher_forced_horizon_128,0,137de07c73942d2cda0b6b13dabf54ac063394ee4eab93c65b239805511320f0,414a130b9822d37521def5ca988b19532f74e3a3eadfe0eada712aa6463b63cf,a9d5ffa5e13716f19a659facec84bbb0c655038aa38e0c2fef86595334f69023,332ae114a76ac46a7d3480c20e4e121a600cdceb208b3609478f2bbcda77310e
doc01_Dense_State_r02_gpu7,1157006,Dense_State,wikitext2raw-test-001,1,2,20260922,7,GPU-de53f243-b271-521c-d875-d96611ed8574,0.12748593025741334,128,1024,fixed_teacher_forced_horizon_128,0,137de07c73942d2cda0b6b13dabf54ac063394ee4eab93c65b239805511320f0,414a130b9822d37521def5ca988b19532f74e3a3eadfe0eada712aa6463b63cf,a9d5ffa5e13716f19a659facec84bbb0c655038aa38e0c2fef86595334f69023,332ae114a76ac46a7d3480c20e4e121a600cdceb208b3609478f2bbcda77310e
doc01_Dense_State_r03_gpu7,1157964,Dense_State,wikitext2raw-test-001,1,3,20260922,7,GPU-de53f243-b271-521c-d875-d96611ed8574,0.12748593025741334,128,1024,fixed_teacher_forced_horizon_128,0,137de07c73942d2cda0b6b13dabf54ac063394ee4eab93c65b239805511320f0,414a130b9822d37521def5ca988b19532f74e3a3eadfe0eada712aa6463b63cf,a9d5ffa5e13716f19a659facec84bbb0c655038aa38e0c2fef86595334f69023,332ae114a76ac46a7d3480c20e4e121a600cdceb208b3609478f2bbcda77310e
doc01_Dense_State_r04_gpu7,1158894,Dense_State,wikitext2raw-test-001,1,4,20260922,7,GPU-de53f243-b271-521c-d875-d96611ed8574,0.12748593025741334,128,1024,fixed_teacher_forced_horizon_128,0,137de07c73942d2cda0b6b13dabf54ac063394ee4eab93c65b239805511320f0,414a130b9822d37521def5ca988b19532f74e3a3eadfe0eada712aa6463b63cf,a9d5ffa5e13716f19a659facec84bbb0c655038aa38e0c2fef86595334f69023,332ae114a76ac46a7d3480c20e4e121a600cdceb208b3609478f2bbcda77310e
doc01_Hadamard_r00_gpu7,1145127,Hadamard,wikitext2raw-test-001,1,0,20260922,7,GPU-de53f243-b271-521c-d875-d96611ed8574,0.009575239790424312,128,1024,fixed_teacher_forced_horizon_128,0,48687a25253f3bd7cad4b23c55114391fe52168f86904630b8dab76da6fa6883,414a130b9822d37521def5ca988b19532f74e3a3eadfe0eada712aa6463b63cf,a9d5ffa5e13716f19a659facec84bbb0c655038aa38e0c2fef86595334f69023,332ae114a76ac46a7d3480c20e4e121a600cdceb208b3609478f2bbcda77310e
doc01_Hadamard_r01_gpu7,1147702,Hadamard,wikitext2raw-test-001,1,1,20260922,7,GPU-de53f243-b271-521c-d875-d96611ed8574,0.009575239790424312,128,1024,fixed_teacher_forced_horizon_128,0,48687a25253f3bd7cad4b23c55114391fe52168f86904630b8dab76da6fa6883,414a130b9822d37521def5ca988b19532f74e3a3eadfe0eada712aa6463b63cf,a9d5ffa5e13716f19a659facec84bbb0c655038aa38e0c2fef86595334f69023,332ae114a76ac46a7d3480c20e4e121a600cdceb208b3609478f2bbcda77310e
doc01_Hadamard_r02_gpu7,1150013,Hadamard,wikitext2raw-test-001,1,2,20260922,7,GPU-de53f243-b271-521c-d875-d96611ed8574,0.009575239790424312,128,1024,fixed_teacher_forced_horizon_128,0,48687a25253f3bd7cad4b23c55114391fe52168f86904630b8dab76da6fa6883,414a130b9822d37521def5ca988b19532f74e3a3eadfe0eada712aa6463b63cf,a9d5ffa5e13716f19a659facec84bbb0c655038aa38e0c2fef86595334f69023,332ae114a76ac46a7d3480c20e4e121a600cdceb208b3609478f2bbcda77310e
doc01_Hadamard_r03_gpu7,1152192,Hadamard,wikitext2raw-test-001,1,3,20260922,7,GPU-de53f243-b271-521c-d875-d96611ed8574,0.009575239790424312,128,1024,fixed_teacher_forced_horizon_128,0,48687a25253f3bd7cad4b23c55114391fe52168f86904630b8dab76da6fa6883,414a130b9822d37521def5ca988b19532f74e3a3eadfe0eada712aa6463b63cf,a9d5ffa5e13716f19a659facec84bbb0c655038aa38e0c2fef86595334f69023,332ae114a76ac46a7d3480c20e4e121a600cdceb208b3609478f2bbcda77310e
doc01_Hadamard_r04_gpu7,1153359,Hadamard,wikitext2raw-test-001,1,4,20260922,7,GPU-de53f243-b271-521c-d875-d96611ed8574,0.009575239790424312,128,1024,fixed_teacher_forced_horizon_128,0,48687a25253f3bd7cad4b23c55114391fe52168f86904630b8dab76da6fa6883,414a130b9822d37521def5ca988b19532f74e3a3eadfe0eada712aa6463b63cf,a9d5ffa5e13716f19a659facec84bbb0c655038aa38e0c2fef86595334f69023,332ae114a76ac46a7d3480c20e4e121a600cdceb208b3609478f2bbcda77310e
doc01_Native_INT8_r00_gpu7,1130439,Native_INT8,wikitext2raw-test-001,1,0,20260922,7,GPU-de53f243-b271-521c-d875-d96611ed8574,0.10215400806786004,128,1024,fixed_teacher_forced_horizon_128,0,af91513edfd3d96d6bee9082871c08975efa9550d9c3a5c277d0c4f10784206e,414a130b9822d37521def5ca988b19532f74e3a3eadfe0eada712aa6463b63cf,a9d5ffa5e13716f19a659facec84bbb0c655038aa38e0c2fef86595334f69023,332ae114a76ac46a7d3480c20e4e121a600cdceb208b3609478f2bbcda77310e
doc01_Native_INT8_r01_gpu7,1133369,Native_INT8,wikitext2raw-test-001,1,1,20260922,7,GPU-de53f243-b271-521c-d875-d96611ed8574,0.10215400806786004,128,1024,fixed_teacher_forced_horizon_128,0,af91513edfd3d96d6bee9082871c08975efa9550d9c3a5c277d0c4f10784206e,414a130b9822d37521def5ca988b19532f74e3a3eadfe0eada712aa6463b63cf,a9d5ffa5e13716f19a659facec84bbb0c655038aa38e0c2fef86595334f69023,332ae114a76ac46a7d3480c20e4e121a600cdceb208b3609478f2bbcda77310e
doc01_Native_INT8_r02_gpu7,1136036,Native_INT8,wikitext2raw-test-001,1,2,20260922,7,GPU-de53f243-b271-521c-d875-d96611ed8574,0.10215400806786004,128,1024,fixed_teacher_forced_horizon_128,0,af91513edfd3d96d6bee9082871c08975efa9550d9c3a5c277d0c4f10784206e,414a130b9822d37521def5ca988b19532f74e3a3eadfe0eada712aa6463b63cf,a9d5ffa5e13716f19a659facec84bbb0c655038aa38e0c2fef86595334f69023,332ae114a76ac46a7d3480c20e4e121a600cdceb208b3609478f2bbcda77310e
doc01_Native_INT8_r03_gpu7,1140252,Native_INT8,wikitext2raw-test-001,1,3,20260922,7,GPU-de53f243-b271-521c-d875-d96611ed8574,0.10215400806786004,128,1024,fixed_teacher_forced_horizon_128,0,af91513edfd3d96d6bee9082871c08975efa9550d9c3a5c277d0c4f10784206e,414a130b9822d37521def5ca988b19532f74e3a3eadfe0eada712aa6463b63cf,a9d5ffa5e13716f19a659facec84bbb0c655038aa38e0c2fef86595334f69023,332ae114a76ac46a7d3480c20e4e121a600cdceb208b3609478f2bbcda77310e
doc01_Native_INT8_r04_gpu7,1142631,Native_INT8,wikitext2raw-test-001,1,4,20260922,7,GPU-de53f243-b271-521c-d875-d96611ed8574,0.10215400806786004,128,1024,fixed_teacher_forced_horizon_128,0,af91513edfd3d96d6bee9082871c08975efa9550d9c3a5c277d0c4f10784206e,414a130b9822d37521def5ca988b19532f74e3a3eadfe0eada712aa6463b63cf,a9d5ffa5e13716f19a659facec84bbb0c655038aa38e0c2fef86595334f69023,332ae114a76ac46a7d3480c20e4e121a600cdceb208b3609478f2bbcda77310e
doc02_Dense_Functional_r00_gpu7,1188498,Dense_Functional,wikitext2raw-test-002,2,0,20260922,7,GPU-de53f243-b271-521c-d875-d96611ed8574,0.010247638388170765,128,1024,fixed_teacher_forced_horizon_128,0,c5a1f49d881d485cdcd8ed1e78edce9bdcecfb38d242853018e975ca338c3f69,414a130b9822d37521def5ca988b19532f74e3a3eadfe0eada712aa6463b63cf,a9d5ffa5e13716f19a659facec84bbb0c655038aa38e0c2fef86595334f69023,332ae114a76ac46a7d3480c20e4e121a600cdceb208b3609478f2bbcda77310e
doc02_Dense_Functional_r01_gpu7,1192125,Dense_Functional,wikitext2raw-test-002,2,1,20260922,7,GPU-de53f243-b271-521c-d875-d96611ed8574,0.010247638388170765,128,1024,fixed_teacher_forced_horizon_128,0,c5a1f49d881d485cdcd8ed1e78edce9bdcecfb38d242853018e975ca338c3f69,414a130b9822d37521def5ca988b19532f74e3a3eadfe0eada712aa6463b63cf,a9d5ffa5e13716f19a659facec84bbb0c655038aa38e0c2fef86595334f69023,332ae114a76ac46a7d3480c20e4e121a600cdceb208b3609478f2bbcda77310e
doc02_Dense_Functional_r02_gpu7,1201233,Dense_Functional,wikitext2raw-test-002,2,2,20260922,7,GPU-de53f243-b271-521c-d875-d96611ed8574,0.010247638388170765,128,1024,fixed_teacher_forced_horizon_128,0,c5a1f49d881d485cdcd8ed1e78edce9bdcecfb38d242853018e975ca338c3f69,414a130b9822d37521def5ca988b19532f74e3a3eadfe0eada712aa6463b63cf,a9d5ffa5e13716f19a659facec84bbb0c655038aa38e0c2fef86595334f69023,332ae114a76ac46a7d3480c20e4e121a600cdceb208b3609478f2bbcda77310e
doc02_Dense_Functional_r03_gpu7,1204852,Dense_Functional,wikitext2raw-test-002,2,3,20260922,7,GPU-de53f243-b271-521c-d875-d96611ed8574,0.010247638388170765,128,1024,fixed_teacher_forced_horizon_128,0,c5a1f49d881d485cdcd8ed1e78edce9bdcecfb38d242853018e975ca338c3f69,414a130b9822d37521def5ca988b19532f74e3a3eadfe0eada712aa6463b63cf,a9d5ffa5e13716f19a659facec84bbb0c655038aa38e0c2fef86595334f69023,332ae114a76ac46a7d3480c20e4e121a600cdceb208b3609478f2bbcda77310e
doc02_Dense_Functional_r04_gpu7,1206944,Dense_Functional,wikitext2raw-test-002,2,4,20260922,7,GPU-de53f243-b271-521c-d875-d96611ed8574,0.010247638388170765,128,1024,fixed_teacher_forced_horizon_128,0,c5a1f49d881d485cdcd8ed1e78edce9bdcecfb38d242853018e975ca338c3f69,414a130b9822d37521def5ca988b19532f74e3a3eadfe0eada712aa6463b63cf,a9d5ffa5e13716f19a659facec84bbb0c655038aa38e0c2fef86595334f69023,332ae114a76ac46a7d3480c20e4e121a600cdceb208b3609478f2bbcda77310e
doc02_Dense_State_r00_gpu7,1180358,Dense_State,wikitext2raw-test-002,2,0,20260922,7,GPU-de53f243-b271-521c-d875-d96611ed8574,0.00905047638333239,128,1024,fixed_teacher_forced_horizon_128,0,6875db67bc068a457c3b9508e9839898ec08c47d9ba4eebb6873a821f23edf4c,414a130b9822d37521def5ca988b19532f74e3a3eadfe0eada712aa6463b63cf,a9d5ffa5e13716f19a659facec84bbb0c655038aa38e0c2fef86595334f69023,332ae114a76ac46a7d3480c20e4e121a600cdceb208b3609478f2bbcda77310e
doc02_Dense_State_r01_gpu7,1181772,Dense_State,wikitext2raw-test-002,2,1,20260922,7,GPU-de53f243-b271-521c-d875-d96611ed8574,0.00905047638333239,128,1024,fixed_teacher_forced_horizon_128,0,6875db67bc068a457c3b9508e9839898ec08c47d9ba4eebb6873a821f23edf4c,414a130b9822d37521def5ca988b19532f74e3a3eadfe0eada712aa6463b63cf,a9d5ffa5e13716f19a659facec84bbb0c655038aa38e0c2fef86595334f69023,332ae114a76ac46a7d3480c20e4e121a600cdceb208b3609478f2bbcda77310e
doc02_Dense_State_r02_gpu7,1182904,Dense_State,wikitext2raw-test-002,2,2,20260922,7,GPU-de53f243-b271-521c-d875-d96611ed8574,0.00905047638333239,128,1024,fixed_teacher_forced_horizon_128,0,6875db67bc068a457c3b9508e9839898ec08c47d9ba4eebb6873a821f23edf4c,414a130b9822d37521def5ca988b19532f74e3a3eadfe0eada712aa6463b63cf,a9d5ffa5e13716f19a659facec84bbb0c655038aa38e0c2fef86595334f69023,332ae114a76ac46a7d3480c20e4e121a600cdceb208b3609478f2bbcda77310e
doc02_Dense_State_r03_gpu7,1184686,Dense_State,wikitext2raw-test-002,2,3,20260922,7,GPU-de53f243-b271-521c-d875-d96611ed8574,0.00905047638333239,128,1024,fixed_teacher_forced_horizon_128,0,6875db67bc068a457c3b9508e9839898ec08c47d9ba4eebb6873a821f23edf4c,414a130b9822d37521def5ca988b19532f74e3a3eadfe0eada712aa6463b63cf,a9d5ffa5e13716f19a659facec84bbb0c655038aa38e0c2fef86595334f69023,332ae114a76ac46a7d3480c20e4e121a600cdceb208b3609478f2bbcda77310e
doc02_Dense_State_r04_gpu7,1186260,Dense_State,wikitext2raw-test-002,2,4,20260922,7,GPU-de53f243-b271-521c-d875-d96611ed8574,0.00905047638333239,128,1024,fixed_teacher_forced_horizon_128,0,6875db67bc068a457c3b9508e9839898ec08c47d9ba4eebb6873a821f23edf4c,414a130b9822d37521def5ca988b19532f74e3a3eadfe0eada712aa6463b63cf,a9d5ffa5e13716f19a659facec84bbb0c655038aa38e0c2fef86595334f69023,332ae114a76ac46a7d3480c20e4e121a600cdceb208b3609478f2bbcda77310e
doc02_Hadamard_r00_gpu7,1173489,Hadamard,wikitext2raw-test-002,2,0,20260922,7,GPU-de53f243-b271-521c-d875-d96611ed8574,0.006091859988712182,128,1024,fixed_teacher_forced_horizon_128,0,6ed8a85a15d20fc81058bba7139b98c9217e430518007e68753b72e41e61cf0e,414a130b9822d37521def5ca988b19532f74e3a3eadfe0eada712aa6463b63cf,a9d5ffa5e13716f19a659facec84bbb0c655038aa38e0c2fef86595334f69023,332ae114a76ac46a7d3480c20e4e121a600cdceb208b3609478f2bbcda77310e
doc02_Hadamard_r01_gpu7,1174783,Hadamard,wikitext2raw-test-002,2,1,20260922,7,GPU-de53f243-b271-521c-d875-d96611ed8574,0.006091859988712182,128,1024,fixed_teacher_forced_horizon_128,0,6ed8a85a15d20fc81058bba7139b98c9217e430518007e68753b72e41e61cf0e,414a130b9822d37521def5ca988b19532f74e3a3eadfe0eada712aa6463b63cf,a9d5ffa5e13716f19a659facec84bbb0c655038aa38e0c2fef86595334f69023,332ae114a76ac46a7d3480c20e4e121a600cdceb208b3609478f2bbcda77310e
doc02_Hadamard_r02_gpu7,1176312,Hadamard,wikitext2raw-test-002,2,2,20260922,7,GPU-de53f243-b271-521c-d875-d96611ed8574,0.006091859988712182,128,1024,fixed_teacher_forced_horizon_128,0,6ed8a85a15d20fc81058bba7139b98c9217e430518007e68753b72e41e61cf0e,414a130b9822d37521def5ca988b19532f74e3a3eadfe0eada712aa6463b63cf,a9d5ffa5e13716f19a659facec84bbb0c655038aa38e0c2fef86595334f69023,332ae114a76ac46a7d3480c20e4e121a600cdceb208b3609478f2bbcda77310e
doc02_Hadamard_r03_gpu7,1177591,Hadamard,wikitext2raw-test-002,2,3,20260922,7,GPU-de53f243-b271-521c-d875-d96611ed8574,0.006091859988712182,128,1024,fixed_teacher_forced_horizon_128,0,6ed8a85a15d20fc81058bba7139b98c9217e430518007e68753b72e41e61cf0e,414a130b9822d37521def5ca988b19532f74e3a3eadfe0eada712aa6463b63cf,a9d5ffa5e13716f19a659facec84bbb0c655038aa38e0c2fef86595334f69023,332ae114a76ac46a7d3480c20e4e121a600cdceb208b3609478f2bbcda77310e
doc02_Hadamard_r04_gpu7,1178821,Hadamard,wikitext2raw-test-002,2,4,20260922,7,GPU-de53f243-b271-521c-d875-d96611ed8574,0.006091859988712182,128,1024,fixed_teacher_forced_horizon_128,0,6ed8a85a15d20fc81058bba7139b98c9217e430518007e68753b72e41e61cf0e,414a130b9822d37521def5ca988b19532f74e3a3eadfe0eada712aa6463b63cf,a9d5ffa5e13716f19a659facec84bbb0c655038aa38e0c2fef86595334f69023,332ae114a76ac46a7d3480c20e4e121a600cdceb208b3609478f2bbcda77310e
doc02_Native_INT8_r00_gpu7,1167296,Native_INT8,wikitext2raw-test-002,2,0,20260922,7,GPU-de53f243-b271-521c-d875-d96611ed8574,0.021664040746345915,128,1024,fixed_teacher_forced_horizon_128,0,e401eb2fc0b0b249bb2c243dada159087a9501909d25b9120205a165667a3759,414a130b9822d37521def5ca988b19532f74e3a3eadfe0eada712aa6463b63cf,a9d5ffa5e13716f19a659facec84bbb0c655038aa38e0c2fef86595334f69023,332ae114a76ac46a7d3480c20e4e121a600cdceb208b3609478f2bbcda77310e
doc02_Native_INT8_r01_gpu7,1168418,Native_INT8,wikitext2raw-test-002,2,1,20260922,7,GPU-de53f243-b271-521c-d875-d96611ed8574,0.021664040746345915,128,1024,fixed_teacher_forced_horizon_128,0,e401eb2fc0b0b249bb2c243dada159087a9501909d25b9120205a165667a3759,414a130b9822d37521def5ca988b19532f74e3a3eadfe0eada712aa6463b63cf,a9d5ffa5e13716f19a659facec84bbb0c655038aa38e0c2fef86595334f69023,332ae114a76ac46a7d3480c20e4e121a600cdceb208b3609478f2bbcda77310e
doc02_Native_INT8_r02_gpu7,1169406,Native_INT8,wikitext2raw-test-002,2,2,20260922,7,GPU-de53f243-b271-521c-d875-d96611ed8574,0.021664040746345915,128,1024,fixed_teacher_forced_horizon_128,0,e401eb2fc0b0b249bb2c243dada159087a9501909d25b9120205a165667a3759,414a130b9822d37521def5ca988b19532f74e3a3eadfe0eada712aa6463b63cf,a9d5ffa5e13716f19a659facec84bbb0c655038aa38e0c2fef86595334f69023,332ae114a76ac46a7d3480c20e4e121a600cdceb208b3609478f2bbcda77310e
doc02_Native_INT8_r03_gpu7,1170504,Native_INT8,wikitext2raw-test-002,2,3,20260922,7,GPU-de53f243-b271-521c-d875-d96611ed8574,0.021664040746345915,128,1024,fixed_teacher_forced_horizon_128,0,e401eb2fc0b0b249bb2c243dada159087a9501909d25b9120205a165667a3759,414a130b9822d37521def5ca988b19532f74e3a3eadfe0eada712aa6463b63cf,a9d5ffa5e13716f19a659facec84bbb0c655038aa38e0c2fef86595334f69023,332ae114a76ac46a7d3480c20e4e121a600cdceb208b3609478f2bbcda77310e
doc02_Native_INT8_r04_gpu7,1171951,Native_INT8,wikitext2raw-test-002,2,4,20260922,7,GPU-de53f243-b271-521c-d875-d96611ed8574,0.021664040746345915,128,1024,fixed_teacher_forced_horizon_128,0,e401eb2fc0b0b249bb2c243dada159087a9501909d25b9120205a165667a3759,414a130b9822d37521def5ca988b19532f74e3a3eadfe0eada712aa6463b63cf,a9d5ffa5e13716f19a659facec84bbb0c655038aa38e0c2fef86595334f69023,332ae114a76ac46a7d3480c20e4e121a600cdceb208b3609478f2bbcda77310e
doc03_Dense_Functional_r00_gpu7,1252138,Dense_Functional,wikitext2raw-test-003,3,0,20260922,7,GPU-de53f243-b271-521c-d875-d96611ed8574,0.009599680750283383,128,1024,fixed_teacher_forced_horizon_128,0,0220458c603e61b2d456de91ac4ca2ff7d79d678d0c68a7ee3fb0352b7191c7f,414a130b9822d37521def5ca988b19532f74e3a3eadfe0eada712aa6463b63cf,a9d5ffa5e13716f19a659facec84bbb0c655038aa38e0c2fef86595334f69023,332ae114a76ac46a7d3480c20e4e121a600cdceb208b3609478f2bbcda77310e
doc03_Dense_Functional_r01_gpu7,1256378,Dense_Functional,wikitext2raw-test-003,3,1,20260922,7,GPU-de53f243-b271-521c-d875-d96611ed8574,0.009599680750283383,128,1024,fixed_teacher_forced_horizon_128,0,0220458c603e61b2d456de91ac4ca2ff7d79d678d0c68a7ee3fb0352b7191c7f,414a130b9822d37521def5ca988b19532f74e3a3eadfe0eada712aa6463b63cf,a9d5ffa5e13716f19a659facec84bbb0c655038aa38e0c2fef86595334f69023,332ae114a76ac46a7d3480c20e4e121a600cdceb208b3609478f2bbcda77310e
doc03_Dense_Functional_r02_gpu7,1259712,Dense_Functional,wikitext2raw-test-003,3,2,20260922,7,GPU-de53f243-b271-521c-d875-d96611ed8574,0.009599680750283383,128,1024,fixed_teacher_forced_horizon_128,0,0220458c603e61b2d456de91ac4ca2ff7d79d678d0c68a7ee3fb0352b7191c7f,414a130b9822d37521def5ca988b19532f74e3a3eadfe0eada712aa6463b63cf,a9d5ffa5e13716f19a659facec84bbb0c655038aa38e0c2fef86595334f69023,332ae114a76ac46a7d3480c20e4e121a600cdceb208b3609478f2bbcda77310e
doc03_Dense_Functional_r03_gpu7,1264615,Dense_Functional,wikitext2raw-test-003,3,3,20260922,7,GPU-de53f243-b271-521c-d875-d96611ed8574,0.009599680750283383,128,1024,fixed_teacher_forced_horizon_128,0,0220458c603e61b2d456de91ac4ca2ff7d79d678d0c68a7ee3fb0352b7191c7f,414a130b9822d37521def5ca988b19532f74e3a3eadfe0eada712aa6463b63cf,a9d5ffa5e13716f19a659facec84bbb0c655038aa38e0c2fef86595334f69023,332ae114a76ac46a7d3480c20e4e121a600cdceb208b3609478f2bbcda77310e
doc03_Dense_Functional_r04_gpu7,1275977,Dense_Functional,wikitext2raw-test-003,3,4,20260922,7,GPU-de53f243-b271-521c-d875-d96611ed8574,0.009599680750283383,128,1024,fixed_teacher_forced_horizon_128,0,0220458c603e61b2d456de91ac4ca2ff7d79d678d0c68a7ee3fb0352b7191c7f,414a130b9822d37521def5ca988b19532f74e3a3eadfe0eada712aa6463b63cf,a9d5ffa5e13716f19a659facec84bbb0c655038aa38e0c2fef86595334f69023,332ae114a76ac46a7d3480c20e4e121a600cdceb208b3609478f2bbcda77310e
doc03_Dense_State_r00_gpu7,1232434,Dense_State,wikitext2raw-test-003,3,0,20260922,7,GPU-de53f243-b271-521c-d875-d96611ed8574,0.006846370718828733,128,1024,fixed_teacher_forced_horizon_128,0,1e832bf330be66a9f3dabf189554040a5dc65fb2a17f90b60fac67d3d02f3b27,414a130b9822d37521def5ca988b19532f74e3a3eadfe0eada712aa6463b63cf,a9d5ffa5e13716f19a659facec84bbb0c655038aa38e0c2fef86595334f69023,332ae114a76ac46a7d3480c20e4e121a600cdceb208b3609478f2bbcda77310e
doc03_Dense_State_r01_gpu7,1235915,Dense_State,wikitext2raw-test-003,3,1,20260922,7,GPU-de53f243-b271-521c-d875-d96611ed8574,0.006846370718828733,128,1024,fixed_teacher_forced_horizon_128,0,1e832bf330be66a9f3dabf189554040a5dc65fb2a17f90b60fac67d3d02f3b27,414a130b9822d37521def5ca988b19532f74e3a3eadfe0eada712aa6463b63cf,a9d5ffa5e13716f19a659facec84bbb0c655038aa38e0c2fef86595334f69023,332ae114a76ac46a7d3480c20e4e121a600cdceb208b3609478f2bbcda77310e
doc03_Dense_State_r02_gpu7,1238999,Dense_State,wikitext2raw-test-003,3,2,20260922,7,GPU-de53f243-b271-521c-d875-d96611ed8574,0.006846370718828733,128,1024,fixed_teacher_forced_horizon_128,0,1e832bf330be66a9f3dabf189554040a5dc65fb2a17f90b60fac67d3d02f3b27,414a130b9822d37521def5ca988b19532f74e3a3eadfe0eada712aa6463b63cf,a9d5ffa5e13716f19a659facec84bbb0c655038aa38e0c2fef86595334f69023,332ae114a76ac46a7d3480c20e4e121a600cdceb208b3609478f2bbcda77310e
doc03_Dense_State_r03_gpu7,1244725,Dense_State,wikitext2raw-test-003,3,3,20260922,7,GPU-de53f243-b271-521c-d875-d96611ed8574,0.006846370718828733,128,1024,fixed_teacher_forced_horizon_128,0,1e832bf330be66a9f3dabf189554040a5dc65fb2a17f90b60fac67d3d02f3b27,414a130b9822d37521def5ca988b19532f74e3a3eadfe0eada712aa6463b63cf,a9d5ffa5e13716f19a659facec84bbb0c655038aa38e0c2fef86595334f69023,332ae114a76ac46a7d3480c20e4e121a600cdceb208b3609478f2bbcda77310e
doc03_Dense_State_r04_gpu7,1248766,Dense_State,wikitext2raw-test-003,3,4,20260922,7,GPU-de53f243-b271-521c-d875-d96611ed8574,0.006846370718828733,128,1024,fixed_teacher_forced_horizon_128,0,1e832bf330be66a9f3dabf189554040a5dc65fb2a17f90b60fac67d3d02f3b27,414a130b9822d37521def5ca988b19532f74e3a3eadfe0eada712aa6463b63cf,a9d5ffa5e13716f19a659facec84bbb0c655038aa38e0c2fef86595334f69023,332ae114a76ac46a7d3480c20e4e121a600cdceb208b3609478f2bbcda77310e
doc03_Hadamard_r00_gpu7,1219977,Hadamard,wikitext2raw-test-003,3,0,20260922,7,GPU-de53f243-b271-521c-d875-d96611ed8574,0.020737103951124863,128,1024,fixed_teacher_forced_horizon_128,0,c4f7786cf7094db3ef2dfd084a1ab0c5ae344377f550dbfea2a2ce140aaa7e05,414a130b9822d37521def5ca988b19532f74e3a3eadfe0eada712aa6463b63cf,a9d5ffa5e13716f19a659facec84bbb0c655038aa38e0c2fef86595334f69023,332ae114a76ac46a7d3480c20e4e121a600cdceb208b3609478f2bbcda77310e
doc03_Hadamard_r01_gpu7,1222102,Hadamard,wikitext2raw-test-003,3,1,20260922,7,GPU-de53f243-b271-521c-d875-d96611ed8574,0.020737103951124863,128,1024,fixed_teacher_forced_horizon_128,0,c4f7786cf7094db3ef2dfd084a1ab0c5ae344377f550dbfea2a2ce140aaa7e05,414a130b9822d37521def5ca988b19532f74e3a3eadfe0eada712aa6463b63cf,a9d5ffa5e13716f19a659facec84bbb0c655038aa38e0c2fef86595334f69023,332ae114a76ac46a7d3480c20e4e121a600cdceb208b3609478f2bbcda77310e
doc03_Hadamard_r02_gpu7,1224764,Hadamard,wikitext2raw-test-003,3,2,20260922,7,GPU-de53f243-b271-521c-d875-d96611ed8574,0.020737103951124863,128,1024,fixed_teacher_forced_horizon_128,0,c4f7786cf7094db3ef2dfd084a1ab0c5ae344377f550dbfea2a2ce140aaa7e05,414a130b9822d37521def5ca988b19532f74e3a3eadfe0eada712aa6463b63cf,a9d5ffa5e13716f19a659facec84bbb0c655038aa38e0c2fef86595334f69023,332ae114a76ac46a7d3480c20e4e121a600cdceb208b3609478f2bbcda77310e
doc03_Hadamard_r03_gpu7,1227407,Hadamard,wikitext2raw-test-003,3,3,20260922,7,GPU-de53f243-b271-521c-d875-d96611ed8574,0.020737103951124863,128,1024,fixed_teacher_forced_horizon_128,0,c4f7786cf7094db3ef2dfd084a1ab0c5ae344377f550dbfea2a2ce140aaa7e05,414a130b9822d37521def5ca988b19532f74e3a3eadfe0eada712aa6463b63cf,a9d5ffa5e13716f19a659facec84bbb0c655038aa38e0c2fef86595334f69023,332ae114a76ac46a7d3480c20e4e121a600cdceb208b3609478f2bbcda77310e
doc03_Hadamard_r04_gpu7,1229674,Hadamard,wikitext2raw-test-003,3,4,20260922,7,GPU-de53f243-b271-521c-d875-d96611ed8574,0.020737103951124863,128,1024,fixed_teacher_forced_horizon_128,0,c4f7786cf7094db3ef2dfd084a1ab0c5ae344377f550dbfea2a2ce140aaa7e05,414a130b9822d37521def5ca988b19532f74e3a3eadfe0eada712aa6463b63cf,a9d5ffa5e13716f19a659facec84bbb0c655038aa38e0c2fef86595334f69023,332ae114a76ac46a7d3480c20e4e121a600cdceb208b3609478f2bbcda77310e
doc03_Native_INT8_r00_gpu7,1209544,Native_INT8,wikitext2raw-test-003,3,0,20260922,7,GPU-de53f243-b271-521c-d875-d96611ed8574,0.011734622086118265,128,1024,fixed_teacher_forced_horizon_128,0,f291db211051d2fa29c18e6735f0d91ce85cc935bcb067bc4ff8c9a83ee67d61,414a130b9822d37521def5ca988b19532f74e3a3eadfe0eada712aa6463b63cf,a9d5ffa5e13716f19a659facec84bbb0c655038aa38e0c2fef86595334f69023,332ae114a76ac46a7d3480c20e4e121a600cdceb208b3609478f2bbcda77310e
doc03_Native_INT8_r01_gpu7,1212364,Native_INT8,wikitext2raw-test-003,3,1,20260922,7,GPU-de53f243-b271-521c-d875-d96611ed8574,0.011734622086118265,128,1024,fixed_teacher_forced_horizon_128,0,f291db211051d2fa29c18e6735f0d91ce85cc935bcb067bc4ff8c9a83ee67d61,414a130b9822d37521def5ca988b19532f74e3a3eadfe0eada712aa6463b63cf,a9d5ffa5e13716f19a659facec84bbb0c655038aa38e0c2fef86595334f69023,332ae114a76ac46a7d3480c20e4e121a600cdceb208b3609478f2bbcda77310e
doc03_Native_INT8_r02_gpu7,1214403,Native_INT8,wikitext2raw-test-003,3,2,20260922,7,GPU-de53f243-b271-521c-d875-d96611ed8574,0.011734622086118265,128,1024,fixed_teacher_forced_horizon_128,0,f291db211051d2fa29c18e6735f0d91ce85cc935bcb067bc4ff8c9a83ee67d61,414a130b9822d37521def5ca988b19532f74e3a3eadfe0eada712aa6463b63cf,a9d5ffa5e13716f19a659facec84bbb0c655038aa38e0c2fef86595334f69023,332ae114a76ac46a7d3480c20e4e121a600cdceb208b3609478f2bbcda77310e
doc03_Native_INT8_r03_gpu7,1216459,Native_INT8,wikitext2raw-test-003,3,3,20260922,7,GPU-de53f243-b271-521c-d875-d96611ed8574,0.011734622086118265,128,1024,fixed_teacher_forced_horizon_128,0,f291db211051d2fa29c18e6735f0d91ce85cc935bcb067bc4ff8c9a83ee67d61,414a130b9822d37521def5ca988b19532f74e3a3eadfe0eada712aa6463b63cf,a9d5ffa5e13716f19a659facec84bbb0c655038aa38e0c2fef86595334f69023,332ae114a76ac46a7d3480c20e4e121a600cdceb208b3609478f2bbcda77310e
doc03_Native_INT8_r04_gpu7,1218284,Native_INT8,wikitext2raw-test-003,3,4,20260922,7,GPU-de53f243-b271-521c-d875-d96611ed8574,0.011734622086118265,128,1024,fixed_teacher_forced_horizon_128,0,f291db211051d2fa29c18e6735f0d91ce85cc935bcb067bc4ff8c9a83ee67d61,414a130b9822d37521def5ca988b19532f74e3a3eadfe0eada712aa6463b63cf,a9d5ffa5e13716f19a659facec84bbb0c655038aa38e0c2fef86595334f69023,332ae114a76ac46a7d3480c20e4e121a600cdceb208b3609478f2bbcda77310e
doc04_Dense_Functional_r00_gpu7,1347708,Dense_Functional,wikitext2raw-test-004,4,0,20260922,7,GPU-de53f243-b271-521c-d875-d96611ed8574,0.001983196636766787,128,1024,fixed_teacher_forced_horizon_128,0,6e67da061e391fd5236920b5e305d65780f774b7d00225a43e45cb1a858d1b66,414a130b9822d37521def5ca988b19532f74e3a3eadfe0eada712aa6463b63cf,a9d5ffa5e13716f19a659facec84bbb0c655038aa38e0c2fef86595334f69023,332ae114a76ac46a7d3480c20e4e121a600cdceb208b3609478f2bbcda77310e
doc04_Dense_Functional_r01_gpu7,1349055,Dense_Functional,wikitext2raw-test-004,4,1,20260922,7,GPU-de53f243-b271-521c-d875-d96611ed8574,0.001983196636766787,128,1024,fixed_teacher_forced_horizon_128,0,6e67da061e391fd5236920b5e305d65780f774b7d00225a43e45cb1a858d1b66,414a130b9822d37521def5ca988b19532f74e3a3eadfe0eada712aa6463b63cf,a9d5ffa5e13716f19a659facec84bbb0c655038aa38e0c2fef86595334f69023,332ae114a76ac46a7d3480c20e4e121a600cdceb208b3609478f2bbcda77310e
doc04_Dense_Functional_r02_gpu7,1350514,Dense_Functional,wikitext2raw-test-004,4,2,20260922,7,GPU-de53f243-b271-521c-d875-d96611ed8574,0.001983196636766787,128,1024,fixed_teacher_forced_horizon_128,0,6e67da061e391fd5236920b5e305d65780f774b7d00225a43e45cb1a858d1b66,414a130b9822d37521def5ca988b19532f74e3a3eadfe0eada712aa6463b63cf,a9d5ffa5e13716f19a659facec84bbb0c655038aa38e0c2fef86595334f69023,332ae114a76ac46a7d3480c20e4e121a600cdceb208b3609478f2bbcda77310e
doc04_Dense_Functional_r03_gpu7,1351829,Dense_Functional,wikitext2raw-test-004,4,3,20260922,7,GPU-de53f243-b271-521c-d875-d96611ed8574,0.001983196636766787,128,1024,fixed_teacher_forced_horizon_128,0,6e67da061e391fd5236920b5e305d65780f774b7d00225a43e45cb1a858d1b66,414a130b9822d37521def5ca988b19532f74e3a3eadfe0eada712aa6463b63cf,a9d5ffa5e13716f19a659facec84bbb0c655038aa38e0c2fef86595334f69023,332ae114a76ac46a7d3480c20e4e121a600cdceb208b3609478f2bbcda77310e
doc04_Dense_Functional_r04_gpu7,1353515,Dense_Functional,wikitext2raw-test-004,4,4,20260922,7,GPU-de53f243-b271-521c-d875-d96611ed8574,0.001983196636766787,128,1024,fixed_teacher_forced_horizon_128,0,6e67da061e391fd5236920b5e305d65780f774b7d00225a43e45cb1a858d1b66,414a130b9822d37521def5ca988b19532f74e3a3eadfe0eada712aa6463b63cf,a9d5ffa5e13716f19a659facec84bbb0c655038aa38e0c2fef86595334f69023,332ae114a76ac46a7d3480c20e4e121a600cdceb208b3609478f2bbcda77310e
doc04_Dense_State_r00_gpu7,1335855,Dense_State,wikitext2raw-test-004,4,0,20260922,7,GPU-de53f243-b271-521c-d875-d96611ed8574,0.006396785024168542,128,1024,fixed_teacher_forced_horizon_128,0,808ee1ad5d2744ce238bd2bacadfefd609d5041f64f18a91618dd44b7c58b8d4,414a130b9822d37521def5ca988b19532f74e3a3eadfe0eada712aa6463b63cf,a9d5ffa5e13716f19a659facec84bbb0c655038aa38e0c2fef86595334f69023,332ae114a76ac46a7d3480c20e4e121a600cdceb208b3609478f2bbcda77310e
doc04_Dense_State_r01_gpu7,1341003,Dense_State,wikitext2raw-test-004,4,1,20260922,7,GPU-de53f243-b271-521c-d875-d96611ed8574,0.006396785024168542,128,1024,fixed_teacher_forced_horizon_128,0,808ee1ad5d2744ce238bd2bacadfefd609d5041f64f18a91618dd44b7c58b8d4,414a130b9822d37521def5ca988b19532f74e3a3eadfe0eada712aa6463b63cf,a9d5ffa5e13716f19a659facec84bbb0c655038aa38e0c2fef86595334f69023,332ae114a76ac46a7d3480c20e4e121a600cdceb208b3609478f2bbcda77310e
doc04_Dense_State_r02_gpu7,1342909,Dense_State,wikitext2raw-test-004,4,2,20260922,7,GPU-de53f243-b271-521c-d875-d96611ed8574,0.006396785024168542,128,1024,fixed_teacher_forced_horizon_128,0,808ee1ad5d2744ce238bd2bacadfefd609d5041f64f18a91618dd44b7c58b8d4,414a130b9822d37521def5ca988b19532f74e3a3eadfe0eada712aa6463b63cf,a9d5ffa5e13716f19a659facec84bbb0c655038aa38e0c2fef86595334f69023,332ae114a76ac46a7d3480c20e4e121a600cdceb208b3609478f2bbcda77310e
doc04_Dense_State_r03_gpu7,1344859,Dense_State,wikitext2raw-test-004,4,3,20260922,7,GPU-de53f243-b271-521c-d875-d96611ed8574,0.006396785024168542,128,1024,fixed_teacher_forced_horizon_128,0,808ee1ad5d2744ce238bd2bacadfefd609d5041f64f18a91618dd44b7c58b8d4,414a130b9822d37521def5ca988b19532f74e3a3eadfe0eada712aa6463b63cf,a9d5ffa5e13716f19a659facec84bbb0c655038aa38e0c2fef86595334f69023,332ae114a76ac46a7d3480c20e4e121a600cdceb208b3609478f2bbcda77310e
doc04_Dense_State_r04_gpu7,1346235,Dense_State,wikitext2raw-test-004,4,4,20260922,7,GPU-de53f243-b271-521c-d875-d96611ed8574,0.006396785024168542,128,1024,fixed_teacher_forced_horizon_128,0,808ee1ad5d2744ce238bd2bacadfefd609d5041f64f18a91618dd44b7c58b8d4,414a130b9822d37521def5ca988b19532f74e3a3eadfe0eada712aa6463b63cf,a9d5ffa5e13716f19a659facec84bbb0c655038aa38e0c2fef86595334f69023,332ae114a76ac46a7d3480c20e4e121a600cdceb208b3609478f2bbcda77310e
doc04_Hadamard_r00_gpu7,1302272,Hadamard,wikitext2raw-test-004,4,0,20260922,7,GPU-de53f243-b271-521c-d875-d96611ed8574,0.011528173803698315,128,1024,fixed_teacher_forced_horizon_128,0,f8b25b8dfaabee601c584b9973e43adca3424b7054b5c9d7191c3662e5e9f8c1,414a130b9822d37521def5ca988b19532f74e3a3eadfe0eada712aa6463b63cf,a9d5ffa5e13716f19a659facec84bbb0c655038aa38e0c2fef86595334f69023,332ae114a76ac46a7d3480c20e4e121a600cdceb208b3609478f2bbcda77310e
doc04_Hadamard_r01_gpu7,1308289,Hadamard,wikitext2raw-test-004,4,1,20260922,7,GPU-de53f243-b271-521c-d875-d96611ed8574,0.011528173803698315,128,1024,fixed_teacher_forced_horizon_128,0,f8b25b8dfaabee601c584b9973e43adca3424b7054b5c9d7191c3662e5e9f8c1,414a130b9822d37521def5ca988b19532f74e3a3eadfe0eada712aa6463b63cf,a9d5ffa5e13716f19a659facec84bbb0c655038aa38e0c2fef86595334f69023,332ae114a76ac46a7d3480c20e4e121a600cdceb208b3609478f2bbcda77310e
doc04_Hadamard_r02_gpu7,1315918,Hadamard,wikitext2raw-test-004,4,2,20260922,7,GPU-de53f243-b271-521c-d875-d96611ed8574,0.011528173803698315,128,1024,fixed_teacher_forced_horizon_128,0,f8b25b8dfaabee601c584b9973e43adca3424b7054b5c9d7191c3662e5e9f8c1,414a130b9822d37521def5ca988b19532f74e3a3eadfe0eada712aa6463b63cf,a9d5ffa5e13716f19a659facec84bbb0c655038aa38e0c2fef86595334f69023,332ae114a76ac46a7d3480c20e4e121a600cdceb208b3609478f2bbcda77310e
doc04_Hadamard_r03_gpu7,1324188,Hadamard,wikitext2raw-test-004,4,3,20260922,7,GPU-de53f243-b271-521c-d875-d96611ed8574,0.011528173803698315,128,1024,fixed_teacher_forced_horizon_128,0,f8b25b8dfaabee601c584b9973e43adca3424b7054b5c9d7191c3662e5e9f8c1,414a130b9822d37521def5ca988b19532f74e3a3eadfe0eada712aa6463b63cf,a9d5ffa5e13716f19a659facec84bbb0c655038aa38e0c2fef86595334f69023,332ae114a76ac46a7d3480c20e4e121a600cdceb208b3609478f2bbcda77310e
doc04_Hadamard_r04_gpu7,1330073,Hadamard,wikitext2raw-test-004,4,4,20260922,7,GPU-de53f243-b271-521c-d875-d96611ed8574,0.011528173803698315,128,1024,fixed_teacher_forced_horizon_128,0,f8b25b8dfaabee601c584b9973e43adca3424b7054b5c9d7191c3662e5e9f8c1,414a130b9822d37521def5ca988b19532f74e3a3eadfe0eada712aa6463b63cf,a9d5ffa5e13716f19a659facec84bbb0c655038aa38e0c2fef86595334f69023,332ae114a76ac46a7d3480c20e4e121a600cdceb208b3609478f2bbcda77310e
doc04_Native_INT8_r01_gpu7,1282260,Native_INT8,wikitext2raw-test-004,4,1,20260922,7,GPU-de53f243-b271-521c-d875-d96611ed8574,0.006892923656635066,128,1024,fixed_teacher_forced_horizon_128,0,5983efe1f432b0562948d85b42cf6580ced62f69ab2dd1b7080c889ad7aceb62,414a130b9822d37521def5ca988b19532f74e3a3eadfe0eada712aa6463b63cf,a9d5ffa5e13716f19a659facec84bbb0c655038aa38e0c2fef86595334f69023,332ae114a76ac46a7d3480c20e4e121a600cdceb208b3609478f2bbcda77310e
doc04_Native_INT8_r02_gpu7,1288618,Native_INT8,wikitext2raw-test-004,4,2,20260922,7,GPU-de53f243-b271-521c-d875-d96611ed8574,0.006892923656635066,128,1024,fixed_teacher_forced_horizon_128,0,5983efe1f432b0562948d85b42cf6580ced62f69ab2dd1b7080c889ad7aceb62,414a130b9822d37521def5ca988b19532f74e3a3eadfe0eada712aa6463b63cf,a9d5ffa5e13716f19a659facec84bbb0c655038aa38e0c2fef86595334f69023,332ae114a76ac46a7d3480c20e4e121a600cdceb208b3609478f2bbcda77310e
doc04_Native_INT8_r03_gpu7,1294205,Native_INT8,wikitext2raw-test-004,4,3,20260922,7,GPU-de53f243-b271-521c-d875-d96611ed8574,0.006892923656635066,128,1024,fixed_teacher_forced_horizon_128,0,5983efe1f432b0562948d85b42cf6580ced62f69ab2dd1b7080c889ad7aceb62,414a130b9822d37521def5ca988b19532f74e3a3eadfe0eada712aa6463b63cf,a9d5ffa5e13716f19a659facec84bbb0c655038aa38e0c2fef86595334f69023,332ae114a76ac46a7d3480c20e4e121a600cdceb208b3609478f2bbcda77310e
doc04_Native_INT8_r04_gpu7,1298539,Native_INT8,wikitext2raw-test-004,4,4,20260922,7,GPU-de53f243-b271-521c-d875-d96611ed8574,0.006892923656635066,128,1024,fixed_teacher_forced_horizon_128,0,5983efe1f432b0562948d85b42cf6580ced62f69ab2dd1b7080c889ad7aceb62,414a130b9822d37521def5ca988b19532f74e3a3eadfe0eada712aa6463b63cf,a9d5ffa5e13716f19a659facec84bbb0c655038aa38e0c2fef86595334f69023,332ae114a76ac46a7d3480c20e4e121a600cdceb208b3609478f2bbcda77310e
doc05_Dense_Functional_r00_gpu7,1380997,Dense_Functional,wikitext2raw-test-005,5,0,20260922,7,GPU-de53f243-b271-521c-d875-d96611ed8574,0.04610766127236246,128,1024,fixed_teacher_forced_horizon_128,0,0a875a63f73816a0454f06b6e2927f357fa6f0df42aa73b61ab4a08b6418ac68,414a130b9822d37521def5ca988b19532f74e3a3eadfe0eada712aa6463b63cf,a9d5ffa5e13716f19a659facec84bbb0c655038aa38e0c2fef86595334f69023,332ae114a76ac46a7d3480c20e4e121a600cdceb208b3609478f2bbcda77310e
doc05_Dense_Functional_r01_gpu7,1382379,Dense_Functional,wikitext2raw-test-005,5,1,20260922,7,GPU-de53f243-b271-521c-d875-d96611ed8574,0.04610766127236246,128,1024,fixed_teacher_forced_horizon_128,0,0a875a63f73816a0454f06b6e2927f357fa6f0df42aa73b61ab4a08b6418ac68,414a130b9822d37521def5ca988b19532f74e3a3eadfe0eada712aa6463b63cf,a9d5ffa5e13716f19a659facec84bbb0c655038aa38e0c2fef86595334f69023,332ae114a76ac46a7d3480c20e4e121a600cdceb208b3609478f2bbcda77310e
doc05_Dense_Functional_r02_gpu7,1384076,Dense_Functional,wikitext2raw-test-005,5,2,20260922,7,GPU-de53f243-b271-521c-d875-d96611ed8574,0.04610766127236246,128,1024,fixed_teacher_forced_horizon_128,0,0a875a63f73816a0454f06b6e2927f357fa6f0df42aa73b61ab4a08b6418ac68,414a130b9822d37521def5ca988b19532f74e3a3eadfe0eada712aa6463b63cf,a9d5ffa5e13716f19a659facec84bbb0c655038aa38e0c2fef86595334f69023,332ae114a76ac46a7d3480c20e4e121a600cdceb208b3609478f2bbcda77310e
doc05_Dense_Functional_r03_gpu7,1385496,Dense_Functional,wikitext2raw-test-005,5,3,20260922,7,GPU-de53f243-b271-521c-d875-d96611ed8574,0.04610766127236246,128,1024,fixed_teacher_forced_horizon_128,0,0a875a63f73816a0454f06b6e2927f357fa6f0df42aa73b61ab4a08b6418ac68,414a130b9822d37521def5ca988b19532f74e3a3eadfe0eada712aa6463b63cf,a9d5ffa5e13716f19a659facec84bbb0c655038aa38e0c2fef86595334f69023,332ae114a76ac46a7d3480c20e4e121a600cdceb208b3609478f2bbcda77310e
doc05_Dense_Functional_r04_gpu7,1386935,Dense_Functional,wikitext2raw-test-005,5,4,20260922,7,GPU-de53f243-b271-521c-d875-d96611ed8574,0.04610766127236246,128,1024,fixed_teacher_forced_horizon_128,0,0a875a63f73816a0454f06b6e2927f357fa6f0df42aa73b61ab4a08b6418ac68,414a130b9822d37521def5ca988b19532f74e3a3eadfe0eada712aa6463b63cf,a9d5ffa5e13716f19a659facec84bbb0c655038aa38e0c2fef86595334f69023,332ae114a76ac46a7d3480c20e4e121a600cdceb208b3609478f2bbcda77310e
doc05_Dense_State_r00_gpu7,1373414,Dense_State,wikitext2raw-test-005,5,0,20260922,7,GPU-de53f243-b271-521c-d875-d96611ed8574,0.049072904204289745,128,1024,fixed_teacher_forced_horizon_128,0,88d628b01a9a02fce9ed79bac1303322b264eb95be618226b03985ce63d17d0c,414a130b9822d37521def5ca988b19532f74e3a3eadfe0eada712aa6463b63cf,a9d5ffa5e13716f19a659facec84bbb0c655038aa38e0c2fef86595334f69023,332ae114a76ac46a7d3480c20e4e121a600cdceb208b3609478f2bbcda77310e
doc05_Dense_State_r01_gpu7,1375207,Dense_State,wikitext2raw-test-005,5,1,20260922,7,GPU-de53f243-b271-521c-d875-d96611ed8574,0.049072904204289745,128,1024,fixed_teacher_forced_horizon_128,0,88d628b01a9a02fce9ed79bac1303322b264eb95be618226b03985ce63d17d0c,414a130b9822d37521def5ca988b19532f74e3a3eadfe0eada712aa6463b63cf,a9d5ffa5e13716f19a659facec84bbb0c655038aa38e0c2fef86595334f69023,332ae114a76ac46a7d3480c20e4e121a600cdceb208b3609478f2bbcda77310e
doc05_Dense_State_r02_gpu7,1376724,Dense_State,wikitext2raw-test-005,5,2,20260922,7,GPU-de53f243-b271-521c-d875-d96611ed8574,0.049072904204289745,128,1024,fixed_teacher_forced_horizon_128,0,88d628b01a9a02fce9ed79bac1303322b264eb95be618226b03985ce63d17d0c,414a130b9822d37521def5ca988b19532f74e3a3eadfe0eada712aa6463b63cf,a9d5ffa5e13716f19a659facec84bbb0c655038aa38e0c2fef86595334f69023,332ae114a76ac46a7d3480c20e4e121a600cdceb208b3609478f2bbcda77310e
doc05_Dense_State_r03_gpu7,1378214,Dense_State,wikitext2raw-test-005,5,3,20260922,7,GPU-de53f243-b271-521c-d875-d96611ed8574,0.049072904204289745,128,1024,fixed_teacher_forced_horizon_128,0,88d628b01a9a02fce9ed79bac1303322b264eb95be618226b03985ce63d17d0c,414a130b9822d37521def5ca988b19532f74e3a3eadfe0eada712aa6463b63cf,a9d5ffa5e13716f19a659facec84bbb0c655038aa38e0c2fef86595334f69023,332ae114a76ac46a7d3480c20e4e121a600cdceb208b3609478f2bbcda77310e
doc05_Dense_State_r04_gpu7,1379559,Dense_State,wikitext2raw-test-005,5,4,20260922,7,GPU-de53f243-b271-521c-d875-d96611ed8574,0.049072904204289745,128,1024,fixed_teacher_forced_horizon_128,0,88d628b01a9a02fce9ed79bac1303322b264eb95be618226b03985ce63d17d0c,414a130b9822d37521def5ca988b19532f74e3a3eadfe0eada712aa6463b63cf,a9d5ffa5e13716f19a659facec84bbb0c655038aa38e0c2fef86595334f69023,332ae114a76ac46a7d3480c20e4e121a600cdceb208b3609478f2bbcda77310e
doc05_Hadamard_r00_gpu7,1363908,Hadamard,wikitext2raw-test-005,5,0,20260922,7,GPU-de53f243-b271-521c-d875-d96611ed8574,0.02670015308155319,128,1024,fixed_teacher_forced_horizon_128,0,8cefcd36d0b8640611f31def4232c3148d0e6d84a4bd56d8b243ec5a3f9c6b62,414a130b9822d37521def5ca988b19532f74e3a3eadfe0eada712aa6463b63cf,a9d5ffa5e13716f19a659facec84bbb0c655038aa38e0c2fef86595334f69023,332ae114a76ac46a7d3480c20e4e121a600cdceb208b3609478f2bbcda77310e
doc05_Hadamard_r01_gpu7,1365523,Hadamard,wikitext2raw-test-005,5,1,20260922,7,GPU-de53f243-b271-521c-d875-d96611ed8574,0.02670015308155319,128,1024,fixed_teacher_forced_horizon_128,0,8cefcd36d0b8640611f31def4232c3148d0e6d84a4bd56d8b243ec5a3f9c6b62,414a130b9822d37521def5ca988b19532f74e3a3eadfe0eada712aa6463b63cf,a9d5ffa5e13716f19a659facec84bbb0c655038aa38e0c2fef86595334f69023,332ae114a76ac46a7d3480c20e4e121a600cdceb208b3609478f2bbcda77310e
doc05_Hadamard_r02_gpu7,1367454,Hadamard,wikitext2raw-test-005,5,2,20260922,7,GPU-de53f243-b271-521c-d875-d96611ed8574,0.02670015308155319,128,1024,fixed_teacher_forced_horizon_128,0,8cefcd36d0b8640611f31def4232c3148d0e6d84a4bd56d8b243ec5a3f9c6b62,414a130b9822d37521def5ca988b19532f74e3a3eadfe0eada712aa6463b63cf,a9d5ffa5e13716f19a659facec84bbb0c655038aa38e0c2fef86595334f69023,332ae114a76ac46a7d3480c20e4e121a600cdceb208b3609478f2bbcda77310e
doc05_Hadamard_r03_gpu7,1369723,Hadamard,wikitext2raw-test-005,5,3,20260922,7,GPU-de53f243-b271-521c-d875-d96611ed8574,0.02670015308155319,128,1024,fixed_teacher_forced_horizon_128,0,8cefcd36d0b8640611f31def4232c3148d0e6d84a4bd56d8b243ec5a3f9c6b62,414a130b9822d37521def5ca988b19532f74e3a3eadfe0eada712aa6463b63cf,a9d5ffa5e13716f19a659facec84bbb0c655038aa38e0c2fef86595334f69023,332ae114a76ac46a7d3480c20e4e121a600cdceb208b3609478f2bbcda77310e
doc05_Hadamard_r04_gpu7,1371457,Hadamard,wikitext2raw-test-005,5,4,20260922,7,GPU-de53f243-b271-521c-d875-d96611ed8574,0.02670015308155319,128,1024,fixed_teacher_forced_horizon_128,0,8cefcd36d0b8640611f31def4232c3148d0e6d84a4bd56d8b243ec5a3f9c6b62,414a130b9822d37521def5ca988b19532f74e3a3eadfe0eada712aa6463b63cf,a9d5ffa5e13716f19a659facec84bbb0c655038aa38e0c2fef86595334f69023,332ae114a76ac46a7d3480c20e4e121a600cdceb208b3609478f2bbcda77310e
doc05_Native_INT8_r00_gpu7,1355407,Native_INT8,wikitext2raw-test-005,5,0,20260922,7,GPU-de53f243-b271-521c-d875-d96611ed8574,0.04823662582638226,128,1024,fixed_teacher_forced_horizon_128,0,4c28044d8c60560c20e8875e83d01fc3f50ae70123dc45f80794255d2b0a9df3,414a130b9822d37521def5ca988b19532f74e3a3eadfe0eada712aa6463b63cf,a9d5ffa5e13716f19a659facec84bbb0c655038aa38e0c2fef86595334f69023,332ae114a76ac46a7d3480c20e4e121a600cdceb208b3609478f2bbcda77310e
doc05_Native_INT8_r01_gpu7,1357384,Native_INT8,wikitext2raw-test-005,5,1,20260922,7,GPU-de53f243-b271-521c-d875-d96611ed8574,0.04823662582638226,128,1024,fixed_teacher_forced_horizon_128,0,4c28044d8c60560c20e8875e83d01fc3f50ae70123dc45f80794255d2b0a9df3,414a130b9822d37521def5ca988b19532f74e3a3eadfe0eada712aa6463b63cf,a9d5ffa5e13716f19a659facec84bbb0c655038aa38e0c2fef86595334f69023,332ae114a76ac46a7d3480c20e4e121a600cdceb208b3609478f2bbcda77310e
doc05_Native_INT8_r02_gpu7,1358922,Native_INT8,wikitext2raw-test-005,5,2,20260922,7,GPU-de53f243-b271-521c-d875-d96611ed8574,0.04823662582638226,128,1024,fixed_teacher_forced_horizon_128,0,4c28044d8c60560c20e8875e83d01fc3f50ae70123dc45f80794255d2b0a9df3,414a130b9822d37521def5ca988b19532f74e3a3eadfe0eada712aa6463b63cf,a9d5ffa5e13716f19a659facec84bbb0c655038aa38e0c2fef86595334f69023,332ae114a76ac46a7d3480c20e4e121a600cdceb208b3609478f2bbcda77310e
doc05_Native_INT8_r03_gpu7,1360454,Native_INT8,wikitext2raw-test-005,5,3,20260922,7,GPU-de53f243-b271-521c-d875-d96611ed8574,0.04823662582638226,128,1024,fixed_teacher_forced_horizon_128,0,4c28044d8c60560c20e8875e83d01fc3f50ae70123dc45f80794255d2b0a9df3,414a130b9822d37521def5ca988b19532f74e3a3eadfe0eada712aa6463b63cf,a9d5ffa5e13716f19a659facec84bbb0c655038aa38e0c2fef86595334f69023,332ae114a76ac46a7d3480c20e4e121a600cdceb208b3609478f2bbcda77310e
doc05_Native_INT8_r04_gpu7,1362035,Native_INT8,wikitext2raw-test-005,5,4,20260922,7,GPU-de53f243-b271-521c-d875-d96611ed8574,0.04823662582638226,128,1024,fixed_teacher_forced_horizon_128,0,4c28044d8c60560c20e8875e83d01fc3f50ae70123dc45f80794255d2b0a9df3,414a130b9822d37521def5ca988b19532f74e3a3eadfe0eada712aa6463b63cf,a9d5ffa5e13716f19a659facec84bbb0c655038aa38e0c2fef86595334f69023,332ae114a76ac46a7d3480c20e4e121a600cdceb208b3609478f2bbcda77310e
doc06_Dense_Functional_r00_gpu7,1411692,Dense_Functional,wikitext2raw-test-006,6,0,20260922,7,GPU-de53f243-b271-521c-d875-d96611ed8574,0.005035751458828016,128,1024,fixed_teacher_forced_horizon_128,0,bb33130d372c32f5fe58a3885215c6cef53cb9a2c1fa2dd0e413a2236d608e80,414a130b9822d37521def5ca988b19532f74e3a3eadfe0eada712aa6463b63cf,a9d5ffa5e13716f19a659facec84bbb0c655038aa38e0c2fef86595334f69023,332ae114a76ac46a7d3480c20e4e121a600cdceb208b3609478f2bbcda77310e
doc06_Dense_Functional_r01_gpu7,1413056,Dense_Functional,wikitext2raw-test-006,6,1,20260922,7,GPU-de53f243-b271-521c-d875-d96611ed8574,0.005035751458828016,128,1024,fixed_teacher_forced_horizon_128,0,bb33130d372c32f5fe58a3885215c6cef53cb9a2c1fa2dd0e413a2236d608e80,414a130b9822d37521def5ca988b19532f74e3a3eadfe0eada712aa6463b63cf,a9d5ffa5e13716f19a659facec84bbb0c655038aa38e0c2fef86595334f69023,332ae114a76ac46a7d3480c20e4e121a600cdceb208b3609478f2bbcda77310e
doc06_Dense_Functional_r02_gpu7,1415947,Dense_Functional,wikitext2raw-test-006,6,2,20260922,7,GPU-de53f243-b271-521c-d875-d96611ed8574,0.005035751458828016,128,1024,fixed_teacher_forced_horizon_128,0,bb33130d372c32f5fe58a3885215c6cef53cb9a2c1fa2dd0e413a2236d608e80,414a130b9822d37521def5ca988b19532f74e3a3eadfe0eada712aa6463b63cf,a9d5ffa5e13716f19a659facec84bbb0c655038aa38e0c2fef86595334f69023,332ae114a76ac46a7d3480c20e4e121a600cdceb208b3609478f2bbcda77310e
doc06_Dense_Functional_r03_gpu7,1418935,Dense_Functional,wikitext2raw-test-006,6,3,20260922,7,GPU-de53f243-b271-521c-d875-d96611ed8574,0.005035751458828016,128,1024,fixed_teacher_forced_horizon_128,0,bb33130d372c32f5fe58a3885215c6cef53cb9a2c1fa2dd0e413a2236d608e80,414a130b9822d37521def5ca988b19532f74e3a3eadfe0eada712aa6463b63cf,a9d5ffa5e13716f19a659facec84bbb0c655038aa38e0c2fef86595334f69023,332ae114a76ac46a7d3480c20e4e121a600cdceb208b3609478f2bbcda77310e
doc06_Dense_Functional_r04_gpu7,1420953,Dense_Functional,wikitext2raw-test-006,6,4,20260922,7,GPU-de53f243-b271-521c-d875-d96611ed8574,0.005035751458828016,128,1024,fixed_teacher_forced_horizon_128,0,bb33130d372c32f5fe58a3885215c6cef53cb9a2c1fa2dd0e413a2236d608e80,414a130b9822d37521def5ca988b19532f74e3a3eadfe0eada712aa6463b63cf,a9d5ffa5e13716f19a659facec84bbb0c655038aa38e0c2fef86595334f69023,332ae114a76ac46a7d3480c20e4e121a600cdceb208b3609478f2bbcda77310e
doc06_Dense_State_r00_gpu7,1403238,Dense_State,wikitext2raw-test-006,6,0,20260922,7,GPU-de53f243-b271-521c-d875-d96611ed8574,0.004745172891824253,128,1024,fixed_teacher_forced_horizon_128,0,3f62c537b5ab19de4cc52178c0369ac5e788d0e6a9d812377f240d3bce620b5e,414a130b9822d37521def5ca988b19532f74e3a3eadfe0eada712aa6463b63cf,a9d5ffa5e13716f19a659facec84bbb0c655038aa38e0c2fef86595334f69023,332ae114a76ac46a7d3480c20e4e121a600cdceb208b3609478f2bbcda77310e
doc06_Dense_State_r01_gpu7,1404833,Dense_State,wikitext2raw-test-006,6,1,20260922,7,GPU-de53f243-b271-521c-d875-d96611ed8574,0.004745172891824253,128,1024,fixed_teacher_forced_horizon_128,0,3f62c537b5ab19de4cc52178c0369ac5e788d0e6a9d812377f240d3bce620b5e,414a130b9822d37521def5ca988b19532f74e3a3eadfe0eada712aa6463b63cf,a9d5ffa5e13716f19a659facec84bbb0c655038aa38e0c2fef86595334f69023,332ae114a76ac46a7d3480c20e4e121a600cdceb208b3609478f2bbcda77310e
doc06_Dense_State_r02_gpu7,1406226,Dense_State,wikitext2raw-test-006,6,2,20260922,7,GPU-de53f243-b271-521c-d875-d96611ed8574,0.004745172891824253,128,1024,fixed_teacher_forced_horizon_128,0,3f62c537b5ab19de4cc52178c0369ac5e788d0e6a9d812377f240d3bce620b5e,414a130b9822d37521def5ca988b19532f74e3a3eadfe0eada712aa6463b63cf,a9d5ffa5e13716f19a659facec84bbb0c655038aa38e0c2fef86595334f69023,332ae114a76ac46a7d3480c20e4e121a600cdceb208b3609478f2bbcda77310e
doc06_Dense_State_r03_gpu7,1407830,Dense_State,wikitext2raw-test-006,6,3,20260922,7,GPU-de53f243-b271-521c-d875-d96611ed8574,0.004745172891824253,128,1024,fixed_teacher_forced_horizon_128,0,3f62c537b5ab19de4cc52178c0369ac5e788d0e6a9d812377f240d3bce620b5e,414a130b9822d37521def5ca988b19532f74e3a3eadfe0eada712aa6463b63cf,a9d5ffa5e13716f19a659facec84bbb0c655038aa38e0c2fef86595334f69023,332ae114a76ac46a7d3480c20e4e121a600cdceb208b3609478f2bbcda77310e
doc06_Dense_State_r04_gpu7,1409811,Dense_State,wikitext2raw-test-006,6,4,20260922,7,GPU-de53f243-b271-521c-d875-d96611ed8574,0.004745172891824253,128,1024,fixed_teacher_forced_horizon_128,0,3f62c537b5ab19de4cc52178c0369ac5e788d0e6a9d812377f240d3bce620b5e,414a130b9822d37521def5ca988b19532f74e3a3eadfe0eada712aa6463b63cf,a9d5ffa5e13716f19a659facec84bbb0c655038aa38e0c2fef86595334f69023,332ae114a76ac46a7d3480c20e4e121a600cdceb208b3609478f2bbcda77310e
doc06_Hadamard_r00_gpu7,1396526,Hadamard,wikitext2raw-test-006,6,0,20260922,7,GPU-de53f243-b271-521c-d875-d96611ed8574,0.003081519023091789,128,1024,fixed_teacher_forced_horizon_128,0,efd927b99e7c90fcd71b0f7cf33ddd6e1720b23f56e0225cf298a7553a2001c0,414a130b9822d37521def5ca988b19532f74e3a3eadfe0eada712aa6463b63cf,a9d5ffa5e13716f19a659facec84bbb0c655038aa38e0c2fef86595334f69023,332ae114a76ac46a7d3480c20e4e121a600cdceb208b3609478f2bbcda77310e
doc06_Hadamard_r01_gpu7,1397497,Hadamard,wikitext2raw-test-006,6,1,20260922,7,GPU-de53f243-b271-521c-d875-d96611ed8574,0.003081519023091789,128,1024,fixed_teacher_forced_horizon_128,0,efd927b99e7c90fcd71b0f7cf33ddd6e1720b23f56e0225cf298a7553a2001c0,414a130b9822d37521def5ca988b19532f74e3a3eadfe0eada712aa6463b63cf,a9d5ffa5e13716f19a659facec84bbb0c655038aa38e0c2fef86595334f69023,332ae114a76ac46a7d3480c20e4e121a600cdceb208b3609478f2bbcda77310e
doc06_Hadamard_r02_gpu7,1398711,Hadamard,wikitext2raw-test-006,6,2,20260922,7,GPU-de53f243-b271-521c-d875-d96611ed8574,0.003081519023091789,128,1024,fixed_teacher_forced_horizon_128,0,efd927b99e7c90fcd71b0f7cf33ddd6e1720b23f56e0225cf298a7553a2001c0,414a130b9822d37521def5ca988b19532f74e3a3eadfe0eada712aa6463b63cf,a9d5ffa5e13716f19a659facec84bbb0c655038aa38e0c2fef86595334f69023,332ae114a76ac46a7d3480c20e4e121a600cdceb208b3609478f2bbcda77310e
doc06_Hadamard_r03_gpu7,1400313,Hadamard,wikitext2raw-test-006,6,3,20260922,7,GPU-de53f243-b271-521c-d875-d96611ed8574,0.003081519023091789,128,1024,fixed_teacher_forced_horizon_128,0,efd927b99e7c90fcd71b0f7cf33ddd6e1720b23f56e0225cf298a7553a2001c0,414a130b9822d37521def5ca988b19532f74e3a3eadfe0eada712aa6463b63cf,a9d5ffa5e13716f19a659facec84bbb0c655038aa38e0c2fef86595334f69023,332ae114a76ac46a7d3480c20e4e121a600cdceb208b3609478f2bbcda77310e
doc06_Hadamard_r04_gpu7,1401833,Hadamard,wikitext2raw-test-006,6,4,20260922,7,GPU-de53f243-b271-521c-d875-d96611ed8574,0.003081519023091789,128,1024,fixed_teacher_forced_horizon_128,0,efd927b99e7c90fcd71b0f7cf33ddd6e1720b23f56e0225cf298a7553a2001c0,414a130b9822d37521def5ca988b19532f74e3a3eadfe0eada712aa6463b63cf,a9d5ffa5e13716f19a659facec84bbb0c655038aa38e0c2fef86595334f69023,332ae114a76ac46a7d3480c20e4e121a600cdceb208b3609478f2bbcda77310e
doc06_Native_INT8_r00_gpu7,1388085,Native_INT8,wikitext2raw-test-006,6,0,20260922,7,GPU-de53f243-b271-521c-d875-d96611ed8574,0.007562469032267218,128,1024,fixed_teacher_forced_horizon_128,0,6da875971baa53aaf5e53fcfc3b3eef38f5ed850d8573ba7cf1ee6d1f494962a,414a130b9822d37521def5ca988b19532f74e3a3eadfe0eada712aa6463b63cf,a9d5ffa5e13716f19a659facec84bbb0c655038aa38e0c2fef86595334f69023,332ae114a76ac46a7d3480c20e4e121a600cdceb208b3609478f2bbcda77310e
doc06_Native_INT8_r01_gpu7,1389504,Native_INT8,wikitext2raw-test-006,6,1,20260922,7,GPU-de53f243-b271-521c-d875-d96611ed8574,0.007562469032267218,128,1024,fixed_teacher_forced_horizon_128,0,6da875971baa53aaf5e53fcfc3b3eef38f5ed850d8573ba7cf1ee6d1f494962a,414a130b9822d37521def5ca988b19532f74e3a3eadfe0eada712aa6463b63cf,a9d5ffa5e13716f19a659facec84bbb0c655038aa38e0c2fef86595334f69023,332ae114a76ac46a7d3480c20e4e121a600cdceb208b3609478f2bbcda77310e
doc06_Native_INT8_r02_gpu7,1391398,Native_INT8,wikitext2raw-test-006,6,2,20260922,7,GPU-de53f243-b271-521c-d875-d96611ed8574,0.007562469032267218,128,1024,fixed_teacher_forced_horizon_128,0,6da875971baa53aaf5e53fcfc3b3eef38f5ed850d8573ba7cf1ee6d1f494962a,414a130b9822d37521def5ca988b19532f74e3a3eadfe0eada712aa6463b63cf,a9d5ffa5e13716f19a659facec84bbb0c655038aa38e0c2fef86595334f69023,332ae114a76ac46a7d3480c20e4e121a600cdceb208b3609478f2bbcda77310e
doc06_Native_INT8_r03_gpu7,1393141,Native_INT8,wikitext2raw-test-006,6,3,20260922,7,GPU-de53f243-b271-521c-d875-d96611ed8574,0.007562469032267218,128,1024,fixed_teacher_forced_horizon_128,0,6da875971baa53aaf5e53fcfc3b3eef38f5ed850d8573ba7cf1ee6d1f494962a,414a130b9822d37521def5ca988b19532f74e3a3eadfe0eada712aa6463b63cf,a9d5ffa5e13716f19a659facec84bbb0c655038aa38e0c2fef86595334f69023,332ae114a76ac46a7d3480c20e4e121a600cdceb208b3609478f2bbcda77310e
doc06_Native_INT8_r04_gpu7,1395172,Native_INT8,wikitext2raw-test-006,6,4,20260922,7,GPU-de53f243-b271-521c-d875-d96611ed8574,0.007562469032267218,128,1024,fixed_teacher_forced_horizon_128,0,6da875971baa53aaf5e53fcfc3b3eef38f5ed850d8573ba7cf1ee6d1f494962a,414a130b9822d37521def5ca988b19532f74e3a3eadfe0eada712aa6463b63cf,a9d5ffa5e13716f19a659facec84bbb0c655038aa38e0c2fef86595334f69023,332ae114a76ac46a7d3480c20e4e121a600cdceb208b3609478f2bbcda77310e
doc07_Dense_Functional_r00_gpu7,1573418,Dense_Functional,wikitext2raw-test-007,7,0,20260922,7,GPU-de53f243-b271-521c-d875-d96611ed8574,0.03498631064307062,128,1024,fixed_teacher_forced_horizon_128,0,11e6a606b8f3dace2c8e6f4dc8b6c1c0858a2b9a680f4f510309f3f65a037abf,414a130b9822d37521def5ca988b19532f74e3a3eadfe0eada712aa6463b63cf,a9d5ffa5e13716f19a659facec84bbb0c655038aa38e0c2fef86595334f69023,332ae114a76ac46a7d3480c20e4e121a600cdceb208b3609478f2bbcda77310e
doc07_Dense_Functional_r01_gpu7,1574986,Dense_Functional,wikitext2raw-test-007,7,1,20260922,7,GPU-de53f243-b271-521c-d875-d96611ed8574,0.03498631064307062,128,1024,fixed_teacher_forced_horizon_128,0,11e6a606b8f3dace2c8e6f4dc8b6c1c0858a2b9a680f4f510309f3f65a037abf,414a130b9822d37521def5ca988b19532f74e3a3eadfe0eada712aa6463b63cf,a9d5ffa5e13716f19a659facec84bbb0c655038aa38e0c2fef86595334f69023,332ae114a76ac46a7d3480c20e4e121a600cdceb208b3609478f2bbcda77310e
doc07_Dense_Functional_r02_gpu7,1576615,Dense_Functional,wikitext2raw-test-007,7,2,20260922,7,GPU-de53f243-b271-521c-d875-d96611ed8574,0.03498631064307062,128,1024,fixed_teacher_forced_horizon_128,0,11e6a606b8f3dace2c8e6f4dc8b6c1c0858a2b9a680f4f510309f3f65a037abf,414a130b9822d37521def5ca988b19532f74e3a3eadfe0eada712aa6463b63cf,a9d5ffa5e13716f19a659facec84bbb0c655038aa38e0c2fef86595334f69023,332ae114a76ac46a7d3480c20e4e121a600cdceb208b3609478f2bbcda77310e
doc07_Dense_Functional_r03_gpu7,1578532,Dense_Functional,wikitext2raw-test-007,7,3,20260922,7,GPU-de53f243-b271-521c-d875-d96611ed8574,0.03498631064307062,128,1024,fixed_teacher_forced_horizon_128,0,11e6a606b8f3dace2c8e6f4dc8b6c1c0858a2b9a680f4f510309f3f65a037abf,414a130b9822d37521def5ca988b19532f74e3a3eadfe0eada712aa6463b63cf,a9d5ffa5e13716f19a659facec84bbb0c655038aa38e0c2fef86595334f69023,332ae114a76ac46a7d3480c20e4e121a600cdceb208b3609478f2bbcda77310e
doc07_Dense_Functional_r04_gpu7,1580233,Dense_Functional,wikitext2raw-test-007,7,4,20260922,7,GPU-de53f243-b271-521c-d875-d96611ed8574,0.03498631064307062,128,1024,fixed_teacher_forced_horizon_128,0,11e6a606b8f3dace2c8e6f4dc8b6c1c0858a2b9a680f4f510309f3f65a037abf,414a130b9822d37521def5ca988b19532f74e3a3eadfe0eada712aa6463b63cf,a9d5ffa5e13716f19a659facec84bbb0c655038aa38e0c2fef86595334f69023,332ae114a76ac46a7d3480c20e4e121a600cdceb208b3609478f2bbcda77310e
doc07_Dense_State_r00_gpu7,1565161,Dense_State,wikitext2raw-test-007,7,0,20260922,7,GPU-de53f243-b271-521c-d875-d96611ed8574,0.07972750267908564,128,1024,fixed_teacher_forced_horizon_128,0,13719b083a47f242f526735f92a309c75e588fb15849dbeeeb5f99e71d6d2f3a,414a130b9822d37521def5ca988b19532f74e3a3eadfe0eada712aa6463b63cf,a9d5ffa5e13716f19a659facec84bbb0c655038aa38e0c2fef86595334f69023,332ae114a76ac46a7d3480c20e4e121a600cdceb208b3609478f2bbcda77310e
doc07_Dense_State_r01_gpu7,1566505,Dense_State,wikitext2raw-test-007,7,1,20260922,7,GPU-de53f243-b271-521c-d875-d96611ed8574,0.07972750267908564,128,1024,fixed_teacher_forced_horizon_128,0,13719b083a47f242f526735f92a309c75e588fb15849dbeeeb5f99e71d6d2f3a,414a130b9822d37521def5ca988b19532f74e3a3eadfe0eada712aa6463b63cf,a9d5ffa5e13716f19a659facec84bbb0c655038aa38e0c2fef86595334f69023,332ae114a76ac46a7d3480c20e4e121a600cdceb208b3609478f2bbcda77310e
doc07_Dense_State_r02_gpu7,1568807,Dense_State,wikitext2raw-test-007,7,2,20260922,7,GPU-de53f243-b271-521c-d875-d96611ed8574,0.07972750267908564,128,1024,fixed_teacher_forced_horizon_128,0,13719b083a47f242f526735f92a309c75e588fb15849dbeeeb5f99e71d6d2f3a,414a130b9822d37521def5ca988b19532f74e3a3eadfe0eada712aa6463b63cf,a9d5ffa5e13716f19a659facec84bbb0c655038aa38e0c2fef86595334f69023,332ae114a76ac46a7d3480c20e4e121a600cdceb208b3609478f2bbcda77310e
doc07_Dense_State_r03_gpu7,1570283,Dense_State,wikitext2raw-test-007,7,3,20260922,7,GPU-de53f243-b271-521c-d875-d96611ed8574,0.07972750267908564,128,1024,fixed_teacher_forced_horizon_128,0,13719b083a47f242f526735f92a309c75e588fb15849dbeeeb5f99e71d6d2f3a,414a130b9822d37521def5ca988b19532f74e3a3eadfe0eada712aa6463b63cf,a9d5ffa5e13716f19a659facec84bbb0c655038aa38e0c2fef86595334f69023,332ae114a76ac46a7d3480c20e4e121a600cdceb208b3609478f2bbcda77310e
doc07_Dense_State_r04_gpu7,1571674,Dense_State,wikitext2raw-test-007,7,4,20260922,7,GPU-de53f243-b271-521c-d875-d96611ed8574,0.07972750267908564,128,1024,fixed_teacher_forced_horizon_128,0,13719b083a47f242f526735f92a309c75e588fb15849dbeeeb5f99e71d6d2f3a,414a130b9822d37521def5ca988b19532f74e3a3eadfe0eada712aa6463b63cf,a9d5ffa5e13716f19a659facec84bbb0c655038aa38e0c2fef86595334f69023,332ae114a76ac46a7d3480c20e4e121a600cdceb208b3609478f2bbcda77310e
doc07_Hadamard_r00_gpu7,1552409,Hadamard,wikitext2raw-test-007,7,0,20260922,7,GPU-de53f243-b271-521c-d875-d96611ed8574,0.07504583607697272,128,1024,fixed_teacher_forced_horizon_128,0,c9fb9c0fed64116e22a6981978d16155a1782cc1c2b3175b4dccbb8fe97eca22,414a130b9822d37521def5ca988b19532f74e3a3eadfe0eada712aa6463b63cf,a9d5ffa5e13716f19a659facec84bbb0c655038aa38e0c2fef86595334f69023,332ae114a76ac46a7d3480c20e4e121a600cdceb208b3609478f2bbcda77310e
doc07_Hadamard_r01_gpu7,1556968,Hadamard,wikitext2raw-test-007,7,1,20260922,7,GPU-de53f243-b271-521c-d875-d96611ed8574,0.07504583607697272,128,1024,fixed_teacher_forced_horizon_128,0,c9fb9c0fed64116e22a6981978d16155a1782cc1c2b3175b4dccbb8fe97eca22,414a130b9822d37521def5ca988b19532f74e3a3eadfe0eada712aa6463b63cf,a9d5ffa5e13716f19a659facec84bbb0c655038aa38e0c2fef86595334f69023,332ae114a76ac46a7d3480c20e4e121a600cdceb208b3609478f2bbcda77310e
doc07_Hadamard_r02_gpu7,1559051,Hadamard,wikitext2raw-test-007,7,2,20260922,7,GPU-de53f243-b271-521c-d875-d96611ed8574,0.07504583607697272,128,1024,fixed_teacher_forced_horizon_128,0,c9fb9c0fed64116e22a6981978d16155a1782cc1c2b3175b4dccbb8fe97eca22,414a130b9822d37521def5ca988b19532f74e3a3eadfe0eada712aa6463b63cf,a9d5ffa5e13716f19a659facec84bbb0c655038aa38e0c2fef86595334f69023,332ae114a76ac46a7d3480c20e4e121a600cdceb208b3609478f2bbcda77310e
doc07_Hadamard_r03_gpu7,1561014,Hadamard,wikitext2raw-test-007,7,3,20260922,7,GPU-de53f243-b271-521c-d875-d96611ed8574,0.07504583607697272,128,1024,fixed_teacher_forced_horizon_128,0,c9fb9c0fed64116e22a6981978d16155a1782cc1c2b3175b4dccbb8fe97eca22,414a130b9822d37521def5ca988b19532f74e3a3eadfe0eada712aa6463b63cf,a9d5ffa5e13716f19a659facec84bbb0c655038aa38e0c2fef86595334f69023,332ae114a76ac46a7d3480c20e4e121a600cdceb208b3609478f2bbcda77310e
doc07_Hadamard_r04_gpu7,1563012,Hadamard,wikitext2raw-test-007,7,4,20260922,7,GPU-de53f243-b271-521c-d875-d96611ed8574,0.07504583607697272,128,1024,fixed_teacher_forced_horizon_128,0,c9fb9c0fed64116e22a6981978d16155a1782cc1c2b3175b4dccbb8fe97eca22,414a130b9822d37521def5ca988b19532f74e3a3eadfe0eada712aa6463b63cf,a9d5ffa5e13716f19a659facec84bbb0c655038aa38e0c2fef86595334f69023,332ae114a76ac46a7d3480c20e4e121a600cdceb208b3609478f2bbcda77310e
doc07_Native_INT8_r00_gpu7,1423474,Native_INT8,wikitext2raw-test-007,7,0,20260922,7,GPU-de53f243-b271-521c-d875-d96611ed8574,0.04165815818925594,128,1024,fixed_teacher_forced_horizon_128,0,65f730deb58f1b2652e15d51a07778c4686016ac0f83aa22129b30e492ec6116,414a130b9822d37521def5ca988b19532f74e3a3eadfe0eada712aa6463b63cf,a9d5ffa5e13716f19a659facec84bbb0c655038aa38e0c2fef86595334f69023,332ae114a76ac46a7d3480c20e4e121a600cdceb208b3609478f2bbcda77310e
doc07_Native_INT8_r01_gpu7,1531199,Native_INT8,wikitext2raw-test-007,7,1,20260922,7,GPU-de53f243-b271-521c-d875-d96611ed8574,0.04165815818925594,128,1024,fixed_teacher_forced_horizon_128,0,65f730deb58f1b2652e15d51a07778c4686016ac0f83aa22129b30e492ec6116,414a130b9822d37521def5ca988b19532f74e3a3eadfe0eada712aa6463b63cf,a9d5ffa5e13716f19a659facec84bbb0c655038aa38e0c2fef86595334f69023,332ae114a76ac46a7d3480c20e4e121a600cdceb208b3609478f2bbcda77310e
doc07_Native_INT8_r02_gpu7,1535473,Native_INT8,wikitext2raw-test-007,7,2,20260922,7,GPU-de53f243-b271-521c-d875-d96611ed8574,0.04165815818925594,128,1024,fixed_teacher_forced_horizon_128,0,65f730deb58f1b2652e15d51a07778c4686016ac0f83aa22129b30e492ec6116,414a130b9822d37521def5ca988b19532f74e3a3eadfe0eada712aa6463b63cf,a9d5ffa5e13716f19a659facec84bbb0c655038aa38e0c2fef86595334f69023,332ae114a76ac46a7d3480c20e4e121a600cdceb208b3609478f2bbcda77310e
doc07_Native_INT8_r03_gpu7,1542073,Native_INT8,wikitext2raw-test-007,7,3,20260922,7,GPU-de53f243-b271-521c-d875-d96611ed8574,0.04165815818925594,128,1024,fixed_teacher_forced_horizon_128,0,65f730deb58f1b2652e15d51a07778c4686016ac0f83aa22129b30e492ec6116,414a130b9822d37521def5ca988b19532f74e3a3eadfe0eada712aa6463b63cf,a9d5ffa5e13716f19a659facec84bbb0c655038aa38e0c2fef86595334f69023,332ae114a76ac46a7d3480c20e4e121a600cdceb208b3609478f2bbcda77310e
doc07_Native_INT8_r04_gpu7,1547068,Native_INT8,wikitext2raw-test-007,7,4,20260922,7,GPU-de53f243-b271-521c-d875-d96611ed8574,0.04165815818925594,128,1024,fixed_teacher_forced_horizon_128,0,65f730deb58f1b2652e15d51a07778c4686016ac0f83aa22129b30e492ec6116,414a130b9822d37521def5ca988b19532f74e3a3eadfe0eada712aa6463b63cf,a9d5ffa5e13716f19a659facec84bbb0c655038aa38e0c2fef86595334f69023,332ae114a76ac46a7d3480c20e4e121a600cdceb208b3609478f2bbcda77310e
