condition,phase,problem_id,token,logit_max_abs,logit_relative_l2,logit_cosine,logit_nonfinite,logit_top1_match,logit_top20_overlap,state_relative_l2,state_max_abs,state_cosine,state_nonfinite
r1,primary,test/algebra/1332.json,0,0.3125,0.024482520297169685,0.9997050166130066,0,1,1.0,0.011075719259679317,0.07813549041748047,0.9999397993087769,0
r1,primary,test/algebra/1332.json,1,0.34375,0.017301613464951515,0.9998549222946167,0,1,1.0,0.011469525285065174,0.07777214050292969,0.9999359250068665,0
r1,primary,test/algebra/1332.json,2,0.25,0.012390829622745514,0.9999234080314636,0,1,1.0,0.012316701468080282,0.07768535614013672,0.9999252557754517,0
r1,primary,test/algebra/1332.json,3,0.28125,0.015550586394965649,0.9998791217803955,0,1,0.95,0.012433230876922607,0.07772064208984375,0.9999236762523651,0
r1,primary,test/algebra/1332.json,4,0.40625,0.023247331380844116,0.9997307658195496,0,1,0.95,0.01277294335886836,0.0765380859375,0.9999194741249084,0
r1,primary,test/algebra/1332.json,5,0.3125,0.02012820541858673,0.9997975826263428,0,1,0.95,0.01309253741055727,0.07648849487304688,0.999914824962616,0
r1,primary,test/algebra/1332.json,6,0.4140625,0.024870671331882477,0.9996913075447083,0,1,1.0,0.013078596908599138,0.07648849487304688,0.9999147951602936,0
r1,primary,test/algebra/1332.json,7,0.1484375,0.00931237731128931,0.9999567270278931,0,1,0.95,0.012852950021624565,0.07635211944580078,0.9999181926250458,0
r1,primary,test/algebra/1332.json,8,0.25,0.010035272687673569,0.9999567270278931,0,1,1.0,0.01232522213831544,0.07641410827636719,0.999924510717392,0
r1,primary,test/algebra/1332.json,9,0.21875,0.01143584493547678,0.9999370574951172,0,1,1.0,0.012254439759999514,0.07629966735839844,0.9999255537986755,0
r1,primary,test/algebra/1332.json,10,0.21875,0.011512868106365204,0.9999439716339111,0,1,1.0,0.01213353406637907,0.07618141174316406,0.9999271035194397,0
r1,primary,test/algebra/1332.json,11,0.15625,0.008992701768875122,0.9999632835388184,0,1,1.0,0.01224718987941742,0.07599163055419922,0.9999256134033203,0
r1,primary,test/algebra/1332.json,12,0.28125,0.018430277705192566,0.9998369216918945,0,1,1.0,0.012038325890898705,0.0758056640625,0.9999278783798218,0
r1,primary,test/algebra/1332.json,13,0.234375,0.011429605074226856,0.9999353289604187,0,1,1.0,0.01144724851474166,0.07493209838867188,0.9999350905418396,0
r1,primary,test/algebra/1332.json,14,0.25,0.007461076136678457,0.9999721646308899,0,1,1.0,0.011418275535106659,0.07489681243896484,0.9999353587627411,0
r1,primary,test/algebra/1332.json,15,0.375,0.011292116716504097,0.9999394416809082,0,1,1.0,0.011315055191516876,0.07450675964355469,0.9999364614486694,0
r1,primary,test/algebra/1332.json,16,0.25,0.015773851424455643,0.9998811483383179,0,1,1.0,0.011104211211204529,0.07441520690917969,0.999938428401947,0
r1,primary,test/algebra/1332.json,17,0.375,0.025247570127248764,0.9996849298477173,0,1,1.0,0.010742837097495794,0.07444095611572266,0.9999425411224365,0
r1,primary,test/algebra/1332.json,18,0.1875,0.007837675511837006,0.9999707341194153,0,1,1.0,0.01054599229246378,0.07394599914550781,0.9999445676803589,0
r1,primary,test/algebra/1332.json,19,0.1875,0.010954991914331913,0.9999436736106873,0,1,1.0,0.010395920369774103,0.07380199432373047,0.9999463856220245,0
r1,primary,test/algebra/1332.json,20,0.25,0.008944040164351463,0.9999600052833557,0,1,0.95,0.01024406822398305,0.0728912353515625,0.9999478161334991,0
r1,primary,test/algebra/1332.json,21,0.22265625,0.010713562369346619,0.9999425411224365,0,1,1.0,0.010252686217427254,0.07360458374023438,0.9999475181102753,0
r1,primary,test/algebra/1332.json,22,0.203125,0.01864790730178356,0.9998263120651245,0,1,1.0,0.010345132555812597,0.07363510131835938,0.999946653842926,0
r1,primary,test/algebra/1332.json,23,0.25,0.009456276893615723,0.9999558329582214,0,1,0.95,0.010381417348980904,0.07337760925292969,0.9999464154243469,0
r1,primary,test/algebra/1332.json,24,0.1875,0.01083628460764885,0.9999470114707947,0,1,1.0,0.010281786788254976,0.07342815399169922,0.9999473392963409,0
r1,primary,test/algebra/1332.json,25,0.1875,0.012065688148140907,0.9999368786811829,0,1,1.0,0.009835385251790285,0.07330513000488281,0.9999516904354095,0
r1,primary,test/algebra/1332.json,26,0.125,0.009759492240846157,0.9999523162841797,0,1,1.0,0.00986759876832366,0.07305717468261719,0.9999513328075409,0
r1,primary,test/algebra/1332.json,27,0.1875,0.012685623951256275,0.9999237060546875,0,1,1.0,0.00972804892808199,0.07302379608154297,0.9999527037143707,0
r1,primary,test/algebra/1332.json,28,0.125,0.00745751615613699,0.9999729990959167,0,1,1.0,0.009608924388885498,0.07344818115234375,0.9999538362026215,0
r1,primary,test/algebra/1332.json,29,0.1328125,0.008807024918496609,0.999967634677887,0,1,1.0,0.009665390942245722,0.07343482971191406,0.9999532401561737,0
r1,primary,test/algebra/1332.json,30,0.125,0.009623709134757519,0.9999538660049438,0,1,1.0,0.009717521723359823,0.07344532012939453,0.9999532699584961,0
r1,primary,test/algebra/1332.json,31,0.125,0.008691039867699146,0.9999621510505676,0,1,1.0,0.009554510470479727,0.07357025146484375,0.9999549090862274,0
r1,primary,test/algebra/1332.json,32,0.1875,0.009678791277110577,0.9999534487724304,0,1,1.0,0.009380933828651905,0.07325363159179688,0.9999559819698334,0
r1,primary,test/algebra/1332.json,33,0.125,0.010065123438835144,0.9999573826789856,0,1,0.95,0.009509800467640162,0.0731964111328125,0.9999548494815826,0
r1,primary,test/algebra/1332.json,34,0.25,0.007241988088935614,0.999977171421051,0,1,0.95,0.009397487621754408,0.07325935363769531,0.9999558627605438,0
r1,primary,test/algebra/1332.json,35,0.15625,0.008006098680198193,0.9999682307243347,0,1,0.95,0.009612072259187698,0.07308673858642578,0.9999539256095886,0
r1,primary,test/algebra/1332.json,36,0.125,0.00983879342675209,0.9999516606330872,0,1,1.0,0.009859038982540369,0.07303619384765625,0.999952882528305,0
r1,primary,test/algebra/1332.json,37,0.140625,0.008574290201067924,0.9999647736549377,0,1,0.95,0.009659369941800833,0.0728607177734375,0.999953418970108,0
r1,primary,test/algebra/1332.json,38,0.095703125,0.008399010635912418,0.9999696016311646,0,1,1.0,0.009951309766620398,0.07286739349365234,0.9999506175518036,0
r1,primary,test/algebra/1332.json,39,0.125,0.011218509636819363,0.9999374151229858,0,1,1.0,0.009665207471698523,0.07299041748046875,0.9999535083770752,0
r1,primary,test/algebra/1332.json,40,0.1875,0.009311542846262455,0.9999568462371826,0,1,1.0,0.009673418942838907,0.07308673858642578,0.9999535083770752,0
r1,primary,test/algebra/1332.json,41,0.171875,0.00780349550768733,0.9999696016311646,0,1,1.0,0.009726615622639656,0.07321357727050781,0.9999530911445618,0
r1,primary,test/algebra/1332.json,42,0.2109375,0.007633752655237913,0.999971330165863,0,1,1.0,0.009785092435777187,0.07330513000488281,0.9999521970748901,0
r1,primary,test/algebra/1332.json,43,0.25,0.008381505496799946,0.9999688267707825,0,1,1.0,0.010006091557443142,0.07319450378417969,0.9999500811100006,0
r1,primary,test/algebra/1332.json,44,0.125,0.005851653404533863,0.9999831318855286,0,1,1.0,0.009891019202768803,0.07318592071533203,0.9999511241912842,0
r1,primary,test/algebra/1332.json,45,0.125,0.009212994016706944,0.9999688267707825,0,1,1.0,0.009942956268787384,0.07279586791992188,0.999950647354126,0
r1,primary,test/algebra/1332.json,46,0.142578125,0.00951030571013689,0.9999552369117737,0,1,1.0,0.009894675575196743,0.07281303405761719,0.9999516904354095,0
r1,primary,test/algebra/1332.json,47,0.234375,0.009640892036259174,0.9999553561210632,0,1,1.0,0.009754670318216085,0.0731039047241211,0.9999525845050812,0
r1,primary,test/algebra/1332.json,48,0.3125,0.01589377038180828,0.9998784065246582,0,1,1.0,0.009714722167700529,0.07406234741210938,0.9999533593654633,0
r1,primary,test/algebra/1332.json,49,0.1875,0.010837421752512455,0.9999440312385559,0,1,1.0,0.00977445486932993,0.07362937927246094,0.9999530911445618,0
r1,primary,test/algebra/1332.json,50,0.3125,0.011700332164764404,0.9999385476112366,0,1,1.0,0.009836811572313309,0.07305240631103516,0.9999530613422394,0
r1,primary,test/algebra/1332.json,51,0.3125,0.008733409456908703,0.9999618530273438,0,1,1.0,0.009719416499137878,0.07296943664550781,0.999953031539917,0
r1,primary,test/algebra/1332.json,52,0.1875,0.009830242954194546,0.9999524354934692,0,1,1.0,0.00960829807445407,0.07294082641601562,0.9999538660049438,0
r1,primary,test/algebra/1332.json,53,0.1875,0.007868342101573944,0.9999693036079407,0,1,1.0,0.009503520093858242,0.0728902816772461,0.9999548196792603,0
r1,primary,test/algebra/1332.json,54,0.1875,0.008211440406739712,0.9999663233757019,0,1,1.0,0.009432864841073751,0.07284164428710938,0.9999554753303528,0
r1,primary,test/algebra/1332.json,55,0.125,0.01116994395852089,0.999938428401947,0,1,1.0,0.009487218223512173,0.0727396011352539,0.9999550580978394,0
r1,primary,test/algebra/1332.json,56,0.140625,0.009326777420938015,0.9999573826789856,0,1,1.0,0.009529445320367813,0.07254791259765625,0.9999546408653259,0
r1,primary,test/algebra/1332.json,57,0.125,0.00707434955984354,0.9999751448631287,0,1,1.0,0.009473409503698349,0.07251739501953125,0.9999551475048065,0
r1,primary,test/algebra/1332.json,58,0.125,0.009896389208734035,0.9999526739120483,0,1,1.0,0.009483123198151588,0.07268047332763672,0.9999552071094513,0
r1,primary,test/algebra/1332.json,59,0.125,0.005347017664462328,0.9999863505363464,0,1,1.0,0.009703045710921288,0.07231998443603516,0.9999530911445618,0
r1,primary,test/algebra/1332.json,60,0.203125,0.006465153768658638,0.9999791383743286,0,1,0.95,0.00953623652458191,0.0716695785522461,0.9999545812606812,0
r1,primary,test/algebra/1332.json,61,0.1875,0.00807578582316637,0.9999736547470093,0,1,1.0,0.009704151190817356,0.07161521911621094,0.9999529719352722,0
r1,primary,test/algebra/1332.json,62,0.12890625,0.007994572632014751,0.9999694228172302,0,1,0.95,0.009660192765295506,0.07098102569580078,0.9999535083770752,0
r1,primary,test/algebra/1332.json,63,0.125,0.006827088072896004,0.9999769330024719,0,1,1.0,0.009523130021989346,0.07093238830566406,0.9999546706676483,0
r1,primary,test/algebra/1332.json,64,0.125,0.006620206870138645,0.9999781250953674,0,1,1.0,0.009494774509221315,0.07091999053955078,0.9999549686908722,0
r1,primary,test/algebra/1332.json,65,0.125,0.00904082227498293,0.9999597072601318,0,1,0.95,0.009426810778677464,0.0708761215209961,0.9999555945396423,0
r1,primary,test/algebra/1332.json,66,0.125,0.011158613488078117,0.9999379515647888,0,1,0.9,0.009415856096893549,0.07078933715820312,0.9999556243419647,0
r1,primary,test/algebra/1332.json,67,0.1875,0.01039652619510889,0.9999501705169678,0,1,1.0,0.009609727188944817,0.07084465026855469,0.9999538660049438,0
r1,primary,test/algebra/1332.json,68,0.125,0.007367831189185381,0.9999768137931824,0,1,1.0,0.009433054365217686,0.0707864761352539,0.99995556473732,0
r1,primary,test/algebra/1332.json,69,0.1328125,0.00773116759955883,0.9999736547470093,0,1,1.0,0.00939011899754405,0.07102298736572266,0.9999559819698334,0
r1,primary,test/algebra/1332.json,70,0.125,0.005558946169912815,0.9999845623970032,0,1,1.0,0.009388150181621313,0.07100391387939453,0.9999559223651886,0
r1,primary,test/algebra/1332.json,71,0.1875,0.00865657813847065,0.9999647736549377,0,1,0.95,0.009387378115206957,0.07098388671875,0.9999559819698334,0
r1,primary,test/algebra/1332.json,72,0.1875,0.011553386226296425,0.9999334216117859,0,1,1.0,0.009639740455895662,0.07080936431884766,0.9999535083770752,0
r1,primary,test/algebra/1332.json,73,0.34375,0.02412075735628605,0.9997401833534241,0,1,1.0,0.009540782310068607,0.07024002075195312,0.9999553263187408,0
r1,primary,test/algebra/1332.json,74,0.59375,0.016723496839404106,0.9998612999916077,0,1,1.0,0.009520218707621098,0.0705099105834961,0.9999547898769379,0
r1,primary,test/algebra/1332.json,75,0.140625,0.0073445201851427555,0.9999729990959167,0,1,1.0,0.009814720135182142,0.07006168365478516,0.9999518692493439,0
r1,primary,test/algebra/1332.json,76,0.1875,0.008596755564212799,0.99996417760849,0,1,1.0,0.00965440459549427,0.0698709487915039,0.999954104423523,0
r1,primary,test/algebra/1332.json,77,0.125,0.008844566531479359,0.9999613761901855,0,1,1.0,0.009617249481379986,0.0699605941772461,0.9999538958072662,0
r1,primary,test/algebra/1332.json,78,0.15625,0.009368052706122398,0.9999565482139587,0,1,0.95,0.009481722488999367,0.07005691528320312,0.9999551773071289,0
r1,primary,test/algebra/1332.json,79,0.125,0.007410428021103144,0.9999729990959167,0,1,1.0,0.009378321468830109,0.0695962905883789,0.9999561011791229,0
r1,primary,test/algebra/1332.json,80,0.25,0.0067323907278478146,0.9999775886535645,0,1,1.0,0.009350209962576628,0.06943035125732422,0.999956339597702,0
r1,primary,test/algebra/1332.json,81,0.171875,0.007138934452086687,0.9999746084213257,0,1,1.0,0.009327671956270933,0.06840133666992188,0.9999565482139587,0
r1,primary,test/algebra/1332.json,82,0.125,0.008753999136388302,0.9999662041664124,0,1,1.0,0.009412124287337065,0.068389892578125,0.9999557733535767,0
r1,primary,test/algebra/1332.json,83,0.125,0.0063700987957417965,0.9999799132347107,0,1,1.0,0.009370918851345778,0.06836986541748047,0.9999562203884125,0
r1,primary,test/algebra/1332.json,84,0.15625,0.008771456778049469,0.9999698400497437,0,1,1.0,0.009363745804876089,0.06837844848632812,0.9999561607837677,0
r1,primary,test/algebra/1332.json,85,0.15625,0.0070114522241055965,0.9999762773513794,0,1,1.0,0.009449455887079239,0.06828022003173828,0.9999555349349976,0
r1,primary,test/algebra/1332.json,86,0.140625,0.0066702901385724545,0.9999778270721436,0,1,1.0,0.009487521834671497,0.06829833984375,0.9999552667140961,0
r1,primary,test/algebra/1332.json,87,0.171875,0.008013835176825523,0.9999679923057556,0,1,1.0,0.009474328253418207,0.068267822265625,0.9999552667140961,0
r1,primary,test/algebra/1332.json,88,0.2109375,0.014716877602040768,0.9998934864997864,0,1,0.95,0.009517227299511433,0.0680704116821289,0.9999549388885498,0
r1,primary,test/algebra/1332.json,89,0.1875,0.009553702548146248,0.9999587535858154,0,1,1.0,0.009557445533573627,0.0683603286743164,0.9999546110630035,0
r1,primary,test/algebra/1332.json,90,1.859375,0.04807061329483986,0.9990332126617432,0,1,1.0,0.009974407963454723,0.06827449798583984,0.9999505877494812,0
r1,primary,test/algebra/1332.json,91,0.25,0.009507297538220882,0.999965250492096,0,1,1.0,0.01028289319947362,0.06829643249511719,0.999947190284729,0
r1,primary,test/algebra/1332.json,92,0.44140625,0.015343472361564636,0.9998838305473328,0,1,1.0,0.010095270350575447,0.0682516098022461,0.9999490678310394,0
r1,primary,test/algebra/1332.json,93,0.125,0.006498808041214943,0.9999800324440002,0,1,1.0,0.010100095998495817,0.06809329986572266,0.9999489188194275,0
r1,primary,test/algebra/1332.json,94,0.125,0.010253310203552246,0.9999552369117737,0,1,1.0,0.010101035237312317,0.06809520721435547,0.9999490678310394,0
r1,primary,test/algebra/1332.json,95,0.1875,0.009386906400322914,0.9999573230743408,0,1,1.0,0.01013103500008583,0.06876564025878906,0.9999488592147827,0
r1,primary,test/algebra/1332.json,96,0.15625,0.010640441440045834,0.9999435544013977,0,1,1.0,0.009914140682667494,0.07192468643188477,0.9999513626098633,0
r1,primary,test/algebra/1332.json,97,0.140625,0.007272729650139809,0.9999736547470093,0,1,0.95,0.009704443626105785,0.07198286056518555,0.9999530613422394,0
r1,primary,test/algebra/1332.json,98,0.25,0.005694488063454628,0.9999838471412659,0,1,0.95,0.00937303388491273,0.07183027267456055,0.9999562799930573,0
r1,primary,test/algebra/1332.json,99,0.1875,0.008440800942480564,0.9999747276306152,0,1,1.0,0.009366494603455067,0.07137298583984375,0.9999569952487946,0
r1,primary,test/algebra/1332.json,100,0.125,0.01019461452960968,0.9999492168426514,0,1,1.0,0.009269564878195524,0.07114410400390625,0.9999579191207886,0
r1,primary,test/algebra/1332.json,101,0.1875,0.007610359229147434,0.9999711513519287,0,1,1.0,0.009197002742439508,0.07101154327392578,0.9999584257602692,0
r1,primary,test/algebra/1332.json,102,0.1875,0.009386115707457066,0.9999564290046692,0,1,1.0,0.009015313815325499,0.07099580764770508,0.9999600350856781,0
r1,primary,test/algebra/1332.json,103,0.15625,0.008929913863539696,0.9999713897705078,0,1,1.0,0.009228331036865711,0.0710139274597168,0.999957799911499,0
r1,primary,test/algebra/1332.json,104,0.25,0.013113000430166721,0.9999164342880249,0,1,1.0,0.009331831242889166,0.07100486755371094,0.9999566376209259,0
r1,primary,test/algebra/1332.json,105,0.265625,0.014761490747332573,0.9999091029167175,0,1,0.95,0.009411768987774849,0.07112598419189453,0.9999578595161438,0
r1,primary,test/algebra/1332.json,106,0.15625,0.007739280350506306,0.9999735355377197,0,1,1.0,0.009330777917057276,0.07097434997558594,0.9999585151672363,0
r1,primary,test/algebra/1332.json,107,0.15625,0.008949554525315762,0.9999610185623169,0,1,0.95,0.008897912222892046,0.07066059112548828,0.9999606609344482,0
r1,primary,test/algebra/1332.json,108,0.140625,0.010150537826120853,0.999957799911499,0,1,1.0,0.008910964708775282,0.07065248489379883,0.9999610483646393,0
r1,primary,test/algebra/1332.json,109,0.125,0.010508975945413113,0.9999468922615051,0,1,1.0,0.008788546081632376,0.07050800323486328,0.9999617040157318,0
r1,primary,test/algebra/1332.json,110,0.21875,0.009126533754169941,0.9999584555625916,0,1,1.0,0.008959599770605564,0.07068920135498047,0.9999598860740662,0
r1,primary,test/algebra/1332.json,111,0.125,0.007724234834313393,0.9999724626541138,0,1,1.0,0.009748476557433605,0.07068634033203125,0.9999533295631409,0
r1,primary,test/algebra/1332.json,112,0.125,0.009563309140503407,0.9999586343765259,0,1,1.0,0.009651599917560816,0.07062673568725586,0.9999533891677856,0
r1,primary,test/algebra/1332.json,113,0.125,0.007663033902645111,0.9999707341194153,0,1,1.0,0.009405124466866255,0.07041406631469727,0.9999561905860901,0
r1,primary,test/algebra/1332.json,114,0.125,0.00781838409602642,0.9999695420265198,0,1,1.0,0.009550158400088549,0.06976032257080078,0.9999549090862274,0
r1,primary,test/algebra/1332.json,115,0.125,0.009752197191119194,0.9999595880508423,0,1,1.0,0.009140056557953358,0.0695028305053711,0.9999583959579468,0
r1,primary,test/algebra/1332.json,116,0.140625,0.007680706679821014,0.9999769330024719,0,1,1.0,0.009146171621978283,0.06949520111083984,0.9999584853649139,0
r1,primary,test/algebra/1332.json,117,0.125,0.008039692416787148,0.9999676942825317,0,1,1.0,0.00920814648270607,0.0694427490234375,0.9999579191207886,0
r1,primary,test/algebra/1332.json,118,0.125,0.010033967904746532,0.9999499917030334,0,1,1.0,0.00932187307626009,0.0694742202758789,0.999956488609314,0
r1,primary,test/algebra/1332.json,119,0.21875,0.010762238875031471,0.999944269657135,0,1,1.0,0.009300328325480223,0.06943225860595703,0.9999571442604065,0
r1,primary,test/algebra/1332.json,120,0.15625,0.010452773422002792,0.999946653842926,0,1,1.0,0.009533188305795193,0.0692291259765625,0.9999546408653259,0
r1,primary,test/algebra/1332.json,121,0.1875,0.009737977758049965,0.9999560713768005,0,1,1.0,0.009527535177767277,0.06904792785644531,0.999954879283905,0
r1,primary,test/algebra/1332.json,122,0.150390625,0.010165467858314514,0.9999493956565857,0,1,1.0,0.009382047690451145,0.06901931762695312,0.9999572336673737,0
r1,primary,test/algebra/1332.json,123,0.3486328125,0.013218972831964493,0.9999260902404785,0,1,0.95,0.009293710812926292,0.06899547576904297,0.9999577105045319,0
r1,primary,test/algebra/1332.json,124,0.15625,0.00596850598230958,0.9999821782112122,0,1,1.0,0.009405753575265408,0.06900882720947266,0.9999568164348602,0
r1,primary,test/algebra/1332.json,125,0.25,0.00899343378841877,0.9999664425849915,0,1,1.0,0.00937264459207654,0.06898784637451172,0.9999575018882751,0
r1,primary,test/algebra/1332.json,126,0.25,0.008069351315498352,0.9999731183052063,0,1,1.0,0.009269905276596546,0.06898784637451172,0.9999580681324005,0
r1,primary,test/algebra/1332.json,127,0.125,0.008545052260160446,0.9999638199806213,0,1,1.0,0.009229739662259817,0.06873798370361328,0.9999577105045319,0
r1,primary,test/algebra/1332.json,128,0.25,0.008847184479236603,0.9999713897705078,0,1,1.0,0.009129663463681936,0.06882762908935547,0.9999585449695587,0
r1,primary,test/counting_and_probability/119.json,0,0.328125,0.02185245044529438,0.9997615814208984,0,1,0.95,0.012206522282212973,0.03408271074295044,0.9999254643917084,0
r1,primary,test/counting_and_probability/119.json,1,0.296875,0.015305491164326668,0.999901533126831,0,1,0.95,0.012380637228488922,0.032163918018341064,0.9999236166477203,0
r1,primary,test/counting_and_probability/119.json,2,0.25,0.01229946967214346,0.9999246001243591,0,1,1.0,0.012536395341157913,0.03321969136595726,0.9999219179153442,0
r1,primary,test/counting_and_probability/119.json,3,0.375,0.02539702318608761,0.9996819496154785,0,1,0.95,0.013157581444829702,0.03502492979168892,0.9999140799045563,0
r1,primary,test/counting_and_probability/119.json,4,0.390625,0.023054976016283035,0.9997345805168152,0,1,1.0,0.014061867725104094,0.034497953951358795,0.9999018013477325,0
r1,primary,test/counting_and_probability/119.json,5,0.3369140625,0.017448769882321358,0.9998591542243958,0,1,0.95,0.014537546783685684,0.03278186917304993,0.9998949766159058,0
r1,primary,test/counting_and_probability/119.json,6,0.21875,0.01123297493904829,0.9999369382858276,0,1,0.95,0.013744218274950981,0.03376364707946777,0.9999062418937683,0
r1,primary,test/counting_and_probability/119.json,7,0.1875,0.010752107948064804,0.9999465942382812,0,1,1.0,0.013002133462578058,0.03371867537498474,0.9999161660671234,0
r1,primary,test/counting_and_probability/119.json,8,0.1875,0.010788951069116592,0.9999449253082275,0,1,1.0,0.012660817708820105,0.03363306447863579,0.9999206066131592,0
r1,primary,test/counting_and_probability/119.json,9,0.1875,0.008987345732748508,0.9999606013298035,0,1,0.95,0.01257264893501997,0.03323715180158615,0.9999216794967651,0
r1,primary,test/counting_and_probability/119.json,10,0.109375,0.008503125980496407,0.9999684691429138,0,1,0.95,0.012574259657412767,0.10917282104492188,0.9999216794967651,0
r1,primary,test/counting_and_probability/119.json,11,0.25,0.01650778017938137,0.9998704791069031,0,1,0.95,0.011934876907616854,0.031498946249485016,0.9999289214611053,0
r1,primary,test/counting_and_probability/119.json,12,0.25,0.012600674293935299,0.9999256730079651,0,1,1.0,0.011800676118582487,0.034993886947631836,0.999931275844574,0
r1,primary,test/counting_and_probability/119.json,13,0.2509765625,0.01202260609716177,0.9999397397041321,0,1,0.95,0.011721163522452116,0.033721089363098145,0.9999320209026337,0
r1,primary,test/counting_and_probability/119.json,14,0.375,0.01163115818053484,0.9999323487281799,0,1,1.0,0.011966318357735872,0.03337613120675087,0.9999294579029083,0
r1,primary,test/counting_and_probability/119.json,15,0.1875,0.01620868779718876,0.9998775720596313,0,1,1.0,0.01145726628601551,0.035759925842285156,0.9999350607395172,0
r1,primary,test/counting_and_probability/119.json,16,0.34375,0.0208672434091568,0.9997835159301758,0,1,0.95,0.011427867226302624,0.03508806228637695,0.9999353587627411,0
r1,primary,test/counting_and_probability/119.json,17,0.1796875,0.007964055985212326,0.9999687075614929,0,1,0.95,0.011297486256808043,0.03419351577758789,0.9999366104602814,0
r1,primary,test/counting_and_probability/119.json,18,0.15625,0.009597915224730968,0.9999542236328125,0,1,1.0,0.011162165086716413,0.03416585922241211,0.9999380707740784,0
r1,primary,test/counting_and_probability/119.json,19,0.25,0.015074404887855053,0.9998865723609924,0,1,0.95,0.010962002910673618,0.033959388732910156,0.9999406635761261,0
r1,primary,test/counting_and_probability/119.json,20,0.21875,0.009538082405924797,0.9999557137489319,0,1,1.0,0.010828324127942324,0.033747196197509766,0.9999421834945679,0
r1,primary,test/counting_and_probability/119.json,21,0.25,0.02746402844786644,0.999656081199646,0,1,1.0,0.010979092214256525,0.03313303366303444,0.9999403059482574,0
r1,primary,test/counting_and_probability/119.json,22,0.1875,0.011775192804634571,0.9999573826789856,0,1,1.0,0.010862037539482117,0.033055759966373444,0.9999412894248962,0
r1,primary,test/counting_and_probability/119.json,23,0.15625,0.008474675007164478,0.9999682903289795,0,1,1.0,0.010823517572134733,0.03313375264406204,0.9999417364597321,0
r1,primary,test/counting_and_probability/119.json,24,0.15625,0.008737281896173954,0.999963641166687,0,1,1.0,0.01073046075180173,0.03310593217611313,0.9999426305294037,0
r1,primary,test/counting_and_probability/119.json,25,0.15625,0.015513425692915916,0.999888002872467,0,1,1.0,0.010648546274751425,0.03316635638475418,0.9999435245990753,0
r1,primary,test/counting_and_probability/119.json,26,0.25,0.010121583938598633,0.999953031539917,0,1,1.0,0.010367919225245714,0.03314231336116791,0.9999463260173798,0
r1,primary,test/counting_and_probability/119.json,27,0.25,0.01091242115944624,0.9999587535858154,0,1,1.0,0.0102174854837358,0.033110279589891434,0.9999480843544006,0
r1,primary,test/counting_and_probability/119.json,28,0.25,0.005838609300553799,0.9999833703041077,0,1,1.0,0.01022566482424736,0.033098697662353516,0.9999483227729797,0
r1,primary,test/counting_and_probability/119.json,29,0.1875,0.007725278846919537,0.9999741315841675,0,1,1.0,0.010556973051279783,0.03309246525168419,0.9999449849128723,0
r1,primary,test/counting_and_probability/119.json,30,0.1875,0.005968980956822634,0.9999822974205017,0,1,1.0,0.010498400777578354,0.033046938478946686,0.9999456703662872,0
r1,primary,test/counting_and_probability/119.json,31,0.15625,0.006704943720251322,0.9999824166297913,0,1,1.0,0.010661397594958544,0.033033356070518494,0.9999440610408783,0
r1,primary,test/counting_and_probability/119.json,32,0.125,0.005799182690680027,0.9999844431877136,0,1,0.95,0.010662284679710865,0.04083442687988281,0.9999435245990753,0
r1,primary,test/counting_and_probability/119.json,33,0.1328125,0.00748475594446063,0.9999732375144958,0,1,0.95,0.010494913440197706,0.034600019454956055,0.999945193529129,0
r1,primary,test/counting_and_probability/119.json,34,0.25,0.008543083444237709,0.9999700784683228,0,1,0.95,0.010307042393833399,0.032973356544971466,0.9999468922615051,0
r1,primary,test/counting_and_probability/119.json,35,0.1875,0.008717097342014313,0.9999634027481079,0,1,1.0,0.010572968516498804,0.03417408466339111,0.999944418668747,0
r1,primary,test/counting_and_probability/119.json,36,0.1875,0.01159440167248249,0.9999347925186157,0,1,0.95,0.010523946955800056,0.03293490782380104,0.9999451637268066,0
r1,primary,test/counting_and_probability/119.json,37,0.15625,0.010353120043873787,0.9999502897262573,0,1,1.0,0.010248164646327496,0.03302088752388954,0.9999475479125977,0
r1,primary,test/counting_and_probability/119.json,38,0.1875,0.008015353232622147,0.9999683499336243,0,1,1.0,0.010218661278486252,0.033018022775650024,0.9999480843544006,0
r1,primary,test/counting_and_probability/119.json,39,0.15625,0.006346328184008598,0.9999803304672241,0,1,1.0,0.010078303050249815,0.033023759722709656,0.9999493062496185,0
r1,primary,test/counting_and_probability/119.json,40,0.125,0.007469468284398317,0.9999769330024719,0,1,1.0,0.010047422721982002,0.03304916247725487,0.9999497830867767,0
r1,primary,test/counting_and_probability/119.json,41,0.15625,0.010191300883889198,0.9999716877937317,0,1,1.0,0.00995664345100522,0.03304557129740715,0.9999504685401917,0
r1,primary,test/counting_and_probability/119.json,42,0.19140625,0.009468678385019302,0.999956488609314,0,1,1.0,0.010121631436049938,0.03303280845284462,0.9999488294124603,0
r1,primary,test/counting_and_probability/119.json,43,0.140625,0.008548440411686897,0.9999640583992004,0,1,1.0,0.010039270389825106,0.03303151577711105,0.9999497830867767,0
r1,primary,test/counting_and_probability/119.json,44,0.25,0.009586431086063385,0.9999542832374573,0,1,1.0,0.010020106565207243,0.033044591546058655,0.9999499022960663,0
r1,primary,test/counting_and_probability/119.json,45,0.15625,0.009255998767912388,0.9999663829803467,0,1,1.0,0.01022330392152071,0.03305002301931381,0.999947726726532,0
r1,primary,test/counting_and_probability/119.json,46,0.203125,0.009901871904730797,0.9999520182609558,0,1,0.95,0.010062821209430695,0.033046040683984756,0.9999495148658752,0
r1,primary,test/counting_and_probability/119.json,47,0.25,0.01262681558728218,0.999923050403595,0,1,1.0,0.010013003833591938,0.03306106477975845,0.9999499917030334,0
r1,primary,test/counting_and_probability/119.json,48,0.140625,0.007786698639392853,0.9999743700027466,0,1,1.0,0.009998747147619724,0.033065926283597946,0.9999501407146454,0
r1,primary,test/counting_and_probability/119.json,49,0.15625,0.008875093422830105,0.9999698996543884,0,1,1.0,0.010084416251629591,0.03306359052658081,0.9999493658542633,0
r1,primary,test/counting_and_probability/119.json,50,0.25,0.007797676604241133,0.9999713897705078,0,1,1.0,0.010134296957403421,0.03306335210800171,0.9999489188194275,0
r1,primary,test/counting_and_probability/119.json,51,0.28125,0.011860672384500504,0.9999304413795471,0,1,1.0,0.010087922215461731,0.03307102248072624,0.999949187040329,0
r1,primary,test/counting_and_probability/119.json,52,0.15625,0.0074970657005906105,0.9999719262123108,0,1,1.0,0.010079113766551018,0.033078260719776154,0.9999493658542633,0
r1,primary,test/counting_and_probability/119.json,53,0.1875,0.012332731857895851,0.9999262690544128,0,1,0.95,0.010308713652193546,0.043856143951416016,0.9999470412731171,0
r1,primary,test/counting_and_probability/119.json,54,0.15924072265625,0.0124101797118783,0.9999234676361084,0,1,1.0,0.010075624100863934,0.04363584518432617,0.9999494254589081,0
r1,primary,test/counting_and_probability/119.json,55,0.125,0.007531053852289915,0.999977171421051,0,1,1.0,0.01021369406953454,0.04637026786804199,0.9999480843544006,0
r1,primary,test/counting_and_probability/119.json,56,0.125,0.008617214858531952,0.9999657273292542,0,1,1.0,0.010142488405108452,0.038443803787231445,0.9999487698078156,0
r1,primary,test/counting_and_probability/119.json,57,0.125,0.007652550470083952,0.9999707937240601,0,1,1.0,0.01004610676318407,0.0330793522298336,0.9999498724937439,0
r1,primary,test/counting_and_probability/119.json,58,0.1875,0.009817531332373619,0.9999563694000244,0,1,1.0,0.01013145549222827,0.03307001292705536,0.9999487698078156,0
r1,primary,test/counting_and_probability/119.json,59,0.15625,0.00752676697447896,0.9999790191650391,0,1,1.0,0.010070288553833961,0.03285037353634834,0.9999494552612305,0
r1,primary,test/counting_and_probability/119.json,60,0.21875,0.015518659725785255,0.999916136264801,0,1,1.0,0.009926107712090015,0.03292961046099663,0.9999508559703827,0
r1,primary,test/counting_and_probability/119.json,61,0.359375,0.012574606575071812,0.9999227523803711,0,1,1.0,0.009827973321080208,0.032904252409935,0.9999517798423767,0
r1,primary,test/counting_and_probability/119.json,62,0.15625,0.007268632296472788,0.9999763369560242,0,1,1.0,0.009770981501787901,0.032843247056007385,0.9999523758888245,0
r1,primary,test/counting_and_probability/119.json,63,0.25,0.00829765759408474,0.999973475933075,0,1,0.95,0.009782211389392614,0.03284428268671036,0.9999524652957916,0
r1,primary,test/counting_and_probability/119.json,64,0.125,0.01022733561694622,0.9999485611915588,0,1,1.0,0.009736576117575169,0.03299988806247711,0.9999527037143707,0
r1,primary,test/counting_and_probability/119.json,65,0.25,0.011423880234360695,0.9999422430992126,0,1,1.0,0.009629319421947002,0.032974258065223694,0.9999535977840424,0
r1,primary,test/counting_and_probability/119.json,66,0.21875,0.01110244169831276,0.9999397397041321,0,1,1.0,0.009494755882769823,0.033096011728048325,0.999955028295517,0
r1,primary,test/counting_and_probability/119.json,67,0.25,0.010153657756745815,0.999952495098114,0,1,1.0,0.009563305415213108,0.03298439085483551,0.9999544620513916,0
r1,primary,test/counting_and_probability/119.json,68,0.1875,0.01155851036310196,0.9999435544013977,0,1,1.0,0.009499745443463326,0.03297165781259537,0.9999549984931946,0
r1,primary,test/counting_and_probability/119.json,69,0.15625,0.009479887783527374,0.9999549984931946,0,1,1.0,0.009611901827156544,0.03297777473926544,0.9999538660049438,0
r1,primary,test/counting_and_probability/119.json,70,0.15625,0.009854375384747982,0.9999575614929199,0,1,0.95,0.009654671419411898,0.032959070056676865,0.99995356798172,0
r1,primary,test/counting_and_probability/119.json,71,0.166015625,0.00817070435732603,0.999966561794281,0,1,0.95,0.009606530424207449,0.032900769263505936,0.9999540150165558,0
r1,primary,test/counting_and_probability/119.json,72,0.1875,0.008002953603863716,0.9999692440032959,0,1,1.0,0.009471842087805271,0.032873816788196564,0.9999552965164185,0
r1,primary,test/counting_and_probability/119.json,73,0.1875,0.009049473330378532,0.999973475933075,0,1,1.0,0.009521087165921926,0.032859425991773605,0.9999547302722931,0
r1,primary,test/counting_and_probability/119.json,74,0.1875,0.007957777939736843,0.9999682903289795,0,1,1.0,0.009443223010748625,0.032831888645887375,0.9999553561210632,0
r1,primary,test/counting_and_probability/119.json,75,0.15625,0.009091528132557869,0.999965488910675,0,1,1.0,0.00932548614218831,0.032767266035079956,0.9999565184116364,0
r1,primary,test/counting_and_probability/119.json,76,0.1875,0.00965195894241333,0.9999546408653259,0,1,1.0,0.009335123468190432,0.0327555276453495,0.9999565482139587,0
r1,primary,test/counting_and_probability/119.json,77,0.224609375,0.017601056024432182,0.9998452663421631,0,1,1.0,0.009421405382454395,0.032881978899240494,0.9999556839466095,0
r1,primary,test/counting_and_probability/119.json,78,0.345703125,0.021968495100736618,0.999758780002594,0,1,1.0,0.009437879547476768,0.032888319343328476,0.9999557137489319,0
r1,primary,test/counting_and_probability/119.json,79,0.1875,0.013458236120641232,0.9999100565910339,0,1,1.0,0.00951539445668459,0.0328155942261219,0.9999551773071289,0
r1,primary,test/counting_and_probability/119.json,80,0.25,0.012968054972589016,0.9999427795410156,0,1,0.95,0.00949924811720848,0.0327865332365036,0.9999553561210632,0
r1,primary,test/counting_and_probability/119.json,81,0.1875,0.00999290682375431,0.9999501705169678,0,1,1.0,0.009595181327313185,0.03297289460897446,0.9999544620513916,0
r1,primary,test/counting_and_probability/119.json,82,0.25,0.013567214831709862,0.9999141693115234,0,1,1.0,0.00957148615270853,0.033053189516067505,0.9999543130397797,0
r1,primary,test/counting_and_probability/119.json,83,0.15625,0.008370678871870041,0.9999657273292542,0,1,1.0,0.009563134983181953,0.0331624411046505,0.999954491853714,0
r1,primary,test/counting_and_probability/119.json,84,0.25,0.0092668067663908,0.9999663829803467,0,1,0.95,0.009490988682955503,0.033142272382974625,0.9999554455280304,0
r1,primary,test/counting_and_probability/119.json,85,0.1640625,0.008915821090340614,0.999962329864502,0,1,1.0,0.009450050536543131,0.033142223954200745,0.9999556541442871,0
r1,primary,test/counting_and_probability/119.json,86,0.1875,0.011957544833421707,0.999928891658783,0,1,1.0,0.00923752086237073,0.0331135168671608,0.9999575614929199,0
r1,primary,test/counting_and_probability/119.json,87,0.15625,0.012710674665868282,0.9999207854270935,0,1,1.0,0.009039789903908968,0.033119458705186844,0.9999594986438751,0
r1,primary,test/counting_and_probability/119.json,88,0.15625,0.007231362629681826,0.9999749064445496,0,1,1.0,0.009046349674463272,0.03306332975625992,0.9999594688415527,0
r1,primary,test/counting_and_probability/119.json,89,0.125,0.007629462983459234,0.999971330165863,0,1,1.0,0.008929062634706497,0.03310495987534523,0.9999603927135468,0
r1,primary,test/counting_and_probability/119.json,90,0.1328125,0.007339681498706341,0.9999748468399048,0,1,1.0,0.008844872005283833,0.0330890491604805,0.9999609887599945,0
r1,primary,test/counting_and_probability/119.json,91,0.15625,0.0096510648727417,0.9999604225158691,0,1,0.95,0.008669855073094368,0.033103641122579575,0.9999624490737915,0
r1,primary,test/counting_and_probability/119.json,92,0.1328125,0.0064870817586779594,0.9999797940254211,0,1,1.0,0.00905770855024457,0.033020853996276855,0.9999592006206512,0
r1,primary,test/counting_and_probability/119.json,93,0.15625,0.014159588143229485,0.9999135136604309,0,1,1.0,0.008757196832448244,0.03300649672746658,0.9999618530273438,0
r1,primary,test/counting_and_probability/119.json,94,0.25,0.009547779336571693,0.9999545216560364,0,1,1.0,0.009044085163623095,0.033028095960617065,0.999959260225296,0
r1,primary,test/counting_and_probability/119.json,95,0.125,0.006463880185037851,0.9999796748161316,0,1,0.95,0.008878232911229134,0.032948024570941925,0.9999606311321259,0
r1,primary,test/counting_and_probability/119.json,96,0.15625,0.007851270958781242,0.9999691247940063,0,1,1.0,0.008779729250818491,0.03297491371631622,0.9999614655971527,0
r1,primary,test/counting_and_probability/119.json,97,0.15625,0.008670445531606674,0.9999645948410034,0,1,1.0,0.008667016867548227,0.0329849049448967,0.9999623894691467,0
r1,primary,test/counting_and_probability/119.json,98,0.1875,0.007812132593244314,0.9999696016311646,0,1,1.0,0.00866521056741476,0.03295329213142395,0.9999625384807587,0
r1,primary,test/counting_and_probability/119.json,99,0.1875,0.00805703829973936,0.9999731183052063,0,1,1.0,0.00866222009062767,0.03286520019173622,0.9999624192714691,0
r1,primary,test/counting_and_probability/119.json,100,0.125,0.00790981575846672,0.999970555305481,0,1,1.0,0.00858881464228034,0.03288429230451584,0.9999631345272064,0
r1,primary,test/counting_and_probability/119.json,101,0.1875,0.007755678612738848,0.9999699592590332,0,1,1.0,0.00871950015425682,0.03287091851234436,0.9999621212482452,0
r1,primary,test/counting_and_probability/119.json,102,0.25,0.009082800708711147,0.9999620914459229,0,1,0.95,0.008665353059768677,0.03287731856107712,0.9999624490737915,0
r1,primary,test/counting_and_probability/119.json,103,0.171875,0.01053955964744091,0.9999468326568604,0,1,1.0,0.008668491616845131,0.0328693613409996,0.9999625384807587,0
r1,primary,test/counting_and_probability/119.json,104,0.15625,0.007660749368369579,0.9999711513519287,0,1,0.95,0.008863680064678192,0.032871801406145096,0.9999618828296661,0
r1,primary,test/counting_and_probability/119.json,105,0.15234375,0.008829745464026928,0.9999651908874512,0,1,1.0,0.008736041374504566,0.03286973387002945,0.9999618530273438,0
r1,primary,test/counting_and_probability/119.json,106,0.1875,0.01231145765632391,0.9999309778213501,0,1,0.95,0.008651144336909056,0.03284193202853203,0.999962568283081,0
r1,primary,test/counting_and_probability/119.json,107,0.25,0.007521668914705515,0.999971866607666,0,1,1.0,0.008655344601720572,0.0327918641269207,0.999962568283081,0
r1,primary,test/counting_and_probability/119.json,108,0.125,0.00773658137768507,0.9999701976776123,0,1,1.0,0.00860631512477994,0.03277997300028801,0.9999630451202393,0
r1,primary,test/counting_and_probability/119.json,109,0.15625,0.011378441005945206,0.9999436140060425,0,1,1.0,0.008500583935528994,0.03276854008436203,0.9999639093875885,0
r1,primary,test/counting_and_probability/119.json,110,0.25,0.010865681804716587,0.9999457001686096,0,1,1.0,0.008525284007191658,0.0328262560069561,0.9999636709690094,0
r1,primary,test/counting_and_probability/119.json,111,0.25,0.010064932517707348,0.9999495148658752,0,1,1.0,0.008525818586349487,0.03282872214913368,0.999963641166687,0
r1,primary,test/counting_and_probability/119.json,112,0.15625,0.007582519669085741,0.9999712109565735,0,1,0.95,0.008531785570085049,0.032786205410957336,0.9999635815620422,0
r1,primary,test/counting_and_probability/119.json,113,0.1875,0.009486458264291286,0.9999556541442871,0,1,0.95,0.008751650340855122,0.03279031813144684,0.9999617040157318,0
r1,primary,test/counting_and_probability/119.json,114,0.15625,0.009956737980246544,0.9999504089355469,0,1,1.0,0.008581641130149364,0.03283773362636566,0.999963104724884,0
r1,primary,test/counting_and_probability/119.json,115,0.1875,0.010789037682116032,0.9999435544013977,0,1,1.0,0.008395259734243155,0.032863277941942215,0.9999648630619049,0
r1,primary,test/counting_and_probability/119.json,116,0.15625,0.008649391122162342,0.9999656081199646,0,1,1.0,0.008417566306889057,0.032859694212675095,0.9999647736549377,0
r1,primary,test/counting_and_probability/119.json,117,0.171875,0.01102226972579956,0.9999408721923828,0,1,1.0,0.008401748724281788,0.03283447027206421,0.9999648332595825,0
r1,primary,test/counting_and_probability/119.json,118,0.125,0.007987960241734982,0.9999693632125854,0,1,1.0,0.008438902907073498,0.03283225744962692,0.9999644756317139,0
r1,primary,test/counting_and_probability/119.json,119,0.1875,0.009534076787531376,0.999959409236908,0,1,0.95,0.00857717590406537,0.03280314430594444,0.9999636113643646,0
r1,primary,test/counting_and_probability/119.json,120,0.15625,0.009187932126224041,0.9999580383300781,0,1,1.0,0.009035306982696056,0.03273075073957443,0.9999596178531647,0
r1,primary,test/counting_and_probability/119.json,121,0.25,0.011982622556388378,0.9999313950538635,0,1,0.95,0.00896414928138256,0.03268405795097351,0.9999601244926453,0
r1,primary,test/counting_and_probability/119.json,122,0.140625,0.008672242052853107,0.999965488910675,0,1,1.0,0.009075202979147434,0.032613515853881836,0.9999592900276184,0
r1,primary,test/counting_and_probability/119.json,123,0.1875,0.011413225904107094,0.9999353885650635,0,1,0.95,0.008933775592595339,0.03259589523077011,0.9999602735042572,0
r1,primary,test/counting_and_probability/119.json,124,0.125,0.007314780261367559,0.9999732375144958,0,1,0.95,0.009150470606982708,0.03259143978357315,0.9999583959579468,0
r1,primary,test/counting_and_probability/119.json,125,0.1875,0.008566937409341335,0.9999687671661377,0,1,1.0,0.009073785040527582,0.03259808570146561,0.9999590814113617,0
r1,primary,test/counting_and_probability/119.json,126,0.15625,0.007267144042998552,0.9999746680259705,0,1,1.0,0.009066122584044933,0.032606761902570724,0.999958872795105,0
r1,primary,test/counting_and_probability/119.json,127,0.1875,0.014487137086689472,0.9999005794525146,0,1,1.0,0.008719051722437143,0.03258126229047775,0.9999622106552124,0
r1,primary,test/counting_and_probability/119.json,128,0.25,0.009981744922697544,0.9999558925628662,0,1,0.95,0.008722819853574038,0.032436612993478775,0.9999622404575348,0
r1,primary,test/geometry/477.json,0,0.4375,0.036290742456912994,0.9994397163391113,0,1,0.95,0.01474667526781559,0.04372084140777588,0.9998919367790222,0
r1,primary,test/geometry/477.json,1,0.375,0.01631004735827446,0.9998672604560852,0,1,1.0,0.014205077663064003,0.043066442012786865,0.9998996257781982,0
r1,primary,test/geometry/477.json,2,0.3125,0.013593768700957298,0.9999109506607056,0,1,1.0,0.014587427489459515,0.04299861192703247,0.9998940527439117,0
r1,primary,test/geometry/477.json,3,0.34375,0.01675710640847683,0.9998598098754883,0,1,1.0,0.014472982846200466,0.04263484477996826,0.999895840883255,0
r1,primary,test/geometry/477.json,4,0.36328125,0.021275503560900688,0.9997739195823669,0,1,0.95,0.01492006005719304,0.04161655902862549,0.9998895823955536,0
r1,primary,test/geometry/477.json,5,0.3515625,0.020563896745443344,0.9997891783714294,0,1,1.0,0.015163800213485956,0.04146295785903931,0.9998857378959656,0
r1,primary,test/geometry/477.json,6,0.375,0.02238202840089798,0.9997548460960388,0,1,1.0,0.015340665820986032,0.041420817375183105,0.9998826086521149,0
r1,primary,test/geometry/477.json,7,0.125,0.009098120965063572,0.9999590516090393,0,1,1.0,0.014837548602372408,0.06588363647460938,0.999889999628067,0
r1,primary,test/geometry/477.json,8,0.25,0.009750436060130596,0.9999650716781616,0,1,1.0,0.014519141521304846,0.04107159376144409,0.9998947978019714,0
r1,primary,test/geometry/477.json,9,0.265625,0.014285505749285221,0.9999231696128845,0,1,1.0,0.014480214565992355,0.040952444076538086,0.9998953938484192,0
r1,primary,test/geometry/477.json,10,0.25,0.011466354131698608,0.9999423027038574,0,1,1.0,0.014494170434772968,0.041472673416137695,0.9998956322669983,0
r1,primary,test/geometry/477.json,11,0.1484375,0.008666031062602997,0.9999628067016602,0,1,1.0,0.014475360978394747,0.04156696796417236,0.9998954832553864,0
r1,primary,test/geometry/477.json,12,0.234375,0.01762739196419716,0.9998463988304138,0,1,1.0,0.013904370367527008,0.042207419872283936,0.999903678894043,0
r1,primary,test/geometry/477.json,13,0.234375,0.011556819081306458,0.9999346137046814,0,1,1.0,0.013475874438881874,0.04215651750564575,0.9999100863933563,0
r1,primary,test/geometry/477.json,14,0.3125,0.009536991827189922,0.9999552965164185,0,1,1.0,0.01331890793517232,0.0414738655090332,0.9999119639396667,0
r1,primary,test/geometry/477.json,15,0.28125,0.011996154673397541,0.9999279975891113,0,1,1.0,0.01360794436186552,0.04224914312362671,0.9999075829982758,0
r1,primary,test/geometry/477.json,16,0.25,0.012609533965587616,0.9999209046363831,0,1,0.95,0.013239475898444653,0.04186278581619263,0.9999128580093384,0
r1,primary,test/geometry/477.json,17,0.5390625,0.04202276095747948,0.9991689920425415,0,1,0.9,0.01308094197884202,0.04184889793395996,0.9999146461486816,0
r1,primary,test/geometry/477.json,18,0.15625,0.0074779558926820755,0.9999721050262451,0,1,1.0,0.013005716726183891,0.0417976975440979,0.99991574883461,0
r1,primary,test/geometry/477.json,19,0.1875,0.010199828073382378,0.9999486804008484,0,1,1.0,0.012458249926567078,0.0419774055480957,0.99992236495018,0
r1,primary,test/geometry/477.json,20,0.1875,0.010094625875353813,0.9999533295631409,0,1,1.0,0.012349839322268963,0.038160741329193115,0.9999237954616547,0
r1,primary,test/geometry/477.json,21,0.1875,0.009520669467747211,0.9999548196792603,0,1,1.0,0.01224401080980897,0.03813183307647705,0.9999251663684845,0
r1,primary,test/geometry/477.json,22,0.1640625,0.016888022422790527,0.9998576045036316,0,1,1.0,0.012109579518437386,0.038241803646087646,0.9999267756938934,0
r1,primary,test/geometry/477.json,23,0.864013671875,0.03473459184169769,0.9994295835494995,0,1,0.95,0.012342497240751982,0.038087427616119385,0.9999242424964905,0
r1,primary,test/geometry/477.json,24,0.1875,0.010818460956215858,0.9999428987503052,0,1,1.0,0.012869970872998238,0.040749967098236084,0.99991774559021,0
r1,primary,test/geometry/477.json,25,0.25,0.01013687439262867,0.9999501705169678,0,1,1.0,0.01217852858826518,0.04067850112915039,0.9999259114265442,0
r1,primary,test/geometry/477.json,26,0.21875,0.013040619902312756,0.9999220371246338,0,1,1.0,0.01208449900150299,0.04014480113983154,0.999927431344986,0
r1,primary,test/geometry/477.json,27,0.375,0.014450374990701675,0.9998957514762878,0,1,1.0,0.011528413742780685,0.0379791259765625,0.9999339282512665,0
r1,primary,test/geometry/477.json,28,0.1875,0.009476663544774055,0.9999552369117737,0,1,1.0,0.011272350326180458,0.038346290588378906,0.9999371469020844,0
r1,primary,test/geometry/477.json,29,0.1875,0.01067709643393755,0.9999498128890991,0,1,1.0,0.011194928549230099,0.03890174627304077,0.9999377727508545,0
r1,primary,test/geometry/477.json,30,0.25,0.007571769878268242,0.9999713897705078,0,1,1.0,0.01107466034591198,0.03751182556152344,0.9999395608901978,0
r1,primary,test/geometry/477.json,31,0.25,0.011467370204627514,0.9999423027038574,0,1,1.0,0.010948458686470985,0.0419468879699707,0.9999402463436127,0
r1,primary,test/geometry/477.json,32,0.1875,0.007803604006767273,0.9999702572822571,0,1,0.95,0.011061450000852346,0.040837764739990234,0.9999389350414276,0
r1,primary,test/geometry/477.json,33,0.96875,0.03703312575817108,0.9993215203285217,0,1,1.0,0.011930412147194147,0.040360450744628906,0.9999286830425262,0
r1,primary,test/geometry/477.json,34,0.5,0.0162020493298769,0.9998692274093628,0,1,1.0,0.011988941114395857,0.0402069091796875,0.9999281764030457,0
r1,primary,test/geometry/477.json,35,0.25,0.009471501223742962,0.9999602437019348,0,1,1.0,0.011975918430835009,0.0393829345703125,0.9999283850193024,0
r1,primary,test/geometry/477.json,36,0.3125,0.009018336422741413,0.9999593496322632,0,1,1.0,0.011827650479972363,0.0392003059387207,0.9999302923679352,0
r1,primary,test/geometry/477.json,37,0.25,0.011047447100281715,0.999940812587738,0,1,1.0,0.011813999153673649,0.03916597366333008,0.9999302327632904,0
r1,primary,test/geometry/477.json,38,0.1328125,0.00963744055479765,0.9999537467956543,0,1,1.0,0.011555024422705173,0.039137840270996094,0.999933272600174,0
r1,primary,test/geometry/477.json,39,0.1474609375,0.006924023386090994,0.9999794960021973,0,1,1.0,0.011258679442107677,0.03905439376831055,0.9999366402626038,0
r1,primary,test/geometry/477.json,40,0.125,0.008104687556624413,0.9999673962593079,0,1,1.0,0.011245176661759615,0.03818655014038086,0.9999368488788605,0
r1,primary,test/geometry/477.json,41,0.1875,0.0083655696362257,0.9999662637710571,0,1,0.95,0.010821172501891851,0.03821563720703125,0.9999416768550873,0
r1,primary,test/geometry/477.json,42,0.25,0.009020953439176083,0.9999661445617676,0,1,1.0,0.01078958809375763,0.03793048858642578,0.9999421238899231,0
r1,primary,test/geometry/477.json,43,0.1875,0.008282002061605453,0.9999679327011108,0,1,1.0,0.010908015072345734,0.037741661071777344,0.9999406039714813,0
r1,primary,test/geometry/477.json,44,0.1328125,0.00868874229490757,0.9999624490737915,0,1,1.0,0.011098138056695461,0.038056373596191406,0.9999387562274933,0
r1,primary,test/geometry/477.json,45,0.125,0.005154410842806101,0.9999868869781494,0,1,1.0,0.011033846065402031,0.037941932678222656,0.9999391436576843,0
r1,primary,test/geometry/477.json,46,0.203125,0.01076514646410942,0.9999508857727051,0,1,1.0,0.010981638450175524,0.038433074951171875,0.9999403059482574,0
r1,primary,test/geometry/477.json,47,0.15625,0.006315269041806459,0.9999812245368958,0,1,1.0,0.01092579122632742,0.03736066818237305,0.9999408423900604,0
r1,primary,test/geometry/477.json,48,0.1875,0.0076988693326711655,0.9999703764915466,0,1,1.0,0.010893944185227156,0.03722715377807617,0.9999409914016724,0
r1,primary,test/geometry/477.json,49,0.3125,0.013410395942628384,0.9999102354049683,0,1,1.0,0.011017690412700176,0.04137134552001953,0.9999395906925201,0
r1,primary,test/geometry/477.json,50,0.46875,0.028798222541809082,0.9995853304862976,0,1,1.0,0.011309498455375433,0.041365623474121094,0.9999360740184784,0
r1,primary,test/geometry/477.json,51,0.875,0.032110486179590225,0.9995025396347046,0,1,0.95,0.011315793730318546,0.04107999801635742,0.9999359548091888,0
r1,primary,test/geometry/477.json,52,0.25,0.010096864774823189,0.999953031539917,0,1,1.0,0.011979075148701668,0.04088544845581055,0.9999282956123352,0
r1,primary,test/geometry/477.json,53,0.4375,0.010516686365008354,0.9999448657035828,0,1,1.0,0.011601501610130072,0.04090738296508789,0.9999326765537262,0
r1,primary,test/geometry/477.json,54,0.1875,0.011722548864781857,0.9999347925186157,0,1,1.0,0.01152908569201827,0.040816307067871094,0.9999335706233978,0
r1,primary,test/geometry/477.json,55,0.1875,0.01206336822360754,0.9999318718910217,0,1,1.0,0.011114467866718769,0.04109668731689453,0.9999383687973022,0
r1,primary,test/geometry/477.json,56,0.125,0.007032541558146477,0.9999753832817078,0,1,1.0,0.011057869531214237,0.042676448822021484,0.9999388754367828,0
r1,primary,test/geometry/477.json,57,0.130859375,0.008511216379702091,0.99996417760849,0,1,1.0,0.011260850820690393,0.042450904846191406,0.9999367594718933,0
r1,primary,test/geometry/477.json,58,0.1875,0.009910711087286472,0.999951183795929,0,1,1.0,0.011079918593168259,0.0427708625793457,0.9999390244483948,0
r1,primary,test/geometry/477.json,59,0.1875,0.010932362638413906,0.9999476671218872,0,1,1.0,0.011078632902354002,0.04326152801513672,0.9999389946460724,0
r1,primary,test/geometry/477.json,60,0.1875,0.010409403592348099,0.9999579191207886,0,1,0.95,0.01101309759542346,0.04361248016357422,0.9999396204948425,0
r1,primary,test/geometry/477.json,61,0.125,0.007703631184995174,0.9999719858169556,0,1,1.0,0.01101005682721734,0.043030738830566406,0.9999398291110992,0
r1,primary,test/geometry/477.json,62,0.15625,0.007953818887472153,0.9999692440032959,0,1,1.0,0.01121585164219141,0.04236316680908203,0.9999377429485321,0
r1,primary,test/geometry/477.json,63,0.15625,0.00901663489639759,0.9999641180038452,0,1,1.0,0.011399048380553722,0.04233980178833008,0.9999350011348724,0
r1,primary,test/geometry/477.json,64,0.1875,0.007766739930957556,0.9999702572822571,0,1,1.0,0.01153290830552578,0.04240131378173828,0.9999335408210754,0
r1,primary,test/geometry/477.json,65,0.125,0.007671550381928682,0.9999708533287048,0,1,0.95,0.011388406623154879,0.04177522659301758,0.9999352395534515,0
r1,primary,test/geometry/477.json,66,0.1875,0.008293567225337029,0.9999709129333496,0,1,0.95,0.011285478249192238,0.040749549865722656,0.9999364912509918,0
r1,primary,test/geometry/477.json,67,0.21875,0.007565787062048912,0.9999716877937317,0,1,0.95,0.011403388809412718,0.04652070999145508,0.9999350607395172,0
r1,primary,test/geometry/477.json,68,0.1875,0.007445068098604679,0.999972403049469,0,1,1.0,0.01124595943838358,0.04394721984863281,0.9999368190765381,0
r1,primary,test/geometry/477.json,69,0.25,0.010562042705714703,0.9999452829360962,0,1,1.0,0.011118195485323668,0.042870521545410156,0.9999383985996246,0
r1,primary,test/geometry/477.json,70,0.25,0.014708496630191803,0.9998939633369446,0,1,1.0,0.011112786829471588,0.049056053161621094,0.9999381899833679,0
r1,primary,test/geometry/477.json,71,0.40625,0.02635367214679718,0.9997337460517883,0,1,1.0,0.011107646860182285,0.04945802688598633,0.9999382793903351,0
r1,primary,test/geometry/477.json,72,0.3984375,0.014560753479599953,0.9998970627784729,0,1,1.0,0.010995571967214346,0.04873085021972656,0.9999396204948425,0
r1,primary,test/geometry/477.json,73,0.25,0.00980953499674797,0.9999531507492065,0,1,1.0,0.011101395823061466,0.04872941970825195,0.9999384880065918,0
r1,primary,test/geometry/477.json,74,0.25,0.010173549875617027,0.9999507665634155,0,1,1.0,0.01099052606150508,0.04865741729736328,0.9999396204948425,0
r1,primary,test/geometry/477.json,75,0.140625,0.01046725269407034,0.9999513626098633,0,1,1.0,0.011110869236290455,0.0480189323425293,0.9999382197856903,0
r1,primary,test/geometry/477.json,76,0.1875,0.011140257120132446,0.9999456405639648,0,1,1.0,0.010877218097448349,0.0478663444519043,0.999940812587738,0
r1,primary,test/geometry/477.json,77,0.125,0.006979284808039665,0.9999757409095764,0,1,1.0,0.010793857742100954,0.047951698303222656,0.9999420642852783,0
r1,primary,test/geometry/477.json,78,0.1875,0.010825219564139843,0.9999472498893738,0,1,1.0,0.01064104912802577,0.047914981842041016,0.9999434947967529,0
r1,primary,test/geometry/477.json,79,0.1328125,0.007945979945361614,0.9999688267707825,0,1,1.0,0.010586850810796022,0.04701995849609375,0.9999442100524902,0
r1,primary,test/geometry/477.json,80,0.125,0.00803834293037653,0.9999704957008362,0,1,1.0,0.010654167272150517,0.047113895416259766,0.9999436736106873,0
r1,primary,test/geometry/477.json,81,0.125,0.009159387089312077,0.999965488910675,0,1,0.95,0.01074042683467269,0.04677295684814453,0.9999425411224365,0
r1,primary,test/geometry/477.json,82,0.140625,0.012893152423202991,0.9999172687530518,0,1,1.0,0.010779380798339844,0.047034263610839844,0.9999421536922455,0
r1,primary,test/geometry/477.json,83,0.1875,0.008684411644935608,0.9999626874923706,0,1,1.0,0.01068913470953703,0.047135353088378906,0.9999431073665619,0
r1,primary,test/geometry/477.json,84,0.125,0.007101443130522966,0.9999778866767883,0,1,1.0,0.010707299690693617,0.04735422134399414,0.9999430775642395,0
r1,primary,test/geometry/477.json,85,0.09375,0.006265951786190271,0.9999805688858032,0,1,1.0,0.010733525734394789,0.04745340347290039,0.9999428391456604,0
r1,primary,test/geometry/477.json,86,0.1875,0.007687219884246588,0.9999737739562988,0,1,1.0,0.010725887957960367,0.04731321334838867,0.9999427795410156,0
r1,primary,test/geometry/477.json,87,0.15625,0.010279377922415733,0.9999508857727051,0,1,1.0,0.010712140705436468,0.04728841781616211,0.9999428391456604,0
r1,primary,test/geometry/477.json,88,0.25,0.010026366449892521,0.9999500513076782,0,1,0.95,0.010672584176063538,0.04541206359863281,0.999943345785141,0
r1,primary,test/geometry/477.json,89,0.33984375,0.01860661804676056,0.9998342394828796,0,1,1.0,0.010949710384011269,0.04479265213012695,0.9999401569366455,0
r1,primary,test/geometry/477.json,90,0.40625,0.014997252263128757,0.9998875856399536,0,1,1.0,0.010976030491292477,0.04501056671142578,0.9999398589134216,0
r1,primary,test/geometry/477.json,91,0.1875,0.008814632892608643,0.9999676942825317,0,1,1.0,0.01089018490165472,0.04513692855834961,0.9999411106109619,0
r1,primary,test/geometry/477.json,92,0.15625,0.007058420684188604,0.9999752640724182,0,1,1.0,0.010606869123876095,0.04502725601196289,0.9999441206455231,0
r1,primary,test/geometry/477.json,93,0.125,0.011631110683083534,0.9999374747276306,0,1,0.95,0.010630476288497448,0.044948577880859375,0.9999436438083649,0
r1,primary,test/geometry/477.json,94,0.15625,0.007411990314722061,0.9999745488166809,0,1,1.0,0.010527299251407385,0.0450444221496582,0.9999446272850037,0
r1,primary,test/geometry/477.json,95,0.125,0.006178237963467836,0.9999815821647644,0,1,1.0,0.01041598804295063,0.04501485824584961,0.9999457895755768,0
r1,primary,test/geometry/477.json,96,0.25,0.006458289921283722,0.9999809861183167,0,1,1.0,0.010292661841958761,0.044275760650634766,0.9999472200870514,0
r1,primary,test/geometry/477.json,97,0.25,0.012361335568130016,0.999943196773529,0,1,1.0,0.01040823757648468,0.04432058334350586,0.9999459683895111,0
r1,primary,test/geometry/477.json,98,0.140625,0.0076449052430689335,0.9999716281890869,0,1,1.0,0.010592721868306398,0.04319047927856445,0.9999440312385559,0
r1,primary,test/geometry/477.json,99,0.125,0.0070717111229896545,0.9999749660491943,0,1,1.0,0.010408159345388412,0.04314136505126953,0.999945878982544,0
r1,primary,test/geometry/477.json,100,0.171875,0.010168677195906639,0.999962568283081,0,1,1.0,0.010317478328943253,0.04305410385131836,0.999946802854538,0
r1,primary,test/geometry/477.json,101,0.1875,0.01236938126385212,0.9999516010284424,0,1,1.0,0.010316019412130117,0.04287385940551758,0.9999468624591827,0
r1,primary,test/geometry/477.json,102,0.1875,0.008991111069917679,0.9999597072601318,0,1,1.0,0.010302156209945679,0.04259920120239258,0.9999470114707947,0
r1,primary,test/geometry/477.json,103,0.1484375,0.010807186365127563,0.9999415874481201,0,1,1.0,0.010421935003250837,0.04234600067138672,0.9999458193778992,0
r1,primary,test/geometry/477.json,104,0.25,0.007905738428235054,0.9999698996543884,0,1,1.0,0.01041055005043745,0.042012691497802734,0.9999460577964783,0
r1,primary,test/geometry/477.json,105,0.256103515625,0.009357557632029057,0.9999588131904602,0,1,1.0,0.01035319548100233,0.041165828704833984,0.9999465048313141,0
r1,primary,test/geometry/477.json,106,0.1875,0.007854594849050045,0.9999692440032959,0,1,0.95,0.010584712028503418,0.04110383987426758,0.9999440610408783,0
r1,primary,test/geometry/477.json,107,0.15625,0.013803803361952305,0.9999050498008728,0,1,1.0,0.010592671111226082,0.04102325439453125,0.9999438524246216,0
r1,primary,test/geometry/477.json,108,0.1875,0.00771956704556942,0.9999709129333496,0,1,1.0,0.010478713549673557,0.04075002670288086,0.9999451339244843,0
r1,primary,test/geometry/477.json,109,0.1875,0.00773865869268775,0.9999702572822571,0,1,1.0,0.010247910860925913,0.040433406829833984,0.9999476671218872,0
r1,primary,test/geometry/477.json,110,0.140625,0.010349099524319172,0.9999573230743408,0,1,1.0,0.010098512284457684,0.04028654098510742,0.9999493062496185,0
r1,primary,test/geometry/477.json,111,0.25,0.007749405223876238,0.9999698996543884,0,1,1.0,0.01009995536878705,0.03928089141845703,0.9999493062496185,0
r1,primary,test/geometry/477.json,112,0.3125,0.009298039600253105,0.9999629259109497,0,1,0.95,0.010150393471121788,0.03946495056152344,0.9999487996101379,0
r1,primary,test/geometry/477.json,113,0.140625,0.012431387789547443,0.9999226331710815,0,1,1.0,0.010367045644670725,0.0395960807800293,0.9999465346336365,0
r1,primary,test/geometry/477.json,114,0.453125,0.018147114664316177,0.9998362064361572,0,1,0.95,0.009942447766661644,0.039684295654296875,0.9999506175518036,0
r1,primary,test/geometry/477.json,115,0.125,0.007447145879268646,0.9999726414680481,0,1,1.0,0.010197770781815052,0.0394134521484375,0.999948114156723,0
r1,primary,test/geometry/477.json,116,0.125,0.009935700334608555,0.9999518990516663,0,1,1.0,0.010114895179867744,0.03935098648071289,0.9999488890171051,0
r1,primary,test/geometry/477.json,117,0.1328125,0.009009668603539467,0.9999625086784363,0,1,1.0,0.009949750266969204,0.0391840934753418,0.9999509155750275,0
r1,primary,test/geometry/477.json,118,0.125,0.00815407931804657,0.9999682307243347,0,1,1.0,0.00973845599219203,0.038724422454833984,0.9999525845050812,0
r1,primary,test/geometry/477.json,119,0.21875,0.008580363355576992,0.9999632239341736,0,1,0.95,0.009876402094960213,0.03943681716918945,0.9999513328075409,0
r1,primary,test/geometry/477.json,120,0.15625,0.010813508182764053,0.9999417662620544,0,1,1.0,0.009884769096970558,0.03986167907714844,0.9999513328075409,0
r1,primary,test/geometry/477.json,121,0.5625,0.03135331720113754,0.9995088577270508,0,1,0.95,0.009901206474751234,0.03993034362792969,0.9999509453773499,0
r1,primary,test/geometry/477.json,122,0.703125,0.02427578717470169,0.9997103214263916,0,1,1.0,0.009939300362020731,0.04218736290931702,0.9999506175518036,0
r1,primary,test/geometry/477.json,123,0.25,0.010251471772789955,0.9999474883079529,0,1,1.0,0.009919033851474524,0.04215386509895325,0.9999512434005737,0
r1,primary,test/geometry/477.json,124,0.15625,0.009288439527153969,0.9999569654464722,0,1,1.0,0.009910935070365667,0.04285937547683716,0.9999512135982513,0
r1,primary,test/geometry/477.json,125,0.1484375,0.009429071098566055,0.9999557137489319,0,1,1.0,0.009831319563090801,0.039794921875,0.9999518990516663,0
r1,primary,test/geometry/477.json,126,0.1875,0.00878403801470995,0.9999648332595825,0,1,1.0,0.009760475251823664,0.0398554801940918,0.9999525845050812,0
r1,primary,test/geometry/477.json,127,0.15625,0.007747632451355457,0.9999710321426392,0,1,1.0,0.009755045641213655,0.039609432220458984,0.9999524652957916,0
r1,primary,test/geometry/477.json,128,0.1875,0.010154148563742638,0.9999515414237976,0,1,1.0,0.009991333354264498,0.03953075408935547,0.9999502301216125,0
r1,stress,test/geometry/702.json,0,0.258056640625,0.021652311086654663,0.9997912645339966,0,1,1.0,0.012545729521661997,0.0942293107509613,0.9999217092990875,0
r1,stress,test/geometry/702.json,1,0.25,0.013542036525905132,0.9999087452888489,0,1,1.0,0.012996525969356298,0.09321309626102448,0.9999163448810577,0
r1,stress,test/geometry/702.json,2,0.1953125,0.010157511569559574,0.9999501705169678,0,1,1.0,0.012266633566468954,0.0916006788611412,0.9999251663684845,0
r1,stress,test/geometry/702.json,3,0.15625,0.008497104980051517,0.9999639987945557,0,1,0.95,0.011967936530709267,0.09123338758945465,0.9999285042285919,0
r1,stress,test/geometry/702.json,4,0.21875,0.009839072823524475,0.9999517202377319,0,1,1.0,0.011544178240001202,0.09111247956752777,0.999933511018753,0
r1,stress,test/geometry/702.json,5,0.15625,0.009923569858074188,0.9999530911445618,0,1,1.0,0.011498282197862864,0.09073199331760406,0.9999344944953918,0
r1,stress,test/geometry/702.json,6,0.1875,0.009412924759089947,0.9999631643295288,0,1,1.0,0.011336727999150753,0.0908086746931076,0.999936431646347,0
r1,stress,test/geometry/702.json,7,0.140625,0.01202297955751419,0.9999314546585083,0,1,1.0,0.011200394947081804,0.09038162976503372,0.9999377131462097,0
r1,stress,test/geometry/702.json,8,0.21875,0.009418729692697525,0.9999558329582214,0,1,1.0,0.011198006104677916,0.08915168046951294,0.9999379515647888,0
r1,stress,test/geometry/702.json,9,0.125,0.007739606313407421,0.9999703168869019,0,1,1.0,0.01110104564577341,0.0892006978392601,0.9999387562274933,0
r1,stress,test/geometry/702.json,10,0.1875,0.007757797837257385,0.9999707937240601,0,1,1.0,0.011018313933163881,0.08924055844545364,0.999939888715744,0
r1,stress,test/geometry/702.json,11,0.125,0.006934031844139099,0.999977707862854,0,1,0.95,0.01099321711808443,0.08924922347068787,0.999940037727356,0
r1,stress,test/geometry/702.json,12,0.21875,0.00899440050125122,0.9999648928642273,0,1,0.95,0.011200487148016691,0.08913233876228333,0.9999377429485321,0
r1,stress,test/geometry/702.json,13,0.1875,0.008882774040102959,0.9999606013298035,0,1,0.95,0.010909984819591045,0.08864648640155792,0.99994096159935,0
r1,stress,test/geometry/702.json,14,0.146484375,0.00882659014314413,0.9999630451202393,0,1,0.95,0.010879404377192259,0.08871011435985565,0.9999413788318634,0
r1,stress,test/geometry/702.json,15,0.25,0.009927005507051945,0.9999539256095886,0,1,0.95,0.010812834836542606,0.08806265890598297,0.9999418258666992,0
r1,stress,test/geometry/702.json,16,0.171875,0.00860830582678318,0.9999662041664124,0,1,0.95,0.010730803944170475,0.08770638704299927,0.999942809343338,0
r1,stress,test/geometry/702.json,17,0.126953125,0.008536618202924728,0.9999640583992004,0,1,1.0,0.010546241421252489,0.0875675231218338,0.9999454319477081,0
r1,stress,test/geometry/702.json,18,0.25,0.01072006393224001,0.9999430775642395,0,1,1.0,0.010389802046120167,0.08718989789485931,0.9999470412731171,0
r1,stress,test/geometry/702.json,19,0.140625,0.007609634660184383,0.9999786615371704,0,1,1.0,0.010483685415238142,0.08716372400522232,0.9999459981918335,0
r1,stress,test/geometry/702.json,20,0.1875,0.007591855246573687,0.9999711513519287,0,1,1.0,0.010779726784676313,0.08711110055446625,0.999943196773529,0
r1,stress,test/geometry/702.json,21,0.125,0.006742688827216625,0.99997878074646,0,1,1.0,0.010778887663036585,0.08711571991443634,0.9999432265758514,0
r1,stress,test/geometry/702.json,22,0.578125,0.01636601611971855,0.9998664259910583,0,1,1.0,0.010561576578766108,0.08702836185693741,0.999945193529129,0
r1,stress,test/geometry/702.json,23,0.140625,0.007422788068652153,0.999972939491272,0,1,1.0,0.010671908967196941,0.08755867928266525,0.9999440610408783,0
r1,stress,test/geometry/702.json,24,0.234375,0.00921142939478159,0.9999575614929199,0,1,0.95,0.01075543137267232,0.08750088512897491,0.9999430477619171,0
r1,stress,test/geometry/702.json,25,0.265625,0.008256346918642521,0.9999661445617676,0,1,1.0,0.010684869717806578,0.0875430554151535,0.9999435245990753,0
r1,stress,test/geometry/702.json,26,0.375,0.01030412595719099,0.9999513626098633,0,1,1.0,0.010757198557257652,0.08764027804136276,0.9999432861804962,0
r1,stress,test/geometry/702.json,27,0.3828125,0.010527766309678555,0.9999517202377319,0,1,1.0,0.010737854056060314,0.08820784091949463,0.9999433159828186,0
r1,stress,test/geometry/702.json,28,0.244140625,0.011089153587818146,0.9999452233314514,0,1,0.95,0.01075028721243143,0.08804182708263397,0.9999424517154694,0
r1,stress,test/geometry/702.json,29,0.1904296875,0.010117005556821823,0.9999488592147827,0,1,1.0,0.010841836221516132,0.08823336660861969,0.9999419748783112,0
r1,stress,test/geometry/702.json,30,0.125,0.00638611102476716,0.9999805092811584,0,1,1.0,0.010875102132558823,0.0879485011100769,0.9999413788318634,0
r1,stress,test/geometry/702.json,31,0.1875,0.00888878758996725,0.9999610185623169,0,1,0.95,0.01115879276767373,0.08763767778873444,0.9999383091926575,0
r1,stress,test/geometry/702.json,32,0.203125,0.008986885659396648,0.9999602437019348,0,1,1.0,0.01102353585883975,0.08741383999586105,0.9999407231807709,0
r1,stress,test/geometry/702.json,33,0.1875,0.012779473327100277,0.9999310970306396,0,1,1.0,0.011153129860758781,0.08701872080564499,0.9999382793903351,0
r1,stress,test/geometry/702.json,34,0.16015625,0.007086365483701229,0.9999761581420898,0,1,1.0,0.01131305517628789,0.08648928254842758,0.9999368786811829,0
r1,stress,test/geometry/702.json,35,0.125,0.00614647613838315,0.9999814033508301,0,1,1.0,0.01135949557647109,0.086479052901268,0.9999363422393799,0
r1,stress,test/geometry/702.json,36,0.125,0.006976953241974115,0.9999759793281555,0,1,1.0,0.011154899839311838,0.08653858304023743,0.9999392926692963,0
r1,stress,test/geometry/702.json,37,0.125,0.005457987077534199,0.9999852776527405,0,1,1.0,0.010910612065345049,0.08656458556652069,0.9999423921108246,0
r1,stress,test/geometry/702.json,38,0.125,0.008022027090191841,0.9999679327011108,0,1,0.9,0.010891622863709927,0.0865396112203598,0.9999418556690216,0
r1,stress,test/geometry/702.json,39,0.134765625,0.007597454823553562,0.9999720454216003,0,1,1.0,0.010749087203294039,0.08649501204490662,0.999943196773529,0
r1,stress,test/geometry/702.json,40,0.1328125,0.008652706630527973,0.9999658465385437,0,1,1.0,0.010631088633090258,0.08542435616254807,0.999944418668747,0
r1,stress,test/geometry/702.json,41,0.25,0.013175214640796185,0.9999155402183533,0,1,1.0,0.010662691667675972,0.08515860885381699,0.9999442994594574,0
r1,stress,test/geometry/702.json,42,0.156982421875,0.008496684953570366,0.9999649524688721,0,1,0.95,0.01073193084448576,0.0848313570022583,0.9999434053897858,0
r1,stress,test/geometry/702.json,43,0.25,0.009550991468131542,0.9999581575393677,0,1,1.0,0.010866465047001839,0.08458985388278961,0.9999412596225739,0
r1,stress,test/geometry/702.json,44,0.2265625,0.017245618626475334,0.9998520016670227,0,1,1.0,0.011184187140315771,0.0833582878112793,0.999937891960144,0
r1,stress,test/geometry/702.json,45,0.25,0.00786974374204874,0.9999706745147705,0,1,1.0,0.010900299530476332,0.08275382220745087,0.9999417960643768,0
r1,stress,test/geometry/702.json,46,0.1328125,0.008236557245254517,0.9999681711196899,0,1,1.0,0.011134291533380747,0.0828729048371315,0.9999386668205261,0
r1,stress,test/geometry/702.json,47,0.171875,0.008435157127678394,0.9999719858169556,0,1,1.0,0.010514328256249428,0.08303621411323547,0.9999450743198395,0
r1,stress,test/geometry/702.json,48,0.203125,0.006982642691582441,0.999975860118866,0,1,1.0,0.010024292394518852,0.08295735716819763,0.9999500215053558,0
r1,stress,test/geometry/702.json,49,0.140625,0.00668729841709137,0.9999777674674988,0,1,1.0,0.009910678956657648,0.08280880004167557,0.9999512135982513,0
r1,stress,test/geometry/702.json,50,0.171875,0.008637093007564545,0.9999686479568481,0,1,1.0,0.00969571154564619,0.08273755013942719,0.9999536573886871,0
r1,stress,test/geometry/702.json,51,0.1328125,0.00715543981641531,0.9999745488166809,0,1,1.0,0.009437990840524435,0.08282235264778137,0.9999558627605438,0
r1,stress,test/geometry/702.json,52,0.1875,0.007261238992214203,0.9999740123748779,0,1,0.95,0.009386088699102402,0.0826750099658966,0.9999564290046692,0
r1,stress,test/geometry/702.json,53,0.1875,0.011407786048948765,0.9999350309371948,0,1,1.0,0.009335376787930727,0.08138012886047363,0.9999570250511169,0
r1,stress,test/geometry/702.json,54,0.125,0.008036625571548939,0.9999693036079407,0,1,1.0,0.009237989783287048,0.08111833035945892,0.9999578893184662,0
r1,stress,test/geometry/702.json,55,0.1328125,0.01061080303043127,0.9999450445175171,0,1,1.0,0.009453747887164354,0.08113649487495422,0.9999563097953796,0
r1,stress,test/geometry/702.json,56,0.15625,0.0057719191536307335,0.9999833106994629,0,1,1.0,0.009301951620727777,0.08124319463968277,0.999957412481308,0
r1,stress,test/geometry/702.json,57,0.140625,0.0067339311353862286,0.99997878074646,0,1,1.0,0.009278250858187675,0.08130833506584167,0.9999573826789856,0
r1,stress,test/geometry/702.json,58,0.140625,0.006973802577704191,0.9999760389328003,0,1,0.95,0.009229269810020924,0.08133403211832047,0.9999578893184662,0
r1,stress,test/geometry/702.json,59,0.1875,0.009053626097738743,0.9999595880508423,0,1,1.0,0.009340242948383093,0.08139555156230927,0.9999570548534393,0
r1,stress,test/geometry/702.json,60,0.15625,0.007499238476157188,0.9999723434448242,0,1,0.95,0.009494157508015633,0.08121360838413239,0.9999558329582214,0
r1,stress,test/geometry/702.json,61,0.171875,0.008861890062689781,0.9999611973762512,0,1,1.0,0.009313978254795074,0.0812666267156601,0.9999569654464722,0
r1,stress,test/geometry/702.json,62,0.15625,0.008042780682444572,0.9999682903289795,0,1,1.0,0.0092972950078547,0.0811321958899498,0.9999572038650513,0
r1,stress,test/geometry/702.json,63,0.21875,0.0072603169828653336,0.9999743700027466,0,1,0.95,0.009639183524996042,0.08115759491920471,0.9999545514583588,0
r1,stress,test/geometry/702.json,64,0.25,0.012497466057538986,0.9999402761459351,0,1,1.0,0.0099195153452456,0.0811474621295929,0.9999514520168304,0
r1,stress,test/geometry/702.json,65,0.152099609375,0.00791133102029562,0.9999696612358093,0,1,0.95,0.009873894974589348,0.08125833421945572,0.9999523162841797,0
r1,stress,test/geometry/702.json,66,0.16015625,0.00672539696097374,0.9999781250953674,0,1,0.95,0.009680312126874924,0.08111833781003952,0.9999539256095886,0
r1,stress,test/geometry/702.json,67,0.1875,0.012365511618554592,0.9999234676361084,0,1,1.0,0.009520312771201134,0.0809255987405777,0.9999549686908722,0
r1,stress,test/geometry/702.json,68,0.1875,0.012617068365216255,0.999921441078186,0,1,1.0,0.009611014742404222,0.08069972693920135,0.9999540448188782,0
r1,stress,test/geometry/702.json,69,0.140625,0.018462561070919037,0.9998303651809692,0,1,1.0,0.009546751622110605,0.08075262606143951,0.9999551773071289,0
r1,stress,test/geometry/702.json,70,0.125,0.005874610505998135,0.9999856352806091,0,1,1.0,0.009424053598195314,0.08057227730751038,0.999957263469696,0
r1,stress,test/geometry/702.json,71,0.125,0.005127103067934513,0.999987006187439,0,1,0.95,0.009510636795312166,0.08064484596252441,0.9999568164348602,0
r1,stress,test/geometry/702.json,72,0.125,0.006763001903891563,0.9999793171882629,0,1,1.0,0.009520724881440401,0.0806465595960617,0.9999558627605438,0
r1,stress,test/geometry/702.json,73,0.140625,0.006078983191400766,0.9999815821647644,0,1,1.0,0.009719464927911758,0.08067595958709717,0.999954104423523,0
r1,stress,test/geometry/702.json,74,0.1328125,0.006169876083731651,0.9999816417694092,0,1,1.0,0.009472510777413845,0.08060678839683533,0.9999551177024841,0
r1,stress,test/geometry/702.json,75,0.125,0.005888777319341898,0.9999831914901733,0,1,1.0,0.009556937962770462,0.08062395453453064,0.999954491853714,0
r1,stress,test/geometry/702.json,76,0.49609375,0.02154574729502201,0.9997857809066772,0,1,0.95,0.009582038037478924,0.08047361671924591,0.9999544024467468,0
r1,stress,test/geometry/702.json,77,0.140625,0.00750056654214859,0.9999783635139465,0,1,1.0,0.00972491642460227,0.08073650300502777,0.9999529719352722,0
r1,stress,test/geometry/702.json,78,0.25,0.011071359738707542,0.9999392628669739,0,1,1.0,0.009688102640211582,0.08067286014556885,0.9999532699584961,0
r1,stress,test/geometry/702.json,79,0.125,0.012160268612205982,0.9999266266822815,0,1,0.95,0.009520959109067917,0.08036024868488312,0.9999549686908722,0
r1,stress,test/geometry/702.json,80,0.1875,0.0060001034289598465,0.9999821782112122,0,1,1.0,0.00950021343305707,0.08028613030910492,0.9999550580978394,0
r1,stress,test/geometry/702.json,81,0.078125,0.0063538746908307076,0.9999799728393555,0,1,1.0,0.009737458545714617,0.08036592602729797,0.9999529421329498,0
r1,stress,test/geometry/702.json,82,0.125,0.006603796035051346,0.9999788999557495,0,1,1.0,0.009762556292116642,0.08034119009971619,0.999952644109726,0
r1,stress,test/geometry/702.json,83,0.125,0.007271842565387487,0.9999762773513794,0,1,1.0,0.009667941369116306,0.08033671975135803,0.9999535381793976,0
r1,stress,test/geometry/702.json,84,0.125,0.007955285720527172,0.9999738931655884,0,1,0.9,0.00964377447962761,0.08031651377677917,0.9999537169933319,0
r1,stress,test/geometry/702.json,85,0.15625,0.008180256932973862,0.9999678730964661,0,1,1.0,0.009675578214228153,0.08032414317131042,0.9999535977840424,0
r1,stress,test/geometry/702.json,86,0.69140625,0.029014557600021362,0.999580442905426,0,1,0.9,0.009694059379398823,0.08029451221227646,0.9999535083770752,0
r1,stress,test/geometry/702.json,87,0.208984375,0.009189529344439507,0.9999600052833557,0,1,1.0,0.009719992987811565,0.08017264306545258,0.9999532997608185,0
r1,stress,test/geometry/702.json,88,0.125,0.007253382820636034,0.9999737739562988,0,1,1.0,0.009723198600113392,0.08019314706325531,0.9999533593654633,0
r1,stress,test/geometry/702.json,89,0.15625,0.010530523955821991,0.9999477863311768,0,1,1.0,0.009621819481253624,0.08017502725124359,0.9999538958072662,0
r1,stress,test/geometry/702.json,90,0.25,0.00746927922591567,0.9999816417694092,0,1,1.0,0.009550236165523529,0.08017097413539886,0.999954491853714,0
r1,stress,test/geometry/702.json,91,0.21875,0.012467429973185062,0.9999451637268066,0,1,1.0,0.00979074602946639,0.08019145578145981,0.9999528527259827,0
r1,stress,test/geometry/702.json,92,0.25,0.007870878092944622,0.9999779462814331,0,1,1.0,0.01007401430979371,0.08016875386238098,0.9999498128890991,0
r1,stress,test/geometry/702.json,93,0.25,0.007576041854918003,0.999972403049469,0,1,0.95,0.00997241074219346,0.08014366030693054,0.9999507963657379,0
r1,stress,test/geometry/702.json,94,0.125,0.006961610168218613,0.9999802708625793,0,1,1.0,0.010158391669392586,0.08011002838611603,0.9999490678310394,0
r1,stress,test/geometry/702.json,95,0.40625,0.014931096695363522,0.9998915791511536,0,1,0.95,0.010352783370763063,0.08007696270942688,0.9999474287033081,0
r1,stress,test/geometry/702.json,96,0.328125,0.01655818335711956,0.9998883605003357,0,1,0.95,0.010126161854714155,0.0803731381893158,0.9999496638774872,0
r1,stress,test/geometry/702.json,97,0.1328125,0.008674994111061096,0.9999740123748779,0,1,0.95,0.010077457875013351,0.08024046570062637,0.999950110912323,0
r1,stress,test/geometry/702.json,98,0.109375,0.006653649732470512,0.9999834895133972,0,1,1.0,0.010269992519170046,0.08023038506507874,0.9999479353427887,0
r1,stress,test/geometry/702.json,99,0.140625,0.0077527714893221855,0.9999712109565735,0,1,1.0,0.010195567272603512,0.08017293363809586,0.9999484419822693,0
r1,stress,test/geometry/702.json,100,0.46875,0.01955181360244751,0.9998348355293274,0,1,1.0,0.010151585098356009,0.08004671335220337,0.9999489188194275,0
r1,stress,test/geometry/702.json,101,0.25,0.006156501825898886,0.9999820590019226,0,1,1.0,0.010243956465274096,0.08004340529441833,0.9999481737613678,0
r1,stress,test/geometry/702.json,102,0.625,0.022065654397010803,0.9997567534446716,0,1,0.95,0.010089362971484661,0.08011919260025024,0.9999493956565857,0
r1,stress,test/geometry/702.json,103,0.359375,0.011980540119111538,0.9999282956123352,0,1,1.0,0.01137662585824728,0.07929256558418274,0.9999358355998993,0
r1,stress,test/geometry/702.json,104,0.1875,0.007642530836164951,0.9999715089797974,0,1,1.0,0.011640471871942282,0.07929318398237228,0.9999330043792725,0
r1,stress,test/geometry/702.json,105,0.1875,0.007681882940232754,0.9999763369560242,0,1,0.95,0.011438620742410421,0.07928217947483063,0.9999351799488068,0
r1,stress,test/geometry/702.json,106,0.6875,0.021618874743580818,0.9997666478157043,0,1,1.0,0.011798809748142958,0.07919477671384811,0.9999307990074158,0
r1,stress,test/geometry/702.json,107,1.28125,0.06595312803983688,0.9979903697967529,0,1,1.0,0.016148455440998077,0.202742338180542,0.9998655319213867,0
r1,stress,test/geometry/702.json,108,0.21875,0.01020765583962202,0.9999513626098633,0,1,0.95,0.016091154422610998,0.15421229600906372,0.9998710751533508,0
r1,stress,test/geometry/702.json,109,0.203125,0.010246128775179386,0.9999501705169678,0,1,1.0,0.01433794992044568,0.08047722280025482,0.999897688627243,0
r1,stress,test/geometry/702.json,110,0.25,0.012478543445467949,0.9999227523803711,0,1,0.95,0.013291052542626858,0.080605149269104,0.9999123215675354,0
r1,stress,test/geometry/702.json,111,0.1875,0.010737587697803974,0.9999428987503052,0,1,1.0,0.012804402504116297,0.08069171011447906,0.999918669462204,0
r1,stress,test/geometry/702.json,112,0.1875,0.012686079367995262,0.999919593334198,0,1,0.95,0.012630035635083914,0.0806262195110321,0.9999208152294159,0
r1,stress,test/geometry/702.json,113,0.25,0.010060056112706661,0.9999553561210632,0,1,0.95,0.012565318495035172,0.08026838302612305,0.9999217391014099,0
r1,stress,test/geometry/702.json,114,0.125,0.006898132152855396,0.9999765753746033,0,1,1.0,0.012514378875494003,0.08014138787984848,0.9999223947525024,0
r1,stress,test/geometry/702.json,115,0.15625,0.009116473607718945,0.9999610781669617,0,1,1.0,0.012516779825091362,0.07992875576019287,0.99992236495018,0
r1,stress,test/geometry/702.json,116,0.25,0.008673206903040409,0.9999707937240601,0,1,1.0,0.012521710246801376,0.0798407644033432,0.9999222457408905,0
r1,stress,test/geometry/702.json,117,0.15625,0.007945036515593529,0.9999740123748779,0,1,1.0,0.012445217929780483,0.07979351282119751,0.9999232590198517,0
r1,stress,test/geometry/702.json,118,0.25,0.010776826180517673,0.9999702572822571,0,1,0.95,0.012437338009476662,0.07975250482559204,0.9999232590198517,0
r1,stress,test/geometry/702.json,119,0.1875,0.008095869794487953,0.9999723434448242,0,1,0.95,0.01234608655795455,0.07970218360424042,0.99992436170578,0
r1,stress,test/geometry/702.json,120,0.1875,0.007658923976123333,0.9999717473983765,0,1,0.95,0.01215820387005806,0.0797121450304985,0.9999266862869263,0
r1,stress,test/geometry/702.json,121,0.1875,0.008983233012259007,0.9999608993530273,0,1,1.0,0.012040454894304276,0.07984542846679688,0.9999280869960785,0
r1,stress,test/geometry/702.json,122,0.1328125,0.009414971806108952,0.9999557137489319,0,1,0.95,0.011940088123083115,0.08012883365154266,0.999929279088974,0
r1,stress,test/geometry/702.json,123,0.1875,0.01003906037658453,0.99994957447052,0,1,1.0,0.011911796405911446,0.07992476224899292,0.9999296963214874,0
r1,stress,test/geometry/702.json,124,0.1875,0.010059048421680927,0.9999498128890991,0,1,1.0,0.011871070135384798,0.07953685522079468,0.999930202960968,0
r1,stress,test/geometry/702.json,125,0.25,0.00980331189930439,0.999952495098114,0,1,1.0,0.011750994250178337,0.07952575385570526,0.9999315142631531,0
r1,stress,test/geometry/702.json,126,0.25,0.013584330677986145,0.9999094605445862,0,1,1.0,0.011703615076839924,0.07941392064094543,0.9999323487281799,0
r1,stress,test/geometry/702.json,127,0.65625,0.02135688066482544,0.9997719526290894,0,1,1.0,0.011684594675898552,0.07921946793794632,0.9999324679374695,0
r1,stress,test/geometry/702.json,128,1.375,0.03362485393881798,0.9994344711303711,0,1,1.0,0.011715113651007414,0.07939548790454865,0.9999322593212128,0
r1,stress,test/geometry/702.json,129,0.234375,0.010734237730503082,0.9999428391456604,0,1,0.9,0.011302648112177849,0.07929381728172302,0.9999368190765381,0
r1,stress,test/geometry/702.json,130,0.25,0.012404999695718288,0.9999234080314636,0,1,1.0,0.01108821714296937,0.07930689305067062,0.9999389350414276,0
r1,stress,test/geometry/702.json,131,0.28125,0.011038322001695633,0.999957799911499,0,1,1.0,0.01133456639945507,0.07931099832057953,0.999936580657959,0
r1,stress,test/geometry/702.json,132,0.25,0.01331921387463808,0.9999118447303772,0,1,1.0,0.01115126023069024,0.07921801507472992,0.9999386966228485,0
r1,stress,test/geometry/702.json,133,0.25,0.011011946015059948,0.9999408721923828,0,1,1.0,0.010937934275716543,0.0791831910610199,0.9999409317970276,0
r1,stress,test/geometry/702.json,134,0.15625,0.008146856911480427,0.9999713897705078,0,1,1.0,0.010971564799547195,0.0792040079832077,0.9999406933784485,0
r1,stress,test/geometry/702.json,135,0.15625,0.006606766954064369,0.9999783039093018,0,1,1.0,0.010932696983218193,0.0792519748210907,0.9999409019947052,0
r1,stress,test/geometry/702.json,136,0.19921875,0.012326901778578758,0.9999359250068665,0,1,1.0,0.010878403671085835,0.07922648638486862,0.9999416172504425,0
r1,stress,test/geometry/702.json,137,0.15625,0.009855284355580807,0.999958336353302,0,1,1.0,0.010829468257725239,0.0791868045926094,0.9999419450759888,0
r1,stress,test/geometry/702.json,138,0.1875,0.007543738000094891,0.9999724626541138,0,1,1.0,0.010853922925889492,0.07917691767215729,0.9999417066574097,0
r1,stress,test/geometry/702.json,139,0.421875,0.01322033442556858,0.9999130368232727,0,1,0.95,0.010985191445797682,0.07910798490047455,0.9999401569366455,0
r1,stress,test/geometry/702.json,140,0.5625,0.016092021018266678,0.9998713135719299,0,1,1.0,0.011129888240247965,0.07903843373060226,0.9999385476112366,0
r1,stress,test/geometry/702.json,141,0.28125,0.016245026141405106,0.9998701810836792,0,1,0.95,0.010990448296070099,0.07904385030269623,0.9999401569366455,0
r1,stress,test/geometry/702.json,142,0.203125,0.01273726299405098,0.9999200105667114,0,1,1.0,0.010836608707904816,0.07890596985816956,0.9999416768550873,0
r1,stress,test/geometry/702.json,143,0.21875,0.009715961292386055,0.9999603629112244,0,1,1.0,0.010739379096776247,0.07889556139707565,0.9999426305294037,0
r1,stress,test/geometry/702.json,144,0.25,0.009097401984035969,0.9999586343765259,0,1,1.0,0.010764076840132475,0.07899157702922821,0.999942421913147,0
r1,stress,test/geometry/702.json,145,0.25,0.01260007917881012,0.9999287724494934,0,1,1.0,0.010715370532125235,0.07894857227802277,0.9999426901340485,0
r1,stress,test/geometry/702.json,146,0.21875,0.009971787221729755,0.9999555945396423,0,1,1.0,0.010716253891587257,0.07892684638500214,0.9999428689479828,0
r1,stress,test/geometry/702.json,147,0.1875,0.0068240840919315815,0.9999768137931824,0,1,1.0,0.010783553589135408,0.07894836366176605,0.999942272901535,0
r1,stress,test/geometry/702.json,148,0.171875,0.011184810660779476,0.9999376535415649,0,1,0.95,0.010761333163827658,0.07912860065698624,0.9999423623085022,0
r1,stress,test/geometry/702.json,149,0.21875,0.009236467070877552,0.9999628067016602,0,1,1.0,0.010860242415219545,0.07911853492259979,0.999941349029541,0
r1,stress,test/geometry/702.json,150,0.25,0.008644490502774715,0.9999631643295288,0,1,1.0,0.010768360923975706,0.07911000400781631,0.9999423027038574,0
r1,stress,test/geometry/702.json,151,0.140625,0.008640547282993793,0.9999638795852661,0,1,0.95,0.010700673796236515,0.07911863178014755,0.9999430775642395,0
r1,stress,test/geometry/702.json,152,0.171875,0.011221767403185368,0.9999396800994873,0,1,1.0,0.010994758922606707,0.07909083366394043,0.999940425157547,0
r1,stress,test/geometry/702.json,153,0.16259765625,0.013707500882446766,0.9999149441719055,0,1,1.0,0.010852393228560686,0.07915514707565308,0.9999418556690216,0
r1,stress,test/geometry/702.json,154,0.125,0.00663132406771183,0.9999783039093018,0,1,1.0,0.010754577349871397,0.0791466236114502,0.999942809343338,0
r1,stress,test/geometry/702.json,155,0.25,0.007720235735177994,0.9999781847000122,0,1,1.0,0.010678841732442379,0.07913334667682648,0.9999437630176544,0
r1,stress,test/geometry/702.json,156,0.28125,0.012391665950417519,0.9999290108680725,0,1,1.0,0.01073033269494772,0.07912914454936981,0.9999425709247589,0
r1,stress,test/geometry/702.json,157,0.15625,0.008508851751685143,0.999970555305481,0,1,1.0,0.01076210057362914,0.07898639142513275,0.9999423623085022,0
r1,stress,test/geometry/702.json,158,0.1875,0.010022180154919624,0.9999501705169678,0,1,0.95,0.010749665554612875,0.07889482378959656,0.9999427199363708,0
r1,stress,test/geometry/702.json,159,0.1875,0.013657398521900177,0.9999073147773743,0,1,1.0,0.010693641379475594,0.07886387407779694,0.9999434053897858,0
r1,stress,test/geometry/702.json,160,0.15625,0.010536176152527332,0.9999445080757141,0,1,1.0,0.010622911155223846,0.07881644368171692,0.9999439716339111,0
r1,stress,test/geometry/702.json,161,0.25,0.007036422844976187,0.9999752640724182,0,1,1.0,0.010636860504746437,0.07877181470394135,0.9999439418315887,0
r1,stress,test/geometry/702.json,162,0.125,0.006957921199500561,0.9999757409095764,0,1,1.0,0.010881857480853796,0.07886555790901184,0.9999417066574097,0
r1,stress,test/geometry/702.json,163,0.15625,0.012474359944462776,0.9999232292175293,0,1,1.0,0.010880249552428722,0.07887491583824158,0.9999415278434753,0
r1,stress,test/geometry/702.json,164,0.1796875,0.011323955841362476,0.9999367594718933,0,1,1.0,0.010846913326531649,0.07875996828079224,0.9999418556690216,0
r1,stress,test/geometry/702.json,165,0.1875,0.009138806723058224,0.9999614357948303,0,1,1.0,0.01088934438303113,0.07870738208293915,0.9999414682388306,0
r1,stress,test/geometry/702.json,166,0.109375,0.005119345150887966,0.9999873638153076,0,1,1.0,0.010871188249439001,0.0787443071603775,0.9999415874481201,0
r1,stress,test/geometry/702.json,167,1.0,0.02109490893781185,0.9997807145118713,0,1,1.0,0.011074741370975971,0.07870703935623169,0.9999398291110992,0
r1,stress,test/geometry/702.json,168,0.25,0.007767381612211466,0.9999735355377197,0,1,1.0,0.011082051321864128,0.07923301309347153,0.9999393820762634,0
r1,stress,test/geometry/702.json,169,0.1875,0.00895629357546568,0.9999687671661377,0,1,1.0,0.010938447434455156,0.07921749353408813,0.9999407231807709,0
r1,stress,test/geometry/702.json,170,0.1875,0.011106712743639946,0.9999504685401917,0,1,1.0,0.010855516884475946,0.07921984791755676,0.9999415576457977,0
r1,stress,test/geometry/702.json,171,0.1875,0.01216023787856102,0.9999291896820068,0,1,1.0,0.010836885310709476,0.0791979506611824,0.9999417364597321,0
r1,stress,test/geometry/702.json,172,0.1572265625,0.011893865652382374,0.999929666519165,0,1,1.0,0.010814322624355555,0.0792107805609703,0.9999420642852783,0
r1,stress,test/geometry/702.json,173,0.125,0.0065017095766961575,0.9999790191650391,0,1,1.0,0.010791968554258347,0.07921802997589111,0.9999426007270813,0
r1,stress,test/geometry/702.json,174,0.1875,0.006649523973464966,0.9999813437461853,0,1,0.95,0.010699502192437649,0.07922061532735825,0.9999436140060425,0
r1,stress,test/geometry/702.json,175,0.78125,0.015937019139528275,0.9998833537101746,0,1,0.95,0.01092390576377511,0.07922292500734329,0.9999409019947052,0
r1,stress,test/geometry/702.json,176,0.15625,0.007023551966995001,0.9999774694442749,0,1,1.0,0.010979336220771074,0.0793304592370987,0.9999402761459351,0
r1,stress,test/geometry/702.json,177,0.25,0.011278181336820126,0.9999470710754395,0,1,1.0,0.010928923264145851,0.07926756143569946,0.9999407827854156,0
r1,stress,test/geometry/702.json,178,0.21875,0.027068886905908585,0.9996336102485657,0,1,1.0,0.0109004988335073,0.07920864224433899,0.9999409914016724,0
r1,stress,test/geometry/702.json,179,0.5625,0.035690534859895706,0.9994320273399353,0,1,1.0,0.011121626477688551,0.0792439728975296,0.9999386668205261,0
r1,stress,test/geometry/702.json,180,0.1875,0.007894432172179222,0.9999690651893616,0,1,1.0,0.011119503993541002,0.07897348701953888,0.9999387264251709,0
r1,stress,test/geometry/702.json,181,0.15625,0.00768666947260499,0.9999716281890869,0,1,1.0,0.010687578469514847,0.07900277525186539,0.99994295835495,0
r1,stress,test/geometry/702.json,182,0.15625,0.012477990239858627,0.9999244809150696,0,1,1.0,0.01074040587991476,0.07896032184362411,0.9999424517154694,0
r1,stress,test/geometry/702.json,183,0.1875,0.008113179355859756,0.9999683499336243,0,1,0.95,0.010637434665113688,0.07894253730773926,0.9999435842037201,0
r1,stress,test/geometry/702.json,184,0.1875,0.006283010821789503,0.9999812841415405,0,1,1.0,0.010734041221439838,0.07884354144334793,0.9999427497386932,0
r1,stress,test/geometry/702.json,185,0.140625,0.010176601819694042,0.9999483227729797,0,1,1.0,0.010615164879709482,0.07878357172012329,0.999943882226944,0
r1,stress,test/geometry/702.json,186,0.28125,0.009292788803577423,0.999958336353302,0,1,0.95,0.01063870545476675,0.07873733341693878,0.9999436736106873,0
r1,stress,test/geometry/702.json,187,0.15625,0.008159494027495384,0.999971866607666,0,1,1.0,0.010734888724982738,0.07875671982765198,0.9999428689479828,0
r1,stress,test/geometry/702.json,188,0.1640625,0.008421311154961586,0.9999650716781616,0,1,1.0,0.010724731720983982,0.07877328991889954,0.99994295835495,0
r1,stress,test/geometry/702.json,189,0.34375,0.02389795146882534,0.9997528791427612,0,1,0.95,0.010703539475798607,0.07865855097770691,0.99994295835495,0
r1,stress,test/geometry/702.json,190,0.25,0.013130350969731808,0.9999141097068787,0,1,1.0,0.010758842341601849,0.07903766632080078,0.9999424517154694,0
r1,stress,test/geometry/702.json,191,0.15625,0.0068088253028690815,0.9999768137931824,0,1,1.0,0.010831597726792097,0.07902191579341888,0.9999416768550873,0
r1,stress,test/geometry/702.json,192,0.15625,0.0057664127089083195,0.9999838471412659,0,1,1.0,0.010785592254251242,0.07904116809368134,0.999942272901535,0
r1,stress,test/geometry/702.json,193,0.28125,0.01795140467584133,0.9998659491539001,0,1,1.0,0.010702721308916807,0.0789351612329483,0.9999430775642395,0
r1,stress,test/geometry/702.json,194,0.2109375,0.00734588922932744,0.9999730587005615,0,1,1.0,0.010617753025144339,0.07886757701635361,0.9999440908432007,0
r1,stress,test/geometry/702.json,195,0.25,0.008803173899650574,0.9999613761901855,0,1,0.95,0.010700752958655357,0.07862669229507446,0.9999431073665619,0
r1,stress,test/geometry/702.json,196,0.25,0.013588321395218372,0.9999080896377563,0,1,0.95,0.010544274002313614,0.0786266177892685,0.999944806098938,0
r1,stress,test/geometry/702.json,197,0.375,0.018070360645651817,0.999846875667572,0,1,1.0,0.011003300547599792,0.07859921455383301,0.9999398291110992,0
r1,stress,test/geometry/702.json,198,0.203125,0.008468805812299252,0.999967098236084,0,1,0.95,0.011207540519535542,0.07847514748573303,0.9999378025531769,0
r1,stress,test/geometry/702.json,199,0.25,0.007377543952316046,0.9999732971191406,0,1,1.0,0.011023798026144505,0.07850856333971024,0.9999398291110992,0
r1,stress,test/geometry/702.json,200,0.140625,0.01082658302038908,0.9999444484710693,0,1,1.0,0.010933138895779848,0.07847358286380768,0.9999407529830933,0
r1,stress,test/geometry/702.json,201,0.171875,0.01048080250620842,0.9999450445175171,0,1,1.0,0.010806790087372065,0.07852360606193542,0.9999421238899231,0
r1,stress,test/geometry/702.json,202,0.15625,0.007699860259890556,0.9999708533287048,0,1,1.0,0.010833750944584608,0.07854366302490234,0.9999418258666992,0
r1,stress,test/geometry/702.json,203,0.8125,0.02886965684592724,0.9996084570884705,0,1,0.95,0.012759544886648655,0.11078768968582153,0.9999169409275055,0
r1,stress,test/geometry/702.json,204,7.40625,0.24144865572452545,0.9792486429214478,0,1,0.85,0.01317723048850894,0.097933828830719,0.9999122321605682,0
r1,stress,test/geometry/702.json,205,0.53125,0.016408082097768784,0.999872088432312,0,1,1.0,0.013848514761775732,0.08987963199615479,0.9999024569988251,0
r1,stress,test/geometry/702.json,206,0.453125,0.011327451094985008,0.9999467134475708,0,1,0.95,0.012547905556857586,0.08981668949127197,0.9999212026596069,0
r1,stress,test/geometry/702.json,207,0.1949462890625,0.008961446583271027,0.9999604225158691,0,1,0.95,0.012212940026074648,0.08980613946914673,0.9999256134033203,0
r1,stress,test/geometry/702.json,208,0.84375,0.021330012008547783,0.9998157620429993,0,1,0.95,0.012083005625754595,0.08971798419952393,0.9999270141124725,0
r1,stress,test/geometry/702.json,209,0.1875,0.013398882001638412,0.999910295009613,0,1,1.0,0.011949156410992146,0.08349204063415527,0.999928742647171,0
r1,stress,test/geometry/702.json,210,0.15625,0.0067978291772305965,0.9999769926071167,0,1,1.0,0.01188536174595356,0.08337277173995972,0.9999294579029083,0
r1,stress,test/geometry/702.json,211,0.203125,0.00693863769993186,0.9999766945838928,0,1,1.0,0.011787117924541235,0.08326572179794312,0.9999305903911591,0
r1,stress,test/geometry/702.json,212,0.84375,0.03271664306521416,0.9994654059410095,0,1,0.95,0.01382271759212017,0.0825340747833252,0.9999031722545624,0
r1,stress,test/geometry/702.json,213,0.3828125,0.011057970114052296,0.9999456405639648,0,1,1.0,0.013474190142005682,0.08336389064788818,0.999909371137619,0
r1,stress,test/geometry/702.json,214,0.265625,0.010870911180973053,0.9999528527259827,0,1,1.0,0.012460886966437101,0.08317947387695312,0.9999227821826935,0
r1,stress,test/geometry/702.json,215,0.296875,0.018429916352033615,0.9998304843902588,0,1,1.0,0.011898993514478207,0.08200079202651978,0.9999293088912964,0
r1,stress,test/geometry/702.json,216,0.375,0.016755536198616028,0.999859631061554,0,1,0.95,0.011074377223849297,0.08194684982299805,0.9999386668205261,0
r1,stress,test/geometry/702.json,217,0.125,0.008731001056730747,0.9999620914459229,0,1,1.0,0.0107634998857975,0.0812256932258606,0.9999419450759888,0
r1,stress,test/geometry/702.json,218,0.1875,0.013212383724749088,0.9999209642410278,0,1,0.95,0.010512742679566145,0.08139389753341675,0.9999448359012604,0
r1,stress,test/geometry/702.json,219,0.23828125,0.014646266587078571,0.9998943209648132,0,1,1.0,0.010354307945817709,0.08151769638061523,0.9999463260173798,0
r1,stress,test/geometry/702.json,220,0.25,0.015586133114993572,0.9998831748962402,0,1,1.0,0.010288381017744541,0.08118617534637451,0.9999469816684723,0
r1,stress,test/geometry/702.json,221,0.25,0.009678756818175316,0.9999609589576721,0,1,1.0,0.010260207578539848,0.08137434720993042,0.9999474287033081,0
r1,stress,test/geometry/702.json,222,0.1796875,0.007546873297542334,0.9999716877937317,0,1,1.0,0.010452425107359886,0.08152461051940918,0.9999456405639648,0
r1,stress,test/geometry/702.json,223,0.125,0.00746375834569335,0.999974250793457,0,1,1.0,0.010275575332343578,0.08141458034515381,0.9999474585056305,0
r1,stress,test/geometry/702.json,224,0.25,0.007819647900760174,0.9999731183052063,0,1,1.0,0.010170842986553907,0.0816497802734375,0.9999486804008484,0
r1,stress,test/geometry/702.json,225,0.140869140625,0.007411120925098658,0.999974250793457,0,1,1.0,0.01007374795153737,0.08158844709396362,0.9999495446681976,0
r1,stress,test/geometry/702.json,226,0.15625,0.00777252484112978,0.999971866607666,0,1,0.95,0.0100425835698843,0.08153235912322998,0.9999496638774872,0
r1,stress,test/geometry/702.json,227,1.046875,0.03163677826523781,0.9995015859603882,0,1,0.95,0.010035718325525522,0.08125972747802734,0.999949723482132,0
r1,stress,test/geometry/702.json,228,0.15625,0.005924750119447708,0.9999839067459106,0,1,0.95,0.010092454496771097,0.07788753509521484,0.9999492466449738,0
r1,stress,test/geometry/702.json,229,0.1875,0.0077015613205730915,0.9999731183052063,0,1,1.0,0.009978469926863909,0.07783598452806473,0.9999503791332245,0
r1,stress,test/geometry/702.json,230,0.25,0.009263425134122372,0.9999571442604065,0,1,0.95,0.00994762172922492,0.07778671383857727,0.9999505579471588,0
r1,stress,test/geometry/702.json,231,0.25,0.013549009338021278,0.9999327063560486,0,1,1.0,0.009994521737098694,0.0777868777513504,0.9999502599239349,0
r1,stress,test/geometry/702.json,232,0.125,0.005271938629448414,0.9999861121177673,0,1,0.95,0.010069640353322029,0.07779150456190109,0.9999494850635529,0
r1,stress,test/geometry/702.json,233,0.28125,0.013196196407079697,0.9999129772186279,0,1,1.0,0.010305596049875021,0.07777033001184464,0.99994757771492,0
r1,stress,test/geometry/702.json,234,0.15625,0.006573940627276897,0.9999801516532898,0,1,1.0,0.01033232407644391,0.07796016335487366,0.9999470412731171,0
r1,stress,test/geometry/702.json,235,0.1875,0.007454081904143095,0.9999721646308899,0,1,1.0,0.010376909282058477,0.07794295251369476,0.9999463260173798,0
r1,stress,test/geometry/702.json,236,0.21875,0.007672473788261414,0.9999778270721436,0,1,1.0,0.010326732881367207,0.0779125988483429,0.9999469220638275,0
r1,stress,test/geometry/702.json,237,0.28125,0.012304779142141342,0.9999268651008606,0,1,1.0,0.010525358840823174,0.07790830731391907,0.999944806098938,0
r1,stress,test/geometry/702.json,238,0.25,0.011041156947612762,0.999942421913147,0,1,1.0,0.010459679178893566,0.07811842858791351,0.9999454021453857,0
r1,stress,test/geometry/702.json,239,0.171875,0.007951509207487106,0.999968409538269,0,1,0.95,0.010589456651359797,0.07808808982372284,0.9999439418315887,0
r1,stress,test/geometry/702.json,240,0.158203125,0.008156648837029934,0.9999673962593079,0,1,1.0,0.010564759373664856,0.07803188264369965,0.999944269657135,0
r1,stress,test/geometry/702.json,241,0.25,0.012385496869683266,0.9999241828918457,0,1,1.0,0.010104676708579063,0.07791032642126083,0.999949038028717,0
r1,stress,test/geometry/702.json,242,0.5,0.018004445359110832,0.99983811378479,0,1,1.0,0.010002655442804098,0.07792162150144577,0.9999501407146454,0
r1,stress,test/geometry/702.json,243,0.125,0.00873766653239727,0.9999618530273438,0,1,1.0,0.009980503004044294,0.07793739438056946,0.9999505877494812,0
r1,stress,test/geometry/702.json,244,0.125,0.00840131938457489,0.9999701380729675,0,1,1.0,0.010012368205934763,0.07823235541582108,0.9999499619007111,0
r1,stress,test/geometry/702.json,245,0.25,0.011576637625694275,0.9999340176582336,0,1,0.95,0.010055983439087868,0.07810318470001221,0.9999498724937439,0
r1,stress,test/geometry/702.json,246,0.25,0.006692711729556322,0.9999776482582092,0,1,0.95,0.009903160389512777,0.07813040912151337,0.9999512434005737,0
r1,stress,test/geometry/702.json,247,0.609375,0.019365202635526657,0.9998134970664978,0,1,1.0,0.01034922106191516,0.07810048758983612,0.999946266412735,0
r1,stress,test/geometry/702.json,248,0.125,0.006203529424965382,0.9999813437461853,0,1,1.0,0.010242673568427563,0.0783924013376236,0.9999475479125977,0
r1,stress,test/geometry/702.json,249,0.7890625,0.02470984309911728,0.9997010231018066,0,1,1.0,0.010094409342855215,0.07845064997673035,0.9999491572380066,0
r1,stress,test/geometry/702.json,250,0.1875,0.007444018963724375,0.9999728202819824,0,1,0.95,0.01021638372913003,0.07844556868076324,0.9999480247497559,0
r1,stress,test/geometry/702.json,251,0.140625,0.006976751144975424,0.9999767541885376,0,1,1.0,0.010340773034840822,0.07849378138780594,0.9999469220638275,0
r1,stress,test/geometry/702.json,252,0.125,0.006780041381716728,0.9999771118164062,0,1,1.0,0.010273164138197899,0.07842432707548141,0.9999473690986633,0
r1,stress,test/geometry/702.json,253,0.5,0.026465795934200287,0.9996577501296997,0,1,1.0,0.010348280891776085,0.07828471064567566,0.9999468922615051,0
r1,stress,test/geometry/702.json,254,0.5,0.011216572485864162,0.99995356798172,0,1,1.0,0.010202742647379637,0.078504279255867,0.9999483525753021,0
r1,stress,test/geometry/702.json,255,0.125,0.005431515630334616,0.9999876618385315,0,1,1.0,0.010428931098431349,0.07836921513080597,0.999945729970932,0
r1,stress,test/geometry/702.json,256,0.140625,0.005334217566996813,0.9999857544898987,0,1,1.0,0.010328936390578747,0.07834959030151367,0.9999467134475708,0
r1,stress,test/geometry/702.json,257,0.25,0.007939044386148453,0.9999684691429138,0,1,1.0,0.010150927118957043,0.07827542722225189,0.9999485909938812,0
r1,stress,test/geometry/702.json,258,0.25,0.01168313343077898,0.9999415874481201,0,1,1.0,0.010094711557030678,0.0782400593161583,0.9999491274356842,0
r1,stress,test/geometry/702.json,259,0.3125,0.014835000038146973,0.9999019503593445,0,1,1.0,0.009871901012957096,0.07829347997903824,0.9999513924121857,0
r1,stress,test/geometry/702.json,260,0.4375,0.014264173805713654,0.9999004602432251,0,1,1.0,0.009843370411545038,0.07824292778968811,0.9999517798423767,0
r1,stress,test/geometry/702.json,261,0.25,0.013342177495360374,0.9999110102653503,0,1,1.0,0.009786730632185936,0.07791103422641754,0.9999523460865021,0
r1,stress,test/geometry/702.json,262,0.171875,0.010122300125658512,0.9999571442604065,0,1,1.0,0.009584692772477865,0.07770738005638123,0.9999541342258453,0
r1,stress,test/geometry/702.json,263,0.171875,0.008143862709403038,0.9999716281890869,0,1,1.0,0.009552869014441967,0.07768631726503372,0.9999544620513916,0
r1,stress,test/geometry/702.json,264,0.15625,0.013280503451824188,0.9999199509620667,0,1,1.0,0.009708683472126722,0.07756468653678894,0.9999529719352722,0
r1,stress,test/geometry/702.json,265,0.25,0.007910403423011303,0.9999687075614929,0,1,1.0,0.00964950118213892,0.07737136632204056,0.9999537169933319,0
r1,stress,test/geometry/702.json,266,0.1875,0.0065034846775233746,0.9999794363975525,0,1,1.0,0.009592018090188503,0.07746073603630066,0.9999541342258453,0
r1,stress,test/geometry/702.json,267,0.171875,0.011097430251538754,0.9999436736106873,0,1,1.0,0.009622621349990368,0.07741853594779968,0.9999539256095886,0
r1,stress,test/geometry/702.json,268,0.140625,0.010328998789191246,0.9999566078186035,0,1,1.0,0.009874079842120409,0.07716444134712219,0.999951183795929,0
r1,stress,test/geometry/702.json,269,0.1875,0.007227368652820587,0.9999744892120361,0,1,1.0,0.009642189834266901,0.07719101011753082,0.9999536573886871,0
r1,stress,test/geometry/702.json,270,0.140625,0.008054453879594803,0.9999696016311646,0,1,1.0,0.009626113809645176,0.07721301168203354,0.9999536275863647,0
r1,stress,test/geometry/702.json,271,0.3671875,0.016584334895014763,0.999890923500061,0,1,1.0,0.009567190427333117,0.07719196379184723,0.9999542534351349,0
r1,stress,test/geometry/702.json,272,0.1875,0.008681531064212322,0.9999630451202393,0,1,0.95,0.009522543288767338,0.07714173942804337,0.9999548196792603,0
r1,stress,test/geometry/702.json,273,0.25,0.006406648084521294,0.9999794960021973,0,1,1.0,0.009420365560799837,0.07716939598321915,0.9999557733535767,0
r1,stress,test/geometry/702.json,274,0.25,0.010949268005788326,0.999940812587738,0,1,0.95,0.009686681441962719,0.07710330188274384,0.9999530911445618,0
r1,stress,test/geometry/702.json,275,0.1875,0.01009485311806202,0.9999545216560364,0,1,0.95,0.01005460461601615,0.0771275982260704,0.9999492764472961,0
r1,stress,test/geometry/702.json,276,0.125,0.005331484135240316,0.9999859929084778,0,1,1.0,0.009676287416368723,0.07719935476779938,0.9999531805515289,0
r1,stress,test/geometry/702.json,277,0.21875,0.010232836939394474,0.9999476671218872,0,1,1.0,0.009612052235752344,0.07716508209705353,0.9999538362026215,0
r1,stress,test/geometry/702.json,278,0.1328125,0.00688644964247942,0.999980092048645,0,1,1.0,0.009653264191001654,0.07720610499382019,0.9999534487724304,0
r1,stress,test/geometry/702.json,279,0.15625,0.007621011696755886,0.9999747276306152,0,1,1.0,0.009768415242433548,0.07718032598495483,0.9999521672725677,0
r1,stress,test/geometry/702.json,280,0.15625,0.008687896654009819,0.9999623894691467,0,1,1.0,0.009706384036689997,0.07726243883371353,0.9999527931213379,0
r1,stress,test/geometry/702.json,281,0.1875,0.01255676057189703,0.9999234080314636,0,1,1.0,0.009622052311897278,0.07718323916196823,0.9999537467956543,0
r1,stress,test/geometry/702.json,282,0.140625,0.007602198980748653,0.999971330165863,0,1,1.0,0.0095043801702559,0.0771697387099266,0.999954879283905,0
r1,stress,test/geometry/702.json,283,0.1875,0.006626564543694258,0.999978244304657,0,1,1.0,0.009528052061796188,0.07717634737491608,0.9999547600746155,0
r1,stress,test/geometry/702.json,284,0.15625,0.007799435872584581,0.9999758005142212,0,1,1.0,0.009651760570704937,0.07714655995368958,0.9999536275863647,0
r1,stress,test/geometry/702.json,285,0.1875,0.007070914376527071,0.999975860118866,0,1,1.0,0.009458962827920914,0.07715978473424911,0.9999554455280304,0
r1,stress,test/geometry/702.json,286,0.25,0.011140527203679085,0.9999477863311768,0,1,1.0,0.010146681685000658,0.07724811881780624,0.9999487996101379,0
r1,stress,test/geometry/702.json,287,0.15625,0.008822320960462093,0.9999645948410034,0,1,1.0,0.010434697847813368,0.07715719938278198,0.9999463260173798,0
r1,stress,test/geometry/702.json,288,0.125,0.007271117530763149,0.9999769330024719,0,1,1.0,0.010103583335876465,0.07714691758155823,0.9999491572380066,0
r1,stress,test/geometry/702.json,289,0.125,0.011427495628595352,0.9999368190765381,0,1,1.0,0.009749449789524078,0.07708150148391724,0.9999527037143707,0
r1,stress,test/geometry/702.json,290,0.25,0.01117938756942749,0.9999374747276306,0,1,1.0,0.009858755860477686,0.07715180516242981,0.9999517202377319,0
r1,stress,test/geometry/702.json,291,0.25,0.011704751290380955,0.999932587146759,0,1,1.0,0.009494226425886154,0.07723614573478699,0.9999549090862274,0
r1,stress,test/geometry/702.json,292,0.25,0.01711628958582878,0.9998539090156555,0,1,0.95,0.00959879532456398,0.07721710205078125,0.9999539852142334,0
r1,stress,test/geometry/702.json,293,0.125,0.006922343745827675,0.9999761581420898,0,1,1.0,0.009685696568340063,0.07717843353748322,0.9999530911445618,0
r1,stress,test/geometry/702.json,294,0.1875,0.007344462908804417,0.9999732971191406,0,1,1.0,0.009947189595550299,0.0771915540099144,0.9999508559703827,0
r1,stress,test/geometry/702.json,295,0.171875,0.01485863421112299,0.9998897314071655,0,1,1.0,0.009656078647822142,0.07714920490980148,0.9999532401561737,0
r1,stress,test/geometry/702.json,296,0.125,0.01122730690985918,0.9999375939369202,0,1,1.0,0.009503815323114395,0.07728070765733719,0.9999548196792603,0
r1,stress,test/geometry/702.json,297,0.21875,0.012238501571118832,0.999928891658783,0,1,1.0,0.009432836901396513,0.0772915631532669,0.9999555945396423,0
r1,stress,test/geometry/702.json,298,0.15625,0.01066825445741415,0.9999552965164185,0,1,1.0,0.00939851999282837,0.07722100615501404,0.9999558627605438,0
r1,stress,test/geometry/702.json,299,0.15625,0.008971037343144417,0.9999624490737915,0,1,1.0,0.009479590225964785,0.07722070813179016,0.9999550580978394,0
r1,stress,test/geometry/702.json,300,0.1875,0.01136163342744112,0.9999426603317261,0,1,1.0,0.009392975363880396,0.07721348851919174,0.9999559223651886,0
r1,stress,test/geometry/702.json,301,0.3125,0.010701962746679783,0.9999445676803589,0,1,1.0,0.009568394627422094,0.0771639496088028,0.9999542236328125,0
r1,stress,test/geometry/702.json,302,0.1875,0.0091986870393157,0.9999589920043945,0,1,1.0,0.009569904766976833,0.07725373655557632,0.9999542534351349,0
r1,stress,test/geometry/702.json,303,0.1875,0.008539052680134773,0.9999648332595825,0,1,1.0,0.009653843007981777,0.07724852859973907,0.999953418970108,0
r1,stress,test/geometry/702.json,304,0.15625,0.009880546480417252,0.9999512434005737,0,1,1.0,0.009640158154070377,0.07724741101264954,0.9999535977840424,0
r1,stress,test/geometry/702.json,305,0.15625,0.010277952998876572,0.9999499917030334,0,1,0.95,0.009562997613102198,0.07723024487495422,0.9999543130397797,0
r1,stress,test/geometry/702.json,306,0.1796875,0.01175659243017435,0.9999430775642395,0,1,1.0,0.009511219337582588,0.0772300660610199,0.9999547898769379,0
r1,stress,test/geometry/702.json,307,0.1875,0.008847597986459732,0.9999625086784363,0,1,1.0,0.00944081973284483,0.07719573378562927,0.9999554753303528,0
r1,stress,test/geometry/702.json,308,0.25,0.012931237928569317,0.9999206066131592,0,1,0.95,0.009529531933367252,0.07717925310134888,0.9999545514583588,0
r1,stress,test/geometry/702.json,309,0.3125,0.008134237490594387,0.9999690055847168,0,1,1.0,0.009650239255279303,0.07718018442392349,0.9999535381793976,0
r1,stress,test/geometry/702.json,310,0.125,0.00664490507915616,0.9999784231185913,0,1,1.0,0.009730024728924036,0.07720185071229935,0.9999527037143707,0
r1,stress,test/geometry/702.json,311,0.15625,0.007761253044009209,0.9999738931655884,0,1,1.0,0.009746224619448185,0.0771569311618805,0.9999526143074036,0
r1,stress,test/geometry/702.json,312,0.15625,0.007673588115721941,0.9999777674674988,0,1,1.0,0.009687129873782396,0.07717485725879669,0.9999531507492065,0
r1,stress,test/geometry/702.json,313,0.1533203125,0.012223712168633938,0.9999253749847412,0,1,1.0,0.009581821970641613,0.07718406617641449,0.9999542534351349,0
r1,stress,test/geometry/702.json,314,0.25,0.013250919058918953,0.9999226331710815,0,1,1.0,0.009736869018524885,0.07726021856069565,0.9999526143074036,0
r1,stress,test/geometry/702.json,315,0.142578125,0.010609138756990433,0.9999441504478455,0,1,1.0,0.00965132238343358,0.07725504785776138,0.99995356798172,0
r1,stress,test/geometry/702.json,316,0.125,0.007484239526093006,0.9999720454216003,0,1,1.0,0.009648854844272137,0.0772457867860794,0.9999533593654633,0
r1,stress,test/geometry/702.json,317,0.5,0.016068723052740097,0.9998712539672852,0,1,1.0,0.00949226412922144,0.07727395743131638,0.9999550580978394,0
r1,stress,test/geometry/702.json,318,0.125,0.005919712595641613,0.9999825358390808,0,1,1.0,0.00949832983314991,0.07718030363321304,0.9999548494815826,0
r1,stress,test/geometry/702.json,319,0.15625,0.006418924778699875,0.9999832510948181,0,1,1.0,0.009585022460669279,0.07718689739704132,0.9999540746212006,0
r1,stress,test/geometry/702.json,320,0.15625,0.008438383229076862,0.9999661445617676,0,1,1.0,0.0096015315502882,0.07710165530443192,0.9999538958072662,0
r1,stress,test/geometry/702.json,321,0.625,0.02166830003261566,0.9997727274894714,0,1,0.95,0.009493399877101183,0.0770898312330246,0.9999549686908722,0
r1,stress,test/geometry/702.json,322,0.125,0.0064957719296216965,0.99997878074646,0,1,1.0,0.009527673479169607,0.07705923914909363,0.9999545812606812,0
r1,stress,test/geometry/702.json,323,0.125,0.005699186585843563,0.9999841451644897,0,1,1.0,0.009859004989266396,0.07690441608428955,0.9999512732028961,0
r1,stress,test/geometry/702.json,324,0.1875,0.006137949414551258,0.9999821186065674,0,1,1.0,0.009713847190141678,0.0768919363617897,0.9999528229236603,0
r1,stress,test/geometry/702.json,325,0.71875,0.03163689747452736,0.9995030164718628,0,1,1.0,0.009592261631041765,0.07688683271408081,0.9999539852142334,0
r1,stress,test/geometry/702.json,326,0.15625,0.007397904060781002,0.9999738931655884,0,1,1.0,0.00973661383613944,0.07697989791631699,0.999952644109726,0
r1,stress,test/geometry/702.json,327,0.125,0.006335943005979061,0.9999865889549255,0,1,1.0,0.009593718219548464,0.07695562392473221,0.9999540746212006,0
r1,stress,test/geometry/702.json,328,0.1875,0.007059534080326557,0.9999818801879883,0,1,1.0,0.009563234634697437,0.07684275507926941,0.9999541640281677,0
r1,stress,test/geometry/702.json,329,0.1875,0.008668771013617516,0.99996417760849,0,1,1.0,0.009592512622475624,0.07667870819568634,0.9999538362026215,0
r1,stress,test/geometry/702.json,330,0.25,0.01572231575846672,0.9998831748962402,0,1,1.0,0.009493679739534855,0.0765647441148758,0.9999549984931946,0
r1,stress,test/geometry/702.json,331,0.1875,0.008323882706463337,0.999965488910675,0,1,1.0,0.009427130687981844,0.07659725844860077,0.9999556541442871,0
r1,stress,test/geometry/702.json,332,0.2109375,0.01326786633580923,0.9999126195907593,0,1,0.95,0.00927293999120593,0.0765649825334549,0.9999569356441498,0
r1,stress,test/geometry/702.json,333,0.140625,0.007855979725718498,0.9999693036079407,0,1,0.95,0.00912561034783721,0.0765162780880928,0.9999584257602692,0
r1,stress,test/geometry/702.json,334,0.125,0.006498018279671669,0.9999796748161316,0,1,1.0,0.009042116813361645,0.07660942524671555,0.9999591410160065,0
r1,stress,test/geometry/702.json,335,0.125,0.0057832421734929085,0.9999846816062927,0,1,0.95,0.00909355003386736,0.07662976533174515,0.9999586939811707,0
r1,stress,test/geometry/702.json,336,0.25,0.0059831403195858,0.9999828934669495,0,1,1.0,0.009193703532218933,0.07663732767105103,0.9999578297138214,0
r1,stress,test/geometry/702.json,337,0.15625,0.006904056761413813,0.9999762773513794,0,1,1.0,0.009199318941682577,0.07660464197397232,0.9999577701091766,0
r1,stress,test/geometry/702.json,338,0.796875,0.023342914879322052,0.9997307062149048,0,1,1.0,0.00958918733522296,0.07666215300559998,0.9999540448188782,0
r1,stress,test/geometry/702.json,339,0.15625,0.007498823571950197,0.9999766945838928,0,1,1.0,0.00987894693389535,0.07617852836847305,0.9999512135982513,0
r1,stress,test/geometry/702.json,340,0.15625,0.007353573571890593,0.9999737739562988,0,1,0.95,0.009809897281229496,0.07616592943668365,0.9999518692493439,0
r1,stress,test/geometry/702.json,341,1.546875,0.03446602076292038,0.9994123578071594,0,1,0.9,0.010646712500602007,0.07614840567111969,0.9999428689479828,0
r1,stress,test/geometry/702.json,342,0.59375,0.03559264913201332,0.9995481967926025,0,1,0.95,0.010584464762359858,0.07575773447751999,0.9999438524246216,0
r1,stress,test/geometry/702.json,343,0.234375,0.012774146161973476,0.9999398589134216,0,1,1.0,0.010845496784895658,0.07571108639240265,0.9999410510063171,0
r1,stress,test/geometry/702.json,344,0.25,0.009734377264976501,0.9999573826789856,0,1,1.0,0.010595593601465225,0.07571141421794891,0.9999439120292664,0
r1,stress,test/geometry/702.json,345,0.1875,0.009785156697034836,0.9999527335166931,0,1,1.0,0.01022556982934475,0.07572425156831741,0.9999478161334991,0
r1,stress,test/geometry/702.json,346,0.25,0.007829610258340836,0.9999703168869019,0,1,1.0,0.010042684152722359,0.07578238844871521,0.9999497830867767,0
r1,stress,test/geometry/702.json,347,0.375,0.013149471022188663,0.9999201893806458,0,1,1.0,0.010036387480795383,0.07561269402503967,0.9999499619007111,0
r1,stress,test/geometry/702.json,348,0.25,0.01870102435350418,0.9998272061347961,0,1,1.0,0.010196573100984097,0.0753590539097786,0.9999489784240723,0
r1,stress,test/geometry/702.json,349,0.171875,0.011744885705411434,0.9999333620071411,0,1,1.0,0.010419191792607307,0.07530057430267334,0.9999463856220245,0
r1,stress,test/geometry/702.json,350,0.1875,0.008511235006153584,0.9999638199806213,0,1,1.0,0.010146559216082096,0.07491397857666016,0.9999486804008484,0
r1,stress,test/geometry/702.json,351,0.1875,0.00816370453685522,0.9999679923057556,0,1,1.0,0.00943299476057291,0.07527446001768112,0.9999556243419647,0
r1,stress,test/geometry/702.json,352,0.1328125,0.007173086982220411,0.999974250793457,0,1,1.0,0.009391218889504671,0.075144924223423,0.9999561905860901,0
r1,stress,test/geometry/702.json,353,0.25,0.011870662681758404,0.999929666519165,0,1,1.0,0.009811760857701302,0.07510793954133987,0.9999522268772125,0
r1,stress,test/geometry/702.json,354,0.1875,0.006513047032058239,0.9999798536300659,0,1,1.0,0.009535799734294415,0.07516507059335709,0.9999551773071289,0
r1,stress,test/geometry/702.json,355,0.1875,0.007625460624694824,0.9999797940254211,0,1,1.0,0.009511115960776806,0.07504589110612869,0.9999551177024841,0
r1,stress,test/geometry/702.json,356,0.15625,0.007365620695054531,0.9999732375144958,0,1,1.0,0.009340905118733644,0.07503144443035126,0.9999563694000244,0
r1,stress,test/geometry/702.json,357,0.15625,0.006841364316642284,0.9999772906303406,0,1,0.95,0.009277407545596361,0.0750579833984375,0.9999570548534393,0
r1,stress,test/geometry/702.json,358,0.328125,0.018955053761601448,0.9998247623443604,0,1,1.0,0.009378365706652403,0.07498874515295029,0.9999560415744781,0
r1,stress,test/geometry/702.json,359,0.25,0.008013825863599777,0.9999678730964661,0,1,0.95,0.009405346121639013,0.0753377228975296,0.9999557435512543,0
r1,stress,test/geometry/702.json,360,0.130859375,0.007612054701894522,0.9999728202819824,0,1,0.95,0.009318006690591574,0.07534471899271011,0.9999566972255707,0
r1,stress,test/geometry/702.json,361,0.171875,0.011328306049108505,0.9999440312385559,0,1,1.0,0.009216111153364182,0.07534521818161011,0.9999576210975647,0
r1,stress,test/geometry/702.json,362,0.234375,0.01726544462144375,0.9998510479927063,0,1,1.0,0.009287003893405199,0.07518766820430756,0.9999567270278931,0
r1,stress,test/geometry/702.json,363,0.1875,0.008372493088245392,0.9999654293060303,0,1,1.0,0.009156020823866129,0.07526148110628128,0.9999581873416901,0
r1,stress,test/geometry/702.json,364,0.203125,0.008198820054531097,0.9999688863754272,0,1,1.0,0.00926283746957779,0.07517319917678833,0.9999572038650513,0
r1,stress,test/geometry/702.json,365,0.1875,0.01291073951870203,0.9999296069145203,0,1,1.0,0.0090813422575593,0.07516193389892578,0.9999587535858154,0
r1,stress,test/geometry/702.json,366,0.25,0.010931658558547497,0.9999430179595947,0,1,0.95,0.009000302758067846,0.07510100305080414,0.9999594986438751,0
r1,stress,test/geometry/702.json,367,0.25,0.008865511044859886,0.9999737739562988,0,1,0.95,0.009191578719764948,0.07509028911590576,0.9999578595161438,0
r1,stress,test/geometry/702.json,368,0.1875,0.013674850575625896,0.9999276995658875,0,1,1.0,0.009332491084933281,0.07506053149700165,0.9999565184116364,0
r1,stress,test/geometry/702.json,369,0.25,0.016603240743279457,0.9999160170555115,0,1,1.0,0.009409604128450155,0.0749812051653862,0.9999558329582214,0
r1,stress,test/geometry/702.json,370,0.25,0.00811389833688736,0.999968945980072,0,1,1.0,0.009325539693236351,0.07502767443656921,0.999956488609314,0
r1,stress,test/geometry/702.json,371,0.1875,0.011296003125607967,0.9999450445175171,0,1,0.95,0.009610818233340979,0.0751030296087265,0.9999536871910095,0
r1,stress,test/geometry/702.json,372,0.1875,0.008825782686471939,0.9999611377716064,0,1,1.0,0.009629752021282911,0.0750892162322998,0.9999535977840424,0
r1,stress,test/geometry/702.json,373,0.25,0.014232269488275051,0.9999112486839294,0,1,1.0,0.009443267714232206,0.07533376663923264,0.9999555051326752,0
r1,stress,test/geometry/702.json,374,0.19921875,0.020008070394396782,0.99982750415802,0,1,0.95,0.00960116134956479,0.07533840835094452,0.9999541342258453,0
r1,stress,test/geometry/702.json,375,0.25,0.007843066938221455,0.999969482421875,0,1,1.0,0.009546082001179457,0.07521941512823105,0.9999546408653259,0
r1,stress,test/geometry/702.json,376,0.15625,0.005435223691165447,0.9999859929084778,0,1,1.0,0.0093489452265203,0.07528504729270935,0.999956339597702,0
r1,stress,test/geometry/702.json,377,0.2890625,0.01707804575562477,0.9998806118965149,0,1,1.0,0.00982071366161108,0.07511325180530548,0.9999516606330872,0
r1,stress,test/geometry/702.json,378,0.21875,0.00778215890750289,0.9999724626541138,0,1,0.95,0.009990956634283066,0.07499106973409653,0.9999500215053558,0
r1,stress,test/geometry/702.json,379,0.2734375,0.009821716696023941,0.9999527335166931,0,1,1.0,0.009814975317567587,0.07464949786663055,0.9999519288539886,0
r1,stress,test/geometry/702.json,380,0.296875,0.01541563868522644,0.9998820424079895,0,1,1.0,0.009637270588427782,0.07442405819892883,0.9999534785747528,0
r1,stress,test/geometry/702.json,381,0.3125,0.014641006477177143,0.9998928308486938,0,1,1.0,0.009334305301308632,0.07437319308519363,0.999956488609314,0
r1,stress,test/geometry/702.json,382,0.125,0.009107791818678379,0.9999591708183289,0,1,0.95,0.009249540511518717,0.07446716725826263,0.999957263469696,0
r1,stress,test/geometry/702.json,383,0.125,0.010920017026364803,0.9999441504478455,0,1,1.0,0.009105699136853218,0.07427914440631866,0.9999584257602692,0
r1,stress,test/geometry/702.json,384,0.125,0.00810212641954422,0.9999682903289795,0,1,0.95,0.00896901125088334,0.0741133987903595,0.999959796667099,0
r1,stress,test/geometry/702.json,385,0.25,0.006453081499785185,0.9999824166297913,0,1,1.0,0.009006870910525322,0.07409445941448212,0.9999595582485199,0
r1,stress,test/geometry/702.json,386,0.1328125,0.00901441927999258,0.9999639391899109,0,1,1.0,0.008967445697635412,0.07403552532196045,0.9999597668647766,0
r1,stress,test/geometry/702.json,387,0.1796875,0.007768426556140184,0.999970018863678,0,1,1.0,0.009192124009132385,0.07400256395339966,0.9999577403068542,0
r1,stress,test/geometry/702.json,388,0.15625,0.007534286938607693,0.9999725222587585,0,1,1.0,0.009364753030240536,0.07385189831256866,0.9999560713768005,0
r1,stress,test/geometry/702.json,389,0.625,0.01367270853370428,0.9999066591262817,0,1,0.95,0.009411971550434828,0.0737830102443695,0.9999557137489319,0
r1,stress,test/geometry/702.json,390,0.203125,0.010272419080138206,0.9999507665634155,0,1,1.0,0.00957937678322196,0.07421985268592834,0.9999540448188782,0
r1,stress,test/geometry/702.json,391,0.25,0.00796841736882925,0.9999691843986511,0,1,1.0,0.009443297050893307,0.07423503696918488,0.9999555051326752,0
r1,stress,test/geometry/702.json,392,0.21875,0.01475897990167141,0.9999029636383057,0,1,1.0,0.009708188939839602,0.07411674410104752,0.999952882528305,0
r1,stress,test/geometry/702.json,393,0.1875,0.01005646400153637,0.9999517798423767,0,1,1.0,0.009760409127920866,0.07450399547815323,0.9999526143074036,0
r1,stress,test/geometry/702.json,394,0.15625,0.010197116062045097,0.9999493956565857,0,1,1.0,0.00964458379894495,0.0745198130607605,0.9999535083770752,0
r1,stress,test/geometry/702.json,395,0.1875,0.008163482882082462,0.9999669194221497,0,1,1.0,0.009559936355799437,0.07440149784088135,0.9999542832374573,0
r1,stress,test/geometry/702.json,396,0.21875,0.010185347869992256,0.9999508857727051,0,1,0.95,0.00950721139088273,0.07440651208162308,0.9999547898769379,0
r1,stress,test/geometry/702.json,397,0.125,0.010038376785814762,0.9999496340751648,0,1,1.0,0.009342762175947428,0.0743907019495964,0.9999562799930573,0
r1,stress,test/geometry/702.json,398,0.25,0.009313592687249184,0.999964714050293,0,1,1.0,0.009332343470305204,0.07439685612916946,0.999956488609314,0
r1,stress,test/geometry/702.json,399,0.125,0.00783634278923273,0.9999724626541138,0,1,1.0,0.009476160164922476,0.07432863116264343,0.9999551773071289,0
r1,stress,test/geometry/702.json,400,0.15625,0.009712623432278633,0.9999532103538513,0,1,1.0,0.009604156017303467,0.07413598150014877,0.9999538660049438,0
r1,stress,test/geometry/702.json,401,0.25,0.011256515048444271,0.999941885471344,0,1,1.0,0.00978841818869114,0.07406865060329437,0.9999522268772125,0
r1,stress,test/geometry/702.json,402,0.25,0.012072346173226833,0.9999281167984009,0,1,1.0,0.009343684185296297,0.07386558502912521,0.999956488609314,0
r1,stress,test/geometry/702.json,403,0.21875,0.012143523432314396,0.9999268054962158,0,1,0.95,0.009303740225732327,0.07382015138864517,0.9999566972255707,0
r1,stress,test/geometry/702.json,404,0.4375,0.012844443321228027,0.9999212026596069,0,1,1.0,0.009125374723225832,0.07377523183822632,0.999958336353302,0
r1,stress,test/geometry/702.json,405,0.15625,0.009991331025958061,0.9999565482139587,0,1,1.0,0.008807903155684471,0.07381691038608551,0.9999612867832184,0
r1,stress,test/geometry/702.json,406,0.234375,0.01155504398047924,0.9999348521232605,0,1,1.0,0.00877572363242507,0.07370364665985107,0.9999615252017975,0
r1,stress,test/geometry/702.json,407,0.1875,0.010619081556797028,0.9999436736106873,0,1,1.0,0.00872381404042244,0.07358408719301224,0.9999620318412781,0
r1,stress,test/geometry/702.json,408,0.1875,0.010494678281247616,0.9999452233314514,0,1,1.0,0.008786921855062246,0.07351800799369812,0.9999614655971527,0
r1,stress,test/geometry/702.json,409,0.203125,0.011469710618257523,0.9999344944953918,0,1,1.0,0.009102525189518929,0.07383798807859421,0.9999586939811707,0
r1,stress,test/geometry/702.json,410,0.25,0.00947996973991394,0.9999563694000244,0,1,1.0,0.008822022937238216,0.07380583137273788,0.9999611675739288,0
r1,stress,test/geometry/702.json,411,0.25,0.010129038244485855,0.9999505281448364,0,1,1.0,0.008949417620897293,0.07371940463781357,0.9999601244926453,0
r1,stress,test/geometry/702.json,412,0.125,0.01106568705290556,0.9999392032623291,0,1,1.0,0.00884750159457326,0.07363554835319519,0.9999608993530273,0
r1,stress,test/geometry/702.json,413,0.21875,0.009893004782497883,0.9999517202377319,0,1,1.0,0.008815993554890156,0.07352278381586075,0.9999611675739288,0
r1,stress,test/geometry/702.json,414,0.1875,0.014733553864061832,0.9999022483825684,0,1,1.0,0.008682306855916977,0.07343237847089767,0.9999623596668243,0
r1,stress,test/geometry/702.json,415,0.125,0.006968247704207897,0.9999826550483704,0,1,1.0,0.00865698466077447,0.07335947453975677,0.9999625980854034,0
r1,stress,test/geometry/702.json,416,0.125,0.0063462527468800545,0.9999803304672241,0,1,1.0,0.009074191562831402,0.07332946360111237,0.9999589622020721,0
r1,stress,test/geometry/702.json,417,0.25,0.0071290298365056515,0.99997478723526,0,1,0.95,0.008888893760740757,0.07325403392314911,0.9999606311321259,0
r1,stress,test/geometry/702.json,418,0.28125,0.010696818120777607,0.9999455213546753,0,1,1.0,0.008858719374984503,0.07320382446050644,0.9999606907367706,0
r1,stress,test/geometry/702.json,419,0.21875,0.015630926936864853,0.9998786449432373,0,1,1.0,0.00914192944765091,0.07319915294647217,0.9999582767486572,0
r1,stress,test/geometry/702.json,420,0.236328125,0.010487927123904228,0.9999527931213379,0,1,1.0,0.009658390656113625,0.07329040765762329,0.9999533295631409,0
r1,stress,test/geometry/702.json,421,0.125,0.005014616064727306,0.9999881386756897,0,1,1.0,0.010193604975938797,0.07333039492368698,0.9999484121799469,0
r1,stress,test/geometry/702.json,422,0.25,0.0046064890921115875,0.9999893307685852,0,1,1.0,0.010143101681023836,0.07338602840900421,0.9999488890171051,0
r1,stress,test/geometry/702.json,423,0.1875,0.008781792595982552,0.9999658465385437,0,1,1.0,0.01007104804739356,0.07337228953838348,0.9999497532844543,0
r1,stress,test/geometry/702.json,424,0.140625,0.00946317333728075,0.9999614357948303,0,1,1.0,0.009978854097425938,0.07330460846424103,0.9999506175518036,0
r1,stress,test/geometry/702.json,425,0.15625,0.009730938822031021,0.9999526143074036,0,1,0.95,0.009715686086565256,0.07323078066110611,0.9999529719352722,0
r1,stress,test/geometry/702.json,426,0.125,0.010249985381960869,0.9999475479125977,0,1,1.0,0.009529261849820614,0.07315579801797867,0.9999547600746155,0
r1,stress,test/geometry/702.json,427,0.125,0.0072105336003005505,0.9999740719795227,0,1,1.0,0.009491330944001675,0.07314949482679367,0.9999557137489319,0
r1,stress,test/geometry/702.json,428,0.15625,0.007502184249460697,0.9999719858169556,0,1,0.95,0.00949848908931017,0.07333464920520782,0.9999552071094513,0
r1,stress,test/geometry/702.json,429,0.15625,0.010985704138875008,0.9999396204948425,0,1,1.0,0.009466757997870445,0.0733548253774643,0.9999553561210632,0
r1,stress,test/geometry/702.json,430,0.1875,0.011350720189511776,0.9999582171440125,0,1,1.0,0.009389311075210571,0.07335888594388962,0.9999561011791229,0
r1,stress,test/geometry/702.json,431,0.125,0.005715012084692717,0.99998539686203,0,1,1.0,0.009339251555502415,0.07337041944265366,0.9999566376209259,0
r1,stress,test/geometry/702.json,432,0.34375,0.012115474790334702,0.999934732913971,0,1,1.0,0.009315507020801306,0.07337277382612228,0.999956876039505,0
r1,stress,test/geometry/702.json,433,0.140625,0.0072181085124611855,0.99997478723526,0,1,0.95,0.00949440198019147,0.07365263253450394,0.9999551177024841,0
r1,stress,test/geometry/702.json,434,0.25,0.008285385556519032,0.9999747276306152,0,1,1.0,0.009490230586379766,0.07369334250688553,0.9999553859233856,0
r1,stress,test/geometry/702.json,435,0.125,0.008218493312597275,0.9999761581420898,0,1,1.0,0.009542447049170732,0.07366716116666794,0.9999547600746155,0
r1,stress,test/geometry/702.json,436,0.125,0.005586416460573673,0.999984860420227,0,1,0.95,0.009517575614154339,0.07365350425243378,0.9999548196792603,0
r1,stress,test/geometry/702.json,437,0.25,0.008760536089539528,0.9999653697013855,0,1,0.95,0.009526359848678112,0.073622927069664,0.9999550580978394,0
r1,stress,test/geometry/702.json,438,0.1640625,0.009448789060115814,0.9999568462371826,0,1,1.0,0.009298050776124,0.07355848699808121,0.9999569952487946,0
r1,stress,test/geometry/702.json,439,0.15625,0.007081238087266684,0.9999749660491943,0,1,1.0,0.00935915857553482,0.07356367260217667,0.9999562799930573,0
r1,stress,test/geometry/702.json,440,0.1640625,0.006958702579140663,0.9999778866767883,0,1,1.0,0.009585663676261902,0.07358468323945999,0.9999542534351349,0
r1,stress,test/geometry/702.json,441,0.140625,0.008578501641750336,0.9999632239341736,0,1,1.0,0.009511006996035576,0.07355264574289322,0.9999549984931946,0
r1,stress,test/geometry/702.json,442,0.15625,0.006696868222206831,0.9999775886535645,0,1,1.0,0.00946758408099413,0.07346342504024506,0.9999552965164185,0
r1,stress,test/geometry/702.json,443,0.78125,0.03367086499929428,0.9994338750839233,0,1,1.0,0.00996839301660657,0.09750354290008545,0.999950498342514,0
r1,stress,test/geometry/702.json,444,0.25,0.011673219501972198,0.9999400973320007,0,1,1.0,0.009782107546925545,0.0817406177520752,0.9999522864818573,0
r1,stress,test/geometry/702.json,445,0.1875,0.009008058346807957,0.9999604225158691,0,1,1.0,0.009550733491778374,0.07787621021270752,0.9999545216560364,0
r1,stress,test/geometry/702.json,446,0.125,0.006025608163326979,0.9999821782112122,0,1,1.0,0.009495493490248919,0.07302206009626389,0.9999550879001617,0
r1,stress,test/geometry/702.json,447,1.078125,0.023068996146321297,0.9997390508651733,0,1,0.95,0.009493691846728325,0.07298543304204941,0.9999551177024841,0
r1,stress,test/geometry/702.json,448,0.28125,0.008137168362736702,0.9999675154685974,0,1,1.0,0.009488944429904222,0.07321250438690186,0.9999550879001617,0
r1,stress,test/geometry/702.json,449,0.25,0.009145542047917843,0.999965250492096,0,1,1.0,0.009716397617012262,0.07317986339330673,0.9999527633190155,0
r1,stress,test/geometry/702.json,450,0.125,0.0061307670548558235,0.9999822974205017,0,1,0.95,0.009444524999707937,0.07300534844398499,0.9999555945396423,0
r1,stress,test/geometry/702.json,451,0.1875,0.010351081378757954,0.9999468326568604,0,1,0.95,0.009110018145292997,0.07301287353038788,0.9999586641788483,0
r1,stress,test/geometry/702.json,452,0.203125,0.010600053705275059,0.9999532699584961,0,1,1.0,0.009068390354514122,0.07295060902833939,0.999959260225296,0
r1,stress,test/geometry/702.json,453,0.1875,0.013410468585789204,0.9999101758003235,0,1,1.0,0.008983451407402754,0.07302635163068771,0.9999599456787109,0
r1,stress,test/geometry/702.json,454,0.25,0.008206705562770367,0.999967098236084,0,1,0.95,0.00897386996075511,0.07298380136489868,0.9999599456787109,0
r1,stress,test/geometry/702.json,455,0.25,0.006675614509731531,0.9999781847000122,0,1,1.0,0.00952081149443984,0.07289771735668182,0.9999549388885498,0
r1,stress,test/geometry/702.json,456,0.140625,0.013223634101450443,0.9999125003814697,0,1,1.0,0.00937750143930316,0.07286203652620316,0.9999560117721558,0
r1,stress,test/geometry/702.json,457,0.16796875,0.01178466621786356,0.9999313950538635,0,1,1.0,0.009415180888026953,0.07292846590280533,0.9999556541442871,0
r1,stress,test/geometry/702.json,458,0.140625,0.009196559898555279,0.999957799911499,0,1,0.95,0.0092729851603508,0.07298398017883301,0.9999570846557617,0
r1,stress,test/geometry/702.json,459,0.1875,0.009227042086422443,0.9999576210975647,0,1,1.0,0.009203483816236258,0.07300927489995956,0.9999576807022095,0
r1,stress,test/geometry/702.json,460,0.140625,0.008574793115258217,0.999965250492096,0,1,1.0,0.009253319818526506,0.07301639020442963,0.9999572038650513,0
r1,stress,test/geometry/702.json,461,0.25,0.010623364709317684,0.9999444484710693,0,1,1.0,0.009176583029329777,0.07301225513219833,0.999957948923111,0
r1,stress,test/geometry/702.json,462,1.408203125,0.06991764158010483,0.9979388117790222,0,1,0.95,0.011152604594826698,0.08783233165740967,0.9999382197856903,0
r1,stress,test/geometry/702.json,463,0.4365234375,0.019158143550157547,0.9998393654823303,0,1,1.0,0.011720906011760235,0.07731829583644867,0.9999315738677979,0
r1,stress,test/geometry/702.json,464,0.125,0.00880807638168335,0.9999614357948303,0,1,1.0,0.010763163678348064,0.07528935372829437,0.9999423027038574,0
r1,stress,test/geometry/702.json,465,0.25,0.009197142906486988,0.9999582767486572,0,1,1.0,0.010186403058469296,0.07277557998895645,0.9999483525753021,0
r1,stress,test/geometry/702.json,466,0.25,0.010932981967926025,0.9999402165412903,0,1,1.0,0.010077291168272495,0.07278341054916382,0.9999493956565857,0
r1,stress,test/geometry/702.json,467,0.21875,0.010427974164485931,0.9999459385871887,0,1,1.0,0.010083937551826239,0.07281095534563065,0.9999492466449738,0
r1,stress,test/geometry/702.json,468,0.40625,0.016146767884492874,0.9998752474784851,0,1,1.0,0.010171693284064531,0.07281480729579926,0.9999483227729797,0
r1,stress,test/geometry/702.json,469,0.5,0.014359106309711933,0.9998976588249207,0,1,1.0,0.010813501197844744,0.07279899716377258,0.9999415874481201,0
r1,stress,test/geometry/702.json,470,0.1875,0.008174174465239048,0.9999699592590332,0,1,1.0,0.011236200574785471,0.07285793125629425,0.9999375343322754,0
r1,stress,test/geometry/702.json,471,0.140625,0.007412345614284277,0.999972939491272,0,1,1.0,0.011099973693490028,0.07289853692054749,0.9999388456344604,0
r1,stress,test/geometry/702.json,472,0.25,0.01070400234311819,0.9999507665634155,0,1,1.0,0.010962974280118942,0.07288362085819244,0.9999402165412903,0
r1,stress,test/geometry/702.json,473,0.25,0.008286201395094395,0.9999678730964661,0,1,1.0,0.010822976008057594,0.07286210358142853,0.9999417662620544,0
r1,stress,test/geometry/702.json,474,0.375,0.016576066613197327,0.99986332654953,0,1,1.0,0.010702329687774181,0.07287542521953583,0.9999431073665619,0
r1,stress,test/geometry/702.json,475,0.1875,0.007186478935182095,0.9999750852584839,0,1,1.0,0.010611805599182844,0.07291054725646973,0.9999440014362335,0
r1,stress,test/geometry/702.json,476,0.171875,0.007484734524041414,0.9999757409095764,0,1,1.0,0.01049297908321023,0.07292026281356812,0.9999452531337738,0
r1,stress,test/geometry/702.json,477,0.1875,0.0077544450759887695,0.999970555305481,0,1,1.0,0.010573798790574074,0.07290259003639221,0.9999443590641022,0
r1,stress,test/geometry/702.json,478,0.25,0.007786360569298267,0.9999722838401794,0,1,1.0,0.010525248013436794,0.07293115556240082,0.9999451637268066,0
r1,stress,test/geometry/702.json,479,0.1640625,0.01343371532857418,0.9999113082885742,0,1,1.0,0.010594019200652838,0.07289399206638336,0.9999441802501678,0
r1,stress,test/geometry/702.json,480,0.21875,0.011447270400822163,0.9999352097511292,0,1,1.0,0.010486415587365627,0.07295377552509308,0.9999454915523529,0
r1,stress,test/geometry/702.json,481,0.25,0.014945358037948608,0.9999023675918579,0,1,1.0,0.010509130544960499,0.07297573983669281,0.9999450147151947,0
r1,stress,test/geometry/702.json,482,0.15625,0.00825195200741291,0.9999664425849915,0,1,0.95,0.010435042437165976,0.07293228805065155,0.999945878982544,0
r1,stress,test/geometry/702.json,483,0.4921875,0.02024146541953087,0.9998480677604675,0,1,1.0,0.010438315104693174,0.07281558215618134,0.999945729970932,0
r1,stress,test/geometry/702.json,484,0.15625,0.009252984076738358,0.9999770522117615,0,1,1.0,0.010455114301294088,0.07270634919404984,0.999945729970932,0
r1,stress,test/geometry/702.json,485,0.15625,0.006155447568744421,0.9999809861183167,0,1,1.0,0.010402798186987638,0.07274438440799713,0.999946117401123,0
r1,stress,test/geometry/702.json,486,0.125,0.007343195378780365,0.9999730587005615,0,1,1.0,0.010281631723046303,0.07264839112758636,0.9999473392963409,0
r1,stress,test/geometry/702.json,487,1.46875,0.04661768674850464,0.9989283680915833,0,1,1.0,0.010447534266859293,0.07258959114551544,0.9999454915523529,0
r1,stress,test/geometry/702.json,488,0.125,0.00791486818343401,0.9999701380729675,0,1,1.0,0.010423316154628992,0.0719294622540474,0.999945729970932,0
r1,stress,test/geometry/702.json,489,0.125,0.006866039242595434,0.999980628490448,0,1,1.0,0.010600721463561058,0.07183331251144409,0.9999437630176544,0
r1,stress,test/geometry/702.json,490,0.25,0.005972980987280607,0.9999845027923584,0,1,1.0,0.010258933994919062,0.07158444821834564,0.9999473989009857,0
r1,stress,test/geometry/702.json,491,0.125,0.010234295390546322,0.9999476671218872,0,1,1.0,0.01003514975309372,0.07136005908250809,0.9999497830867767,0
r1,stress,test/geometry/702.json,492,0.15625,0.008786140941083431,0.999967634677887,0,1,1.0,0.010098973289132118,0.07125052064657211,0.9999489784240723,0
r1,stress,test/geometry/702.json,493,0.12921142578125,0.010312221013009548,0.9999492764472961,0,1,0.95,0.009910598397254944,0.07127336412668228,0.9999513030052185,0
r1,stress,test/geometry/702.json,494,0.25,0.009071312844753265,0.9999644756317139,0,1,1.0,0.009781909175217152,0.07132363319396973,0.9999522864818573,0
r1,stress,test/geometry/702.json,495,0.4453125,0.014120305888354778,0.9999014735221863,0,1,1.0,0.010598366148769855,0.07127997279167175,0.9999440014362335,0
r1,stress,test/geometry/702.json,496,0.125,0.005970882251858711,0.9999822378158569,0,1,1.0,0.01110793324187398,0.07164563238620758,0.999938577413559,0
r1,stress,test/geometry/702.json,497,0.125,0.0055494774132966995,0.9999852180480957,0,1,1.0,0.010866479482501745,0.07165124267339706,0.9999411404132843,0
r1,stress,test/geometry/702.json,498,0.1591796875,0.009036336094141006,0.9999696612358093,0,1,1.0,0.01064655976369977,0.07160107046365738,0.9999435842037201,0
r1,stress,test/geometry/702.json,499,3.921875,0.12418890744447708,0.9925357699394226,0,1,1.0,0.012487492058426142,0.08933073282241821,0.9999220073223114,0
r1,stress,test/geometry/702.json,500,0.21875,0.00980802159756422,0.99995356798172,0,1,1.0,0.013937389012426138,0.15062272548675537,0.9999017715454102,0
r1,stress,test/geometry/702.json,501,0.234375,0.007654098328202963,0.9999751448631287,0,1,1.0,0.013311789371073246,0.1498313546180725,0.9999108910560608,0
r1,stress,test/geometry/702.json,502,0.21875,0.015963321551680565,0.9998847246170044,0,1,1.0,0.01296260952949524,0.1488756537437439,0.9999156594276428,0
r1,stress,test/geometry/702.json,503,0.25,0.009253664873540401,0.9999611973762512,0,1,1.0,0.012854690197855234,0.14735722541809082,0.999917060136795,0
r1,stress,test/geometry/702.json,504,0.125,0.006659158505499363,0.9999800324440002,0,1,1.0,0.012811131309717894,0.1469041109085083,0.9999176263809204,0
r1,stress,test/geometry/702.json,505,0.1875,0.00785730592906475,0.9999719858169556,0,1,0.95,0.012627051211893559,0.14669734239578247,0.9999199509620667,0
r1,stress,test/geometry/702.json,506,0.16015625,0.00887281820178032,0.9999644160270691,0,1,1.0,0.012508310377597809,0.1466524600982666,0.9999213218688965,0
r1,stress,test/geometry/702.json,507,0.125,0.006977731827646494,0.9999760985374451,0,1,1.0,0.012408934533596039,0.14648759365081787,0.9999226331710815,0
r1,stress,test/geometry/702.json,508,0.25,0.009780354797840118,0.9999619126319885,0,1,1.0,0.012038608081638813,0.14653587341308594,0.9999276697635651,0
r1,stress,test/geometry/702.json,509,0.25,0.01612151227891445,0.999876856803894,0,1,1.0,0.011929180473089218,0.1473534107208252,0.9999299049377441,0
r1,stress,test/geometry/702.json,510,0.15625,0.01280001550912857,0.9999228715896606,0,1,0.95,0.01182613568380475,0.14739859104156494,0.999930739402771,0
r1,stress,test/geometry/702.json,511,0.14923095703125,0.006979556754231453,0.9999763369560242,0,1,1.0,0.011635484639555216,0.14718419313430786,0.9999332129955292,0
r1,stress,test/geometry/702.json,512,0.84375,0.02923000603914261,0.9995876550674438,0,1,1.0,0.011752123478800058,0.14709025621414185,0.9999316930770874,0
