condition,phase,problem_id,token,logit_max_abs,logit_relative_l2,logit_cosine,logit_nonfinite,logit_top1_match,logit_top20_overlap,state_relative_l2,state_max_abs,state_cosine,state_nonfinite
hadamard,primary,test/algebra/1332.json,0,0.265625,0.026772046461701393,0.9996469020843506,0,1,1.0,0.01079759281128645,0.04152071475982666,0.9999420046806335,0
hadamard,primary,test/algebra/1332.json,1,0.296875,0.015034428797662258,0.9998878240585327,0,1,1.0,0.011021830141544342,0.04084134101867676,0.999940037727356,0
hadamard,primary,test/algebra/1332.json,2,0.28125,0.012942904606461525,0.9999176859855652,0,1,1.0,0.011888694483786821,0.0360892117023468,0.9999293684959412,0
hadamard,primary,test/algebra/1332.json,3,0.3203125,0.017046883702278137,0.999855637550354,0,1,0.95,0.012238428927958012,0.03163588047027588,0.9999255537986755,0
hadamard,primary,test/algebra/1332.json,4,0.5,0.024417901411652565,0.9997026324272156,0,1,1.0,0.012349242810159922,0.03166329860687256,0.9999239146709442,0
hadamard,primary,test/algebra/1332.json,5,0.3515625,0.021277887746691704,0.9997771978378296,0,1,0.95,0.012793551664799452,0.03233635425567627,0.9999183714389801,0
hadamard,primary,test/algebra/1332.json,6,0.40625,0.025108003988862038,0.9996919631958008,0,1,1.0,0.013062289915978909,0.03133368492126465,0.9999147653579712,0
hadamard,primary,test/algebra/1332.json,7,0.15625,0.010763170197606087,0.9999505877494812,0,1,0.95,0.012872666586190462,0.03065812587738037,0.9999173581600189,0
hadamard,primary,test/algebra/1332.json,8,0.296875,0.009884707629680634,0.9999512434005737,0,1,1.0,0.012293375562876463,0.033228397369384766,0.9999247789382935,0
hadamard,primary,test/algebra/1332.json,9,0.3125,0.011743132956326008,0.9999326467514038,0,1,1.0,0.01225883699953556,0.03386569023132324,0.9999251067638397,0
hadamard,primary,test/algebra/1332.json,10,0.25,0.011753762140870094,0.9999346137046814,0,1,1.0,0.012122632004320621,0.03276467323303223,0.9999268651008606,0
hadamard,primary,test/algebra/1332.json,11,0.1484375,0.008321193978190422,0.9999654293060303,0,1,1.0,0.012228832580149174,0.03165149688720703,0.9999251663684845,0
hadamard,primary,test/algebra/1332.json,12,0.203125,0.016007529571652412,0.9998720288276672,0,1,1.0,0.012087863869965076,0.03070354461669922,0.9999271929264069,0
hadamard,primary,test/algebra/1332.json,13,0.25,0.011202949099242687,0.9999373555183411,0,1,1.0,0.011018603574484587,0.030793428421020508,0.9999397099018097,0
hadamard,primary,test/algebra/1332.json,14,0.25,0.008181995712220669,0.9999673962593079,0,1,0.95,0.01116725243628025,0.03229653835296631,0.9999378323554993,0
hadamard,primary,test/algebra/1332.json,15,0.25,0.01111653447151184,0.9999408721923828,0,1,1.0,0.011194232385605574,0.03190600872039795,0.999937504529953,0
hadamard,primary,test/algebra/1332.json,16,0.15625,0.012310175225138664,0.9999250173568726,0,1,1.0,0.011030207853764296,0.03150653839111328,0.9999392330646515,0
hadamard,primary,test/algebra/1332.json,17,0.3125,0.022540481761097908,0.9997459650039673,0,1,1.0,0.010776958428323269,0.03136730194091797,0.9999420940876007,0
hadamard,primary,test/algebra/1332.json,18,0.1875,0.00831976905465126,0.9999694228172302,0,1,1.0,0.010552018880844116,0.03093123435974121,0.9999445974826813,0
hadamard,primary,test/algebra/1332.json,19,0.1875,0.011382720433175564,0.9999385476112366,0,1,1.0,0.010491627268493176,0.030653953552246094,0.9999452233314514,0
hadamard,primary,test/algebra/1332.json,20,0.171875,0.009238538332283497,0.9999595880508423,0,1,1.0,0.010302327573299408,0.03075098991394043,0.9999470412731171,0
hadamard,primary,test/algebra/1332.json,21,0.21875,0.010267858393490314,0.9999500513076782,0,1,1.0,0.010130899492651224,0.030682802200317383,0.9999489486217499,0
hadamard,primary,test/algebra/1332.json,22,0.1953125,0.0185141172260046,0.9998289346694946,0,1,1.0,0.010082046501338482,0.030463457107543945,0.9999493658542633,0
hadamard,primary,test/algebra/1332.json,23,0.1875,0.009250329807400703,0.9999572038650513,0,1,0.95,0.01002868078649044,0.031105637550354004,0.999949723482132,0
hadamard,primary,test/algebra/1332.json,24,0.1875,0.00959405954927206,0.9999539852142334,0,1,1.0,0.010035826824605465,0.031203150749206543,0.9999499917030334,0
hadamard,primary,test/algebra/1332.json,25,0.1875,0.009477474726736546,0.9999558329582214,0,1,1.0,0.009839842561632395,0.03143453598022461,0.9999517798423767,0
hadamard,primary,test/algebra/1332.json,26,0.1875,0.011301618069410324,0.9999362826347351,0,1,1.0,0.00977133959531784,0.031264305114746094,0.9999523162841797,0
hadamard,primary,test/algebra/1332.json,27,0.1875,0.011482884176075459,0.999935507774353,0,1,1.0,0.00960983196273446,0.031212210655212402,0.9999538958072662,0
hadamard,primary,test/algebra/1332.json,28,0.15625,0.007338866125792265,0.9999731779098511,0,1,1.0,0.009603790007531643,0.03116762638092041,0.999953955411911,0
hadamard,primary,test/algebra/1332.json,29,0.125,0.007667263969779015,0.9999722838401794,0,1,1.0,0.009546212386339903,0.031001925468444824,0.9999546408653259,0
hadamard,primary,test/algebra/1332.json,30,0.125,0.008627594448626041,0.999963104724884,0,1,1.0,0.009690587874501944,0.03105747699737549,0.9999539852142334,0
hadamard,primary,test/algebra/1332.json,31,0.25,0.012637096457183361,0.9999200701713562,0,1,1.0,0.009487641043961048,0.031154870986938477,0.9999554753303528,0
hadamard,primary,test/algebra/1332.json,32,0.1875,0.009759197942912579,0.999952495098114,0,1,1.0,0.0095028942450881,0.03117501735687256,0.9999549090862274,0
hadamard,primary,test/algebra/1332.json,33,0.15625,0.00951710157096386,0.9999583959579468,0,1,0.95,0.009492681827396154,0.03141903877258301,0.9999550879001617,0
hadamard,primary,test/algebra/1332.json,34,0.25,0.008747764863073826,0.9999709725379944,0,1,0.95,0.009390908759087324,0.032289743423461914,0.9999560117721558,0
hadamard,primary,test/algebra/1332.json,35,0.1875,0.00836119893938303,0.999965250492096,0,1,1.0,0.009514677803963423,0.032146453857421875,0.9999547302722931,0
hadamard,primary,test/algebra/1332.json,36,0.15625,0.011350009590387344,0.9999368190765381,0,1,1.0,0.009791065938770771,0.03133976459503174,0.9999524354934692,0
hadamard,primary,test/algebra/1332.json,37,0.15625,0.008651199750602245,0.9999635815620422,0,1,1.0,0.009781294502317905,0.0334932804107666,0.9999523460865021,0
hadamard,primary,test/algebra/1332.json,38,0.125,0.0070127020590007305,0.9999755024909973,0,1,1.0,0.009665429126471281,0.03128790855407715,0.9999536275863647,0
hadamard,primary,test/algebra/1332.json,39,0.1875,0.014336777850985527,0.9998975992202759,0,1,1.0,0.009525083936750889,0.031165599822998047,0.9999545812606812,0
hadamard,primary,test/algebra/1332.json,40,0.1328125,0.009108190424740314,0.9999586939811707,0,1,1.0,0.009852256625890732,0.030469775199890137,0.9999518394470215,0
hadamard,primary,test/algebra/1332.json,41,0.171875,0.008470604196190834,0.9999664425849915,0,1,1.0,0.009857992175966501,0.030663013458251953,0.9999516904354095,0
hadamard,primary,test/algebra/1332.json,42,0.203125,0.008401546627283096,0.9999688863754272,0,1,1.0,0.009960912633687258,0.03062593936920166,0.9999504089355469,0
hadamard,primary,test/algebra/1332.json,43,0.25,0.008429083041846752,0.9999648928642273,0,1,1.0,0.0099025322124362,0.030584216117858887,0.9999513924121857,0
hadamard,primary,test/algebra/1332.json,44,0.15625,0.006505963392555714,0.9999799728393555,0,1,1.0,0.009879224468022585,0.030597805976867676,0.9999513328075409,0
hadamard,primary,test/algebra/1332.json,45,0.125,0.00692799361422658,0.9999776482582092,0,1,1.0,0.009779931511729956,0.030547261238098145,0.9999523758888245,0
hadamard,primary,test/algebra/1332.json,46,0.15625,0.009495017118752003,0.9999603629112244,0,1,1.0,0.009610325563699007,0.03055429458618164,0.9999539852142334,0
hadamard,primary,test/algebra/1332.json,47,0.2265625,0.009998716413974762,0.9999518990516663,0,1,1.0,0.009626006707549095,0.03060019016265869,0.9999538064002991,0
hadamard,primary,test/algebra/1332.json,48,0.17236328125,0.01755804941058159,0.9998793005943298,0,1,1.0,0.009430526290088892,0.030530929565429688,0.9999557137489319,0
hadamard,primary,test/algebra/1332.json,49,0.25,0.010231546126306057,0.9999480247497559,0,1,1.0,0.009409785736352205,0.03051018714904785,0.9999558925628662,0
hadamard,primary,test/algebra/1332.json,50,0.15625,0.009062307886779308,0.9999593496322632,0,1,1.0,0.009423408657312393,0.03045666217803955,0.9999556541442871,0
hadamard,primary,test/algebra/1332.json,51,0.25,0.008008724078536034,0.999974250793457,0,1,0.95,0.009299281518906355,0.030284762382507324,0.9999569058418274,0
hadamard,primary,test/algebra/1332.json,52,0.125,0.008694961667060852,0.9999621510505676,0,1,0.95,0.009217015467584133,0.030385255813598633,0.9999576807022095,0
hadamard,primary,test/algebra/1332.json,53,0.203125,0.008024560287594795,0.9999685287475586,0,1,1.0,0.009209816344082355,0.030542731285095215,0.9999576210975647,0
hadamard,primary,test/algebra/1332.json,54,0.125,0.007987850345671177,0.999970018863678,0,1,1.0,0.009244511369615793,0.03049445152282715,0.999957263469696,0
hadamard,primary,test/algebra/1332.json,55,0.15625,0.012100727297365665,0.9999290704727173,0,1,1.0,0.009283877909183502,0.03052544593811035,0.9999569952487946,0
hadamard,primary,test/algebra/1332.json,56,0.1875,0.008771399036049843,0.9999650716781616,0,1,1.0,0.009319210890680552,0.03052198886871338,0.9999566376209259,0
hadamard,primary,test/algebra/1332.json,57,0.125,0.007706742268055677,0.9999710917472839,0,1,1.0,0.00928431423380971,0.030418992042541504,0.9999570250511169,0
hadamard,primary,test/algebra/1332.json,58,0.15625,0.010099231265485287,0.9999512434005737,0,1,1.0,0.009343760088086128,0.030542969703674316,0.999956339597702,0
hadamard,primary,test/algebra/1332.json,59,0.12646484375,0.005369818303734064,0.9999867081642151,0,1,1.0,0.009358899667859077,0.030600547790527344,0.9999562799930573,0
hadamard,primary,test/algebra/1332.json,60,0.125,0.006779624614864588,0.999977171421051,0,1,1.0,0.009302360936999321,0.03060007095336914,0.9999567270278931,0
hadamard,primary,test/algebra/1332.json,61,0.15625,0.007216988131403923,0.9999738931655884,0,1,1.0,0.009192513301968575,0.030451655387878418,0.9999577105045319,0
hadamard,primary,test/algebra/1332.json,62,0.140625,0.007982795126736164,0.9999693036079407,0,1,1.0,0.009195921942591667,0.03038656711578369,0.999957799911499,0
hadamard,primary,test/algebra/1332.json,63,0.125,0.006594961509108543,0.9999791383743286,0,1,1.0,0.009308379143476486,0.030445575714111328,0.9999567568302155,0
hadamard,primary,test/algebra/1332.json,64,0.125,0.006380083970725536,0.9999804496765137,0,1,1.0,0.009165040217339993,0.030544519424438477,0.9999580085277557,0
hadamard,primary,test/algebra/1332.json,65,0.15625,0.00834791548550129,0.9999651312828064,0,1,0.95,0.009105421602725983,0.030658364295959473,0.9999585449695587,0
hadamard,primary,test/algebra/1332.json,66,0.15625,0.01102861762046814,0.9999396800994873,0,1,0.9,0.009099619928747416,0.0308835506439209,0.9999585449695587,0
hadamard,primary,test/algebra/1332.json,67,0.1875,0.011197513900697231,0.9999405741691589,0,1,1.0,0.00920160859823227,0.03057551383972168,0.9999577403068542,0
hadamard,primary,test/algebra/1332.json,68,0.1875,0.008968926966190338,0.9999735951423645,0,1,1.0,0.009304876439273357,0.030980229377746582,0.9999567866325378,0
hadamard,primary,test/algebra/1332.json,69,0.125,0.006678489502519369,0.9999777674674988,0,1,1.0,0.009299224708229303,0.03107154369354248,0.9999567270278931,0
hadamard,primary,test/algebra/1332.json,70,0.125,0.005700334440916777,0.9999839067459106,0,1,1.0,0.009450755082070827,0.03084421157836914,0.9999554455280304,0
hadamard,primary,test/algebra/1332.json,71,0.15625,0.009863956831395626,0.9999618530273438,0,1,1.0,0.009287760127335787,0.030712127685546875,0.999956876039505,0
hadamard,primary,test/algebra/1332.json,72,0.1875,0.010006984695792198,0.9999510049819946,0,1,1.0,0.009287729393690825,0.030591964721679688,0.9999568164348602,0
hadamard,primary,test/algebra/1332.json,73,0.1875,0.013916528783738613,0.9999032616615295,0,1,1.0,0.009279288351535797,0.030665159225463867,0.9999569356441498,0
hadamard,primary,test/algebra/1332.json,74,0.6875,0.01789889670908451,0.9998417496681213,0,1,0.95,0.009779274463653564,0.030678987503051758,0.9999522268772125,0
hadamard,primary,test/algebra/1332.json,75,0.25,0.008416243828833103,0.999967098236084,0,1,1.0,0.010040391236543655,0.030833721160888672,0.999949723482132,0
hadamard,primary,test/algebra/1332.json,76,0.140625,0.007963404059410095,0.999968409538269,0,1,1.0,0.009701821021735668,0.030738115310668945,0.9999529123306274,0
hadamard,primary,test/algebra/1332.json,77,0.15625,0.00964046549052,0.999954342842102,0,1,1.0,0.009489357005804777,0.030650615692138672,0.9999549388885498,0
hadamard,primary,test/algebra/1332.json,78,0.1875,0.00984017364680767,0.9999516606330872,0,1,0.95,0.009262248873710632,0.03282809257507324,0.9999571442604065,0
hadamard,primary,test/algebra/1332.json,79,0.125,0.007944460958242416,0.9999685883522034,0,1,1.0,0.009227881208062172,0.03360176086425781,0.999957412481308,0
hadamard,primary,test/algebra/1332.json,80,0.25,0.007338736671954393,0.9999748468399048,0,1,1.0,0.00924209039658308,0.03047764301300049,0.9999572932720184,0
hadamard,primary,test/algebra/1332.json,81,0.1875,0.007577139884233475,0.9999714493751526,0,1,1.0,0.009262484963983297,0.037667274475097656,0.9999572038650513,0
hadamard,primary,test/algebra/1332.json,82,0.125,0.007422818802297115,0.999972403049469,0,1,1.0,0.00918112089857459,0.03455972671508789,0.9999578297138214,0
hadamard,primary,test/algebra/1332.json,83,0.15625,0.006785236764699221,0.9999774694442749,0,1,1.0,0.00922146113589406,0.03639853000640869,0.9999575018882751,0
hadamard,primary,test/algebra/1332.json,84,0.125,0.006871726363897324,0.9999781250953674,0,1,1.0,0.009252228774130344,0.030478358268737793,0.9999571740627289,0
hadamard,primary,test/algebra/1332.json,85,0.15625,0.008879683911800385,0.9999718070030212,0,1,1.0,0.009430851321667433,0.03099822998046875,0.9999555349349976,0
hadamard,primary,test/algebra/1332.json,86,0.15625,0.007331460248678923,0.9999746680259705,0,1,1.0,0.009390469640493393,0.030486583709716797,0.9999558925628662,0
hadamard,primary,test/algebra/1332.json,87,0.15625,0.008826376870274544,0.9999649524688721,0,1,0.95,0.009460114873945713,0.030537128448486328,0.9999552965164185,0
hadamard,primary,test/algebra/1332.json,88,0.1953125,0.014492655172944069,0.999894917011261,0,1,1.0,0.009776649065315723,0.030556559562683105,0.9999522268772125,0
hadamard,primary,test/algebra/1332.json,89,0.158203125,0.010280010290443897,0.9999608993530273,0,1,1.0,0.010022264905273914,0.030533313751220703,0.9999498426914215,0
hadamard,primary,test/algebra/1332.json,90,0.765625,0.026997067034244537,0.9997224807739258,0,1,1.0,0.009898294229060411,0.030507922172546387,0.9999510645866394,0
hadamard,primary,test/algebra/1332.json,91,0.15625,0.007198852486908436,0.9999752640724182,0,1,1.0,0.009935869835317135,0.03059697151184082,0.9999507963657379,0
hadamard,primary,test/algebra/1332.json,92,0.64453125,0.018822001293301582,0.9998253583908081,0,1,1.0,0.009934728965163231,0.03049778938293457,0.999950647354126,0
hadamard,primary,test/algebra/1332.json,93,0.125,0.007249537855386734,0.9999777674674988,0,1,1.0,0.010051681194454432,0.031270503997802734,0.99994957447052,0
hadamard,primary,test/algebra/1332.json,94,0.125,0.008663461543619633,0.9999635815620422,0,1,1.0,0.009928807616233826,0.030481338500976562,0.9999507069587708,0
hadamard,primary,test/algebra/1332.json,95,0.1796875,0.010229281149804592,0.999950647354126,0,1,1.0,0.009869265370070934,0.030553221702575684,0.9999513030052185,0
hadamard,primary,test/algebra/1332.json,96,0.1875,0.011780752800405025,0.999933660030365,0,1,1.0,0.010026650037616491,0.03070652484893799,0.9999496638774872,0
hadamard,primary,test/algebra/1332.json,97,0.140625,0.007469790987670422,0.9999722242355347,0,1,1.0,0.00972061138600111,0.029857993125915527,0.9999528229236603,0
hadamard,primary,test/algebra/1332.json,98,0.15625,0.0061417496763169765,0.9999819397926331,0,1,1.0,0.009546354413032532,0.029909968376159668,0.9999545514583588,0
hadamard,primary,test/algebra/1332.json,99,0.1875,0.007042272016406059,0.9999779462814331,0,1,1.0,0.009423037525266409,0.029989123344421387,0.9999557137489319,0
hadamard,primary,test/algebra/1332.json,100,0.125,0.009557686746120453,0.999954879283905,0,1,1.0,0.009329894091933966,0.03062760829925537,0.9999565482139587,0
hadamard,primary,test/algebra/1332.json,101,0.1875,0.007857643999159336,0.9999718070030212,0,1,1.0,0.009090032428503036,0.029976487159729004,0.9999588131904602,0
hadamard,primary,test/algebra/1332.json,102,0.1875,0.008572018705308437,0.9999639391899109,0,1,1.0,0.0092183081433177,0.03016674518585205,0.9999583959579468,0
hadamard,primary,test/algebra/1332.json,103,0.125,0.006831353530287743,0.9999777674674988,0,1,1.0,0.009285470470786095,0.030042409896850586,0.9999572336673737,0
hadamard,primary,test/algebra/1332.json,104,0.15625,0.012736151926219463,0.999920666217804,0,1,1.0,0.009070427156984806,0.030083775520324707,0.9999596774578094,0
hadamard,primary,test/algebra/1332.json,105,0.25,0.010578129440546036,0.9999475479125977,0,1,1.0,0.008781880605965853,0.030160188674926758,0.9999619722366333,0
hadamard,primary,test/algebra/1332.json,106,0.140625,0.006964568048715591,0.999977707862854,0,1,1.0,0.0088679906912148,0.0300600528717041,0.9999614059925079,0
hadamard,primary,test/algebra/1332.json,107,0.140625,0.007577612064778805,0.9999715685844421,0,1,1.0,0.009060927201062441,0.029965639114379883,0.9999591708183289,0
hadamard,primary,test/algebra/1332.json,108,0.15625,0.009013190865516663,0.9999600648880005,0,1,1.0,0.008852165192365646,0.029970169067382812,0.9999608993530273,0
hadamard,primary,test/algebra/1332.json,109,0.1875,0.011737239547073841,0.9999312162399292,0,1,0.95,0.008788540959358215,0.029876708984375,0.9999614655971527,0
hadamard,primary,test/algebra/1332.json,110,0.140625,0.00872308574616909,0.9999651908874512,0,1,1.0,0.008762351237237453,0.0297774076461792,0.9999615550041199,0
hadamard,primary,test/algebra/1332.json,111,0.125,0.007027402985841036,0.9999766945838928,0,1,1.0,0.008869349956512451,0.029884934425354004,0.999960869550705,0
hadamard,primary,test/algebra/1332.json,112,0.125,0.007800423074513674,0.9999697208404541,0,1,1.0,0.00882227998226881,0.02984011173248291,0.9999611675739288,0
hadamard,primary,test/algebra/1332.json,113,0.125,0.01092445757240057,0.9999435544013977,0,1,1.0,0.00880616344511509,0.02983558177947998,0.9999614953994751,0
hadamard,primary,test/algebra/1332.json,114,0.25,0.00912633165717125,0.9999595880508423,0,1,1.0,0.008861835580319166,0.039371490478515625,0.9999610483646393,0
hadamard,primary,test/algebra/1332.json,115,0.125,0.007608842104673386,0.9999712705612183,0,1,1.0,0.008821089752018452,0.035022854804992676,0.9999611675739288,0
hadamard,primary,test/algebra/1332.json,116,0.25,0.0064503648318350315,0.9999796748161316,0,1,1.0,0.008747091051191092,0.029811501502990723,0.9999618828296661,0
hadamard,primary,test/algebra/1332.json,117,0.125,0.007987169548869133,0.9999682903289795,0,1,1.0,0.008866047486662865,0.0298384428024292,0.9999608099460602,0
hadamard,primary,test/algebra/1332.json,118,0.109375,0.009572839364409447,0.9999547004699707,0,1,1.0,0.008982670959085226,0.029816031455993652,0.9999599158763885,0
hadamard,primary,test/algebra/1332.json,119,0.1875,0.009899826720356941,0.9999510645866394,0,1,1.0,0.00895962631329894,0.029833674430847168,0.9999600946903229,0
hadamard,primary,test/algebra/1332.json,120,0.140625,0.010052564553916454,0.9999536275863647,0,1,1.0,0.009218928404152393,0.029701590538024902,0.999957799911499,0
hadamard,primary,test/algebra/1332.json,121,0.12890625,0.008742518723011017,0.9999634027481079,0,1,1.0,0.009023900143802166,0.029610514640808105,0.9999596476554871,0
hadamard,primary,test/algebra/1332.json,122,0.15625,0.012354407459497452,0.9999454021453857,0,1,1.0,0.008991872426122427,0.029713869094848633,0.9999600946903229,0
hadamard,primary,test/algebra/1332.json,123,0.233642578125,0.010091095231473446,0.9999492168426514,0,1,1.0,0.008921552915126085,0.02954733371734619,0.9999605715274811,0
hadamard,primary,test/algebra/1332.json,124,0.1875,0.007027083076536655,0.9999765157699585,0,1,1.0,0.008895114064216614,0.029680609703063965,0.9999606013298035,0
hadamard,primary,test/algebra/1332.json,125,0.15625,0.007745038252323866,0.999972939491272,0,1,0.95,0.00887217978015542,0.0297091007232666,0.9999608993530273,0
hadamard,primary,test/algebra/1332.json,126,0.25,0.007894509471952915,0.999972403049469,0,1,1.0,0.009012802504003048,0.029685616493225098,0.9999599754810333,0
hadamard,primary,test/algebra/1332.json,127,0.25,0.009886344894766808,0.9999620318412781,0,1,1.0,0.009030990768224001,0.02965831756591797,0.9999594688415527,0
hadamard,primary,test/algebra/1332.json,128,0.25,0.007462749723345041,0.9999752640724182,0,1,1.0,0.008975606877356768,0.029623866081237793,0.9999601542949677,0
hadamard,primary,test/counting_and_probability/119.json,0,0.23046875,0.021667296066880226,0.9997659921646118,0,1,1.0,0.011739403940737247,0.035323143005371094,0.9999312460422516,0
hadamard,primary,test/counting_and_probability/119.json,1,0.40625,0.014923104085028172,0.9998894929885864,0,1,1.0,0.01221166830509901,0.03539729118347168,0.9999257028102875,0
hadamard,primary,test/counting_and_probability/119.json,2,0.3125,0.013486433774232864,0.9999150633811951,0,1,1.0,0.012624855153262615,0.030646800994873047,0.9999212026596069,0
hadamard,primary,test/counting_and_probability/119.json,3,0.3154296875,0.02167159505188465,0.9997652769088745,0,1,0.95,0.013010353781282902,0.03028106689453125,0.9999164044857025,0
hadamard,primary,test/counting_and_probability/119.json,4,0.40625,0.022511228919029236,0.9997466206550598,0,1,1.0,0.0139422663487494,0.030071258544921875,0.9999040365219116,0
hadamard,primary,test/counting_and_probability/119.json,5,0.375,0.018175119534134865,0.9998480677604675,0,1,1.0,0.014325861819088459,0.03053140640258789,0.9998984038829803,0
hadamard,primary,test/counting_and_probability/119.json,6,0.1875,0.010592808946967125,0.9999440908432007,0,1,0.95,0.013757814187556505,0.03100299835205078,0.9999066293239594,0
hadamard,primary,test/counting_and_probability/119.json,7,0.1875,0.01000373624265194,0.9999529719352722,0,1,1.0,0.013028109446167946,0.03061532974243164,0.9999153316020966,0
hadamard,primary,test/counting_and_probability/119.json,8,0.1875,0.01058323122560978,0.9999465346336365,0,1,1.0,0.012936545070260763,0.030551433563232422,0.9999165236949921,0
hadamard,primary,test/counting_and_probability/119.json,9,0.1875,0.009504059329628944,0.9999609589576721,0,1,1.0,0.012652646750211716,0.030648231506347656,0.9999207556247711,0
hadamard,primary,test/counting_and_probability/119.json,10,0.1171875,0.007811875082552433,0.9999702572822571,0,1,1.0,0.012592959217727184,0.05277514457702637,0.9999217391014099,0
hadamard,primary,test/counting_and_probability/119.json,11,0.21875,0.014816761016845703,0.9998911619186401,0,1,0.95,0.012202789541333914,0.027657508850097656,0.9999257922172546,0
hadamard,primary,test/counting_and_probability/119.json,12,0.25,0.01303983386605978,0.9999249577522278,0,1,0.95,0.011863067746162415,0.03480815887451172,0.9999300241470337,0
hadamard,primary,test/counting_and_probability/119.json,13,0.2265625,0.01009456068277359,0.9999507069587708,0,1,0.95,0.011776831466704607,0.03376340866088867,0.9999310970306396,0
hadamard,primary,test/counting_and_probability/119.json,14,0.25,0.01307755708694458,0.9999277591705322,0,1,1.0,0.012000963557511568,0.03300893306732178,0.9999284446239471,0
hadamard,primary,test/counting_and_probability/119.json,15,0.203125,0.015373282134532928,0.9998823404312134,0,1,1.0,0.011392045300453901,0.025513648986816406,0.9999352693557739,0
hadamard,primary,test/counting_and_probability/119.json,16,0.2578125,0.018825368955731392,0.9998235106468201,0,1,0.95,0.011209018994122744,0.025495052337646484,0.9999376535415649,0
hadamard,primary,test/counting_and_probability/119.json,17,0.21875,0.008143113926053047,0.9999682307243347,0,1,0.95,0.010976928751915693,0.026618003845214844,0.9999402165412903,0
hadamard,primary,test/counting_and_probability/119.json,18,0.203125,0.010524376295506954,0.9999465942382812,0,1,1.0,0.010656460653990507,0.026860713958740234,0.9999432265758514,0
hadamard,primary,test/counting_and_probability/119.json,19,0.21875,0.014476400800049305,0.9999027848243713,0,1,1.0,0.010523410513997078,0.027701854705810547,0.9999446272850037,0
hadamard,primary,test/counting_and_probability/119.json,20,0.203125,0.010015973821282387,0.9999549984931946,0,1,1.0,0.010499332565814257,0.02767038345336914,0.999945193529129,0
hadamard,primary,test/counting_and_probability/119.json,21,0.1875,0.019157130271196365,0.9998308420181274,0,1,1.0,0.010588511824607849,0.02752065658569336,0.9999441504478455,0
hadamard,primary,test/counting_and_probability/119.json,22,0.1884765625,0.009052688255906105,0.9999609589576721,0,1,1.0,0.010487263556569815,0.027416706085205078,0.9999450445175171,0
hadamard,primary,test/counting_and_probability/119.json,23,0.166015625,0.008917598985135555,0.9999655485153198,0,1,1.0,0.010341394692659378,0.027557373046875,0.9999465942382812,0
hadamard,primary,test/counting_and_probability/119.json,24,0.1875,0.009656750597059727,0.9999573230743408,0,1,1.0,0.010257440153509378,0.027408123016357422,0.9999473989009857,0
hadamard,primary,test/counting_and_probability/119.json,25,0.15625,0.011105689220130444,0.9999383091926575,0,1,1.0,0.010222248267382383,0.027097702026367188,0.9999477565288544,0
hadamard,primary,test/counting_and_probability/119.json,26,0.25,0.008939669467508793,0.9999613165855408,0,1,1.0,0.010184185113757849,0.027065753936767578,0.9999480843544006,0
hadamard,primary,test/counting_and_probability/119.json,27,0.1875,0.007106375880539417,0.9999749064445496,0,1,1.0,0.01011714618653059,0.0271148681640625,0.9999488294124603,0
hadamard,primary,test/counting_and_probability/119.json,28,0.15625,0.0066520655527710915,0.9999840259552002,0,1,1.0,0.010057293809950352,0.02764892578125,0.9999494254589081,0
hadamard,primary,test/counting_and_probability/119.json,29,0.1875,0.008376268669962883,0.9999716281890869,0,1,1.0,0.010019715875387192,0.028009414672851562,0.9999498426914215,0
hadamard,primary,test/counting_and_probability/119.json,30,0.1875,0.006626683287322521,0.9999805688858032,0,1,1.0,0.010015541687607765,0.02835845947265625,0.9999502599239349,0
hadamard,primary,test/counting_and_probability/119.json,31,0.15625,0.0063080252148211,0.9999836087226868,0,1,1.0,0.010187887586653233,0.025014877319335938,0.9999486207962036,0
hadamard,primary,test/counting_and_probability/119.json,32,0.1875,0.005941484123468399,0.9999829530715942,0,1,1.0,0.010103506967425346,0.022089719772338867,0.9999492168426514,0
hadamard,primary,test/counting_and_probability/119.json,33,0.140625,0.007910940796136856,0.999971866607666,0,1,1.0,0.01000805664807558,0.022061586380004883,0.9999500513076782,0
hadamard,primary,test/counting_and_probability/119.json,34,0.140625,0.007371032610535622,0.999978244304657,0,1,0.95,0.009959888644516468,0.02178192138671875,0.9999504685401917,0
hadamard,primary,test/counting_and_probability/119.json,35,0.125,0.0076518128626048565,0.9999707341194153,0,1,1.0,0.009965255856513977,0.021282672882080078,0.9999504685401917,0
hadamard,primary,test/counting_and_probability/119.json,36,0.125,0.012108015827834606,0.9999273419380188,0,1,1.0,0.009860694408416748,0.021303772926330566,0.9999515414237976,0
hadamard,primary,test/counting_and_probability/119.json,37,0.21875,0.010531457141041756,0.9999450445175171,0,1,1.0,0.009851512499153614,0.023633241653442383,0.9999517500400543,0
hadamard,primary,test/counting_and_probability/119.json,38,0.1875,0.009044807404279709,0.9999616146087646,0,1,0.95,0.00986955827102065,0.0232391357421875,0.9999514520168304,0
hadamard,primary,test/counting_and_probability/119.json,39,0.125,0.006352209020406008,0.9999809265136719,0,1,0.95,0.009795029647648335,0.0211942195892334,0.9999522566795349,0
hadamard,primary,test/counting_and_probability/119.json,40,0.125,0.006501020863652229,0.9999790191650391,0,1,1.0,0.009751809295266867,0.020968854427337646,0.999952495098114,0
hadamard,primary,test/counting_and_probability/119.json,41,0.15625,0.008307836018502712,0.999974250793457,0,1,1.0,0.009784379042685032,0.02092677354812622,0.9999521970748901,0
hadamard,primary,test/counting_and_probability/119.json,42,0.2890625,0.01242764201015234,0.9999263286590576,0,1,0.95,0.009876188356429338,0.020828962326049805,0.9999512434005737,0
hadamard,primary,test/counting_and_probability/119.json,43,0.12890625,0.007581311743706465,0.9999713897705078,0,1,1.0,0.009912565816193819,0.020868778228759766,0.9999508559703827,0
hadamard,primary,test/counting_and_probability/119.json,44,0.25,0.01033804565668106,0.9999547600746155,0,1,1.0,0.009845202788710594,0.021067380905151367,0.9999516904354095,0
hadamard,primary,test/counting_and_probability/119.json,45,0.1875,0.01021014153957367,0.999966561794281,0,1,1.0,0.010177778080105782,0.021012544631958008,0.9999484121799469,0
hadamard,primary,test/counting_and_probability/119.json,46,0.21875,0.010803810320794582,0.9999497532844543,0,1,0.95,0.010352679528295994,0.02108025550842285,0.9999465644359589,0
hadamard,primary,test/counting_and_probability/119.json,47,0.25,0.011155589483678341,0.9999382495880127,0,1,0.95,0.010298140347003937,0.02035754919052124,0.9999471306800842,0
hadamard,primary,test/counting_and_probability/119.json,48,0.140625,0.007187186274677515,0.9999743103981018,0,1,1.0,0.010211483109742403,0.020392239093780518,0.9999480247497559,0
hadamard,primary,test/counting_and_probability/119.json,49,0.25,0.007103801239281893,0.9999749660491943,0,1,1.0,0.010196702554821968,0.020393967628479004,0.9999484121799469,0
hadamard,primary,test/counting_and_probability/119.json,50,0.25,0.007247786968946457,0.9999739527702332,0,1,1.0,0.01018954487517476,0.02038198709487915,0.9999485611915588,0
hadamard,primary,test/counting_and_probability/119.json,51,0.3125,0.01066492684185505,0.9999432563781738,0,1,1.0,0.010160101111978292,0.02040719985961914,0.9999485611915588,0
hadamard,primary,test/counting_and_probability/119.json,52,0.2109375,0.008746635168790817,0.9999628067016602,0,1,1.0,0.010150447953492403,0.02041083574295044,0.9999485313892365,0
hadamard,primary,test/counting_and_probability/119.json,53,0.25,0.012609818018972874,0.9999207854270935,0,1,1.0,0.01017229724675417,0.029265165328979492,0.9999483227729797,0
hadamard,primary,test/counting_and_probability/119.json,54,0.125,0.010878757573664188,0.9999436140060425,0,1,1.0,0.01010513212531805,0.023608922958374023,0.9999493360519409,0
hadamard,primary,test/counting_and_probability/119.json,55,0.125,0.009368658997118473,0.9999732375144958,0,1,1.0,0.010081110522150993,0.02015143632888794,0.9999492764472961,0
hadamard,primary,test/counting_and_probability/119.json,56,0.125,0.008035728707909584,0.9999684691429138,0,1,1.0,0.009951370768249035,0.02018505334854126,0.9999505281448364,0
hadamard,primary,test/counting_and_probability/119.json,57,0.140625,0.00809219479560852,0.9999697804450989,0,1,1.0,0.009911876171827316,0.02016282081604004,0.9999508559703827,0
hadamard,primary,test/counting_and_probability/119.json,58,0.12890625,0.007830104790627956,0.9999700784683228,0,1,1.0,0.009999500121921301,0.02020895481109619,0.9999500215053558,0
hadamard,primary,test/counting_and_probability/119.json,59,0.140625,0.007524142507463694,0.9999823570251465,0,1,1.0,0.009939516894519329,0.03299522399902344,0.9999507367610931,0
hadamard,primary,test/counting_and_probability/119.json,60,0.34375,0.013676175847649574,0.9999099373817444,0,1,1.0,0.009879033546894789,0.03323078155517578,0.9999512135982513,0
hadamard,primary,test/counting_and_probability/119.json,61,0.34375,0.010052032768726349,0.9999497532844543,0,1,1.0,0.009857943747192621,0.030975341796875,0.9999513328075409,0
hadamard,primary,test/counting_and_probability/119.json,62,0.1875,0.008042575791478157,0.9999747276306152,0,1,1.0,0.009779197629541159,0.025946855545043945,0.9999523460865021,0
hadamard,primary,test/counting_and_probability/119.json,63,0.25,0.008038603700697422,0.9999691843986511,0,1,0.95,0.009741260670125484,0.025536537170410156,0.9999526143074036,0
hadamard,primary,test/counting_and_probability/119.json,64,0.1875,0.00946385134011507,0.9999553561210632,0,1,1.0,0.009624918457120657,0.026592135429382324,0.9999539256095886,0
hadamard,primary,test/counting_and_probability/119.json,65,0.1875,0.010209481231868267,0.9999478459358215,0,1,1.0,0.009561553597450256,0.025050759315490723,0.999954342842102,0
hadamard,primary,test/counting_and_probability/119.json,66,0.25,0.011497455649077892,0.999934196472168,0,1,1.0,0.009518849197775126,0.0292508602142334,0.9999548494815826,0
hadamard,primary,test/counting_and_probability/119.json,67,0.25,0.00877358764410019,0.9999620914459229,0,1,1.0,0.009589475113898516,0.027006804943084717,0.999953955411911,0
hadamard,primary,test/counting_and_probability/119.json,68,0.22265625,0.010457734577357769,0.9999459385871887,0,1,1.0,0.009617774747312069,0.0198439359664917,0.9999542534351349,0
hadamard,primary,test/counting_and_probability/119.json,69,0.15625,0.010609764605760574,0.999946653842926,0,1,1.0,0.0095628728158772,0.023585498332977295,0.9999545514583588,0
hadamard,primary,test/counting_and_probability/119.json,70,0.25,0.008780048228800297,0.9999616146087646,0,1,0.95,0.009514482226222754,0.021970510482788086,0.9999549686908722,0
hadamard,primary,test/counting_and_probability/119.json,71,0.1875,0.008474184200167656,0.9999669194221497,0,1,0.95,0.009421180002391338,0.019535541534423828,0.9999559819698334,0
hadamard,primary,test/counting_and_probability/119.json,72,0.1422119140625,0.009047599509358406,0.9999659657478333,0,1,1.0,0.009495760314166546,0.02970719337463379,0.9999549984931946,0
hadamard,primary,test/counting_and_probability/119.json,73,0.25,0.008099320344626904,0.9999741315841675,0,1,1.0,0.009511992335319519,0.02478337287902832,0.9999548196792603,0
hadamard,primary,test/counting_and_probability/119.json,74,0.1875,0.007771739270538092,0.9999697208404541,0,1,1.0,0.009409797377884388,0.021750807762145996,0.9999556839466095,0
hadamard,primary,test/counting_and_probability/119.json,75,0.15625,0.008209960535168648,0.9999681115150452,0,1,1.0,0.009461944457143545,0.019155502319335938,0.9999552071094513,0
hadamard,primary,test/counting_and_probability/119.json,76,0.1875,0.010808856226503849,0.9999448657035828,0,1,1.0,0.00944778323173523,0.019263505935668945,0.9999554753303528,0
hadamard,primary,test/counting_and_probability/119.json,77,0.21875,0.017788179218769073,0.9998419880867004,0,1,0.95,0.009498356375843287,0.025161385536193848,0.9999549388885498,0
hadamard,primary,test/counting_and_probability/119.json,78,0.234375,0.01886582374572754,0.9998236298561096,0,1,1.0,0.009627327788621187,0.037658870220184326,0.9999536871910095,0
hadamard,primary,test/counting_and_probability/119.json,79,0.1875,0.013113422319293022,0.9999145269393921,0,1,1.0,0.009621569886803627,0.03309708833694458,0.9999538958072662,0
hadamard,primary,test/counting_and_probability/119.json,80,0.21875,0.012110477313399315,0.9999430775642395,0,1,0.95,0.009719223249703646,0.020941972732543945,0.999952882528305,0
hadamard,primary,test/counting_and_probability/119.json,81,0.15625,0.01000545360147953,0.9999527931213379,0,1,1.0,0.009767801966518164,0.02095627784729004,0.9999523758888245,0
hadamard,primary,test/counting_and_probability/119.json,82,0.25,0.016371818259358406,0.9998897314071655,0,1,1.0,0.009720268659293652,0.02143406867980957,0.9999528527259827,0
hadamard,primary,test/counting_and_probability/119.json,83,0.25,0.008576871827244759,0.9999635219573975,0,1,1.0,0.009638258721679449,0.021257877349853516,0.9999537765979767,0
hadamard,primary,test/counting_and_probability/119.json,84,0.25,0.009079799056053162,0.9999632835388184,0,1,0.95,0.009396722540259361,0.02333366870880127,0.9999559223651886,0
hadamard,primary,test/counting_and_probability/119.json,85,0.494140625,0.015855615958571434,0.999891996383667,0,1,1.0,0.00970058236271143,0.023099422454833984,0.9999529123306274,0
hadamard,primary,test/counting_and_probability/119.json,86,0.1875,0.012138436548411846,0.9999265074729919,0,1,1.0,0.009545647539198399,0.02317488193511963,0.9999546706676483,0
hadamard,primary,test/counting_and_probability/119.json,87,0.1875,0.012569180689752102,0.9999211430549622,0,1,1.0,0.009265787899494171,0.02306663990020752,0.999957263469696,0
hadamard,primary,test/counting_and_probability/119.json,88,0.140625,0.006852086633443832,0.9999772906303406,0,1,1.0,0.009444198105484247,0.023114919662475586,0.99995556473732,0
hadamard,primary,test/counting_and_probability/119.json,89,0.1875,0.00934596173465252,0.9999600052833557,0,1,1.0,0.00923240790143609,0.02314150333404541,0.9999576210975647,0
hadamard,primary,test/counting_and_probability/119.json,90,0.125,0.007822486571967602,0.9999723434448242,0,1,1.0,0.009100742172449827,0.02312469482421875,0.9999585747718811,0
hadamard,primary,test/counting_and_probability/119.json,91,0.16015625,0.008968758396804333,0.999961793422699,0,1,0.95,0.009013304486870766,0.023114800453186035,0.999959409236908,0
hadamard,primary,test/counting_and_probability/119.json,92,0.1328125,0.0066498261876404285,0.999979555606842,0,1,1.0,0.00904682045802474,0.023120403289794922,0.9999592006206512,0
hadamard,primary,test/counting_and_probability/119.json,93,0.15625,0.012198529206216335,0.9999257326126099,0,1,1.0,0.00902968505397439,0.02286696434020996,0.999959260225296,0
hadamard,primary,test/counting_and_probability/119.json,94,0.25,0.009549080394208431,0.9999546408653259,0,1,1.0,0.009121110662817955,0.023127198219299316,0.9999583661556244,0
hadamard,primary,test/counting_and_probability/119.json,95,0.1875,0.0067149559035897255,0.9999784827232361,0,1,0.95,0.009024647530168295,0.02308189868927002,0.9999592006206512,0
hadamard,primary,test/counting_and_probability/119.json,96,0.1328125,0.007690607104450464,0.9999706149101257,0,1,1.0,0.008998984936624765,0.023070573806762695,0.9999596178531647,0
hadamard,primary,test/counting_and_probability/119.json,97,0.1328125,0.010142113082110882,0.999954879283905,0,1,1.0,0.00903409207239747,0.0229799747467041,0.9999592304229736,0
hadamard,primary,test/counting_and_probability/119.json,98,0.125,0.00763570936396718,0.9999709129333496,0,1,1.0,0.008963461499661207,0.022953271865844727,0.9999598860740662,0
hadamard,primary,test/counting_and_probability/119.json,99,0.162109375,0.007950068451464176,0.9999722838401794,0,1,1.0,0.008987843990325928,0.022925138473510742,0.9999597072601318,0
hadamard,primary,test/counting_and_probability/119.json,100,0.140625,0.0071758124977350235,0.9999744892120361,0,1,1.0,0.009000844322144985,0.022922754287719727,0.9999598562717438,0
hadamard,primary,test/counting_and_probability/119.json,101,0.125,0.007815669290721416,0.9999704360961914,0,1,0.95,0.008945609908550978,0.022916316986083984,0.9999600052833557,0
hadamard,primary,test/counting_and_probability/119.json,102,0.138671875,0.0076781450770795345,0.9999706149101257,0,1,1.0,0.008920484688133001,0.02487003803253174,0.99996018409729,0
hadamard,primary,test/counting_and_probability/119.json,103,0.1875,0.009059085510671139,0.9999597668647766,0,1,1.0,0.00891522178426385,0.02290785312652588,0.9999602735042572,0
hadamard,primary,test/counting_and_probability/119.json,104,0.25,0.008235246874392033,0.9999677538871765,0,1,0.95,0.00896146660670638,0.022896409034729004,0.9999598264694214,0
hadamard,primary,test/counting_and_probability/119.json,105,0.125,0.00797438994050026,0.9999721646308899,0,1,1.0,0.009033340495079756,0.022901535034179688,0.9999593794345856,0
hadamard,primary,test/counting_and_probability/119.json,106,0.15625,0.009896261617541313,0.9999523162841797,0,1,0.95,0.008943508844822645,0.022889137268066406,0.9999600350856781,0
hadamard,primary,test/counting_and_probability/119.json,107,0.1875,0.007679462898522615,0.9999728202819824,0,1,1.0,0.008949770592153072,0.02288055419921875,0.9999599754810333,0
hadamard,primary,test/counting_and_probability/119.json,108,0.15625,0.008297093212604523,0.9999693036079407,0,1,1.0,0.00894683226943016,0.022882938385009766,0.9999600350856781,0
hadamard,primary,test/counting_and_probability/119.json,109,0.1875,0.009576422162353992,0.9999560713768005,0,1,1.0,0.008929834235459566,0.022885918617248535,0.9999602138996124,0
hadamard,primary,test/counting_and_probability/119.json,110,0.25,0.010949688963592052,0.9999486804008484,0,1,1.0,0.009135980159044266,0.02289712429046631,0.9999583661556244,0
hadamard,primary,test/counting_and_probability/119.json,111,0.2578125,0.01279884111136198,0.9999216198921204,0,1,1.0,0.009008051827549934,0.02302408218383789,0.9999593794345856,0
hadamard,primary,test/counting_and_probability/119.json,112,0.1875,0.007483232766389847,0.9999724626541138,0,1,1.0,0.008999914396554232,0.023230671882629395,0.9999595880508423,0
hadamard,primary,test/counting_and_probability/119.json,113,0.140625,0.009275003336369991,0.9999569654464722,0,1,1.0,0.009303491562604904,0.022965431213378906,0.9999567568302155,0
hadamard,primary,test/counting_and_probability/119.json,114,0.125,0.009107937105000019,0.9999586343765259,0,1,1.0,0.00950087234377861,0.022942423820495605,0.9999547898769379,0
hadamard,primary,test/counting_and_probability/119.json,115,0.1875,0.011209952645003796,0.9999378323554993,0,1,0.95,0.009300380945205688,0.022927403450012207,0.9999569356441498,0
hadamard,primary,test/counting_and_probability/119.json,116,0.130859375,0.008355274796485901,0.9999671578407288,0,1,1.0,0.009406927973031998,0.022934675216674805,0.9999562501907349,0
hadamard,primary,test/counting_and_probability/119.json,117,0.1640625,0.012610189616680145,0.9999238848686218,0,1,1.0,0.009290967136621475,0.022938132286071777,0.9999570250511169,0
hadamard,primary,test/counting_and_probability/119.json,118,0.15625,0.008654152974486351,0.9999626278877258,0,1,1.0,0.009389984887093306,0.022951364517211914,0.9999562203884125,0
hadamard,primary,test/counting_and_probability/119.json,119,0.15625,0.008174185641109943,0.9999666213989258,0,1,0.95,0.009337219875305891,0.02296626567840576,0.9999567866325378,0
hadamard,primary,test/counting_and_probability/119.json,120,0.15625,0.009312991052865982,0.9999589920043945,0,1,1.0,0.009292230475693941,0.022948622703552246,0.9999570548534393,0
hadamard,primary,test/counting_and_probability/119.json,121,0.15625,0.01035220455378294,0.9999464154243469,0,1,1.0,0.009319449309259653,0.022922039031982422,0.9999569356441498,0
hadamard,primary,test/counting_and_probability/119.json,122,0.134765625,0.008122289553284645,0.9999678134918213,0,1,1.0,0.009235596749931574,0.02292346954345703,0.9999575912952423,0
hadamard,primary,test/counting_and_probability/119.json,123,0.140625,0.009956466034054756,0.9999507665634155,0,1,1.0,0.00915874494239688,0.022922277450561523,0.9999580681324005,0
hadamard,primary,test/counting_and_probability/119.json,124,0.1875,0.007470587268471718,0.999972403049469,0,1,0.95,0.009266858920454979,0.022914409637451172,0.9999570846557617,0
hadamard,primary,test/counting_and_probability/119.json,125,0.15625,0.007757923565804958,0.9999722242355347,0,1,1.0,0.009210377000272274,0.022916674613952637,0.9999578893184662,0
hadamard,primary,test/counting_and_probability/119.json,126,0.15625,0.00738415727391839,0.9999761581420898,0,1,1.0,0.009209865238517523,0.023659229278564453,0.9999576807022095,0
hadamard,primary,test/counting_and_probability/119.json,127,0.25,0.014319170266389847,0.9999017715454102,0,1,1.0,0.009351001586765051,0.03281974792480469,0.9999572336673737,0
hadamard,primary,test/counting_and_probability/119.json,128,0.21875,0.00920190941542387,0.9999582171440125,0,1,0.95,0.009162792470306158,0.02393519878387451,0.9999586343765259,0
hadamard,primary,test/geometry/477.json,0,0.2890625,0.02732657827436924,0.9996479153633118,0,1,0.95,0.012274147942662239,0.02748870849609375,0.9999251067638397,0
hadamard,primary,test/geometry/477.json,1,0.3125,0.01567172072827816,0.9998779892921448,0,1,1.0,0.012070319149643183,0.027091026306152344,0.9999273717403412,0
hadamard,primary,test/geometry/477.json,2,0.296875,0.014250745065510273,0.9999053478240967,0,1,1.0,0.01264824764803052,0.02655029296875,0.9999205768108368,0
hadamard,primary,test/geometry/477.json,3,0.4375,0.015888402238488197,0.9998757839202881,0,1,1.0,0.012665648479014635,0.03768089413642883,0.9999203085899353,0
hadamard,primary,test/geometry/477.json,4,0.3984375,0.020889677107334137,0.999786376953125,0,1,0.95,0.013052662834525108,0.03735148906707764,0.9999149739742279,0
hadamard,primary,test/geometry/477.json,5,0.375,0.0204431414604187,0.9998037815093994,0,1,1.0,0.013392533175647259,0.02934214472770691,0.9999108016490936,0
hadamard,primary,test/geometry/477.json,6,0.375,0.022305097430944443,0.999778687953949,0,1,1.0,0.013648128136992455,0.027901172637939453,0.9999068975448608,0
hadamard,primary,test/geometry/477.json,7,0.140625,0.01036124024540186,0.9999608397483826,0,1,1.0,0.013024333398789167,0.028412342071533203,0.9999154806137085,0
hadamard,primary,test/geometry/477.json,8,0.203125,0.008582492358982563,0.9999653100967407,0,1,1.0,0.012423858512192965,0.02837848663330078,0.9999227821826935,0
hadamard,primary,test/geometry/477.json,9,0.25,0.012602032162249088,0.999930202960968,0,1,1.0,0.012403358705341816,0.028150558471679688,0.999923050403595,0
hadamard,primary,test/geometry/477.json,10,0.375,0.010592227801680565,0.9999505877494812,0,1,1.0,0.012330269906669855,0.028089523315429688,0.9999240338802338,0
hadamard,primary,test/geometry/477.json,11,0.140625,0.008223887532949448,0.9999665021896362,0,1,1.0,0.012268226128071547,0.028394699096679688,0.9999248385429382,0
hadamard,primary,test/geometry/477.json,12,0.21875,0.015683185309171677,0.9998772144317627,0,1,1.0,0.012200305238366127,0.038092613220214844,0.9999268054962158,0
hadamard,primary,test/geometry/477.json,13,0.25,0.011562749743461609,0.9999357461929321,0,1,1.0,0.011693367268890142,0.034447669982910156,0.9999318718910217,0
hadamard,primary,test/geometry/477.json,14,0.21875,0.007811435963958502,0.9999706149101257,0,1,1.0,0.01155473804101348,0.034372806549072266,0.9999334812164307,0
hadamard,primary,test/geometry/477.json,15,0.23828125,0.011506838724017143,0.9999338984489441,0,1,1.0,0.01150055043399334,0.03244733810424805,0.9999339878559113,0
hadamard,primary,test/geometry/477.json,16,0.34375,0.01374726090580225,0.9999101758003235,0,1,0.95,0.010993312112987041,0.035616397857666016,0.9999395906925201,0
hadamard,primary,test/geometry/477.json,17,0.375,0.022800348699092865,0.9997504949569702,0,1,1.0,0.010899730958044529,0.035388946533203125,0.9999406337738037,0
hadamard,primary,test/geometry/477.json,18,0.1875,0.009165928699076176,0.999963104724884,0,1,1.0,0.010662879329174757,0.034772396087646484,0.9999433159828186,0
hadamard,primary,test/geometry/477.json,19,0.1875,0.010118497535586357,0.9999521970748901,0,1,1.0,0.010333796963095665,0.03472900390625,0.9999470412731171,0
hadamard,primary,test/geometry/477.json,20,0.171875,0.009213350713253021,0.9999613761901855,0,1,1.0,0.010213514789938927,0.03457212448120117,0.9999483227729797,0
hadamard,primary,test/geometry/477.json,21,0.1875,0.01000377256423235,0.9999562501907349,0,1,1.0,0.009885836392641068,0.03458976745605469,0.9999516010284424,0
hadamard,primary,test/geometry/477.json,22,0.1875,0.01933850347995758,0.9998140931129456,0,1,1.0,0.010144012980163097,0.03203773498535156,0.9999487996101379,0
hadamard,primary,test/geometry/477.json,23,0.529296875,0.021852174773812294,0.9997678995132446,0,1,0.95,0.010264700278639793,0.03148937225341797,0.9999476373195648,0
hadamard,primary,test/geometry/477.json,24,0.1875,0.010585876181721687,0.9999522566795349,0,1,1.0,0.010258967988193035,0.029089927673339844,0.9999479949474335,0
hadamard,primary,test/geometry/477.json,25,0.1484375,0.00871242955327034,0.9999621510505676,0,1,0.95,0.010256663430482149,0.03041553497314453,0.9999478161334991,0
hadamard,primary,test/geometry/477.json,26,0.169921875,0.011837904341518879,0.9999353885650635,0,1,1.0,0.01003390271216631,0.02951335906982422,0.9999501705169678,0
hadamard,primary,test/geometry/477.json,27,0.15625,0.009535666555166245,0.9999546408653259,0,1,0.95,0.00964928325265646,0.029510498046875,0.999953955411911,0
hadamard,primary,test/geometry/477.json,28,0.15625,0.009943445213139057,0.9999585747718811,0,1,0.95,0.00962739996612072,0.02926349639892578,0.9999542534351349,0
hadamard,primary,test/geometry/477.json,29,0.130859375,0.007860760204494,0.9999731779098511,0,1,1.0,0.009634631220251322,0.029389381408691406,0.999953955411911,0
hadamard,primary,test/geometry/477.json,30,0.1640625,0.00739265326410532,0.9999741911888123,0,1,1.0,0.009390927851200104,0.029462814331054688,0.9999559819698334,0
hadamard,primary,test/geometry/477.json,31,0.25,0.011640453711152077,0.9999461770057678,0,1,1.0,0.00940245483070612,0.02924060821533203,0.9999561309814453,0
hadamard,primary,test/geometry/477.json,32,0.13671875,0.007903752848505974,0.999970555305481,0,1,1.0,0.009360361378639936,0.029354095458984375,0.9999563097953796,0
hadamard,primary,test/geometry/477.json,33,0.40625,0.018593082204461098,0.9998441934585571,0,1,1.0,0.009592832066118717,0.02980327606201172,0.9999542534351349,0
hadamard,primary,test/geometry/477.json,34,0.46875,0.014158927835524082,0.999901533126831,0,1,1.0,0.009554624557495117,0.030422210693359375,0.9999546706676483,0
hadamard,primary,test/geometry/477.json,35,0.1875,0.008692952804267406,0.999965250492096,0,1,1.0,0.009638881776481867,0.03048229217529297,0.9999537169933319,0
hadamard,primary,test/geometry/477.json,36,0.25,0.00956120528280735,0.9999622702598572,0,1,1.0,0.009935781825333834,0.030335426330566406,0.999950498342514,0
hadamard,primary,test/geometry/477.json,37,0.15625,0.009597915224730968,0.9999562501907349,0,1,1.0,0.010008207522332668,0.029815673828125,0.9999500215053558,0
hadamard,primary,test/geometry/477.json,38,0.1875,0.011515311896800995,0.9999359846115112,0,1,1.0,0.00986389396712184,0.02987957000732422,0.9999513924121857,0
hadamard,primary,test/geometry/477.json,39,0.125,0.00580025976523757,0.9999833106994629,0,1,1.0,0.009644381236284971,0.030020713806152344,0.9999534785747528,0
hadamard,primary,test/geometry/477.json,40,0.125,0.007380544673651457,0.9999727010726929,0,1,1.0,0.00949091138318181,0.029506683349609375,0.9999551177024841,0
hadamard,primary,test/geometry/477.json,41,0.125,0.009082140401005745,0.9999633431434631,0,1,0.95,0.009251586627215147,0.029333114624023438,0.9999572336673737,0
hadamard,primary,test/geometry/477.json,42,0.1328125,0.007228012662380934,0.9999740719795227,0,1,1.0,0.009272480849176645,0.030472278594970703,0.9999570250511169,0
hadamard,primary,test/geometry/477.json,43,0.140625,0.007163269445300102,0.9999743700027466,0,1,1.0,0.009409028571099043,0.030426979064941406,0.9999558329582214,0
hadamard,primary,test/geometry/477.json,44,0.125,0.008882406167685986,0.9999632239341736,0,1,1.0,0.009796105325222015,0.030458450317382812,0.9999520182609558,0
hadamard,primary,test/geometry/477.json,45,0.125,0.007312279660254717,0.9999834895133972,0,1,1.0,0.009857754688709974,0.030376434326171875,0.9999513924121857,0
hadamard,primary,test/geometry/477.json,46,0.296875,0.014407185837626457,0.9998984932899475,0,1,0.95,0.00996512221172452,0.030365943908691406,0.9999504089355469,0
hadamard,primary,test/geometry/477.json,47,0.15625,0.0058666798286139965,0.9999833106994629,0,1,1.0,0.009937376715242863,0.030579090118408203,0.999950647354126,0
hadamard,primary,test/geometry/477.json,48,0.132568359375,0.007255667820572853,0.9999741315841675,0,1,1.0,0.009808539412915707,0.030603408813476562,0.9999518990516663,0
hadamard,primary,test/geometry/477.json,49,0.28125,0.014132373034954071,0.9999173879623413,0,1,1.0,0.009938913863152266,0.02944183349609375,0.9999507367610931,0
hadamard,primary,test/geometry/477.json,50,0.44140625,0.021122945472598076,0.9997824430465698,0,1,1.0,0.010186152998358011,0.030772686004638672,0.9999482035636902,0
hadamard,primary,test/geometry/477.json,51,0.453125,0.023957597091794014,0.9997133016586304,0,1,0.95,0.010372635908424854,0.03136491775512695,0.999946266412735,0
hadamard,primary,test/geometry/477.json,52,0.25,0.007912383414804935,0.9999719858169556,0,1,1.0,0.010806241072714329,0.03106832504272461,0.9999423921108246,0
hadamard,primary,test/geometry/477.json,53,0.125,0.006898177322000265,0.999976396560669,0,1,1.0,0.010448010172694921,0.03104877471923828,0.9999459981918335,0
hadamard,primary,test/geometry/477.json,54,0.125,0.008438292890787125,0.9999648332595825,0,1,1.0,0.010161784943193197,0.03076648712158203,0.9999483823776245,0
hadamard,primary,test/geometry/477.json,55,0.1875,0.009591144509613514,0.999954104423523,0,1,1.0,0.009889226872473955,0.03060770034790039,0.9999510943889618,0
hadamard,primary,test/geometry/477.json,56,0.140625,0.008404617197811604,0.9999709129333496,0,1,1.0,0.009797312319278717,0.030648231506347656,0.999952107667923,0
hadamard,primary,test/geometry/477.json,57,0.125,0.008527606725692749,0.9999679327011108,0,1,1.0,0.009957629721611738,0.030189037322998047,0.9999509453773499,0
hadamard,primary,test/geometry/477.json,58,0.15625,0.008221804164350033,0.9999662041664124,0,1,1.0,0.009828444570302963,0.030181884765625,0.9999520778656006,0
hadamard,primary,test/geometry/477.json,59,0.138671875,0.008552351966500282,0.999965488910675,0,1,1.0,0.010031347163021564,0.030169963836669922,0.9999502003192902,0
hadamard,primary,test/geometry/477.json,60,0.25,0.011022285558283329,0.9999526739120483,0,1,0.9,0.01027736533433199,0.030004501342773438,0.9999478161334991,0
hadamard,primary,test/geometry/477.json,61,0.125,0.007059941068291664,0.999976634979248,0,1,1.0,0.010362844914197922,0.029999256134033203,0.9999473690986633,0
hadamard,primary,test/geometry/477.json,62,0.15625,0.007974518463015556,0.9999702572822571,0,1,1.0,0.010311903432011604,0.02949237823486328,0.9999480843544006,0
hadamard,primary,test/geometry/477.json,63,0.1875,0.008929289877414703,0.9999604225158691,0,1,1.0,0.010486629791557789,0.028648853302001953,0.9999460279941559,0
hadamard,primary,test/geometry/477.json,64,0.1875,0.007693326100707054,0.9999706149101257,0,1,1.0,0.010474263224750757,0.02871417999267578,0.999946117401123,0
hadamard,primary,test/geometry/477.json,65,0.125,0.007650961633771658,0.9999706745147705,0,1,1.0,0.010565747506916523,0.028853416442871094,0.9999449551105499,0
hadamard,primary,test/geometry/477.json,66,0.15625,0.007263378240168095,0.9999741315841675,0,1,1.0,0.01051853783428669,0.028955936431884766,0.999945342540741,0
hadamard,primary,test/geometry/477.json,67,0.125,0.007030099164694548,0.9999756813049316,0,1,1.0,0.010239636525511742,0.02888011932373047,0.9999483227729797,0
hadamard,primary,test/geometry/477.json,68,0.125,0.006935300771147013,0.9999792575836182,0,1,1.0,0.010343660600483418,0.028892040252685547,0.9999473690986633,0
hadamard,primary,test/geometry/477.json,69,0.1875,0.009921819902956486,0.9999508857727051,0,1,0.95,0.010233492124825716,0.028839588165283203,0.9999482035636902,0
hadamard,primary,test/geometry/477.json,70,0.21875,0.01262270100414753,0.9999248385429382,0,1,1.0,0.010289411060512066,0.030912399291992188,0.9999470412731171,0
hadamard,primary,test/geometry/477.json,71,0.1875,0.021287430077791214,0.9998206496238708,0,1,1.0,0.010307320859283209,0.030426025390625,0.9999474287033081,0
hadamard,primary,test/geometry/477.json,72,0.4140625,0.019341852515935898,0.99981290102005,0,1,1.0,0.01058281073346734,0.030013084411621094,0.9999440610408783,0
hadamard,primary,test/geometry/477.json,73,0.25,0.007936964742839336,0.9999685287475586,0,1,1.0,0.010501539334654808,0.03019428253173828,0.999945342540741,0
hadamard,primary,test/geometry/477.json,74,0.21875,0.009446037001907825,0.999955415725708,0,1,1.0,0.010334436781704426,0.0300750732421875,0.9999472796916962,0
hadamard,primary,test/geometry/477.json,75,0.125,0.009082518517971039,0.9999604821205139,0,1,0.95,0.010326990392059088,0.030124664306640625,0.9999475479125977,0
hadamard,primary,test/geometry/477.json,76,0.125,0.008837053552269936,0.9999611377716064,0,1,1.0,0.010173030197620392,0.03009319305419922,0.9999487698078156,0
hadamard,primary,test/geometry/477.json,77,0.25,0.008754521608352661,0.999966561794281,0,1,1.0,0.010003101546317339,0.030137062072753906,0.9999502897262573,0
hadamard,primary,test/geometry/477.json,78,0.25,0.009099883027374744,0.9999586343765259,0,1,1.0,0.009971276391297579,0.03015899658203125,0.9999508559703827,0
hadamard,primary,test/geometry/477.json,79,0.125,0.009178157895803452,0.9999595880508423,0,1,1.0,0.009935513138771057,0.02977752685546875,0.9999506175518036,0
hadamard,primary,test/geometry/477.json,80,0.1484375,0.007387127261608839,0.999972939491272,0,1,1.0,0.009794150944799185,0.029808998107910156,0.9999520480632782,0
hadamard,primary,test/geometry/477.json,81,0.125,0.00883172731846571,0.9999656677246094,0,1,1.0,0.010077600833028555,0.029745101928710938,0.9999493956565857,0
hadamard,primary,test/geometry/477.json,82,0.140625,0.01151110790669918,0.9999337792396545,0,1,1.0,0.01006240164861083,0.029598236083984375,0.9999496042728424,0
hadamard,primary,test/geometry/477.json,83,0.15625,0.008782882243394852,0.9999651908874512,0,1,1.0,0.010061019565910101,0.02971172332763672,0.9999494552612305,0
hadamard,primary,test/geometry/477.json,84,0.125,0.006400517653673887,0.9999797344207764,0,1,1.0,0.010280414018779993,0.02959442138671875,0.99994757771492,0
hadamard,primary,test/geometry/477.json,85,0.125,0.007570614572614431,0.9999719262123108,0,1,1.0,0.010261600837111473,0.029561996459960938,0.9999479353427887,0
hadamard,primary,test/geometry/477.json,86,0.1875,0.009296136908233166,0.9999658465385437,0,1,1.0,0.010228735860437155,0.02955150604248047,0.9999483525753021,0
hadamard,primary,test/geometry/477.json,87,0.09375,0.007859946228563786,0.9999699592590332,0,1,1.0,0.010207543149590492,0.029508590698242188,0.9999483227729797,0
hadamard,primary,test/geometry/477.json,88,0.234375,0.009786178357899189,0.9999521970748901,0,1,1.0,0.010144706349819899,0.03281879425048828,0.9999485909938812,0
hadamard,primary,test/geometry/477.json,89,0.203125,0.016729285940527916,0.9998752474784851,0,1,1.0,0.010239635594189167,0.0317997932434082,0.9999483227729797,0
hadamard,primary,test/geometry/477.json,90,0.21875,0.012437934055924416,0.9999241232872009,0,1,1.0,0.010278889443725348,0.031603336334228516,0.9999472200870514,0
hadamard,primary,test/geometry/477.json,91,0.1875,0.010704275220632553,0.9999602437019348,0,1,1.0,0.010183973237872124,0.03151893615722656,0.999948263168335,0
hadamard,primary,test/geometry/477.json,92,0.203125,0.009685978293418884,0.9999686479568481,0,1,1.0,0.010028844233602285,0.031290531158447266,0.9999502301216125,0
hadamard,primary,test/geometry/477.json,93,0.125,0.011145106516778469,0.9999414086341858,0,1,1.0,0.010064346715807915,0.0312347412109375,0.9999501705169678,0
hadamard,primary,test/geometry/477.json,94,0.15625,0.007491460535675287,0.9999726414680481,0,1,1.0,0.01005766773596406,0.03128814697265625,0.9999499022960663,0
hadamard,primary,test/geometry/477.json,95,0.125,0.006011564284563065,0.9999821782112122,0,1,1.0,0.009879987221211195,0.03136777877807617,0.9999517500400543,0
hadamard,primary,test/geometry/477.json,96,0.15625,0.005896031856536865,0.9999842643737793,0,1,1.0,0.009709124453365803,0.031496524810791016,0.9999528527259827,0
hadamard,primary,test/geometry/477.json,97,0.25,0.007591690868139267,0.9999712109565735,0,1,0.95,0.009700578171759844,0.03159952163696289,0.9999533593654633,0
hadamard,primary,test/geometry/477.json,98,0.140625,0.007869342342019081,0.9999713897705078,0,1,1.0,0.009875418618321419,0.030532360076904297,0.9999518990516663,0
hadamard,primary,test/geometry/477.json,99,0.125,0.006825610063970089,0.9999783039093018,0,1,1.0,0.009841660037636757,0.03049612045288086,0.9999517798423767,0
hadamard,primary,test/geometry/477.json,100,0.125,0.007273042108863592,0.9999746084213257,0,1,1.0,0.009809283073991537,0.03051137924194336,0.9999524056911469,0
hadamard,primary,test/geometry/477.json,101,0.125,0.009338702075183392,0.9999628067016602,0,1,0.95,0.009852424263954163,0.02983236312866211,0.9999519288539886,0
hadamard,primary,test/geometry/477.json,102,0.15625,0.007925554178655148,0.9999693632125854,0,1,1.0,0.009862539358437061,0.02906179428100586,0.9999520778656006,0
hadamard,primary,test/geometry/477.json,103,0.1875,0.012678921222686768,0.9999258518218994,0,1,1.0,0.009869119618088007,0.03011608123779297,0.9999521374702454,0
hadamard,primary,test/geometry/477.json,104,0.25,0.008048402145504951,0.999968945980072,0,1,1.0,0.00977048883214593,0.030040740966796875,0.9999526739120483,0
hadamard,primary,test/geometry/477.json,105,0.251220703125,0.009684802033007145,0.9999533891677856,0,1,0.95,0.009759762324392796,0.03075551986694336,0.9999525547027588,0
hadamard,primary,test/geometry/477.json,106,0.25,0.009214909747242928,0.9999578595161438,0,1,0.95,0.00993302883580327,0.030494213104248047,0.9999511539936066,0
hadamard,primary,test/geometry/477.json,107,0.140625,0.011782956309616566,0.9999307990074158,0,1,1.0,0.010146777145564556,0.030498027801513672,0.9999489784240723,0
hadamard,primary,test/geometry/477.json,108,0.25,0.007228407077491283,0.9999738931655884,0,1,1.0,0.009907199535518885,0.030505657196044922,0.9999516010284424,0
hadamard,primary,test/geometry/477.json,109,0.15625,0.007732381112873554,0.9999707341194153,0,1,1.0,0.009813310112804174,0.030481815338134766,0.999952495098114,0
hadamard,primary,test/geometry/477.json,110,0.1875,0.009483440779149532,0.9999622106552124,0,1,1.0,0.009505062829703093,0.03044605255126953,0.9999550580978394,0
hadamard,primary,test/geometry/477.json,111,0.1796875,0.00849915761500597,0.9999663829803467,0,1,1.0,0.009362492710351944,0.030178546905517578,0.9999562501907349,0
hadamard,primary,test/geometry/477.json,112,0.3125,0.010550569742918015,0.9999464154243469,0,1,0.95,0.009610418695956469,0.030176639556884766,0.9999541342258453,0
hadamard,primary,test/geometry/477.json,113,0.125,0.011832093819975853,0.9999307990074158,0,1,1.0,0.009607763960957527,0.030190467834472656,0.9999543726444244,0
hadamard,primary,test/geometry/477.json,114,0.328125,0.0148408068343997,0.9998904466629028,0,1,0.95,0.009349125437438488,0.030219078063964844,0.9999563694000244,0
hadamard,primary,test/geometry/477.json,115,0.25,0.00785053614526987,0.9999699592590332,0,1,1.0,0.009468425065279007,0.03021240234375,0.9999551773071289,0
hadamard,primary,test/geometry/477.json,116,0.15625,0.009476500563323498,0.9999551773071289,0,1,1.0,0.00955020822584629,0.030128955841064453,0.9999549984931946,0
hadamard,primary,test/geometry/477.json,117,0.125,0.008504102937877178,0.9999649524688721,0,1,1.0,0.009566033259034157,0.02988576889038086,0.9999546408653259,0
hadamard,primary,test/geometry/477.json,118,0.1279296875,0.007725315634161234,0.9999702572822571,0,1,1.0,0.009385323151946068,0.02958822250366211,0.9999562203884125,0
hadamard,primary,test/geometry/477.json,119,0.15625,0.008374068886041641,0.9999650120735168,0,1,0.95,0.009473433252424002,0.030119895935058594,0.9999558627605438,0
hadamard,primary,test/geometry/477.json,120,0.1875,0.012527739629149437,0.9999292492866516,0,1,1.0,0.009416224900633097,0.030114173889160156,0.9999557435512543,0
hadamard,primary,test/geometry/477.json,121,0.25,0.016497235745191574,0.9998735785484314,0,1,1.0,0.009231789503246546,0.030192852020263672,0.9999573826789856,0
hadamard,primary,test/geometry/477.json,122,0.390625,0.015975654125213623,0.9998728632926941,0,1,1.0,0.009367476683109999,0.029834270477294922,0.9999561011791229,0
hadamard,primary,test/geometry/477.json,123,0.2421875,0.010944308713078499,0.9999404549598694,0,1,1.0,0.009403405245393515,0.029727935791015625,0.9999558329582214,0
hadamard,primary,test/geometry/477.json,124,0.1875,0.010115258395671844,0.9999502897262573,0,1,1.0,0.009295962285250425,0.029662132263183594,0.999956876039505,0
hadamard,primary,test/geometry/477.json,125,0.1328125,0.008845671080052853,0.9999608397483826,0,1,0.95,0.00913708470761776,0.028990745544433594,0.999958336353302,0
hadamard,primary,test/geometry/477.json,126,0.140625,0.008682354353368282,0.9999673366546631,0,1,0.95,0.009447814431041479,0.02886962890625,0.9999558329582214,0
hadamard,primary,test/geometry/477.json,127,0.15625,0.007696802727878094,0.9999707341194153,0,1,1.0,0.00914837559685111,0.028609752655029297,0.9999581873416901,0
hadamard,primary,test/geometry/477.json,128,0.125,0.00941983051598072,0.9999590516090393,0,1,1.0,0.009127155411988497,0.028524398803710938,0.999958336353302,0
hadamard,stress,test/geometry/702.json,0,0.2578125,0.020676545798778534,0.9997889399528503,0,1,1.0,0.012198390904814005,0.0618080198764801,0.9999265968799591,0
hadamard,stress,test/geometry/702.json,1,0.296875,0.015062043443322182,0.9998947381973267,0,1,1.0,0.012167776469141245,0.061026133596897125,0.9999272525310516,0
hadamard,stress,test/geometry/702.json,2,0.171875,0.009761392138898373,0.9999525547027588,0,1,0.95,0.01180268730968237,0.06019201874732971,0.9999314546585083,0
hadamard,stress,test/geometry/702.json,3,0.15625,0.00837329775094986,0.9999650120735168,0,1,1.0,0.011354702990502119,0.060055531561374664,0.9999368190765381,0
hadamard,stress,test/geometry/702.json,4,0.25,0.009987915866076946,0.9999537467956543,0,1,0.95,0.01098586805164814,0.059919409453868866,0.9999401867389679,0
hadamard,stress,test/geometry/702.json,5,0.15625,0.00894247181713581,0.9999611973762512,0,1,1.0,0.01069999160245061,0.05958549678325653,0.9999429881572723,0
hadamard,stress,test/geometry/702.json,6,0.16015625,0.007958236150443554,0.999969482421875,0,1,1.0,0.010597651824355125,0.059698522090911865,0.9999439120292664,0
hadamard,stress,test/geometry/702.json,7,0.125,0.00946633331477642,0.9999563097953796,0,1,1.0,0.010445051826536655,0.059132494032382965,0.9999455213546753,0
hadamard,stress,test/geometry/702.json,8,0.15625,0.009563739411532879,0.9999600052833557,0,1,1.0,0.010503811296075583,0.05866769701242447,0.9999448955059052,0
hadamard,stress,test/geometry/702.json,9,0.1875,0.00844413973391056,0.9999649524688721,0,1,1.0,0.010601005516946316,0.058710530400276184,0.9999440312385559,0
hadamard,stress,test/geometry/702.json,10,0.140625,0.008989520370960236,0.9999693036079407,0,1,1.0,0.010632763151079416,0.05874285101890564,0.9999436438083649,0
hadamard,stress,test/geometry/702.json,11,0.125,0.00620708242058754,0.9999808073043823,0,1,1.0,0.010748711414635181,0.05872547626495361,0.9999423921108246,0
hadamard,stress,test/geometry/702.json,12,0.15625,0.007565436884760857,0.9999721050262451,0,1,1.0,0.010710089933127165,0.05864550918340683,0.9999427795410156,0
hadamard,stress,test/geometry/702.json,13,0.1875,0.008596168830990791,0.9999637603759766,0,1,0.95,0.010428055189549923,0.058232758194208145,0.9999457895755768,0
hadamard,stress,test/geometry/702.json,14,0.125,0.00868214201182127,0.9999666810035706,0,1,0.95,0.010534883011132479,0.058500342071056366,0.9999446272850037,0
hadamard,stress,test/geometry/702.json,15,0.1875,0.009163188748061657,0.9999587535858154,0,1,0.95,0.010289688128978014,0.05834003537893295,0.9999470710754395,0
hadamard,stress,test/geometry/702.json,16,0.171875,0.008505427278578281,0.9999644756317139,0,1,0.95,0.010280660819262266,0.05810784175992012,0.9999471306800842,0
hadamard,stress,test/geometry/702.json,17,0.1328125,0.009337097406387329,0.9999563694000244,0,1,1.0,0.01023339293897152,0.057916149497032166,0.9999476969242096,0
hadamard,stress,test/geometry/702.json,18,0.25,0.010894051752984524,0.9999462366104126,0,1,1.0,0.010218895971775055,0.05796794220805168,0.9999479949474335,0
hadamard,stress,test/geometry/702.json,19,0.25,0.007881066761910915,0.9999714493751526,0,1,1.0,0.01029655896127224,0.05819214507937431,0.9999472796916962,0
hadamard,stress,test/geometry/702.json,20,0.25,0.00801822915673256,0.9999683499336243,0,1,1.0,0.010667288210242987,0.0581471249461174,0.9999433755874634,0
hadamard,stress,test/geometry/702.json,21,0.140625,0.007263910491019487,0.9999737739562988,0,1,1.0,0.010643263347446918,0.058155011385679245,0.9999436140060425,0
hadamard,stress,test/geometry/702.json,22,0.21875,0.013120205141603947,0.9999139904975891,0,1,1.0,0.010686955880373716,0.058036841452121735,0.9999428987503052,0
hadamard,stress,test/geometry/702.json,23,0.140625,0.007297100033611059,0.9999735355377197,0,1,1.0,0.01077304920181632,0.058286529034376144,0.9999419450759888,0
hadamard,stress,test/geometry/702.json,24,0.140625,0.008997821249067783,0.9999628663063049,0,1,0.95,0.010768897831439972,0.05814401060342789,0.9999419748783112,0
hadamard,stress,test/geometry/702.json,25,0.15625,0.0074373274110257626,0.9999723434448242,0,1,1.0,0.010621150955557823,0.0581948421895504,0.9999439120292664,0
hadamard,stress,test/geometry/702.json,26,0.2109375,0.011244564317166805,0.9999436140060425,0,1,1.0,0.01057446887716651,0.05818863585591316,0.9999442994594574,0
hadamard,stress,test/geometry/702.json,27,0.28125,0.010730553418397903,0.9999488592147827,0,1,1.0,0.010666783433407545,0.0595056414604187,0.9999436438083649,0
hadamard,stress,test/geometry/702.json,28,0.3125,0.012328720651566982,0.9999300241470337,0,1,1.0,0.010772970505058765,0.05928294360637665,0.9999423623085022,0
hadamard,stress,test/geometry/702.json,29,0.21875,0.012194064445793629,0.9999256134033203,0,1,1.0,0.010855208616703749,0.05937635153532028,0.9999410510063171,0
hadamard,stress,test/geometry/702.json,30,0.125,0.006819379981607199,0.9999772906303406,0,1,1.0,0.010906681418418884,0.059222862124443054,0.9999404847621918,0
hadamard,stress,test/geometry/702.json,31,0.140625,0.010007410310208797,0.9999570846557617,0,1,0.95,0.010936308652162552,0.05900661274790764,0.9999401867389679,0
hadamard,stress,test/geometry/702.json,32,0.25,0.00972321629524231,0.9999606609344482,0,1,1.0,0.010867907665669918,0.05899083614349365,0.9999409914016724,0
hadamard,stress,test/geometry/702.json,33,0.140625,0.014204423874616623,0.9999276399612427,0,1,1.0,0.010757456999272108,0.058710727840662,0.9999423325061798,0
hadamard,stress,test/geometry/702.json,34,0.15625,0.006382162217050791,0.9999797940254211,0,1,1.0,0.01079510897397995,0.05847301334142685,0.999941885471344,0
hadamard,stress,test/geometry/702.json,35,0.125,0.006551537662744522,0.99997878074646,0,1,1.0,0.010806414298713207,0.05843443050980568,0.9999417960643768,0
hadamard,stress,test/geometry/702.json,36,0.125,0.006842589471489191,0.9999765157699585,0,1,1.0,0.010679515544325113,0.05840768665075302,0.999943196773529,0
hadamard,stress,test/geometry/702.json,37,0.125,0.0051898593083024025,0.9999868273735046,0,1,1.0,0.01056848419830203,0.058386269956827164,0.9999449849128723,0
hadamard,stress,test/geometry/702.json,38,0.125,0.006915648002177477,0.9999760389328003,0,1,0.95,0.010533498600125313,0.05838898941874504,0.9999447464942932,0
hadamard,stress,test/geometry/702.json,39,0.171875,0.008226132020354271,0.9999675154685974,0,1,1.0,0.010529412422329187,0.058364324271678925,0.9999445974826813,0
hadamard,stress,test/geometry/702.json,40,0.125,0.00722707062959671,0.9999740719795227,0,1,1.0,0.010470055043697357,0.057543057948350906,0.9999453723430634,0
hadamard,stress,test/geometry/702.json,41,0.1875,0.011332672089338303,0.9999359846115112,0,1,1.0,0.010493049398064613,0.05739680677652359,0.9999451041221619,0
hadamard,stress,test/geometry/702.json,42,0.140625,0.007808571681380272,0.9999696016311646,0,1,0.95,0.010537927970290184,0.05720960348844528,0.9999445676803589,0
hadamard,stress,test/geometry/702.json,43,0.13671875,0.007834793999791145,0.9999696016311646,0,1,1.0,0.010473777540028095,0.05709434673190117,0.999945193529129,0
hadamard,stress,test/geometry/702.json,44,0.25,0.017574209719896317,0.999845564365387,0,1,1.0,0.010767113883048296,0.056247103959321976,0.9999424815177917,0
hadamard,stress,test/geometry/702.json,45,0.1875,0.008032947778701782,0.9999684691429138,0,1,1.0,0.010581876151263714,0.055728133767843246,0.9999447762966156,0
hadamard,stress,test/geometry/702.json,46,0.15625,0.009096227586269379,0.999962568283081,0,1,1.0,0.010658823885023594,0.05555156245827675,0.999943345785141,0
hadamard,stress,test/geometry/702.json,47,0.140625,0.006877459120005369,0.9999771118164062,0,1,1.0,0.010106761008501053,0.05587979406118393,0.9999490082263947,0
hadamard,stress,test/geometry/702.json,48,0.125,0.006381188053637743,0.9999797344207764,0,1,1.0,0.00976564921438694,0.055820345878601074,0.9999524354934692,0
hadamard,stress,test/geometry/702.json,49,0.1630859375,0.006806015037000179,0.9999778866767883,0,1,1.0,0.009676424786448479,0.055736616253852844,0.9999532401561737,0
hadamard,stress,test/geometry/702.json,50,0.15625,0.007750243414193392,0.9999701976776123,0,1,0.95,0.009497769176959991,0.05575098842382431,0.9999549090862274,0
hadamard,stress,test/geometry/702.json,51,0.140625,0.007921066135168076,0.9999703168869019,0,1,1.0,0.009312690235674381,0.055943869054317474,0.9999565482139587,0
hadamard,stress,test/geometry/702.json,52,0.15625,0.008087201975286007,0.9999687671661377,0,1,1.0,0.009385053534060717,0.05568733066320419,0.9999560713768005,0
hadamard,stress,test/geometry/702.json,53,0.15625,0.011901074089109898,0.9999292492866516,0,1,0.95,0.009350163396447897,0.05511264503002167,0.999956339597702,0
hadamard,stress,test/geometry/702.json,54,0.15625,0.008328119292855263,0.9999672770500183,0,1,1.0,0.009130122605711222,0.05506307631731033,0.9999583065509796,0
hadamard,stress,test/geometry/702.json,55,0.1875,0.011329956352710724,0.9999381899833679,0,1,0.95,0.009092024061828852,0.0551781952381134,0.9999590814113617,0
hadamard,stress,test/geometry/702.json,56,0.1640625,0.006017513573169708,0.999982476234436,0,1,1.0,0.009072191081941128,0.05524276942014694,0.9999595880508423,0
hadamard,stress,test/geometry/702.json,57,0.15625,0.0062187109142541885,0.9999808073043823,0,1,1.0,0.009088240098208189,0.05517660453915596,0.999958872795105,0
hadamard,stress,test/geometry/702.json,58,0.1875,0.007328090723603964,0.9999732971191406,0,1,0.95,0.00910049770027399,0.05519655719399452,0.9999587833881378,0
hadamard,stress,test/geometry/702.json,59,0.25,0.009063605219125748,0.9999599456787109,0,1,1.0,0.009317940566688776,0.05525730922818184,0.9999567270278931,0
hadamard,stress,test/geometry/702.json,60,0.25,0.008240262046456337,0.9999666810035706,0,1,0.95,0.009534120094031096,0.05510623753070831,0.9999549686908722,0
hadamard,stress,test/geometry/702.json,61,0.15234375,0.008696814067661762,0.9999622702598572,0,1,1.0,0.009204036090523005,0.05512218177318573,0.9999578595161438,0
hadamard,stress,test/geometry/702.json,62,0.25,0.00886050146073103,0.9999608993530273,0,1,0.95,0.009156901855021715,0.055083923041820526,0.999958336353302,0
hadamard,stress,test/geometry/702.json,63,0.1875,0.008455878123641014,0.9999674558639526,0,1,0.95,0.009570468217134476,0.05512950196862221,0.9999546408653259,0
hadamard,stress,test/geometry/702.json,64,0.1875,0.011601904407143593,0.9999436140060425,0,1,0.95,0.00959699135273695,0.05502467229962349,0.9999541640281677,0
hadamard,stress,test/geometry/702.json,65,0.2373046875,0.008433221839368343,0.999964714050293,0,1,0.95,0.009410724509507418,0.05500905588269234,0.9999560117721558,0
hadamard,stress,test/geometry/702.json,66,0.1875,0.007127393968403339,0.999978244304657,0,1,1.0,0.009296665899455547,0.05488785356283188,0.9999567568302155,0
hadamard,stress,test/geometry/702.json,67,0.1875,0.011106480844318867,0.9999383687973022,0,1,1.0,0.009074179455637932,0.054865993559360504,0.999958872795105,0
hadamard,stress,test/geometry/702.json,68,0.14306640625,0.012337553314864635,0.999924898147583,0,1,1.0,0.009056041948497295,0.05482172220945358,0.9999594688415527,0
hadamard,stress,test/geometry/702.json,69,0.1875,0.012396227568387985,0.9999236464500427,0,1,0.95,0.009126059245318174,0.0546748973429203,0.9999590218067169,0
hadamard,stress,test/geometry/702.json,70,0.125,0.005788772366940975,0.9999840259552002,0,1,1.0,0.009080281481146812,0.054550476372241974,0.9999590516090393,0
hadamard,stress,test/geometry/702.json,71,0.139892578125,0.005729916971176863,0.9999843239784241,0,1,1.0,0.00902740191668272,0.054638467729091644,0.9999596178531647,0
hadamard,stress,test/geometry/702.json,72,0.125,0.006140359211713076,0.9999815821647644,0,1,1.0,0.009010545443743467,0.05467603728175163,0.999959796667099,0
hadamard,stress,test/geometry/702.json,73,0.15625,0.006440799683332443,0.9999815821647644,0,1,0.95,0.009000637102872133,0.054675206542015076,0.9999599754810333,0
hadamard,stress,test/geometry/702.json,74,0.125,0.006568176671862602,0.9999804496765137,0,1,1.0,0.00897931307554245,0.05460914224386215,0.9999601244926453,0
hadamard,stress,test/geometry/702.json,75,0.125,0.005707188509404659,0.9999839663505554,0,1,1.0,0.00902537303045392,0.054610539227724075,0.9999596476554871,0
hadamard,stress,test/geometry/702.json,76,0.6015625,0.02020786516368389,0.9997989535331726,0,1,1.0,0.00908050499856472,0.05448206886649132,0.9999590516090393,0
hadamard,stress,test/geometry/702.json,77,0.109375,0.005840599071234465,0.9999829530715942,0,1,1.0,0.009124786127358675,0.05510865896940231,0.9999583959579468,0
hadamard,stress,test/geometry/702.json,78,0.166015625,0.011959797702729702,0.9999285340309143,0,1,1.0,0.009178138803690672,0.055030133575201035,0.9999578893184662,0
hadamard,stress,test/geometry/702.json,79,0.19189453125,0.018849391490221024,0.9998336434364319,0,1,0.95,0.0092530925758183,0.054947081953287125,0.9999576508998871,0
hadamard,stress,test/geometry/702.json,80,0.25,0.006560110487043858,0.9999797940254211,0,1,1.0,0.009166546165943146,0.05487900972366333,0.9999581873416901,0
hadamard,stress,test/geometry/702.json,81,0.109375,0.006376874633133411,0.9999798536300659,0,1,1.0,0.009153611492365599,0.05491931736469269,0.9999581277370453,0
hadamard,stress,test/geometry/702.json,82,0.125,0.008356962352991104,0.9999715685844421,0,1,1.0,0.00916972802951932,0.05489787086844444,0.9999580383300781,0
hadamard,stress,test/geometry/702.json,83,0.125,0.006564358249306679,0.9999796748161316,0,1,1.0,0.0091348378919065,0.054908912628889084,0.9999583065509796,0
hadamard,stress,test/geometry/702.json,84,0.125,0.006631636060774326,0.9999784231185913,0,1,0.9,0.009119050577282906,0.05488769710063934,0.9999584853649139,0
hadamard,stress,test/geometry/702.json,85,0.1875,0.011065944097936153,0.9999509453773499,0,1,1.0,0.009525496046990156,0.05488875135779381,0.9999546110630035,0
hadamard,stress,test/geometry/702.json,86,0.859375,0.022615473717451096,0.9997487664222717,0,1,0.95,0.009376680944114923,0.05480781942605972,0.9999560713768005,0
hadamard,stress,test/geometry/702.json,87,0.140625,0.007625792175531387,0.9999718070030212,0,1,1.0,0.009353613946586847,0.054587166756391525,0.9999562203884125,0
hadamard,stress,test/geometry/702.json,88,0.125,0.008620846085250378,0.9999660849571228,0,1,1.0,0.009327734354883432,0.054617512971162796,0.999956488609314,0
hadamard,stress,test/geometry/702.json,89,0.25,0.013922782614827156,0.9999303221702576,0,1,0.95,0.00925181619822979,0.05462885648012161,0.9999572038650513,0
hadamard,stress,test/geometry/702.json,90,0.125,0.0053752451203763485,0.999985933303833,0,1,1.0,0.009157148189842701,0.05458802729845047,0.9999581277370453,0
hadamard,stress,test/geometry/702.json,91,0.1875,0.008972694166004658,0.9999613761901855,0,1,1.0,0.009248446207493544,0.05463893711566925,0.9999574422836304,0
hadamard,stress,test/geometry/702.json,92,0.15625,0.006830606143921614,0.999979555606842,0,1,1.0,0.009578387252986431,0.0546109639108181,0.9999543130397797,0
hadamard,stress,test/geometry/702.json,93,0.25,0.006961711682379246,0.9999769330024719,0,1,1.0,0.009575117845088243,0.054583076387643814,0.9999541342258453,0
hadamard,stress,test/geometry/702.json,94,0.1875,0.01040409691631794,0.9999729990959167,0,1,1.0,0.009753298480063677,0.05455976352095604,0.9999524354934692,0
hadamard,stress,test/geometry/702.json,95,0.3125,0.016185985878109932,0.9998696446418762,0,1,1.0,0.009822544641792774,0.05449184030294418,0.9999518394470215,0
hadamard,stress,test/geometry/702.json,96,0.375,0.016473965719342232,0.9998714327812195,0,1,0.95,0.009809373412281275,0.054640255868434906,0.999951958656311,0
hadamard,stress,test/geometry/702.json,97,0.171875,0.007214406970888376,0.9999765753746033,0,1,1.0,0.009739340748637915,0.05450884997844696,0.999952644109726,0
hadamard,stress,test/geometry/702.json,98,0.125,0.005555347539484501,0.9999849796295166,0,1,1.0,0.009759978391230106,0.0545257106423378,0.9999524056911469,0
hadamard,stress,test/geometry/702.json,99,0.1611328125,0.007515144534409046,0.9999723434448242,0,1,1.0,0.009798530954867601,0.05452542379498482,0.9999520480632782,0
hadamard,stress,test/geometry/702.json,100,1.53857421875,0.04331771284341812,0.9990774393081665,0,1,1.0,0.010250793769955635,0.055710673332214355,0.9999475479125977,0
hadamard,stress,test/geometry/702.json,101,0.25,0.007498429622501135,0.9999725222587585,0,1,1.0,0.010533724911510944,0.054285839200019836,0.9999445080757141,0
hadamard,stress,test/geometry/702.json,102,2.51171875,0.077445849776268,0.9970344305038452,0,1,0.9,0.010539394803345203,0.07479675114154816,0.9999445676803589,0
hadamard,stress,test/geometry/702.json,103,0.375,0.012815793044865131,0.9999204874038696,0,1,1.0,0.011553577147424221,0.06621688604354858,0.9999332427978516,0
hadamard,stress,test/geometry/702.json,104,0.25,0.009485775604844093,0.9999580979347229,0,1,1.0,0.01233584014698863,0.06122994422912598,0.9999237358570099,0
hadamard,stress,test/geometry/702.json,105,0.25,0.008204124867916107,0.9999721646308899,0,1,1.0,0.011888457927852869,0.06024062633514404,0.999929279088974,0
hadamard,stress,test/geometry/702.json,106,0.890625,0.02888789214193821,0.9995840191841125,0,1,1.0,0.011917635798454285,0.0594441294670105,0.9999290406703949,0
hadamard,stress,test/geometry/702.json,107,0.453125,0.022670362144708633,0.9997814893722534,0,1,1.0,0.011538904625922441,0.05870199203491211,0.9999334216117859,0
hadamard,stress,test/geometry/702.json,108,0.125,0.007049328647553921,0.999975323677063,0,1,0.9,0.01137841260060668,0.055931080132722855,0.9999351799488068,0
hadamard,stress,test/geometry/702.json,109,0.2265625,0.008813985623419285,0.9999613165855408,0,1,1.0,0.011071993038058281,0.05559852719306946,0.9999387860298157,0
hadamard,stress,test/geometry/702.json,110,0.1953125,0.011477901600301266,0.9999351501464844,0,1,0.95,0.010655771475285292,0.05532417073845863,0.9999434947967529,0
hadamard,stress,test/geometry/702.json,111,0.125,0.008095123805105686,0.9999673962593079,0,1,1.0,0.010391380172222853,0.054678112268447876,0.999946117401123,0
hadamard,stress,test/geometry/702.json,112,0.140625,0.012244478799402714,0.9999262094497681,0,1,1.0,0.010323140304535627,0.054612211883068085,0.9999467730522156,0
hadamard,stress,test/geometry/702.json,113,0.125,0.008955534547567368,0.9999649524688721,0,1,0.95,0.010264191310852766,0.054810263216495514,0.9999473392963409,0
hadamard,stress,test/geometry/702.json,114,0.25,0.006858889479190111,0.9999769330024719,0,1,1.0,0.010262507013976574,0.05488554760813713,0.9999474883079529,0
hadamard,stress,test/geometry/702.json,115,0.25,0.007875530049204826,0.9999691843986511,0,1,1.0,0.010271893348544836,0.05477651208639145,0.9999473690986633,0
hadamard,stress,test/geometry/702.json,116,0.15625,0.00695414375513792,0.9999762177467346,0,1,1.0,0.010283964220434427,0.05488620698451996,0.9999471008777618,0
hadamard,stress,test/geometry/702.json,117,0.125,0.007225777953863144,0.9999773502349854,0,1,1.0,0.010397655889391899,0.054721057415008545,0.9999460875988007,0
hadamard,stress,test/geometry/702.json,118,0.25,0.007041532546281815,0.9999766945838928,0,1,1.0,0.010197384748607874,0.05473724380135536,0.9999480843544006,0
hadamard,stress,test/geometry/702.json,119,0.125,0.006575924344360828,0.9999797344207764,0,1,1.0,0.01015034457668662,0.05444036424160004,0.9999485313892365,0
hadamard,stress,test/geometry/702.json,120,0.125,0.006750322412699461,0.999977707862854,0,1,1.0,0.010129003319889307,0.054466575384140015,0.9999487400054932,0
hadamard,stress,test/geometry/702.json,121,0.1875,0.008451978676021099,0.9999650120735168,0,1,1.0,0.010081113781780005,0.05416109412908554,0.9999491274356842,0
hadamard,stress,test/geometry/702.json,122,0.25,0.01146521046757698,0.9999386072158813,0,1,0.95,0.010107714217156172,0.054533880203962326,0.9999490082263947,0
hadamard,stress,test/geometry/702.json,123,0.1875,0.009891202673316002,0.999952495098114,0,1,0.95,0.009958752430975437,0.054603211581707,0.9999505877494812,0
hadamard,stress,test/geometry/702.json,124,0.1875,0.00964586716145277,0.9999542832374573,0,1,1.0,0.009920656681060791,0.05455640330910683,0.9999508261680603,0
hadamard,stress,test/geometry/702.json,125,0.25,0.008989044465124607,0.9999596476554871,0,1,1.0,0.009888307191431522,0.05433918535709381,0.9999511539936066,0
hadamard,stress,test/geometry/702.json,126,0.1875,0.010569843463599682,0.9999446272850037,0,1,1.0,0.009948172606527805,0.053962260484695435,0.9999506175518036,0
hadamard,stress,test/geometry/702.json,127,0.1875,0.009992697276175022,0.999950110912323,0,1,1.0,0.009985009673982859,0.05367696285247803,0.999950110912323,0
hadamard,stress,test/geometry/702.json,128,0.1875,0.012725488282740116,0.9999204874038696,0,1,1.0,0.010129970032721758,0.05378121882677078,0.9999490976333618,0
hadamard,stress,test/geometry/702.json,129,0.140625,0.009167050011456013,0.9999634027481079,0,1,0.95,0.009857218712568283,0.05378156155347824,0.9999516010284424,0
hadamard,stress,test/geometry/702.json,130,0.25,0.00904387142509222,0.9999591708183289,0,1,1.0,0.009702321607619524,0.053907230496406555,0.9999532103538513,0
hadamard,stress,test/geometry/702.json,131,0.2265625,0.013388977386057377,0.9999524354934692,0,1,1.0,0.009716464672237635,0.05389367789030075,0.9999530911445618,0
hadamard,stress,test/geometry/702.json,132,0.21875,0.013299372047185898,0.9999157190322876,0,1,1.0,0.009693451225757599,0.05401565879583359,0.9999531805515289,0
hadamard,stress,test/geometry/702.json,133,0.125,0.009751281701028347,0.9999526143074036,0,1,1.0,0.009510163683444262,0.05382750928401947,0.9999548196792603,0
hadamard,stress,test/geometry/702.json,134,0.25,0.008297222666442394,0.9999662041664124,0,1,1.0,0.009554861579090357,0.05374157428741455,0.9999545514583588,0
hadamard,stress,test/geometry/702.json,135,0.1435546875,0.006476385518908501,0.9999794960021973,0,1,1.0,0.009630319196730852,0.05380358546972275,0.999953955411911,0
hadamard,stress,test/geometry/702.json,136,0.125,0.008482171222567558,0.9999641180038452,0,1,1.0,0.00959611963480711,0.05374698340892792,0.9999541640281677,0
hadamard,stress,test/geometry/702.json,137,0.225830078125,0.009522179141640663,0.9999591708183289,0,1,1.0,0.009598627220839262,0.053628139197826385,0.9999541342258453,0
hadamard,stress,test/geometry/702.json,138,0.1875,0.00798719096928835,0.9999774098396301,0,1,1.0,0.009762832894921303,0.053662002086639404,0.999952644109726,0
hadamard,stress,test/geometry/702.json,139,0.25,0.01112802978605032,0.9999534487724304,0,1,1.0,0.009820693172514439,0.053653277456760406,0.9999518990516663,0
hadamard,stress,test/geometry/702.json,140,0.26953125,0.009811827912926674,0.9999520182609558,0,1,1.0,0.009836059529334307,0.05361582338809967,0.9999517798423767,0
hadamard,stress,test/geometry/702.json,141,0.25,0.014720491133630276,0.99989914894104,0,1,1.0,0.009821358602494001,0.05339478701353073,0.999951958656311,0
hadamard,stress,test/geometry/702.json,142,0.125,0.009115058928728104,0.999959409236908,0,1,1.0,0.009553528390824795,0.05346188694238663,0.9999547302722931,0
hadamard,stress,test/geometry/702.json,143,0.15625,0.007073607295751572,0.9999755620956421,0,1,1.0,0.009554778225719929,0.053388811647892,0.9999546110630035,0
hadamard,stress,test/geometry/702.json,144,0.1875,0.008675585500895977,0.9999710321426392,0,1,1.0,0.009481392800807953,0.05348557233810425,0.9999552369117737,0
hadamard,stress,test/geometry/702.json,145,0.19140625,0.00984939094632864,0.9999525547027588,0,1,1.0,0.009585244115442038,0.0534965842962265,0.9999544024467468,0
hadamard,stress,test/geometry/702.json,146,0.1689453125,0.009610485285520554,0.9999591708183289,0,1,0.95,0.00953202461823821,0.053443387150764465,0.9999545812606812,0
hadamard,stress,test/geometry/702.json,147,0.12890625,0.006316893734037876,0.9999803900718689,0,1,0.95,0.009577930439263582,0.053483814001083374,0.9999541640281677,0
hadamard,stress,test/geometry/702.json,148,0.1875,0.011077352799475193,0.999940037727356,0,1,0.95,0.009562972001731396,0.05386342853307724,0.9999542832374573,0
hadamard,stress,test/geometry/702.json,149,0.15625,0.00855652242898941,0.9999655485153198,0,1,1.0,0.009592873509973288,0.05380156636238098,0.9999540746212006,0
hadamard,stress,test/geometry/702.json,150,0.125,0.006907806731760502,0.9999762773513794,0,1,1.0,0.009615065064281225,0.05379407852888107,0.999953955411911,0
hadamard,stress,test/geometry/702.json,151,0.125,0.007831348106265068,0.9999692440032959,0,1,0.95,0.00947049306705594,0.05353904515504837,0.9999553263187408,0
hadamard,stress,test/geometry/702.json,152,0.1875,0.00931890681385994,0.9999567270278931,0,1,1.0,0.00940654892474413,0.053516171872615814,0.9999558329582214,0
hadamard,stress,test/geometry/702.json,153,0.125,0.010994437150657177,0.9999407529830933,0,1,0.95,0.009334436617791653,0.053541846573352814,0.9999564290046692,0
hadamard,stress,test/geometry/702.json,154,0.140625,0.006576429586857557,0.9999784231185913,0,1,1.0,0.009361174888908863,0.0534752756357193,0.9999561011791229,0
hadamard,stress,test/geometry/702.json,155,0.1875,0.005983193404972553,0.9999825358390808,0,1,1.0,0.009376803413033485,0.05349287390708923,0.9999560117721558,0
hadamard,stress,test/geometry/702.json,156,0.5,0.013678754679858685,0.9999194145202637,0,1,1.0,0.009396037552505732,0.05347616970539093,0.999955803155899,0
hadamard,stress,test/geometry/702.json,157,0.125,0.006390880327671766,0.9999797344207764,0,1,1.0,0.009482881054282188,0.05318101495504379,0.9999550580978394,0
hadamard,stress,test/geometry/702.json,158,0.15625,0.009175089187920094,0.9999587535858154,0,1,0.95,0.009497046004980803,0.05320674180984497,0.9999550580978394,0
hadamard,stress,test/geometry/702.json,159,0.25,0.014554398134350777,0.9998955726623535,0,1,1.0,0.009413876570761204,0.052985720336437225,0.9999557435512543,0
hadamard,stress,test/geometry/702.json,160,0.125,0.009585801512002945,0.9999548196792603,0,1,1.0,0.009675958659499884,0.0530252531170845,0.9999532103538513,0
hadamard,stress,test/geometry/702.json,161,0.15625,0.008787035942077637,0.9999695420265198,0,1,1.0,0.009809024631977081,0.053050696849823,0.9999518096446991,0
hadamard,stress,test/geometry/702.json,162,0.125,0.00675599928945303,0.9999777674674988,0,1,1.0,0.009545296430587769,0.053103767335414886,0.9999543726444244,0
hadamard,stress,test/geometry/702.json,163,0.16015625,0.01108945719897747,0.9999396204948425,0,1,1.0,0.009479360654950142,0.05316223204135895,0.9999551475048065,0
hadamard,stress,test/geometry/702.json,164,0.14453125,0.009900297038257122,0.9999510049819946,0,1,1.0,0.009447930846363306,0.05315542221069336,0.9999553263187408,0
hadamard,stress,test/geometry/702.json,165,0.1875,0.008650829084217548,0.9999628663063049,0,1,1.0,0.009494785219430923,0.053138792514801025,0.9999550879001617,0
hadamard,stress,test/geometry/702.json,166,0.125,0.005117360502481461,0.9999871850013733,0,1,1.0,0.009512979537248611,0.053128309547901154,0.9999547600746155,0
hadamard,stress,test/geometry/702.json,167,0.46875,0.015553473494946957,0.9998966455459595,0,1,1.0,0.009708951227366924,0.053068071603775024,0.9999529421329498,0
hadamard,stress,test/geometry/702.json,168,0.1875,0.007558654993772507,0.99997478723526,0,1,1.0,0.009708637837320566,0.052696309983730316,0.9999530017375946,0
hadamard,stress,test/geometry/702.json,169,0.140625,0.007564377039670944,0.9999735355377197,0,1,1.0,0.009618041105568409,0.052721329033374786,0.9999538362026215,0
hadamard,stress,test/geometry/702.json,170,0.1875,0.009594659321010113,0.9999613165855408,0,1,0.95,0.009616360533982515,0.05261523276567459,0.9999538064002991,0
hadamard,stress,test/geometry/702.json,171,0.1796875,0.013648416846990585,0.9999149441719055,0,1,1.0,0.009832721203565598,0.05263441056013107,0.9999517798423767,0
hadamard,stress,test/geometry/702.json,172,0.25,0.012705769389867783,0.9999240636825562,0,1,1.0,0.009967011399567127,0.05261915177106857,0.9999503791332245,0
hadamard,stress,test/geometry/702.json,173,0.125,0.006586400326341391,0.999978244304657,0,1,1.0,0.009756243787705898,0.052620045840740204,0.9999525547027588,0
hadamard,stress,test/geometry/702.json,174,0.1875,0.005831110291182995,0.9999831318855286,0,1,0.95,0.009674903471022844,0.0526018887758255,0.9999532401561737,0
hadamard,stress,test/geometry/702.json,175,0.3125,0.010325735434889793,0.9999471306800842,0,1,1.0,0.00975800072774291,0.052616775035858154,0.9999524652957916,0
hadamard,stress,test/geometry/702.json,176,0.125,0.006241542752832174,0.9999813437461853,0,1,1.0,0.009658648632466793,0.051796384155750275,0.999953418970108,0
hadamard,stress,test/geometry/702.json,177,0.1875,0.009514841251075268,0.9999589920043945,0,1,1.0,0.009910204913467169,0.05185311287641525,0.9999509751796722,0
hadamard,stress,test/geometry/702.json,178,0.1875,0.018157294020056725,0.9998353719711304,0,1,1.0,0.00982191413640976,0.05179861932992935,0.9999518990516663,0
hadamard,stress,test/geometry/702.json,179,0.296875,0.017870929092168808,0.9998405575752258,0,1,1.0,0.009952586144208908,0.05184336006641388,0.9999506175518036,0
hadamard,stress,test/geometry/702.json,180,0.1875,0.007863245904445648,0.9999719262123108,0,1,1.0,0.009779966436326504,0.051719993352890015,0.9999523162841797,0
hadamard,stress,test/geometry/702.json,181,0.21875,0.008859643712639809,0.9999702572822571,0,1,1.0,0.00978699279949069,0.051728591322898865,0.9999521672725677,0
hadamard,stress,test/geometry/702.json,182,0.15625,0.012003124691545963,0.9999279975891113,0,1,1.0,0.009929323568940163,0.05171982944011688,0.9999509155750275,0
hadamard,stress,test/geometry/702.json,183,0.15625,0.009573349729180336,0.9999675154685974,0,1,1.0,0.009723023977130651,0.05168851464986801,0.9999527335166931,0
hadamard,stress,test/geometry/702.json,184,0.125,0.005962017923593521,0.999984085559845,0,1,1.0,0.009724183473736048,0.05169951170682907,0.9999527633190155,0
hadamard,stress,test/geometry/702.json,185,0.25,0.011208011768758297,0.9999380111694336,0,1,1.0,0.009720370639115572,0.05169455707073212,0.9999528229236603,0
hadamard,stress,test/geometry/702.json,186,0.15625,0.007570546120405197,0.999971330165863,0,1,1.0,0.00966867571696639,0.05168044567108154,0.9999533891677856,0
hadamard,stress,test/geometry/702.json,187,0.140625,0.007937923073768616,0.9999743103981018,0,1,1.0,0.009645943529903889,0.051674723625183105,0.9999536871910095,0
hadamard,stress,test/geometry/702.json,188,0.1328125,0.008156532421708107,0.9999679327011108,0,1,1.0,0.009591441601514816,0.05158071964979172,0.9999542236328125,0
hadamard,stress,test/geometry/702.json,189,0.46875,0.029208606109023094,0.999597430229187,0,1,1.0,0.010016193613409996,0.05159791558980942,0.9999502003192902,0
hadamard,stress,test/geometry/702.json,190,0.25,0.012324387207627296,0.9999246001243591,0,1,1.0,0.010056981351226568,0.051690198481082916,0.9999498426914215,0
hadamard,stress,test/geometry/702.json,191,0.15625,0.008455421775579453,0.9999756217002869,0,1,1.0,0.010081838350743055,0.05166468024253845,0.9999495148658752,0
hadamard,stress,test/geometry/702.json,192,0.1875,0.00710316700860858,0.9999748468399048,0,1,1.0,0.009922409430146217,0.05166220664978027,0.9999508559703827,0
hadamard,stress,test/geometry/702.json,193,0.265625,0.01573677733540535,0.9998847246170044,0,1,1.0,0.009930680971592665,0.051610834896564484,0.9999507665634155,0
hadamard,stress,test/geometry/702.json,194,0.208984375,0.007445389870554209,0.9999725222587585,0,1,1.0,0.009921154007315636,0.05130169540643692,0.9999508261680603,0
hadamard,stress,test/geometry/702.json,195,0.1875,0.00928840134292841,0.9999599456787109,0,1,1.0,0.009984965436160564,0.05135989189147949,0.999950498342514,0
hadamard,stress,test/geometry/702.json,196,0.140625,0.012331602163612843,0.9999241232872009,0,1,1.0,0.009606337174773216,0.05131310224533081,0.9999538958072662,0
hadamard,stress,test/geometry/702.json,197,0.28125,0.013455281965434551,0.9999158978462219,0,1,1.0,0.010027959011495113,0.05127492547035217,0.9999502897262573,0
hadamard,stress,test/geometry/702.json,198,0.25,0.008560172282159328,0.999965488910675,0,1,1.0,0.010043109767138958,0.05119328200817108,0.9999496042728424,0
hadamard,stress,test/geometry/702.json,199,0.25,0.007268058136105537,0.9999741315841675,0,1,1.0,0.009807720314711332,0.05117841064929962,0.9999522268772125,0
hadamard,stress,test/geometry/702.json,200,0.125,0.010510511696338654,0.9999483823776245,0,1,1.0,0.009715126361697912,0.05119100213050842,0.9999529421329498,0
hadamard,stress,test/geometry/702.json,201,0.25,0.011021294631063938,0.9999393224716187,0,1,1.0,0.009976876433938742,0.05119700729846954,0.9999502897262573,0
hadamard,stress,test/geometry/702.json,202,0.15625,0.00699796574190259,0.9999757409095764,0,1,1.0,0.009978610090911388,0.05118153244256973,0.9999503195285797,0
hadamard,stress,test/geometry/702.json,203,0.265625,0.010246535763144493,0.999950647354126,0,1,1.0,0.01018555834889412,0.05119912326335907,0.9999481439590454,0
hadamard,stress,test/geometry/702.json,204,6.921875,0.22001832723617554,0.9819591045379639,0,1,0.9,0.011496828868985176,0.07589423656463623,0.9999336898326874,0
hadamard,stress,test/geometry/702.json,205,0.30859375,0.013168476521968842,0.9999158382415771,0,1,1.0,0.012470439542084932,0.07282927632331848,0.999921590089798,0
hadamard,stress,test/geometry/702.json,206,0.1875,0.008236677385866642,0.9999690651893616,0,1,0.95,0.01168434089049697,0.07300592958927155,0.9999317824840546,0
hadamard,stress,test/geometry/702.json,207,0.1875,0.009248134680092335,0.9999640583992004,0,1,1.0,0.011393025983124971,0.07301585376262665,0.999935120344162,0
hadamard,stress,test/geometry/702.json,208,1.1875,0.025089338421821594,0.9997389316558838,0,1,0.95,0.01125432550907135,0.07287600636482239,0.9999367594718933,0
hadamard,stress,test/geometry/702.json,209,0.25,0.019400810822844505,0.9998437166213989,0,1,1.0,0.011379542294889688,0.07251681387424469,0.9999353289604187,0
hadamard,stress,test/geometry/702.json,210,0.25,0.007130046375095844,0.9999746084213257,0,1,1.0,0.01128862565383315,0.07255522906780243,0.9999362826347351,0
hadamard,stress,test/geometry/702.json,211,0.1875,0.008280555717647076,0.9999669790267944,0,1,1.0,0.011169603560119867,0.0725109875202179,0.9999375939369202,0
hadamard,stress,test/geometry/702.json,212,0.4375,0.01879419945180416,0.9998243451118469,0,1,0.95,0.012246583588421345,0.07209832966327667,0.999925047159195,0
hadamard,stress,test/geometry/702.json,213,0.46875,0.010064110159873962,0.9999495148658752,0,1,1.0,0.011826069094240665,0.07256098091602325,0.9999301433563232,0
hadamard,stress,test/geometry/702.json,214,0.25,0.008776726201176643,0.999964714050293,0,1,1.0,0.01135450229048729,0.07261723279953003,0.999935656785965,0
hadamard,stress,test/geometry/702.json,215,0.2890625,0.014649423770606518,0.9998928308486938,0,1,1.0,0.011064311489462852,0.07241499423980713,0.9999388158321381,0
hadamard,stress,test/geometry/702.json,216,0.3125,0.013807985000312328,0.9999046921730042,0,1,1.0,0.01031588390469551,0.07229244709014893,0.9999468326568604,0
hadamard,stress,test/geometry/702.json,217,0.1875,0.008404788561165333,0.9999648332595825,0,1,1.0,0.010210040491074324,0.0683988630771637,0.9999478757381439,0
hadamard,stress,test/geometry/702.json,218,0.1875,0.010878601111471653,0.999940812587738,0,1,0.95,0.009977540466934443,0.06798401474952698,0.9999502897262573,0
hadamard,stress,test/geometry/702.json,219,0.203125,0.012143546715378761,0.9999263286590576,0,1,1.0,0.009872341994196177,0.06760725378990173,0.9999513626098633,0
hadamard,stress,test/geometry/702.json,220,0.25,0.015058455057442188,0.9998906254768372,0,1,0.95,0.010036826599389315,0.06720903515815735,0.9999498426914215,0
hadamard,stress,test/geometry/702.json,221,0.25,0.008464272134006023,0.9999643564224243,0,1,1.0,0.010090011171996593,0.06704534590244293,0.9999493062496185,0
hadamard,stress,test/geometry/702.json,222,0.1875,0.008917072787880898,0.999963104724884,0,1,1.0,0.010106444358825684,0.06698238849639893,0.9999491274356842,0
hadamard,stress,test/geometry/702.json,223,0.125,0.007791393902152777,0.9999716877937317,0,1,0.95,0.009934486821293831,0.06699925661087036,0.999951034784317,0
hadamard,stress,test/geometry/702.json,224,0.1875,0.006923023145645857,0.9999769926071167,0,1,1.0,0.009851536247879267,0.06660062074661255,0.9999518394470215,0
hadamard,stress,test/geometry/702.json,225,0.125,0.006338959094136953,0.9999801516532898,0,1,1.0,0.009803059976547956,0.06656599044799805,0.9999521970748901,0
hadamard,stress,test/geometry/702.json,226,0.140625,0.008245307020843029,0.9999771118164062,0,1,1.0,0.009699903428554535,0.06657439470291138,0.9999531805515289,0
hadamard,stress,test/geometry/702.json,227,0.40625,0.017456073313951492,0.9998499751091003,0,1,1.0,0.009585733525454998,0.06636542081832886,0.9999541938304901,0
hadamard,stress,test/geometry/702.json,228,0.125,0.005365622695535421,0.9999868273735046,0,1,0.95,0.009577220771461725,0.06664997339248657,0.9999542832374573,0
hadamard,stress,test/geometry/702.json,229,0.1875,0.007054965477436781,0.9999760389328003,0,1,1.0,0.009659335017204285,0.06664074957370758,0.99995356798172,0
hadamard,stress,test/geometry/702.json,230,0.25,0.010256134904921055,0.9999586343765259,0,1,1.0,0.009603021666407585,0.06648726761341095,0.9999541342258453,0
hadamard,stress,test/geometry/702.json,231,0.25,0.014803299680352211,0.9999171495437622,0,1,1.0,0.009589776862412691,0.06644298136234283,0.9999542236328125,0
hadamard,stress,test/geometry/702.json,232,0.25,0.005295177455991507,0.999986469745636,0,1,1.0,0.0097040762193501,0.06642645597457886,0.9999531805515289,0
hadamard,stress,test/geometry/702.json,233,0.28125,0.011538163758814335,0.9999362230300903,0,1,1.0,0.009977557696402073,0.06624278426170349,0.9999507069587708,0
hadamard,stress,test/geometry/702.json,234,0.15625,0.006562953349202871,0.9999784827232361,0,1,1.0,0.009952252265065908,0.06571896374225616,0.9999507069587708,0
hadamard,stress,test/geometry/702.json,235,0.1875,0.007960965856909752,0.9999739527702332,0,1,1.0,0.009914494585245848,0.06570783257484436,0.9999513030052185,0
hadamard,stress,test/geometry/702.json,236,0.28125,0.006653314456343651,0.9999790787696838,0,1,1.0,0.009889895562082529,0.06560786068439484,0.99995157122612,0
hadamard,stress,test/geometry/702.json,237,0.375,0.015956936404109,0.9998899698257446,0,1,0.95,0.010155441239476204,0.06545558571815491,0.9999485909938812,0
hadamard,stress,test/geometry/702.json,238,0.359375,0.01416841708123684,0.9999139308929443,0,1,1.0,0.009970990009605885,0.06535005569458008,0.9999503195285797,0
hadamard,stress,test/geometry/702.json,239,0.140625,0.00840397085994482,0.9999682307243347,0,1,1.0,0.010018298402428627,0.0657377690076828,0.9999499619007111,0
hadamard,stress,test/geometry/702.json,240,0.125,0.007997412234544754,0.9999679327011108,0,1,1.0,0.00993666984140873,0.06585332751274109,0.9999508261680603,0
hadamard,stress,test/geometry/702.json,241,0.2109375,0.014469064772129059,0.9999027848243713,0,1,1.0,0.009699666406959295,0.06601569056510925,0.9999532401561737,0
hadamard,stress,test/geometry/702.json,242,0.3828125,0.014601221308112144,0.9998936653137207,0,1,1.0,0.009521190077066422,0.06578747928142548,0.9999548494815826,0
hadamard,stress,test/geometry/702.json,243,0.125,0.009078974835574627,0.9999589920043945,0,1,1.0,0.009465717244893312,0.06539270281791687,0.9999552965164185,0
hadamard,stress,test/geometry/702.json,244,0.125,0.00753155630081892,0.9999729990959167,0,1,1.0,0.009495730977505445,0.06509378552436829,0.9999549388885498,0
hadamard,stress,test/geometry/702.json,245,0.125,0.00972657185047865,0.9999532103538513,0,1,0.95,0.009373810607939959,0.06505347788333893,0.9999561905860901,0
hadamard,stress,test/geometry/702.json,246,0.126953125,0.006331112701445818,0.9999810457229614,0,1,1.0,0.009409377351403236,0.06506344676017761,0.9999558925628662,0
hadamard,stress,test/geometry/702.json,247,0.3125,0.01453437376767397,0.9999011158943176,0,1,1.0,0.009443920571357012,0.06511332094669342,0.9999556243419647,0
hadamard,stress,test/geometry/702.json,248,0.1875,0.007368468213826418,0.9999732971191406,0,1,1.0,0.009573012124747038,0.06476321816444397,0.9999543130397797,0
hadamard,stress,test/geometry/702.json,249,1.71875,0.03461265563964844,0.9994038939476013,0,1,1.0,0.00993030285462737,0.06461973488330841,0.9999509453773499,0
hadamard,stress,test/geometry/702.json,250,0.3125,0.00803709402680397,0.9999677538871765,0,1,0.95,0.009998495690524578,0.06132596731185913,0.9999502897262573,0
hadamard,stress,test/geometry/702.json,251,0.1875,0.007500769570469856,0.9999733567237854,0,1,1.0,0.009798362851142883,0.06172245740890503,0.9999521970748901,0
hadamard,stress,test/geometry/702.json,252,0.15625,0.008476516231894493,0.9999707341194153,0,1,1.0,0.009768441785126925,0.06147526204586029,0.9999524056911469,0
hadamard,stress,test/geometry/702.json,253,0.15625,0.0122114522382617,0.9999260306358337,0,1,1.0,0.009680321905761957,0.061409398913383484,0.9999532997608185,0
hadamard,stress,test/geometry/702.json,254,0.25,0.008255536668002605,0.9999747276306152,0,1,1.0,0.009712925646454096,0.06141369044780731,0.9999530017375946,0
hadamard,stress,test/geometry/702.json,255,0.125,0.0056734755635261536,0.9999877214431763,0,1,1.0,0.0097650196403265,0.061373963952064514,0.9999526143074036,0
hadamard,stress,test/geometry/702.json,256,0.25,0.005874197464436293,0.9999829530715942,0,1,1.0,0.009729925077408552,0.06133584678173065,0.9999526739120483,0
hadamard,stress,test/geometry/702.json,257,0.25,0.007757209707051516,0.9999707937240601,0,1,1.0,0.009698811452835798,0.06130094826221466,0.9999531209468842,0
hadamard,stress,test/geometry/702.json,258,0.1875,0.008749059401452541,0.9999619126319885,0,1,1.0,0.009605316445231438,0.06109532713890076,0.9999540150165558,0
hadamard,stress,test/geometry/702.json,259,0.15625,0.009655123576521873,0.99995356798172,0,1,1.0,0.00944106001406908,0.060876861214637756,0.99995556473732,0
hadamard,stress,test/geometry/702.json,260,0.34375,0.013745583593845367,0.9999116659164429,0,1,1.0,0.009341850876808167,0.06033383309841156,0.9999565780162811,0
hadamard,stress,test/geometry/702.json,261,0.203125,0.01267493050545454,0.9999199509620667,0,1,1.0,0.009237476624548435,0.060009658336639404,0.9999575018882751,0
hadamard,stress,test/geometry/702.json,262,0.25,0.009974103420972824,0.9999546408653259,0,1,1.0,0.009093217551708221,0.06035938858985901,0.9999588131904602,0
hadamard,stress,test/geometry/702.json,263,0.1875,0.009387259371578693,0.9999691247940063,0,1,0.95,0.009085554629564285,0.06029042601585388,0.9999588131904602,0
hadamard,stress,test/geometry/702.json,264,0.1416015625,0.011338367126882076,0.9999359250068665,0,1,1.0,0.009286884218454361,0.0603363960981369,0.9999573230743408,0
hadamard,stress,test/geometry/702.json,265,0.15625,0.007883880287408829,0.9999693036079407,0,1,1.0,0.009290171321481466,0.06028960645198822,0.9999575614929199,0
hadamard,stress,test/geometry/702.json,266,0.15625,0.008551133796572685,0.9999781250953674,0,1,1.0,0.009308654349297285,0.0601377934217453,0.9999569952487946,0
hadamard,stress,test/geometry/702.json,267,0.15625,0.010170317254960537,0.999950110912323,0,1,1.0,0.00927527854219079,0.05981689691543579,0.9999574720859528,0
hadamard,stress,test/geometry/702.json,268,0.1875,0.011200008913874626,0.9999455809593201,0,1,1.0,0.009213146287947893,0.05739344656467438,0.9999578893184662,0
hadamard,stress,test/geometry/702.json,269,0.1875,0.007582398597151041,0.9999719858169556,0,1,1.0,0.009179080370813608,0.05705821514129639,0.9999581873416901,0
hadamard,stress,test/geometry/702.json,270,0.1875,0.010952291078865528,0.9999520182609558,0,1,1.0,0.009200319182127714,0.05707588791847229,0.9999578893184662,0
hadamard,stress,test/geometry/702.json,271,0.4140625,0.016208671033382416,0.9998818635940552,0,1,1.0,0.009239887818694115,0.05695807933807373,0.9999574720859528,0
hadamard,stress,test/geometry/702.json,272,0.1875,0.008131945505738258,0.9999680519104004,0,1,1.0,0.00930781988427043,0.05667538940906525,0.9999567568302155,0
hadamard,stress,test/geometry/702.json,273,0.25,0.007396513130515814,0.999973475933075,0,1,1.0,0.00913930544629693,0.056635886430740356,0.9999582767486572,0
hadamard,stress,test/geometry/702.json,274,0.1875,0.012746189720928669,0.9999212026596069,0,1,0.95,0.009323614183813334,0.056506529450416565,0.9999566078186035,0
hadamard,stress,test/geometry/702.json,275,0.21875,0.009320446290075779,0.9999573230743408,0,1,0.9,0.009533656761050224,0.056139230728149414,0.9999546706676483,0
hadamard,stress,test/geometry/702.json,276,0.12890625,0.005846765358000994,0.9999840259552002,0,1,1.0,0.00928628584370017,0.05606244504451752,0.9999569952487946,0
hadamard,stress,test/geometry/702.json,277,0.220703125,0.011211283504962921,0.9999421834945679,0,1,1.0,0.009249915368855,0.05592240393161774,0.999957412481308,0
hadamard,stress,test/geometry/702.json,278,0.1875,0.007998126558959484,0.9999781250953674,0,1,1.0,0.009286511689424515,0.055629998445510864,0.9999569654464722,0
hadamard,stress,test/geometry/702.json,279,0.15625,0.008702282793819904,0.9999703168869019,0,1,1.0,0.009423512499779463,0.0555749386548996,0.9999557137489319,0
hadamard,stress,test/geometry/702.json,280,0.15625,0.010332917794585228,0.9999510049819946,0,1,1.0,0.009418896865099669,0.055402323603630066,0.9999557137489319,0
hadamard,stress,test/geometry/702.json,281,0.129150390625,0.010579696856439114,0.9999445676803589,0,1,1.0,0.009408081416040659,0.05531772971153259,0.9999560117721558,0
hadamard,stress,test/geometry/702.json,282,0.15625,0.007511540781706572,0.9999730587005615,0,1,1.0,0.009315520524978638,0.055192649364471436,0.9999566972255707,0
hadamard,stress,test/geometry/702.json,283,0.171875,0.006241505965590477,0.9999804496765137,0,1,1.0,0.009194256737828255,0.05513729155063629,0.9999580085277557,0
hadamard,stress,test/geometry/702.json,284,0.125,0.007452965714037418,0.9999775290489197,0,1,1.0,0.009304397739470005,0.05505606532096863,0.9999569654464722,0
hadamard,stress,test/geometry/702.json,285,0.125,0.006145439576357603,0.9999827742576599,0,1,0.95,0.009101548232138157,0.05504320561885834,0.9999586939811707,0
hadamard,stress,test/geometry/702.json,286,0.1875,0.008005347102880478,0.9999681115150452,0,1,1.0,0.009262009989470243,0.05501618981361389,0.9999573230743408,0
hadamard,stress,test/geometry/702.json,287,0.15625,0.008504407480359077,0.9999666213989258,0,1,1.0,0.009253366384655237,0.05491296947002411,0.9999573230743408,0
hadamard,stress,test/geometry/702.json,288,0.125,0.0063839927315711975,0.9999796748161316,0,1,1.0,0.009217772632837296,0.05493558943271637,0.9999576508998871,0
hadamard,stress,test/geometry/702.json,289,0.140625,0.010878941975533962,0.9999410510063171,0,1,1.0,0.009188200812786818,0.054827600717544556,0.9999578893184662,0
hadamard,stress,test/geometry/702.json,290,0.1875,0.011175672523677349,0.9999374747276306,0,1,1.0,0.009206617716699839,0.054698482155799866,0.999957799911499,0
hadamard,stress,test/geometry/702.json,291,0.1875,0.008890436962246895,0.999960720539093,0,1,1.0,0.009159826673567295,0.0547078400850296,0.9999582171440125,0
hadamard,stress,test/geometry/702.json,292,0.3125,0.02278287708759308,0.9997414350509644,0,1,0.95,0.009225219953805208,0.05433903634548187,0.9999574422836304,0
hadamard,stress,test/geometry/702.json,293,0.125,0.006630944088101387,0.9999783635139465,0,1,1.0,0.009242696221917868,0.053901538252830505,0.9999573528766632,0
hadamard,stress,test/geometry/702.json,294,0.15625,0.007112333085387945,0.99997478723526,0,1,1.0,0.009297822136431932,0.053519636392593384,0.9999568462371826,0
hadamard,stress,test/geometry/702.json,295,0.1875,0.012168760411441326,0.9999263286590576,0,1,1.0,0.009208420291543007,0.05334702134132385,0.9999577403068542,0
hadamard,stress,test/geometry/702.json,296,0.1875,0.01839214749634266,0.9998328685760498,0,1,1.0,0.009143003728240728,0.05263529717922211,0.9999583065509796,0
hadamard,stress,test/geometry/702.json,297,0.19140625,0.012151079252362251,0.9999350905418396,0,1,1.0,0.009186644107103348,0.05237722396850586,0.999957799911499,0
hadamard,stress,test/geometry/702.json,298,0.203125,0.009000377729535103,0.9999599456787109,0,1,1.0,0.008988191839307547,0.05233496427536011,0.9999597072601318,0
hadamard,stress,test/geometry/702.json,299,0.16796875,0.00980362668633461,0.9999548196792603,0,1,1.0,0.009169454220682383,0.052331000566482544,0.9999581277370453,0
hadamard,stress,test/geometry/702.json,300,0.375,0.010220548138022423,0.9999497532844543,0,1,1.0,0.00907653197646141,0.052377477288246155,0.9999590218067169,0
hadamard,stress,test/geometry/702.json,301,0.15625,0.00743273738771677,0.9999732375144958,0,1,1.0,0.00920826243236661,0.052340954542160034,0.9999579191207886,0
hadamard,stress,test/geometry/702.json,302,0.25,0.00891176238656044,0.9999614953994751,0,1,1.0,0.009225116111338139,0.05231185257434845,0.9999574720859528,0
hadamard,stress,test/geometry/702.json,303,0.1875,0.008587634190917015,0.9999632239341736,0,1,1.0,0.009228574577718973,0.052316322922706604,0.999957412481308,0
hadamard,stress,test/geometry/702.json,304,0.171875,0.010077307000756264,0.9999512434005737,0,1,1.0,0.009190049953758717,0.05230335891246796,0.999957948923111,0
hadamard,stress,test/geometry/702.json,305,0.25,0.012645876035094261,0.999925971031189,0,1,0.95,0.009247273206710815,0.0522393137216568,0.9999572336673737,0
hadamard,stress,test/geometry/702.json,306,0.25,0.00999661535024643,0.9999540448188782,0,1,1.0,0.009350333362817764,0.05220650136470795,0.9999564588069916,0
hadamard,stress,test/geometry/702.json,307,0.1484375,0.009401245042681694,0.9999580383300781,0,1,1.0,0.009211746510118246,0.05213052034378052,0.9999576508998871,0
hadamard,stress,test/geometry/702.json,308,0.25,0.011421918869018555,0.9999347925186157,0,1,1.0,0.009289381559938192,0.05207835137844086,0.9999570250511169,0
hadamard,stress,test/geometry/702.json,309,0.25,0.007558978162705898,0.9999721646308899,0,1,1.0,0.009317486081272364,0.05204099416732788,0.9999567866325378,0
hadamard,stress,test/geometry/702.json,310,0.1875,0.006852314341813326,0.9999820590019226,0,1,1.0,0.00930860498920083,0.05200095474720001,0.9999569058418274,0
hadamard,stress,test/geometry/702.json,311,0.15625,0.009124369360506535,0.9999726414680481,0,1,1.0,0.009325145278126001,0.05192582309246063,0.9999567270278931,0
hadamard,stress,test/geometry/702.json,312,0.15625,0.006561688147485256,0.9999786019325256,0,1,1.0,0.009344401303678751,0.051722973585128784,0.9999565184116364,0
hadamard,stress,test/geometry/702.json,313,0.1875,0.012531262822449207,0.9999216198921204,0,1,1.0,0.009324104059487581,0.05167593061923981,0.9999567270278931,0
hadamard,stress,test/geometry/702.json,314,0.25,0.012969892472028732,0.9999202489852905,0,1,1.0,0.009311053436249495,0.05156569182872772,0.9999567866325378,0
hadamard,stress,test/geometry/702.json,315,0.171875,0.010757002048194408,0.9999441504478455,0,1,1.0,0.009316088631749153,0.05151376128196716,0.9999567568302155,0
hadamard,stress,test/geometry/702.json,316,0.25,0.008072664961218834,0.9999697208404541,0,1,1.0,0.009303799364715815,0.05138710141181946,0.9999568164348602,0
hadamard,stress,test/geometry/702.json,317,0.71875,0.01938176527619362,0.9998311996459961,0,1,1.0,0.009329512249678373,0.051320433616638184,0.9999565780162811,0
hadamard,stress,test/geometry/702.json,318,0.125,0.006655991543084383,0.999980628490448,0,1,1.0,0.009469813201576471,0.05150923132896423,0.9999553263187408,0
hadamard,stress,test/geometry/702.json,319,0.15625,0.006059329956769943,0.9999830722808838,0,1,1.0,0.00934443948790431,0.05144037306308746,0.9999565184116364,0
hadamard,stress,test/geometry/702.json,320,0.1640625,0.009777690283954144,0.9999570846557617,0,1,1.0,0.009383982978761196,0.05134861171245575,0.9999561607837677,0
hadamard,stress,test/geometry/702.json,321,0.3828125,0.016607891768217087,0.9998739361763,0,1,0.95,0.009492212906479836,0.05092914402484894,0.9999549984931946,0
hadamard,stress,test/geometry/702.json,322,0.125,0.007067569065839052,0.9999750852584839,0,1,1.0,0.009432787075638771,0.050891242921352386,0.9999554753303528,0
hadamard,stress,test/geometry/702.json,323,0.125,0.005751853343099356,0.999983549118042,0,1,1.0,0.009397215209901333,0.05084288865327835,0.9999557733535767,0
hadamard,stress,test/geometry/702.json,324,0.21875,0.006622741464525461,0.9999814629554749,0,1,1.0,0.009326301515102386,0.05081287771463394,0.9999566078186035,0
hadamard,stress,test/geometry/702.json,325,0.783203125,0.029459528625011444,0.9995704889297485,0,1,1.0,0.009912044275552034,0.05066416412591934,0.9999507665634155,0
hadamard,stress,test/geometry/702.json,326,0.125,0.0066453865729272366,0.999978244304657,0,1,1.0,0.00982139864936471,0.0509127601981163,0.9999518096446991,0
hadamard,stress,test/geometry/702.json,327,0.25,0.005214497447013855,0.9999876618385315,0,1,1.0,0.009608030784875154,0.05082589387893677,0.9999538958072662,0
hadamard,stress,test/geometry/702.json,328,0.15625,0.006174853071570396,0.9999827146530151,0,1,1.0,0.00952467368915677,0.050753623247146606,0.9999547004699707,0
hadamard,stress,test/geometry/702.json,329,0.140625,0.008100802078843117,0.9999687075614929,0,1,1.0,0.009406358934938908,0.05067867040634155,0.9999558627605438,0
hadamard,stress,test/geometry/702.json,330,0.16796875,0.01314890943467617,0.9999187588691711,0,1,1.0,0.009327129926532507,0.05048316717147827,0.999956488609314,0
hadamard,stress,test/geometry/702.json,331,0.1640625,0.008568947203457355,0.9999672174453735,0,1,1.0,0.0092682596296072,0.05047333985567093,0.9999570250511169,0
hadamard,stress,test/geometry/702.json,332,0.1875,0.013270261697471142,0.999914824962616,0,0,0.95,0.009158330969512463,0.05036408454179764,0.9999581575393677,0
hadamard,stress,test/geometry/702.json,333,0.25,0.007756560575217009,0.9999699592590332,0,1,1.0,0.00911692250519991,0.05038391053676605,0.9999585151672363,0
hadamard,stress,test/geometry/702.json,334,0.125,0.006799811497330666,0.9999794363975525,0,1,1.0,0.009041866287589073,0.05044259876012802,0.9999592900276184,0
hadamard,stress,test/geometry/702.json,335,0.125,0.0053543820977211,0.9999857544898987,0,1,0.95,0.009029229637235403,0.05046417564153671,0.9999593794345856,0
hadamard,stress,test/geometry/702.json,336,0.25,0.006211834494024515,0.9999812245368958,0,1,1.0,0.009110068436712027,0.05049250274896622,0.9999586343765259,0
hadamard,stress,test/geometry/702.json,337,0.15625,0.007325834594666958,0.9999734163284302,0,1,1.0,0.009141855407506227,0.050477534532547,0.9999581873416901,0
hadamard,stress,test/geometry/702.json,338,1.375,0.036427974700927734,0.9993593096733093,0,1,0.95,0.010021929163485765,0.050600938498973846,0.9999502003192902,0
hadamard,stress,test/geometry/702.json,339,0.1875,0.007883768528699875,0.9999756813049316,0,1,1.0,0.01028498774394393,0.049609117209911346,0.9999471604824066,0
hadamard,stress,test/geometry/702.json,340,0.15625,0.006944775581359863,0.9999766945838928,0,1,0.95,0.010015389882028103,0.04960073530673981,0.9999499619007111,0
hadamard,stress,test/geometry/702.json,341,1.265625,0.03207467123866081,0.9995503425598145,0,1,0.9,0.0107181784696877,0.05344103276729584,0.9999426305294037,0
hadamard,stress,test/geometry/702.json,342,0.50537109375,0.03151285648345947,0.9996236562728882,0,1,0.95,0.010452188085764647,0.055762313306331635,0.9999456703662872,0
hadamard,stress,test/geometry/702.json,343,0.1875,0.010375628247857094,0.9999514222145081,0,1,1.0,0.010528826620429754,0.057403311133384705,0.9999449253082275,0
hadamard,stress,test/geometry/702.json,344,0.1640625,0.007996303029358387,0.9999680519104004,0,1,1.0,0.01051352173089981,0.05420137196779251,0.9999450147151947,0
hadamard,stress,test/geometry/702.json,345,0.1875,0.009191383607685566,0.9999589323997498,0,1,1.0,0.010309964884072542,0.05382747948169708,0.9999470114707947,0
hadamard,stress,test/geometry/702.json,346,0.1875,0.007703670300543308,0.9999727010726929,0,1,1.0,0.010189956985414028,0.05205670744180679,0.999948263168335,0
hadamard,stress,test/geometry/702.json,347,0.28125,0.011348521336913109,0.9999358654022217,0,1,1.0,0.0099473693408072,0.05209299176931381,0.999950498342514,0
hadamard,stress,test/geometry/702.json,348,0.25,0.017017271369695663,0.9998618364334106,0,1,1.0,0.009660722222179174,0.048757076263427734,0.9999534487724304,0
hadamard,stress,test/geometry/702.json,349,0.1875,0.010378358885645866,0.9999476075172424,0,1,1.0,0.00939641846343875,0.04870664328336716,0.999955952167511,0
hadamard,stress,test/geometry/702.json,350,0.125,0.007731385994702578,0.9999706745147705,0,1,1.0,0.009196437429636717,0.04849369078874588,0.9999577403068542,0
hadamard,stress,test/geometry/702.json,351,0.125,0.007084503769874573,0.999975323677063,0,1,1.0,0.009179798420518637,0.048364654183387756,0.9999578595161438,0
hadamard,stress,test/geometry/702.json,352,0.1328125,0.007413547486066818,0.9999743103981018,0,1,1.0,0.009040332399308681,0.04826679825782776,0.9999592304229736,0
hadamard,stress,test/geometry/702.json,353,0.25,0.01154570933431387,0.999934732913971,0,1,0.95,0.009385264944285154,0.04834580421447754,0.9999565482139587,0
hadamard,stress,test/geometry/702.json,354,0.125,0.005291086155921221,0.9999860525131226,0,1,1.0,0.009392508771270514,0.04829244315624237,0.9999565482139587,0
hadamard,stress,test/geometry/702.json,355,0.125,0.005924231838434935,0.999984085559845,0,1,1.0,0.009170677047222853,0.04831486940383911,0.9999585151672363,0
hadamard,stress,test/geometry/702.json,356,0.25,0.01041033212095499,0.9999648928642273,0,1,1.0,0.009082614444196224,0.04824803024530411,0.9999588429927826,0
hadamard,stress,test/geometry/702.json,357,0.25,0.007919572293758392,0.9999707341194153,0,1,1.0,0.009118327870965004,0.04833023250102997,0.9999586343765259,0
hadamard,stress,test/geometry/702.json,358,0.25,0.01164892129600048,0.9999335408210754,0,1,0.95,0.009361868724226952,0.04828089475631714,0.9999563694000244,0
hadamard,stress,test/geometry/702.json,359,0.1640625,0.007143427152186632,0.9999750256538391,0,1,1.0,0.009384053759276867,0.048543669283390045,0.9999561309814453,0
hadamard,stress,test/geometry/702.json,360,0.125,0.006625492125749588,0.9999801516532898,0,1,1.0,0.009291351307183504,0.04863712191581726,0.9999569058418274,0
hadamard,stress,test/geometry/702.json,361,0.1875,0.010854469612240791,0.9999483823776245,0,1,1.0,0.009297273121774197,0.04867151379585266,0.9999571442604065,0
hadamard,stress,test/geometry/702.json,362,0.1875,0.021521393209695816,0.9997767806053162,0,1,1.0,0.009435785003006458,0.048724159598350525,0.9999556839466095,0
hadamard,stress,test/geometry/702.json,363,0.1875,0.008303928188979626,0.9999667406082153,0,1,1.0,0.009320455603301525,0.0487142875790596,0.9999567270278931,0
hadamard,stress,test/geometry/702.json,364,0.1875,0.007884068414568901,0.9999690055847168,0,1,1.0,0.009277266915887594,0.0486154779791832,0.9999569356441498,0
hadamard,stress,test/geometry/702.json,365,0.21875,0.011583548970520496,0.9999336004257202,0,1,0.95,0.009269263595342636,0.048585690557956696,0.9999571144580841,0
hadamard,stress,test/geometry/702.json,366,0.3125,0.01591017283499241,0.9998855590820312,0,1,0.95,0.009324026759713888,0.04854864627122879,0.9999567270278931,0
hadamard,stress,test/geometry/702.json,367,0.375,0.01002952829003334,0.9999644756317139,0,0,0.95,0.009423547890037298,0.048519350588321686,0.9999556243419647,0
hadamard,stress,test/geometry/702.json,368,0.20703125,0.013098691590130329,0.9999141693115234,0,1,1.0,0.009526851121336222,0.04853442311286926,0.9999546408653259,0
hadamard,stress,test/geometry/702.json,369,0.375,0.010933922603726387,0.9999533295631409,0,1,1.0,0.009545127395540476,0.04841272532939911,0.9999545514583588,0
hadamard,stress,test/geometry/702.json,370,0.140625,0.006311336532235146,0.9999808073043823,0,1,1.0,0.009359560441225767,0.04848967492580414,0.9999563097953796,0
hadamard,stress,test/geometry/702.json,371,0.1953125,0.009810157120227814,0.9999565482139587,0,1,1.0,0.009425767231732607,0.04853547364473343,0.9999556541442871,0
hadamard,stress,test/geometry/702.json,372,0.1875,0.008087502792477608,0.9999673962593079,0,1,1.0,0.00936527131125331,0.04854383319616318,0.9999562203884125,0
hadamard,stress,test/geometry/702.json,373,0.21875,0.017592428252100945,0.9998850226402283,0,1,1.0,0.009303221479058266,0.04855872690677643,0.9999569356441498,0
hadamard,stress,test/geometry/702.json,374,0.25,0.027585942298173904,0.9996384382247925,0,1,0.95,0.009206017013639212,0.048544660210609436,0.9999577701091766,0
hadamard,stress,test/geometry/702.json,375,0.1875,0.006628777366131544,0.999978244304657,0,1,1.0,0.009211928118020296,0.04843246191740036,0.9999577105045319,0
hadamard,stress,test/geometry/702.json,376,0.12548828125,0.005529578309506178,0.9999847412109375,0,1,1.0,0.009249748662114143,0.04851367324590683,0.999957412481308,0
hadamard,stress,test/geometry/702.json,377,0.328125,0.018394628539681435,0.999880313873291,0,1,1.0,0.00954318419098854,0.04848765581846237,0.9999545514583588,0
hadamard,stress,test/geometry/702.json,378,0.1640625,0.00689237006008625,0.9999788403511047,0,1,0.95,0.009739381726831198,0.04840737581253052,0.9999525249004364,0
hadamard,stress,test/geometry/702.json,379,0.25,0.008402767591178417,0.9999656081199646,0,1,1.0,0.009604673366993666,0.04820197820663452,0.999953955411911,0
hadamard,stress,test/geometry/702.json,380,0.1875,0.01218070462346077,0.9999257922172546,0,1,1.0,0.009570191614329815,0.047976717352867126,0.999954342842102,0
hadamard,stress,test/geometry/702.json,381,0.25,0.011628564447164536,0.9999327063560486,0,1,1.0,0.009353316389024258,0.047963760793209076,0.9999564290046692,0
hadamard,stress,test/geometry/702.json,382,0.140625,0.008859148249030113,0.9999613165855408,0,1,0.95,0.00926549406722188,0.04787927865982056,0.9999572336673737,0
hadamard,stress,test/geometry/702.json,383,0.125,0.010327538475394249,0.9999485611915588,0,1,0.95,0.009099287446588278,0.04765339195728302,0.9999585747718811,0
hadamard,stress,test/geometry/702.json,384,0.25,0.008814802393317223,0.9999644160270691,0,1,1.0,0.009117829613387585,0.04744231700897217,0.9999586939811707,0
hadamard,stress,test/geometry/702.json,385,0.25,0.006283388007432222,0.9999810457229614,0,1,1.0,0.009424819611012936,0.04751576483249664,0.9999558627605438,0
hadamard,stress,test/geometry/702.json,386,0.1875,0.011757655069231987,0.999951183795929,0,1,1.0,0.00937311863526702,0.04748241603374481,0.9999563097953796,0
hadamard,stress,test/geometry/702.json,387,0.1875,0.007959947921335697,0.9999706745147705,0,1,1.0,0.009588670451194048,0.047442562878131866,0.9999542832374573,0
hadamard,stress,test/geometry/702.json,388,0.15625,0.00782886054366827,0.9999701976776123,0,1,1.0,0.00974348932504654,0.047328926622867584,0.9999527931213379,0
hadamard,stress,test/geometry/702.json,389,0.484375,0.011217275634407997,0.999937117099762,0,1,1.0,0.009620747994631529,0.047279879450798035,0.999953955411911,0
hadamard,stress,test/geometry/702.json,390,0.15625,0.008433476090431213,0.9999716877937317,0,1,1.0,0.009747795760631561,0.04719465225934982,0.9999527931213379,0
hadamard,stress,test/geometry/702.json,391,0.25,0.008069409057497978,0.9999676942825317,0,1,1.0,0.00965953292325139,0.0472220852971077,0.9999537467956543,0
hadamard,stress,test/geometry/702.json,392,0.25,0.010953097604215145,0.999941885471344,0,1,1.0,0.009696061257272959,0.04716532677412033,0.9999532997608185,0
hadamard,stress,test/geometry/702.json,393,0.125,0.00888604111969471,0.9999616146087646,0,1,1.0,0.009721669368445873,0.04730015993118286,0.9999530911445618,0
hadamard,stress,test/geometry/702.json,394,0.125,0.009317130781710148,0.9999594688415527,0,1,1.0,0.009706668090075254,0.0473494753241539,0.9999530911445618,0
hadamard,stress,test/geometry/702.json,395,0.15625,0.007865605875849724,0.9999691247940063,0,1,1.0,0.009666690602898598,0.04735793173313141,0.999953418970108,0
hadamard,stress,test/geometry/702.json,396,0.22265625,0.01099990215152502,0.9999434947967529,0,1,0.95,0.009514898527413607,0.04737146943807602,0.999954879283905,0
hadamard,stress,test/geometry/702.json,397,0.15234375,0.010884939692914486,0.9999434947967529,0,1,0.95,0.009356102906167507,0.04737008363008499,0.9999562501907349,0
hadamard,stress,test/geometry/702.json,398,0.1875,0.009871365502476692,0.9999597072601318,0,1,1.0,0.009373890236020088,0.04732675105333328,0.9999561607837677,0
hadamard,stress,test/geometry/702.json,399,0.15625,0.00852196104824543,0.9999711513519287,0,1,1.0,0.009448498487472534,0.04729121923446655,0.9999553263187408,0
hadamard,stress,test/geometry/702.json,400,0.1875,0.010033569298684597,0.9999536871910095,0,1,1.0,0.009542715270072222,0.04719358682632446,0.9999545216560364,0
hadamard,stress,test/geometry/702.json,401,0.1875,0.009898019954562187,0.9999517798423767,0,1,1.0,0.009481324814260006,0.047188661992549896,0.9999550879001617,0
hadamard,stress,test/geometry/702.json,402,0.25,0.012468486092984676,0.9999240636825562,0,1,0.95,0.009393511340022087,0.04695400595664978,0.9999559223651886,0
hadamard,stress,test/geometry/702.json,403,0.125,0.01013568788766861,0.9999492168426514,0,1,0.95,0.009524050168693066,0.047010816633701324,0.9999547600746155,0
hadamard,stress,test/geometry/702.json,404,0.25,0.009800807572901249,0.999954342842102,0,1,1.0,0.00936404149979353,0.04693392664194107,0.9999562799930573,0
hadamard,stress,test/geometry/702.json,405,0.140625,0.011243527755141258,0.9999508857727051,0,1,1.0,0.009143322240561247,0.04699140042066574,0.999958336353302,0
hadamard,stress,test/geometry/702.json,406,0.1875,0.010183371603488922,0.9999483823776245,0,1,1.0,0.00914102466776967,0.04686155170202255,0.9999584853649139,0
hadamard,stress,test/geometry/702.json,407,0.19140625,0.009852099232375622,0.9999517798423767,0,1,1.0,0.009100323542952538,0.04685197025537491,0.9999588131904602,0
hadamard,stress,test/geometry/702.json,408,0.15625,0.009919755160808563,0.9999528527259827,0,1,1.0,0.00897603901103139,0.04657481610774994,0.9999596774578094,0
hadamard,stress,test/geometry/702.json,409,0.15625,0.010843164287507534,0.9999442100524902,0,1,1.0,0.00898210285231471,0.04706374555826187,0.9999596774578094,0
hadamard,stress,test/geometry/702.json,410,0.125,0.008676781319081783,0.9999659061431885,0,1,0.95,0.00896032340824604,0.04689402133226395,0.9999600350856781,0
hadamard,stress,test/geometry/702.json,411,0.125,0.008918184787034988,0.9999613165855408,0,1,1.0,0.008998033124953508,0.04686170071363449,0.9999595880508423,0
hadamard,stress,test/geometry/702.json,412,0.15625,0.012792885303497314,0.9999191164970398,0,1,0.95,0.008796934969723225,0.046815015375614166,0.9999614655971527,0
hadamard,stress,test/geometry/702.json,413,0.2099561095237732,0.010842167772352695,0.9999441504478455,0,1,1.0,0.008769403211772442,0.04671957343816757,0.9999616146087646,0
hadamard,stress,test/geometry/702.json,414,0.3125,0.018584810197353363,0.9998348355293274,0,1,0.95,0.008788291830569506,0.04651227593421936,0.9999615550041199,0
hadamard,stress,test/geometry/702.json,415,0.125,0.007245391607284546,0.9999855160713196,0,1,1.0,0.008696482051163912,0.04639473557472229,0.9999622702598572,0
hadamard,stress,test/geometry/702.json,416,0.1328125,0.006574851460754871,0.9999788999557495,0,1,1.0,0.008821933530271053,0.04657016694545746,0.9999611973762512,0
hadamard,stress,test/geometry/702.json,417,0.25,0.008613972924649715,0.9999694228172302,0,1,0.95,0.00894921226426959,0.04640650749206543,0.9999603033065796,0
hadamard,stress,test/geometry/702.json,418,0.1875,0.00948021188378334,0.9999626874923706,0,1,1.0,0.008898042608052492,0.046395398676395416,0.9999604821205139,0
hadamard,stress,test/geometry/702.json,419,0.24365234375,0.019487375393509865,0.9998155832290649,0,1,0.95,0.009326300118118525,0.04632937163114548,0.999956488609314,0
hadamard,stress,test/geometry/702.json,420,0.25,0.010433654300868511,0.9999473690986633,0,1,0.95,0.00949670746922493,0.046328261494636536,0.9999549686908722,0
hadamard,stress,test/geometry/702.json,421,0.125,0.004861937835812569,0.9999881982803345,0,1,1.0,0.010228952392935753,0.04631537199020386,0.9999478459358215,0
hadamard,stress,test/geometry/702.json,422,0.125,0.004711601883172989,0.9999889731407166,0,1,1.0,0.010149540845304728,0.04639468342065811,0.9999485611915588,0
hadamard,stress,test/geometry/702.json,423,0.21875,0.0076084802858531475,0.9999710917472839,0,1,1.0,0.010022648610174656,0.04641202092170715,0.9999499022960663,0
hadamard,stress,test/geometry/702.json,424,0.15625,0.008274662308394909,0.9999659061431885,0,1,1.0,0.009894975926727057,0.04634933918714523,0.9999510943889618,0
hadamard,stress,test/geometry/702.json,425,0.26171875,0.010941112414002419,0.9999414086341858,0,1,1.0,0.009882361628115177,0.046306006610393524,0.9999512434005737,0
hadamard,stress,test/geometry/702.json,426,0.125,0.010445262305438519,0.9999455213546753,0,1,1.0,0.0096760387532413,0.04630201309919357,0.9999533891677856,0
hadamard,stress,test/geometry/702.json,427,0.140625,0.007948230020701885,0.9999700784683228,0,1,1.0,0.009325182531028986,0.04632467031478882,0.9999567270278931,0
hadamard,stress,test/geometry/702.json,428,0.140625,0.007253171876072884,0.9999744892120361,0,1,0.95,0.009205838665366173,0.046418167650699615,0.9999575912952423,0
hadamard,stress,test/geometry/702.json,429,0.171875,0.011417114175856113,0.9999407529830933,0,1,1.0,0.009110468439757824,0.04643974453210831,0.9999585151672363,0
hadamard,stress,test/geometry/702.json,430,0.3125,0.01319010742008686,0.9999467134475708,0,1,1.0,0.009074131492525339,0.046437449753284454,0.9999588131904602,0
hadamard,stress,test/geometry/702.json,431,0.25,0.006622903514653444,0.9999807476997375,0,1,0.95,0.009131487924605608,0.04645751416683197,0.9999583959579468,0
hadamard,stress,test/geometry/702.json,432,0.34375,0.011008845642209053,0.9999404549598694,0,1,1.0,0.009133619721978903,0.04645165801048279,0.999958336353302,0
hadamard,stress,test/geometry/702.json,433,0.1875,0.007554214913398027,0.9999746084213257,0,1,1.0,0.00922660855576396,0.04657287895679474,0.9999574422836304,0
hadamard,stress,test/geometry/702.json,434,0.25,0.0061664702370762825,0.9999819993972778,0,1,1.0,0.009184770286083221,0.046660974621772766,0.9999579787254333,0
hadamard,stress,test/geometry/702.json,435,0.125,0.0068715107627213,0.9999768137931824,0,1,1.0,0.009176586754620075,0.0466110035777092,0.9999579787254333,0
hadamard,stress,test/geometry/702.json,436,0.125,0.005627406295388937,0.9999845027923584,0,1,1.0,0.009075188543647528,0.046640507876873016,0.9999591410160065,0
hadamard,stress,test/geometry/702.json,437,0.25,0.009408866055309772,0.9999573230743408,0,1,0.95,0.009169066324830055,0.04662244766950607,0.9999582469463348,0
hadamard,stress,test/geometry/702.json,438,0.171875,0.00978668313473463,0.9999521970748901,0,1,1.0,0.009130601305514574,0.046634823083877563,0.9999585449695587,0
hadamard,stress,test/geometry/702.json,439,0.140625,0.007204040419310331,0.9999748468399048,0,1,1.0,0.009062518831342459,0.0466475635766983,0.9999592900276184,0
hadamard,stress,test/geometry/702.json,440,0.1328125,0.006421963684260845,0.9999807476997375,0,1,1.0,0.009061607532203197,0.0466761514544487,0.9999592006206512,0
hadamard,stress,test/geometry/702.json,441,0.125,0.008215335197746754,0.9999676942825317,0,1,1.0,0.009087403770536184,0.04661710560321808,0.9999588429927826,0
hadamard,stress,test/geometry/702.json,442,0.2265625,0.0068570650182664394,0.9999775886535645,0,1,1.0,0.009061452932655811,0.04658067971467972,0.9999591708183289,0
hadamard,stress,test/geometry/702.json,443,0.3203125,0.015177208930253983,0.9998847842216492,0,1,1.0,0.009233876131474972,0.0874779224395752,0.999957412481308,0
hadamard,stress,test/geometry/702.json,444,0.13671875,0.008729745633900166,0.9999675750732422,0,1,1.0,0.009178688284009695,0.07425498962402344,0.9999579787254333,0
hadamard,stress,test/geometry/702.json,445,0.15625,0.007988863624632359,0.9999687671661377,0,1,1.0,0.009086348116397858,0.07307541370391846,0.999958723783493,0
hadamard,stress,test/geometry/702.json,446,0.125,0.005784155335277319,0.9999836683273315,0,1,1.0,0.009065591730177402,0.0577237606048584,0.9999589323997498,0
hadamard,stress,test/geometry/702.json,447,0.5,0.01692608743906021,0.9998588562011719,0,1,0.95,0.009252610616385937,0.04638826102018356,0.9999573528766632,0
hadamard,stress,test/geometry/702.json,448,0.1875,0.00725595885887742,0.9999759793281555,0,1,1.0,0.009310082998126745,0.046361394226551056,0.9999567270278931,0
hadamard,stress,test/geometry/702.json,449,0.140625,0.008035476319491863,0.9999737739562988,0,1,1.0,0.009304105769842863,0.04631428420543671,0.9999566972255707,0
hadamard,stress,test/geometry/702.json,450,0.125,0.005999350920319557,0.9999827742576599,0,1,0.95,0.009187062736600637,0.046364448964595795,0.9999582469463348,0
hadamard,stress,test/geometry/702.json,451,0.140625,0.008992364630103111,0.9999596476554871,0,1,0.95,0.008840769995003939,0.046343035995960236,0.9999615252017975,0
hadamard,stress,test/geometry/702.json,452,0.25,0.008685206063091755,0.999962568283081,0,1,1.0,0.008751634508371353,0.04635247588157654,0.9999617636203766,0
hadamard,stress,test/geometry/702.json,453,0.19140625,0.010745220817625523,0.9999430179595947,0,1,1.0,0.008750531822443008,0.046333663165569305,0.9999617636203766,0
hadamard,stress,test/geometry/702.json,454,0.25,0.0071742599830031395,0.999975323677063,0,1,0.95,0.008742197416722775,0.04631587862968445,0.9999619424343109,0
hadamard,stress,test/geometry/702.json,455,0.15625,0.006652690935879946,0.9999781250953674,0,1,1.0,0.008790122345089912,0.04622910916805267,0.9999614655971527,0
hadamard,stress,test/geometry/702.json,456,0.125,0.012510648928582668,0.9999216794967651,0,1,1.0,0.008752914145588875,0.04622863233089447,0.9999617040157318,0
hadamard,stress,test/geometry/702.json,457,0.21875,0.012751554138958454,0.9999186396598816,0,1,1.0,0.008982744999229908,0.046254150569438934,0.9999609291553497,0
hadamard,stress,test/geometry/702.json,458,0.1875,0.009975306689739227,0.9999517798423767,0,1,0.95,0.008891119621694088,0.04629144072532654,0.9999605417251587,0
hadamard,stress,test/geometry/702.json,459,0.1875,0.009344661608338356,0.9999597668647766,0,1,1.0,0.008768430911004543,0.046297572553157806,0.9999617338180542,0
hadamard,stress,test/geometry/702.json,460,0.1484375,0.01128593273460865,0.9999546408653259,0,1,1.0,0.00873337546363473,0.046270258724689484,0.9999619424343109,0
hadamard,stress,test/geometry/702.json,461,0.21875,0.010862069204449654,0.9999411106109619,0,1,1.0,0.008760462049394846,0.04627402871847153,0.9999617040157318,0
hadamard,stress,test/geometry/702.json,462,1.4638671875,0.07672612369060516,0.9976159930229187,0,1,0.95,0.010877600405365229,0.08567512035369873,0.999941498041153,0
hadamard,stress,test/geometry/702.json,463,0.625,0.020797600969672203,0.9998258948326111,0,1,1.0,0.011453901883214712,0.08789145201444626,0.9999348223209381,0
hadamard,stress,test/geometry/702.json,464,0.15625,0.00960107147693634,0.9999589920043945,0,1,1.0,0.010260738898068666,0.08630520105361938,0.999947726726532,0
hadamard,stress,test/geometry/702.json,465,0.25,0.009890822693705559,0.9999515414237976,0,1,1.0,0.009771730285137892,0.08248403668403625,0.999952644109726,0
hadamard,stress,test/geometry/702.json,466,0.1875,0.011616462841629982,0.9999348521232605,0,1,1.0,0.009682407602667809,0.07438647001981735,0.9999537765979767,0
hadamard,stress,test/geometry/702.json,467,0.25,0.011843615211546421,0.9999458193778992,0,1,1.0,0.009590950328856707,0.07004779577255249,0.9999544620513916,0
hadamard,stress,test/geometry/702.json,468,0.375,0.01701933890581131,0.9998623728752136,0,1,1.0,0.009653142187744379,0.06672165542840958,0.9999538958072662,0
hadamard,stress,test/geometry/702.json,469,0.28125,0.010548155754804611,0.9999479651451111,0,1,1.0,0.009805546142160892,0.04623693972826004,0.9999522864818573,0
hadamard,stress,test/geometry/702.json,470,0.1875,0.00737634627148509,0.9999735355377197,0,1,1.0,0.009650920052081347,0.046232886612415314,0.9999536871910095,0
hadamard,stress,test/geometry/702.json,471,0.140625,0.007477954961359501,0.9999720454216003,0,1,1.0,0.009525419678539038,0.04626137763261795,0.999954879283905,0
hadamard,stress,test/geometry/702.json,472,0.130859375,0.009532549418509007,0.9999576807022095,0,1,1.0,0.009392601437866688,0.04625912755727768,0.9999559819698334,0
hadamard,stress,test/geometry/702.json,473,0.25,0.00996830128133297,0.9999545812606812,0,1,1.0,0.009342314675450325,0.04625411331653595,0.9999563694000244,0
hadamard,stress,test/geometry/702.json,474,0.3125,0.014134121127426624,0.99990314245224,0,1,1.0,0.009409934282302856,0.04627057909965515,0.9999559223651886,0
hadamard,stress,test/geometry/702.json,475,0.21875,0.007155468221753836,0.9999744892120361,0,1,1.0,0.00936281168833375,0.046212390065193176,0.9999563992023468,0
hadamard,stress,test/geometry/702.json,476,0.125,0.0069105844013392925,0.9999763369560242,0,1,1.0,0.009304816834628582,0.046223729848861694,0.9999568462371826,0
hadamard,stress,test/geometry/702.json,477,0.15625,0.00836515985429287,0.9999725222587585,0,1,1.0,0.00935753295198083,0.046206995844841,0.9999563992023468,0
hadamard,stress,test/geometry/702.json,478,0.25,0.006847403012216091,0.9999780058860779,0,1,0.95,0.00934451725333929,0.04623022675514221,0.9999564290046692,0
hadamard,stress,test/geometry/702.json,479,0.15625,0.012830330058932304,0.9999178647994995,0,1,1.0,0.009339232463389635,0.046140559017658234,0.9999563694000244,0
hadamard,stress,test/geometry/702.json,480,0.21875,0.011315757408738136,0.9999359250068665,0,1,1.0,0.009274860844016075,0.04618319123983383,0.9999571144580841,0
hadamard,stress,test/geometry/702.json,481,0.3125,0.01842767931520939,0.9998567700386047,0,1,1.0,0.00925701204687357,0.046202369034290314,0.9999571740627289,0
hadamard,stress,test/geometry/702.json,482,0.125,0.008058629930019379,0.9999695420265198,0,1,0.95,0.009173684753477573,0.046198196709156036,0.999957948923111,0
hadamard,stress,test/geometry/702.json,483,0.3125,0.018457267433404922,0.9998878836631775,0,1,1.0,0.00923418253660202,0.046174973249435425,0.9999573826789856,0
hadamard,stress,test/geometry/702.json,484,0.125,0.008622841909527779,0.9999790191650391,0,1,1.0,0.00917976163327694,0.046135373413562775,0.999957948923111,0
hadamard,stress,test/geometry/702.json,485,0.15625,0.006441995035856962,0.9999794960021973,0,1,1.0,0.009152193553745747,0.0461789146065712,0.9999581575393677,0
hadamard,stress,test/geometry/702.json,486,0.15625,0.00894808117300272,0.9999618530273438,0,1,1.0,0.009131226222962141,0.04614248871803284,0.9999584257602692,0
hadamard,stress,test/geometry/702.json,487,0.609375,0.02533997967839241,0.9997126460075378,0,1,1.0,0.00942522520199418,0.046057671308517456,0.99995556473732,0
hadamard,stress,test/geometry/702.json,488,0.14453125,0.008227195590734482,0.9999720454216003,0,1,1.0,0.009483093861490488,0.045408859848976135,0.999955028295517,0
hadamard,stress,test/geometry/702.json,489,0.125,0.0067694708704948425,0.9999808073043823,0,1,1.0,0.009336898569017649,0.04538710415363312,0.999956488609314,0
hadamard,stress,test/geometry/702.json,490,0.25,0.005983581766486168,0.999984622001648,0,1,1.0,0.009192174300551414,0.04535304754972458,0.9999578893184662,0
hadamard,stress,test/geometry/702.json,491,0.125,0.010131130926311016,0.9999489188194275,0,1,1.0,0.009067896287888288,0.04519006609916687,0.9999590516090393,0
hadamard,stress,test/geometry/702.json,492,0.1875,0.0071042622439563274,0.9999762773513794,0,1,1.0,0.009047262370586395,0.0451493039727211,0.9999591410160065,0
hadamard,stress,test/geometry/702.json,493,0.15625,0.015023711137473583,0.999910295009613,0,1,1.0,0.008927707560360432,0.04508928954601288,0.99996018409729,0
hadamard,stress,test/geometry/702.json,494,0.25,0.007703462149947882,0.9999704360961914,0,1,1.0,0.008840438909828663,0.04503895342350006,0.9999611377716064,0
hadamard,stress,test/geometry/702.json,495,0.40625,0.010012784972786903,0.9999499320983887,0,1,1.0,0.009064611978828907,0.04500734061002731,0.9999589622020721,0
hadamard,stress,test/geometry/702.json,496,0.125,0.0058175646699965,0.9999836683273315,0,1,1.0,0.009144796058535576,0.04509110003709793,0.9999582171440125,0
hadamard,stress,test/geometry/702.json,497,0.125,0.005203661508858204,0.9999867081642151,0,1,1.0,0.009193517733365297,0.0450984388589859,0.9999578297138214,0
hadamard,stress,test/geometry/702.json,498,0.25,0.008081456646323204,0.9999709725379944,0,1,1.0,0.009141415823251009,0.04508472979068756,0.9999583065509796,0
hadamard,stress,test/geometry/702.json,499,3.5625,0.08445388078689575,0.9965230226516724,0,1,1.0,0.010516050737351179,0.06178745627403259,0.9999447464942932,0
hadamard,stress,test/geometry/702.json,500,0.25,0.009138835594058037,0.9999619126319885,0,1,1.0,0.011547700501978397,0.1061776876449585,0.9999329447746277,0
hadamard,stress,test/geometry/702.json,501,0.20703125,0.006458683870732784,0.9999794363975525,0,1,1.0,0.011187067721039057,0.10561573505401611,0.9999375641345978,0
hadamard,stress,test/geometry/702.json,502,0.20587158203125,0.013215904124081135,0.9999171495437622,0,1,0.95,0.010874567553400993,0.10489034652709961,0.9999410510063171,0
hadamard,stress,test/geometry/702.json,503,0.25,0.007483923342078924,0.9999722242355347,0,1,1.0,0.010833452921360731,0.10364174842834473,0.9999415576457977,0
hadamard,stress,test/geometry/702.json,504,0.125,0.006660287734121084,0.9999778270721436,0,1,0.95,0.010770797729492188,0.10328519344329834,0.9999422132968903,0
hadamard,stress,test/geometry/702.json,505,0.15625,0.007537739351391792,0.999975323677063,0,1,0.95,0.010642740409821272,0.10312312841415405,0.9999436140060425,0
hadamard,stress,test/geometry/702.json,506,0.15625,0.008041241206228733,0.9999687671661377,0,1,1.0,0.010487166699022055,0.10309290885925293,0.9999451339244843,0
hadamard,stress,test/geometry/702.json,507,0.25,0.007236151956021786,0.9999737739562988,0,1,1.0,0.010349208489060402,0.10306340456008911,0.9999463856220245,0
hadamard,stress,test/geometry/702.json,508,0.25,0.007808394730091095,0.9999697208404541,0,1,1.0,0.010020019020885229,0.10358262062072754,0.9999500215053558,0
hadamard,stress,test/geometry/702.json,509,0.171875,0.013216427527368069,0.9999162554740906,0,1,1.0,0.009858469944447279,0.10378551483154297,0.9999516606330872,0
hadamard,stress,test/geometry/702.json,510,0.140625,0.01015493180602789,0.9999496936798096,0,1,0.95,0.009743678849190474,0.10376763343811035,0.9999529123306274,0
hadamard,stress,test/geometry/702.json,511,0.15625,0.006764160469174385,0.9999777674674988,0,1,1.0,0.009737552143633366,0.10365521907806396,0.9999534487724304,0
hadamard,stress,test/geometry/702.json,512,0.375,0.021448729559779167,0.9997754693031311,0,1,0.95,0.009847046807408333,0.10353559255599976,0.9999520778656006,0
