unit_id,prompt_id,t0,token_offset,layer,condition,future_KL,R_state,R_readout,R_tangent,R_tangent_rel,R_tangent_frac,R_J,R_postRMS,immediate_KL
test/algebra/1332.json|64,test/algebra/1332.json,64,1,0,R,0.0002503266632394594,2.0105786323547363,0.05054369196295738,0.050534673035144806,0.008994258621078742,0.9998215617327875,0.4281735420227051,0.007424701000731105,
test/algebra/1332.json|64,test/algebra/1332.json,64,1,0,C,0.00011306085905189798,2.0474693775177,0.017843959853053093,0.0007071014260873199,0.0001258512762740135,0.039626934372793285,1.3908144235610962,0.026292213378171676,
test/algebra/1332.json|64,test/algebra/1332.json,64,1,1,R,0.0002503266632394594,0.053821343928575516,0.000572005461435765,0.0005718223983421922,0.00858771140100863,0.9996799609346503,0.19250093400478363,0.0068751975102725885,
test/algebra/1332.json|64,test/algebra/1332.json,64,1,1,C,0.00011306085905189798,0.0539228692650795,0.000322234962368384,0.00017825332179199904,0.002677034142521906,0.553178090697182,0.13818404078483582,0.004934194950767754,
test/algebra/1332.json|64,test/algebra/1332.json,64,1,2,R,0.0002503266632394594,0.06044738367199898,0.00033773996983654797,0.00033764407271519303,0.0057873258888877345,0.9997160593070539,0.16887682676315308,0.005952333933756553,
test/algebra/1332.json|64,test/algebra/1332.json,64,1,2,C,0.00011306085905189798,0.060934919863939285,0.00028310102061368525,0.00014241602912079543,0.0024410556527630755,0.5030572772539615,0.1773899346590042,0.006256340101329133,
test/algebra/1332.json|64,test/algebra/1332.json,64,1,4,R,0.0002503266632394594,0.0609249547123909,0.0004036226018797606,0.0004031920398119837,0.008909671717608869,0.9989332533294594,0.2304205298423767,0.00837907553556388,
test/algebra/1332.json|64,test/algebra/1332.json,64,1,4,C,0.00011306085905189798,0.06143013387918472,0.0004073088930454105,0.0002041866391664371,0.004512082939294033,0.5013066057518314,0.21795324981212616,0.00796027722249371,
test/algebra/1332.json|64,test/algebra/1332.json,64,1,5,R,0.0002503266632394594,0.06034627556800842,0.00041722788591869175,0.00041712092934176326,0.008732906076465017,0.9997436471044197,0.2536616325378418,0.009128383508144646,
test/algebra/1332.json|64,test/algebra/1332.json,64,1,5,C,0.00011306085905189798,0.060542698949575424,0.00044473703019320965,0.00019984348909929395,0.004183953135727872,0.44935203296006804,0.20309855043888092,0.00730356886716662,
test/algebra/1332.json|64,test/algebra/1332.json,64,1,6,R,0.0002503266632394594,0.06285618990659714,0.00048743572551757097,0.00048693289863877,0.00953069527781565,0.998968422190976,0.2686249911785126,0.008528262258650802,
test/algebra/1332.json|64,test/algebra/1332.json,64,1,6,C,0.00011306085905189798,0.06301018595695496,0.0004128016880713403,0.00021187186939641833,0.004146949673771007,0.513253397468058,0.2165689617395401,0.006879306535677571,
test/algebra/1332.json|64,test/algebra/1332.json,64,1,8,R,0.0002503266632394594,0.30739298462867737,0.0004894830635748804,0.00048827886348590255,0.006856997657709014,0.9975398513735635,0.3152575194835663,0.009134252380714077,
test/algebra/1332.json|64,test/algebra/1332.json,64,1,8,C,0.00011306085905189798,0.3077363669872284,0.0020311614498496056,0.001563481753692031,0.021956286713702006,0.7697476500639814,1.3140360116958618,0.03607613958931515,
test/algebra/1332.json|64,test/algebra/1332.json,64,1,9,R,0.0002503266632394594,0.08600635081529617,0.00033865380100905895,0.0003383939038030803,0.0068079916323599285,0.9992325548851458,0.2408750057220459,0.00758022117034346,
test/algebra/1332.json|64,test/algebra/1332.json,64,1,9,C,0.00011306085905189798,0.08627144247293472,0.000586685084272176,0.0003712445904966444,0.007468899519924025,0.632783412798735,0.37223148345947266,0.011731520969928034,
test/algebra/1332.json|64,test/algebra/1332.json,64,1,10,R,0.0002503266632394594,0.08562146127223969,0.0005469467723742127,0.0005454805796034634,0.008757353336379269,0.9973193117829289,0.3608114719390869,0.009246401291368713,
test/algebra/1332.json|64,test/algebra/1332.json,64,1,10,C,0.00011306085905189798,0.08589833229780197,0.0005412772879935801,0.0003586223174352199,0.005757459505477594,0.662548244176329,0.3235330283641815,0.008308647277602896,
test/algebra/1332.json|64,test/algebra/1332.json,64,1,12,R,0.0002503266632394594,0.07157256454229355,0.00043186661787331104,0.00043147930409759283,0.006309773972799271,0.9991031611178269,0.2791617214679718,0.006818610294168182,
test/algebra/1332.json|64,test/algebra/1332.json,64,1,12,C,0.00011306085905189798,0.07176568359136581,0.0005260505713522434,0.00041928692371584475,0.006131477670592799,0.7970467969286615,0.3062381148338318,0.007486287646017529,
test/algebra/1332.json|64,test/algebra/1332.json,64,1,13,R,0.0002503266632394594,0.07687368988990784,0.0006931669195182621,0.0006924290210008621,0.0080419633669133,0.9989354663421499,0.2791459262371063,0.008745666441543369,
test/algebra/1332.json|64,test/algebra/1332.json,64,1,13,C,0.00011306085905189798,0.07707543671131134,0.0005468737217597663,0.0003453449171502143,0.004010882109847724,0.6314893233623502,0.351362019777298,0.011034591494341429,
test/algebra/1332.json|64,test/algebra/1332.json,64,1,14,R,0.0002503266632394594,0.07891296595335007,0.0004942240775562823,0.0004937442135997117,0.005803394308221639,0.9990290538697095,0.2486642450094223,0.0058806546352730615,
test/algebra/1332.json|64,test/algebra/1332.json,64,1,14,C,0.00011306085905189798,0.07911626249551773,0.0006812867941334844,0.0003846780746243894,0.0045214475173226505,0.5646345670754114,0.37217000126838684,0.008861902268100573,
test/algebra/1332.json|64,test/algebra/1332.json,64,1,16,R,0.0002503266632394594,0.06817641854286194,0.000479045178508386,0.0004739721189253032,0.007112738797340945,0.989410058173868,0.28190872073173523,0.007174394032965787,
test/algebra/1332.json|64,test/algebra/1332.json,64,1,16,C,0.00011306085905189798,0.0682816207408905,0.0005414744955487549,0.00038140322430990636,0.005723588799128363,0.7043789259529132,0.29307886958122253,0.007450845393428213,
test/algebra/1332.json|64,test/algebra/1332.json,64,1,17,R,0.0002503266632394594,0.06894834339618683,0.0002833726757671684,0.00028259120881557465,0.0069892657885469965,0.9972422607553098,0.229922354221344,0.00765055772591705,
test/algebra/1332.json|64,test/algebra/1332.json,64,1,17,C,0.00011306085905189798,0.06920220702886581,0.0005258321762084961,0.0004729247302748263,0.011696742625935102,0.8993833979226197,0.4017237424850464,0.013391640452649749,
test/algebra/1332.json|64,test/algebra/1332.json,64,1,18,R,0.0002503266632394594,0.05987720564007759,0.00045214738929644227,0.00043875459232367575,0.004519997286760504,0.9703795747577227,0.22992344200611115,0.005070206408805982,
test/algebra/1332.json|64,test/algebra/1332.json,64,1,18,C,0.00011306085905189798,0.06022565811872482,0.00047599273966625333,0.0003721375251188874,0.003833716235152837,0.7818134465622346,0.2627536654472351,0.005803017174880808,
test/algebra/1332.json|64,test/algebra/1332.json,64,1,20,R,0.0002503266632394594,0.2244654893875122,0.0009705540142022073,0.0009634679299779236,0.004565073022467504,0.9926989275060519,0.2346460372209549,0.0050829722533504975,
test/algebra/1332.json|64,test/algebra/1332.json,64,1,20,C,0.00011306085905189798,0.22919368743896484,0.001250779372639954,0.001163599081337452,0.005513328061997131,0.9302992245156757,0.3990321457386017,0.008646636046001577,
test/algebra/1332.json|64,test/algebra/1332.json,64,1,21,R,0.0002503266632394594,0.19331051409244537,0.0009601277997717261,0.0009573053102940321,0.0026848244655949976,0.9970602971027134,0.20902124047279358,0.004034484951719076,
test/algebra/1332.json|64,test/algebra/1332.json,64,1,21,C,0.00011306085905189798,0.1938987523317337,0.001125005423091352,0.0009730124729685485,0.0027288762160450914,0.864895805950833,0.3359189033508301,0.006492574607568654,
test/algebra/1332.json|64,test/algebra/1332.json,64,1,22,R,0.0002503266632394594,0.0839860662817955,0.00035763171035796404,0.0003562040801625699,0.0039745452294441454,0.9960080967373578,0.15534763038158417,0.003563192001994305,
test/algebra/1332.json|64,test/algebra/1332.json,64,1,22,C,0.00011306085905189798,0.08471684902906418,0.0006477624992839992,0.0005959647824056447,0.0066498086763801655,0.9200359424084524,0.41677039861679077,0.009566585623920312,
test/algebra/1332.json|64,test/algebra/1332.json,64,1,24,R,0.0002503266632394594,0.18871861696243286,0.0011262077605351806,0.0011186905903741717,0.0026994147288580883,0.9933252358776485,0.17395642399787903,0.003320591829532598,
test/algebra/1332.json|64,test/algebra/1332.json,64,1,24,C,0.00011306085905189798,0.1899929940700531,0.0014370554126799107,0.0013400709722191095,0.003233608426896232,0.9325116898502541,0.500861644744873,0.009550061677781106,
test/algebra/1332.json|64,test/algebra/1332.json,64,1,25,R,0.0002503266632394594,0.1936042308807373,0.0006014431128278375,0.0006009314092807472,0.0017334050381336878,0.9991492054105773,0.15567441284656525,0.0032366779989712914,
test/algebra/1332.json|64,test/algebra/1332.json,64,1,25,C,0.00011306085905189798,0.20242805778980255,0.0012310799211263657,0.0011045740684494376,0.003186177699604265,0.897239934302216,0.5495451092720032,0.011458397772122788,
test/algebra/1332.json|64,test/algebra/1332.json,64,1,26,R,0.0002503266632394594,0.3462158441543579,0.0004064369131810963,0.0004059832717757672,0.0024587486102590666,0.9988838553057044,0.19278721511363983,0.004274098212866662,
test/algebra/1332.json|64,test/algebra/1332.json,64,1,26,C,0.00011306085905189798,0.3503190875053406,0.0012003355659544468,0.0009092524414882064,0.005506687916241463,0.7574985416746489,0.5036628842353821,0.011040033453798396,
test/algebra/1332.json|64,test/algebra/1332.json,64,1,28,R,0.0002503266632394594,0.2184399664402008,0.0015737595967948437,0.0015591466799378395,0.004354843163713277,0.9907146441696179,0.174618661403656,0.0038115814872600588,
test/algebra/1332.json|64,test/algebra/1332.json,64,1,28,C,0.00011306085905189798,0.2201538383960724,0.0019474385771900415,0.0017171585932374,0.004796185283266314,0.8817523758994932,0.6846592426300049,0.014942002746728736,
test/algebra/1332.json|64,test/algebra/1332.json,64,1,29,R,0.0002503266632394594,0.12644267082214355,0.0006819180562160909,0.0006783166900277138,0.0037822629385557954,0.9947187684058704,0.1972217857837677,0.004030256109180201,
test/algebra/1332.json|64,test/algebra/1332.json,64,1,29,C,0.00011306085905189798,0.12694169580936432,0.0010652549099177122,0.000933565606828779,0.0052055192616218505,0.8763776606526192,0.35674262046813965,0.007308371974247376,
test/algebra/1332.json|64,test/algebra/1332.json,64,1,30,R,0.0002503266632394594,0.1611461490392685,0.0007615734939463437,0.0007588315638713539,0.0038068178728000264,0.9963996500755544,0.21301810443401337,0.0040807228945207745,
test/algebra/1332.json|64,test/algebra/1332.json,64,1,30,C,0.00011306085905189798,0.16203399002552032,0.0013542741071432829,0.0012899765279144049,0.006471404110951821,0.9525224769178889,0.40263307094573975,0.007728336072671891,
test/algebra/1332.json|64,test/algebra/1332.json,64,2,0,R,0.0002503266632394594,1.965822696685791,0.045571617782115936,0.04556534066796303,0.007500351858202534,0.9998622582331226,0.36014077067375183,0.006447432796415629,
test/algebra/1332.json|64,test/algebra/1332.json,64,2,0,C,0.00011306085905189798,2.0290286540985107,0.021069657057523727,0.0006490956293419003,0.00010684536839441798,0.030807128352348234,0.4561070203781128,0.008183654101832577,
test/algebra/1332.json|64,test/algebra/1332.json,64,2,1,R,0.0002503266632394594,0.05299116298556328,0.0005214108387008309,0.000521383190061897,0.007119712112613368,0.999946971491905,0.1890053004026413,0.0068569773967734485,
test/algebra/1332.json|64,test/algebra/1332.json,64,2,1,C,0.00011306085905189798,0.053133562207221985,0.00023110705660656095,0.00015546333452221006,0.0021229188185634454,0.6726896882001434,0.1278223842382431,0.00464526731877045,
test/algebra/1332.json|64,test/algebra/1332.json,64,2,2,R,0.0002503266632394594,0.058141518384218216,0.0002533456136006862,0.0002531629870645702,0.005885980317516601,0.9992791367776235,0.15856757760047913,0.0061673947070290105,
test/algebra/1332.json|64,test/algebra/1332.json,64,2,2,C,0.00011306085905189798,0.058951713144779205,0.0003758200618904084,0.00012086972128599882,0.002810192788141071,0.3216159359785037,0.1920393407344818,0.0075060458278243996,
test/algebra/1332.json|64,test/algebra/1332.json,64,2,4,R,0.0002503266632394594,0.05884126201272011,0.0002898199309129268,0.00028977057081647217,0.007713651715676112,0.999829683568936,0.1981208175420761,0.007818944887565281,
test/algebra/1332.json|64,test/algebra/1332.json,64,2,4,C,0.00011306085905189798,0.05942185968160629,0.0002943588769994676,0.00015318242367357016,0.004077694507940318,0.5203934215085818,0.18816912174224854,0.00742884098360318,
test/algebra/1332.json|64,test/algebra/1332.json,64,2,5,R,0.0002503266632394594,0.05924183130264282,0.000324560358421877,0.000323002488585189,0.010287912196899075,0.9952000581973012,0.2334250807762146,0.011533142727597093,
test/algebra/1332.json|64,test/algebra/1332.json,64,2,5,C,0.00011306085905189798,0.05952700972557068,0.0005058199167251587,0.0002080121194012463,0.006625368212067197,0.4112375019488089,0.25559836626052856,0.012596850576966648,
test/algebra/1332.json|64,test/algebra/1332.json,64,2,6,R,0.0002503266632394594,0.06204778328537941,0.00045968411723151803,0.00045940978452563286,0.011608764144495833,0.9994032125648792,0.28670522570610046,0.0107011147053465,
test/algebra/1332.json|64,test/algebra/1332.json,64,2,6,C,0.00011306085905189798,0.06231367215514183,0.0004787224461324513,0.00020985589071642607,0.005302820317977264,0.4383665148218209,0.24013034999370575,0.008947850058234263,
test/algebra/1332.json|64,test/algebra/1332.json,64,2,8,R,0.0002503266632394594,0.3064815402030945,0.00047819045721553266,0.00047590560279786587,0.007925956792059546,0.9952218715818939,0.2883121073246002,0.009125649993469298,
test/algebra/1332.json|64,test/algebra/1332.json,64,2,8,C,0.00011306085905189798,0.3066631555557251,0.002170095220208168,0.0009340132237412035,0.015555497584106657,0.4304019540770223,0.9660366773605347,0.0283688509090786,
test/algebra/1332.json|64,test/algebra/1332.json,64,2,9,R,0.0002503266632394594,0.08532367646694183,0.0003612756554502994,0.0003611032443586737,0.00728897327678966,0.9995227685880645,0.23624156415462494,0.008643870485868491,
test/algebra/1332.json|64,test/algebra/1332.json,64,2,9,C,0.00011306085905189798,0.0858640968799591,0.0005707188392989337,0.0003174116718582809,0.006407046267405171,0.5561611943492624,0.35490694642066956,0.013012809665037905,
test/algebra/1332.json|64,test/algebra/1332.json,64,2,10,R,0.0002503266632394594,0.08435511589050293,0.0003843215527012944,0.00038345978828147054,0.008225732691848165,0.9977576968777201,0.28632020950317383,0.009367785047457423,
test/algebra/1332.json|64,test/algebra/1332.json,64,2,10,C,0.00011306085905189798,0.08487118780612946,0.0004892269498668611,0.0003350946353748441,0.007188234545841138,0.6849472106577326,0.3318907618522644,0.010878892387003198,
test/algebra/1332.json|64,test/algebra/1332.json,64,2,12,R,0.0002503266632394594,0.0708567202091217,0.0003351353807374835,0.00033173777046613395,0.005957686241773375,0.989861973827607,0.23052546381950378,0.006632951080816972,
test/algebra/1332.json|64,test/algebra/1332.json,64,2,12,C,0.00011306085905189798,0.07120331376791,0.0006010309443809092,0.00042121545993722975,0.0075646181228147535,0.7008215852684263,0.37059131264686584,0.010700795936581652,
test/algebra/1332.json|64,test/algebra/1332.json,64,2,13,R,0.0002503266632394594,0.07592583447694778,0.0005628145881928504,0.0005619445000775158,0.008180835031342601,0.9984540395148919,0.24711047112941742,0.009690609458435692,
test/algebra/1332.json|64,test/algebra/1332.json,64,2,13,C,0.00011306085905189798,0.07627978920936584,0.0004511396400630474,0.00031026575015857816,0.0045168747404289175,0.6877377244603918,0.3269771635532379,0.012835382563386035,
test/algebra/1332.json|64,test/algebra/1332.json,64,2,14,R,0.0002503266632394594,0.07823017239570618,0.0004972249153070152,0.0004958740901201963,0.006909847024173017,0.9972832693163254,0.2669289708137512,0.0071758471630173895,
test/algebra/1332.json|64,test/algebra/1332.json,64,2,14,C,0.00011306085905189798,0.0784994438290596,0.0006210464634932578,0.00032577471574768424,0.0045395665855707595,0.5245577172933427,0.3843616843223572,0.01034901593351674,
test/algebra/1332.json|64,test/algebra/1332.json,64,2,16,R,0.0002503266632394594,0.06777366250753403,0.0003771213232539594,0.00037494621938094497,0.007517652632334742,0.9942323471701916,0.2604275941848755,0.007849791469565411,
test/algebra/1332.json|64,test/algebra/1332.json,64,2,16,C,0.00011306085905189798,0.06798959523439407,0.0005346257239580154,0.0003809996705967933,0.007639024021390666,0.7126474705771285,0.31742191314697266,0.009562407463838034,
test/algebra/1332.json|64,test/algebra/1332.json,64,2,17,R,0.0002503266632394594,0.0679720789194107,0.00023693776165600866,0.00023391496506519616,0.007649083512576975,0.9872422295334954,0.20161570608615875,0.00796376508763009,
test/algebra/1332.json|64,test/algebra/1332.json,64,2,17,C,0.00011306085905189798,0.06844079494476318,0.0005090584163554013,0.0004588257288560271,0.015003727173935047,0.9013223496817184,0.4272727966308594,0.016921184426111412,
test/algebra/1332.json|64,test/algebra/1332.json,64,2,18,R,0.0002503266632394594,0.058624982833862305,0.00036576035199686885,0.00036550959339365363,0.0048663961615942756,0.999314415569756,0.19868996739387512,0.004892855451968693,
test/algebra/1332.json|64,test/algebra/1332.json,64,2,18,C,0.00011306085905189798,0.05905929207801819,0.00040396975236944854,0.0003136987506877631,0.004176586398375928,0.7765401940894111,0.26727715134620667,0.006588729112597219,
test/algebra/1332.json|64,test/algebra/1332.json,64,2,20,R,0.0002503266632394594,0.22377058863639832,0.0009776277001947165,0.000972517766058445,0.004721949198075981,0.9947731277151549,0.24313057959079742,0.005672833030690842,
test/algebra/1332.json|64,test/algebra/1332.json,64,2,20,C,0.00011306085905189798,0.2286563515663147,0.0012507359497249126,0.0011331747518852353,0.005502000886452568,0.9060063806660869,0.46396610140800476,0.010823108290230662,
test/algebra/1332.json|64,test/algebra/1332.json,64,2,21,R,0.0002503266632394594,0.19199205935001373,0.001074042753316462,0.0010446637170389295,0.003485510670798899,0.9726463055968104,0.22387763857841492,0.004675584461520159,
test/algebra/1332.json|64,test/algebra/1332.json,64,2,21,C,0.00011306085905189798,0.19282986223697662,0.0015170072438195348,0.0012760409153997898,0.004257498517904609,0.8411567708442877,0.3920065760612488,0.008204761518901533,
test/algebra/1332.json|64,test/algebra/1332.json,64,2,22,R,0.0002503266632394594,0.08242788910865784,0.00031031054095365107,0.00030892930226400495,0.004297368228096977,0.9955488470325561,0.1536434143781662,0.004023565373417432,
test/algebra/1332.json|64,test/algebra/1332.json,64,2,22,C,0.00011306085905189798,0.08334345370531082,0.000675136863719672,0.0006140735349617898,0.00854208415815746,0.9095541467977214,0.45081770420074463,0.011818314108122053,
test/algebra/1332.json|64,test/algebra/1332.json,64,2,24,R,0.0002503266632394594,0.18763403594493866,0.0012794191716238856,0.0012683746172115207,0.003071520040609043,0.9913675239134377,0.17477019131183624,0.0034575139795476597,
test/algebra/1332.json|64,test/algebra/1332.json,64,2,24,C,0.00011306085905189798,0.18906237185001373,0.001560610136948526,0.0014449221780523658,0.003499050963953647,0.925870044617142,0.4882180392742157,0.009665483881995205,
test/algebra/1332.json|64,test/algebra/1332.json,64,2,25,R,0.0002503266632394594,0.19110336899757385,0.0006990947294980288,0.0006871267105452716,0.0020659971947837555,0.9828806892247189,0.13694316148757935,0.0028805021412486925,
test/algebra/1332.json|64,test/algebra/1332.json,64,2,25,C,0.00011306085905189798,0.19994725286960602,0.0012817932292819023,0.001180982100777328,0.0035508817658384886,0.9213514885841587,0.666719913482666,0.014124992667643053,
test/algebra/1332.json|64,test/algebra/1332.json,64,2,26,R,0.0002503266632394594,0.3442605137825012,0.0003998934698756784,0.0003985401999671012,0.002566595453347922,0.9966159214712512,0.18603461980819702,0.004344754787256028,
test/algebra/1332.json|64,test/algebra/1332.json,64,2,26,C,0.00011306085905189798,0.34778425097465515,0.0012785856379196048,0.0009819616097956896,0.006323824304980701,0.768006131075772,0.5821853280067444,0.01335750741631376,
test/algebra/1332.json|64,test/algebra/1332.json,64,2,28,R,0.0002503266632394594,0.21597644686698914,0.0013291372451931238,0.0013201185502111912,0.003708858821918285,0.9932146239917934,0.14592519402503967,0.0031123150254499265,
test/algebra/1332.json|64,test/algebra/1332.json,64,2,28,C,0.00011306085905189798,0.2180873155593872,0.001622344134375453,0.0015151716070249677,0.0042568582802928155,0.9339397073570443,0.6560983657836914,0.013987896918270376,
test/algebra/1332.json|64,test/algebra/1332.json,64,2,29,R,0.0002503266632394594,0.12474410980939865,0.0007320012082345784,0.0007294515380635858,0.004122297668281084,0.9965168484166048,0.2049075961112976,0.004233038935621616,
test/algebra/1332.json|64,test/algebra/1332.json,64,2,29,C,0.00011306085905189798,0.1256599873304367,0.0010535750770941377,0.0009699851507321,0.005481608189825573,0.9206606827552836,0.3645728826522827,0.007551175295403351,
test/algebra/1332.json|64,test/algebra/1332.json,64,2,30,R,0.0002503266632394594,0.15928047895431519,0.0006697663338854909,0.0006651867879554629,0.0036592025882713876,0.993162470713296,0.20195290446281433,0.003807990202952045,
test/algebra/1332.json|64,test/algebra/1332.json,64,2,30,C,0.00011306085905189798,0.160530224442482,0.0012730102753266692,0.0012306622229516506,0.006769891514763535,0.9667339265341864,0.35540857911109924,0.0067092696051365515,
test/algebra/1332.json|64,test/algebra/1332.json,64,3,0,R,0.0002503266632394594,1.9315617084503174,0.04067106917500496,0.04066503047943115,0.006550457744541328,0.9998515235351283,0.3127005994319916,0.005274641347804217,
test/algebra/1332.json|64,test/algebra/1332.json,64,3,0,C,0.00011306085905189798,2.016498565673828,0.02382848411798477,0.0007353516994044185,0.00011845288636293384,0.03086019638230133,0.8645481467247009,0.014134465563817079,
test/algebra/1332.json|64,test/algebra/1332.json,64,3,1,R,0.0002503266632394594,0.05263436585664749,0.0005074306973256171,0.000507351360283792,0.00827817695497665,0.9998436475323885,0.20006883144378662,0.007035441828396364,
test/algebra/1332.json|64,test/algebra/1332.json,64,3,1,C,0.00011306085905189798,0.052939075976610184,0.00030404800781980157,0.00018288171850144863,0.002983981804519827,0.6014896108391755,0.11511699110269547,0.004043872511471957,
test/algebra/1332.json|64,test/algebra/1332.json,64,3,2,R,0.0002503266632394594,0.057334136217832565,0.00022811170492786914,0.00022807381174061447,0.005912845441835619,0.9998338788134501,0.1410871297121048,0.00607055286785689,
test/algebra/1332.json|64,test/algebra/1332.json,64,3,2,C,0.00011306085905189798,0.05834009870886803,0.0004542807873804122,0.00016270391643047333,0.004218121770722398,0.3581571587267432,0.2854881286621094,0.012371512307662612,
test/algebra/1332.json|64,test/algebra/1332.json,64,3,4,R,0.0002503266632394594,0.05838311091065407,0.0003254969487898052,0.00030136312125250697,0.0060876912445078325,0.9258554387287408,0.18021893501281738,0.005937031090377062,
test/algebra/1332.json|64,test/algebra/1332.json,64,3,4,C,0.00011306085905189798,0.059187423437833786,0.0003269496955908835,0.0001688435731921345,0.003410727689377567,0.5164206449881209,0.18825531005859375,0.00620690923278131,
test/algebra/1332.json|64,test/algebra/1332.json,64,3,5,R,0.0002503266632394594,0.05887934938073158,0.0003558731696102768,0.0003557948220986873,0.008474803781153966,0.9997798414770769,0.2246427983045578,0.009796586082536704,
test/algebra/1332.json|64,test/algebra/1332.json,64,3,5,C,0.00011306085905189798,0.05922672152519226,0.0005002647521905601,0.00019603475811891258,0.004669421830098895,0.3918620227962359,0.22945952415466309,0.009979926876220988,
test/algebra/1332.json|64,test/algebra/1332.json,64,3,6,R,0.0002503266632394594,0.061572615057229996,0.00039939582347869873,0.0003992342099081725,0.008221260328128421,0.9995953523782148,0.2450575977563858,0.008759566476590017,
test/algebra/1332.json|64,test/algebra/1332.json,64,3,6,C,0.00011306085905189798,0.061916664242744446,0.0004759419825859368,0.00020209680951666087,0.004161693665737734,0.4246248838860209,0.22716273367404938,0.008112156249637393,
test/algebra/1332.json|64,test/algebra/1332.json,64,3,8,R,0.0002503266632394594,0.3056396543979645,0.000454381835879758,0.00045424242853187025,0.006883682648946728,0.9996931911960982,0.2610757350921631,0.007984430738999309,
test/algebra/1332.json|64,test/algebra/1332.json,64,3,8,C,0.00011306085905189798,0.30638983845710754,0.002151670167222619,0.0008211428066715598,0.012443766005878177,0.38163042774807,0.8163771033287048,0.023213203078937542,
test/algebra/1332.json|64,test/algebra/1332.json,64,3,9,R,0.0002503266632394594,0.08477403223514557,0.00040322315180674195,0.0004030283016618341,0.00722475110102527,0.9995167659804465,0.24732694029808044,0.008556068210622532,
test/algebra/1332.json|64,test/algebra/1332.json,64,3,9,C,0.00011306085905189798,0.0855664387345314,0.0006987678934819996,0.0003451794327702373,0.006187742837599861,0.49398295985839574,0.37374454736709595,0.01295171322272405,
test/algebra/1332.json|64,test/algebra/1332.json,64,3,10,R,0.0002503266632394594,0.08392906934022903,0.0003945576900150627,0.00039295241003856063,0.007331120890178336,0.995931441679993,0.2766496241092682,0.008265298082928032,
test/algebra/1332.json|64,test/algebra/1332.json,64,3,10,C,0.00011306085905189798,0.08448676764965057,0.0005329236737452447,0.00034585181856527925,0.0064523881956628755,0.6489706405529984,0.33165356516838074,0.009907263738989005,
test/algebra/1332.json|64,test/algebra/1332.json,64,3,12,R,0.0002503266632394594,0.07049224525690079,0.0003611978027038276,0.000360627134796232,0.005711424805713651,0.9984200653997787,0.23652298748493195,0.006154536807311526,
test/algebra/1332.json|64,test/algebra/1332.json,64,3,12,C,0.00011306085905189798,0.07089100778102875,0.0006018338026478887,0.00041118034278042614,0.00651206019398656,0.6832124421861039,0.33151400089263916,0.008633676446472895,
test/algebra/1332.json|64,test/algebra/1332.json,64,3,13,R,0.0002503266632394594,0.07556186616420746,0.0006216472247615457,0.0006205815589055419,0.009111550425678062,0.9982857369713212,0.2718256711959839,0.0102553929745087,
test/algebra/1332.json|64,test/algebra/1332.json,64,3,13,C,0.00011306085905189798,0.07603069394826889,0.00046219563228078187,0.00033862405689433217,0.0049717722440573014,0.7326422677139823,0.3379524052143097,0.012782969597089076,
test/algebra/1332.json|64,test/algebra/1332.json,64,3,14,R,0.0002503266632394594,0.07785751670598984,0.0004788251535501331,0.00047837570309638977,0.006683820763810806,0.9990613453585879,0.2548990249633789,0.006680570999433473,
test/algebra/1332.json|64,test/algebra/1332.json,64,3,14,C,0.00011306085905189798,0.07821593433618546,0.0005394435720518231,0.00032434609602205455,0.004531733441354084,0.6012604695373678,0.35070329904556274,0.009183403227555753,
test/algebra/1332.json|64,test/algebra/1332.json,64,3,16,R,0.0002503266632394594,0.06757132709026337,0.00038613288779743016,0.00038560701068490744,0.007313146246262686,0.9986380903368255,0.25862738490104675,0.007454438456924051,
test/algebra/1332.json|64,test/algebra/1332.json,64,3,16,C,0.00011306085905189798,0.06781777739524841,0.0005051476764492691,0.00035183876752853394,0.006672721944216706,0.6965067508676577,0.301128089427948,0.00866353949919926,
test/algebra/1332.json|64,test/algebra/1332.json,64,3,17,R,0.0002503266632394594,0.06750974804162979,0.0002767286205198616,0.0002759963390417397,0.008592511477819717,0.9973537884368447,0.21954761445522308,0.008554910199192887,
test/algebra/1332.json|64,test/algebra/1332.json,64,3,17,C,0.00011306085905189798,0.06804145872592926,0.00058465835172683,0.0005295879673212767,0.01648750379632789,0.9058075795056949,0.449836403131485,0.017576135395924355,
test/algebra/1332.json|64,test/algebra/1332.json,64,3,18,R,0.0002503266632394594,0.05821518227458,0.00037411219091154635,0.0003717576328199357,0.004651604609006393,0.9937062754368418,0.20397154986858368,0.004861878812240765,
test/algebra/1332.json|64,test/algebra/1332.json,64,3,18,C,0.00011306085905189798,0.058724287897348404,0.00044874631566926837,0.00033755615004338324,0.004223659730749322,0.7522204361449196,0.26700830459594727,0.006369371026960063,
test/algebra/1332.json|64,test/algebra/1332.json,64,3,20,R,0.0002503266632394594,0.22314180433750153,0.0010982909006997943,0.0010885392548516393,0.004245653215969602,0.9911210710813841,0.23591750860214233,0.005474344394138478,
test/algebra/1332.json|64,test/algebra/1332.json,64,3,20,C,0.00011306085905189798,0.22821228206157684,0.0013261139392852783,0.0012024001916870475,0.004689747492307343,0.9067095633037255,0.42121270298957825,0.009767379945443638,
test/algebra/1332.json|64,test/algebra/1332.json,64,3,21,R,0.0002503266632394594,0.19140861928462982,0.0008757699397392571,0.0008745734230615199,0.002915607835750785,0.9986337534298937,0.2146574705839157,0.0043344797702901386,
test/algebra/1332.json|64,test/algebra/1332.json,64,3,21,C,0.00011306085905189798,0.19230997562408447,0.0015149557730183005,0.0012333081103861332,0.004111539060893533,0.8140885242576296,0.37112900614738464,0.007496153175814782,
test/algebra/1332.json|64,test/algebra/1332.json,64,3,22,R,0.0002503266632394594,0.08183329552412033,0.0003574314760044217,0.0003567481762729585,0.004303976657253879,0.99808830286244,0.14319874346256256,0.0035286503465745394,
test/algebra/1332.json|64,test/algebra/1332.json,64,3,22,C,0.00011306085905189798,0.0828307569026947,0.0006451887893490493,0.0006072883843444288,0.007326610769945416,0.9412568746209674,0.4510785639286041,0.011128503603142423,
test/algebra/1332.json|64,test/algebra/1332.json,64,3,24,R,0.0002503266632394594,0.18707501888275146,0.001216167351230979,0.0011701153125613928,0.003010792189212601,0.9621334682392956,0.1597004234790802,0.003216190918230305,
test/algebra/1332.json|64,test/algebra/1332.json,64,3,24,C,0.00011306085905189798,0.1886989027261734,0.0014542652061209083,0.001320844516158104,0.003398629442518696,0.9082555985596706,0.4731113314628601,0.009535743486409945,
test/algebra/1332.json|64,test/algebra/1332.json,64,3,25,R,0.0002503266632394594,0.19039617478847504,0.000557359482627362,0.0005557858967222273,0.001617380953638435,0.9971767109892998,0.11689553409814835,0.002503529794576901,
test/algebra/1332.json|64,test/algebra/1332.json,64,3,25,C,0.00011306085905189798,0.1992555409669876,0.0011720875045284629,0.00107840436976403,0.0031382420789430724,0.920071551550075,0.6803692579269409,0.014652280588291497,
test/algebra/1332.json|64,test/algebra/1332.json,64,3,26,R,0.0002503266632394594,0.3432500660419464,0.00043012379319407046,0.00042947527254000306,0.002877238824044927,0.9984922441798819,0.1969260722398758,0.004766581967611109,
test/algebra/1332.json|64,test/algebra/1332.json,64,3,26,C,0.00011306085905189798,0.34669768810272217,0.0013380119344219565,0.001011920627206564,0.006779289755685356,0.7562866970147346,0.6694750785827637,0.015822632059149393,
test/algebra/1332.json|64,test/algebra/1332.json,64,3,28,R,0.0002503266632394594,0.21523824334144592,0.001242789556272328,0.001241806778125465,0.003423488250105772,0.9992092151554444,0.1478395164012909,0.003322909113142765,
test/algebra/1332.json|64,test/algebra/1332.json,64,3,28,C,0.00011306085905189798,0.21755483746528625,0.0017207422060891986,0.0015589019749313593,0.0042976755226769945,0.9059474269352598,0.7363299131393433,0.016532942318061607,
test/algebra/1332.json|64,test/algebra/1332.json,64,3,29,R,0.0002503266632394594,0.12433129549026489,0.0005484639550559223,0.0005453655030578375,0.003307899616649305,0.9943506716095508,0.16785626113414764,0.003559874334576151,
test/algebra/1332.json|64,test/algebra/1332.json,64,3,29,C,0.00011306085905189798,0.12539221346378326,0.0011300460901111364,0.0009248510468751192,0.00560965885495597,0.8184188717167671,0.39689901471138,0.008473914998699213,
test/algebra/1332.json|64,test/algebra/1332.json,64,3,30,R,0.0002503266632394594,0.15873579680919647,0.0005771080614067614,0.0005698515451513231,0.0034266595894290497,0.9874260684815668,0.16804464161396027,0.0032104715786810496,
test/algebra/1332.json|64,test/algebra/1332.json,64,3,30,C,0.00011306085905189798,0.16018810868263245,0.00121916807256639,0.001170976785942912,0.007041375717397704,0.9604719901477524,0.35870832204818726,0.0068640050321796976,
test/algebra/1332.json|64,test/algebra/1332.json,64,4,0,R,0.0002503266632394594,1.9056320190429688,0.041277140378952026,0.04127063229680061,0.006729688194927151,0.9998423320246629,0.31922414898872375,0.005568137438516299,
test/algebra/1332.json|64,test/algebra/1332.json,64,4,0,C,0.00011306085905189798,2.0087788105010986,0.022134926170110703,0.0007384349009953439,0.00012041096439261016,0.03336062181942621,0.6445631980895996,0.01108036122386366,
test/algebra/1332.json|64,test/algebra/1332.json,64,4,1,R,0.0002503266632394594,0.05236588045954704,0.0006542816408909857,0.0006542725022882223,0.01030769913135657,0.9999860310878707,0.22084438800811768,0.008142783652261032,
test/algebra/1332.json|64,test/algebra/1332.json,64,4,1,C,0.00011306085905189798,0.052731916308403015,0.00029574971995316446,0.00012938263535033911,0.0020383514106876157,0.4374733978897935,0.11209223419427872,0.004135654338233658,
test/algebra/1332.json|64,test/algebra/1332.json,64,4,2,R,0.0002503266632394594,0.056681860238313675,0.0002432293986203149,0.00024312202003784478,0.005505011827466453,0.9995585254799061,0.1477649211883545,0.005550401961596097,
test/algebra/1332.json|64,test/algebra/1332.json,64,4,2,C,0.00011306085905189798,0.05784576013684273,0.000345175270922482,0.00013409662642516196,0.003036349872294402,0.3884885081086481,0.21285051107406616,0.008039833642892721,
test/algebra/1332.json|64,test/algebra/1332.json,64,4,4,R,0.0002503266632394594,0.058008112013339996,0.00036777323111891747,0.0003675739571917802,0.008896012532340113,0.9994581581536287,0.2510726749897003,0.009222570418495753,
test/algebra/1332.json|64,test/algebra/1332.json,64,4,4,C,0.00011306085905189798,0.05888516083359718,0.0005143111920915544,0.00023023954418022186,0.005572249693954465,0.447665824257564,0.24918709695339203,0.00915659747679942,
test/algebra/1332.json|64,test/algebra/1332.json,64,4,5,R,0.0002503266632394594,0.05863432213664055,0.0003972308768425137,0.00039703227230347693,0.00995067765790006,0.9995000249222431,0.26820775866508484,0.01021248882171936,
test/algebra/1332.json|64,test/algebra/1332.json,64,4,5,C,0.00011306085905189798,0.058995913714170456,0.000556162151042372,0.0001893642620416358,0.004745968685543391,0.3404839062605052,0.18995808064937592,0.007231693335061109,
test/algebra/1332.json|64,test/algebra/1332.json,64,4,6,R,0.0002503266632394594,0.06122087687253952,0.000515079009346664,0.0005148880300112069,0.009532241467447513,0.9996292212813553,0.3046051561832428,0.009319469793090555,
test/algebra/1332.json|64,test/algebra/1332.json,64,4,6,C,0.00011306085905189798,0.06162700429558754,0.0004674919764511287,0.00021802577248308808,0.004036361671469298,0.46637329194783955,0.19381389021873474,0.005916616021661508,
test/algebra/1332.json|64,test/algebra/1332.json,64,4,8,R,0.0002503266632394594,0.30532902479171753,0.0004893892328254879,0.00048823264660313725,0.007829821194328993,0.9976366721161606,0.3192826807498932,0.008838530493609024,
test/algebra/1332.json|64,test/algebra/1332.json,64,4,8,C,0.00011306085905189798,0.3060643672943115,0.0021125804632902145,0.0018623217474669218,0.029866184472561674,0.8815388473700694,1.6665091514587402,0.04397555941809684,
test/algebra/1332.json|64,test/algebra/1332.json,64,4,9,R,0.0002503266632394594,0.08445192873477936,0.0003572738787624985,0.0003559662727639079,0.007499265506529186,0.9963400431079378,0.26414817571640015,0.008550499178903097,
test/algebra/1332.json|64,test/algebra/1332.json,64,4,9,C,0.00011306085905189798,0.08534112572669983,0.0006046430789865553,0.00037435535341501236,0.007886674676372295,0.6191344378295646,0.40368425846099854,0.013092192791018139,
test/algebra/1332.json|64,test/algebra/1332.json,64,4,10,R,0.0002503266632394594,0.08357298374176025,0.0005355615867301822,0.0005347658880054951,0.009289440597396021,0.9985142703604651,0.364886999130249,0.009661739302330401,
test/algebra/1332.json|64,test/algebra/1332.json,64,4,10,C,0.00011306085905189798,0.08417420834302902,0.0005705483490601182,0.00035688269417732954,0.006199424200679171,0.6255082398182821,0.3248942792415619,0.008616032285484614,
test/algebra/1332.json|64,test/algebra/1332.json,64,4,12,R,0.0002503266632394594,0.07025164365768433,0.00037828192580491304,0.0003776638477575034,0.006482727274839567,0.9983660888781282,0.27245816588401794,0.007091724157232345,
test/algebra/1332.json|64,test/algebra/1332.json,64,4,12,C,0.00011306085905189798,0.07068944722414017,0.0004820497997570783,0.00042031181510537863,0.0072147940129830114,0.8719261255688983,0.3365032970905304,0.008762374237706268,
test/algebra/1332.json|64,test/algebra/1332.json,64,4,13,R,0.0002503266632394594,0.07524800300598145,0.0006757887895219028,0.0006746093276888132,0.012460738732940546,0.9982546871897968,0.3416319489479065,0.011959707722786938,
test/algebra/1332.json|64,test/algebra/1332.json,64,4,13,C,0.00011306085905189798,0.0757809653878212,0.0004977084463462234,0.00035715155536308885,0.006596962177634887,0.7175919100176368,0.34357064962387085,0.012052984575398903,
test/algebra/1332.json|64,test/algebra/1332.json,64,4,14,R,0.0002503266632394594,0.07756581902503967,0.00045868553570471704,0.00045723767834715545,0.006619022150790236,0.9968434619326276,0.2659476101398468,0.007090509039421538,
test/algebra/1332.json|64,test/algebra/1332.json,64,4,14,C,0.00011306085905189798,0.07793477177619934,0.000653019524179399,0.0005615155678242445,0.008128560172200764,0.8598756180682097,0.5122005343437195,0.013690165165401495,
test/algebra/1332.json|64,test/algebra/1332.json,64,4,16,R,0.0002503266632394594,0.06739740073680878,0.0004503369564190507,0.00044982234248891473,0.008326732119474758,0.998857266938327,0.32080078125,0.008596062600448035,
test/algebra/1332.json|64,test/algebra/1332.json,64,4,16,C,0.00011306085905189798,0.0676642581820488,0.0004447842948138714,0.0003546061634551734,0.006564170455981017,0.7972542349012367,0.288090318441391,0.007713953146476735,
test/algebra/1332.json|64,test/algebra/1332.json,64,4,17,R,0.0002503266632394594,0.06711582839488983,0.00034332930226810277,0.00034169439459219575,0.008568584313324148,0.9952380741744309,0.24705128371715546,0.008517597223043903,
test/algebra/1332.json|64,test/algebra/1332.json,64,4,17,C,0.00011306085905189798,0.0677114799618721,0.00043170538265258074,0.00039720520726405084,0.009960614988125263,0.9200839792716269,0.3606695830821991,0.012434282178624311,
test/algebra/1332.json|64,test/algebra/1332.json,64,4,18,R,0.0002503266632394594,0.057910941541194916,0.0003994230937678367,0.00039806580753065646,0.005515826642778735,0.9966018809253653,0.24503964185714722,0.005904961212667659,
test/algebra/1332.json|64,test/algebra/1332.json,64,4,18,C,0.00011306085905189798,0.05848775431513786,0.0004259171837475151,0.0003436896950006485,0.004762360244636378,0.8069401923859651,0.2687035799026489,0.006468278414255243,
test/algebra/1332.json|64,test/algebra/1332.json,64,4,20,R,0.0002503266632394594,0.22274771332740784,0.0009504844783805311,0.0009402758441865444,0.004246684786715297,0.9892595456154739,0.2399691492319107,0.00527882740157437,
test/algebra/1332.json|64,test/algebra/1332.json,64,4,20,C,0.00011306085905189798,0.22803722321987152,0.001195656368508935,0.0011277608573436737,0.005093446679019678,0.9432148618142298,0.43012121319770813,0.009462492116284684,
test/algebra/1332.json|64,test/algebra/1332.json,64,4,21,R,0.0002503266632394594,0.19119809567928314,0.0008681166218593717,0.0008660400053486228,0.0031167871665705215,0.9976079049103922,0.24696792662143707,0.004863868684474405,
test/algebra/1332.json|64,test/algebra/1332.json,64,4,21,C,0.00011306085905189798,0.19207505881786346,0.0014186548069119453,0.0011531352065503597,0.004150012690984199,0.81283706234895,0.3714086413383484,0.007320945452937219,
test/algebra/1332.json|64,test/algebra/1332.json,64,4,22,R,0.0002503266632394594,0.08169006556272507,0.00038704642793163657,0.00038581606349907815,0.004173317615891707,0.9968211425281598,0.1591436117887497,0.0036880705732817132,
test/algebra/1332.json|64,test/algebra/1332.json,64,4,22,C,0.00011306085905189798,0.08272238820791245,0.0007192004704847932,0.000661511265207082,0.00715547349470617,0.9197870293958352,0.4390374720096588,0.010180619471353796,
test/algebra/1332.json|64,test/algebra/1332.json,64,4,24,R,0.0002503266632394594,0.18687619268894196,0.0009635068709030747,0.0009594305302016437,0.00277955583812269,0.9957692655648842,0.16371804475784302,0.0031552140626966967,
test/algebra/1332.json|64,test/algebra/1332.json,64,4,24,C,0.00011306085905189798,0.1885654330253601,0.0013891319977119565,0.0013043350772932172,0.003778775080460079,0.9389569015058573,0.4736005961894989,0.009117830369516864,
test/algebra/1332.json|64,test/algebra/1332.json,64,4,25,R,0.0002503266632394594,0.18997852504253387,0.0005901625845581293,0.0005845539271831512,0.0018076413827445108,0.9904964182545157,0.1344786137342453,0.0028178890952554746,
test/algebra/1332.json|64,test/algebra/1332.json,64,4,25,C,0.00011306085905189798,0.1989804059267044,0.0011176192201673985,0.0010245708981528878,0.0031683248866046687,0.9167441636183405,0.7001019716262817,0.014768450269235615,
test/algebra/1332.json|64,test/algebra/1332.json,64,4,26,R,0.0002503266632394594,0.3429475724697113,0.00041954804328270257,0.00041809293907135725,0.002671135373135635,0.9965317316308002,0.19656501710414886,0.004743016970430374,
test/algebra/1332.json|64,test/algebra/1332.json,64,4,26,C,0.00011306085905189798,0.3464526832103729,0.001403647125698626,0.0010714108357205987,0.006845089010139101,0.7633049755464921,0.589731752872467,0.014002546871321556,
test/algebra/1332.json|64,test/algebra/1332.json,64,4,28,R,0.0002503266632394594,0.21460659801959991,0.0012428822228685021,0.0012367398012429476,0.0033837561805206804,0.995057920607766,0.1421372890472412,0.003237958333036308,
test/algebra/1332.json|64,test/algebra/1332.json,64,4,28,C,0.00011306085905189798,0.2171924114227295,0.0015875048702582717,0.0014588345075026155,0.003991413776897695,0.9189480510672885,0.7308050394058228,0.016642098738880458,
test/algebra/1332.json|64,test/algebra/1332.json,64,4,29,R,0.0002503266632394594,0.1241069808602333,0.0006407767068594694,0.0006383669096976519,0.003380784028332017,0.9962392544356559,0.18091052770614624,0.0036494529841633178,
test/algebra/1332.json|64,test/algebra/1332.json,64,4,29,C,0.00011306085905189798,0.12527072429656982,0.0011423048563301563,0.0009379820548929274,0.004967542492993538,0.8211311095054075,0.3894868791103363,0.007916293308087142,
test/algebra/1332.json|64,test/algebra/1332.json,64,4,30,R,0.0002503266632394594,0.15857231616973877,0.0007463482324965298,0.000742799136787653,0.004197676042538453,0.9952447174796009,0.19367042183876038,0.0036057856829450475,
test/algebra/1332.json|64,test/algebra/1332.json,64,4,30,C,0.00011306085905189798,0.15996533632278442,0.0011851971503347158,0.001116925966925919,0.0063119262536169935,0.942396769742559,0.32054850459098816,0.0059708531620048825,
test/algebra/1332.json|64,test/algebra/1332.json,64,5,0,R,0.0002503266632394594,1.8728177547454834,0.038186561316251755,0.03818052262067795,0.006246108144865601,0.9998418633056892,0.29093724489212036,0.004972214269286826,
test/algebra/1332.json|64,test/algebra/1332.json,64,5,0,C,0.00011306085905189798,2.0049290657043457,0.022406218573451042,0.0006831229547969997,0.00011175488335487932,0.030488096531198657,0.39524737000465393,0.006777888609590811,
test/algebra/1332.json|64,test/algebra/1332.json,64,5,1,R,0.0002503266632394594,0.05219145864248276,0.0005930338520556688,0.0005930255283601582,0.009344629886909985,0.9999859625290062,0.2128458470106125,0.0075249896356395785,
test/algebra/1332.json|64,test/algebra/1332.json,64,5,1,C,0.00011306085905189798,0.05261756479740143,0.0003645222168415785,0.00018592130800243467,0.0029296644550482233,0.5100410863933571,0.13384446501731873,0.004740877613892307,
test/algebra/1332.json|64,test/algebra/1332.json,64,5,2,R,0.0002503266632394594,0.05625368282198906,0.0002560802095104009,0.00025599528453312814,0.00538222726435814,0.9996683618109206,0.16008169949054718,0.005996974268926019,
test/algebra/1332.json|64,test/algebra/1332.json,64,5,2,C,0.00011306085905189798,0.057490505278110504,0.0003791227063629776,0.0001367398363072425,0.002874915748697977,0.36067435068278775,0.19515684247016907,0.007336477301512339,
test/algebra/1332.json|64,test/algebra/1332.json,64,5,4,R,0.0002503266632394594,0.05779238045215607,0.00032503443071618676,0.0003248172579333186,0.007489222254221244,0.9993318437627624,0.2112414836883545,0.00751241619371296,
test/algebra/1332.json|64,test/algebra/1332.json,64,5,4,C,0.00011306085905189798,0.0587439239025116,0.0003877335984725505,0.00017694095731712878,0.004079679028306712,0.45634672248633756,0.18825094401836395,0.0067074935251193474,
test/algebra/1332.json|64,test/algebra/1332.json,64,5,5,R,0.0002503266632394594,0.05837732553482056,0.00034847078495658934,0.00034838338615372777,0.011326539048254562,0.9997491904446978,0.25835123658180237,0.012096341883363561,
test/algebra/1332.json|64,test/algebra/1332.json,64,5,5,C,0.00011306085905189798,0.05881980434060097,0.0005853517795912921,0.00021315283083822578,0.006929962672415831,0.364144840599801,0.24714381992816925,0.01157059536857077,
test/algebra/1332.json|64,test/algebra/1332.json,64,5,6,R,0.0002503266632394594,0.06093567982316017,0.0004947924753651023,0.000494692416395992,0.01016840739949001,0.9997977738670456,0.27920031547546387,0.00957727997986576,
test/algebra/1332.json|64,test/algebra/1332.json,64,5,6,C,0.00011306085905189798,0.06139834597706795,0.00046560002374462783,0.0002036812948063016,0.004186670983021932,0.437459802365811,0.22040994465351105,0.007559425849485802,
test/algebra/1332.json|64,test/algebra/1332.json,64,5,8,R,0.0002503266632394594,0.3049761652946472,0.00044798970338888466,0.0004461806092876941,0.0061186384338817205,0.9959617484878176,0.25013503432273865,0.007072724195895694,
test/algebra/1332.json|64,test/algebra/1332.json,64,5,8,C,0.00011306085905189798,0.30589529871940613,0.0019758630078285933,0.0009284361731261015,0.012731985958252413,0.469888939150965,1.2611615657806396,0.03296769641946003,
test/algebra/1332.json|64,test/algebra/1332.json,64,5,9,R,0.0002503266632394594,0.08405196666717529,0.00033876352244988084,0.00033848968450911343,0.006358637388305829,0.9991916516336272,0.22952325642108917,0.007412188571382576,
test/algebra/1332.json|64,test/algebra/1332.json,64,5,9,C,0.00011306085905189798,0.08506254106760025,0.0006963175255805254,0.0003685052797663957,0.006922489981072423,0.5292201699647726,0.39006802439689636,0.012635942040768653,
test/algebra/1332.json|64,test/algebra/1332.json,64,5,10,R,0.0002503266632394594,0.08285850286483765,0.0004216616216581315,0.0004204910364933312,0.007603755623372439,0.9972238731202974,0.3004412055015564,0.008302792905780496,
test/algebra/1332.json|64,test/algebra/1332.json,64,5,10,C,0.00011306085905189798,0.08358968794345856,0.000502637296449393,0.00033402975532226264,0.006040272942763801,0.6645542561550434,0.3081035315990448,0.00852186650392562,
test/algebra/1332.json|64,test/algebra/1332.json,64,5,12,R,0.0002503266632394594,0.06975428014993668,0.00039902934804558754,0.0003982564667239785,0.006142554930949427,0.9980630940469476,0.2570571303367615,0.006269407100046616,
test/algebra/1332.json|64,test/algebra/1332.json,64,5,12,C,0.00011306085905189798,0.07025875151157379,0.0005749628762714565,0.00043634764733724296,0.006730058685066384,0.7589144701097471,0.3343088924884796,0.008165419269301194,
test/algebra/1332.json|64,test/algebra/1332.json,64,5,13,R,0.0002503266632394594,0.07473604381084442,0.0006240149959921837,0.0006227668491192162,0.009692118494735096,0.9979998110959133,0.2861695885658264,0.009314036311877421,
test/algebra/1332.json|64,test/algebra/1332.json,64,5,13,C,0.00011306085905189798,0.07538960129022598,0.0005120204878039658,0.00037405354669317603,0.005821394159071856,0.7305440990592618,0.3393513858318329,0.011076027425355002,
test/algebra/1332.json|64,test/algebra/1332.json,64,5,14,R,0.0002503266632394594,0.07709480822086334,0.00046710067545063794,0.0004667695320677012,0.00642994479506201,0.9992910642188468,0.24194377660751343,0.006050990517718234,
test/algebra/1332.json|64,test/algebra/1332.json,64,5,14,C,0.00011306085905189798,0.07752008736133575,0.000688214146066457,0.0005089459591545165,0.007010942652012634,0.7395168514392227,0.461977481842041,0.011639861417852133,
test/algebra/1332.json|64,test/algebra/1332.json,64,5,16,R,0.0002503266632394594,0.0671769231557846,0.0004172745975665748,0.0004139781231060624,0.0074734470691609,0.992099985305033,0.2924462556838989,0.007887185906672579,
test/algebra/1332.json|64,test/algebra/1332.json,64,5,16,C,0.00011306085905189798,0.06747792661190033,0.000422308366978541,0.0003407337353564799,0.00615118382768193,0.8068363338085542,0.27241504192352295,0.007339797387811303,
test/algebra/1332.json|64,test/algebra/1332.json,64,5,17,R,0.0002503266632394594,0.06659635156393051,0.0003170289855916053,0.0003156029270030558,0.007260016112679909,0.9955018006275037,0.2315504252910614,0.007704956844759322,
test/algebra/1332.json|64,test/algebra/1332.json,64,5,17,C,0.00011306085905189798,0.0672653317451477,0.0005030595930293202,0.0004699422570411116,0.010810382497227598,0.9341681634119109,0.38360169529914856,0.01277061008985068,
test/algebra/1332.json|64,test/algebra/1332.json,64,5,18,R,0.0002503266632394594,0.05759042873978615,0.00037848742795176804,0.0003772624768316746,0.004668567627509462,0.9967635592984264,0.21561436355113983,0.0050752722915413315,
test/algebra/1332.json|64,test/algebra/1332.json,64,5,18,C,0.00011306085905189798,0.05820542573928833,0.00045589322689920664,0.00035805246443487704,0.004430846551316245,0.7853866706571013,0.2711075246334076,0.006389155747118442,
test/algebra/1332.json|64,test/algebra/1332.json,64,5,20,R,0.0002503266632394594,0.22243382036685944,0.0009876064723357558,0.0009782230481505394,0.00420232137866858,0.9904988217082834,0.23772695660591125,0.0052544140140673885,
test/algebra/1332.json|64,test/algebra/1332.json,64,5,20,C,0.00011306085905189798,0.22773770987987518,0.0012723563704639673,0.0011646788334473968,0.005003311637700835,0.9153715575042256,0.39914628863334656,0.008823783541155828,
test/algebra/1332.json|64,test/algebra/1332.json,64,5,21,R,0.0002503266632394594,0.19101424515247345,0.0010127449641004205,0.0009518433944322169,0.0033523649775906808,0.9398648497233805,0.24857722222805023,0.004926281273183445,
test/algebra/1332.json|64,test/algebra/1332.json,64,5,21,C,0.00011306085905189798,0.19190111756324768,0.0011859270744025707,0.0010950439609587193,0.003856713242024402,0.9233653431742415,0.3988617956638336,0.007892161379347423,
test/algebra/1332.json|64,test/algebra/1332.json,64,5,22,R,0.0002503266632394594,0.08146504312753677,0.0004016528546344489,0.00040082662599161267,0.004177370395616002,0.9979429260087518,0.15463973581790924,0.0036644020514617582,
test/algebra/1332.json|64,test/algebra/1332.json,64,5,22,C,0.00011306085905189798,0.08253556489944458,0.0006909123621881008,0.0006270143203437328,0.006534673321542283,0.9075164286400651,0.4354507625102997,0.010328114850306096,
test/algebra/1332.json|64,test/algebra/1332.json,64,5,24,R,0.0002503266632394594,0.18674319982528687,0.0009251420269720256,0.0009208398987539113,0.0025382035329626334,0.9953497635086961,0.16476614773273468,0.0031636361596637788,
test/algebra/1332.json|64,test/algebra/1332.json,64,5,24,C,0.00011306085905189798,0.1884656399488449,0.0013263660948723555,0.0012536942958831787,0.00345568355082341,0.9452098480085317,0.4878213107585907,0.009361238470633908,
test/algebra/1332.json|64,test/algebra/1332.json,64,5,25,R,0.0002503266632394594,0.18968553841114044,0.0006029172800481319,0.0006006802432239056,0.0018943916709802653,0.9962896438789457,0.13539458811283112,0.002775679627071761,
test/algebra/1332.json|64,test/algebra/1332.json,64,5,25,C,0.00011306085905189798,0.1987713873386383,0.0011001406237483025,0.001028590020723641,0.00324390953438759,0.9349623108036471,0.6651659607887268,0.013715818422725273,
test/algebra/1332.json|64,test/algebra/1332.json,64,5,26,R,0.0002503266632394594,0.34265029430389404,0.0004455260932445526,0.0004438746254891157,0.0029779006040391662,0.996293216543832,0.1899700164794922,0.0046226270844353535,
test/algebra/1332.json|64,test/algebra/1332.json,64,5,26,C,0.00011306085905189798,0.34612414240837097,0.0014062501722946763,0.0010496770264580846,0.007042154860037645,0.7464369046076749,0.584606409072876,0.013966259019075526,
test/algebra/1332.json|64,test/algebra/1332.json,64,5,28,R,0.0002503266632394594,0.21435940265655518,0.0009964617202058434,0.0009947794023901224,0.0027705563009318536,0.9983117075348512,0.13561934232711792,0.00323094163214284,
test/algebra/1332.json|64,test/algebra/1332.json,64,5,28,C,0.00011306085905189798,0.21697640419006348,0.001892223721370101,0.001722279004752636,0.00479671265520308,0.9101878305359151,0.7743371725082397,0.018434429754904794,
test/algebra/1332.json|64,test/algebra/1332.json,64,5,29,R,0.0002503266632394594,0.12400118261575699,0.0006650314317084849,0.0006635826430283487,0.003730846654754452,0.9978214718750426,0.18668518960475922,0.003838376469039184,
test/algebra/1332.json|64,test/algebra/1332.json,64,5,29,C,0.00011306085905189798,0.12518034875392914,0.0009713107137940824,0.0008848296711221337,0.00497475913997417,0.9109645941769698,0.3418726921081543,0.007047904356404958,
test/algebra/1332.json|64,test/algebra/1332.json,64,5,30,R,0.0002503266632394594,0.1584721803665161,0.0007261920836754143,0.0007187578012235463,0.004166218852460496,0.9897626487416329,0.18748825788497925,0.003527475565026234,
test/algebra/1332.json|64,test/algebra/1332.json,64,5,30,C,0.00011306085905189798,0.15981829166412354,0.0013146712444722652,0.0012452062219381332,0.00721773263289599,0.9471616772836784,0.33499276638031006,0.006313096961625886,
test/algebra/1332.json|64,test/algebra/1332.json,64,6,0,R,0.0002503266632394594,1.852120280265808,0.03438597172498703,0.03438076004385948,0.005835069153466736,0.9998484358048951,0.28150567412376404,0.0047937731967849125,
test/algebra/1332.json|64,test/algebra/1332.json,64,6,0,C,0.00011306085905189798,2.000854969024658,0.020867399871349335,0.0006957832374610007,0.00011808765429352472,0.03334307300944373,0.48453429341316223,0.00836899306019927,
test/algebra/1332.json|64,test/algebra/1332.json,64,6,1,R,0.0002503266632394594,0.0520404651761055,0.0005587355699390173,0.0005587284686043859,0.00925095206452666,0.9999872885583077,0.21019403636455536,0.00726449722267484,
test/algebra/1332.json|64,test/algebra/1332.json,64,6,1,C,0.00011306085905189798,0.05252884328365326,0.0003246888518333435,0.00014450174057856202,0.00239253725279473,0.4450468173378652,0.12055307626724243,0.0041685841938807824,
test/algebra/1332.json|64,test/algebra/1332.json,64,6,2,R,0.0002503266632394594,0.05583871528506279,0.00026804773369804025,0.0002679582976270467,0.005400590818846463,0.9996663390157193,0.16023804247379303,0.005774738241258474,
test/algebra/1332.json|64,test/algebra/1332.json,64,6,2,C,0.00011306085905189798,0.0571882501244545,0.0002899598912335932,0.00012341592810116708,0.002487397979853796,0.42563103176263617,0.1709757298231125,0.006171941680390387,
test/algebra/1332.json|64,test/algebra/1332.json,64,6,4,R,0.0002503266632394594,0.05765295401215553,0.0003302924451418221,0.00032986028236337006,0.007319991388454539,0.9986915723217403,0.20930640399456024,0.007102617881745019,
test/algebra/1332.json|64,test/algebra/1332.json,64,6,4,C,0.00011306085905189798,0.05864249914884567,0.00044459858327172697,0.00017757380555849522,0.003940573621626259,0.39940254386857604,0.19410157203674316,0.006604471528599015,
test/algebra/1332.json|64,test/algebra/1332.json,64,6,5,R,0.0002503266632394594,0.05820795148611069,0.0003807189059443772,0.00038061803206801414,0.011321464884646155,0.9997350410643573,0.26904428005218506,0.012096181294472447,
test/algebra/1332.json|64,test/algebra/1332.json,64,6,5,C,0.00011306085905189798,0.058659449219703674,0.0005607242346741259,0.00019658850214909762,0.005847515451943906,0.35059747669502955,0.2017403095960617,0.009065920786873686,
test/algebra/1332.json|64,test/algebra/1332.json,64,6,6,R,0.0002503266632394594,0.06072451174259186,0.00047972938045859337,0.0004794202686753124,0.009290485162543903,0.9993556517586204,0.2661183178424835,0.008764667489773703,
test/algebra/1332.json|64,test/algebra/1332.json,64,6,6,C,0.00011306085905189798,0.06122749671339989,0.0005542627768591046,0.00021163331985007972,0.004101153719261435,0.38182849057180884,0.1944950520992279,0.006393795396567872,
test/algebra/1332.json|64,test/algebra/1332.json,64,6,8,R,0.0002503266632394594,0.30424219369888306,0.0004364794585853815,0.0004352449323050678,0.00614933220215556,0.997171625712957,0.2542593479156494,0.007139390046305022,
test/algebra/1332.json|64,test/algebra/1332.json,64,6,8,C,0.00011306085905189798,0.3056586980819702,0.0020922161638736725,0.000934329757001251,0.01320062253621574,0.4465741985401712,1.0273512601852417,0.026649981103406037,
test/algebra/1332.json|64,test/algebra/1332.json,64,6,9,R,0.0002503266632394594,0.08376497030258179,0.00038713793037459254,0.00038677669363096356,0.006767975272568689,0.9990669017051718,0.2434927374124527,0.00812549096739305,
test/algebra/1332.json|64,test/algebra/1332.json,64,6,9,C,0.00011306085905189798,0.08488664776086807,0.0006524073542095721,0.0003531382535584271,0.0061793562208842245,0.5412849054177031,0.35075125098228455,0.011727171378627298,
test/algebra/1332.json|64,test/algebra/1332.json,64,6,10,R,0.0002503266632394594,0.08238481730222702,0.0004596017533913255,0.00045894397771917284,0.008131745309790963,0.9985688116595122,0.3299713730812073,0.009093324883024802,
test/algebra/1332.json|64,test/algebra/1332.json,64,6,10,C,0.00011306085905189798,0.08323682844638824,0.0005717423628084362,0.0003432390803936869,0.00608164158945826,0.6003387226850485,0.3043174743652344,0.00838891445173574,
test/algebra/1332.json|64,test/algebra/1332.json,64,6,12,R,0.0002503266632394594,0.06920333951711655,0.000418925192207098,0.00041805001092143357,0.006036522990265753,0.9979108864784081,0.24937796592712402,0.006065122845080389,
test/algebra/1332.json|64,test/algebra/1332.json,64,6,12,C,0.00011306085905189798,0.06978138536214828,0.0005981225986033678,0.0004155802307650447,0.006000860068831826,0.6948077719193821,0.3115077018737793,0.007586255492113115,
test/algebra/1332.json|64,test/algebra/1332.json,64,6,13,R,0.0002503266632394594,0.07431773096323013,0.0005920541589148343,0.0005908641614951193,0.009032855804667029,0.9979900514171101,0.2732313275337219,0.009156623695213442,
test/algebra/1332.json|64,test/algebra/1332.json,64,6,13,C,0.00011306085905189798,0.07511758804321289,0.0004796232096850872,0.0003930160019081086,0.006008245389565755,0.8194265689242394,0.39763808250427246,0.01334681010635689,
test/algebra/1332.json|64,test/algebra/1332.json,64,6,14,R,0.0002503266632394594,0.07672230899333954,0.000503122282680124,0.0005025241989642382,0.006868437333853716,0.9988112537741101,0.2651200592517853,0.006945443012158134,
test/algebra/1332.json|64,test/algebra/1332.json,64,6,14,C,0.00011306085905189798,0.07718322426080704,0.0005228003719821572,0.0003298745141364634,0.004508683229686576,0.630976049720075,0.326466828584671,0.008561757311272476,
test/algebra/1332.json|64,test/algebra/1332.json,64,6,16,R,0.0002503266632394594,0.06705087423324585,0.0004385750216897577,0.00043818593258038163,0.007268070788479122,0.9991128311252433,0.2837268114089966,0.007669405807740436,
test/algebra/1332.json|64,test/algebra/1332.json,64,6,16,C,0.00011306085905189798,0.06738243252038956,0.0004979486111551523,0.0003580941411200911,0.005939610044699504,0.7191387472097523,0.29629385471343994,0.00799907675636477,
test/algebra/1332.json|64,test/algebra/1332.json,64,6,17,R,0.0002503266632394594,0.06624041497707367,0.0003451662487350404,0.0003440649597905576,0.006345352620907704,0.9968093927337097,0.2415314018726349,0.006829007294920056,
test/algebra/1332.json|64,test/algebra/1332.json,64,6,17,C,0.00011306085905189798,0.06697754561901093,0.0004690001951530576,0.0004268538032192737,0.007872170129299437,0.9101356603270386,0.3420678675174713,0.009674254073431246,
test/algebra/1332.json|64,test/algebra/1332.json,64,6,18,R,0.0002503266632394594,0.057330965995788574,0.000475608860142529,0.0004728717904072255,0.004487647002147363,0.9942451224968172,0.2368466705083847,0.004924869926301877,
test/algebra/1332.json|64,test/algebra/1332.json,64,6,18,C,0.00011306085905189798,0.05800312012434006,0.0005031177424825728,0.00039379208465106785,0.0037371649229315552,0.7827036310133797,0.2548028230667114,0.005311051465292078,
test/algebra/1332.json|64,test/algebra/1332.json,64,6,20,R,0.0002503266632394594,0.22209486365318298,0.001006438280455768,0.001001895871013403,0.004055924932178318,0.9954866477894752,0.24623288214206696,0.005191265633531332,
test/algebra/1332.json|64,test/algebra/1332.json,64,6,20,C,0.00011306085905189798,0.22756297886371613,0.0012193942675366998,0.001095496118068695,0.004434842129736596,0.8983936913065163,0.38288381695747375,0.008070985356402095,
test/algebra/1332.json|64,test/algebra/1332.json,64,6,21,R,0.0002503266632394594,0.1908489167690277,0.0010044013615697622,0.0009965372737497091,0.0037289036209931002,0.9921703722106342,0.2595343291759491,0.0050048800823629955,
test/algebra/1332.json|64,test/algebra/1332.json,64,6,21,C,0.00011306085905189798,0.19174979627132416,0.0010758382268249989,0.001003837794996798,0.0037562211542459954,0.9330750377091892,0.40671777725219727,0.007815133576276053,
test/algebra/1332.json|64,test/algebra/1332.json,64,6,22,R,0.0002503266632394594,0.08129820972681046,0.00034838978899642825,0.00034724624129012227,0.003597110429233265,0.9967176170509541,0.16786956787109375,0.003731123115035388,
test/algebra/1332.json|64,test/algebra/1332.json,64,6,22,C,0.00011306085905189798,0.08241385966539383,0.0006550963153131306,0.0005941258277744055,0.006154526549874431,0.9069289705644112,0.40512901544570923,0.009011378384524508,
test/algebra/1332.json|64,test/algebra/1332.json,64,6,24,R,0.0002503266632394594,0.18652932345867157,0.0011156838154420257,0.0011128950864076614,0.0029108870931519202,0.9975004297873051,0.19649650156497955,0.0036797277587535824,
test/algebra/1332.json|64,test/algebra/1332.json,64,6,24,C,0.00011306085905189798,0.1882963627576828,0.00141865573823452,0.00130974012427032,0.0034257547451558416,0.9232261838076594,0.48266515135765076,0.009025911903653113,
test/algebra/1332.json|64,test/algebra/1332.json,64,6,25,R,0.0002503266632394594,0.18930022418498993,0.0007371240644715726,0.000717423390597105,0.002245246566191217,0.9732735969461747,0.15887171030044556,0.003185668128089076,
test/algebra/1332.json|64,test/algebra/1332.json,64,6,25,C,0.00011306085905189798,0.1984936147928238,0.0011171915102750063,0.0010485075181350112,0.0032814066778042526,0.9385208422666864,0.570491373538971,0.011489198514894543,
test/algebra/1332.json|64,test/algebra/1332.json,64,6,26,R,0.0002503266632394594,0.34241652488708496,0.00037343078292906284,0.0003710502351168543,0.0025766304026955994,0.9936251939725977,0.16416409611701965,0.003883104039483938,
test/algebra/1332.json|64,test/algebra/1332.json,64,6,26,C,0.00011306085905189798,0.34585681557655334,0.001203223248012364,0.0008766928222030401,0.006087890980050085,0.7286202480899964,0.5704512596130371,0.013379921144020068,
test/algebra/1332.json|64,test/algebra/1332.json,64,6,28,R,0.0002503266632394594,0.21406130492687225,0.0015544359339401126,0.001531242742203176,0.004674816737068858,0.9850793511552278,0.16930313408374786,0.004039103549922436,
test/algebra/1332.json|64,test/algebra/1332.json,64,6,28,C,0.00011306085905189798,0.21675588190555573,0.0017748248064890504,0.0016555843176320195,0.00505442609743188,0.9328156281375583,0.7399829626083374,0.017641728054677137,
test/algebra/1332.json|64,test/algebra/1332.json,64,6,29,R,0.0002503266632394594,0.1238313689827919,0.0007453003781847656,0.0007430954719893634,0.004055316258282627,0.9970415858397739,0.1889066994190216,0.0038785502758862094,
test/algebra/1332.json|64,test/algebra/1332.json,64,6,29,C,0.00011306085905189798,0.12507380545139313,0.0009497305727563798,0.0008330271230079234,0.004546102839895636,0.8771194126278674,0.3382128179073334,0.00695940126567297,
test/algebra/1332.json|64,test/algebra/1332.json,64,6,30,R,0.0002503266632394594,0.15830078721046448,0.0006634177407249808,0.0006584553048014641,0.003836171441075158,0.9925198911463934,0.18314094841480255,0.0034727278827260044,
test/algebra/1332.json|64,test/algebra/1332.json,64,6,30,C,0.00011306085905189798,0.15966014564037323,0.001118095708079636,0.0010683657601475716,0.006224316499259455,0.9555226368116555,0.3241932988166809,0.006160038587849707,
test/algebra/1332.json|64,test/algebra/1332.json,64,7,0,R,0.0002503266632394594,1.8400946855545044,0.03201281651854515,0.03200792148709297,0.005553683786079523,0.999847091478215,0.2645408809185028,0.00449203972849412,
test/algebra/1332.json|64,test/algebra/1332.json,64,7,0,C,0.00011306085905189798,1.9971007108688354,0.022392593324184418,0.0007681410643272102,0.00013327989998026401,0.03430335438027628,0.594802975654602,0.010230107617996243,
test/algebra/1332.json|64,test/algebra/1332.json,64,7,1,R,0.0002503266632394594,0.051913097500801086,0.0006847699405625463,0.0006847491022199392,0.010054427289335689,0.9999695673811858,0.2324666827917099,0.007776949254736226,
test/algebra/1332.json|64,test/algebra/1332.json,64,7,1,C,0.00011306085905189798,0.052460797131061554,0.00038068852154538035,0.00014324048242997378,0.0021032536016658402,0.3762668794746725,0.11116484552621841,0.0037181653837559596,
test/algebra/1332.json|64,test/algebra/1332.json,64,7,2,R,0.0002503266632394594,0.055440157651901245,0.0002908625756390393,0.00029074514168314636,0.0052642849940327556,0.9995962527828437,0.16865606606006622,0.006070224027090731,
test/algebra/1332.json|64,test/algebra/1332.json,64,7,2,C,0.00011306085905189798,0.05691862851381302,0.0003682186361402273,0.0001375579013256356,0.0024906486538934266,0.3735766945257851,0.17050538957118988,0.0061518478842762766,
test/algebra/1332.json|64,test/algebra/1332.json,64,7,4,R,0.0002503266632394594,0.057454079389572144,0.0003274743794463575,0.00032730301609262824,0.007181371401942823,0.9994767091291366,0.2229062020778656,0.007383806429337599,
test/algebra/1332.json|64,test/algebra/1332.json,64,7,4,C,0.00011306085905189798,0.05849134549498558,0.0003775427467189729,0.00019239276298321784,0.004221298974029108,0.5095919975833492,0.2064492255449295,0.006845107436740922,
test/algebra/1332.json|64,test/algebra/1332.json,64,7,5,R,0.0002503266632394594,0.05801642686128616,0.0003324605931993574,0.0003321600379422307,0.010235328766178891,0.9990959642665306,0.24219636619091034,0.010625348240272425,
test/algebra/1332.json|64,test/algebra/1332.json,64,7,5,C,0.00011306085905189798,0.05847311392426491,0.00046822644071653485,0.0001979584340006113,0.006099980198059147,0.4227835430969866,0.22688092291355133,0.009946828859274783,
test/algebra/1332.json|64,test/algebra/1332.json,64,7,6,R,0.0002503266632394594,0.060441505163908005,0.0003928977530449629,0.0003927621291950345,0.007383119161382121,0.9996548087930458,0.22941932082176208,0.00742682492719241,
test/algebra/1332.json|64,test/algebra/1332.json,64,7,6,C,0.00011306085905189798,0.06097303330898285,0.0004919227794744074,0.00020199021673761308,0.0037970000892490648,0.4106136669312507,0.2085733264684677,0.006757734680968966,
test/algebra/1332.json|64,test/algebra/1332.json,64,7,8,R,0.0002503266632394594,0.3039579689502716,0.00045038582175038755,0.00044986791908741,0.006790601567330096,0.9988500888864243,0.30906838178634644,0.008693502854043822,
test/algebra/1332.json|64,test/algebra/1332.json,64,7,8,C,0.00011306085905189798,0.3054255545139313,0.0021660439670085907,0.0013206509174779058,0.01993477153986368,0.6097064219301517,1.4039826393127441,0.03651577825821254,
test/algebra/1332.json|64,test/algebra/1332.json,64,7,9,R,0.0002503266632394594,0.08332044631242752,0.00033550438820384443,0.000335026066750288,0.0062439627017132895,0.998574318342924,0.23404349386692047,0.007564477338569312,
test/algebra/1332.json|64,test/algebra/1332.json,64,7,9,C,0.00011306085905189798,0.08469326794147491,0.000589402683544904,0.00035948833101429045,0.006699871900497308,0.6099197381360122,0.3772750496864319,0.012222973791450088,
test/algebra/1332.json|64,test/algebra/1332.json,64,7,10,R,0.0002503266632394594,0.08194027841091156,0.0004930138820782304,0.0004923650994896889,0.008692285341553837,0.9986840460059853,0.3572200834751129,0.009462230230551505,
test/algebra/1332.json|64,test/algebra/1332.json,64,7,10,C,0.00011306085905189798,0.08286670595407486,0.000502153008710593,0.00035448872949928045,0.006258195778633103,0.7059376776484597,0.3164767026901245,0.008381115376797685,
test/algebra/1332.json|64,test/algebra/1332.json,64,7,12,R,0.0002503266632394594,0.06897527724504471,0.00044471389264799654,0.00044419619371183217,0.0066584405190807175,0.9988358809032979,0.2837175130844116,0.0067715687304882675,
test/algebra/1332.json|64,test/algebra/1332.json,64,7,12,C,0.00011306085905189798,0.0695977732539177,0.0005443271948024631,0.0003902814642060548,0.005850266057888836,0.7169979145184735,0.31127458810806274,0.007444829876588086,
test/algebra/1332.json|64,test/algebra/1332.json,64,7,13,R,0.0002503266632394594,0.07394871860742569,0.0007501087384298444,0.0007487026741728187,0.010362455025307138,0.9981255180974234,0.3262670338153839,0.009999627237263298,
test/algebra/1332.json|64,test/algebra/1332.json,64,7,13,C,0.00011306085905189798,0.07477673143148422,0.0004688740591518581,0.00031930182012729347,0.004419312050973186,0.6809969824815614,0.3041040301322937,0.009340038598305383,
test/algebra/1332.json|64,test/algebra/1332.json,64,7,14,R,0.0002503266632394594,0.07624000310897827,0.0005378348287194967,0.0005372064188122749,0.006463606692030615,0.998831591275802,0.2755110561847687,0.006622660643264312,
test/algebra/1332.json|64,test/algebra/1332.json,64,7,14,C,0.00011306085905189798,0.07665176689624786,0.0006515306304208934,0.00041324837366119027,0.0049721575542094115,0.6342731311956212,0.3777753412723541,0.009138922857175649,
test/algebra/1332.json|64,test/algebra/1332.json,64,7,16,R,0.0002503266632394594,0.06686508655548096,0.00047108775470405817,0.0004704234597738832,0.006367281620781471,0.9985898679765469,0.27038687467575073,0.00659566647439928,
test/algebra/1332.json|64,test/algebra/1332.json,64,7,16,C,0.00011306085905189798,0.06719698756933212,0.0005262871272861958,0.00039407407166436315,0.005333876407739313,0.7487815120001663,0.27286070585250854,0.006658416106180479,
test/algebra/1332.json|64,test/algebra/1332.json,64,7,17,R,0.0002503266632394594,0.06549225747585297,0.00031996084726415575,0.00031899652094580233,0.0052391012262849165,0.9969861083829942,0.2277418076992035,0.006422442827628004,
test/algebra/1332.json|64,test/algebra/1332.json,64,7,17,C,0.00011306085905189798,0.06624211370944977,0.0005419807857833803,0.0004895373131148517,0.008040011000270415,0.9032373933773981,0.3613602817058563,0.010204465247885838,
test/algebra/1332.json|64,test/algebra/1332.json,64,7,18,R,0.0002503266632394594,0.05695614591240883,0.0005211288225837052,0.0005181530141271651,0.004665837179427618,0.9942896855405617,0.2608013153076172,0.005380325092876373,
test/algebra/1332.json|64,test/algebra/1332.json,64,7,18,C,0.00011306085905189798,0.057656172662973404,0.0004537888744380325,0.0003630418796092272,0.003269100542478562,0.8000237539071242,0.21163761615753174,0.004376763700579752,
test/algebra/1332.json|64,test/algebra/1332.json,64,7,20,R,0.0002503266632394594,0.22151443362236023,0.0010131848976016045,0.0010099373757839203,0.0033632636918314064,0.9967947382336961,0.2149568498134613,0.004526051383288892,
test/algebra/1332.json|64,test/algebra/1332.json,64,7,20,C,0.00011306085905189798,0.22722990810871124,0.0011754005681723356,0.0010759256547316909,0.0035830159140909416,0.9153693497777609,0.3379288613796234,0.00711737084828384,
test/algebra/1332.json|64,test/algebra/1332.json,64,7,21,R,0.0002503266632394594,0.19026115536689758,0.0010705169988796115,0.001067415694706142,0.0033748528864938577,0.9971029837229878,0.23249095678329468,0.004446031296693933,
test/algebra/1332.json|64,test/algebra/1332.json,64,7,21,C,0.00011306085905189798,0.19125553965568542,0.0012352217454463243,0.0011122659780085087,0.0035166562240443048,0.9004585461747628,0.333221435546875,0.006373813824187319,
test/algebra/1332.json|64,test/algebra/1332.json,64,7,22,R,0.0002503266632394594,0.08063888549804688,0.00036300308420322835,0.0003617210022639483,0.0034437353452825845,0.9964681210944467,0.1632853001356125,0.003765616513496417,
test/algebra/1332.json|64,test/algebra/1332.json,64,7,22,C,0.00011306085905189798,0.08187603950500488,0.0006946205976419151,0.0006049281219020486,0.0057591689222108635,0.8708755874570544,0.42651113867759705,0.009851928850562007,
test/algebra/1332.json|64,test/algebra/1332.json,64,7,24,R,0.0002503266632394594,0.18593232333660126,0.0013071829453110695,0.0012754665222018957,0.0035256296357784947,0.9757368131226933,0.20806996524333954,0.0038438586046038396,
test/algebra/1332.json|64,test/algebra/1332.json,64,7,24,C,0.00011306085905189798,0.18787476420402527,0.0014933585189282894,0.0013549344148486853,0.0037452938547379287,0.9073068501418861,0.45049893856048584,0.008318571276746314,
test/algebra/1332.json|64,test/algebra/1332.json,64,7,25,R,0.0002503266632394594,0.18832163512706757,0.0008252326515503228,0.0008223929326049984,0.0026101454699302717,0.9965588856226805,0.16294647753238678,0.003373508689466641,
test/algebra/1332.json|64,test/algebra/1332.json,64,7,25,C,0.00011306085905189798,0.19786711037158966,0.001151569653302431,0.0010136032942682505,0.0032170170023961054,0.8801927790310223,0.594989538192749,0.012378828088455274,
test/algebra/1332.json|64,test/algebra/1332.json,64,7,26,R,0.0002503266632394594,0.3419968783855438,0.00038076890632510185,0.0003765196306630969,0.002554181988523943,0.9888402740343059,0.17421048879623413,0.004077461575778831,
test/algebra/1332.json|64,test/algebra/1332.json,64,7,26,C,0.00011306085905189798,0.3454182744026184,0.0013206956209614873,0.000944725121371448,0.006408696101351905,0.7153238836124476,0.7408310174942017,0.017762731135679236,
test/algebra/1332.json|64,test/algebra/1332.json,64,7,28,R,0.0002503266632394594,0.21350295841693878,0.0011913186172023416,0.0011864524567499757,0.0029573558298052684,0.9959153148637022,0.16390804946422577,0.003638387679522366,
test/algebra/1332.json|64,test/algebra/1332.json,64,7,28,C,0.00011306085905189798,0.2164403647184372,0.0016340708825737238,0.0014884014381095767,0.0037099949897204275,0.9108548797188241,0.6512139439582825,0.014434330100862614,
test/algebra/1332.json|64,test/algebra/1332.json,64,7,29,R,0.0002503266632394594,0.1232585534453392,0.0008433648617938161,0.0008274024585261941,0.004238111951092957,0.981072955523967,0.19250914454460144,0.003918744496473157,
test/algebra/1332.json|64,test/algebra/1332.json,64,7,29,C,0.00011306085905189798,0.12480417639017105,0.0008807061822153628,0.000793521641753614,0.004064567996760947,0.9010060981479118,0.31435808539390564,0.006407459425984456,
test/algebra/1332.json|64,test/algebra/1332.json,64,7,30,R,0.0002503266632394594,0.1572086066007614,0.0006863129092380404,0.0006680636433884501,0.003920857331617665,0.9734096990201442,0.1827404648065567,0.0034750252660025426,
test/algebra/1332.json|64,test/algebra/1332.json,64,7,30,C,0.00011306085905189798,0.15858173370361328,0.001204399042762816,0.0011052446207031608,0.006486667127004883,0.917673113763131,0.36715564131736755,0.007011723920488848,
test/algebra/1332.json|64,test/algebra/1332.json,64,8,0,R,0.0002503266632394594,1.8046423196792603,0.035901978611946106,0.0358971543610096,0.005807307133020184,0.9998656271291196,0.27578744292259216,0.004884228428382008,
test/algebra/1332.json|64,test/algebra/1332.json,64,8,0,C,0.00011306085905189798,1.9642345905303955,0.012556841596961021,0.0005783634842373431,9.356547746687366e-05,0.04605963049906257,0.10035234689712524,0.0017830539451394642,
test/algebra/1332.json|64,test/algebra/1332.json,64,8,1,R,0.0002503266632394594,0.05131624639034271,0.0005861122044734657,0.0005861074314452708,0.0065418586949699195,0.9999918547538332,0.1627381145954132,0.005574029889865069,
test/algebra/1332.json|64,test/algebra/1332.json,64,8,1,C,0.00011306085905189798,0.05197276920080185,0.00037079857429489493,0.00017628722707740963,0.0019676360806835736,0.4754258479477947,0.13010995090007782,0.004464562283235123,
test/algebra/1332.json|64,test/algebra/1332.json,64,8,2,R,0.0002503266632394594,0.05392926186323166,0.0002660103200469166,0.00026582673308439553,0.00588138931206271,0.9993098464683681,0.1572510302066803,0.005729256098449727,
test/algebra/1332.json|64,test/algebra/1332.json,64,8,2,C,0.00011306085905189798,0.05533766746520996,0.00020241555466782302,0.00012169552792329341,0.002692501122626564,0.6012162826211026,0.1297728419303894,0.0047207180261952175,
test/algebra/1332.json|64,test/algebra/1332.json,64,8,4,R,0.0002503266632394594,0.055935751646757126,0.00028246475267224014,0.0002824052353389561,0.006431938912129615,0.9997892893449174,0.16200612485408783,0.006271195211444757,
test/algebra/1332.json|64,test/algebra/1332.json,64,8,4,C,0.00011306085905189798,0.05695989727973938,0.00022306022583507001,0.0001617993984837085,0.003685072784920053,0.7253619382506162,0.14477631449699402,0.005603174044203352,
test/algebra/1332.json|64,test/algebra/1332.json,64,8,5,R,0.0002503266632394594,0.05684102699160576,0.0003838439879473299,0.00038378749741241336,0.010238422599847773,0.999852826834487,0.26831352710723877,0.010382682032126828,
test/algebra/1332.json|64,test/algebra/1332.json,64,8,5,C,0.00011306085905189798,0.05733172595500946,0.000614875287283212,0.00020092798513360322,0.005360220532987124,0.3267784361518456,0.25652897357940674,0.009955110895361729,
test/algebra/1332.json|64,test/algebra/1332.json,64,8,6,R,0.0002503266632394594,0.05940909683704376,0.00046476954594254494,0.0004645775770768523,0.008188816648482417,0.9995869568758206,0.24804317951202393,0.007453913546332054,
test/algebra/1332.json|64,test/algebra/1332.json,64,8,6,C,0.00011306085905189798,0.05992026627063751,0.000579886487685144,0.00021785794524475932,0.0038400449290933807,0.3756906730811033,0.18884709477424622,0.00566882641613285,
test/algebra/1332.json|64,test/algebra/1332.json,64,8,8,R,0.0002503266632394594,0.3020349442958832,0.0004566402349155396,0.00045501335989683867,0.00615141116081895,0.9964372915684069,0.2660198211669922,0.007954007964227558,
test/algebra/1332.json|64,test/algebra/1332.json,64,8,8,C,0.00011306085905189798,0.3035632073879242,0.0021345585118979216,0.002024374669417739,0.02736790176437624,0.948380968329327,2.046066999435425,0.05997082687074906,
test/algebra/1332.json|64,test/algebra/1332.json,64,8,9,R,0.0002503266632394594,0.08158770948648453,0.00033875348162837327,0.0003385863674338907,0.006031252042497531,0.9995066760843728,0.2418430894613266,0.007954348773485817,
test/algebra/1332.json|64,test/algebra/1332.json,64,8,9,C,0.00011306085905189798,0.08297930657863617,0.0005645915516652167,0.00035536455106921494,0.006330122475725195,0.629418823912043,0.4231387674808502,0.013943286140410103,
test/algebra/1332.json|64,test/algebra/1332.json,64,8,10,R,0.0002503266632394594,0.08012636750936508,0.00041834302828647196,0.00041786496876738966,0.007501769505976767,0.9988572523369215,0.2929283380508423,0.007783764175167767,
test/algebra/1332.json|64,test/algebra/1332.json,64,8,10,C,0.00011306085905189798,0.08113967627286911,0.0004814512503799051,0.0003358246467541903,0.006028931072655666,0.6975257532131675,0.3080269694328308,0.008199664130730236,
test/algebra/1332.json|64,test/algebra/1332.json,64,8,12,R,0.0002503266632394594,0.06815683096647263,0.00037258039810694754,0.000371983420336619,0.0060472023012635885,0.9983977182595771,0.25452157855033875,0.00654547473848008,
test/algebra/1332.json|64,test/algebra/1332.json,64,8,12,C,0.00011306085905189798,0.06884542852640152,0.0005240346654318273,0.0003956076398026198,0.006431252843599796,0.754926467930696,0.33650076389312744,0.008678784788440103,
test/algebra/1332.json|64,test/algebra/1332.json,64,8,13,R,0.0002503266632394594,0.07222267240285873,0.00062157167121768,0.0006202629883773625,0.008508526337692375,0.997894556816516,0.2712540626525879,0.00868518762168174,
test/algebra/1332.json|64,test/algebra/1332.json,64,8,13,C,0.00011306085905189798,0.07308878749608994,0.0005873356712982059,0.00037734737270511687,0.00517630443744479,0.6424731043980036,0.36294248700141907,0.011696052982037573,
test/algebra/1332.json|64,test/algebra/1332.json,64,8,14,R,0.0002503266632394594,0.07524370402097702,0.0005347609403543174,0.0005339166964404285,0.006603634758055342,0.9984212666846034,0.2615588307380676,0.006317484755362735,
test/algebra/1332.json|64,test/algebra/1332.json,64,8,14,C,0.00011306085905189798,0.07569278031587601,0.0006666312110610306,0.00039912975626066327,0.004936551242898152,0.5987264758076203,0.3415488302707672,0.008290012230864788,
test/algebra/1332.json|64,test/algebra/1332.json,64,8,16,R,0.0002503266632394594,0.06631842255592346,0.00045051888446323574,0.00044661114225164056,0.006176257807026969,0.9913261278546023,0.271331787109375,0.006722684022314183,
test/algebra/1332.json|64,test/algebra/1332.json,64,8,16,C,0.00011306085905189798,0.0666792169213295,0.0005612709792330861,0.00040420261211693287,0.005589783376477616,0.7201559074888827,0.2576006054878235,0.006394926114242932,
test/algebra/1332.json|64,test/algebra/1332.json,64,8,17,R,0.0002503266632394594,0.06291862577199936,0.00030889041954651475,0.0003066358622163534,0.005194385897666106,0.9927011063464759,0.21752560138702393,0.006394979700198581,
test/algebra/1332.json|64,test/algebra/1332.json,64,8,17,C,0.00011306085905189798,0.06359342485666275,0.0004673586809076369,0.00041689546196721494,0.007062174309264492,0.8920246442530089,0.3249162435531616,0.009550460496492294,
test/algebra/1332.json|64,test/algebra/1332.json,64,8,18,R,0.0002503266632394594,0.05580546334385872,0.0004870740813203156,0.00048174255061894655,0.0044517207695294846,0.9890539614097905,0.2427435964345932,0.005218401372960089,
test/algebra/1332.json|64,test/algebra/1332.json,64,8,18,C,0.00011306085905189798,0.05657217651605606,0.0004920072969980538,0.00036689508124254644,0.0033904301193804793,0.7457106484709048,0.2545473575592041,0.0054921123064977425,
test/algebra/1332.json|64,test/algebra/1332.json,64,8,20,R,0.0002503266632394594,0.21794797480106354,0.0011788331903517246,0.0011634824331849813,0.003915019607429818,0.9869780064903491,0.22238799929618835,0.004685206399095574,
test/algebra/1332.json|64,test/algebra/1332.json,64,8,20,C,0.00011306085905189798,0.22565419971942902,0.001300114905461669,0.0011896960204467177,0.004003226103018956,0.9150699023092798,0.42944687604904175,0.009045797487827873,
test/algebra/1332.json|64,test/algebra/1332.json,64,8,21,R,0.0002503266632394594,0.18844622373580933,0.001043147873133421,0.0010408053640276194,0.0033394664765052954,0.9977543834734385,0.2152981162071228,0.004173221781235578,
test/algebra/1332.json|64,test/algebra/1332.json,64,8,21,C,0.00011306085905189798,0.18958015739917755,0.0014791808789595962,0.00119720958173275,0.0038412957904791797,0.8093733484206825,0.30715370178222656,0.005960404970246002,
test/algebra/1332.json|64,test/algebra/1332.json,64,8,22,R,0.0002503266632394594,0.07591962069272995,0.0003433540987316519,0.0003424508322495967,0.0033850087728211444,0.9973692829566878,0.15490229427814484,0.003657726094684,
test/algebra/1332.json|64,test/algebra/1332.json,64,8,22,C,0.00011306085905189798,0.07722149789333344,0.0006351665942929685,0.0005460475222207606,0.005397492074854492,0.8596918135609729,0.35563915967941284,0.00840856524956873,
test/algebra/1332.json|64,test/algebra/1332.json,64,8,24,R,0.0002503266632394594,0.18266522884368896,0.0011888458393514156,0.001184905064292252,0.00314816163235966,0.9966852085229161,0.17579898238182068,0.0032942069278446436,
test/algebra/1332.json|64,test/algebra/1332.json,64,8,24,C,0.00011306085905189798,0.18473316729068756,0.0015141607727855444,0.0013748133787885308,0.0036527270084224096,0.9079705422241048,0.4673536717891693,0.00874956053077843,
test/algebra/1332.json|64,test/algebra/1332.json,64,8,25,R,0.0002503266632394594,0.18500177562236786,0.000759690476115793,0.0007578901713714004,0.0022670590755398527,0.9976302115155798,0.14178358018398285,0.0031050750842558975,
test/algebra/1332.json|64,test/algebra/1332.json,64,8,25,C,0.00011306085905189798,0.19455879926681519,0.0012349683092907071,0.0011181135196238756,0.003344586719683073,0.9053783083394874,0.6158438920974731,0.013568372192619662,
test/algebra/1332.json|64,test/algebra/1332.json,64,8,26,R,0.0002503266632394594,0.340691477060318,0.0003440055006649345,0.00034244131529703736,0.0018597790955369369,0.9954530193257761,0.16298356652259827,0.00369269799418274,
test/algebra/1332.json|64,test/algebra/1332.json,64,8,26,C,0.00011306085905189798,0.3442286550998688,0.0013893473660573363,0.0010446689557284117,0.005673537037827487,0.7519134382793268,0.7455679178237915,0.017215274656547062,
test/algebra/1332.json|64,test/algebra/1332.json,64,8,28,R,0.0002503266632394594,0.21162284910678864,0.0011112778447568417,0.0011070690816268325,0.00327870144181903,0.9962126806126125,0.16043312847614288,0.0034619800593860173,
test/algebra/1332.json|64,test/algebra/1332.json,64,8,28,C,0.00011306085905189798,0.21504706144332886,0.0017279906896874309,0.0015012524090707302,0.00444611679600103,0.8687850097580679,0.5993852019309998,0.012915838578395183,
test/algebra/1332.json|64,test/algebra/1332.json,64,8,29,R,0.0002503266632394594,0.12189190834760666,0.0007690180791541934,0.0007509840652346611,0.00426664066208041,0.9765492965836169,0.1689642071723938,0.0035455853084573855,
test/algebra/1332.json|64,test/algebra/1332.json,64,8,29,C,0.00011306085905189798,0.12391871213912964,0.0009050110238604248,0.0008306592353619635,0.004719307151770973,0.917844327355097,0.3489930331707001,0.007345624783885996,
test/algebra/1332.json|64,test/algebra/1332.json,64,8,30,R,0.0002503266632394594,0.15466845035552979,0.0007285067113116384,0.0007247836911119521,0.00395571450357739,0.9948895169574036,0.18974041938781738,0.0037282107050801245,
test/algebra/1332.json|64,test/algebra/1332.json,64,8,30,C,0.00011306085905189798,0.15645088255405426,0.0011656153947114944,0.0010867047822102904,0.005931002478134082,0.932301328730274,0.3824388086795807,0.007548936750696649,
test/algebra/1332.json|128,test/algebra/1332.json,128,1,0,R,0.0002728551723764287,2.193795919418335,0.04779184237122536,0.047785282135009766,0.007694629484466341,0.9998627331174116,0.3976660668849945,0.007018233127811846,
test/algebra/1332.json|128,test/algebra/1332.json,128,1,0,C,0.00016010373975861025,2.2335875034332275,0.022363895550370216,0.0007036965689621866,0.00011331280523479818,0.03146574206384503,1.3492028713226318,0.024163790673568983,
test/algebra/1332.json|128,test/algebra/1332.json,128,1,1,R,0.0002728551723764287,0.05534590035676956,0.0005667025689035654,0.0005647662910632789,0.008243564905013856,0.9965832538211077,0.2105446606874466,0.007197630570621985,
test/algebra/1332.json|128,test/algebra/1332.json,128,1,1,C,0.00016010373975861025,0.05548039823770523,0.0004882542707491666,0.0003330078616272658,0.004860721974103545,0.6820377841944283,0.25265932083129883,0.008665418243612945,
test/algebra/1332.json|128,test/algebra/1332.json,128,1,2,R,0.0002728551723764287,0.06465813517570496,0.000364809442544356,0.0003640999202616513,0.006657015396230819,0.9980550852088388,0.18517866730690002,0.006695308560297305,
test/algebra/1332.json|128,test/algebra/1332.json,128,1,2,C,0.00016010373975861025,0.0651441141963005,0.00037518690805882215,0.00013372249668464065,0.002444913249671581,0.3564156783084228,0.23791691660881042,0.008543360327494006,
test/algebra/1332.json|128,test/algebra/1332.json,128,1,4,R,0.0002728551723764287,0.057457420974969864,0.0003449601645115763,0.0003447145572863519,0.006320546903268213,0.9992880098927941,0.18338987231254578,0.006235294147448416,
test/algebra/1332.json|128,test/algebra/1332.json,128,1,4,C,0.00016010373975861025,0.0577564500272274,0.0005930506158620119,0.00015090990928001702,0.0027670231488946258,0.25446379278470593,0.18105757236480713,0.006148256697604461,
test/algebra/1332.json|128,test/algebra/1332.json,128,1,5,R,0.0002728551723764287,0.05673461779952049,0.0003255760238971561,0.00032547899172641337,0.009132934750243052,0.9997019646309233,0.20556195080280304,0.009201587700187907,
test/algebra/1332.json|128,test/algebra/1332.json,128,1,5,C,0.00016010373975861025,0.056850776076316833,0.00047797083971090615,0.00019401252211537212,0.005443987938549296,0.4059086990051718,0.2822149693965912,0.012544763362495425,
test/algebra/1332.json|128,test/algebra/1332.json,128,1,6,R,0.0002728551723764287,0.05810285359621048,0.0004969171131961048,0.0004967979621142149,0.008644254875823978,0.9997602173914203,0.250090628862381,0.00784494379904713,
test/algebra/1332.json|128,test/algebra/1332.json,128,1,6,C,0.00016010373975861025,0.05836566165089607,0.0005686357035301626,0.00023010928998701274,0.004003887905412392,0.4046690845365425,0.19830182194709778,0.006220448820050551,
test/algebra/1332.json|128,test/algebra/1332.json,128,1,8,R,0.0002728551723764287,0.30622929334640503,0.0005194892291910946,0.0005193627439439297,0.007324982180716369,0.9997565180569413,0.3146767318248749,0.008860312351823859,
test/algebra/1332.json|128,test/algebra/1332.json,128,1,8,C,0.00016010373975861025,0.30564916133880615,0.001884865341708064,0.0008782381773926318,0.012386485312701527,0.465942132572097,1.0027530193328857,0.02606384381501001,
test/algebra/1332.json|128,test/algebra/1332.json,128,1,9,R,0.0002728551723764287,0.08364847302436829,0.00037242917460389435,0.00037203304236754775,0.006247287212928094,0.9989363528362023,0.2598816454410553,0.008244458409257258,
test/algebra/1332.json|128,test/algebra/1332.json,128,1,9,C,0.00016010373975861025,0.08388549089431763,0.0006015924154780805,0.00035934417974203825,0.0060342121357186045,0.5973216581514724,0.42049142718315125,0.013371469026199139,
test/algebra/1332.json|128,test/algebra/1332.json,128,1,10,R,0.0002728551723764287,0.08302212506532669,0.00046428971108980477,0.00046384980669245124,0.007891967546033715,0.9990525196102806,0.32359591126441956,0.008677028739033931,
test/algebra/1332.json|128,test/algebra/1332.json,128,1,10,C,0.00016010373975861025,0.08335383236408234,0.0006240569637157023,0.00036250025732442737,0.00616760042789042,0.5808768715361895,0.3559901714324951,0.009550680328368387,
test/algebra/1332.json|128,test/algebra/1332.json,128,1,12,R,0.0002728551723764287,0.07066820561885834,0.00038190087070688605,0.0003813683579210192,0.006207483221899425,0.9986056230155045,0.2547178864479065,0.0064477966329288825,
test/algebra/1332.json|128,test/algebra/1332.json,128,1,12,C,0.00016010373975861025,0.07093805074691772,0.000529182783793658,0.0003620327333919704,0.005892759773149451,0.6841355081744321,0.3200499415397644,0.008127013767955793,
test/algebra/1332.json|128,test/algebra/1332.json,128,1,13,R,0.0002728551723764287,0.07485093176364899,0.0006077232537791133,0.0006065248744562268,0.0077998002702651574,0.9980280821682197,0.2815919518470764,0.008380950098578813,
test/algebra/1332.json|128,test/algebra/1332.json,128,1,13,C,0.00016010373975861025,0.07518751919269562,0.00045549808419309556,0.00035944703267887235,0.004622423878572544,0.7891296239510972,0.3254314064979553,0.009687333622284074,
test/algebra/1332.json|128,test/algebra/1332.json,128,1,14,R,0.0002728551723764287,0.07709594815969467,0.0005754922749474645,0.0005745082162320614,0.006539251057402552,0.9982900557374416,0.26156631112098694,0.0060393648446761495,
test/algebra/1332.json|128,test/algebra/1332.json,128,1,14,C,0.00016010373975861025,0.07736077159643173,0.0005376781919039786,0.0003846664621960372,0.004378406606889458,0.7154213566268494,0.31896454095840454,0.007364330826598916,
test/algebra/1332.json|128,test/algebra/1332.json,128,1,16,R,0.0002728551723764287,0.06900021433830261,0.0004397565498948097,0.0004379013553261757,0.007057141846706848,0.9957813122627529,0.28761231899261475,0.007297428359331402,
test/algebra/1332.json|128,test/algebra/1332.json,128,1,16,C,0.00016010373975861025,0.06917239725589752,0.0005532011855393648,0.0003679767542053014,0.005930249174002418,0.6651770877557885,0.28816625475883484,0.007283024631789482,
test/algebra/1332.json|128,test/algebra/1332.json,128,1,17,R,0.0002728551723764287,0.06765852123498917,0.00037403020542114973,0.00037178394268266857,0.006390707128967842,0.9939944322679867,0.25353679060935974,0.007403494123090682,
test/algebra/1332.json|128,test/algebra/1332.json,128,1,17,C,0.00016010373975861025,0.06805463135242462,0.0005347419646568596,0.0004492726584430784,0.007722684203209836,0.8401671970727161,0.3709041178226471,0.010848960827791384,
test/algebra/1332.json|128,test/algebra/1332.json,128,1,18,R,0.0002728551723764287,0.060240622609853745,0.000517365348059684,0.0005158167332410812,0.004776939865992308,0.9970067268296622,0.24765147268772125,0.005270986448032021,
test/algebra/1332.json|128,test/algebra/1332.json,128,1,18,C,0.00016010373975861025,0.06047395244240761,0.00042804100667126477,0.00035723031032830477,0.003308282963264237,0.834570295663488,0.21957287192344666,0.004669654466375305,
test/algebra/1332.json|128,test/algebra/1332.json,128,1,20,R,0.0002728551723764287,0.23091602325439453,0.0010546480771154165,0.001046949066221714,0.003588266413216792,0.9926999232697032,0.21650509536266327,0.004741436989047719,
test/algebra/1332.json|128,test/algebra/1332.json,128,1,20,C,0.00016010373975861025,0.23320095241069794,0.0014220658922567964,0.0012737879296764731,0.004365723790283318,0.895730595689389,0.37079480290412903,0.00811453269805628,
test/algebra/1332.json|128,test/algebra/1332.json,128,1,21,R,0.0002728551723764287,0.19925475120544434,0.0010444161016494036,0.0010386552894487977,0.0029543910065863463,0.9944841781106283,0.23844540119171143,0.004575346018779706,
test/algebra/1332.json|128,test/algebra/1332.json,128,1,21,C,0.00016010373975861025,0.1994556337594986,0.0016619379166513681,0.0015982053009793162,0.004545996555216775,0.9616516260955655,0.4271871745586395,0.008204124574920223,
test/algebra/1332.json|128,test/algebra/1332.json,128,1,22,R,0.0002728551723764287,0.08642686158418655,0.0003357300884090364,0.000333610427333042,0.003649803654044426,0.9936864101763251,0.16303424537181854,0.003723980612816761,
test/algebra/1332.json|128,test/algebra/1332.json,128,1,22,C,0.00016010373975861025,0.08695089817047119,0.000714274006895721,0.0006205644458532333,0.006789171430136702,0.868804462983947,0.43520787358283997,0.009969046452590839,
test/algebra/1332.json|128,test/algebra/1332.json,128,1,24,R,0.0002728551723764287,0.19523800909519196,0.0013909362023696303,0.0013850278919562697,0.0034578920929295067,0.9957522772079357,0.17730529606342316,0.003389188463670578,
test/algebra/1332.json|128,test/algebra/1332.json,128,1,24,C,0.00016010373975861025,0.1960781216621399,0.0014910254394635558,0.0013872119598090649,0.003463344886337107,0.9303744404104765,0.44171398878097534,0.008464803971170992,
test/algebra/1332.json|128,test/algebra/1332.json,128,1,25,R,0.0002728551723764287,0.19182106852531433,0.0008545242599211633,0.0008512833737768233,0.002425533160914791,0.9962073784296699,0.17309114336967468,0.003637931308170026,
test/algebra/1332.json|128,test/algebra/1332.json,128,1,25,C,0.00016010373975861025,0.198122039437294,0.0014656113926321268,0.001193128526210785,0.0033995410866750346,0.8140824582797042,0.6269285082817078,0.013246573269275324,
test/algebra/1332.json|128,test/algebra/1332.json,128,1,26,R,0.0002728551723764287,0.35299113392829895,0.0006931945099495351,0.0006898374995216727,0.004453353316979993,0.9951571869441609,0.183392733335495,0.004002727990917665,
test/algebra/1332.json|128,test/algebra/1332.json,128,1,26,C,0.00016010373975861025,0.3568091094493866,0.00100313953589648,0.0007855245494283736,0.00507107595657194,0.7830660845635042,0.5400159955024719,0.011913221448513854,
test/algebra/1332.json|128,test/algebra/1332.json,128,1,28,R,0.0002728551723764287,0.2220984697341919,0.001474727876484394,0.0014071600744500756,0.0038611201679525585,0.9541828671811804,0.19352887570858002,0.0042068154144032175,
test/algebra/1332.json|128,test/algebra/1332.json,128,1,28,C,0.00016010373975861025,0.2236131876707077,0.0016738325357437134,0.0014899054076522589,0.0040881658897804485,0.8901161704926183,0.7682192325592041,0.016608967114922022,
test/algebra/1332.json|128,test/algebra/1332.json,128,1,29,R,0.0002728551723764287,0.12613674998283386,0.0007599139353260398,0.0007556508062407374,0.00394052337330972,0.9943899830210862,0.193292498588562,0.0038289457807457274,
test/algebra/1332.json|128,test/algebra/1332.json,128,1,29,C,0.00016010373975861025,0.12675605714321136,0.0010471330024302006,0.0009245090768672526,0.004821075549903918,0.8828955575258766,0.39811739325523376,0.00792502199297509,
test/algebra/1332.json|128,test/algebra/1332.json,128,1,30,R,0.0002728551723764287,0.16680075228214264,0.0007916072499938309,0.0007839733152650297,0.004209556457710573,0.9903564100515538,0.23312097787857056,0.004432976209542182,
test/algebra/1332.json|128,test/algebra/1332.json,128,1,30,C,0.00016010373975861025,0.16712893545627594,0.001100690453313291,0.0009742456022650003,0.005231226352422886,0.8851222416322505,0.33550459146499634,0.0063843778190785065,
test/algebra/1332.json|128,test/algebra/1332.json,128,2,0,R,0.0002728551723764287,2.096874475479126,0.041637420654296875,0.0416320264339447,0.008188001007969502,0.999870447754273,0.4229317605495453,0.0076007160471204885,
test/algebra/1332.json|128,test/algebra/1332.json,128,2,0,C,0.00016010373975861025,2.1793665885925293,0.021553635597229004,0.0007278821431100368,0.0001431566087930943,0.03377073625434424,0.8099521398544312,0.014698124495861905,
test/algebra/1332.json|128,test/algebra/1332.json,128,2,1,R,0.0002728551723764287,0.053992148488759995,0.0007908034021966159,0.0007907081162557006,0.008210001710733938,0.9998795061572444,0.1910778135061264,0.00664654794446037,
test/algebra/1332.json|128,test/algebra/1332.json,128,2,1,C,0.00016010373975861025,0.05447002872824669,0.000498940993566066,0.00038480156217701733,0.003995433231072046,0.7712366118796935,0.2502400577068329,0.008708191487681404,
test/algebra/1332.json|128,test/algebra/1332.json,128,2,2,R,0.0002728551723764287,0.06185329705476761,0.00033586579957045615,0.0003331518091727048,0.006042774541118371,0.9919194172400354,0.1617530882358551,0.005716755441624522,
test/algebra/1332.json|128,test/algebra/1332.json,128,2,2,C,0.00016010373975861025,0.06260897219181061,0.0004522106028161943,0.00014731372357346117,0.002672005956016262,0.3257635321469338,0.251984566450119,0.00883951336810965,
test/algebra/1332.json|128,test/algebra/1332.json,128,2,4,R,0.0002728551723764287,0.056195229291915894,0.000386349594919011,0.0003862929588649422,0.005931834920303299,0.999853404650433,0.165816530585289,0.005381779408782192,
test/algebra/1332.json|128,test/algebra/1332.json,128,2,4,C,0.00016010373975861025,0.05668855458498001,0.0005733600119128823,0.00015606019587721676,0.0023964281469015945,0.27218535015089884,0.1506039947271347,0.004878485230763702,
test/algebra/1332.json|128,test/algebra/1332.json,128,2,5,R,0.0002728551723764287,0.05618710815906525,0.0003470380324870348,0.0003468778159003705,0.008063867160909137,0.9995383284504743,0.20875321328639984,0.008421631887396062,
test/algebra/1332.json|128,test/algebra/1332.json,128,2,5,C,0.00016010373975861025,0.056401971727609634,0.0005285341758280993,0.0002220585010945797,0.005162193062503581,0.4201402876673425,0.266635537147522,0.01061569737186451,
test/algebra/1332.json|128,test/algebra/1332.json,128,2,6,R,0.0002728551723764287,0.05750977620482445,0.0006168459076434374,0.0006168167456053197,0.00960331532633151,0.9999527223286901,0.271162748336792,0.008310797373138171,
test/algebra/1332.json|128,test/algebra/1332.json,128,2,6,C,0.00016010373975861025,0.05777936801314354,0.00044215854723006487,0.00019993545720353723,0.003112826060770402,0.452180463328974,0.18147195875644684,0.005561796087179376,
test/algebra/1332.json|128,test/algebra/1332.json,128,2,8,R,0.0002728551723764287,0.30574464797973633,0.0005711584235541523,0.0005709578399546444,0.007997875106550425,0.9996488109237566,0.316544771194458,0.00881499409472972,
test/algebra/1332.json|128,test/algebra/1332.json,128,2,8,C,0.00016010373975861025,0.30515021085739136,0.002271394245326519,0.0008861743262968957,0.012413371160499436,0.3901455362626228,0.9138368368148804,0.023336189105487997,
test/algebra/1332.json|128,test/algebra/1332.json,128,2,9,R,0.0002728551723764287,0.08311192691326141,0.0004475949681364,0.00044688419438898563,0.006495923814506165,0.9984120135470116,0.28609853982925415,0.008726469915743853,
test/algebra/1332.json|128,test/algebra/1332.json,128,2,9,C,0.00016010373975861025,0.08352363109588623,0.0006499119917862117,0.0003631041035987437,0.005278093571729436,0.5586973430696279,0.42160579562187195,0.0129150751277435,
test/algebra/1332.json|128,test/algebra/1332.json,128,2,10,R,0.0002728551723764287,0.08247119188308716,0.0005195913836359978,0.000519412278663367,0.007763300318414494,0.9996552945681418,0.3357900381088257,0.008681511963607233,
test/algebra/1332.json|128,test/algebra/1332.json,128,2,10,C,0.00016010373975861025,0.08297238498926163,0.0006491449312306941,0.00034490731195546687,0.005155093852647904,0.5313255866763714,0.3291964530944824,0.008519124408013848,
test/algebra/1332.json|128,test/algebra/1332.json,128,2,12,R,0.0002728551723764287,0.07013711333274841,0.00035313417902216315,0.00035281750024296343,0.005715827318797097,0.9991032310177965,0.2377273440361023,0.0060934312466908586,
test/algebra/1332.json|128,test/algebra/1332.json,128,2,12,C,0.00016010373975861025,0.07048811763525009,0.0005438887747004628,0.000363924540579319,0.00589576715891785,0.6691157399058811,0.3043724596500397,0.007820292002168392,
test/algebra/1332.json|128,test/algebra/1332.json,128,2,13,R,0.0002728551723764287,0.07362847775220871,0.0005151730729267001,0.0005147411720827222,0.0070512914969535195,0.9991616373878279,0.2505950629711151,0.00771043781455135,
test/algebra/1332.json|128,test/algebra/1332.json,128,2,13,C,0.00016010373975861025,0.0740785002708435,0.0005074233049526811,0.0003487610665615648,0.004777577696308293,0.6873177926007363,0.32611358165740967,0.01005462458986556,
test/algebra/1332.json|128,test/algebra/1332.json,128,2,14,R,0.0002728551723764287,0.07625073939561844,0.0005656511057168245,0.0005648414953611791,0.00690721513486052,0.9985687089691301,0.26541292667388916,0.006223535522082384,
test/algebra/1332.json|128,test/algebra/1332.json,128,2,14,C,0.00016010373975861025,0.07667398452758789,0.0005073804641142488,0.00034019711893051863,0.004160131130610845,0.6704970772848244,0.28741779923439026,0.006751385441458116,
test/algebra/1332.json|128,test/algebra/1332.json,128,2,16,R,0.0002728551723764287,0.06860701739788055,0.00042290601413697004,0.00042210868559777737,0.006561408520694467,0.9981146412898988,0.2640783488750458,0.006769186129793334,
test/algebra/1332.json|128,test/algebra/1332.json,128,2,16,C,0.00016010373975861025,0.06882227957248688,0.0004827231168746948,0.00033246338716708124,0.005167929909539196,0.6887248090185356,0.2534908652305603,0.006501139847534531,
test/algebra/1332.json|128,test/algebra/1332.json,128,2,17,R,0.0002728551723764287,0.06597603857517242,0.00031604166724719107,0.0003134623111691326,0.00602187617625008,0.991838553781962,0.2184251993894577,0.0063757366024715855,
test/algebra/1332.json|128,test/algebra/1332.json,128,2,17,C,0.00016010373975861025,0.06655469536781311,0.00046526946243830025,0.0004100949736312032,0.007878271370165375,0.8814139028180306,0.33743226528167725,0.009858326983839785,
test/algebra/1332.json|128,test/algebra/1332.json,128,2,18,R,0.0002728551723764287,0.05895109102129936,0.000474011612823233,0.000468001002445817,0.004418932927450287,0.9873196959691847,0.22417181730270386,0.004834940340969509,
test/algebra/1332.json|128,test/algebra/1332.json,128,2,18,C,0.00016010373975861025,0.059308163821697235,0.000588541675824672,0.000510276819113642,0.004818107282487982,0.8670190051224779,0.2680785059928894,0.0057757989163187895,
test/algebra/1332.json|128,test/algebra/1332.json,128,2,20,R,0.0002728551723764287,0.22844769060611725,0.0010464030783623457,0.0010390115203335881,0.0033493722330189004,0.9929362220213822,0.2005963921546936,0.00439939251941704,
test/algebra/1332.json|128,test/algebra/1332.json,128,2,20,C,0.00016010373975861025,0.23232869803905487,0.0013455917360261083,0.001227049739100039,0.003955534894699952,0.9119034439167567,0.3719397485256195,0.008156430990987163,
test/algebra/1332.json|128,test/algebra/1332.json,128,2,21,R,0.0002728551723764287,0.19739480316638947,0.0011017220094799995,0.0010979864746332169,0.0027968283725064245,0.9966093662364472,0.19878803193569183,0.00384717391405442,
test/algebra/1332.json|128,test/algebra/1332.json,128,2,21,C,0.00016010373975861025,0.1975506842136383,0.001304428093135357,0.0012390600750222802,0.003156175830143886,0.9498876025386389,0.3708183169364929,0.007178742313190925,
test/algebra/1332.json|128,test/algebra/1332.json,128,2,22,R,0.0002728551723764287,0.0828937217593193,0.00031175510957837105,0.00030834917561151087,0.0034717473349920084,0.989074966692474,0.14982014894485474,0.0033801994446580907,
test/algebra/1332.json|128,test/algebra/1332.json,128,2,22,C,0.00016010373975861025,0.08366377651691437,0.0007074387394823134,0.0006072582327760756,0.006837207030345616,0.8583898478079709,0.4124603867530823,0.009337348190572125,
test/algebra/1332.json|128,test/algebra/1332.json,128,2,24,R,0.0002728551723764287,0.19303341209888458,0.001357979723252356,0.0013382949400693178,0.0029302855569375307,0.9855043607562876,0.1561504751443863,0.0029644102074913524,
test/algebra/1332.json|128,test/algebra/1332.json,128,2,24,C,0.00016010373975861025,0.19439397752285004,0.0014619430294260383,0.0013363850302994251,0.0029261036827884133,0.9141156683171004,0.40085694193840027,0.007630843502925928,
test/algebra/1332.json|128,test/algebra/1332.json,128,2,25,R,0.0002728551723764287,0.18761274218559265,0.0006367519963532686,0.0006331210606731474,0.0016729270851245349,0.9942977223546788,0.13423354923725128,0.0028112496634644948,
test/algebra/1332.json|128,test/algebra/1332.json,128,2,25,C,0.00016010373975861025,0.19496463239192963,0.001464912318624556,0.0011945324949920177,0.003156372278642619,0.8154293461728588,0.6264522075653076,0.013211544034614341,
test/algebra/1332.json|128,test/algebra/1332.json,128,2,26,R,0.0002728551723764287,0.35030320286750793,0.000319071055855602,0.0003172770084347576,0.0020570075558094935,0.9943772762138801,0.14768098294734955,0.0031824148163228684,
test/algebra/1332.json|128,test/algebra/1332.json,128,2,26,C,0.00016010373975861025,0.3543868362903595,0.0010480597848072648,0.0008067667367868125,0.005230524838636374,0.7697716749673807,0.5422050952911377,0.01183274771162997,
test/algebra/1332.json|128,test/algebra/1332.json,128,2,28,R,0.0002728551723764287,0.2200019806623459,0.0013335468247532845,0.0013068068074062467,0.003120966431718657,0.9799481969206945,0.1594894528388977,0.003396720694813864,
test/algebra/1332.json|128,test/algebra/1332.json,128,2,28,C,0.00016010373975861025,0.22203241288661957,0.0021149308886379004,0.001858264091424644,0.004437977991647827,0.8786405742755969,0.7085919380187988,0.015021240979205328,
test/algebra/1332.json|128,test/algebra/1332.json,128,2,29,R,0.0002728551723764287,0.12398507446050644,0.0007431479752995074,0.0007233669166453183,0.003864061799014019,0.9733820715590339,0.17187143862247467,0.0034368515486909823,
test/algebra/1332.json|128,test/algebra/1332.json,128,2,29,C,0.00016010373975861025,0.12473354488611221,0.000924141553696245,0.00087046402040869,0.004649821122973177,0.9419163287109211,0.3762863874435425,0.0075590758337277285,
test/algebra/1332.json|128,test/algebra/1332.json,128,2,30,R,0.0002728551723764287,0.16608645021915436,0.0008338593179360032,0.0008256242726929486,0.004134562604734675,0.9901241779565857,0.2133728563785553,0.0041002903210286,
test/algebra/1332.json|128,test/algebra/1332.json,128,2,30,C,0.00016010373975861025,0.1667318046092987,0.0011703979689627886,0.0010542325908318162,0.00527938772018979,0.9007471115703783,0.3329101502895355,0.006410788101035959,
test/algebra/1332.json|128,test/algebra/1332.json,128,3,0,R,0.0002728551723764287,2.0398571491241455,0.04733563959598541,0.047328654676675797,0.007565834651342113,0.9998524384508357,0.366559237241745,0.006415076578718889,
test/algebra/1332.json|128,test/algebra/1332.json,128,3,0,C,0.00016010373975861025,2.1601741313934326,0.015286903828382492,0.0007094534812495112,0.00011341137348233297,0.04640923297272874,0.6151173114776611,0.010607604469143033,
test/algebra/1332.json|128,test/algebra/1332.json,128,3,1,R,0.0002728551723764287,0.053204212337732315,0.0007506739348173141,0.00075044936966151,0.008196129922711598,0.9997008472719122,0.2003345489501953,0.006928464230001818,
test/algebra/1332.json|128,test/algebra/1332.json,128,3,1,C,0.00016010373975861025,0.0536610446870327,0.00044111860916018486,0.0002974109665956348,0.003248212366087468,0.6742199484343564,0.21685154736042023,0.007494233909168717,
test/algebra/1332.json|128,test/algebra/1332.json,128,3,2,R,0.0002728551723764287,0.06017157435417175,0.0002990283246617764,0.00029899957007728517,0.006105690509013991,0.9999038365866256,0.1521497368812561,0.005823024077903895,
test/algebra/1332.json|128,test/algebra/1332.json,128,3,2,C,0.00016010373975861025,0.06103440746665001,0.0004265369498170912,0.00013554627366829664,0.0027679089854704924,0.31778319183986004,0.28027674555778503,0.010651304777016118,
test/algebra/1332.json|128,test/algebra/1332.json,128,3,4,R,0.0002728551723764287,0.055319104343652725,0.00037136671016924083,0.00037130818236619234,0.006452545372699146,0.9998423962049151,0.18169273436069489,0.006000365722471662,
test/algebra/1332.json|128,test/algebra/1332.json,128,3,4,C,0.00016010373975861025,0.05599149689078331,0.00045149197103455663,0.00017379676864948124,0.0030202176752283194,0.3849387794567011,0.17643922567367554,0.005820589574781441,
test/algebra/1332.json|128,test/algebra/1332.json,128,3,5,R,0.0002728551723764287,0.05580006539821625,0.00033819719101302326,0.0003380330454092473,0.008619443595510885,0.9995146423221348,0.20601016283035278,0.009033529620916216,
test/algebra/1332.json|128,test/algebra/1332.json,128,3,5,C,0.00016010373975861025,0.05607247352600098,0.00045436693471856415,0.00020757553284056485,0.005292931035666198,0.45684559443633804,0.2690562903881073,0.011714229255888574,
test/algebra/1332.json|128,test/algebra/1332.json,128,3,6,R,0.0002728551723764287,0.05706492438912392,0.0005584789323620498,0.0005583514575846493,0.011040236038717415,0.9997717446983486,0.2759183943271637,0.009678702296483538,
test/algebra/1332.json|128,test/algebra/1332.json,128,3,6,C,0.00016010373975861025,0.057416919618844986,0.0005614999681711197,0.00021449427003972232,0.004241177018566151,0.38200228284314336,0.18876653909683228,0.00661258857065352,
test/algebra/1332.json|128,test/algebra/1332.json,128,3,8,R,0.0002728551723764287,0.3052269518375397,0.0004796100256498903,0.0004790770180989057,0.00781428920622682,0.998888662618862,0.32945817708969116,0.009349320648026557,
test/algebra/1332.json|128,test/algebra/1332.json,128,3,8,C,0.00016010373975861025,0.30500900745391846,0.0018539458978921175,0.0011216005077585578,0.01829457563265283,0.6049801714434088,0.926581084728241,0.024675658362287592,
test/algebra/1332.json|128,test/algebra/1332.json,128,3,9,R,0.0002728551723764287,0.08276218175888062,0.00036500865826383233,0.00036464259028434753,0.006752271923494679,0.9989970950820095,0.2622673213481903,0.008496086153450258,
test/algebra/1332.json|128,test/algebra/1332.json,128,3,9,C,0.00016010373975861025,0.08332580327987671,0.00046367658069357276,0.00026859750505536795,0.004973756331348474,0.5792777027347791,0.3357119858264923,0.010906323230012454,
test/algebra/1332.json|128,test/algebra/1332.json,128,3,10,R,0.0002728551723764287,0.0820978656411171,0.0005755899474024773,0.0005753521108999848,0.010755823012796178,0.9995867935095939,0.4318855106830597,0.012138499430442061,
test/algebra/1332.json|128,test/algebra/1332.json,128,3,10,C,0.00016010373975861025,0.08273643255233765,0.0005991056095808744,0.0003467576752882451,0.00648240288524352,0.5787922348983503,0.32695943117141724,0.009225557138731941,
test/algebra/1332.json|128,test/algebra/1332.json,128,3,12,R,0.0002728551723764287,0.06980776786804199,0.00045357056660577655,0.0004531370068434626,0.007836980892985427,0.9990441161898962,0.3042369484901428,0.008097428406647992,
test/algebra/1332.json|128,test/algebra/1332.json,128,3,12,C,0.00016010373975861025,0.0702434629201889,0.0006111846305429935,0.00039116968400776386,0.006765259277406599,0.640018848347379,0.34366849064826965,0.009157080914953148,
test/algebra/1332.json|128,test/algebra/1332.json,128,3,13,R,0.0002728551723764287,0.07310144603252411,0.0005960596026852727,0.0005956481327302754,0.010097769339804611,0.999309681527731,0.3136325776576996,0.010422728434430924,
test/algebra/1332.json|128,test/algebra/1332.json,128,3,13,C,0.00016010373975861025,0.07372178137302399,0.0005355321918614209,0.0003840317949652672,0.006510327610590195,0.7171030987200478,0.37465307116508484,0.01247608185388518,
test/algebra/1332.json|128,test/algebra/1332.json,128,3,14,R,0.0002728551723764287,0.07577451318502426,0.0005659944727085531,0.0005653816042467952,0.008153067380020867,0.9989171811912894,0.2769825756549835,0.007659622563311173,
test/algebra/1332.json|128,test/algebra/1332.json,128,3,14,C,0.00016010373975861025,0.07636117190122604,0.0005298578762449324,0.00035964034032076597,0.005186182049759291,0.6787486904804823,0.35966238379478455,0.009978721835991921,
test/algebra/1332.json|128,test/algebra/1332.json,128,3,16,R,0.0002728551723764287,0.06835214793682098,0.0004834119463339448,0.0004829145618714392,0.007704437039082339,0.9989710939805094,0.31249159574508667,0.007999670109334986,
test/algebra/1332.json|128,test/algebra/1332.json,128,3,16,C,0.00016010373975861025,0.06866739690303802,0.0005580380093306303,0.0003735902428161353,0.0059602727510185425,0.6694709605798858,0.29505398869514465,0.007557749266836204,
test/algebra/1332.json|128,test/algebra/1332.json,128,3,17,R,0.0002728551723764287,0.06533975899219513,0.0003419503918848932,0.0003398243570700288,0.006868811909006704,0.9937826191778055,0.2472730278968811,0.007344665712242751,
test/algebra/1332.json|128,test/algebra/1332.json,128,3,17,C,0.00016010373975861025,0.06607378274202347,0.0004628326278179884,0.0004000067710876465,0.008085268803624758,0.8642579329577722,0.3583459258079529,0.010646342606590989,
test/algebra/1332.json|128,test/algebra/1332.json,128,3,18,R,0.0002728551723764287,0.05838717147707939,0.0004443824291229248,0.0004405558865983039,0.004606802809532789,0.9913890755681714,0.2208561897277832,0.0048258949636172275,
test/algebra/1332.json|128,test/algebra/1332.json,128,3,18,C,0.00016010373975861025,0.05886949226260185,0.0005054515204392374,0.0004201459523756057,0.004393380301334104,0.8312289795453972,0.2639411985874176,0.005760378725930736,
test/algebra/1332.json|128,test/algebra/1332.json,128,3,20,R,0.0002728551723764287,0.22735576331615448,0.0011707422090694308,0.0011404679389670491,0.003907707131470344,0.9741409587507858,0.20130175352096558,0.004343252308517875,
test/algebra/1332.json|128,test/algebra/1332.json,128,3,20,C,0.00016010373975861025,0.23202168941497803,0.001356019638478756,0.0011726702796295285,0.0040180454513452386,0.8647885661009264,0.3783630430698395,0.008164654384562276,
test/algebra/1332.json|128,test/algebra/1332.json,128,3,21,R,0.0002728551723764287,0.1970142424106598,0.0010585607960820198,0.0010520806536078453,0.002908345253717751,0.9938783454932042,0.21012288331985474,0.004043407056863958,
test/algebra/1332.json|128,test/algebra/1332.json,128,3,21,C,0.00016010373975861025,0.19725637137889862,0.0012889407807961106,0.0012468753848224878,0.0034468309012149817,0.9673643680394645,0.38456428050994873,0.007401838278634616,
test/algebra/1332.json|128,test/algebra/1332.json,128,3,22,R,0.0002728551723764287,0.08221755921840668,0.0002681816986296326,0.0002673687122296542,0.0031627806687533075,0.9969685202193097,0.13499630987644196,0.0030587688311259913,
test/algebra/1332.json|128,test/algebra/1332.json,128,3,22,C,0.00016010373975861025,0.08313237130641937,0.0007324978359974921,0.0006268796278163791,0.0074155377117944244,0.8558108927474217,0.42734014987945557,0.009712945612573444,
test/algebra/1332.json|128,test/algebra/1332.json,128,3,24,R,0.0002728551723764287,0.19260844588279724,0.0011758526088669896,0.0011707325465977192,0.0026515987396038047,0.9956456589658379,0.15325148403644562,0.0029182375644823495,
test/algebra/1332.json|128,test/algebra/1332.json,128,3,24,C,0.00016010373975861025,0.1941094696521759,0.0016016243025660515,0.0015024292515590787,0.0034028604751404814,0.9380659672895117,0.43689411878585815,0.008345650137315596,
test/algebra/1332.json|128,test/algebra/1332.json,128,3,25,R,0.0002728551723764287,0.1867673248052597,0.0005982589791528881,0.0005919990944676101,0.0016563565113688642,0.9895364952421137,0.13023805618286133,0.0026819552715154444,
test/algebra/1332.json|128,test/algebra/1332.json,128,3,25,C,0.00016010373975861025,0.19427655637264252,0.001113733509555459,0.000952921574935317,0.0026661828881468716,0.8556100412746499,0.6223095655441284,0.012901411081011002,
test/algebra/1332.json|128,test/algebra/1332.json,128,3,26,R,0.0002728551723764287,0.3499024212360382,0.000292719982098788,0.00029252900276333094,0.0019075497730302792,0.9993475664577617,0.1391039341688156,0.0029658936946163994,
test/algebra/1332.json|128,test/algebra/1332.json,128,3,26,C,0.00016010373975861025,0.3538593351840973,0.0011200022418051958,0.0008273970452137291,0.0053953660351424675,0.7387458824559157,0.5331038236618042,0.011503865943850198,
test/algebra/1332.json|128,test/algebra/1332.json,128,3,28,R,0.0002728551723764287,0.21915864944458008,0.0012876336695626378,0.001285663223825395,0.0031314894450971396,0.9984697148091959,0.14016346633434296,0.002959920487919835,
test/algebra/1332.json|128,test/algebra/1332.json,128,3,28,C,0.00016010373975861025,0.22161418199539185,0.0018070341320708394,0.001523460727185011,0.0037106927372512134,0.8430724684741128,0.6397485733032227,0.013468705255561498,
test/algebra/1332.json|128,test/algebra/1332.json,128,3,29,R,0.0002728551723764287,0.12346961349248886,0.0006287291762419045,0.0006275367341004312,0.003412744497997365,0.9981034073419269,0.16278569400310516,0.003178239821633509,
test/algebra/1332.json|128,test/algebra/1332.json,128,3,29,C,0.00016010373975861025,0.1244533360004425,0.0008824039832688868,0.0008546127937734127,0.004647656386281924,0.9685051393795548,0.3315414488315582,0.006480439815194021,
test/algebra/1332.json|128,test/algebra/1332.json,128,3,30,R,0.0002728551723764287,0.16559456288814545,0.0008101807907223701,0.000803877308499068,0.0037826614829447503,0.9922196585160931,0.19496037065982819,0.0036152481334021077,
test/algebra/1332.json|128,test/algebra/1332.json,128,3,30,C,0.00016010373975861025,0.16646923124790192,0.0010599347297102213,0.0009053743560798466,0.004260257962478749,0.8541793469426087,0.2953844964504242,0.005488792304787624,
test/algebra/1332.json|128,test/algebra/1332.json,128,4,0,R,0.0002728551723764287,1.9823471307754517,0.03920133784413338,0.039195701479911804,0.007113974549594845,0.9998562200799412,0.3345062732696533,0.0060498009690874216,
test/algebra/1332.json|128,test/algebra/1332.json,128,4,0,C,0.00016010373975861025,2.1442437171936035,0.011652423068881035,0.0005962527939118445,0.00010821919345384366,0.05116985457325417,0.23554453253746033,0.004271231771272858,
test/algebra/1332.json|128,test/algebra/1332.json,128,4,1,R,0.0002728551723764287,0.05283442139625549,0.0007032775902189314,0.0007028594263829291,0.008372961266025778,0.999405405715718,0.18318229913711548,0.006666599764889534,
test/algebra/1332.json|128,test/algebra/1332.json,128,4,1,C,0.00016010373975861025,0.05345775932073593,0.000373843708075583,0.00021127356740180403,0.002516840964193913,0.565138752566488,0.17976771295070648,0.006532982370688966,
test/algebra/1332.json|128,test/algebra/1332.json,128,4,2,R,0.0002728551723764287,0.05921315401792526,0.0003854356473311782,0.0003852099471259862,0.006015622082020653,0.9994144257123876,0.15914474427700043,0.005885102120146709,
test/algebra/1332.json|128,test/algebra/1332.json,128,4,2,C,0.00016010373975861025,0.06012095510959625,0.0005215962883085012,0.00016454499564133584,0.0025696130555587036,0.3154642757514226,0.26450783014297485,0.009730364714281053,
test/algebra/1332.json|128,test/algebra/1332.json,128,4,4,R,0.0002728551723764287,0.054802846163511276,0.0003859488933812827,0.00038583858986385167,0.008441492552599116,0.9997141991620215,0.2094644457101822,0.007628052813556162,
test/algebra/1332.json|128,test/algebra/1332.json,128,4,4,C,0.00016010373975861025,0.0556306391954422,0.0004191444313619286,0.00017985427984967828,0.003934905952356573,0.42909857787249633,0.1933831125497818,0.0070756587680464835,
test/algebra/1332.json|128,test/algebra/1332.json,128,4,5,R,0.0002728551723764287,0.05538255348801613,0.0003050283994525671,0.00030495485407300293,0.00781823412464995,0.9997588867808537,0.18557897210121155,0.00838964483260553,
test/algebra/1332.json|128,test/algebra/1332.json,128,4,5,C,0.00016010373975861025,0.05572221800684929,0.000459524366306141,0.00024034452508203685,0.00616179654979139,0.5230289015814394,0.3344651460647583,0.014986337435389704,
test/algebra/1332.json|128,test/algebra/1332.json,128,4,6,R,0.0002728551723764287,0.056437570601701736,0.00042294751619920135,0.00042286713141947985,0.009509923640597346,0.9998099391143047,0.2189120054244995,0.00826418081674111,
test/algebra/1332.json|128,test/algebra/1332.json,128,4,6,C,0.00016010373975861025,0.056813307106494904,0.0004707985499408096,0.00018354839994572103,0.004127848059456009,0.3898661106303986,0.20408371090888977,0.007728202944706331,
test/algebra/1332.json|128,test/algebra/1332.json,128,4,8,R,0.0002728551723764287,0.3041764497756958,0.000430435873568058,0.0004301857843529433,0.007776228992725771,0.9994189838024871,0.2805701196193695,0.008465972063971901,
test/algebra/1332.json|128,test/algebra/1332.json,128,4,8,C,0.00016010373975861025,0.30474671721458435,0.0019591546151787043,0.0010936690960079432,0.019769647538719196,0.558235213788856,1.1501843929290771,0.032402650314542605,
test/algebra/1332.json|128,test/algebra/1332.json,128,4,9,R,0.0002728551723764287,0.08204731345176697,0.00033470289781689644,0.00033398749656043947,0.0069001475198658055,0.9978625752600716,0.23928850889205933,0.007754420468489068,
test/algebra/1332.json|128,test/algebra/1332.json,128,4,9,C,0.00016010373975861025,0.08308854699134827,0.0005016308277845383,0.0002953592629637569,0.0061020921645189566,0.5887980682515436,0.3581521213054657,0.011664507107311838,
test/algebra/1332.json|128,test/algebra/1332.json,128,4,10,R,0.0002728551723764287,0.08174549788236618,0.0004999327939003706,0.0004997405922040343,0.008592170819759415,0.9996155429323764,0.3672472834587097,0.009948441810548134,
test/algebra/1332.json|128,test/algebra/1332.json,128,4,10,C,0.00016010373975861025,0.08245453983545303,0.0006112207192927599,0.0003664963587652892,0.00630126783466395,0.5996137673306401,0.323837012052536,0.008794476320462161,
test/algebra/1332.json|128,test/algebra/1332.json,128,4,12,R,0.0002728551723764287,0.06953620910644531,0.0003947752411477268,0.0003945979697164148,0.005981985719909418,0.9995509535239658,0.24958965182304382,0.006237225424221929,
test/algebra/1332.json|128,test/algebra/1332.json,128,4,12,C,0.00016010373975861025,0.07003051787614822,0.0006681332015432417,0.000386235915357247,0.005855219508208945,0.5780822055946991,0.3208884596824646,0.008032165329052232,
test/algebra/1332.json|128,test/algebra/1332.json,128,4,13,R,0.0002728551723764287,0.07261519134044647,0.0005564989405684173,0.0005561183206737041,0.007412803818996488,0.9993160438119785,0.26044175028800964,0.008127999250458715,
test/algebra/1332.json|128,test/algebra/1332.json,128,4,13,C,0.00016010373975861025,0.07332147657871246,0.0005009719752706587,0.00036625389475375414,0.004881997533301806,0.7310865918693208,0.3169405162334442,0.009925560082808736,
test/algebra/1332.json|128,test/algebra/1332.json,128,4,14,R,0.0002728551723764287,0.07536446303129196,0.0005333317676559091,0.0005324562080204487,0.006622245582759064,0.9983583189921971,0.24130918085575104,0.005812487821903613,
test/algebra/1332.json|128,test/algebra/1332.json,128,4,14,C,0.00016010373975861025,0.07602784782648087,0.000518366985488683,0.0003432819212321192,0.004269453810994239,0.6622372376710255,0.2810654640197754,0.006786394888160519,
test/algebra/1332.json|128,test/algebra/1332.json,128,4,16,R,0.0002728551723764287,0.06815536320209503,0.0004555440100375563,0.00045412752660922706,0.00697426252186626,0.9968905651396821,0.2746245563030243,0.007074075907280042,
test/algebra/1332.json|128,test/algebra/1332.json,128,4,16,C,0.00016010373975861025,0.06850696355104446,0.0005719715845771134,0.000402988342102617,0.006188892604816164,0.7045600730253164,0.3140566349029541,0.008069891816806656,
test/algebra/1332.json|128,test/algebra/1332.json,128,4,17,R,0.0002728551723764287,0.06469853967428207,0.0003246456035412848,0.0003241365775465965,0.006453122649751868,0.9984320533296377,0.23102089762687683,0.007255014495216294,
test/algebra/1332.json|128,test/algebra/1332.json,128,4,17,C,0.00016010373975861025,0.06545345485210419,0.000461335206637159,0.00040462863398715854,0.008055611071371073,0.8770816258736527,0.3392481207847595,0.010655452286875627,
test/algebra/1332.json|128,test/algebra/1332.json,128,4,18,R,0.0002728551723764287,0.057941559702157974,0.00044258314301259816,0.000439737195847556,0.004402852753280872,0.9935696869536425,0.2136571705341339,0.004583219720371558,
test/algebra/1332.json|128,test/algebra/1332.json,128,4,18,C,0.00016010373975861025,0.05849333480000496,0.0005380288348533213,0.0004466485988814384,0.004472052925938798,0.8301573616831288,0.24238461256027222,0.005201824905660636,
test/algebra/1332.json|128,test/algebra/1332.json,128,4,20,R,0.0002728551723764287,0.2260766625404358,0.0010143342660740018,0.0010017593158409,0.003468011775748895,0.9876027541991891,0.18994282186031342,0.004047201375747365,
test/algebra/1332.json|128,test/algebra/1332.json,128,4,20,C,0.00016010373975861025,0.2312546819448471,0.0012280389200896025,0.001111879013478756,0.003849237487465306,0.9054102393531784,0.3907741904258728,0.008324584270352682,
test/algebra/1332.json|128,test/algebra/1332.json,128,4,21,R,0.0002728551723764287,0.19651293754577637,0.0010999183868989348,0.0010980678489431739,0.002823917002356027,0.9983175670339544,0.19174322485923767,0.003635040695672981,
test/algebra/1332.json|128,test/algebra/1332.json,128,4,21,C,0.00016010373975861025,0.1968376189470291,0.0012330408208072186,0.0011736020678654313,0.0030181694479399094,0.9517949828662848,0.34056544303894043,0.006459243688824675,
test/algebra/1332.json|128,test/algebra/1332.json,128,4,22,R,0.0002728551723764287,0.0811230018734932,0.00028522167121991515,0.000283795699942857,0.0029103520503669096,0.9950004771167646,0.1387215256690979,0.0031375381610800985,
test/algebra/1332.json|128,test/algebra/1332.json,128,4,22,C,0.00016010373975861025,0.08218299597501755,0.0007299380376935005,0.0006222731899470091,0.006381471088586936,0.8525013863653437,0.42003199458122253,0.009522126313795284,
test/algebra/1332.json|128,test/algebra/1332.json,128,4,24,R,0.0002728551723764287,0.1919303685426712,0.0011027816217392683,0.001101054367609322,0.0024721341578519615,0.9984337287688421,0.15956750512123108,0.003048016412004791,
test/algebra/1332.json|128,test/algebra/1332.json,128,4,24,C,0.00016010373975861025,0.1935945749282837,0.001707353163510561,0.0016052564606070518,0.003604190170005585,0.9402017660869966,0.44862762093544006,0.008599791188895518,
test/algebra/1332.json|128,test/algebra/1332.json,128,4,25,R,0.0002728551723764287,0.1855120062828064,0.0006576320738531649,0.0006565186777152121,0.0017983253371212065,0.99830696041065,0.14263127744197845,0.0029802798859556883,
test/algebra/1332.json|128,test/algebra/1332.json,128,4,25,C,0.00016010373975861025,0.19319744408130646,0.0011408091522753239,0.0009978445013985038,0.0027332795094527555,0.874681359746842,0.5887355804443359,0.012363817242119992,
test/algebra/1332.json|128,test/algebra/1332.json,128,4,26,R,0.0002728551723764287,0.34903547167778015,0.00035628274781629443,0.0003557104791980237,0.0023971375501645347,0.9983937767961765,0.18385635316371918,0.003927862356590165,
test/algebra/1332.json|128,test/algebra/1332.json,128,4,26,C,0.00016010373975861025,0.3527032434940338,0.001115415128879249,0.0008040294633246958,0.005418365020675431,0.7208342811449376,0.47092965245246887,0.010170767307112033,
test/algebra/1332.json|128,test/algebra/1332.json,128,4,28,R,0.0002728551723764287,0.2181549221277237,0.0010633267229422927,0.001061545219272375,0.0025373484979884643,0.9983245933448257,0.13835638761520386,0.002968818499311894,
test/algebra/1332.json|128,test/algebra/1332.json,128,4,28,C,0.00016010373975861025,0.2208321988582611,0.0019186883000656962,0.0016707309987396002,0.003993449090280322,0.8707672829461809,0.6779698729515076,0.014478247851648453,
test/algebra/1332.json|128,test/algebra/1332.json,128,4,29,R,0.0002728551723764287,0.1227777898311615,0.0005448967567645013,0.0005434792255982757,0.003308437999117379,0.997398530738114,0.16866137087345123,0.003391613039013195,
test/algebra/1332.json|128,test/algebra/1332.json,128,4,29,C,0.00016010373975861025,0.1238260269165039,0.0009844680316746235,0.0009033404639922082,0.005499098726215651,0.9175924804160414,0.39897647500038147,0.008063749438527688,
test/algebra/1332.json|128,test/algebra/1332.json,128,4,30,R,0.0002728551723764287,0.1647680550813675,0.0006932913092896342,0.0006903784815222025,0.0036315374490788,0.9957985500118055,0.18091419339179993,0.0034324420827579424,
test/algebra/1332.json|128,test/algebra/1332.json,128,4,30,C,0.00016010373975861025,0.1659221351146698,0.001028115744702518,0.0009109408129006624,0.004791742159531157,0.8860294346316142,0.33525559306144714,0.006376292614408276,
test/algebra/1332.json|128,test/algebra/1332.json,128,5,0,R,0.0002728551723764287,1.9533894062042236,0.04092591255903244,0.040919847786426544,0.006603199464772464,0.9998518109132692,0.3071099817752838,0.0053190814884445424,
test/algebra/1332.json|128,test/algebra/1332.json,128,5,0,C,0.00016010373975861025,2.138855457305908,0.021407954394817352,0.0007362433825619519,0.00011880694021760192,0.03439111317921145,0.36355334520339966,0.006194825766255568,
test/algebra/1332.json|128,test/algebra/1332.json,128,5,1,R,0.0002728551723764287,0.0525815486907959,0.0005825391854159534,0.000578171806409955,0.008287681087870142,0.9925028562750113,0.18293710052967072,0.006344534348368646,
test/algebra/1332.json|128,test/algebra/1332.json,128,5,1,C,0.00016010373975861025,0.053194958716630936,0.00045049123582430184,0.00035516664502210915,0.0050910609171159,0.7883985658096815,0.20666249096393585,0.007168412597074399,
test/algebra/1332.json|128,test/algebra/1332.json,128,5,2,R,0.0002728551723764287,0.05848637595772743,0.0003412296937312931,0.0003396957472432405,0.005742633582832508,0.9955046483007274,0.14164139330387115,0.005628687313049033,
test/algebra/1332.json|128,test/algebra/1332.json,128,5,2,C,0.00016010373975861025,0.05946735665202141,0.0004757653805427253,0.00017155696696136147,0.002900209401608296,0.3605915302308625,0.2620374858379364,0.01036582378224106,
test/algebra/1332.json|128,test/algebra/1332.json,128,5,4,R,0.0002728551723764287,0.05448083579540253,0.00034866968053393066,0.00034861284075304866,0.006819391435799589,0.999836978137497,0.17148755490779877,0.006053342465331242,
test/algebra/1332.json|128,test/algebra/1332.json,128,5,4,C,0.00016010373975861025,0.0553651787340641,0.0003836175019387156,0.0001298332354053855,0.0025397333376851383,0.338444503732998,0.1460685282945633,0.005156921307486716,
test/algebra/1332.json|128,test/algebra/1332.json,128,5,5,R,0.0002728551723764287,0.05507797747850418,0.0003614619781728834,0.0003612992004491389,0.00790150835622769,0.999549665710023,0.2053210735321045,0.008018562150299413,
test/algebra/1332.json|128,test/algebra/1332.json,128,5,5,C,0.00016010373975861025,0.05547766759991646,0.0004805716162081808,0.00021416170056909323,0.0046836540588161045,0.4456395111580625,0.28141552209854126,0.010869106315066308,
test/algebra/1332.json|128,test/algebra/1332.json,128,5,6,R,0.0002728551723764287,0.05597222223877907,0.0004713191883638501,0.00047124939737841487,0.007693056224053272,0.999851922037103,0.20581813156604767,0.006394066217162671,
test/algebra/1332.json|128,test/algebra/1332.json,128,5,6,C,0.00016010373975861025,0.05639725923538208,0.0004230617778375745,0.00018676674517337233,0.0030489313713613565,0.44146447284021234,0.15349993109703064,0.0047664575368591275,
test/algebra/1332.json|128,test/algebra/1332.json,128,5,8,R,0.0002728551723764287,0.303899347782135,0.00044763594632968307,0.0004475320456549525,0.0065530875725475024,0.9997678880006167,0.25812000036239624,0.007264273881427732,
test/algebra/1332.json|128,test/algebra/1332.json,128,5,8,C,0.00016010373975861025,0.3037901222705841,0.0020099454559385777,0.0009593315189704299,0.014047225256725419,0.4772923144051995,0.9946243166923523,0.02604008437074619,
test/algebra/1332.json|128,test/algebra/1332.json,128,5,9,R,0.0002728551723764287,0.08166147023439407,0.00037742857239209116,0.00037687530857510865,0.00640496972185624,0.9985341204773923,0.2553018033504486,0.007828461614895636,
test/algebra/1332.json|128,test/algebra/1332.json,128,5,9,C,0.00016010373975861025,0.08279690891504288,0.00048126443289220333,0.00030149894882924855,0.00512395371754095,0.6264725327631009,0.35720402002334595,0.010988745309713804,
test/algebra/1332.json|128,test/algebra/1332.json,128,5,10,R,0.0002728551723764287,0.08136595785617828,0.00046755585935898125,0.00046739232493564487,0.007687417440262298,0.9996502334005378,0.3176763355731964,0.008460132266694674,
test/algebra/1332.json|128,test/algebra/1332.json,128,5,10,C,0.00016010373975861025,0.0821591466665268,0.0006025719339959323,0.0003453304816503078,0.005679809927683944,0.573094201031183,0.3075764775276184,0.008216666896967307,
test/algebra/1332.json|128,test/algebra/1332.json,128,5,12,R,0.0002728551723764287,0.06925313174724579,0.0003388265904504806,0.00033847629674710333,0.005600705024463528,0.9989661534477632,0.22962577641010284,0.005858875809459553,
test/algebra/1332.json|128,test/algebra/1332.json,128,5,12,C,0.00016010373975861025,0.06979379802942276,0.0005995950195938349,0.0003791776252910495,0.006274182421460518,0.6323895500591624,0.3173635005950928,0.008112699428027347,
test/algebra/1332.json|128,test/algebra/1332.json,128,5,13,R,0.0002728551723764287,0.07219976931810379,0.0004685590974986553,0.0004683086881414056,0.007487745811803571,0.9994655735892183,0.25107842683792114,0.008404089827089322,
test/algebra/1332.json|128,test/algebra/1332.json,128,5,13,C,0.00016010373975861025,0.07298226654529572,0.0005207473877817392,0.00035650908830575645,0.005700191989658963,0.6846104195352577,0.3437593877315521,0.011539060377703823,
test/algebra/1332.json|128,test/algebra/1332.json,128,5,14,R,0.0002728551723764287,0.07490504533052444,0.0005201501189731061,0.0005196179845370352,0.006198119883053796,0.9989769579672529,0.24397768080234528,0.005760634567720893,
test/algebra/1332.json|128,test/algebra/1332.json,128,5,14,C,0.00016010373975861025,0.07562080770730972,0.0005053469212725759,0.0003471854142844677,0.004141305504081248,0.6870239017646605,0.29990899562835693,0.007106309089829659,
test/algebra/1332.json|128,test/algebra/1332.json,128,5,16,R,0.0002728551723764287,0.06794444471597672,0.0004329661896917969,0.00043236277997493744,0.006920192713377049,0.9986063329427748,0.2522681653499603,0.006812895561674216,
test/algebra/1332.json|128,test/algebra/1332.json,128,5,16,C,0.00016010373975861025,0.06829867511987686,0.0005783463129773736,0.00034209713339805603,0.005475443769571544,0.5915091444871554,0.2890285551548004,0.007803378710901376,
test/algebra/1332.json|128,test/algebra/1332.json,128,5,17,R,0.0002728551723764287,0.0641290545463562,0.0002799963403958827,0.00027913175290450454,0.005559815403120025,0.9969121436120633,0.1982278823852539,0.006079522866013618,
test/algebra/1332.json|128,test/algebra/1332.json,128,5,17,C,0.00016010373975861025,0.06491775065660477,0.0005196150159463286,0.0004658025864046067,0.009277971308378818,0.8964378842282762,0.3532736599445343,0.010852810504823946,
test/algebra/1332.json|128,test/algebra/1332.json,128,5,18,R,0.0002728551723764287,0.05737624689936638,0.00045962061267346144,0.0004555388877633959,0.004632318276997849,0.9911193584694933,0.2193671464920044,0.004743121776728075,
test/algebra/1332.json|128,test/algebra/1332.json,128,5,18,C,0.00016010373975861025,0.058027297258377075,0.00045196578139439225,0.000355378957465291,0.003613804406489989,0.7862961562766756,0.2392740249633789,0.005180692345568859,
test/algebra/1332.json|128,test/algebra/1332.json,128,5,20,R,0.0002728551723764287,0.2256813496351242,0.0012102618347853422,0.0011302485363557935,0.0038093479872823195,0.9338876125283849,0.19007334113121033,0.00403298470622868,
test/algebra/1332.json|128,test/algebra/1332.json,128,5,20,C,0.00016010373975861025,0.23097924888134003,0.0013963001547381282,0.0012522728648036718,0.004220614284048464,0.8968507664039335,0.39586079120635986,0.008397698345420618,
test/algebra/1332.json|128,test/algebra/1332.json,128,5,21,R,0.0002728551723764287,0.19620423018932343,0.0010258882539346814,0.0010205111466348171,0.0027843656630023,0.9947585828436971,0.18179292976856232,0.00349459969078235,
test/algebra/1332.json|128,test/algebra/1332.json,128,5,21,C,0.00016010373975861025,0.19654828310012817,0.0016619274392724037,0.0013292607618495822,0.003626759036072229,0.7998308046659999,0.3594549000263214,0.006922426083053792,
test/algebra/1332.json|128,test/algebra/1332.json,128,5,22,R,0.0002728551723764287,0.08044027537107468,0.00025637075304985046,0.0002549031050875783,0.0030148630919765553,0.9942752871024174,0.13492746651172638,0.003053656800572576,
test/algebra/1332.json|128,test/algebra/1332.json,128,5,22,C,0.00016010373975861025,0.08159969002008438,0.0007011111592873931,0.0006170704727992415,0.00729839282637132,0.8801321498666455,0.43784040212631226,0.009930410824067606,
test/algebra/1332.json|128,test/algebra/1332.json,128,5,24,R,0.0002728551723764287,0.19150125980377197,0.0012230949942022562,0.0012056668056175113,0.002837553645395987,0.9857507473637704,0.16270211338996887,0.0029940866232087086,
test/algebra/1332.json|128,test/algebra/1332.json,128,5,24,C,0.00016010373975861025,0.1932990401983261,0.0017295636935159564,0.0015734612243250012,0.003703162940349756,0.9097445958851242,0.39843472838401794,0.007353126009396055,
test/algebra/1332.json|128,test/algebra/1332.json,128,5,25,R,0.0002728551723764287,0.18444177508354187,0.0005600446020253003,0.0005578823620453477,0.0014896574479507125,0.9961391629018967,0.12214162945747375,0.002558596462196296,
test/algebra/1332.json|128,test/algebra/1332.json,128,5,25,C,0.00016010373975861025,0.1924542337656021,0.0014778830809518695,0.0011981104034930468,0.003199194323848465,0.8106936320772267,0.5795390605926514,0.012222094317247651,
test/algebra/1332.json|128,test/algebra/1332.json,128,5,26,R,0.0002728551723764287,0.34852033853530884,0.00028235538047738373,0.0002816596534103155,0.0018577103735915917,0.9975359843916276,0.1350083202123642,0.0029387329090919774,
test/algebra/1332.json|128,test/algebra/1332.json,128,5,26,C,0.00016010373975861025,0.3518657386302948,0.001031263149343431,0.0007790341624058783,0.005138186557289265,0.7554174336069747,0.4811692237854004,0.010575002542749094,
test/algebra/1332.json|128,test/algebra/1332.json,128,5,28,R,0.0002728551723764287,0.21748466789722443,0.001224044943228364,0.001221432350575924,0.0034258572318819286,0.9978656064348299,0.13281914591789246,0.0028401095725265994,
test/algebra/1332.json|128,test/algebra/1332.json,128,5,28,C,0.00016010373975861025,0.22037841379642487,0.001735225785523653,0.0015531264944002032,0.0043561885603893916,0.895057292521991,0.6905694603919983,0.014709707370221524,
test/algebra/1332.json|128,test/algebra/1332.json,128,5,29,R,0.0002728551723764287,0.12230772525072098,0.0006174947484396398,0.0006103395135141909,0.0033585471017261036,0.9884124748721473,0.17648929357528687,0.0035177947772972273,
test/algebra/1332.json|128,test/algebra/1332.json,128,5,29,C,0.00016010373975861025,0.12357211858034134,0.0009472513920627534,0.0008968782494775951,0.004935298761898236,0.9468217793564953,0.41056498885154724,0.008183078867173526,
test/algebra/1332.json|128,test/algebra/1332.json,128,5,30,R,0.0002728551723764287,0.16439245641231537,0.0007797621074132621,0.0007761618471704423,0.003689307462960012,0.9953828722837713,0.19182494282722473,0.0036261976605947567,
test/algebra/1332.json|128,test/algebra/1332.json,128,5,30,C,0.00016010373975861025,0.1657458394765854,0.0011313017457723618,0.0009576929151080549,0.004552173791861471,0.8465406491595915,0.3215780556201935,0.006088684202235538,
test/algebra/1332.json|128,test/algebra/1332.json,128,6,0,R,0.0002728551723764287,1.9267264604568481,0.03953065350651741,0.03952472284436226,0.005907895520626059,0.9998499730556182,0.2731139063835144,0.004824462134243957,
test/algebra/1332.json|128,test/algebra/1332.json,128,6,0,C,0.00016010373975861025,2.1294209957122803,0.022213632240891457,0.0007305298349820077,0.0001091947932631616,0.03288655484285646,0.32819586992263794,0.005784813143227053,
test/algebra/1332.json|128,test/algebra/1332.json,128,6,1,R,0.0002728551723764287,0.05234507471323013,0.0007477672188542783,0.0007476931205019355,0.008630878931375591,0.9999009058562941,0.1901518702507019,0.006806556483515985,
test/algebra/1332.json|128,test/algebra/1332.json,128,6,1,C,0.00016010373975861025,0.053056973963975906,0.0005141193396411836,0.0004074783355463296,0.004703662618826658,0.79257538733739,0.23756346106529236,0.00850402036485781,
test/algebra/1332.json|128,test/algebra/1332.json,128,6,2,R,0.0002728551723764287,0.057883989065885544,0.00029863836243748665,0.00029860640643164515,0.006015537722137219,0.9998929909557712,0.146298348903656,0.00583797002168343,
test/algebra/1332.json|128,test/algebra/1332.json,128,6,2,C,0.00016010373975861025,0.05897607281804085,0.00039460777770727873,0.00013565657718572766,0.002732852476504276,0.3437757299922821,0.274764746427536,0.010855814622303561,
test/algebra/1332.json|128,test/algebra/1332.json,128,6,4,R,0.0002728551723764287,0.05421491712331772,0.0003215389442630112,0.0003214413009118289,0.006298240568071393,0.9996963218526997,0.17174115777015686,0.006024192415793558,
test/algebra/1332.json|128,test/algebra/1332.json,128,6,4,C,0.00016010373975861025,0.05515531450510025,0.0006309607997536659,0.0001652341743465513,0.0032375571438677383,0.2618770835671304,0.16452190279960632,0.005784390228651926,
test/algebra/1332.json|128,test/algebra/1332.json,128,6,5,R,0.0002728551723764287,0.0549066923558712,0.00035758133162744343,0.00035729462979361415,0.008446178561705518,0.9991982164400959,0.2094263881444931,0.008520927261667291,
test/algebra/1332.json|128,test/algebra/1332.json,128,6,5,C,0.00016010373975861025,0.05531362071633339,0.00034711684565991163,0.00018363280105404556,0.004340942455207129,0.529023015797214,0.1978948712348938,0.008015981407040818,
test/algebra/1332.json|128,test/algebra/1332.json,128,6,6,R,0.0002728551723764287,0.055744171142578125,0.00047435236047022045,0.00047419226029887795,0.009322696931786303,0.9996624847173813,0.23267321288585663,0.00806757353646329,
test/algebra/1332.json|128,test/algebra/1332.json,128,6,6,C,0.00016010373975861025,0.056189220398664474,0.0005597682320512831,0.0001892880827654153,0.0037214344816775256,0.33815438531338327,0.17934486269950867,0.006217565041470233,
test/algebra/1332.json|128,test/algebra/1332.json,128,6,8,R,0.0002728551723764287,0.30370184779167175,0.000492588325869292,0.0004898032057099044,0.008715118996385478,0.9943459456762023,0.3525776267051697,0.010361409139575405,
test/algebra/1332.json|128,test/algebra/1332.json,128,6,8,C,0.00016010373975861025,0.3036928176879883,0.0019244228024035692,0.0009020387078635395,0.016050067836903045,0.4687320822992626,0.7891428470611572,0.021816532242013964,
test/algebra/1332.json|128,test/algebra/1332.json,128,6,9,R,0.0002728551723764287,0.08142691105604172,0.0003345987352076918,0.00033289677230641246,0.007788976950934268,0.9949134180225269,0.2564919590950012,0.009247809666966993,
test/algebra/1332.json|128,test/algebra/1332.json,128,6,9,C,0.00016010373975861025,0.08264732360839844,0.00045631316606886685,0.000283582485280931,0.0066351422581794745,0.6214646119079283,0.35607922077178955,0.012887731643852712,
test/algebra/1332.json|128,test/algebra/1332.json,128,6,10,R,0.0002728551723764287,0.08116815984249115,0.0005830355221405625,0.0005826968117617071,0.012520978583589411,0.9994190553312584,0.45965278148651123,0.014061512485450869,
test/algebra/1332.json|128,test/algebra/1332.json,128,6,10,C,0.00016010373975861025,0.08203589916229248,0.0006833074730820954,0.0003582724602892995,0.007698552166107813,0.5243210031773414,0.416766881942749,0.012893225886498855,
test/algebra/1332.json|128,test/algebra/1332.json,128,6,12,R,0.0002728551723764287,0.06912623345851898,0.00037624480319209397,0.0003757824015337974,0.007662769646467766,0.9987710058633514,0.2882877588272095,0.008586319193305552,
test/algebra/1332.json|128,test/algebra/1332.json,128,6,12,C,0.00016010373975861025,0.06969346851110458,0.0007229658658616245,0.0004270208301022649,0.00870759844516777,0.5906514396813102,0.42809975147247314,0.012712578786629283,
test/algebra/1332.json|128,test/algebra/1332.json,128,6,13,R,0.0002728551723764287,0.07188193500041962,0.0005394146428443491,0.0005387685960158706,0.010504278984786659,0.9988023168524417,0.29962754249572754,0.011444614071909685,
test/algebra/1332.json|128,test/algebra/1332.json,128,6,13,C,0.00016010373975861025,0.07275780290365219,0.0004715658724308014,0.00037059184978716075,0.007225365784938616,0.7858750403013254,0.3713994324207306,0.01421796120906156,
test/algebra/1332.json|128,test/algebra/1332.json,128,6,14,R,0.0002728551723764287,0.07464316487312317,0.0004922211519442499,0.0004913514130748808,0.0081056275056401,0.9982330302869622,0.25164783000946045,0.0074551802385955865,
test/algebra/1332.json|128,test/algebra/1332.json,128,6,14,C,0.00016010373975861025,0.07542147487401962,0.0005728913238272071,0.0003912991378456354,0.006455105185932325,0.6830250710527993,0.4277353286743164,0.012725614044298936,
test/algebra/1332.json|128,test/algebra/1332.json,128,6,16,R,0.0002728551723764287,0.06782485544681549,0.000420782103901729,0.00042027089511975646,0.007843460173520509,0.9987850961910751,0.28280696272850037,0.008214777926055015,
test/algebra/1332.json|128,test/algebra/1332.json,128,6,16,C,0.00016010373975861025,0.06817056238651276,0.0005237078294157982,0.0003389459161553532,0.006325702838842529,0.6472042166836551,0.3026394546031952,0.008805445775500614,
test/algebra/1332.json|128,test/algebra/1332.json,128,6,17,R,0.0002728551723764287,0.06395313143730164,0.00039343396201729774,0.0003918433503713459,0.007856341253043084,0.9959571038713759,0.23546674847602844,0.0076384784050231806,
test/algebra/1332.json|128,test/algebra/1332.json,128,6,17,C,0.00016010373975861025,0.06479258835315704,0.00042906799353659153,0.0003833102819044143,0.007685255798235023,0.8933555678474756,0.34796157479286194,0.011290065056231657,
test/algebra/1332.json|128,test/algebra/1332.json,128,6,18,R,0.0002728551723764287,0.05717296898365021,0.00043527554953470826,0.0004328596405684948,0.005232793707265299,0.9944496998206178,0.23617278039455414,0.0054814916655840555,
test/algebra/1332.json|128,test/algebra/1332.json,128,6,18,C,0.00016010373975861025,0.05789707601070404,0.00042148097418248653,0.0003615969035308808,0.004371306132579017,0.8579198702250368,0.2702266573905945,0.006274805948754502,
test/algebra/1332.json|128,test/algebra/1332.json,128,6,20,R,0.0002728551723764287,0.224828839302063,0.0009578581666573882,0.0009556052973493934,0.003750303712657882,0.9976480126347885,0.19405478239059448,0.004128278191952671,
test/algebra/1332.json|128,test/algebra/1332.json,128,6,20,C,0.00016010373975861025,0.23074869811534882,0.001262074802070856,0.001128294039517641,0.004428026233330564,0.8939993388444946,0.4007765054702759,0.008527371858300934,
test/algebra/1332.json|128,test/algebra/1332.json,128,6,21,R,0.0002728551723764287,0.19606029987335205,0.0010073943994939327,0.0010056757600978017,0.002851616127753733,0.9982939746386437,0.18908759951591492,0.0036982611213509054,
test/algebra/1332.json|128,test/algebra/1332.json,128,6,21,C,0.00016010373975861025,0.19644112884998322,0.0013271657517179847,0.0012298047076910734,0.0034871387753228557,0.926639875367851,0.42203372716903687,0.008280815650911575,
test/algebra/1332.json|128,test/algebra/1332.json,128,6,22,R,0.0002728551723764287,0.08018679171800613,0.0002589977812021971,0.0002572390076238662,0.003209047108962429,0.9932093064142232,0.13803397119045258,0.003174635853604572,
test/algebra/1332.json|128,test/algebra/1332.json,128,6,22,C,0.00016010373975861025,0.08142755180597305,0.0007455603335984051,0.0006397844408638775,0.007981287244411245,0.8581256421165383,0.46221357583999634,0.010659950303392653,
test/algebra/1332.json|128,test/algebra/1332.json,128,6,24,R,0.0002728551723764287,0.19122029840946198,0.0012576065491884947,0.001231882837601006,0.003022290881750786,0.9795455004718026,0.15767763555049896,0.0029029811008544873,
test/algebra/1332.json|128,test/algebra/1332.json,128,6,24,C,0.00016010373975861025,0.19310146570205688,0.0014945436269044876,0.0013695842353627086,0.003360126320443963,0.916389598664988,0.4035555422306061,0.007449719042551007,
test/algebra/1332.json|128,test/algebra/1332.json,128,6,25,R,0.0002728551723764287,0.1839372217655182,0.0006184569792822003,0.0006176891038194299,0.0017025963004423102,0.9987583995536439,0.13097620010375977,0.0026902757972963854,
test/algebra/1332.json|128,test/algebra/1332.json,128,6,25,C,0.00016010373975861025,0.1920909881591797,0.001115493243560195,0.0009724841802380979,0.002680552331705184,0.8717974626744771,0.5605857372283936,0.011603330912683129,
test/algebra/1332.json|128,test/algebra/1332.json,128,6,26,R,0.0002728551723764287,0.34825730323791504,0.00026702479226514697,0.00026621660799719393,0.0017698373707102173,0.9969733699329165,0.14098772406578064,0.002985825444105849,
test/algebra/1332.json|128,test/algebra/1332.json,128,6,26,C,0.00016010373975861025,0.35156044363975525,0.0010936904000118375,0.0008097829995676875,0.005383526691226626,0.7404133736736735,0.5011053085327148,0.010731298232607114,
test/algebra/1332.json|128,test/algebra/1332.json,128,6,28,R,0.0002728551723764287,0.21716628968715668,0.0011606052285060287,0.0011533956276252866,0.0030477715024466836,0.9937880670382551,0.12466389685869217,0.0025936542893969542,
test/algebra/1332.json|128,test/algebra/1332.json,128,6,28,C,0.00016010373975861025,0.22024106979370117,0.0016847505467012525,0.00149515678640455,0.00395085271363105,0.8874647872615964,0.6524996757507324,0.013541224978221111,
test/algebra/1332.json|128,test/algebra/1332.json,128,6,29,R,0.0002728551723764287,0.12201432883739471,0.0005770897842012346,0.000574752630200237,0.0031361093290492603,0.9959501015943601,0.1524226814508438,0.002996950334186666,
test/algebra/1332.json|128,test/algebra/1332.json,128,6,29,C,0.00016010373975861025,0.12346280366182327,0.0009661501972004771,0.0009214226738549769,0.00502769729382078,0.9537054130622667,0.4079722762107849,0.008016198139648973,
test/algebra/1332.json|128,test/algebra/1332.json,128,6,30,R,0.0002728551723764287,0.16410145163536072,0.0007757678395137191,0.0007668414036743343,0.0034995752153402318,0.9884934172658232,0.17945003509521484,0.0033125925959343887,
test/algebra/1332.json|128,test/algebra/1332.json,128,6,30,C,0.00016010373975861025,0.16557577252388,0.0011473015183582902,0.000994980102404952,0.00454071427214148,0.8672350603714578,0.3073742687702179,0.00568737433801874,
test/algebra/1332.json|128,test/algebra/1332.json,128,7,0,R,0.0002728551723764287,1.9004244804382324,0.04024842381477356,0.04024175927042961,0.006536976013411991,0.999834414749396,0.311237633228302,0.005642956412167145,
test/algebra/1332.json|128,test/algebra/1332.json,128,7,0,C,0.00016010373975861025,2.109290599822998,0.023102838546037674,0.0007685658056288958,0.00012484782790837261,0.03326715910099471,0.2514064908027649,0.004560621291458934,
test/algebra/1332.json|128,test/algebra/1332.json,128,7,1,R,0.0002728551723764287,0.05210293456912041,0.0007461027707904577,0.0007459417101927102,0.009163726144760527,0.9997841294740656,0.19665801525115967,0.007531723641164729,
test/algebra/1332.json|128,test/algebra/1332.json,128,7,1,C,0.00016010373975861025,0.05285666137933731,0.0003688480646815151,0.0002032141637755558,0.002496440298390901,0.5509427395263141,0.16230428218841553,0.006224066257448009,
test/algebra/1332.json|128,test/algebra/1332.json,128,7,2,R,0.0002728551723764287,0.057438015937805176,0.00035967316944152117,0.0003596593742258847,0.005312564965747783,0.9999616423554207,0.13692764937877655,0.0048347323030589655,
test/algebra/1332.json|128,test/algebra/1332.json,128,7,2,C,0.00016010373975861025,0.058595817536115646,0.0005165947950445116,0.00017696360009722412,0.0026139472219029753,0.3425578450503329,0.24695169925689697,0.008703146367982273,
test/algebra/1332.json|128,test/algebra/1332.json,128,7,4,R,0.0002728551723764287,0.05406402051448822,0.00037774076918140054,0.0003776300582103431,0.00835770059591441,0.9997069101886877,0.21542198956012726,0.007622047523641275,
test/algebra/1332.json|128,test/algebra/1332.json,128,7,4,C,0.00016010373975861025,0.05504414439201355,0.0005151935038156807,0.0001733748649712652,0.0038371289064066238,0.33652377863982,0.19021353125572205,0.006773813176183566,
test/algebra/1332.json|128,test/algebra/1332.json,128,7,5,R,0.0002728551723764287,0.05474652722477913,0.00035377833410166204,0.00035370406112633646,0.008086706028329001,0.9997900550487235,0.20250248908996582,0.007875465862772933,
test/algebra/1332.json|128,test/algebra/1332.json,128,7,5,C,0.00016010373975861025,0.055170465260744095,0.0003687635180540383,0.00016554913599975407,0.003784935891916982,0.44893035087750816,0.16475912928581238,0.006394613665156934,
test/algebra/1332.json|128,test/algebra/1332.json,128,7,6,R,0.0002728551723764287,0.05553927272558212,0.00044898095075041056,0.00044889660784974694,0.007532552135706348,0.9998121436993378,0.2029023915529251,0.006576210241262259,
test/algebra/1332.json|128,test/algebra/1332.json,128,7,6,C,0.00016010373975861025,0.05601385608315468,0.0006434522219933569,0.00020614045206457376,0.0034590675788180886,0.32036636862578993,0.1563490927219391,0.005054961985157424,
test/algebra/1332.json|128,test/algebra/1332.json,128,7,8,R,0.0002728551723764287,0.3026965260505676,0.00044232694199308753,0.0004419783945195377,0.006852810777451921,0.9992120116599922,0.27743294835090637,0.008499578529448479,
test/algebra/1332.json|128,test/algebra/1332.json,128,7,8,C,0.00016010373975861025,0.3035687506198883,0.0018966889474540949,0.0012124576605856419,0.01879897982954038,0.6392496047250452,1.093779444694519,0.031474102253193144,
test/algebra/1332.json|128,test/algebra/1332.json,128,7,9,R,0.0002728551723764287,0.08096607029438019,0.0003013995592482388,0.0003010980726685375,0.006201754286811382,0.9989997079642287,0.21308839321136475,0.007383039542633194,
test/algebra/1332.json|128,test/algebra/1332.json,128,7,9,C,0.00016010373975861025,0.0824831947684288,0.000603655818849802,0.00040034702396951616,0.008245997226453073,0.6632041153336815,0.47714963555336,0.016640861547271395,
test/algebra/1332.json|128,test/algebra/1332.json,128,7,10,R,0.0002728551723764287,0.08089479058980942,0.00048040939145721495,0.0004800188762601465,0.0077850759983241445,0.9991871178973604,0.3121441900730133,0.008441152814719285,
test/algebra/1332.json|128,test/algebra/1332.json,128,7,10,C,0.00016010373975861025,0.0818203017115593,0.0006242330418899655,0.0003579536860343069,0.005805389720022359,0.5734295710735132,0.31066861748695374,0.008433167370651537,
test/algebra/1332.json|128,test/algebra/1332.json,128,7,12,R,0.0002728551723764287,0.06897713243961334,0.0003526884247548878,0.00035004501114599407,0.0053551517896421,0.992504957872559,0.23008643090724945,0.005825249702451218,
test/algebra/1332.json|128,test/algebra/1332.json,128,7,12,C,0.00016010373975861025,0.0695876032114029,0.0006240663351491094,0.00037583723315037787,0.005749733227536142,0.6022392354465638,0.2825835645198822,0.007157444872023728,
test/algebra/1332.json|128,test/algebra/1332.json,128,7,13,R,0.0002728551723764287,0.07162931561470032,0.0005589315551333129,0.0005584532045759261,0.007618179955683703,0.9991441679179897,0.25713562965393066,0.008120508692262727,
test/algebra/1332.json|128,test/algebra/1332.json,128,7,13,C,0.00016010373975861025,0.07258301228284836,0.0005277612362988293,0.00040218461072072387,0.005486430581419483,0.7620578820437293,0.3402070701122284,0.010772914497794512,
test/algebra/1332.json|128,test/algebra/1332.json,128,7,14,R,0.0002728551723764287,0.07426933199167252,0.0006142000202089548,0.0006133493734523654,0.0068062806622412615,0.9986150313786785,0.25235337018966675,0.005898780614906362,
test/algebra/1332.json|128,test/algebra/1332.json,128,7,14,C,0.00016010373975861025,0.07509537786245346,0.00045390278683044016,0.0003213250311091542,0.0035657138332467206,0.7079159673044095,0.2773875296115875,0.006494316623788182,
test/algebra/1332.json|128,test/algebra/1332.json,128,7,16,R,0.0002728551723764287,0.0676829144358635,0.00047697522677481174,0.0004754852270707488,0.006530743892829859,0.9968761465642271,0.26407888531684875,0.006659131937931762,
test/algebra/1332.json|128,test/algebra/1332.json,128,7,16,C,0.00016010373975861025,0.06804978847503662,0.0004837937594857067,0.00033422608976252377,0.004590563218941458,0.690844151084082,0.26047617197036743,0.006568623516950005,
test/algebra/1332.json|128,test/algebra/1332.json,128,7,17,R,0.0002728551723764287,0.0636528953909874,0.0003683278919197619,0.0003676007909234613,0.006518458254261348,0.9980259382732685,0.25409242510795593,0.007480814581900143,
test/algebra/1332.json|128,test/algebra/1332.json,128,7,17,C,0.00016010373975861025,0.06451640278100967,0.0004706955514848232,0.00040095741860568523,0.007109952588382047,0.851840253193413,0.3459988832473755,0.010183829257850035,
test/algebra/1332.json|128,test/algebra/1332.json,128,7,18,R,0.0002728551723764287,0.056843485683202744,0.0004796040302608162,0.0004656556120608002,0.00453254057729473,0.9709168015887034,0.23263901472091675,0.004855893742810679,
test/algebra/1332.json|128,test/algebra/1332.json,128,7,18,C,0.00016010373975861025,0.05760621279478073,0.00040631068986840546,0.0003405668248888105,0.0033149669264319137,0.8381931180814343,0.20970016717910767,0.0043791884578941,
test/algebra/1332.json|128,test/algebra/1332.json,128,7,20,R,0.0002728551723764287,0.22392235696315765,0.0009125074720941484,0.0009097735746763647,0.0037177818661753115,0.9970039714759665,0.20811359584331512,0.004298039047619747,
test/algebra/1332.json|128,test/algebra/1332.json,128,7,20,C,0.00016010373975861025,0.2301481068134308,0.00126793107483536,0.0011469963937997818,0.004687190870491315,0.9046204605751917,0.35230836272239685,0.007268618843823786,
test/algebra/1332.json|128,test/algebra/1332.json,128,7,21,R,0.0002728551723764287,0.19583843648433685,0.001181853818707168,0.0011783390073105693,0.003234346044478406,0.9970260176529533,0.20974719524383545,0.0038777024862152094,
test/algebra/1332.json|128,test/algebra/1332.json,128,7,21,C,0.00016010373975861025,0.1962355673313141,0.0015784805873408914,0.0015258574858307838,0.004188226896602963,0.9666621795042671,0.36980605125427246,0.006837060391102234,
test/algebra/1332.json|128,test/algebra/1332.json,128,7,22,R,0.0002728551723764287,0.07950910925865173,0.0003364933654665947,0.0003357066016178578,0.0034688243733874326,0.9976618711477185,0.1487666368484497,0.0033118336394501943,
test/algebra/1332.json|128,test/algebra/1332.json,128,7,22,C,0.00016010373975861025,0.08085490018129349,0.0007108167628757656,0.0005986847099848092,0.006186152145836209,0.8422490020078445,0.38593193888664246,0.008606424015461423,
test/algebra/1332.json|128,test/algebra/1332.json,128,7,24,R,0.0002728551723764287,0.19072112441062927,0.0010885955998674035,0.0010823775082826614,0.0027501280654716707,0.9942879682962273,0.16216813027858734,0.003078169223144033,
test/algebra/1332.json|128,test/algebra/1332.json,128,7,24,C,0.00016010373975861025,0.19278079271316528,0.001578133786097169,0.0014736191369593143,0.0037442032150113843,0.9337732637166969,0.5337265729904175,0.010182373554046088,
test/algebra/1332.json|128,test/algebra/1332.json,128,7,25,R,0.0002728551723764287,0.18322023749351501,0.0006757289520464838,0.0006729904562234879,0.0019350899277514502,0.9959473442559335,0.1485430896282196,0.0030936125644276226,
test/algebra/1332.json|128,test/algebra/1332.json,128,7,25,C,0.00016010373975861025,0.19160695374011993,0.0010436441516503692,0.0009270996088162065,0.002665745254560919,0.8883292322021888,0.5819170475006104,0.012195876105739632,
test/algebra/1332.json|128,test/algebra/1332.json,128,7,26,R,0.0002728551723764287,0.3478778302669525,0.0003523704071994871,0.00035173725336790085,0.002506581922067981,0.9982031554953168,0.17596425116062164,0.003806384186154116,
test/algebra/1332.json|128,test/algebra/1332.json,128,7,26,C,0.00016010373975861025,0.3511626124382019,0.0009504780173301697,0.000753609579987824,0.005370440951044028,0.7928742858375509,0.43974006175994873,0.009569835223379484,
test/algebra/1332.json|128,test/algebra/1332.json,128,7,28,R,0.0002728551723764287,0.21664215624332428,0.0011661993339657784,0.0011639050208032131,0.0026636103468339486,0.9980326569448502,0.14544957876205444,0.0030980216496746356,
test/algebra/1332.json|128,test/algebra/1332.json,128,7,28,C,0.00016010373975861025,0.21991708874702454,0.0017184067983180285,0.0015458200359717011,0.0035376273566686575,0.899565828408721,0.666443407535553,0.014127587405150315,
test/algebra/1332.json|128,test/algebra/1332.json,128,7,29,R,0.0002728551723764287,0.1217806488275528,0.0006137031014077365,0.0005999002605676651,0.0036389395192979114,0.9775089260818157,0.17079386115074158,0.003449397734669554,
test/algebra/1332.json|128,test/algebra/1332.json,128,7,29,C,0.00016010373975861025,0.1232021152973175,0.001065144664607942,0.0009079307201318443,0.005507423809327916,0.8524013211047099,0.3775215446949005,0.007690274833038021,
test/algebra/1332.json|128,test/algebra/1332.json,128,7,30,R,0.0002728551723764287,0.16357992589473724,0.0007367018843069673,0.0007320730946958065,0.003807791753150719,0.9937168742153659,0.1766389161348343,0.003288654012569119,
test/algebra/1332.json|128,test/algebra/1332.json,128,7,30,C,0.00016010373975861025,0.16515055298805237,0.001119952299632132,0.0009811676573008299,0.005103427705509025,0.8760798622825559,0.34072473645210266,0.006358513616020474,
test/algebra/1332.json|128,test/algebra/1332.json,128,8,0,R,0.0002728551723764287,1.8781226873397827,0.03969155251979828,0.03968556225299835,0.00582444884909416,0.9998490795290311,0.2702792286872864,0.00480780134376643,
test/algebra/1332.json|128,test/algebra/1332.json,128,8,0,C,0.00016010373975861025,2.102069139480591,0.02352643944323063,0.0007170078461058438,0.00010523160784315569,0.030476683384475126,0.2665143311023712,0.0047047263296379664,
test/algebra/1332.json|128,test/algebra/1332.json,128,8,1,R,0.0002728551723764287,0.05154905468225479,0.0005240524187684059,0.0005240154569037259,0.006537783803324686,0.9999294672378455,0.1652437150478363,0.005840274192294533,
test/algebra/1332.json|128,test/algebra/1332.json,128,8,1,C,0.00016010373975861025,0.052318185567855835,0.0004774105327669531,0.0003341366827953607,0.004168795717942905,0.6998938212755665,0.15591607987880707,0.005523419768501133,
test/algebra/1332.json|128,test/algebra/1332.json,128,8,2,R,0.0002728551723764287,0.05648595467209816,0.0003268649452365935,0.0003268437285441905,0.006023350684697022,0.9999350872810093,0.1390298455953598,0.005108246525064464,
test/algebra/1332.json|128,test/algebra/1332.json,128,8,2,C,0.00016010373975861025,0.05765826255083084,0.0005411733873188496,0.000161007497808896,0.002967181369788611,0.29751554914602213,0.1511305421590805,0.005541215696874093,
test/algebra/1332.json|128,test/algebra/1332.json,128,8,4,R,0.0002728551723764287,0.0536283478140831,0.00030557927675545216,0.00029924995033070445,0.005957041359670879,0.9792874455649021,0.1629176139831543,0.005979431756012357,
test/algebra/1332.json|128,test/algebra/1332.json,128,8,4,C,0.00016010373975861025,0.0546284019947052,0.0006184765370562673,0.00016742764273658395,0.003332910803934376,0.27070977221346404,0.19262002408504486,0.007041390641832739,
test/algebra/1332.json|128,test/algebra/1332.json,128,8,5,R,0.0002728551723764287,0.0542459562420845,0.0003469324728939682,0.00034685718128457665,0.008534466292967616,0.9997829761839632,0.2148161232471466,0.008598965050178105,
test/algebra/1332.json|128,test/algebra/1332.json,128,8,5,C,0.00016010373975861025,0.05470304936170578,0.0002997642441187054,0.00015865248860791326,0.0039036652241280032,0.5292575455257765,0.17970922589302063,0.007171384511224205,
test/algebra/1332.json|128,test/algebra/1332.json,128,8,6,R,0.0002728551723764287,0.05494321882724762,0.0004924758686684072,0.0004922541556879878,0.00820002056220864,0.9995497972711461,0.2044694721698761,0.006149938029761592,
test/algebra/1332.json|128,test/algebra/1332.json,128,8,6,C,0.00016010373975861025,0.05546903610229492,0.0005650282837450504,0.0002156691625714302,0.0035926391830016216,0.38169622370098427,0.1756373941898346,0.005288965780862706,
test/algebra/1332.json|128,test/algebra/1332.json,128,8,8,R,0.0002728551723764287,0.30172789096832275,0.0004908259143121541,0.0004906735848635435,0.0074001257772392795,0.9996896446502551,0.275057315826416,0.008230835030058477,
test/algebra/1332.json|128,test/algebra/1332.json,128,8,8,C,0.00016010373975861025,0.3024538457393646,0.0019379366422072053,0.0014339725021272898,0.021626550122512803,0.7399480819734768,1.4785040616989136,0.041580745862785755,
test/algebra/1332.json|128,test/algebra/1332.json,128,8,9,R,0.0002728551723764287,0.08027427643537521,0.0002985782048199326,0.0002981881843879819,0.006117592054430957,0.998693737773393,0.21876516938209534,0.007619527949285621,
test/algebra/1332.json|128,test/algebra/1332.json,128,8,9,C,0.00016010373975861025,0.08184491097927094,0.0004992506001144648,0.0002798179630190134,0.005740710856017285,0.5604759661668562,0.3725470006465912,0.013003297197614486,
test/algebra/1332.json|128,test/algebra/1332.json,128,8,10,R,0.0002728551723764287,0.08022157102823257,0.00040324224391952157,0.0004014771548099816,0.007533471064374426,0.9956227549772414,0.28066587448120117,0.007843892652986155,
test/algebra/1332.json|128,test/algebra/1332.json,128,8,10,C,0.00016010373975861025,0.08121312409639359,0.0006485558114945889,0.00036296702455729246,0.006810852234216494,0.5596542619226327,0.3813283443450928,0.010719343218520286,
test/algebra/1332.json|128,test/algebra/1332.json,128,8,12,R,0.0002728551723764287,0.06869526952505112,0.0003391860518604517,0.0003386195166967809,0.005533647019251998,0.9983297185751212,0.228347510099411,0.005866612580944081,
test/algebra/1332.json|128,test/algebra/1332.json,128,8,12,C,0.00016010373975861025,0.06932873278856277,0.0005421635578386486,0.0003408973279874772,0.0055708705194865305,0.6287721157757312,0.3033805191516876,0.007818223459488264,
test/algebra/1332.json|128,test/algebra/1332.json,128,8,13,R,0.0002728551723764287,0.07090307772159576,0.0005406462587416172,0.000540379376616329,0.007079348544525745,0.999506362764045,0.2538864016532898,0.007681345191455543,
test/algebra/1332.json|128,test/algebra/1332.json,128,8,13,C,0.00016010373975861025,0.07188696414232254,0.0004386536020319909,0.00033353539765812457,0.004369547458942588,0.7603616962284473,0.31919965147972107,0.009686095292278176,
test/algebra/1332.json|128,test/algebra/1332.json,128,8,14,R,0.0002728551723764287,0.07317829132080078,0.0005615868140012026,0.000561009394004941,0.006593490087717895,0.9989718045708386,0.23988650739192963,0.0055336003772971576,
test/algebra/1332.json|128,test/algebra/1332.json,128,8,14,C,0.00016010373975861025,0.07404028624296188,0.0004749996296595782,0.0003052538086194545,0.0035876190004632655,0.6426400967840398,0.24516884982585907,0.00566834508603099,
test/algebra/1332.json|128,test/algebra/1332.json,128,8,16,R,0.0002728551723764287,0.0672626718878746,0.00041568977758288383,0.0004122500540688634,0.006270624064588145,0.9917252607804149,0.2647136449813843,0.006483561433714176,
test/algebra/1332.json|128,test/algebra/1332.json,128,8,16,C,0.00016010373975861025,0.06762595474720001,0.0006281728274188936,0.0003902761673089117,0.005936385216710465,0.6212878839271574,0.31222090125083923,0.007603441254795351,
test/algebra/1332.json|128,test/algebra/1332.json,128,8,17,R,0.0002728551723764287,0.06126207113265991,0.00031537929316982627,0.0003125774092040956,0.005001409958862293,0.9911158246038121,0.22532205283641815,0.006419834427692999,
test/algebra/1332.json|128,test/algebra/1332.json,128,8,17,C,0.00016010373975861025,0.06196480244398117,0.0004415377916302532,0.0004092363524250686,0.006548006056351941,0.9268433172780886,0.2894755005836487,0.008253156054826622,
test/algebra/1332.json|128,test/algebra/1332.json,128,8,18,R,0.0002728551723764287,0.05532277375459671,0.0004893461591564119,0.00048688528477214277,0.0044408322842503165,0.9949710949331194,0.24101488292217255,0.005117903121812697,
test/algebra/1332.json|128,test/algebra/1332.json,128,8,18,C,0.00016010373975861025,0.056087955832481384,0.0005406683776527643,0.0004366840294096619,0.003982951624275286,0.8076744389930658,0.26282745599746704,0.00558916873681109,
test/algebra/1332.json|128,test/algebra/1332.json,128,8,20,R,0.0002728551723764287,0.22125594317913055,0.0011368347331881523,0.0011348973494023085,0.004047334916878323,0.9982958078887101,0.20333757996559143,0.004413070434187671,
test/algebra/1332.json|128,test/algebra/1332.json,128,8,20,C,0.00016010373975861025,0.2289087325334549,0.001302526448853314,0.0011825610417872667,0.004217315864105476,0.9078979101886512,0.32265156507492065,0.007002289312791972,
test/algebra/1332.json|128,test/algebra/1332.json,128,8,21,R,0.0002728551723764287,0.19462881982326508,0.00129066058434546,0.0012831082567572594,0.003508522050098566,0.994148478171603,0.23052147030830383,0.004490053384470277,
test/algebra/1332.json|128,test/algebra/1332.json,128,8,21,C,0.00016010373975861025,0.19501148164272308,0.001356165623292327,0.001290839514695108,0.003529662346567777,0.9518302864878267,0.30748701095581055,0.0059757481572758845,
test/algebra/1332.json|128,test/algebra/1332.json,128,8,22,R,0.0002728551723764287,0.07513603568077087,0.0004753805114887655,0.0004735638794954866,0.004643591171317253,0.9961785707542612,0.17724119126796722,0.004247739694066825,
test/algebra/1332.json|128,test/algebra/1332.json,128,8,22,C,0.00016010373975861025,0.0764835923910141,0.0006206558900885284,0.0005649219965562224,0.005539414869407056,0.9102016184289207,0.351673424243927,0.008440664516309334,
test/algebra/1332.json|128,test/algebra/1332.json,128,8,24,R,0.0002728551723764287,0.18890947103500366,0.0012311565224081278,0.0012272489257156849,0.0032689329369054968,0.9968260756303953,0.17833860218524933,0.0034223226382282088,
test/algebra/1332.json|128,test/algebra/1332.json,128,8,24,C,0.00016010373975861025,0.1912476271390915,0.0015902214217931032,0.0015007617184892297,0.003997468899111408,0.9437438692363077,0.4663161635398865,0.00897587569090421,
test/algebra/1332.json|128,test/algebra/1332.json,128,8,25,R,0.0002728551723764287,0.18077288568019867,0.0008878821972757578,0.0008612394449301064,0.002735752862691515,0.9699929186581386,0.1752469539642334,0.0038684325190820727,
test/algebra/1332.json|128,test/algebra/1332.json,128,8,25,C,0.00016010373975861025,0.18912191689014435,0.001154214725829661,0.001042435527779162,0.0033113276407406344,0.9031556291457756,0.6838840246200562,0.015182674257229443,
test/algebra/1332.json|128,test/algebra/1332.json,128,8,26,R,0.0002728551723764287,0.34700652956962585,0.0003341941046528518,0.00033376162173226476,0.0023207598309590697,0.9987058900403339,0.18860158324241638,0.00438487219560241,
test/algebra/1332.json|128,test/algebra/1332.json,128,8,26,C,0.00016010373975861025,0.35005488991737366,0.0012713671894744039,0.0009003838640637696,0.006260679982670723,0.7082012740377516,0.6725726127624512,0.016020666965069985,
test/algebra/1332.json|128,test/algebra/1332.json,128,8,28,R,0.0002728551723764287,0.21524983644485474,0.0011867355788126588,0.0011625669430941343,0.0031270176743833865,0.9796343539962459,0.19979333877563477,0.004494314202577094,
test/algebra/1332.json|128,test/algebra/1332.json,128,8,28,C,0.00016010373975861025,0.2187734842300415,0.0018689382122829556,0.0016695430967956781,0.004490658196361716,0.8933110174161283,0.7386910319328308,0.016533442818075485,
test/algebra/1332.json|128,test/algebra/1332.json,128,8,29,R,0.0002728551723764287,0.12046218663454056,0.0007380725583061576,0.0007329263025894761,0.004526380196488178,0.9930274379506544,0.18860244750976562,0.004140114184516603,
test/algebra/1332.json|128,test/algebra/1332.json,128,8,29,C,0.00016010373975861025,0.1223389059305191,0.0009015624527819455,0.0007832710980437696,0.0048372977939811984,0.8687929435814924,0.3574758768081665,0.007863083654532454,
test/algebra/1332.json|128,test/algebra/1332.json,128,8,30,R,0.0002728551723764287,0.16151805222034454,0.0006339688552543521,0.0006264689145609736,0.0035332213559772585,0.9881698578417716,0.17074130475521088,0.0034043293948544822,
test/algebra/1332.json|128,test/algebra/1332.json,128,8,30,C,0.00016010373975861025,0.16328385472297668,0.001059068483300507,0.0009393020300194621,0.005297568506656596,0.8869133997881655,0.327687531709671,0.006548450640966183,
test/algebra/1332.json|256,test/algebra/1332.json,256,1,0,R,0.0004853808461824319,2.3683388233184814,0.05113491415977478,0.05112886056303978,0.007555649303374661,0.9998816151775288,0.41002631187438965,0.007197600189960802,
test/algebra/1332.json|256,test/algebra/1332.json,256,1,0,C,0.00010580278440220769,2.4054641723632812,0.02349133789539337,0.0008329861448146403,0.0001230958624049434,0.035459289227733976,0.6869087219238281,0.012172969653654522,
test/algebra/1332.json|256,test/algebra/1332.json,256,1,1,R,0.0004853808461824319,0.05572780221700668,0.0005898633971810341,0.0005898422678001225,0.008545088576578585,0.9999641775011354,0.19814682006835938,0.0069346863411332196,
test/algebra/1332.json|256,test/algebra/1332.json,256,1,1,C,0.00010580278440220769,0.055736660957336426,0.00038569612661376595,0.00018805719446390867,0.0027243984907190637,0.48757864287460034,0.14515718817710876,0.005070193906737388,
test/algebra/1332.json|256,test/algebra/1332.json,256,1,2,R,0.0004853808461824319,0.06153758987784386,0.00036290986463427544,0.0003628775884862989,0.008083137492231312,0.9999110601528561,0.19959914684295654,0.007951929028147009,
test/algebra/1332.json|256,test/algebra/1332.json,256,1,2,C,0.00010580278440220769,0.06204770505428314,0.00043449498480185866,0.00011078249372076243,0.002467692017609913,0.2549684054841595,0.2251797616481781,0.008971881550456277,
test/algebra/1332.json|256,test/algebra/1332.json,256,1,4,R,0.0004853808461824319,0.058889392763376236,0.0003254957846365869,0.0003254050388932228,0.005963138692201021,0.9997212045520447,0.19457879662513733,0.006259224321069828,
test/algebra/1332.json|256,test/algebra/1332.json,256,1,4,C,0.00010580278440220769,0.05935407057404518,0.0003733187331818044,0.00018916191766038537,0.0034664452466014973,0.5067035225943535,0.20474794507026672,0.0065624808266032605,
test/algebra/1332.json|256,test/algebra/1332.json,256,1,5,R,0.0004853808461824319,0.05422115698456764,0.00032460191869176924,0.0003244696417823434,0.009840665123255628,0.9995924919065436,0.21946677565574646,0.010160077197336899,
test/algebra/1332.json|256,test/algebra/1332.json,256,1,5,C,0.00010580278440220769,0.05429358407855034,0.0003100604226347059,0.0001614755456103012,0.004897304910306202,0.5207873475672656,0.2170400321483612,0.010039336665082332,
test/algebra/1332.json|256,test/algebra/1332.json,256,1,6,R,0.0004853808461824319,0.05701553449034691,0.0005289257387630641,0.0005287675885483623,0.009407374932055974,0.9997009954275005,0.24023006856441498,0.008071423744404789,
test/algebra/1332.json|256,test/algebra/1332.json,256,1,6,C,0.00010580278440220769,0.057272206991910934,0.0002994815877173096,0.00019441492622718215,0.003458861970772678,0.6491715469383886,0.17885257303714752,0.006009284248953396,
test/algebra/1332.json|256,test/algebra/1332.json,256,1,8,R,0.0004853808461824319,0.3245069980621338,0.0005610116058960557,0.0005608696374110878,0.007985964525304296,0.9997469402001263,0.3555929362773895,0.010171079026163894,
test/algebra/1332.json|256,test/algebra/1332.json,256,1,8,C,0.00010580278440220769,0.3244416415691376,0.0025618714280426502,0.002118207048624754,0.030160174877087026,0.8268202005033134,2.1809747219085693,0.059203849335285316,
test/algebra/1332.json|256,test/algebra/1332.json,256,1,9,R,0.0004853808461824319,0.08389876037836075,0.0004535888147074729,0.0004532906459644437,0.008348671998771495,0.9993426430884012,0.30671969056129456,0.00988992982474989,
test/algebra/1332.json|256,test/algebra/1332.json,256,1,9,C,0.00010580278440220769,0.08399417996406555,0.0006088041118346155,0.00031491441768594086,0.005800069347008485,0.5172672310304988,0.34575098752975464,0.011179514384811223,
test/algebra/1332.json|256,test/algebra/1332.json,256,1,10,R,0.0004853808461824319,0.0777779147028923,0.0005469949101097882,0.0005464130663312972,0.010050386054002679,0.9989362884979852,0.37279462814331055,0.010239657937507429,
test/algebra/1332.json|256,test/algebra/1332.json,256,1,10,C,0.00010580278440220769,0.07793626934289932,0.000705413578543812,0.00035938768996857107,0.006610356248418066,0.5094708981941991,0.3309659957885742,0.009153630211415704,
test/algebra/1332.json|256,test/algebra/1332.json,256,1,12,R,0.0004853808461824319,0.06990601867437363,0.0004895278834737837,0.0004889207193627954,0.008383059119918906,0.9987596924909782,0.33273428678512573,0.008579975393765921,
test/algebra/1332.json|256,test/algebra/1332.json,256,1,12,C,0.00010580278440220769,0.07011506706476212,0.0005795376491732895,0.00036517975968308747,0.006261390433219701,0.6301225806017846,0.30860069394111633,0.007943479993586017,
test/algebra/1332.json|256,test/algebra/1332.json,256,1,13,R,0.0004853808461824319,0.07377757877111435,0.0006114558200351894,0.0006103700725361705,0.009657469012772275,0.9982243222459135,0.3072561025619507,0.01033319663155494,
test/algebra/1332.json|256,test/algebra/1332.json,256,1,13,C,0.00010580278440220769,0.0739876851439476,0.0004216477391310036,0.00033071983489207923,0.005232754194694149,0.7843510196196627,0.3021717369556427,0.01016081190463968,
test/algebra/1332.json|256,test/algebra/1332.json,256,1,14,R,0.0004853808461824319,0.07260793447494507,0.0006111283437348902,0.0006102601182647049,0.007811605153594815,0.998579305840311,0.280012309551239,0.007381783194914768,
test/algebra/1332.json|256,test/algebra/1332.json,256,1,14,C,0.00010580278440220769,0.07283398509025574,0.0005503029096871614,0.0003968451637774706,0.005079797341760125,0.7211394962129699,0.39956018328666687,0.010553524976954576,
test/algebra/1332.json|256,test/algebra/1332.json,256,1,16,R,0.0004853808461824319,0.06557351350784302,0.00047687298501841724,0.00047207908937707543,0.008702747275019553,0.9899472253998538,0.3259395360946655,0.008775002892626388,
test/algebra/1332.json|256,test/algebra/1332.json,256,1,16,C,0.00010580278440220769,0.06563825905323029,0.0004690866044256836,0.0003178145852871239,0.0058588911864718134,0.677517928696164,0.2656739056110382,0.007165751440715315,
test/algebra/1332.json|256,test/algebra/1332.json,256,1,17,R,0.0004853808461824319,0.06496379524469376,0.0003030806838069111,0.0003013809910044074,0.006615190362900883,0.9943919428465507,0.238882914185524,0.0074992942194682406,
test/algebra/1332.json|256,test/algebra/1332.json,256,1,17,C,0.00010580278440220769,0.06511780619621277,0.0004691563080996275,0.0003963334020227194,0.00869935722494878,0.8447790093313147,0.32951027154922485,0.010354474146391781,
test/algebra/1332.json|256,test/algebra/1332.json,256,1,18,R,0.0004853808461824319,0.060400862246751785,0.00041799896280281246,0.00040435162372887135,0.004604062945911603,0.9673507801316485,0.21751707792282104,0.004878901706643335,
test/algebra/1332.json|256,test/algebra/1332.json,256,1,18,C,0.00010580278440220769,0.06061984971165657,0.0004775908892042935,0.00039455670048482716,0.004492535155445278,0.8261395026108062,0.25963130593299866,0.005827373770652027,
test/algebra/1332.json|256,test/algebra/1332.json,256,1,20,R,0.0004853808461824319,0.24686264991760254,0.001026430632919073,0.0010169771267101169,0.004394755496147649,0.9907899210170089,0.2239631712436676,0.004830551694290483,
test/algebra/1332.json|256,test/algebra/1332.json,256,1,20,C,0.00010580278440220769,0.2479810267686844,0.0014256968861445785,0.0013094687601551414,0.005658726120362218,0.918476270771537,0.3691403567790985,0.007961941805529407,
test/algebra/1332.json|256,test/algebra/1332.json,256,1,21,R,0.0004853808461824319,0.20835956931114197,0.0011874525807797909,0.0011859162477776408,0.0032883691734755475,0.9987061933876573,0.23290321230888367,0.0043517698676135376,
test/algebra/1332.json|256,test/algebra/1332.json,256,1,21,C,0.00010580278440220769,0.2087257355451584,0.0014226870844140649,0.0012709175935015082,0.0035240652485618823,0.8933219444609037,0.3797145485877991,0.007132292069096145,
test/algebra/1332.json|256,test/algebra/1332.json,256,1,22,R,0.0004853808461824319,0.09342746436595917,0.0004525352851487696,0.00045161365414969623,0.004457385794101893,0.9979634030156702,0.20300374925136566,0.004330440494794096,
test/algebra/1332.json|256,test/algebra/1332.json,256,1,22,C,0.00010580278440220769,0.09373899549245834,0.0007706914329901338,0.000670767156407237,0.006620410978824592,0.8703446370675817,0.41444146633148193,0.008841705227515909,
test/algebra/1332.json|256,test/algebra/1332.json,256,1,24,R,0.0004853808461824319,0.20811982452869415,0.0015415840316563845,0.0015340677928179502,0.003534637466647838,0.9951243398483555,0.21506153047084808,0.003934136888210868,
test/algebra/1332.json|256,test/algebra/1332.json,256,1,24,C,0.00010580278440220769,0.20874956250190735,0.001928376266732812,0.0017861248925328255,0.004115400893504108,0.9262325628145014,0.43165653944015503,0.007898259396405448,
test/algebra/1332.json|256,test/algebra/1332.json,256,1,25,R,0.0004853808461824319,0.21914556622505188,0.0015099247684702277,0.0014574790839105844,0.004317423683458956,0.9652660274074155,0.2838258445262909,0.00544810384723319,
test/algebra/1332.json|256,test/algebra/1332.json,256,1,25,C,0.00010580278440220769,0.22274264693260193,0.001372476457618177,0.0012676763581112027,0.00375517974281,0.9236416043066502,0.5968957543373108,0.011519575134591998,
test/algebra/1332.json|256,test/algebra/1332.json,256,1,26,R,0.0004853808461824319,0.38877445459365845,0.0012359063839539886,0.001220250385813415,0.007312470046504747,0.9873323745785516,0.27541449666023254,0.006012632739981025,
test/algebra/1332.json|256,test/algebra/1332.json,256,1,26,C,0.00010580278440220769,0.39047983288764954,0.0012071190867573023,0.001019132323563099,0.006107250344782489,0.8442682531485252,0.5993820428848267,0.012937228456128234,
test/algebra/1332.json|256,test/algebra/1332.json,256,1,28,R,0.0004853808461824319,0.25556477904319763,0.001555748051032424,0.0015425016172230244,0.0035278519869208665,0.9914854884169101,0.2233494520187378,0.004284429826567306,
test/algebra/1332.json|256,test/algebra/1332.json,256,1,28,C,0.00010580278440220769,0.25925323367118835,0.0015625536907464266,0.0014938288368284702,0.0034165325801165988,0.9560176042071589,0.6074596643447876,0.011634484595963992,
test/algebra/1332.json|256,test/algebra/1332.json,256,1,29,R,0.0004853808461824319,0.13807712495326996,0.0009964299388229847,0.0009935095440596342,0.004667606597044576,0.9970691408932681,0.22631290555000305,0.004327901229323975,
test/algebra/1332.json|256,test/algebra/1332.json,256,1,29,C,0.00010580278440220769,0.13937434554100037,0.0012259153882041574,0.0010778128635138273,0.005063671971947033,0.8791902548947725,0.39901798963546753,0.007662291980366677,
test/algebra/1332.json|256,test/algebra/1332.json,256,1,30,R,0.0004853808461824319,0.16948692500591278,0.0008399380603805184,0.0008226076024584472,0.004334216889332363,0.9793669798775556,0.2664715349674225,0.004844636539152241,
test/algebra/1332.json|256,test/algebra/1332.json,256,1,30,C,0.00010580278440220769,0.16989099979400635,0.0012720172526314855,0.0011588125489652157,0.006105638832275478,0.911003797831294,0.38880985975265503,0.007067449626088206,
test/algebra/1332.json|256,test/algebra/1332.json,256,2,0,R,0.0004853808461824319,2.3010408878326416,0.047169242054224014,0.04716312140226364,0.007378234898292862,0.9998702405912478,0.35933029651641846,0.006261069367348494,
test/algebra/1332.json|256,test/algebra/1332.json,256,2,0,C,0.00010580278440220769,2.3669285774230957,0.022503135725855827,0.0007596301729790866,0.00011883712709060719,0.03375663650610809,0.41679590940475464,0.007225756133163798,
test/algebra/1332.json|256,test/algebra/1332.json,256,2,1,R,0.0004853808461824319,0.05547809600830078,0.000651411188300699,0.0006514018168672919,0.009613291117420883,0.9999856121086634,0.22788703441619873,0.00790244149671288,
test/algebra/1332.json|256,test/algebra/1332.json,256,2,1,C,0.00010580278440220769,0.05551906302571297,0.00032465578988194466,0.0002266388910356909,0.003344703041409226,0.6980897843220796,0.16924680769443512,0.005861281153274953,
test/algebra/1332.json|256,test/algebra/1332.json,256,2,2,R,0.0004853808461824319,0.05979084223508835,0.0003800122649408877,0.000379960925783962,0.006670478032133757,0.999864898684787,0.17871810495853424,0.006756973764179223,
test/algebra/1332.json|256,test/algebra/1332.json,256,2,2,C,0.00010580278440220769,0.060778263956308365,0.0005925071309320629,0.0001454588200431317,0.002553630644192842,0.24549716316294076,0.19536274671554565,0.007425225526392024,
test/algebra/1332.json|256,test/algebra/1332.json,256,2,4,R,0.0004853808461824319,0.05787815526127815,0.0003666991542559117,0.0003666348347906023,0.006398769802744312,0.9998245960908623,0.1972692310810089,0.005985479911126171,
test/algebra/1332.json|256,test/algebra/1332.json,256,2,4,C,0.00010580278440220769,0.05855327099561691,0.00034558377228677273,0.0001669225748628378,0.0029132505427060173,0.4830162402455219,0.16257910430431366,0.004916860660983351,
test/algebra/1332.json|256,test/algebra/1332.json,256,2,5,R,0.0004853808461824319,0.05364519730210304,0.0003416349063627422,0.0003414502425584942,0.008123522190177571,0.9994594674014038,0.20846925675868988,0.008519679719305935,
test/algebra/1332.json|256,test/algebra/1332.json,256,2,5,C,0.00010580278440220769,0.05378441512584686,0.00026528260787017643,0.00014592822117265314,0.0034718122733976603,0.5500858944133321,0.1680791676044464,0.006865918723757619,
test/algebra/1332.json|256,test/algebra/1332.json,256,2,6,R,0.0004853808461824319,0.0561099648475647,0.0005573262460529804,0.0005572114605456591,0.00901560484456454,0.9997940407294142,0.21759414672851562,0.007073550569276489,
test/algebra/1332.json|256,test/algebra/1332.json,256,2,6,C,0.00010580278440220769,0.05638545751571655,0.0004277236294001341,0.00019754176901187748,0.003196198671081347,0.4618444130081796,0.19163213670253754,0.0062229365773157725,
test/algebra/1332.json|256,test/algebra/1332.json,256,2,8,R,0.0004853808461824319,0.3240049183368683,0.0005034992936998606,0.0005019918316975236,0.007099824235627032,0.9970060275789749,0.31335780024528503,0.008807697781848763,
test/algebra/1332.json|256,test/algebra/1332.json,256,2,8,C,0.00010580278440220769,0.32395005226135254,0.0027160029858350754,0.0016769367503002286,0.023717430104657884,0.6174281686834012,2.151096820831299,0.05559344772716364,
test/algebra/1332.json|256,test/algebra/1332.json,256,2,9,R,0.0004853808461824319,0.08335836231708527,0.00040049292147159576,0.00040027679642662406,0.0069651232898099566,0.9994603499017214,0.25214850902557373,0.007955594976927332,
test/algebra/1332.json|256,test/algebra/1332.json,256,2,9,C,0.00010580278440220769,0.08354039490222931,0.0007091296138241887,0.0003194018790964037,0.00555783769322546,0.4504139615937371,0.36766645312309265,0.011649387214326448,
test/algebra/1332.json|256,test/algebra/1332.json,256,2,10,R,0.0004853808461824319,0.07730668783187866,0.00048779239295981824,0.00048745746607892215,0.008302381792903572,0.9993133802719284,0.3215310871601105,0.008694660054139028,
test/algebra/1332.json|256,test/algebra/1332.json,256,2,10,C,0.00010580278440220769,0.07755858451128006,0.000753941829316318,0.0003777365491259843,0.006433613732916019,0.5010155080100862,0.37310442328453064,0.010194539218621386,
test/algebra/1332.json|256,test/algebra/1332.json,256,2,12,R,0.0004853808461824319,0.06955163925886154,0.00040445744525641203,0.0004037240578327328,0.006454169909067596,0.9981867352660525,0.2681387960910797,0.006903523463237502,
test/algebra/1332.json|256,test/algebra/1332.json,256,2,12,C,0.00010580278440220769,0.06981505453586578,0.0006031813099980354,0.00038090418092906475,0.006089357954013628,0.6314920140659089,0.32306814193725586,0.008317208356543886,
test/algebra/1332.json|256,test/algebra/1332.json,256,2,13,R,0.0004853808461824319,0.07268138229846954,0.0006584078073501587,0.0006579096079804003,0.008047382621188317,0.9992433255446852,0.25961634516716003,0.007820700276182695,
test/algebra/1332.json|256,test/algebra/1332.json,256,2,13,C,0.00010580278440220769,0.07323167473077774,0.0005072631756775081,0.0002878279483411461,0.003520638095684766,0.5674134484319809,0.279632031917572,0.008419676893207825,
test/algebra/1332.json|256,test/algebra/1332.json,256,2,14,R,0.0004853808461824319,0.07178902626037598,0.0006254701875150204,0.0006250893347896636,0.007431259298056915,0.9993910921218148,0.29713717103004456,0.006984894604824095,
test/algebra/1332.json|256,test/algebra/1332.json,256,2,14,C,0.00010580278440220769,0.07214359939098358,0.0006976688746362925,0.0004052824224345386,0.0048181253501455475,0.580909420769144,0.3525964915752411,0.008346177627170406,
test/algebra/1332.json|256,test/algebra/1332.json,256,2,16,R,0.0004853808461824319,0.06512089818716049,0.00046291429316625,0.00046086873044259846,0.007593595131156385,0.9955811178236875,0.27993902564048767,0.007244594721112723,
test/algebra/1332.json|256,test/algebra/1332.json,256,2,16,C,0.00010580278440220769,0.06525595486164093,0.0004813874256797135,0.00035725426278077066,0.005886370784651901,0.7421345946753743,0.2701783776283264,0.006997806722566067,
test/algebra/1332.json|256,test/algebra/1332.json,256,2,17,R,0.0004853808461824319,0.06368725001811981,0.00032700769952498376,0.0003266032144892961,0.005979683481961335,0.998763068774716,0.23133806884288788,0.006817329480650917,
test/algebra/1332.json|256,test/algebra/1332.json,256,2,17,C,0.00010580278440220769,0.06397920846939087,0.0004165002901572734,0.00034947707899846137,0.006398474429833528,0.8390800352802068,0.3084449768066406,0.00909522314988764,
test/algebra/1332.json|256,test/algebra/1332.json,256,2,18,R,0.0004853808461824319,0.05958659201860428,0.00043967683450318873,0.0004268652410246432,0.004292520340264869,0.9708613385013034,0.2219138890504837,0.004699444065082978,
test/algebra/1332.json|256,test/algebra/1332.json,256,2,18,C,0.00010580278440220769,0.059901680797338486,0.0005014484049752355,0.00040695336065255105,0.0040922881749450605,0.8115557967745317,0.23167261481285095,0.004914246101753075,
test/algebra/1332.json|256,test/algebra/1332.json,256,2,20,R,0.0004853808461824319,0.24489492177963257,0.0010776292765513062,0.0010725866304710507,0.003920803459554805,0.9953206105426962,0.2198350578546524,0.004725682580587945,
test/algebra/1332.json|256,test/algebra/1332.json,256,2,20,C,0.00010580278440220769,0.2473190873861313,0.0013396884314715862,0.0012528515653684735,0.004579755716000363,0.9351812966370787,0.3646949231624603,0.007837320301529309,
test/algebra/1332.json|256,test/algebra/1332.json,256,2,21,R,0.0004853808461824319,0.20683929324150085,0.0011020783567801118,0.0010926580289378762,0.0033441495024379383,0.9914522150119972,0.23842941224575043,0.004517233983640645,
test/algebra/1332.json|256,test/algebra/1332.json,256,2,21,C,0.00010580278440220769,0.20729315280914307,0.0014673944097012281,0.0013389848172664642,0.0040980483297104724,0.9124914252784972,0.38465309143066406,0.007312831307379793,
test/algebra/1332.json|256,test/algebra/1332.json,256,2,22,R,0.0004853808461824319,0.09163477271795273,0.00045676008448936045,0.0004548057622741908,0.0040916509009904485,0.995721335385346,0.18355436623096466,0.003914929900876363,
test/algebra/1332.json|256,test/algebra/1332.json,256,2,22,C,0.00010580278440220769,0.0922788605093956,0.0007621884578838944,0.0006628601695410907,0.005963408195119512,0.8696801451333251,0.39670130610466003,0.008459606441395448,
test/algebra/1332.json|256,test/algebra/1332.json,256,2,24,R,0.0004853808461824319,0.20677301287651062,0.0012937592109665275,0.001284387893974781,0.0033639917954770286,0.9927565207613077,0.20098590850830078,0.003752372146838382,
test/algebra/1332.json|256,test/algebra/1332.json,256,2,24,C,0.00010580278440220769,0.20786559581756592,0.001601656200364232,0.001483993255533278,0.003886786195646915,0.9265367026139985,0.43616607785224915,0.008145130944356345,
test/algebra/1332.json|256,test/algebra/1332.json,256,2,25,R,0.0004853808461824319,0.21668602526187897,0.000971127359662205,0.0009429535130038857,0.002587529940031248,0.9709885141747961,0.2300746589899063,0.004695223717289537,
test/algebra/1332.json|256,test/algebra/1332.json,256,2,25,C,0.00010580278440220769,0.22132118046283722,0.0014277717564255,0.001330164959654212,0.003650065046495614,0.9316369740025615,0.6205768585205078,0.012703844748185972,
test/algebra/1332.json|256,test/algebra/1332.json,256,2,26,R,0.0004853808461824319,0.3840612471103668,0.0007950211875140667,0.000793297600466758,0.0049411928129025505,0.9978320225017774,0.19824238121509552,0.004507569313298866,
test/algebra/1332.json|256,test/algebra/1332.json,256,2,26,C,0.00010580278440220769,0.3882049024105072,0.0016503322403877974,0.0014859969960525632,0.009255792117068663,0.9004229322957168,1.0011283159255981,0.02211855236270847,
test/algebra/1332.json|256,test/algebra/1332.json,256,2,28,R,0.0004853808461824319,0.25399401783943176,0.0014563602162525058,0.0014415126061066985,0.004010974254477053,0.9898049871385405,0.19254343211650848,0.004168805362767649,
test/algebra/1332.json|256,test/algebra/1332.json,256,2,28,C,0.00010580278440220769,0.25812387466430664,0.002147034276276827,0.0017938619712367654,0.004991377912503353,0.8355069084001748,0.7127723097801208,0.015416089934600584,
test/algebra/1332.json|256,test/algebra/1332.json,256,2,29,R,0.0004853808461824319,0.1355484127998352,0.0008190238149836659,0.000814361497759819,0.003976039886915901,0.9943074692910518,0.19332349300384521,0.0039042871269867638,
test/algebra/1332.json|256,test/algebra/1332.json,256,2,29,C,0.00010580278440220769,0.13691309094429016,0.001076671527698636,0.0009095597197301686,0.004440835839031528,0.844788494434831,0.38020119071006775,0.007688044883678262,
test/algebra/1332.json|256,test/algebra/1332.json,256,2,30,R,0.0004853808461824319,0.16899710893630981,0.0007511853473260999,0.0007461918285116553,0.004168977844348456,0.9933524797500752,0.23183609545230865,0.004406400866814163,
test/algebra/1332.json|256,test/algebra/1332.json,256,2,30,C,0.00010580278440220769,0.16949816048145294,0.0012801188277080655,0.001150714699178934,0.006429049344605818,0.8989124082646843,0.36227938532829285,0.00689225504059412,
test/algebra/1332.json|256,test/algebra/1332.json,256,3,0,R,0.0004853808461824319,2.256456136703491,0.049160201102495193,0.04915379732847214,0.006906642846651475,0.9998697365983191,0.3398030698299408,0.005818629504021451,
test/algebra/1332.json|256,test/algebra/1332.json,256,3,0,C,0.00010580278440220769,2.3559188842773438,0.021506594493985176,0.0007461407221853733,0.00010484088232369241,0.034693578397981865,1.083320140838623,0.020042841608458088,
test/algebra/1332.json|256,test/algebra/1332.json,256,3,1,R,0.0004853808461824319,0.055209286510944366,0.0007000159239396453,0.0006980375037528574,0.010476206471800592,0.9971737483158567,0.2336197793483734,0.008244414199980704,
test/algebra/1332.json|256,test/algebra/1332.json,256,3,1,C,0.00010580278440220769,0.05524029955267906,0.0004272657388355583,0.00023117088130675256,0.003469432329663324,0.5410470809003392,0.2144826352596283,0.00756027327057505,
test/algebra/1332.json|256,test/algebra/1332.json,256,3,2,R,0.0004853808461824319,0.058950431644916534,0.0003484406915958971,0.0003479858278296888,0.0068784294860782386,0.998694570479643,0.18486733734607697,0.006817527034031956,
test/algebra/1332.json|256,test/algebra/1332.json,256,3,2,C,0.00010580278440220769,0.060127098113298416,0.0005698155728168786,0.0001508277200628072,0.0029813220942598844,0.2646956787307443,0.17534925043582916,0.006442764903309772,
test/algebra/1332.json|256,test/algebra/1332.json,256,3,4,R,0.0004853808461824319,0.05697784572839737,0.00039217298035509884,0.0003921092429663986,0.008876657568025857,0.9998374737890408,0.2526886463165283,0.008817654930777002,
test/algebra/1332.json|256,test/algebra/1332.json,256,3,4,C,0.00010580278440220769,0.05799416825175285,0.0003687421267386526,0.00016307616897393018,0.003691755130626056,0.4422498996087343,0.2129972279071808,0.007398779763726813,
test/algebra/1332.json|256,test/algebra/1332.json,256,3,5,R,0.0004853808461824319,0.053341422230005264,0.00033118142164312303,0.00033111884840764105,0.008915069771203335,0.9998110575316014,0.20647606253623962,0.009504665408479896,
test/algebra/1332.json|256,test/algebra/1332.json,256,3,5,C,0.00010580278440220769,0.053484465926885605,0.0003778936807066202,0.00018391643243376166,0.004951780410879058,0.48668829709766404,0.22308078408241272,0.01024218234855841,
test/algebra/1332.json|256,test/algebra/1332.json,256,3,6,R,0.0004853808461824319,0.055618543177843094,0.00048224462079815567,0.00048207846703007817,0.012431730327186991,0.9996554554253857,0.26446154713630676,0.0112434293609678,
test/algebra/1332.json|256,test/algebra/1332.json,256,3,6,C,0.00010580278440220769,0.05597418174147606,0.00048770601279102266,0.00024885861785151064,0.006417509675937125,0.5102635825978233,0.2802690267562866,0.011895608040083501,
test/algebra/1332.json|256,test/algebra/1332.json,256,3,8,R,0.0004853808461824319,0.3232550621032715,0.0004965807893313468,0.0004915785975754261,0.010059396020376263,0.989926729238594,0.34034955501556396,0.011466435503964771,
test/algebra/1332.json|256,test/algebra/1332.json,256,3,8,C,0.00010580278440220769,0.3236738443374634,0.002062319777905941,0.0007944621611386538,0.016257439891636992,0.38522743624178174,0.7127858400344849,0.022614887540420302,
test/algebra/1332.json|256,test/algebra/1332.json,256,3,9,R,0.0004853808461824319,0.08294226974248886,0.00039322825614362955,0.0003926927747670561,0.00895064617855424,0.9986382403429929,0.27030354738235474,0.01020396319076185,
test/algebra/1332.json|256,test/algebra/1332.json,256,3,9,C,0.00010580278440220769,0.08326291292905807,0.0005899386596865952,0.00034722109558060765,0.007914210222267393,0.588571522294364,0.36006054282188416,0.013613168702280165,
test/algebra/1332.json|256,test/algebra/1332.json,256,3,10,R,0.0004853808461824319,0.07679666578769684,0.00043545474181883037,0.000435185938840732,0.010961364202596812,0.9993827051317472,0.3413572907447815,0.012259945760285614,
test/algebra/1332.json|256,test/algebra/1332.json,256,3,10,C,0.00010580278440220769,0.07720097154378891,0.0007166583091020584,0.00036057509714737535,0.009082083333730121,0.503133909234969,0.4429038465023041,0.01598471363959094,
test/algebra/1332.json|256,test/algebra/1332.json,256,3,12,R,0.0004853808461824319,0.06901450455188751,0.00043109935359098017,0.000430538144428283,0.00880007376226565,0.9986981883486472,0.31643912196159363,0.009887527135503506,
test/algebra/1332.json|256,test/algebra/1332.json,256,3,12,C,0.00010580278440220769,0.06939948350191116,0.0005707336822524667,0.0003658496425487101,0.007477859701844515,0.6410163851970777,0.3482288718223572,0.010836209264714658,
test/algebra/1332.json|256,test/algebra/1332.json,256,3,13,R,0.0004853808461824319,0.07211855053901672,0.0004888024996034801,0.0004884416703134775,0.007660387068481933,0.9992618076021357,0.23902377486228943,0.009536193064353162,
test/algebra/1332.json|256,test/algebra/1332.json,256,3,13,C,0.00010580278440220769,0.07279089093208313,0.0004508557030931115,0.0003143463109154254,0.004929993818127933,0.6972215457442811,0.30369359254837036,0.012126672134189876,
test/algebra/1332.json|256,test/algebra/1332.json,256,3,14,R,0.0004853808461824319,0.07109195739030838,0.0005897826049476862,0.000589474686421454,0.009498861250573894,0.9994779101263296,0.27125072479248047,0.008876374568676803,
test/algebra/1332.json|256,test/algebra/1332.json,256,3,14,C,0.00010580278440220769,0.07160783559083939,0.0005999221466481686,0.0003845900937449187,0.0061973279310865974,0.6410666704881616,0.45560362935066223,0.014985751831405311,
test/algebra/1332.json|256,test/algebra/1332.json,256,3,16,R,0.0004853808461824319,0.06484629958868027,0.0005091950297355652,0.0005087021272629499,0.01102625700352622,0.9990319947311678,0.34828218817710876,0.011517770388915875,
test/algebra/1332.json|256,test/algebra/1332.json,256,3,16,C,0.00010580278440220769,0.06507615745067596,0.00047416810411959887,0.00031810931977815926,0.0068951060495129855,0.6708787797903929,0.28985580801963806,0.009579251045597263,
test/algebra/1332.json|256,test/algebra/1332.json,256,3,17,R,0.0004853808461824319,0.06324714422225952,0.00029314224957488477,0.0002924853179138154,0.00799245861712528,0.9977589970064668,0.23857063055038452,0.00893955593906632,
test/algebra/1332.json|256,test/algebra/1332.json,256,3,17,C,0.00010580278440220769,0.06365777552127838,0.0004440054181031883,0.00040377816185355186,0.011033648704597054,0.9093991750576191,0.37325891852378845,0.01399445732542355,
test/algebra/1332.json|256,test/algebra/1332.json,256,3,18,R,0.0004853808461824319,0.059008944779634476,0.0004294778627809137,0.00042694545118138194,0.006008219773678961,0.9941035084387408,0.2655341625213623,0.007519232682838624,
test/algebra/1332.json|256,test/algebra/1332.json,256,3,18,C,0.00010580278440220769,0.059481117874383926,0.0004827183438464999,0.00038575497455894947,0.005428563905592383,0.799130546160652,0.32372772693634033,0.009168261781458865,
test/algebra/1332.json|256,test/algebra/1332.json,256,3,20,R,0.0004853808461824319,0.24392345547676086,0.0008717325981706381,0.000870026065967977,0.004602175105854169,0.9980423661977484,0.26855748891830444,0.006196268954952378,
test/algebra/1332.json|256,test/algebra/1332.json,256,3,20,C,0.00010580278440220769,0.24689000844955444,0.0012212613364681602,0.0011208459036424756,0.005928936289400649,0.9177772760465346,0.4298349618911743,0.009935601259695875,
test/algebra/1332.json|256,test/algebra/1332.json,256,3,21,R,0.0004853808461824319,0.2062322050333023,0.0009933364344760776,0.0009869826026260853,0.0043038728095298046,0.9936035439524101,0.25459861755371094,0.005209827272770437,
test/algebra/1332.json|256,test/algebra/1332.json,256,3,21,C,0.00010580278440220769,0.20674335956573486,0.0014575861860066652,0.001287100720219314,0.005612578963538996,0.8830357557535145,0.49862581491470337,0.010313661249365702,
test/algebra/1332.json|256,test/algebra/1332.json,256,3,22,R,0.0004853808461824319,0.09097546339035034,0.0003892489767167717,0.00038869772106409073,0.004913256323633031,0.9985837942185115,0.20666274428367615,0.005400065993607601,
test/algebra/1332.json|256,test/algebra/1332.json,256,3,22,C,0.00010580278440220769,0.09184587746858597,0.0007109734578989446,0.0006380318664014339,0.008064915054542716,0.8974060260836286,0.4747006893157959,0.012420862209079364,
test/algebra/1332.json|256,test/algebra/1332.json,256,3,24,R,0.0004853808461824319,0.2058178037405014,0.0011586763430386782,0.0011549643240869045,0.0037831089507774415,0.9967963271444422,0.21764510869979858,0.00435549842333532,
test/algebra/1332.json|256,test/algebra/1332.json,256,3,24,C,0.00010580278440220769,0.2072458565235138,0.00197465973906219,0.0017336501041427255,0.005678605901254741,0.8779487771843294,0.5445766448974609,0.010920148859688675,
test/algebra/1332.json|256,test/algebra/1332.json,256,3,25,R,0.0004853808461824319,0.21502690017223358,0.0008935776422731578,0.0008885596762411296,0.0029182702720168844,0.9943844084844743,0.22567026317119598,0.004954167156119784,
test/algebra/1332.json|256,test/algebra/1332.json,256,3,25,C,0.00010580278440220769,0.2204558551311493,0.0012889723293483257,0.0012070931261405349,0.003964420263221478,0.9364771436283165,0.7333979606628418,0.016134265009554498,
test/algebra/1332.json|256,test/algebra/1332.json,256,3,26,R,0.0004853808461824319,0.3830364942550659,0.0005493072094395757,0.0005487138987518847,0.003965330133017792,0.9989198909527945,0.2281002700328827,0.005546002732017438,
test/algebra/1332.json|256,test/algebra/1332.json,256,3,26,C,0.00010580278440220769,0.38773614168167114,0.0018478516722097993,0.001625165925361216,0.011744407112061398,0.8794893816007601,1.2262890338897705,0.02854337678123275,
test/algebra/1332.json|256,test/algebra/1332.json,256,3,28,R,0.0004853808461824319,0.2530004680156708,0.0014602779410779476,0.001384868286550045,0.003947247067572569,0.9483593818991772,0.18996238708496094,0.0045606240349673945,
test/algebra/1332.json|256,test/algebra/1332.json,256,3,28,C,0.00010580278440220769,0.25752171874046326,0.0018498795107007027,0.0017553867073729634,0.005003324215326672,0.9489194816580965,0.769575834274292,0.018471353733668167,
test/algebra/1332.json|256,test/algebra/1332.json,256,3,29,R,0.0004853808461824319,0.1351696103811264,0.0006945340428501368,0.0006869513890706003,0.004349187182389911,0.9890823857423862,0.1782696396112442,0.0038498208464897853,
test/algebra/1332.json|256,test/algebra/1332.json,256,3,29,C,0.00010580278440220769,0.13666538894176483,0.0009965145727619529,0.0009101725299842656,0.005762432049997843,0.9133559648287566,0.41457486152648926,0.008968293610154715,
test/algebra/1332.json|256,test/algebra/1332.json,256,3,30,R,0.0004853808461824319,0.16855232417583466,0.0006750382599420846,0.000651592796202749,0.004120388163050005,0.9652679468766482,0.21053332090377808,0.004259168936322427,
test/algebra/1332.json|256,test/algebra/1332.json,256,3,30,C,0.00010580278440220769,0.16928017139434814,0.0012019179994240403,0.0011228383518755436,0.0071003391704885874,0.934205454514703,0.40941181778907776,0.0082873422404623,
test/algebra/1332.json|256,test/algebra/1332.json,256,4,0,R,0.0004853808461824319,2.220743417739868,0.04713808000087738,0.047131408005952835,0.006789854151375503,0.9998584584708525,0.31696513295173645,0.005564445806056262,
test/algebra/1332.json|256,test/algebra/1332.json,256,4,0,C,0.00010580278440220769,2.3458588123321533,0.02247011475265026,0.0007681425777263939,0.00011066030680783169,0.03418507587290401,0.47870251536369324,0.008279911614604927,
test/algebra/1332.json|256,test/algebra/1332.json,256,4,1,R,0.0004853808461824319,0.05502496287226677,0.0007478215848095715,0.0007477726903744042,0.011543998204863105,0.9999346161757093,0.24756459891796112,0.009166353376123261,
test/algebra/1332.json|256,test/algebra/1332.json,256,4,1,C,0.00010580278440220769,0.05506124719977379,0.0003398051194380969,0.00028237339574843645,0.004359236457256727,0.8309862882124435,0.223271444439888,0.008263461478766254,
test/algebra/1332.json|256,test/algebra/1332.json,256,4,2,R,0.0004853808461824319,0.05838760361075401,0.0003129595424979925,0.0003129192045889795,0.006407224889100167,0.9998711050362543,0.1704166829586029,0.00662702341172758,
test/algebra/1332.json|256,test/algebra/1332.json,256,4,2,C,0.00010580278440220769,0.05972353741526604,0.0005636049900203943,0.00011450838792370632,0.002344633957762998,0.20317135182992513,0.16700556874275208,0.006478818556559316,
test/algebra/1332.json|256,test/algebra/1332.json,256,4,4,R,0.0004853808461824319,0.05659031122922897,0.000309538358123973,0.0003093736304435879,0.006389727326478647,0.9994678246636336,0.1928609162569046,0.00654180390902797,
test/algebra/1332.json|256,test/algebra/1332.json,256,4,4,C,0.00010580278440220769,0.057749826461076736,0.000442104326793924,0.00018192808784078807,0.003757498247874295,0.41150487883391484,0.22320446372032166,0.0075408651706281695,
test/algebra/1332.json|256,test/algebra/1332.json,256,4,5,R,0.0004853808461824319,0.05311496928334236,0.0003165956004522741,0.0003152045246679336,0.008610970756611998,0.9956061398896277,0.20854300260543823,0.008866169604714778,
test/algebra/1332.json|256,test/algebra/1332.json,256,4,5,C,0.00010580278440220769,0.05331767722964287,0.0002467816520947963,0.0001509296998847276,0.004123199796642484,0.6115920612086626,0.17110560834407806,0.007248672458193293,
test/algebra/1332.json|256,test/algebra/1332.json,256,4,6,R,0.0004853808461824319,0.05531217157840729,0.0004917046171613038,0.0004913097363896668,0.009187372527035397,0.9991969126238562,0.2244400978088379,0.008172293627569884,
test/algebra/1332.json|256,test/algebra/1332.json,256,4,6,C,0.00010580278440220769,0.05568491294980049,0.00035734998527914286,0.00022605816775467247,0.004227232733474724,0.6325959883431695,0.24962714314460754,0.009077893989017533,
test/algebra/1332.json|256,test/algebra/1332.json,256,4,8,R,0.0004853808461824319,0.3227677345275879,0.0005944220465607941,0.0005922073032706976,0.010856959614185958,0.9962741215619698,0.4471909701824188,0.013611319227185177,
test/algebra/1332.json|256,test/algebra/1332.json,256,4,8,C,0.00010580278440220769,0.32335537672042847,0.0023081228137016296,0.001787685789167881,0.03277371337478774,0.7745193530349357,1.718488335609436,0.04910969072383734,
test/algebra/1332.json|256,test/algebra/1332.json,256,4,9,R,0.0004853808461824319,0.08259771764278412,0.0003760615363717079,0.00037559756310656667,0.009000064014204624,0.9987662278137138,0.29110032320022583,0.01084144532257142,
test/algebra/1332.json|256,test/algebra/1332.json,256,4,9,C,0.00010580278440220769,0.08311793953180313,0.0005509393522515893,0.00032529296004213393,0.0077946657575056226,0.5904333355791108,0.39116814732551575,0.014562166780787564,
test/algebra/1332.json|256,test/algebra/1332.json,256,4,10,R,0.0004853808461824319,0.07659506797790527,0.0005071792402304709,0.0005068699247203767,0.010098201880550228,0.9993901238754493,0.37179744243621826,0.011174831768995294,
test/algebra/1332.json|256,test/algebra/1332.json,256,4,10,C,0.00010580278440220769,0.07705847918987274,0.0005434235208667815,0.0003203910600859672,0.006383045131857927,0.5895789328098131,0.3067340552806854,0.009228444943826002,
test/algebra/1332.json|256,test/algebra/1332.json,256,4,12,R,0.0004853808461824319,0.06877343356609344,0.0005376655608415604,0.0005367932026274502,0.009055515772304653,0.9983775058772182,0.35943904519081116,0.00986090112030229,
test/algebra/1332.json|256,test/algebra/1332.json,256,4,12,C,0.00010580278440220769,0.06927157938480377,0.0006027750205248594,0.0004014978476334363,0.006773129901785066,0.666082424281209,0.366003155708313,0.010022781542465274,
test/algebra/1332.json|256,test/algebra/1332.json,256,4,13,R,0.0004853808461824319,0.07174154371023178,0.0006072644027881324,0.0006067752838134766,0.009821088326927659,0.9991945518762425,0.2930207848548889,0.011196666287912207,
test/algebra/1332.json|256,test/algebra/1332.json,256,4,13,C,0.00010580278440220769,0.07258174568414688,0.00042324382229708135,0.0003546596271917224,0.005740417610213442,0.8379558251527781,0.3645325005054474,0.013899577534982712,
test/algebra/1332.json|256,test/algebra/1332.json,256,4,14,R,0.0004853808461824319,0.07069675624370575,0.0005687121883966029,0.0005682632327079773,0.009137660883982948,0.9992105731211741,0.2747892737388611,0.00859463690864279,
test/algebra/1332.json|256,test/algebra/1332.json,256,4,14,C,0.00010580278440220769,0.07134639471769333,0.0005421371897682548,0.0003942583280149847,0.006339665659731976,0.7272298132808173,0.42188048362731934,0.013227348045657476,
test/algebra/1332.json|256,test/algebra/1332.json,256,4,16,R,0.0004853808461824319,0.06464201956987381,0.0004911271971650422,0.00048493791837245226,0.008117368640349794,0.9873978068905278,0.3084896504878998,0.008857332657708708,
test/algebra/1332.json|256,test/algebra/1332.json,256,4,16,C,0.00010580278440220769,0.0649590715765953,0.000551352568436414,0.00036475047818385065,0.0061055528573621546,0.6615557782866491,0.29182955622673035,0.00837465149856619,
test/algebra/1332.json|256,test/algebra/1332.json,256,4,17,R,0.0004853808461824319,0.06300761550664902,0.0003830352798104286,0.00038116672658361495,0.009207919927850099,0.9951217177100236,0.2601887881755829,0.009760961114399355,
test/algebra/1332.json|256,test/algebra/1332.json,256,4,17,C,0.00010580278440220769,0.06352493166923523,0.0004912920412607491,0.0004477328038774431,0.010815969809660002,0.9113373825823392,0.35021159052848816,0.01314252964561056,
test/algebra/1332.json|256,test/algebra/1332.json,256,4,18,R,0.0004853808461824319,0.058811359107494354,0.0004203284624963999,0.00041742768371477723,0.006610467230198726,0.9930987786135319,0.2805866003036499,0.00792704555473684,
test/algebra/1332.json|256,test/algebra/1332.json,256,4,18,C,0.00010580278440220769,0.05933108925819397,0.0005063301068730652,0.00039150912198238075,0.0062000157683762755,0.7732289980285557,0.36499297618865967,0.010327821411891544,
test/algebra/1332.json|256,test/algebra/1332.json,256,4,20,R,0.0004853808461824319,0.24353238940238953,0.0011153926607221365,0.0011132460786029696,0.005314465238909271,0.9980754910868316,0.2880224883556366,0.007053393007121102,
test/algebra/1332.json|256,test/algebra/1332.json,256,4,20,C,0.00010580278440220769,0.2466285526752472,0.0012397542595863342,0.0011825126130133867,0.005645133000888569,0.9538282308093256,0.41481393575668335,0.010152939015463035,
test/algebra/1332.json|256,test/algebra/1332.json,256,4,21,R,0.0004853808461824319,0.205912247300148,0.0011062714038416743,0.0011016331845894456,0.0037851967537363075,0.9958073396528834,0.264126718044281,0.005505553782101088,
test/algebra/1332.json|256,test/algebra/1332.json,256,4,21,C,0.00010580278440220769,0.20652735233306885,0.0017015909543260932,0.0013615929055958986,0.004678414846492416,0.8001881423581984,0.46594205498695374,0.009782603444597074,
test/algebra/1332.json|256,test/algebra/1332.json,256,4,22,R,0.0004853808461824319,0.09069845080375671,0.00041518034413456917,0.00041296108975075185,0.005089907389764925,0.9946547195457964,0.22978799045085907,0.005592722605561643,
test/algebra/1332.json|256,test/algebra/1332.json,256,4,22,C,0.00010580278440220769,0.09167362749576569,0.0007095025503076613,0.0006576157757081091,0.008105372344941618,0.9268687963081721,0.45067545771598816,0.010981779790651921,
test/algebra/1332.json|256,test/algebra/1332.json,256,4,24,R,0.0004853808461824319,0.2053881287574768,0.00118020991794765,0.0011513400822877884,0.0037017915079919847,0.9755383883863612,0.21509578824043274,0.004111800867778161,
test/algebra/1332.json|256,test/algebra/1332.json,256,4,24,C,0.00010580278440220769,0.20704519748687744,0.0016090591670945287,0.0014330047415569425,0.00460740042391904,0.8905854862092657,0.5056198239326477,0.009683573891526622,
test/algebra/1332.json|256,test/algebra/1332.json,256,4,25,R,0.0004853808461824319,0.21403397619724274,0.0007677164394408464,0.000766323646530509,0.0027363406665221733,0.9981857964256469,0.2297889143228531,0.00502694474076191,
test/algebra/1332.json|256,test/algebra/1332.json,256,4,25,C,0.00010580278440220769,0.22008833289146423,0.0013073334703221917,0.0012149668764322996,0.004338327921252216,0.9293473341606746,0.720768928527832,0.01582413930443563,
test/algebra/1332.json|256,test/algebra/1332.json,256,4,26,R,0.0004853808461824319,0.3817107677459717,0.0006631814176216722,0.0006622571381740272,0.0041888080121331465,0.998606293207723,0.24393010139465332,0.005699500646769484,
test/algebra/1332.json|256,test/algebra/1332.json,256,4,26,C,0.00010580278440220769,0.3874770998954773,0.0015133096603676677,0.0012496098643168807,0.00790384204256879,0.825746307062848,0.765691876411438,0.01762246609882994,
test/algebra/1332.json|256,test/algebra/1332.json,256,4,28,R,0.0004853808461824319,0.25222650170326233,0.001312720705755055,0.001309344545006752,0.003996586587820977,0.9974281187681967,0.21146443486213684,0.004774790468956629,
test/algebra/1332.json|256,test/algebra/1332.json,256,4,28,C,0.00010580278440220769,0.2568182349205017,0.001855952083133161,0.0016277426620945334,0.0049684512121425444,0.877039162815879,0.6426746845245361,0.014512700480921304,
test/algebra/1332.json|256,test/algebra/1332.json,256,4,29,R,0.0004853808461824319,0.13491009175777435,0.0007617437513545156,0.000760423659812659,0.004714796710198029,0.9982670123151307,0.16909313201904297,0.003491650608036815,
test/algebra/1332.json|256,test/algebra/1332.json,256,4,29,C,0.00010580278440220769,0.13644278049468994,0.0010122553212568164,0.0009078716393560171,0.0056290071505302516,0.8968800848899697,0.4257361590862274,0.008799953096885521,
test/algebra/1332.json|256,test/algebra/1332.json,256,4,30,R,0.0004853808461824319,0.16803070902824402,0.0006192590808495879,0.0006037711864337325,0.003939470773332115,0.9749896354049479,0.20559078454971313,0.004039072707696182,
test/algebra/1332.json|256,test/algebra/1332.json,256,4,30,C,0.00010580278440220769,0.16904591023921967,0.0013000710168853402,0.0011870499001815915,0.0077452327857408295,0.9130654278505602,0.43405160307884216,0.008538123470982364,
test/algebra/1332.json|256,test/algebra/1332.json,256,5,0,R,0.0004853808461824319,2.201404094696045,0.04084290564060211,0.040837664157152176,0.005963715071725717,0.9998716671997843,0.28451305627822876,0.004840828824179323,
test/algebra/1332.json|256,test/algebra/1332.json,256,5,0,C,0.00010580278440220769,2.3415515422821045,0.023529835045337677,0.0007250192575156689,0.00010587795268354803,0.03081276413913982,1.6223437786102295,0.02815654268748598,
test/algebra/1332.json|256,test/algebra/1332.json,256,5,1,R,0.0004853808461824319,0.05491660535335541,0.0006266045966185629,0.0006265804986469448,0.010932875711818165,0.9999615403849417,0.24114950001239777,0.008781750828470918,
test/algebra/1332.json|256,test/algebra/1332.json,256,5,1,C,0.00010580278440220769,0.05498381704092026,0.0003847687039524317,0.0002886424772441387,0.005036371760174408,0.7501713978526999,0.21427887678146362,0.007785461440314363,
test/algebra/1332.json|256,test/algebra/1332.json,256,5,2,R,0.0004853808461824319,0.05791962519288063,0.0003446929913479835,0.0003446803893893957,0.005652362157948009,0.9999634371488033,0.16232287883758545,0.005852756278983702,
test/algebra/1332.json|256,test/algebra/1332.json,256,5,2,C,0.00010580278440220769,0.05937914550304413,0.000636409386061132,0.00012583803618326783,0.002063599136036831,0.19773126974819455,0.22223536670207977,0.008006393400544352,
test/algebra/1332.json|256,test/algebra/1332.json,256,5,4,R,0.0004853808461824319,0.056308548897504807,0.0002982056175824255,0.00029805206577293575,0.006654131677489296,0.999485077409944,0.20075178146362305,0.006762856699518473,
test/algebra/1332.json|256,test/algebra/1332.json,256,5,4,C,0.00010580278440220769,0.05753888189792633,0.0004547842254396528,0.00017377626500092447,0.0038796246781236878,0.3821070628622243,0.23251557350158691,0.00780363720367224,
test/algebra/1332.json|256,test/algebra/1332.json,256,5,5,R,0.0004853808461824319,0.052980806678533554,0.0002979018318001181,0.000296714308205992,0.007868492341785067,0.9960137049746757,0.1790345460176468,0.008205038907259002,
test/algebra/1332.json|256,test/algebra/1332.json,256,5,5,C,0.00010580278440220769,0.05321575328707695,0.00025177327916026115,0.00015451951185241342,0.004097664190912545,0.6137248231983043,0.2005033791065216,0.00920498146034279,
test/algebra/1332.json|256,test/algebra/1332.json,256,5,6,R,0.0004853808461824319,0.05501493439078331,0.00038531445898115635,0.00038524027331732213,0.006922349495788292,0.999807464625548,0.18903127312660217,0.006444977146242689,
test/algebra/1332.json|256,test/algebra/1332.json,256,5,6,C,0.00010580278440220769,0.05540518835186958,0.00030241417698562145,0.0001718629355309531,0.0030881903775866076,0.5683031684418066,0.16610635817050934,0.00566055548038477,
test/algebra/1332.json|256,test/algebra/1332.json,256,5,8,R,0.0004853808461824319,0.3225407898426056,0.000499878718983382,0.000498334935400635,0.007205573486090353,0.9969116817319243,0.3095201253890991,0.008631509125241915,
test/algebra/1332.json|256,test/algebra/1332.json,256,5,8,C,0.00010580278440220769,0.32318776845932007,0.0025239160750061274,0.0013480422785505652,0.01949174543150121,0.5341074100545063,1.4649845361709595,0.03713539213458612,
test/algebra/1332.json|256,test/algebra/1332.json,256,5,9,R,0.0004853808461824319,0.0822196826338768,0.0003670653095468879,0.00036572947283275425,0.006407968249738206,0.996360762851321,0.2404245287179947,0.007576038350496488,
test/algebra/1332.json|256,test/algebra/1332.json,256,5,9,C,0.00010580278440220769,0.08293621987104416,0.0006049541407264769,0.0002931741182692349,0.005136721486959149,0.4846220532229866,0.35816237330436707,0.011317586944333128,
test/algebra/1332.json|256,test/algebra/1332.json,256,5,10,R,0.0004853808461824319,0.07631398737430573,0.00048055281513370574,0.00048025441356003284,0.007809446531672271,0.9993790431277176,0.31777048110961914,0.008353010380592251,
test/algebra/1332.json|256,test/algebra/1332.json,256,5,10,C,0.00010580278440220769,0.07685600966215134,0.0006546569638885558,0.0003374927619006485,0.005487990540996986,0.5155261152046261,0.32091671228408813,0.008481224995662097,
test/algebra/1332.json|256,test/algebra/1332.json,256,5,12,R,0.0004853808461824319,0.068531334400177,0.00045373456669040024,0.00045105800381861627,0.007183130916789903,0.9941010360189038,0.3048056364059448,0.007754580053684731,
test/algebra/1332.json|256,test/algebra/1332.json,256,5,12,C,0.00010580278440220769,0.06909435987472534,0.0006204062374308705,0.000407183775678277,0.006484430700992607,0.6563179904639981,0.34112077951431274,0.008661287659929497,
test/algebra/1332.json|256,test/algebra/1332.json,256,5,13,R,0.0004853808461824319,0.07134337723255157,0.000608238682616502,0.000607712659984827,0.007932662032374672,0.9991351690613505,0.24856162071228027,0.0074367335280002755,
test/algebra/1332.json|256,test/algebra/1332.json,256,5,13,C,0.00010580278440220769,0.07226953655481339,0.0005957892863079906,0.00037212923052720726,0.004857518384122,0.6245987271920127,0.3552192747592926,0.010664979416635127,
test/algebra/1332.json|256,test/algebra/1332.json,256,5,14,R,0.0004853808461824319,0.07030536234378815,0.0005714613944292068,0.0005709571414627135,0.007048045799775443,0.9991176062450997,0.27054494619369507,0.0064618904489381285,
test/algebra/1332.json|256,test/algebra/1332.json,256,5,14,C,0.00010580278440220769,0.07103841751813889,0.0006276627536863089,0.0003889613435603678,0.004801441587598905,0.6196979837600235,0.3434073328971863,0.008225221492248856,
test/algebra/1332.json|256,test/algebra/1332.json,256,5,16,R,0.0004853808461824319,0.064350925385952,0.0004314991529099643,0.0004304141621105373,0.007091702096389317,0.997485529717508,0.26636919379234314,0.006916874133136547,
test/algebra/1332.json|256,test/algebra/1332.json,256,5,16,C,0.00010580278440220769,0.06470820307731628,0.000505431613419205,0.0003751524491235614,0.006181184645202021,0.7422417561961409,0.27861788868904114,0.0072228610195172,
test/algebra/1332.json|256,test/algebra/1332.json,256,5,17,R,0.0004853808461824319,0.06235022842884064,0.00036447244929149747,0.000364252453437075,0.006967532878003148,0.9993963964786735,0.22326906025409698,0.00709539289780132,
test/algebra/1332.json|256,test/algebra/1332.json,256,5,17,C,0.00010580278440220769,0.06290484964847565,0.0005497046513482928,0.0004800344759132713,0.00918224698815521,0.8732588925027353,0.33723577857017517,0.010727576316645584,
test/algebra/1332.json|256,test/algebra/1332.json,256,5,18,R,0.0004853808461824319,0.05824648588895798,0.0004209822800476104,0.0004177585360594094,0.003944953715500091,0.9923423261896468,0.20065422356128693,0.004339927344978082,
test/algebra/1332.json|256,test/algebra/1332.json,256,5,18,C,0.00010580278440220769,0.058817796409130096,0.000575271958950907,0.0004425441147759557,0.004179007486778996,0.7692780903378671,0.26702308654785156,0.005788366280535251,
test/algebra/1332.json|256,test/algebra/1332.json,256,5,20,R,0.0004853808461824319,0.24279744923114777,0.0010574456537142396,0.001048966427333653,0.003530073082386444,0.9919814060015425,0.21740861237049103,0.004530143301356209,
test/algebra/1332.json|256,test/algebra/1332.json,256,5,20,C,0.00010580278440220769,0.24635383486747742,0.0013561573578044772,0.0012183053186163306,0.004099947051982998,0.8983509993931159,0.32674363255500793,0.006808364987580247,
test/algebra/1332.json|256,test/algebra/1332.json,256,5,21,R,0.0004853808461824319,0.2055531144142151,0.0010752418311312795,0.001059314701706171,0.0033824812865133084,0.9851873969658168,0.2495487928390503,0.004874225789976179,
test/algebra/1332.json|256,test/algebra/1332.json,256,5,21,C,0.00010580278440220769,0.20616598427295685,0.001539351767860353,0.001348603400401771,0.0043062045277386255,0.8760852637342269,0.5174148678779602,0.010255577637751465,
test/algebra/1332.json|256,test/algebra/1332.json,256,5,22,R,0.0004853808461824319,0.09013728052377701,0.00042510725324973464,0.0004239089321345091,0.004087187765686445,0.9971811299307501,0.17325495183467865,0.0038067248106688012,
test/algebra/1332.json|256,test/algebra/1332.json,256,5,22,C,0.00010580278440220769,0.09117050468921661,0.0008333568694069982,0.0007226455491036177,0.006967506045111775,0.8671501667115183,0.4548255205154419,0.009987444038118768,
test/algebra/1332.json|256,test/algebra/1332.json,256,5,24,R,0.0004853808461824319,0.20496247708797455,0.001117114326916635,0.0011117457179352641,0.003699049792466456,0.9951942161628317,0.20807938277721405,0.0040222389104748535,
test/algebra/1332.json|256,test/algebra/1332.json,256,5,24,C,0.00010580278440220769,0.20674246549606323,0.001550370710901916,0.0014046912547200918,0.0046737512098556705,0.9060357267694304,0.503538966178894,0.009739832785975417,
test/algebra/1332.json|256,test/algebra/1332.json,256,5,25,R,0.0004853808461824319,0.21346993744373322,0.0008935579098761082,0.0008649770170450211,0.0026570589799598606,0.968014503052114,0.23098787665367126,0.004737457138715905,
test/algebra/1332.json|256,test/algebra/1332.json,256,5,25,C,0.00010580278440220769,0.2196914404630661,0.0013872613199055195,0.001195157179608941,0.0036713150222096023,0.8615227438395063,0.6798384189605713,0.014027370295766324,
test/algebra/1332.json|256,test/algebra/1332.json,256,5,26,R,0.0004853808461824319,0.3808474540710449,0.0006456929841078818,0.000643679522909224,0.0045387935633367975,0.9968817034641915,0.21263180673122406,0.005134200809201588,
test/algebra/1332.json|256,test/algebra/1332.json,256,5,26,C,0.00010580278440220769,0.3868676722049713,0.001693578204140067,0.0011715854052454233,0.008261229551304495,0.6917811068243687,0.6867309212684631,0.016044352696672242,
test/algebra/1332.json|256,test/algebra/1332.json,256,5,28,R,0.0004853808461824319,0.2515222728252411,0.0013136236229911447,0.0013052331050857902,0.004227297688258356,0.9936126918303572,0.1766689419746399,0.004322344816100754,
test/algebra/1332.json|256,test/algebra/1332.json,256,5,28,C,0.00010580278440220769,0.25627267360687256,0.0016827821964398026,0.0015975413843989372,0.005174005298251152,0.9493453085190993,0.7911032438278198,0.01933324353963625,
test/algebra/1332.json|256,test/algebra/1332.json,256,5,29,R,0.0004853808461824319,0.1345454603433609,0.0006912126555107534,0.0006904112524352968,0.003871589972383233,0.9988405824634315,0.17937658727169037,0.003755467853374796,
test/algebra/1332.json|256,test/algebra/1332.json,256,5,29,C,0.00010580278440220769,0.1361267864704132,0.0011193616082891822,0.0008779822965152562,0.004923424181063778,0.7843598433510625,0.4083735942840576,0.008560188017484172,
test/algebra/1332.json|256,test/algebra/1332.json,256,5,30,R,0.0004853808461824319,0.167764812707901,0.0007902649813331664,0.0007832659757696092,0.004646751884386047,0.9911434686845249,0.21802909672260284,0.004186381743509139,
test/algebra/1332.json|256,test/algebra/1332.json,256,5,30,C,0.00010580278440220769,0.16882027685642242,0.0012595532462000847,0.0011859815567731857,0.007035875684971537,0.9415890589854421,0.36245062947273254,0.006963238555244495,
test/algebra/1332.json|256,test/algebra/1332.json,256,6,0,R,0.0004853808461824319,2.193361759185791,0.04043227434158325,0.04042712599039078,0.00610540681418613,0.9998726672620776,0.2866396903991699,0.004884404714981786,
test/algebra/1332.json|256,test/algebra/1332.json,256,6,0,C,0.00010580278440220769,2.336979866027832,0.02547372691333294,0.0008397960336878896,0.0001268281209953744,0.03296714440380428,1.3136054277420044,0.022934058430997866,
test/algebra/1332.json|256,test/algebra/1332.json,256,6,1,R,0.0004853808461824319,0.054787661880254745,0.0005668695666827261,0.0005667292280122638,0.010888512099241502,0.9997524304029302,0.23787158727645874,0.008783683289218762,
test/algebra/1332.json|256,test/algebra/1332.json,256,6,1,C,0.00010580278440220769,0.05490098148584366,0.00034470498212613165,0.0002738690236583352,0.00526181821991138,0.7945026531807441,0.2114424705505371,0.00780399164558472,
test/algebra/1332.json|256,test/algebra/1332.json,256,6,2,R,0.0004853808461824319,0.05750947818160057,0.0003112099366262555,0.00031078673782758415,0.005844812709132116,0.9986401468992304,0.15940111875534058,0.006048467843966729,
test/algebra/1332.json|256,test/algebra/1332.json,256,6,2,C,0.00010580278440220769,0.05904587358236313,0.0008222936885431409,0.00015361355326604098,0.0028889342405672334,0.18681105694899267,0.21397808194160461,0.00817632882976418,
test/algebra/1332.json|256,test/algebra/1332.json,256,6,4,R,0.0004853808461824319,0.05616007745265961,0.0003055382985621691,0.0003053761029150337,0.006345719788467933,0.9994691446297639,0.18968048691749573,0.006113791244243032,
test/algebra/1332.json|256,test/algebra/1332.json,256,6,4,C,0.00010580278440220769,0.057399969547986984,0.0003634202294051647,0.0001671832869760692,0.0034740710957344777,0.4600274640453624,0.21847347915172577,0.007023048030727223,
test/algebra/1332.json|256,test/algebra/1332.json,256,6,5,R,0.0004853808461824319,0.052908383309841156,0.00030026971944607794,0.00030020272242836654,0.008297640138255737,0.9997768738798841,0.1757044792175293,0.008307597045885715,
test/algebra/1332.json|256,test/algebra/1332.json,256,6,5,C,0.00010580278440220769,0.05315456539392471,0.00030181638430804014,0.0001453028671676293,0.0040161891040193885,0.4814280279028925,0.20600321888923645,0.00969556969378253,
test/algebra/1332.json|256,test/algebra/1332.json,256,6,6,R,0.0004853808461824319,0.054871346801519394,0.0004598373780027032,0.000459665636299178,0.007749966362032385,0.9996265142605465,0.20208077132701874,0.0066622790139296666,
test/algebra/1332.json|256,test/algebra/1332.json,256,6,6,C,0.00010580278440220769,0.05527423322200775,0.00026582085411064327,0.00016696404782123864,0.0028150152025747154,0.628107406214395,0.1564091444015503,0.0051565633887929304,
test/algebra/1332.json|256,test/algebra/1332.json,256,6,8,R,0.0004853808461824319,0.3222419023513794,0.0004128908913116902,0.0004122717073187232,0.006028618786016277,0.9985003665508331,0.23740756511688232,0.006821258656622404,
test/algebra/1332.json|256,test/algebra/1332.json,256,6,8,C,0.00010580278440220769,0.32296910881996155,0.002669704146683216,0.0011290886905044317,0.0165105806918524,0.4229265222081859,1.3827787637710571,0.035448390033970587,
test/algebra/1332.json|256,test/algebra/1332.json,256,6,9,R,0.0004853808461824319,0.08199847489595413,0.000346705608535558,0.0003465168992988765,0.006752017613018494,0.9994557046915559,0.2260381430387497,0.007358476193250821,
test/algebra/1332.json|256,test/algebra/1332.json,256,6,9,C,0.00010580278440220769,0.08279254287481308,0.00047839945182204247,0.0002774805761873722,0.005406817795837676,0.5800185902189794,0.3236985206604004,0.010565739679274346,
test/algebra/1332.json|256,test/algebra/1332.json,256,6,10,R,0.0004853808461824319,0.07601024210453033,0.00041543887346051633,0.0004111540620215237,0.006889146425956984,0.989686058040291,0.2715694308280945,0.007441942999022568,
test/algebra/1332.json|256,test/algebra/1332.json,256,6,10,C,0.00010580278440220769,0.07663284987211227,0.0007654156652279198,0.00036159041337668896,0.006058676136450088,0.47241052062425026,0.36589863896369934,0.010105007419110818,
test/algebra/1332.json|256,test/algebra/1332.json,256,6,12,R,0.0004853808461824319,0.06830760091543198,0.0004448505351319909,0.00044431700371205807,0.006820842426603386,0.9988006479107074,0.27842655777931213,0.007136239944382598,
test/algebra/1332.json|256,test/algebra/1332.json,256,6,12,C,0.00010580278440220769,0.06889249384403229,0.0005761573556810617,0.0004346533096395433,0.0066724921857239244,0.7544003467097105,0.3210885226726532,0.008229228300089528,
test/algebra/1332.json|256,test/algebra/1332.json,256,6,13,R,0.0004853808461824319,0.07086172699928284,0.0005987930344417691,0.0005983571754768491,0.00729490490471095,0.9992721024809541,0.22832727432250977,0.006791941928456249,
test/algebra/1332.json|256,test/algebra/1332.json,256,6,13,C,0.00010580278440220769,0.07184616476297379,0.0006004086462780833,0.0003669305006042123,0.0044734536799237844,0.6111346035199022,0.35843151807785034,0.01069206764471718,
test/algebra/1332.json|256,test/algebra/1332.json,256,6,14,R,0.0004853808461824319,0.0698341652750969,0.0005517063545994461,0.0005512306233868003,0.007083759343041711,0.9991377075724841,0.27187812328338623,0.006795060263840638,
test/algebra/1332.json|256,test/algebra/1332.json,256,6,14,C,0.00010580278440220769,0.07058919221162796,0.0006631248979829252,0.00037278622039593756,0.004790604439684625,0.5621659222383331,0.3266521096229553,0.008187058348411685,
test/algebra/1332.json|256,test/algebra/1332.json,256,6,16,R,0.0004853808461824319,0.06414441019296646,0.00037515832809731364,0.00037445753696374595,0.00626904853303667,0.998132009663083,0.2280149757862091,0.0060164320848460845,
test/algebra/1332.json|256,test/algebra/1332.json,256,6,16,C,0.00010580278440220769,0.0645308792591095,0.0005812541930936277,0.00035976400249637663,0.006023054070100532,0.6189443554164296,0.31187984347343445,0.008211341446621955,
test/algebra/1332.json|256,test/algebra/1332.json,256,6,17,R,0.0004853808461824319,0.06163286417722702,0.0003697742067743093,0.00036857722443528473,0.005921564269928476,0.9967629344776932,0.2181125432252884,0.006368002915206181,
test/algebra/1332.json|256,test/algebra/1332.json,256,6,17,C,0.00010580278440220769,0.06220325082540512,0.0004038916958961636,0.0003740500542335212,0.0060094907918080915,0.9261147409269116,0.2869665324687958,0.008377674801300349,
test/algebra/1332.json|256,test/algebra/1332.json,256,6,18,R,0.0004853808461824319,0.05771823972463608,0.0004534488543868065,0.00045211779070086777,0.0036535615294158506,0.9970645759270839,0.20406880974769592,0.004131954335017271,
test/algebra/1332.json|256,test/algebra/1332.json,256,6,18,C,0.00010580278440220769,0.058346956968307495,0.0005131004727445543,0.0003788312606047839,0.003061333458566536,0.7383178928682573,0.21486324071884155,0.0043543091399805955,
test/algebra/1332.json|256,test/algebra/1332.json,256,6,20,R,0.0004853808461824319,0.24212461709976196,0.0011603923048824072,0.0011500673135742545,0.004087927905229722,0.9911021537666082,0.21330417692661285,0.004309492520663395,
test/algebra/1332.json|256,test/algebra/1332.json,256,6,20,C,0.00010580278440220769,0.24615007638931274,0.0011939667165279388,0.0011274015996605158,0.004007362356321141,0.9442487659913641,0.3183697462081909,0.006435113169366431,
test/algebra/1332.json|256,test/algebra/1332.json,256,6,21,R,0.0004853808461824319,0.20514404773712158,0.0011606804328039289,0.0011447758879512548,0.003668434020031725,0.9862972223969093,0.24819624423980713,0.004623623903942075,
test/algebra/1332.json|256,test/algebra/1332.json,256,6,21,C,0.00010580278440220769,0.2057681828737259,0.0016171018360182643,0.00139692856464535,0.004476457203575634,0.8638469963160226,0.39705610275268555,0.007462207524959798,
test/algebra/1332.json|256,test/algebra/1332.json,256,6,22,R,0.0004853808461824319,0.08946965634822845,0.0005037493538111448,0.0005029597086831927,0.004145844193404341,0.9984324622544715,0.19105251133441925,0.0038927743533447388,
test/algebra/1332.json|256,test/algebra/1332.json,256,6,22,C,0.00010580278440220769,0.0905698910355568,0.0008024213020689785,0.0006941362516954541,0.005721692411619648,0.8650521229192542,0.3698260188102722,0.007529643495727028,
test/algebra/1332.json|256,test/algebra/1332.json,256,6,24,R,0.0004853808461824319,0.20443716645240784,0.001424053916707635,0.0014180795988067985,0.004019964750844739,0.9958047101822847,0.23470935225486755,0.004318214839676974,
test/algebra/1332.json|256,test/algebra/1332.json,256,6,24,C,0.00010580278440220769,0.20628465712070465,0.0016600510571151972,0.0015622517094016075,0.004428663108210349,0.9410865417449088,0.43425458669662476,0.00799390051005674,
test/algebra/1332.json|256,test/algebra/1332.json,256,6,25,R,0.0004853808461824319,0.2127494066953659,0.0010197485098615289,0.0010136059718206525,0.0029865781393430056,0.9939764177388336,0.2515491247177124,0.005024958497110738,
test/algebra/1332.json|256,test/algebra/1332.json,256,6,25,C,0.00010580278440220769,0.21915951371192932,0.0013252360513433814,0.0011514390353113413,0.003392701648620046,0.8688558036700562,0.6159123182296753,0.012370220765476964,
test/algebra/1332.json|256,test/algebra/1332.json,256,6,26,R,0.0004853808461824319,0.380259245634079,0.0006456277333199978,0.0006446191109716892,0.0044600678222005185,0.9984377632888233,0.22208385169506073,0.005005552824658315,
test/algebra/1332.json|256,test/algebra/1332.json,256,6,26,C,0.00010580278440220769,0.3864876627922058,0.0017467301804572344,0.0012981941690668464,0.008982101122778644,0.7432139106818487,0.7519358396530151,0.016364665042608577,
test/algebra/1332.json|256,test/algebra/1332.json,256,6,28,R,0.0004853808461824319,0.2508980333805084,0.001231292961165309,0.0012046744814142585,0.0034450010592370684,0.9783816836699528,0.1809251308441162,0.00425647690685841,
test/algebra/1332.json|256,test/algebra/1332.json,256,6,28,C,0.00010580278440220769,0.2558673024177551,0.0018042877782136202,0.001675437786616385,0.0047912403214544754,0.9285867841695447,0.7768502235412598,0.01824042599586077,
test/algebra/1332.json|256,test/algebra/1332.json,256,6,29,R,0.0004853808461824319,0.13411080837249756,0.0007888155523687601,0.0007827257504686713,0.004073837443639368,0.9922798138625927,0.2016153782606125,0.004154500690397405,
test/algebra/1332.json|256,test/algebra/1332.json,256,6,29,C,0.00010580278440220769,0.1357293426990509,0.0012017423287034035,0.0009533679694868624,0.004961975671985339,0.7933214516311153,0.3810511827468872,0.00786350531802365,
test/algebra/1332.json|256,test/algebra/1332.json,256,6,30,R,0.0004853808461824319,0.16752782464027405,0.0010451279813423753,0.0010396115249022841,0.005173734186236147,0.9947217397933147,0.2539348602294922,0.00480457865936466,
test/algebra/1332.json|256,test/algebra/1332.json,256,6,30,C,0.00010580278440220769,0.1686580330133438,0.0011618987191468477,0.0010801090393215418,0.005375274251721857,0.9296068758772977,0.3453035354614258,0.00653418200494809,
test/algebra/1332.json|256,test/algebra/1332.json,256,7,0,R,0.0004853808461824319,2.1873087882995605,0.03916404768824577,0.039158958941698074,0.006076850410234224,0.9998700658423236,0.2866012454032898,0.0048764844749137675,
test/algebra/1332.json|256,test/algebra/1332.json,256,7,0,C,0.00010580278440220769,2.3327012062072754,0.02154536359012127,0.0006959473830647767,0.00010800001467289342,0.032301491693162834,0.8783392310142517,0.01515218463953795,
test/algebra/1332.json|256,test/algebra/1332.json,256,7,1,R,0.0004853808461824319,0.054683882743120193,0.0007117423810996115,0.0007117338245734572,0.011586599684139467,0.9999879766522698,0.253548264503479,0.008856000669943563,
test/algebra/1332.json|256,test/algebra/1332.json,256,7,1,C,0.00010580278440220769,0.05481277406215668,0.00042696643504314125,0.0002658944285940379,0.004328601783410332,0.622752530756707,0.22204038500785828,0.0077499046179484955,
test/algebra/1332.json|256,test/algebra/1332.json,256,7,2,R,0.0004853808461824319,0.05719219520688057,0.00033906419412232935,0.0003376482054591179,0.005698721363179398,0.9958238301667311,0.1635928601026535,0.005937782740560508,
test/algebra/1332.json|256,test/algebra/1332.json,256,7,2,C,0.00010580278440220769,0.058783672749996185,0.0006194328307174146,0.00012042108573950827,0.0020324296198994127,0.1944053972819516,0.23320187628269196,0.008463792600356408,
test/algebra/1332.json|256,test/algebra/1332.json,256,7,4,R,0.0004853808461824319,0.0559689924120903,0.0003035003028344363,0.00030334648909047246,0.006213639241168689,0.9994931973971013,0.18904422223567963,0.005973212251815179,
test/algebra/1332.json|256,test/algebra/1332.json,256,7,4,C,0.00010580278440220769,0.05723140016198158,0.00037873341352678835,0.0001602617558091879,0.0032827435641015978,0.4231518785038502,0.20535808801651,0.006452339985638963,
test/algebra/1332.json|256,test/algebra/1332.json,256,7,5,R,0.0004853808461824319,0.05279380828142166,0.0003070046950597316,0.0003069097874686122,0.008449247448239428,0.9996908562235773,0.18295106291770935,0.008290753457040763,
test/algebra/1332.json|256,test/algebra/1332.json,256,7,5,C,0.00010580278440220769,0.053047116845846176,0.00039231646223925054,0.00018890474166255444,0.005200560463116221,0.4815111252350189,0.3274191915988922,0.014694026587816343,
test/algebra/1332.json|256,test/algebra/1332.json,256,7,6,R,0.0004853808461824319,0.05461086332798004,0.00043679436203092337,0.0004366945941001177,0.007708669599645338,0.9997715883279413,0.1894330233335495,0.006388535968427291,
test/algebra/1332.json|256,test/algebra/1332.json,256,7,6,C,0.00010580278440220769,0.055026981979608536,0.0002493257343303412,0.00017056842625606805,0.0030109272244346866,0.6841188136077305,0.1582299917936325,0.005337703399594903,
test/algebra/1332.json|256,test/algebra/1332.json,256,7,8,R,0.0004853808461824319,0.322040319442749,0.00042247679084539413,0.00042202361510135233,0.006383609565521304,0.9989273333996352,0.23086152970790863,0.00661405643054554,
test/algebra/1332.json|256,test/algebra/1332.json,256,7,8,C,0.00010580278440220769,0.32270756363868713,0.0024345049168914557,0.0007792581454850733,0.011787207098195786,0.3200889592615796,0.7406908869743347,0.01957857417171898,
test/algebra/1332.json|256,test/algebra/1332.json,256,7,9,R,0.0004853808461824319,0.08148494362831116,0.00029847430414520204,0.00029827732942067087,0.00640180989180336,0.9993400580179411,0.2016420066356659,0.007119528104173764,
test/algebra/1332.json|256,test/algebra/1332.json,256,7,9,C,0.00010580278440220769,0.08248669654130936,0.0005545304738916457,0.0002887448063120246,0.006197217069246907,0.5207014210868119,0.3343920409679413,0.011839495023346436,
test/algebra/1332.json|256,test/algebra/1332.json,256,7,10,R,0.0004853808461824319,0.07545693963766098,0.0003489240480121225,0.00034876586869359016,0.006479440515703885,0.9995466626075784,0.2358345091342926,0.006688748725799471,
test/algebra/1332.json|256,test/algebra/1332.json,256,7,10,C,0.00010580278440220769,0.07615476101636887,0.000802525959443301,0.0003709157172124833,0.00689094473326856,0.46218531922331346,0.3848225474357605,0.010984901780942509,
test/algebra/1332.json|256,test/algebra/1332.json,256,7,12,R,0.0004853808461824319,0.06801671534776688,0.0003738362283911556,0.0003733359044417739,0.005868890190891501,0.9986616467050383,0.23117771744728088,0.006172871999436569,
test/algebra/1332.json|256,test/algebra/1332.json,256,7,12,C,0.00010580278440220769,0.06863373517990112,0.0006629069102928042,0.00035801829653792083,0.005628095352502562,0.5400732598182025,0.32371529936790466,0.00865230233103522,
test/algebra/1332.json|256,test/algebra/1332.json,256,7,13,R,0.0004853808461824319,0.06996781378984451,0.000700931588653475,0.0007002048077993095,0.0073397769352465765,0.9989631201319877,0.21237754821777344,0.0064895144152764045,
test/algebra/1332.json|256,test/algebra/1332.json,256,7,13,C,0.00010580278440220769,0.07096576690673828,0.0005151844234205782,0.0003251834714319557,0.0034086800272639262,0.6311981807246709,0.31312769651412964,0.009584763832063919,
test/algebra/1332.json|256,test/algebra/1332.json,256,7,14,R,0.0004853808461824319,0.06924614310264587,0.0005930499755777419,0.0005928160389885306,0.007384580861781276,0.9996055347804561,0.27922555804252625,0.006929022654542865,
test/algebra/1332.json|256,test/algebra/1332.json,256,7,14,C,0.00010580278440220769,0.07003180682659149,0.0005754614830948412,0.0003585874510463327,0.004466846127830409,0.6231302371354436,0.3327499032020569,0.008282070756312992,
test/algebra/1332.json|256,test/algebra/1332.json,256,7,16,R,0.0004853808461824319,0.06379543244838715,0.00038131579640321434,0.00037964966031722724,0.006071416254645257,0.9956305584574948,0.20884501934051514,0.005532922325908503,
test/algebra/1332.json|256,test/algebra/1332.json,256,7,16,C,0.00010580278440220769,0.06421265006065369,0.0005607936182059348,0.00034359487472102046,0.005494822530990537,0.6126939803764876,0.304277241230011,0.008043037344299552,
test/algebra/1332.json|256,test/algebra/1332.json,256,7,17,R,0.0004853808461824319,0.06072172150015831,0.00031128156115300953,0.00031082701752893627,0.004983639061274224,0.9985397637401671,0.18814685940742493,0.005337356759662365,
test/algebra/1332.json|256,test/algebra/1332.json,256,7,17,C,0.00010580278440220769,0.06128038838505745,0.0003757804224733263,0.0003177599865011871,0.005094798687150359,0.8456001607644746,0.26484936475753784,0.007514180429495957,
test/algebra/1332.json|256,test/algebra/1332.json,256,7,18,R,0.0004853808461824319,0.05703679472208023,0.00045675633009523153,0.0004539695510175079,0.00373531116097075,0.9938987598244312,0.20785507559776306,0.004183700646033004,
test/algebra/1332.json|256,test/algebra/1332.json,256,7,18,C,0.00010580278440220769,0.057678498327732086,0.00044228279148228467,0.00035438971826806664,0.00291595739629008,0.8012740361863875,0.2001398205757141,0.004031877594576989,
test/algebra/1332.json|256,test/algebra/1332.json,256,7,20,R,0.0004853808461824319,0.24136608839035034,0.001118761720135808,0.0011089933104813099,0.0036065007799408496,0.9912685512294961,0.19768771529197693,0.003958583622191737,
test/algebra/1332.json|256,test/algebra/1332.json,256,7,20,C,0.00010580278440220769,0.24583324790000916,0.0012286258861422539,0.0011757354950532317,0.0038235496461861513,0.9569515890536512,0.30183839797973633,0.006046795837993708,
test/algebra/1332.json|256,test/algebra/1332.json,256,7,21,R,0.0004853808461824319,0.20445337891578674,0.0011529530165717006,0.0011505751172080636,0.0034186029045617087,0.9979375565808872,0.22711284458637238,0.0041743924516824075,
test/algebra/1332.json|256,test/algebra/1332.json,256,7,21,C,0.00010580278440220769,0.20506510138511658,0.0018444734159857035,0.0016192113980650902,0.0048110207719047554,0.877871908130428,0.3674975335597992,0.006807598895890999,
test/algebra/1332.json|256,test/algebra/1332.json,256,7,22,R,0.0004853808461824319,0.08832363039255142,0.0005406518466770649,0.0005209409282542765,0.004065153840408703,0.9635423063705835,0.18730324506759644,0.0037877914742341138,
test/algebra/1332.json|256,test/algebra/1332.json,256,7,22,C,0.00010580278440220769,0.08950663357973099,0.0007729466888122261,0.0006848436896689236,0.005344166303973711,0.8860167184819622,0.35313647985458374,0.007141634956981724,
test/algebra/1332.json|256,test/algebra/1332.json,256,7,24,R,0.0004853808461824319,0.20368006825447083,0.0014222620520740747,0.0014129293849691749,0.0038326442342217553,0.9934381515103153,0.22754696011543274,0.004158779781826005,
test/algebra/1332.json|256,test/algebra/1332.json,256,7,24,C,0.00010580278440220769,0.20561128854751587,0.0016851674299687147,0.0014950281474739313,0.004055341385330592,0.8871689067800923,0.44733020663261414,0.008177475696721021,
test/algebra/1332.json|256,test/algebra/1332.json,256,7,25,R,0.0004853808461824319,0.2116294950246811,0.0010995676275342703,0.001095659681595862,0.0031570667705456672,0.9964459239823041,0.24825215339660645,0.005004790873502057,
test/algebra/1332.json|256,test/algebra/1332.json,256,7,25,C,0.00010580278440220769,0.2181866616010666,0.0012557200388982892,0.0011226332280784845,0.003234789158906278,0.8940155388213885,0.5891810655593872,0.011954163994964516,
test/algebra/1332.json|256,test/algebra/1332.json,256,7,26,R,0.0004853808461824319,0.3797891438007355,0.000790719292126596,0.0006877945270389318,0.0047525472277591945,0.86983400179767,0.19831159710884094,0.004451872992183415,
test/algebra/1332.json|256,test/algebra/1332.json,256,7,26,C,0.00010580278440220769,0.38607022166252136,0.0015328724402934313,0.0012196548050269485,0.008427614403110687,0.7956662095104332,0.721143901348114,0.015787046663357156,
test/algebra/1332.json|256,test/algebra/1332.json,256,7,28,R,0.0004853808461824319,0.25030308961868286,0.001285142032429576,0.0012773058842867613,0.003338818413528627,0.9939025034284321,0.17283830046653748,0.00383361492203737,
test/algebra/1332.json|256,test/algebra/1332.json,256,7,28,C,0.00010580278440220769,0.25544360280036926,0.001470681163482368,0.0014063249109312892,0.003676068172694052,0.9562405128281288,0.7322969436645508,0.016207754422742575,
test/algebra/1332.json|256,test/algebra/1332.json,256,7,29,R,0.0004853808461824319,0.13362239301204681,0.0008548399200662971,0.0008344533271156251,0.0038520971278286475,0.9761515654004057,0.19709356129169464,0.0039623440429198305,
test/algebra/1332.json|256,test/algebra/1332.json,256,7,29,C,0.00010580278440220769,0.1352895200252533,0.0011855558259412646,0.0009639482013881207,0.004449885904077954,0.8130770221720458,0.3549807667732239,0.007145408463630613,
test/algebra/1332.json|256,test/algebra/1332.json,256,7,30,R,0.0004853808461824319,0.1671292781829834,0.0007915545138530433,0.0007864547660574317,0.0039201748245410745,0.993557299339568,0.23700763285160065,0.004386113546952504,
test/algebra/1332.json|256,test/algebra/1332.json,256,7,30,C,0.00010580278440220769,0.16835609078407288,0.0011931948829442263,0.00112033705227077,0.005584449731711215,0.93893886685751,0.3324916660785675,0.006157545297207438,
test/algebra/1332.json|256,test/algebra/1332.json,256,8,0,R,0.0004853808461824319,2.1715972423553467,0.0409754142165184,0.04097059369087219,0.005969667975216565,0.9998823556335363,0.2971683740615845,0.0053193168843057095,
test/algebra/1332.json|256,test/algebra/1332.json,256,8,0,C,0.00010580278440220769,2.3156957626342773,0.015663903206586838,0.0005828430876135826,8.492382953870437e-05,0.03720931366144306,0.13567110896110535,0.002430882755931204,
test/algebra/1332.json|256,test/algebra/1332.json,256,8,1,R,0.0004853808461824319,0.054353367537260056,0.0007452907739207149,0.0007452461286447942,0.00850021926615043,0.9999400954937012,0.187217578291893,0.006422050384890611,
test/algebra/1332.json|256,test/algebra/1332.json,256,8,1,C,0.00010580278440220769,0.05443491414189339,0.00038744189077988267,0.00017992248467635363,0.002052181838825148,0.4643857272371904,0.1289854198694229,0.004409700843033291,
test/algebra/1332.json|256,test/algebra/1332.json,256,8,2,R,0.0004853808461824319,0.056390389800071716,0.00035347172524780035,0.00035342099727131426,0.006281160698284265,0.9998564836372499,0.15861263871192932,0.00571529973642614,
test/algebra/1332.json|256,test/algebra/1332.json,256,8,2,C,0.00010580278440220769,0.057946257293224335,0.0005507345194928348,0.000131283508380875,0.002333230961209093,0.2383789348512121,0.15672147274017334,0.005643462646916801,
test/algebra/1332.json|256,test/algebra/1332.json,256,8,4,R,0.0004853808461824319,0.055067721754312515,0.00032484493567608297,0.00032479024957865477,0.005152860141887064,0.9998316516859158,0.15733495354652405,0.0049465830945879365,
test/algebra/1332.json|256,test/algebra/1332.json,256,8,4,C,0.00010580278440220769,0.056233253329992294,0.0004543511604424566,0.00016974503523670137,0.0026930378220685887,0.3735987703823654,0.1599799245595932,0.005003915684325412,
test/algebra/1332.json|256,test/algebra/1332.json,256,8,5,R,0.0004853808461824319,0.052250925451517105,0.0003203341912012547,0.0003202547668479383,0.00693788995371882,0.9997520547127029,0.1912582516670227,0.007302055088786321,
test/algebra/1332.json|256,test/algebra/1332.json,256,8,5,C,0.00010580278440220769,0.05240972340106964,0.0002477698726579547,0.0001376394648104906,0.0029817743840089396,0.5555133187842737,0.16182519495487213,0.00617193640588827,
test/algebra/1332.json|256,test/algebra/1332.json,256,8,6,R,0.0004853808461824319,0.053038548678159714,0.00044979187077842653,0.0004493863380048424,0.007905776693562799,0.9990983968385629,0.18547652661800385,0.0058185448101736835,
test/algebra/1332.json|256,test/algebra/1332.json,256,8,6,C,0.00010580278440220769,0.05339118465781212,0.0003349514736328274,0.00015125199570320547,0.002660883078453483,0.45156390449992007,0.1454032063484192,0.004559824769925979,
test/algebra/1332.json|256,test/algebra/1332.json,256,8,8,R,0.0004853808461824319,0.3216651380062103,0.0005260613979771733,0.0005257807206362486,0.007098869371988671,0.9994664532667281,0.2712346017360687,0.007412159432941801,
test/algebra/1332.json|256,test/algebra/1332.json,256,8,8,C,0.00010580278440220769,0.3221173584461212,0.002477924805134535,0.0007263303268700838,0.009806605508709256,0.29312040666929295,0.9400554299354553,0.02325500345290306,
test/algebra/1332.json|256,test/algebra/1332.json,256,8,9,R,0.0004853808461824319,0.0801265612244606,0.0003136119630653411,0.0003134744765702635,0.0057793514941840264,0.9995615999680134,0.21384727954864502,0.0069839553627081335,
test/algebra/1332.json|256,test/algebra/1332.json,256,8,9,C,0.00010580278440220769,0.08118939399719238,0.0005626120837405324,0.00027328639407642186,0.005038426564185412,0.48574568781695676,0.3541872203350067,0.011648916782437516,
test/algebra/1332.json|256,test/algebra/1332.json,256,8,10,R,0.0004853808461824319,0.07475229352712631,0.00036979958531446755,0.00036825251299887896,0.006853894287329603,0.9958164547153576,0.24661898612976074,0.006935321254016521,
test/algebra/1332.json|256,test/algebra/1332.json,256,8,10,C,0.00010580278440220769,0.07543284446001053,0.0006470689550042152,0.00032660350552760065,0.006078725390162534,0.5047429682679337,0.34876519441604614,0.009850422581163238,
test/algebra/1332.json|256,test/algebra/1332.json,256,8,12,R,0.0004853808461824319,0.06759656220674515,0.0003458054852671921,0.0003427799674682319,0.005396242386970771,0.9912508074073108,0.22251422703266144,0.005779877839787555,
test/algebra/1332.json|256,test/algebra/1332.json,256,8,12,C,0.00010580278440220769,0.06824036687612534,0.0006552225677296519,0.0003780824481509626,0.005951994649952776,0.5770290374520987,0.32028236985206604,0.008320352423849188,
test/algebra/1332.json|256,test/algebra/1332.json,256,8,13,R,0.0004853808461824319,0.06866609305143356,0.0006241223309189081,0.0006238958449102938,0.007541717389149556,0.9996371111927401,0.22379687428474426,0.006962416534069692,
test/algebra/1332.json|256,test/algebra/1332.json,256,8,13,C,0.00010580278440220769,0.0696973204612732,0.000559778418391943,0.00030899106059223413,0.003735115843086404,0.5519881615441239,0.3098834753036499,0.009656550078548886,
test/algebra/1332.json|256,test/algebra/1332.json,256,8,14,R,0.0004853808461824319,0.06830716133117676,0.0005858490476384759,0.000585455447435379,0.007026565179750167,0.9993281525266422,0.2709636986255646,0.00639309087486189,
test/algebra/1332.json|256,test/algebra/1332.json,256,8,14,C,0.00010580278440220769,0.06908990442752838,0.0006162968929857016,0.0003732274053618312,0.004479429992721024,0.605596765137178,0.3060670793056488,0.007260233940502404,
test/algebra/1332.json|256,test/algebra/1332.json,256,8,16,R,0.0004853808461824319,0.06339003890752792,0.0004481656651478261,0.0004473860317375511,0.006006816057414472,0.9982603879119606,0.21818628907203674,0.005303034884551579,
test/algebra/1332.json|256,test/algebra/1332.json,256,8,16,C,0.00010580278440220769,0.0638205036520958,0.0004792726831510663,0.00036697491304948926,0.004927178418630389,0.7656912759372264,0.24544286727905273,0.005966226342057724,
test/algebra/1332.json|256,test/algebra/1332.json,256,8,17,R,0.0004853808461824319,0.05947336181998253,0.00027599144959822297,0.0002724229998420924,0.004585873653063708,0.9870704300861646,0.17978674173355103,0.00506291900167479,
test/algebra/1332.json|256,test/algebra/1332.json,256,8,17,C,0.00010580278440220769,0.060022737830877304,0.00044072847231291234,0.0003735436766874045,0.006288103817160283,0.8475596638436216,0.2932389974594116,0.008272779630846454,
test/algebra/1332.json|256,test/algebra/1332.json,256,8,18,R,0.0004853808461824319,0.05607440322637558,0.0003907959908246994,0.0003894722613040358,0.003810822563873024,0.996612732606384,0.19959649443626404,0.004126259497879433,
test/algebra/1332.json|256,test/algebra/1332.json,256,8,18,C,0.00010580278440220769,0.0568009614944458,0.0004826934600714594,0.0003789338225033134,0.0037077083645836494,0.7850403062477262,0.22958499193191528,0.0047494876256754795,
test/algebra/1332.json|256,test/algebra/1332.json,256,8,20,R,0.0004853808461824319,0.24012044072151184,0.001106745912693441,0.0011026131687685847,0.003467000838285568,0.9962658593325505,0.20155808329582214,0.004147373363865245,
test/algebra/1332.json|256,test/algebra/1332.json,256,8,20,C,0.00010580278440220769,0.24535025656223297,0.0012047920608893037,0.0011477676453068852,0.0036089822805945443,0.9526686650864921,0.3283909559249878,0.006752341429743734,
test/algebra/1332.json|256,test/algebra/1332.json,256,8,21,R,0.0004853808461824319,0.20251362025737762,0.0013102920493111014,0.0013073341688141227,0.003969397836067664,0.9977425784608275,0.23032084107398987,0.004381691049477522,
test/algebra/1332.json|256,test/algebra/1332.json,256,8,21,C,0.00010580278440220769,0.20302517712116241,0.001940543414093554,0.00167325627990067,0.005080430095886744,0.8622617081823969,0.37499698996543884,0.007165688951239889,
test/algebra/1332.json|256,test/algebra/1332.json,256,8,22,R,0.0004853808461824319,0.0866362601518631,0.00035323339398019016,0.00035124632995575666,0.0033287215077523135,0.9943746399613634,0.1713482290506363,0.0036959792093002215,
test/algebra/1332.json|256,test/algebra/1332.json,256,8,22,C,0.00010580278440220769,0.08792559057474136,0.0007018666947260499,0.0006056423299014568,0.005739603456645769,0.8629022200219185,0.38694825768470764,0.008350398913632968,
test/algebra/1332.json|256,test/algebra/1332.json,256,8,24,R,0.0004853808461824319,0.20287173986434937,0.0013379132142290473,0.0013318243436515331,0.0036282648904864207,0.9954489786720047,0.21103572845458984,0.003913132044002987,
test/algebra/1332.json|256,test/algebra/1332.json,256,8,24,C,0.00010580278440220769,0.20484799146652222,0.0015404821606352925,0.0014508571475744247,0.0039525437980978155,0.9418201545639927,0.45452681183815,0.008438190105639417,
test/algebra/1332.json|256,test/algebra/1332.json,256,8,25,R,0.0004853808461824319,0.20994754135608673,0.0008974563097581267,0.0008717537275515497,0.0027553679590318144,0.9713606301516061,0.22657126188278198,0.004696169453815762,
test/algebra/1332.json|256,test/algebra/1332.json,256,8,25,C,0.00010580278440220769,0.21664884686470032,0.0013196640647947788,0.0011962464777752757,0.0037809981326082133,0.9064780263262122,0.5836897492408752,0.012142693811796928,
test/algebra/1332.json|256,test/algebra/1332.json,256,8,26,R,0.0004853808461824319,0.3792667090892792,0.0006329776952043176,0.0006317031220532954,0.0042466226572501035,0.997986383787825,0.19580979645252228,0.004383042766895694,
test/algebra/1332.json|256,test/algebra/1332.json,256,8,26,C,0.00010580278440220769,0.3855404257774353,0.0016416158759966493,0.0014517907984554768,0.009759660009703262,0.8843669330924971,0.896090030670166,0.01950592276245935,
test/algebra/1332.json|256,test/algebra/1332.json,256,8,28,R,0.0004853808461824319,0.24932648241519928,0.0013562807580456138,0.0013441096525639296,0.003298796278923585,0.9910261157946023,0.1624903380870819,0.003511380029738316,
test/algebra/1332.json|256,test/algebra/1332.json,256,8,28,C,0.00010580278440220769,0.25471585988998413,0.0019826574716717005,0.0017102031270042062,0.004197285318800747,0.8625812328034895,0.7133143544197083,0.01539153420182922,
test/algebra/1332.json|256,test/algebra/1332.json,256,8,29,R,0.0004853808461824319,0.1333262175321579,0.0007664471049793065,0.0007596936193294823,0.003419082088806401,0.9911885809247136,0.18574543297290802,0.003781276014109887,
test/algebra/1332.json|256,test/algebra/1332.json,256,8,29,C,0.00010580278440220769,0.1350291669368744,0.0010232824133709073,0.0008540828130207956,0.0038438907133828307,0.8346501425472731,0.3582110106945038,0.007311135498398447,
test/algebra/1332.json|256,test/algebra/1332.json,256,8,30,R,0.0004853808461824319,0.1669144630432129,0.0007987248245626688,0.0007947338744997978,0.004011180854199168,0.995003346665656,0.23262928426265717,0.004324904413503803,
test/algebra/1332.json|256,test/algebra/1332.json,256,8,30,C,0.00010580278440220769,0.1682392805814743,0.001274858950637281,0.0012028326746076345,0.006070937140093616,0.9435025522336066,0.32507404685020447,0.006051821143498782,
test/counting_and_probability/119.json|64,test/counting_and_probability/119.json,64,1,0,R,0.00032834268730479177,1.9133344888687134,0.033332593739032745,0.03332776203751564,0.00867459743233444,0.9998550457082702,0.41554519534111023,0.007522505846911891,
test/counting_and_probability/119.json|64,test/counting_and_probability/119.json,64,1,0,C,0.00016609193830749729,1.9622726440429688,0.011488682590425014,0.000558800995349884,0.00014544551998395668,0.0486392578873199,0.43080976605415344,0.007806526706393281,
test/counting_and_probability/119.json|64,test/counting_and_probability/119.json,64,1,1,R,0.00032834268730479177,0.0495973564684391,0.0005792925367131829,0.0005792500451207161,0.007403673971560511,0.9999266474368295,0.1732153445482254,0.0062762934731481245,
test/counting_and_probability/119.json|64,test/counting_and_probability/119.json,64,1,1,C,0.00016609193830749729,0.04978045076131821,0.0003215407195966691,0.0002743417862802744,0.0035064945777801256,0.8532100872672995,0.158631831407547,0.005750498517659472,
test/counting_and_probability/119.json|64,test/counting_and_probability/119.json,64,1,2,R,0.00032834268730479177,0.053796183317899704,0.0002674477582331747,0.00026678561698645353,0.00498746104598721,0.9975242183796206,0.16357052326202393,0.006600846425695941,
test/counting_and_probability/119.json|64,test/counting_and_probability/119.json,64,1,2,C,0.00016609193830749729,0.05433778837323189,0.0004058376362081617,0.00012992419942747802,0.002428886125478508,0.320138369425893,0.1832747757434845,0.0073704489445000024,
test/counting_and_probability/119.json|64,test/counting_and_probability/119.json,64,1,4,R,0.00032834268730479177,0.05407601594924927,0.00026668101781979203,0.00026646346668712795,0.00527245563937999,0.9991842234080743,0.1337478756904602,0.0049007310341524285,
test/counting_and_probability/119.json|64,test/counting_and_probability/119.json,64,1,4,C,0.00016609193830749729,0.05470786988735199,0.00039254463627003133,0.00015860713028814644,0.0031383253731946253,0.40404864881402175,0.19522418081760406,0.007135260624249774,
test/counting_and_probability/119.json|64,test/counting_and_probability/119.json,64,1,5,R,0.00032834268730479177,0.05543572083115578,0.00034136202884837985,0.0003412522200960666,0.007620987013256021,0.9996783187855954,0.19858606159687042,0.008714797416302862,
test/counting_and_probability/119.json|64,test/counting_and_probability/119.json,64,1,5,C,0.00016609193830749729,0.055659569799900055,0.00026384717784821987,0.00016374274855479598,0.003656771404738855,0.6205969276214632,0.17459246516227722,0.007664951923475003,
test/counting_and_probability/119.json|64,test/counting_and_probability/119.json,64,1,6,R,0.00032834268730479177,0.05781422555446625,0.0005348495324142277,0.000534558086656034,0.009122117853225588,0.999455086449579,0.2159876525402069,0.007498601246399239,
test/counting_and_probability/119.json|64,test/counting_and_probability/119.json,64,1,6,C,0.00016609193830749729,0.057896241545677185,0.00030804818379692733,0.000193276529898867,0.0032982220791553008,0.6274230443080828,0.18324071168899536,0.006358760638479709,
test/counting_and_probability/119.json|64,test/counting_and_probability/119.json,64,1,8,R,0.00032834268730479177,0.25421085953712463,0.000661160156596452,0.0006609968841075897,0.007526687320872586,0.9997530500182349,0.2882581055164337,0.008611944947779848,
test/counting_and_probability/119.json|64,test/counting_and_probability/119.json,64,1,8,C,0.00016609193830749729,0.25427040457725525,0.0018869582563638687,0.0005942442221567035,0.006766583262260336,0.31492176355129264,0.38185206055641174,0.011221873033305562,
test/counting_and_probability/119.json|64,test/counting_and_probability/119.json,64,1,9,R,0.00032834268730479177,0.08470037579536438,0.0003542233316693455,0.00035174863296560943,0.006341642415427646,0.9930137303912554,0.22888736426830292,0.007825572990594143,
test/counting_and_probability/119.json|64,test/counting_and_probability/119.json,64,1,9,C,0.00016609193830749729,0.08523112535476685,0.0005022161640226841,0.00034018646692857146,0.006133189231298667,0.6773706037781677,0.367840051651001,0.012572737479623357,
test/counting_and_probability/119.json|64,test/counting_and_probability/119.json,64,1,10,R,0.00032834268730479177,0.08060356974601746,0.0003774865763261914,0.00037361751310527325,0.0069533944497282745,0.9897504588154539,0.22949251532554626,0.00711548169634017,
test/counting_and_probability/119.json|64,test/counting_and_probability/119.json,64,1,10,C,0.00016609193830749729,0.08095888793468475,0.0006513833650387824,0.0003573204157873988,0.006650089218945745,0.5485562487730529,0.31380003690719604,0.009762251795740069,
test/counting_and_probability/119.json|64,test/counting_and_probability/119.json,64,1,12,R,0.00032834268730479177,0.06830698996782303,0.00028313673101365566,0.00028278862009756267,0.005081016431378247,0.9987705165853359,0.20394477248191833,0.005819179853313159,
test/counting_and_probability/119.json|64,test/counting_and_probability/119.json,64,1,12,C,0.00016609193830749729,0.06851530820131302,0.0004913416923955083,0.00033519096905365586,0.0060225578413432845,0.6821952493737224,0.3213351368904114,0.009184460267065559,
test/counting_and_probability/119.json|64,test/counting_and_probability/119.json,64,1,13,R,0.00032834268730479177,0.07002779841423035,0.0004827348457183689,0.0004823544586542994,0.007047302820553545,0.9992120144906559,0.22442632913589478,0.008107115024556204,
test/counting_and_probability/119.json|64,test/counting_and_probability/119.json,64,1,13,C,0.00016609193830749729,0.07027597725391388,0.0005442877882160246,0.00033081870060414076,0.004833332666528343,0.6078010698726897,0.37608861923217773,0.013647651459163888,
test/counting_and_probability/119.json|64,test/counting_and_probability/119.json,64,1,14,R,0.00032834268730479177,0.0787895917892456,0.0005278714816085994,0.0005274709546938539,0.007686418865804972,0.9992412397184893,0.2761591672897339,0.007245346207659206,
test/counting_and_probability/119.json|64,test/counting_and_probability/119.json,64,1,14,C,0.00016609193830749729,0.0790712982416153,0.0005877932417206466,0.00034586110268719494,0.005039961501171056,0.588406054289345,0.2856244146823883,0.007468972497321805,
test/counting_and_probability/119.json|64,test/counting_and_probability/119.json,64,1,16,R,0.00032834268730479177,0.07047294825315475,0.00041967921424657106,0.0004191631742287427,0.006507223975429079,0.9987703917680909,0.2390536218881607,0.006474602511384591,
test/counting_and_probability/119.json|64,test/counting_and_probability/119.json,64,1,16,C,0.00016609193830749729,0.07063984870910645,0.0005291933775879443,0.0003951206454075873,0.006133980022730147,0.7466469940759547,0.28608274459838867,0.007734975349921443,
test/counting_and_probability/119.json|64,test/counting_and_probability/119.json,64,1,17,R,0.00032834268730479177,0.05777307227253914,0.0002496280940249562,0.00024932323140092194,0.0058513416562543125,0.9987787287163978,0.17077146470546722,0.0063609521778759965,
test/counting_and_probability/119.json|64,test/counting_and_probability/119.json,64,1,17,C,0.00016609193830749729,0.05797065049409866,0.0004700920544564724,0.0003882383171003312,0.00911152572762154,0.8258772140349001,0.35577625036239624,0.013257891062493912,
test/counting_and_probability/119.json|64,test/counting_and_probability/119.json,64,1,18,R,0.00032834268730479177,0.06090462580323219,0.00048592608072794974,0.00047842401545494795,0.005205002761198292,0.9845613014919379,0.24271650612354279,0.00560053764888612,
test/counting_and_probability/119.json|64,test/counting_and_probability/119.json,64,1,18,C,0.00016609193830749729,0.06132165342569351,0.0004422191414050758,0.00032827374525368214,0.0035714464476652536,0.7423327345539943,0.2365313172340393,0.0054639385240555375,
test/counting_and_probability/119.json|64,test/counting_and_probability/119.json,64,1,20,R,0.00032834268730479177,0.20236250758171082,0.0012291880557313561,0.0012264185352250934,0.0036697942554841313,0.9977468691701842,0.220161572098732,0.004853339654475642,
test/counting_and_probability/119.json|64,test/counting_and_probability/119.json,64,1,20,C,0.00016609193830749729,0.2037714123725891,0.0013499055057764053,0.0012696830090135336,0.003799253907972359,0.9405717679051149,0.3670964539051056,0.008109314348146922,
test/counting_and_probability/119.json|64,test/counting_and_probability/119.json,64,1,21,R,0.00032834268730479177,0.17948240041732788,0.000990042695775628,0.000987753737717867,0.003124755167828425,0.9976880198548852,0.2062700390815735,0.0041735782255151255,
test/counting_and_probability/119.json|64,test/counting_and_probability/119.json,64,1,21,C,0.00016609193830749729,0.1799127161502838,0.001198219950310886,0.0010910239070653915,0.0034514499532075776,0.91053725642924,0.42260053753852844,0.008568132653034273,
test/counting_and_probability/119.json|64,test/counting_and_probability/119.json,64,1,22,R,0.00032834268730479177,0.0738266184926033,0.0004134593764320016,0.000409146974561736,0.0038891237480234197,0.9895699478457837,0.13595978915691376,0.0034285268211758754,
test/counting_and_probability/119.json|64,test/counting_and_probability/119.json,64,1,22,C,0.00016609193830749729,0.07466968894004822,0.0006667264387942851,0.000584116205573082,0.005552284015134095,0.87609575788431,0.4027944803237915,0.01018590286708682,
test/counting_and_probability/119.json|64,test/counting_and_probability/119.json,64,1,24,R,0.00032834268730479177,0.17155776917934418,0.0010373513214290142,0.0010284093441441655,0.002453076453679583,0.9913799904704315,0.15980590879917145,0.0030219487063298895,
test/counting_and_probability/119.json|64,test/counting_and_probability/119.json,64,1,24,C,0.00016609193830749729,0.1734081506729126,0.0012551648542284966,0.0011707437224686146,0.0027925882580062864,0.932741000189562,0.3484233319759369,0.0065917919609420695,
test/counting_and_probability/119.json|64,test/counting_and_probability/119.json,64,1,25,R,0.00032834268730479177,0.1769353747367859,0.0006012774538248777,0.0005976902320981026,0.0018723450811004483,0.9940339976195849,0.14871317148208618,0.0030258313310991053,
test/counting_and_probability/119.json|64,test/counting_and_probability/119.json,64,1,25,C,0.00016609193830749729,0.18309250473976135,0.0011170664802193642,0.0010284919990226626,0.003221889587456356,0.9207079581333283,0.5858758091926575,0.011953764127145446,
test/counting_and_probability/119.json|64,test/counting_and_probability/119.json,64,1,26,R,0.00032834268730479177,0.3432137966156006,0.0003884292964357883,0.0003878830175381154,0.0029807817079698547,0.9985936181918327,0.17917074263095856,0.0038858813714318058,
test/counting_and_probability/119.json|64,test/counting_and_probability/119.json,64,1,26,C,0.00016609193830749729,0.3482840061187744,0.0010842153569683433,0.0008948463946580887,0.006876665499740518,0.825340084035423,0.5483332872390747,0.011817356887799103,
test/counting_and_probability/119.json|64,test/counting_and_probability/119.json,64,1,28,R,0.00032834268730479177,0.22454865276813507,0.001310190767981112,0.00130126578733325,0.0036671562600025243,0.9931880289045216,0.1708500236272812,0.0038963557621451497,
test/counting_and_probability/119.json|64,test/counting_and_probability/119.json,64,1,28,C,0.00016609193830749729,0.22580955922603607,0.001622204203158617,0.0014831474982202053,0.004179725376282728,0.9142791606741423,0.8631784915924072,0.019617113370208973,
test/counting_and_probability/119.json|64,test/counting_and_probability/119.json,64,1,29,R,0.00032834268730479177,0.12138056755065918,0.0006726741557940841,0.0006642479565925896,0.0038290015401235,0.9874735782304271,0.18067048490047455,0.0037548502616739105,
test/counting_and_probability/119.json|64,test/counting_and_probability/119.json,64,1,29,C,0.00016609193830749729,0.1221376433968544,0.0009747151052579284,0.0008616748382337391,0.004967052212862559,0.8840273765139774,0.39755356311798096,0.008238858234370988,
test/counting_and_probability/119.json|64,test/counting_and_probability/119.json,64,1,30,R,0.00032834268730479177,0.16446559131145477,0.0008376518380828202,0.0008324247901327908,0.003833867366144791,0.9937598788587957,0.20242086052894592,0.003755326500344064,
test/counting_and_probability/119.json|64,test/counting_and_probability/119.json,64,1,30,C,0.00016609193830749729,0.16538462042808533,0.001239736215211451,0.0010876164305955172,0.005009193850987859,0.8772966509917718,0.36873379349708557,0.0068686044397693645,
test/counting_and_probability/119.json|64,test/counting_and_probability/119.json,64,2,0,R,0.00032834268730479177,1.872413992881775,0.035849958658218384,0.035845424979925156,0.007642058026205706,0.9998735373913169,0.3466029465198517,0.006071346365725121,
test/counting_and_probability/119.json|64,test/counting_and_probability/119.json,64,2,0,C,0.00016609193830749729,1.9398523569107056,0.016077419742941856,0.0005481434636749327,0.00011686133330641744,0.034093994708415766,0.47477278113365173,0.008395795325623684,
test/counting_and_probability/119.json|64,test/counting_and_probability/119.json,64,2,1,R,0.00032834268730479177,0.048874203115701675,0.00046479885349981487,0.0004647785099223256,0.006292988030817275,0.9999562292865133,0.16372299194335938,0.005690489125120494,
test/counting_and_probability/119.json|64,test/counting_and_probability/119.json,64,2,1,C,0.00016609193830749729,0.04919737949967384,0.00034616474295035005,0.0001603502023499459,0.002171102756657094,0.4632193345863804,0.12905889749526978,0.004496141074292544,
test/counting_and_probability/119.json|64,test/counting_and_probability/119.json,64,2,2,R,0.00032834268730479177,0.05137796700000763,0.00025805464247241616,0.0002580150030553341,0.004454846140044281,0.9998463875071238,0.1321585774421692,0.005041186491521049,
test/counting_and_probability/119.json|64,test/counting_and_probability/119.json,64,2,2,C,0.00016609193830749729,0.05202576145529747,0.0004492507432587445,0.00011999149865005165,0.0020717541936298664,0.26709248717670003,0.13951727747917175,0.0053170788207890255,
test/counting_and_probability/119.json|64,test/counting_and_probability/119.json,64,2,4,R,0.00032834268730479177,0.05241093784570694,0.00027093509561382234,0.0002708999963942915,0.00541401248163456,0.999870447867517,0.13503669202327728,0.005008234382648704,
test/counting_and_probability/119.json|64,test/counting_and_probability/119.json,64,2,4,C,0.00016609193830749729,0.05317508801817894,0.00046807515900582075,0.00019172024622093886,0.0038315829451376344,0.40959286585204546,0.19092527031898499,0.0070781972665255825,
test/counting_and_probability/119.json|64,test/counting_and_probability/119.json,64,2,5,R,0.00032834268730479177,0.05442989617586136,0.00032954642665572464,0.0003281646640971303,0.006968658746911495,0.995807074686187,0.18576553463935852,0.007941426966639924,
test/counting_and_probability/119.json|64,test/counting_and_probability/119.json,64,2,5,C,0.00016609193830749729,0.054740190505981445,0.0004161379183642566,0.0001861172349890694,0.00395224605039645,0.4472489199576067,0.22186732292175293,0.00953396187493513,
test/counting_and_probability/119.json|64,test/counting_and_probability/119.json,64,2,6,R,0.00032834268730479177,0.05692852661013603,0.0005351763102225959,0.0005349100101739168,0.009673545131136487,0.9995024050147684,0.2470051646232605,0.008545257037006839,
test/counting_and_probability/119.json|64,test/counting_and_probability/119.json,64,2,6,C,0.00016609193830749729,0.05702825263142586,0.00022408705262932926,0.00016593652253504843,0.0030008682004749477,0.7405002647298411,0.1559685617685318,0.005393211865787905,
test/counting_and_probability/119.json|64,test/counting_and_probability/119.json,64,2,8,R,0.00032834268730479177,0.2537182569503784,0.0006669887225143611,0.0006667808629572392,0.007436174721722587,0.9996883597131496,0.28988757729530334,0.008674307202440317,
test/counting_and_probability/119.json|64,test/counting_and_probability/119.json,64,2,8,C,0.00016609193830749729,0.25379619002342224,0.0019090052228420973,0.0006145681836642325,0.006853880556605008,0.3219311167872772,0.3989386260509491,0.011784753673563967,
test/counting_and_probability/119.json|64,test/counting_and_probability/119.json,64,2,9,R,0.00032834268730479177,0.0835760310292244,0.00032249046489596367,0.00032210483914241195,0.006001594470467477,0.9988042227776243,0.20640484988689423,0.007157962925881416,
test/counting_and_probability/119.json|64,test/counting_and_probability/119.json,64,2,9,C,0.00016609193830749729,0.08434106409549713,0.0004387121298350394,0.0003276235656812787,0.006104421732447981,0.7467848337306834,0.3666571378707886,0.012702929294392193,
test/counting_and_probability/119.json|64,test/counting_and_probability/119.json,64,2,10,R,0.00032834268730479177,0.07971178740262985,0.0003423826419748366,0.00034206878626719117,0.006596517424825988,0.9990833159504862,0.21515461802482605,0.006772945998484239,
test/counting_and_probability/119.json|64,test/counting_and_probability/119.json,64,2,10,C,0.00016609193830749729,0.08017268031835556,0.0005800231592729688,0.0003302738186903298,0.006369061099462091,0.5694148808383743,0.3183470666408539,0.010058164551351062,
test/counting_and_probability/119.json|64,test/counting_and_probability/119.json,64,2,12,R,0.00032834268730479177,0.06748025864362717,0.00029113361961208284,0.00029079316300339997,0.00467052562271303,0.9988305795532406,0.1954839676618576,0.0054707904975641675,
test/counting_and_probability/119.json|64,test/counting_and_probability/119.json,64,2,12,C,0.00016609193830749729,0.06773415207862854,0.0005265947547741234,0.00037054793210700154,0.005951493472110428,0.7036681015979271,0.3330950438976288,0.009337676009929928,
test/counting_and_probability/119.json|64,test/counting_and_probability/119.json,64,2,13,R,0.00032834268730479177,0.06868255138397217,0.0005118833505548537,0.0005115816020406783,0.006992534695853857,0.9994105111774805,0.22557711601257324,0.007921228391577934,
test/counting_and_probability/119.json|64,test/counting_and_probability/119.json,64,2,13,C,0.00016609193830749729,0.06904719024896622,0.0005248722154647112,0.00030897065880708396,0.0042231543180819234,0.5886588184990299,0.35052040219306946,0.012367557079626737,
test/counting_and_probability/119.json|64,test/counting_and_probability/119.json,64,2,14,R,0.00032834268730479177,0.0771697536110878,0.0005467822193168104,0.0005460885004140437,0.007117357184970787,0.9987312683606194,0.2732754945755005,0.00693185268742991,
test/counting_and_probability/119.json|64,test/counting_and_probability/119.json,64,2,14,C,0.00016609193830749729,0.07757631689310074,0.0005707055679522455,0.000323484098771587,0.0042160782965949915,0.566814337146682,0.2648134231567383,0.006705353744518709,
test/counting_and_probability/119.json|64,test/counting_and_probability/119.json,64,2,16,R,0.00032834268730479177,0.06980422884225845,0.0004275595711078495,0.00042376574128866196,0.0065332141100738345,0.9911267784264913,0.2414027452468872,0.006502357941353675,
test/counting_and_probability/119.json|64,test/counting_and_probability/119.json,64,2,16,C,0.00016609193830749729,0.07013659924268723,0.0005744036752730608,0.000387453765142709,0.0059733908591428336,0.6745321820651453,0.27694833278656006,0.0074357958427603114,
test/counting_and_probability/119.json|64,test/counting_and_probability/119.json,64,2,17,R,0.00032834268730479177,0.05595520883798599,0.00027336066705174744,0.0002725064114201814,0.006258468592903422,0.996874983377622,0.17476369440555573,0.006208764861813185,
test/counting_and_probability/119.json|64,test/counting_and_probability/119.json,64,2,17,C,0.00016609193830749729,0.05623224005103111,0.0006143160280771554,0.0005191222298890352,0.011922325624217984,0.845040997333045,0.3912270963191986,0.013950457888447317,
test/counting_and_probability/119.json|64,test/counting_and_probability/119.json,64,2,18,R,0.00032834268730479177,0.058242782950401306,0.00043696240754798055,0.0004302899760659784,0.004518188877338065,0.9847299622313632,0.2263297587633133,0.005076916478773856,
test/counting_and_probability/119.json|64,test/counting_and_probability/119.json,64,2,18,C,0.00016609193830749729,0.05870536342263222,0.0004651669296436012,0.00037401914596557617,0.003927326312974649,0.8040536016781896,0.2367028146982193,0.005310146374005853,
test/counting_and_probability/119.json|64,test/counting_and_probability/119.json,64,2,20,R,0.00032834268730479177,0.20028553903102875,0.0012321359245106578,0.001223263330757618,0.003635314428923978,0.9927990130233703,0.21439115703105927,0.004683200164961927,
test/counting_and_probability/119.json|64,test/counting_and_probability/119.json,64,2,20,C,0.00016609193830749729,0.2022821307182312,0.0012193028815090656,0.0011528965551406145,0.003426197268059753,0.9455374638073512,0.3364163637161255,0.0073616516311364255,
test/counting_and_probability/119.json|64,test/counting_and_probability/119.json,64,2,21,R,0.00032834268730479177,0.1776842325925827,0.0009320239187218249,0.0009282747050747275,0.0028532608477755735,0.9959773407444131,0.196050226688385,0.003878109308517827,
test/counting_and_probability/119.json|64,test/counting_and_probability/119.json,64,2,21,C,0.00016609193830749729,0.17821508646011353,0.001626663957722485,0.00151413946878165,0.0046540478165874415,0.9308249934859274,0.39740389585494995,0.00787604899319428,
test/counting_and_probability/119.json|64,test/counting_and_probability/119.json,64,2,22,R,0.00032834268730479177,0.06997087597846985,0.00032933923648670316,0.00032774906139820814,0.003189431583493241,0.9951716166569456,0.12765219807624817,0.0031454018623175727,
test/counting_and_probability/119.json|64,test/counting_and_probability/119.json,64,2,22,C,0.00016609193830749729,0.07088696956634521,0.0006550232064910233,0.0005686910590156913,0.0055341156955172315,0.8681998630155174,0.37799569964408875,0.009339484920804724,
test/counting_and_probability/119.json|64,test/counting_and_probability/119.json,64,2,24,R,0.00032834268730479177,0.16814778745174408,0.000985288410447538,0.0009769995231181383,0.0023463474220419118,0.991587348198664,0.15469487011432648,0.0029121299583110944,
test/counting_and_probability/119.json|64,test/counting_and_probability/119.json,64,2,24,C,0.00016609193830749729,0.1698203980922699,0.0014707987429574132,0.0013684288132935762,0.003286398142827963,0.930398410330162,0.34968942403793335,0.006592983486323264,
test/counting_and_probability/119.json|64,test/counting_and_probability/119.json,64,2,25,R,0.00032834268730479177,0.17126533389091492,0.0006508452352136374,0.0006364256842061877,0.0018043626268944167,0.9778448835373876,0.1305921971797943,0.002733229865443529,
test/counting_and_probability/119.json|64,test/counting_and_probability/119.json,64,2,25,C,0.00016609193830749729,0.1770610809326172,0.0011134683154523373,0.0009840881684795022,0.0027900381094583832,0.8838043740794906,0.5309157371520996,0.011147491758898499,
test/counting_and_probability/119.json|64,test/counting_and_probability/119.json,64,2,26,R,0.00032834268730479177,0.34085187315940857,0.0002749653358478099,0.00027436253731139004,0.0021562035174179156,0.9978077253542925,0.16429342329502106,0.003734752128027715,
test/counting_and_probability/119.json|64,test/counting_and_probability/119.json,64,2,26,C,0.00016609193830749729,0.34565576910972595,0.0011984012089669704,0.0009543425403535366,0.007500137454977596,0.7963464425906576,0.7159482836723328,0.016491989145186684,
test/counting_and_probability/119.json|64,test/counting_and_probability/119.json,64,2,28,R,0.00032834268730479177,0.22188802063465118,0.0012220500502735376,0.0012209960259497166,0.0030916760988133306,0.9991374941454135,0.163004070520401,0.0038988770808126324,
test/counting_and_probability/119.json|64,test/counting_and_probability/119.json,64,2,28,C,0.00016609193830749729,0.22367209196090698,0.0019138493807986379,0.0017642965540289879,0.00446736383361069,0.921857577094651,0.8474704623222351,0.02021045389409842,
test/counting_and_probability/119.json|64,test/counting_and_probability/119.json,64,2,29,R,0.00032834268730479177,0.11947738379240036,0.0006197852781042457,0.0006105733918957412,0.0036237695814330543,0.9851369699812521,0.16587510704994202,0.003573876078465158,
test/counting_and_probability/119.json|64,test/counting_and_probability/119.json,64,2,29,C,0.00016609193830749729,0.12042087316513062,0.0009871218353509903,0.000889600079972297,0.005279800515765823,0.9012059577780249,0.43438002467155457,0.009319921463621855,
test/counting_and_probability/119.json|64,test/counting_and_probability/119.json,64,2,30,R,0.00032834268730479177,0.1631496101617813,0.000692438508849591,0.0006848206976428628,0.0036546791433608545,0.9889985722943356,0.1713929921388626,0.003265370678005527,
test/counting_and_probability/119.json|64,test/counting_and_probability/119.json,64,2,30,C,0.00016609193830749729,0.16457264125347137,0.0011961943237110972,0.0010450404370203614,0.005577061999283795,0.8736376819650584,0.43229833245277405,0.00828037728006965,
test/counting_and_probability/119.json|64,test/counting_and_probability/119.json,64,3,0,R,0.00032834268730479177,1.8214011192321777,0.04209939017891884,0.042093534022569656,0.007085298285454739,0.9998608968604021,0.3286173939704895,0.005912526096679818,
test/counting_and_probability/119.json|64,test/counting_and_probability/119.json,64,3,0,C,0.00016609193830749729,1.9223413467407227,0.017592519521713257,0.0006111235124990344,0.00010286597397569034,0.03473769130737802,0.04215492308139801,0.000758311511288308,
test/counting_and_probability/119.json|64,test/counting_and_probability/119.json,64,3,1,R,0.00032834268730479177,0.048407796770334244,0.0005335142486728728,0.0005334760644473135,0.006543318590700841,0.9999284269809426,0.1617119461297989,0.005624030074103536,
test/counting_and_probability/119.json|64,test/counting_and_probability/119.json,64,3,1,C,0.00016609193830749729,0.04880190268158913,0.00039177079452201724,0.0002395707560935989,0.002938440703538478,0.6115074396354161,0.12529024481773376,0.004362860048299472,
test/counting_and_probability/119.json|64,test/counting_and_probability/119.json,64,3,2,R,0.00032834268730479177,0.04868664965033531,0.00022650948085356504,0.00022629163868259639,0.004510612240957007,0.999038260256542,0.12688803672790527,0.005069125000095051,
test/counting_and_probability/119.json|64,test/counting_and_probability/119.json,64,3,2,C,0.00016609193830749729,0.04935527220368385,0.00040522278868593276,0.000142611563205719,0.002842639111381371,0.3519337185261714,0.17140430212020874,0.006775295777473034,
test/counting_and_probability/119.json|64,test/counting_and_probability/119.json,64,3,4,R,0.00032834268730479177,0.05085907131433487,0.00024016827228479087,0.000240121764363721,0.004651522603641881,0.9998063486053601,0.11915743350982666,0.004533104184221626,
test/counting_and_probability/119.json|64,test/counting_and_probability/119.json,64,3,4,C,0.00016609193830749729,0.051661934703588486,0.0006473484099842608,0.00018609520338941365,0.0036049462125557104,0.2874730210683073,0.19094198942184448,0.007293032393303163,
test/counting_and_probability/119.json|64,test/counting_and_probability/119.json,64,3,5,R,0.00032834268730479177,0.0536690354347229,0.00031584332464262843,0.000315630721161142,0.007879758841301288,0.9993268672654271,0.20205652713775635,0.008602746312954256,
test/counting_and_probability/119.json|64,test/counting_and_probability/119.json,64,3,5,C,0.00016609193830749729,0.05404101684689522,0.00034976599272340536,0.00015938236902002245,0.003978999974441279,0.45568286191384827,0.21634182333946228,0.00929139085198807,
test/counting_and_probability/119.json|64,test/counting_and_probability/119.json,64,3,6,R,0.00032834268730479177,0.056257203221321106,0.0005245623178780079,0.0005242081824690104,0.009896840032947957,0.9993248916358404,0.21409380435943604,0.007383527342260122,
test/counting_and_probability/119.json|64,test/counting_and_probability/119.json,64,3,6,C,0.00016609193830749729,0.05634799227118492,0.0002577248669695109,0.00016498252807650715,0.003114803895112917,0.640149820916873,0.15571555495262146,0.005365602415255722,
test/counting_and_probability/119.json|64,test/counting_and_probability/119.json,64,3,8,R,0.00032834268730479177,0.253383994102478,0.000489797443151474,0.0004894864396192133,0.006473894171535581,0.9993650343913095,0.23771050572395325,0.0072235450082586495,
test/counting_and_probability/119.json|64,test/counting_and_probability/119.json,64,3,8,C,0.00016609193830749729,0.2535327672958374,0.0015455110697075725,0.0006697298376820982,0.008857773661812833,0.43333875141734157,0.7260845303535461,0.021051166834842143,
test/counting_and_probability/119.json|64,test/counting_and_probability/119.json,64,3,9,R,0.00032834268730479177,0.08262433856725693,0.0003570117405615747,0.0003567261155694723,0.005962644219326633,0.9991999535061422,0.2209554761648178,0.007538980117004402,
test/counting_and_probability/119.json|64,test/counting_and_probability/119.json,64,3,9,C,0.00016609193830749729,0.08354932814836502,0.00046798281255178154,0.0003381128772161901,0.005651525651814485,0.7224899449833716,0.35458359122276306,0.012096517446309,
test/counting_and_probability/119.json|64,test/counting_and_probability/119.json,64,3,10,R,0.00032834268730479177,0.07904037088155746,0.0003402876609470695,0.00033883581636473536,0.006760778612325748,0.9957334756892832,0.23067517578601837,0.007164811154072102,
test/counting_and_probability/119.json|64,test/counting_and_probability/119.json,64,3,10,C,0.00016609193830749729,0.07959505915641785,0.0005244758212938905,0.0003386913740541786,0.006757896560202674,0.6457711865016965,0.3105425536632538,0.009673221285127598,
test/counting_and_probability/119.json|64,test/counting_and_probability/119.json,64,3,12,R,0.00032834268730479177,0.06684587150812149,0.00027200125623494387,0.0002697579620871693,0.004886364661886532,0.991752629489367,0.19697387516498566,0.0056012459491250844,
test/counting_and_probability/119.json|64,test/counting_and_probability/119.json,64,3,12,C,0.00016609193830749729,0.06711634993553162,0.0005148607888258994,0.00035523329279385507,0.006434654959591446,0.6899598878251683,0.3409898579120636,0.00971346570711402,
test/counting_and_probability/119.json|64,test/counting_and_probability/119.json,64,3,13,R,0.00032834268730479177,0.06769344955682755,0.0004558744840323925,0.00045571502414532006,0.00692456335938668,0.9996502087914372,0.22455905377864838,0.007751732769529535,
test/counting_and_probability/119.json|64,test/counting_and_probability/119.json,64,3,13,C,0.00016609193830749729,0.06807293742895126,0.0005722988862544298,0.00034186869743280113,0.005194675028334233,0.5973604091262453,0.39681297540664673,0.013780835968302596,
test/counting_and_probability/119.json|64,test/counting_and_probability/119.json,64,3,14,R,0.00032834268730479177,0.07622735947370529,0.0004925653920508921,0.0004919365746900439,0.007018191940352619,0.998723380956682,0.24768143892288208,0.006666562768975655,
test/counting_and_probability/119.json|64,test/counting_and_probability/119.json,64,3,14,C,0.00016609193830749729,0.07668284326791763,0.0006351557676680386,0.00034863685141317546,0.004973812614440235,0.5488997638237448,0.297512412071228,0.00794925371140432,
test/counting_and_probability/119.json|64,test/counting_and_probability/119.json,64,3,16,R,0.00032834268730479177,0.06946974247694016,0.00039356271736323833,0.0003911125531885773,0.006645892695205026,0.9937743971663503,0.2360217273235321,0.006635234831207972,
test/counting_and_probability/119.json|64,test/counting_and_probability/119.json,64,3,16,C,0.00016609193830749729,0.06986087560653687,0.0004911671276204288,0.0003902363823726773,0.006631004558330693,0.7945083447843062,0.29806962609291077,0.008349506450473684,
test/counting_and_probability/119.json|64,test/counting_and_probability/119.json,64,3,17,R,0.00032834268730479177,0.055059079080820084,0.00023068900918588042,0.00023007158597465605,0.005546123734801098,0.9973235646954882,0.15738151967525482,0.005525704545233651,
test/counting_and_probability/119.json|64,test/counting_and_probability/119.json,64,3,17,C,0.00016609193830749729,0.05532139539718628,0.0005368127021938562,0.0004429078253451735,0.010676770849689354,0.8250695684174758,0.371071457862854,0.013057860550254886,
test/counting_and_probability/119.json|64,test/counting_and_probability/119.json,64,3,18,R,0.00032834268730479177,0.05671822279691696,0.0003943096671719104,0.0003901394666172564,0.004486979391994585,0.9894240443710453,0.19903656840324402,0.00474608459562397,
test/counting_and_probability/119.json|64,test/counting_and_probability/119.json,64,3,18,C,0.00016609193830749729,0.057239070534706116,0.000417661591200158,0.00033981542219407856,0.003908204442086373,0.8136142478507509,0.2485164999961853,0.0059342032310840485,
test/counting_and_probability/119.json|64,test/counting_and_probability/119.json,64,3,20,R,0.00032834268730479177,0.1973762810230255,0.001119308639317751,0.001111662364564836,0.003732350747904499,0.9931687512474269,0.19961565732955933,0.004339906973543446,
test/counting_and_probability/119.json|64,test/counting_and_probability/119.json,64,3,20,C,0.00016609193830749729,0.20093265175819397,0.001531387330032885,0.0014251541579142213,0.004784883753128189,0.9306294554186941,0.37714725732803345,0.008197244069317959,
test/counting_and_probability/119.json|64,test/counting_and_probability/119.json,64,3,21,R,0.00032834268730479177,0.17636781930923462,0.0009981578914448619,0.0009919962612912059,0.0031702894830142863,0.9938269975118227,0.1887243688106537,0.003705398999069015,
test/counting_and_probability/119.json|64,test/counting_and_probability/119.json,64,3,21,C,0.00016609193830749729,0.1769920140504837,0.0013120216317474842,0.0011909960303455591,0.0038062665522565742,0.9077563971651236,0.37998005747795105,0.007479359784236792,
test/counting_and_probability/119.json|64,test/counting_and_probability/119.json,64,3,22,R,0.00032834268730479177,0.0675523430109024,0.0002769596758298576,0.00027615303406491876,0.0028127015020743156,0.9970875082821736,0.11095399409532547,0.002707550449051419,
test/counting_and_probability/119.json|64,test/counting_and_probability/119.json,64,3,22,C,0.00016609193830749729,0.06852191686630249,0.0005744355148635805,0.0005130189238116145,0.005225251652524882,0.8930835744728718,0.35869115591049194,0.008780069040443744,
test/counting_and_probability/119.json|64,test/counting_and_probability/119.json,64,3,24,R,0.00032834268730479177,0.16627828776836395,0.0009587882668711245,0.0009495117701590061,0.0019944656417664273,0.990324769270784,0.14061816036701202,0.0025882003267500026,
test/counting_and_probability/119.json|64,test/counting_and_probability/119.json,64,3,24,C,0.00016609193830749729,0.16800665855407715,0.0011682002805173397,0.0011180770816281438,0.0023485399488838116,0.9570936587824714,0.30075669288635254,0.005543298269617626,
test/counting_and_probability/119.json|64,test/counting_and_probability/119.json,64,3,25,R,0.00032834268730479177,0.16766971349716187,0.0006377289537340403,0.0006341511616483331,0.0016660918499968051,0.9943897904287579,0.11969645321369171,0.0024740671532204523,
test/counting_and_probability/119.json|64,test/counting_and_probability/119.json,64,3,25,C,0.00016609193830749729,0.17343482375144958,0.001057163462974131,0.0009803775465115905,0.0025757250620138767,0.9273660885196657,0.5116550326347351,0.010608644247765761,
test/counting_and_probability/119.json|64,test/counting_and_probability/119.json,64,3,26,R,0.00032834268730479177,0.3398149907588959,0.0002749644045252353,0.00027410403708927333,0.001962206892312648,0.9968709825029226,0.13846838474273682,0.003137024068007155,
test/counting_and_probability/119.json|64,test/counting_and_probability/119.json,64,3,26,C,0.00016609193830749729,0.34439370036125183,0.0012009134516119957,0.0009412069921381772,0.006737744057614469,0.7837425670359883,0.7072877883911133,0.01636394279147806,
test/counting_and_probability/119.json|64,test/counting_and_probability/119.json,64,3,28,R,0.00032834268730479177,0.22019512951374054,0.001201285165734589,0.0011980365961790085,0.0032055745801629286,0.9972957540428048,0.13240429759025574,0.0028633689106965757,
test/counting_and_probability/119.json|64,test/counting_and_probability/119.json,64,3,28,C,0.00016609193830749729,0.2226618230342865,0.0017405695980414748,0.0015416564419865608,0.00412499477690257,0.8857195040264666,0.7916858196258545,0.017071694552872406,
test/counting_and_probability/119.json|64,test/counting_and_probability/119.json,64,3,29,R,0.00032834268730479177,0.11855052411556244,0.0005457432707771659,0.0005444568232633173,0.0030921619220757456,0.9976427588201695,0.13551506400108337,0.0028002260573352917,
test/counting_and_probability/119.json|64,test/counting_and_probability/119.json,64,3,29,C,0.00016609193830749729,0.11970093101263046,0.0009425102616660297,0.0008690694230608642,0.004935751124436679,0.9220795332271213,0.39995649456977844,0.008229576032502278,
test/counting_and_probability/119.json|64,test/counting_and_probability/119.json,64,3,30,R,0.00032834268730479177,0.1612434983253479,0.0006208087434060872,0.0006194424931891263,0.0031227830523465473,0.997799239734827,0.1432424783706665,0.00277489888636433,
test/counting_and_probability/119.json|64,test/counting_and_probability/119.json,64,3,30,C,0.00016609193830749729,0.1629115790128708,0.0012041504960507154,0.0010111595038324594,0.005097538183940942,0.8397285109370114,0.4323030412197113,0.008422412050720344,
test/counting_and_probability/119.json|64,test/counting_and_probability/119.json,64,4,0,R,0.00032834268730479177,1.741315245628357,0.03382924199104309,0.03382482752203941,0.006795625585394399,0.9998695072740703,0.3155413866043091,0.005700297569294947,
test/counting_and_probability/119.json|64,test/counting_and_probability/119.json,64,4,0,C,0.00016609193830749729,1.8754606246948242,0.010397710837423801,0.0005677910521626472,0.00011407287734787094,0.05460731318517021,0.09348922967910767,0.0016899635247571202,
test/counting_and_probability/119.json|64,test/counting_and_probability/119.json,64,4,1,R,0.00032834268730479177,0.04794815927743912,0.0005245102802291512,0.0005242485785856843,0.0063734249847868275,0.9995010533580893,0.15546771883964539,0.005446436621104648,
test/counting_and_probability/119.json|64,test/counting_and_probability/119.json,64,4,1,C,0.00016609193830749729,0.04848480224609375,0.00033640084438957274,0.0002513022627681494,0.0030551463288292155,0.747032197487869,0.11567718535661697,0.004060941550750311,
test/counting_and_probability/119.json|64,test/counting_and_probability/119.json,64,4,2,R,0.00032834268730479177,0.04753758758306503,0.00023023322864901274,0.00023018248612061143,0.0038697516193630325,0.9997795994588675,0.11524593085050583,0.004453710736214372,
test/counting_and_probability/119.json|64,test/counting_and_probability/119.json,64,4,2,C,0.00016609193830749729,0.04830582067370415,0.0004061860090587288,0.00012310277088545263,0.002069562958549521,0.30306994292504974,0.13268035650253296,0.0050826793407947116,
test/counting_and_probability/119.json|64,test/counting_and_probability/119.json,64,4,4,R,0.00032834268730479177,0.05017043277621269,0.00025646830908954144,0.0002564249443821609,0.005134758027102908,0.9998309120243145,0.13105423748493195,0.004512738592541033,
test/counting_and_probability/119.json|64,test/counting_and_probability/119.json,64,4,4,C,0.00016609193830749729,0.05101870000362396,0.00035926743294112384,0.00014628181816078722,0.002929206992050203,0.40716693009464267,0.14576025307178497,0.005028145039313629,
test/counting_and_probability/119.json|64,test/counting_and_probability/119.json,64,4,5,R,0.00032834268730479177,0.05313579738140106,0.000310304865706712,0.0003102429327555001,0.007090095338315978,0.9998004093462367,0.18319277465343475,0.007965851912721705,
test/counting_and_probability/119.json|64,test/counting_and_probability/119.json,64,4,5,C,0.00016609193830749729,0.0535929910838604,0.000433378474554047,0.00016877002781257033,0.0038569632410753096,0.38942872646549537,0.2513762414455414,0.011037102277269981,
test/counting_and_probability/119.json|64,test/counting_and_probability/119.json,64,4,6,R,0.00032834268730479177,0.05565085634589195,0.0004406418593134731,0.00044038763735443354,0.008662713288144773,0.9994230621692213,0.19786207377910614,0.006892741501300227,
test/counting_and_probability/119.json|64,test/counting_and_probability/119.json,64,4,6,C,0.00016609193830749729,0.055717550218105316,0.00025387192727066576,0.00016545582911930978,0.0032546245351553946,0.6517295167148568,0.1570938676595688,0.005467059495463372,
test/counting_and_probability/119.json|64,test/counting_and_probability/119.json,64,4,8,R,0.00032834268730479177,0.253104031085968,0.0005636115092784166,0.0005634071421809494,0.006750033970245455,0.9996373954510507,0.26045912504196167,0.007495087864133249,
test/counting_and_probability/119.json|64,test/counting_and_probability/119.json,64,4,8,C,0.00016609193830749729,0.25324517488479614,0.0017266932409256697,0.0005372314481064677,0.00643642980911688,0.3111331156351363,0.3989495635032654,0.011162550622920545,
test/counting_and_probability/119.json|64,test/counting_and_probability/119.json,64,4,9,R,0.00032834268730479177,0.08197709172964096,0.00032953833579085767,0.0003291941829957068,0.005613496740238433,0.9989556486856663,0.19428709149360657,0.006640316489374479,
test/counting_and_probability/119.json|64,test/counting_and_probability/119.json,64,4,9,C,0.00016609193830749729,0.08305583894252777,0.0005477266968227923,0.0003081199247390032,0.005254133525036992,0.56254319163878,0.3488520383834839,0.011921937415149622,
test/counting_and_probability/119.json|64,test/counting_and_probability/119.json,64,4,10,R,0.00032834268730479177,0.07837498933076859,0.00032285222550854087,0.0003224233805667609,0.006519935906841221,0.9986716958826095,0.21610285341739655,0.0069299627878057195,
test/counting_and_probability/119.json|64,test/counting_and_probability/119.json,64,4,10,C,0.00016609193830749729,0.0791684091091156,0.0005933722713962197,0.00034139107447117567,0.006903494159781754,0.5753404571678645,0.34355831146240234,0.01106497975883712,
test/counting_and_probability/119.json|64,test/counting_and_probability/119.json,64,4,12,R,0.00032834268730479177,0.06640425324440002,0.0002538829867262393,0.0002536738757044077,0.004469882556892578,0.9991763448835055,0.18045444786548615,0.005114094769655221,
test/counting_and_probability/119.json|64,test/counting_and_probability/119.json,64,4,12,C,0.00016609193830749729,0.06670158356428146,0.0005330227431841195,0.0003621063369791955,0.006380526157488941,0.6793450015598487,0.3284160792827606,0.009314116589176571,
test/counting_and_probability/119.json|64,test/counting_and_probability/119.json,64,4,13,R,0.00032834268730479177,0.06708596646785736,0.0005013744230382144,0.0005011493340134621,0.007775045644073704,0.9995510540347482,0.22273240983486176,0.007736402753970699,
test/counting_and_probability/119.json|64,test/counting_and_probability/119.json,64,4,13,C,0.00016609193830749729,0.0675463154911995,0.0005285806255415082,0.0003100786416325718,0.0048106929977100536,0.5866250597593972,0.35270142555236816,0.012304357710594323,
test/counting_and_probability/119.json|64,test/counting_and_probability/119.json,64,4,14,R,0.00032834268730479177,0.07566418498754501,0.00047378885210491717,0.0004729177162516862,0.006873864822024566,0.9981613394922189,0.24601097404956818,0.0063899316986051075,
test/counting_and_probability/119.json|64,test/counting_and_probability/119.json,64,4,14,C,0.00016609193830749729,0.07621411979198456,0.0006414008676074445,0.0003810583730228245,0.00553868813843611,0.5941033005617007,0.30333808064460754,0.00781499439101758,
test/counting_and_probability/119.json|64,test/counting_and_probability/119.json,64,4,16,R,0.00032834268730479177,0.06909742951393127,0.00041045999387279153,0.00040970518602989614,0.006388745895669259,0.998161065993461,0.233674556016922,0.006790283721918965,
test/counting_and_probability/119.json|64,test/counting_and_probability/119.json,64,4,16,C,0.00016609193830749729,0.069609634578228,0.000522792455740273,0.00040664669359102845,0.006341053233525788,0.7778358091211967,0.31319817900657654,0.009070513678573457,
test/counting_and_probability/119.json|64,test/counting_and_probability/119.json,64,4,17,R,0.00032834268730479177,0.05462229251861572,0.00026096811052411795,0.0002604292531032115,0.006078548074712791,0.9979351560703744,0.1554134637117386,0.005572493225221703,
test/counting_and_probability/119.json|64,test/counting_and_probability/119.json,64,4,17,C,0.00016609193830749729,0.05491756647825241,0.00055137206800282,0.00044461217476055026,0.010377468915957515,0.8063741341933595,0.3406042754650116,0.012237538271442019,
test/counting_and_probability/119.json|64,test/counting_and_probability/119.json,64,4,18,R,0.00032834268730479177,0.05576030910015106,0.0003883918689098209,0.00038230864447541535,0.004398551667864153,0.9843374027478536,0.18384964764118195,0.004239789209502253,
test/counting_and_probability/119.json|64,test/counting_and_probability/119.json,64,4,18,C,0.00016609193830749729,0.0565078929066658,0.00038284456240944564,0.0003177009348291904,0.0036552246384394752,0.8298431405160499,0.22839410603046417,0.005275231682559702,
test/counting_and_probability/119.json|64,test/counting_and_probability/119.json,64,4,20,R,0.00032834268730479177,0.19635890424251556,0.0012837175745517015,0.0012476949486881495,0.0036457006710779805,0.9719388224095392,0.18677331507205963,0.004027784490311242,
test/counting_and_probability/119.json|64,test/counting_and_probability/119.json,64,4,20,C,0.00016609193830749729,0.20041874051094055,0.0012300624512135983,0.0011629377258941531,0.003398044411554235,0.945429822527589,0.34155893325805664,0.007375751432425937,
test/counting_and_probability/119.json|64,test/counting_and_probability/119.json,64,4,21,R,0.00032834268730479177,0.17575985193252563,0.0009527977090328932,0.0009477951098233461,0.0029285621534396087,0.9947495673458594,0.18385504186153412,0.0035363391914025244,
test/counting_and_probability/119.json|64,test/counting_and_probability/119.json,64,4,21,C,0.00016609193830749729,0.17640139162540436,0.0011765515664592385,0.001023031072691083,0.0031610313771657243,0.8695165609275564,0.3726125955581665,0.007194041476843995,
test/counting_and_probability/119.json|64,test/counting_and_probability/119.json,64,4,22,R,0.00032834268730479177,0.06635284423828125,0.00034815582330338657,0.0003369204932823777,0.003174517036162952,0.9677290160419139,0.11707749962806702,0.0026619367572660205,
test/counting_and_probability/119.json|64,test/counting_and_probability/119.json,64,4,22,C,0.00016609193830749729,0.06740913540124893,0.000565032591111958,0.0005092020728625357,0.0047977807446602004,0.9011906215166438,0.32661715149879456,0.0074382639791992266,
test/counting_and_probability/119.json|64,test/counting_and_probability/119.json,64,4,24,R,0.00032834268730479177,0.16534321010112762,0.0009300271049141884,0.0009244681568816304,0.0019295255442953422,0.9940228096609145,0.1381603330373764,0.0025549227805900026,
test/counting_and_probability/119.json|64,test/counting_and_probability/119.json,64,4,24,C,0.00016609193830749729,0.16711100935935974,0.0014176740078255534,0.0012161943595856428,0.002538408777176392,0.857880127599417,0.29018542170524597,0.005377162874801736,
test/counting_and_probability/119.json|64,test/counting_and_probability/119.json,64,4,25,R,0.00032834268730479177,0.1661105901002884,0.0005232227849774063,0.000520924455486238,0.0014236531373423287,0.9956073577971669,0.11993290483951569,0.0024249194775873644,
test/counting_and_probability/119.json|64,test/counting_and_probability/119.json,64,4,25,C,0.00016609193830749729,0.17179028689861298,0.0009701690869405866,0.0009221946238540113,0.0025202987797233035,0.9505504095287014,0.5303437113761902,0.010767329135887896,
test/counting_and_probability/119.json|64,test/counting_and_probability/119.json,64,4,26,R,0.00032834268730479177,0.33839210867881775,0.00028563899104483426,0.0002853579935617745,0.0019096894575072129,0.9990162460627376,0.16180671751499176,0.003438395503106543,
test/counting_and_probability/119.json|64,test/counting_and_probability/119.json,64,4,26,C,0.00016609193830749729,0.3435642719268799,0.0012751086615025997,0.000998742994852364,0.006683846295042893,0.7832610852883511,0.8111919164657593,0.017650078625858788,
test/counting_and_probability/119.json|64,test/counting_and_probability/119.json,64,4,28,R,0.00032834268730479177,0.2192399501800537,0.002018694533035159,0.001974094193428755,0.004394532157022957,0.9779063449895746,0.14127270877361298,0.002998702121289916,
test/counting_and_probability/119.json|64,test/counting_and_probability/119.json,64,4,28,C,0.00016609193830749729,0.22196482121944427,0.0018397567328065634,0.0016700590495020151,0.0037177193578674435,0.9077608027266552,0.7545232772827148,0.015961051126964432,
test/counting_and_probability/119.json|64,test/counting_and_probability/119.json,64,4,29,R,0.00032834268730479177,0.11806520819664001,0.0006367156165651977,0.0006352154887281358,0.003140370809065935,0.9976439578429089,0.139468714594841,0.0027852434852801786,
test/counting_and_probability/119.json|64,test/counting_and_probability/119.json,64,4,29,C,0.00016609193830749729,0.11928936094045639,0.00093764194753021,0.000887613627128303,0.0043881737360403775,0.9466445358163335,0.38018158078193665,0.007565388273557594,
test/counting_and_probability/119.json|64,test/counting_and_probability/119.json,64,4,30,R,0.00032834268730479177,0.16066305339336395,0.0007970895967446268,0.0007827677181921899,0.0035865598151964407,0.9820322839578377,0.15842342376708984,0.0030416858318424705,
test/counting_and_probability/119.json|64,test/counting_and_probability/119.json,64,4,30,C,0.00016609193830749729,0.16251899302005768,0.0012609567493200302,0.0011193202808499336,0.005128608457311341,0.8876753945492981,0.4106188118457794,0.007923345249151222,
test/counting_and_probability/119.json|64,test/counting_and_probability/119.json,64,5,0,R,0.00032834268730479177,1.710204839706421,0.043648604303598404,0.043642546981573105,0.007547284165735884,0.9998612252757723,0.31923991441726685,0.005651786946670778,
test/counting_and_probability/119.json|64,test/counting_and_probability/119.json,64,5,0,C,0.00016609193830749729,1.8701376914978027,0.00918654352426529,0.0004942900268360972,8.547959619305367e-05,0.05380587654939817,0.03807935491204262,0.0006740339678777506,
test/counting_and_probability/119.json|64,test/counting_and_probability/119.json,64,5,1,R,0.00032834268730479177,0.04774225503206253,0.0005285357474349439,0.0005284788785502315,0.007004357218377491,0.9998924010629728,0.16746829450130463,0.00587781933682476,
test/counting_and_probability/119.json|64,test/counting_and_probability/119.json,64,5,1,C,0.00016609193830749729,0.04836296662688255,0.00027564671472646296,0.00024675988242961466,0.0032705079310706453,0.8952034192726822,0.14292673766613007,0.005021697012280203,
test/counting_and_probability/119.json|64,test/counting_and_probability/119.json,64,5,2,R,0.00032834268730479177,0.046953797340393066,0.00022501038620248437,0.0002249830140499398,0.004228122992393382,0.9998783471603917,0.12000495195388794,0.004555170977529765,
test/counting_and_probability/119.json|64,test/counting_and_probability/119.json,64,5,2,C,0.00016609193830749729,0.04776352271437645,0.00043008296051993966,0.00012631688150577247,0.0023738828163420178,0.2937035242209104,0.18237152695655823,0.00683770321692166,
test/counting_and_probability/119.json|64,test/counting_and_probability/119.json,64,5,4,R,0.00032834268730479177,0.04961773753166199,0.00024197433958761394,0.00024192949058488011,0.005626052570806167,0.9998146497573879,0.14018936455249786,0.004990483233369552,
test/counting_and_probability/119.json|64,test/counting_and_probability/119.json,64,5,4,C,0.00016609193830749729,0.050474751740694046,0.00039875705260783434,0.00012913365208078176,0.0030029936140082802,0.3238404209089699,0.1701282560825348,0.006066771363752843,
test/counting_and_probability/119.json|64,test/counting_and_probability/119.json,64,5,5,R,0.00032834268730479177,0.052754294127225876,0.0003075492277275771,0.0003074573178309947,0.007514897577656215,0.9997011506191622,0.191319540143013,0.008054230959116717,
test/counting_and_probability/119.json|64,test/counting_and_probability/119.json,64,5,5,C,0.00016609193830749729,0.05331262946128845,0.0005973745137453079,0.0002466986479703337,0.006029829067403746,0.41297149757972895,0.3218174874782562,0.013716958527469196,
test/counting_and_probability/119.json|64,test/counting_and_probability/119.json,64,5,6,R,0.00032834268730479177,0.05526414513587952,0.0004938929341733456,0.0004937559715472162,0.00952726255343512,0.9997226855936271,0.21849016845226288,0.007348133474730929,
test/counting_and_probability/119.json|64,test/counting_and_probability/119.json,64,5,6,C,0.00016609193830749729,0.05525881052017212,0.0002460666873957962,0.00016414256242569536,0.0031672108866306046,0.6670653532820885,0.1491302102804184,0.005013966250350974,
test/counting_and_probability/119.json|64,test/counting_and_probability/119.json,64,5,8,R,0.00032834268730479177,0.25271981954574585,0.0004634202632587403,0.0004630885669030249,0.008315199070612107,0.9992842407177728,0.2984267473220825,0.00869197124228894,
test/counting_and_probability/119.json|64,test/counting_and_probability/119.json,64,5,8,C,0.00016609193830749729,0.2530349791049957,0.0013944939710199833,0.0005896392394788563,0.010587537690468923,0.42283383887614734,0.6648750305175781,0.018481228085399565,
test/counting_and_probability/119.json|64,test/counting_and_probability/119.json,64,5,9,R,0.00032834268730479177,0.08162311464548111,0.00035915267653763294,0.00035865220706909895,0.0065157093955613135,0.9986065244676297,0.24617257714271545,0.008506608755056495,
test/counting_and_probability/119.json|64,test/counting_and_probability/119.json,64,5,9,C,0.00016609193830749729,0.08282989263534546,0.0006122529739513993,0.00038687471533194184,0.007028433585263801,0.6318870322559919,0.4030125141143799,0.013943463245510357,
test/counting_and_probability/119.json|64,test/counting_and_probability/119.json,64,5,10,R,0.00032834268730479177,0.07802935689687729,0.0003952184342779219,0.0003947890072595328,0.00691967486329274,0.9989134413274848,0.2779906094074249,0.007719822201666674,
test/counting_and_probability/119.json|64,test/counting_and_probability/119.json,64,5,10,C,0.00016609193830749729,0.07889366149902344,0.0005492134368978441,0.00034998764749616385,0.00613441783410672,0.6372525203239163,0.2909715473651886,0.008109051571370221,
test/counting_and_probability/119.json|64,test/counting_and_probability/119.json,64,5,12,R,0.00032834268730479177,0.06612459570169449,0.00040833931416273117,0.0004070151480846107,0.006301433820637151,0.9967571893546602,0.2585429549217224,0.006723951638893007,
test/counting_and_probability/119.json|64,test/counting_and_probability/119.json,64,5,12,C,0.00016609193830749729,0.0664551705121994,0.0005720011540688574,0.0003960911126341671,0.006132307224810907,0.6924655817984943,0.32934319972991943,0.00857760120009643,
test/counting_and_probability/119.json|64,test/counting_and_probability/119.json,64,5,13,R,0.00032834268730479177,0.06670313328504562,0.0006521169561892748,0.0006514685228466988,0.00940700559660411,0.9990056471689206,0.2747936248779297,0.009315974958416707,
test/counting_and_probability/119.json|64,test/counting_and_probability/119.json,64,5,13,C,0.00016609193830749729,0.06728208065032959,0.000501121103297919,0.00029701623134315014,0.004288823254757246,0.5927034978087302,0.316314697265625,0.010773358951119515,
test/counting_and_probability/119.json|64,test/counting_and_probability/119.json,64,5,14,R,0.00032834268730479177,0.07531092315912247,0.0004976504133082926,0.0004966708947904408,0.007325828057713445,0.9980317116399605,0.2596937119960785,0.007278403125933569,
test/counting_and_probability/119.json|64,test/counting_and_probability/119.json,64,5,14,C,0.00016609193830749729,0.07592365890741348,0.00047800038009881973,0.0003064258489757776,0.004519739540974245,0.6410577503544468,0.30629509687423706,0.008580469615703247,
test/counting_and_probability/119.json|64,test/counting_and_probability/119.json,64,5,16,R,0.00032834268730479177,0.06887299567461014,0.0005190880037844181,0.0005150000215508044,0.008990142728587143,0.9921246817573611,0.3521615266799927,0.0095202406497015,
test/counting_and_probability/119.json|64,test/counting_and_probability/119.json,64,5,16,C,0.00016609193830749729,0.06945938616991043,0.000646437518298626,0.00040282541885972023,0.00703195700719894,0.6231467184899465,0.30634742975234985,0.008227561904789672,
test/counting_and_probability/119.json|64,test/counting_and_probability/119.json,64,5,17,R,0.00032834268730479177,0.05445631220936775,0.0003241386148147285,0.00032301561441272497,0.006240516928991731,0.9965354285259076,0.18549169600009918,0.005811298698329427,
test/counting_and_probability/119.json|64,test/counting_and_probability/119.json,64,5,17,C,0.00016609193830749729,0.054778359830379486,0.0006106140208430588,0.0004881730710621923,0.009431284985341197,0.7994789729667615,0.33172184228897095,0.010424417773257514,
test/counting_and_probability/119.json|64,test/counting_and_probability/119.json,64,5,18,R,0.00032834268730479177,0.05545426532626152,0.00039487535832449794,0.0003921399766113609,0.004795823285242158,0.9930727946210258,0.21259991824626923,0.004882331212809859,
test/counting_and_probability/119.json|64,test/counting_and_probability/119.json,64,5,18,C,0.00016609193830749729,0.05625172704458237,0.0004145790881011635,0.0003241186204832047,0.003963930535025398,0.7818016610194127,0.24155887961387634,0.005554126703858137,
test/counting_and_probability/119.json|64,test/counting_and_probability/119.json,64,5,20,R,0.00032834268730479177,0.19519606232643127,0.0009929679799824953,0.0009860587306320667,0.0032780552218549305,0.9930418195926195,0.18467645347118378,0.0038460393519291845,
test/counting_and_probability/119.json|64,test/counting_and_probability/119.json,64,5,20,C,0.00016609193830749729,0.20017285645008087,0.001235910109244287,0.0011702267220243812,0.0038903035871172393,0.9468542350487585,0.3535131812095642,0.0073746738274169076,
test/counting_and_probability/119.json|64,test/counting_and_probability/119.json,64,5,21,R,0.00032834268730479177,0.17556257545948029,0.0008934115176089108,0.0008880496025085449,0.002825391506540623,0.9939983803782666,0.1814529448747635,0.0033868940812375446,
test/counting_and_probability/119.json|64,test/counting_and_probability/119.json,64,5,21,C,0.00016609193830749729,0.17622309923171997,0.0013898286269977689,0.0012001724680885673,0.0038184320877376965,0.8635398954312618,0.37529584765434265,0.00702524705279705,
test/counting_and_probability/119.json|64,test/counting_and_probability/119.json,64,5,22,R,0.00032834268730479177,0.06615591049194336,0.0002954601077362895,0.0002939618716482073,0.0027894363068906793,0.9949291391839992,0.11368541419506073,0.0025187128825867717,
test/counting_and_probability/119.json|64,test/counting_and_probability/119.json,64,5,22,C,0.00016609193830749729,0.0672651007771492,0.0005801377701573074,0.0005223890766501427,0.004957007004210549,0.9004569304426382,0.33772507309913635,0.007503161367467549,
test/counting_and_probability/119.json|64,test/counting_and_probability/119.json,64,5,24,R,0.00032834268730479177,0.1651352047920227,0.0010778434807434678,0.0010698770638555288,0.0023042020170814686,0.9926089288260547,0.14304161071777344,0.002590688630428919,
test/counting_and_probability/119.json|64,test/counting_and_probability/119.json,64,5,24,C,0.00016609193830749729,0.1669384390115738,0.0016568838618695736,0.001438081031665206,0.0030972055816844988,0.8679431696404956,0.3091716766357422,0.0056173172359826155,
test/counting_and_probability/119.json|64,test/counting_and_probability/119.json,64,5,25,R,0.00032834268730479177,0.16544471681118011,0.0005493371281772852,0.0005446086288429797,0.0015729814376711085,0.9913923525588245,0.11402565985918045,0.0022410339831344245,
test/counting_and_probability/119.json|64,test/counting_and_probability/119.json,64,5,25,C,0.00016609193830749729,0.1713649481534958,0.0010460050543770194,0.000976162264123559,0.002819428558969946,0.9332290117581827,0.5499362945556641,0.010858909101508264,
test/counting_and_probability/119.json|64,test/counting_and_probability/119.json,64,5,26,R,0.00032834268730479177,0.33818525075912476,0.0003359390830155462,0.00033418447128497064,0.0020085035936877617,0.9947769913830736,0.15109625458717346,0.0030688915576468543,
test/counting_and_probability/119.json|64,test/counting_and_probability/119.json,64,5,26,C,0.00016609193830749729,0.3432048559188843,0.0012917922576889396,0.0010646757436916232,0.006398876192823824,0.8241849542992149,0.839573085308075,0.01732906430509147,
test/counting_and_probability/119.json|64,test/counting_and_probability/119.json,64,5,28,R,0.00032834268730479177,0.21875563263893127,0.0019529791316017509,0.0019502346403896809,0.0039947186159352945,0.9985947150349662,0.11718785017728806,0.002246778880486696,
test/counting_and_probability/119.json|64,test/counting_and_probability/119.json,64,5,28,C,0.00016609193830749729,0.2217540740966797,0.0018253398593515158,0.0016394108533859253,0.0033580498056780266,0.898140060925539,0.5936139822006226,0.01137448028705664,
test/counting_and_probability/119.json|64,test/counting_and_probability/119.json,64,5,29,R,0.00032834268730479177,0.1179175153374672,0.0006797437672503293,0.0006778473034501076,0.0031701417650149893,0.9972100298836086,0.14320579171180725,0.0027240868223180853,
test/counting_and_probability/119.json|64,test/counting_and_probability/119.json,64,5,29,C,0.00016609193830749729,0.11920242011547089,0.0008951139752753079,0.0008537221001461148,0.003992669251045728,0.9537579825292972,0.31144481897354126,0.0059046230597824,
test/counting_and_probability/119.json|64,test/counting_and_probability/119.json,64,5,30,R,0.00032834268730479177,0.1603451818227768,0.000758602749556303,0.0007570123416371644,0.003179199929574853,0.9979035023034488,0.1529497504234314,0.002813584858321258,
test/counting_and_probability/119.json|64,test/counting_and_probability/119.json,64,5,30,C,0.00016609193830749729,0.16236016154289246,0.0011972541688010097,0.0010465065715834498,0.00439497936253248,0.8740888927180642,0.3362499177455902,0.006210190067458444,
test/counting_and_probability/119.json|64,test/counting_and_probability/119.json,64,6,0,R,0.00032834268730479177,1.6312381029129028,0.03164578229188919,0.031641554087400436,0.006319462403343283,0.999866389604478,0.27712565660476685,0.005009271775604729,
test/counting_and_probability/119.json|64,test/counting_and_probability/119.json,64,6,0,C,0.00016609193830749729,1.8525844812393188,0.010529687628149986,0.00045998996938578784,9.186935981143947e-05,0.04368505368690797,0.07264216989278793,0.0013125104575134657,
test/counting_and_probability/119.json|64,test/counting_and_probability/119.json,64,6,1,R,0.00032834268730479177,0.047436024993658066,0.0006135349976830184,0.0006134719587862492,0.007379462705617618,0.9998972513435996,0.15822669863700867,0.005559133824651117,
test/counting_and_probability/119.json|64,test/counting_and_probability/119.json,64,6,1,C,0.00016609193830749729,0.04819812253117561,0.00033277584589086473,0.00022134008759167045,0.0026625029852586648,0.6651326701131044,0.11468721181154251,0.004029147375877378,
test/counting_and_probability/119.json|64,test/counting_and_probability/119.json,64,6,2,R,0.00032834268730479177,0.04647132754325867,0.0002570146170910448,0.00025640317471697927,0.004144518462533307,0.9976209782205894,0.12702399492263794,0.0043741794232994066,
test/counting_and_probability/119.json|64,test/counting_and_probability/119.json,64,6,2,C,0.00016609193830749729,0.04738864675164223,0.00036990951048210263,0.0001308789214817807,0.0021155358432532185,0.35381334466743775,0.1760466992855072,0.0059971806573777195,
test/counting_and_probability/119.json|64,test/counting_and_probability/119.json,64,6,4,R,0.00032834268730479177,0.049223870038986206,0.0002731458516791463,0.0002729508269112557,0.00681809279473885,0.9992860013579644,0.16631938517093658,0.00605905929994098,
test/counting_and_probability/119.json|64,test/counting_and_probability/119.json,64,6,4,C,0.00016609193830749729,0.050169989466667175,0.00030276214238256216,0.0001387439260724932,0.0034657120235660893,0.45826048303925526,0.151087686419487,0.005504723651024072,
test/counting_and_probability/119.json|64,test/counting_and_probability/119.json,64,6,5,R,0.00032834268730479177,0.05241633579134941,0.00027750994195230305,0.00027736613992601633,0.006324869263356503,0.9994818094632687,0.16867509484291077,0.007005813171587488,
test/counting_and_probability/119.json|64,test/counting_and_probability/119.json,64,6,5,C,0.00016609193830749729,0.05301142856478691,0.00042548388591967523,0.00019339034042786807,0.004409942108753927,0.4545185995830135,0.20101460814476013,0.008392425249049984,
test/counting_and_probability/119.json|64,test/counting_and_probability/119.json,64,6,6,R,0.00032834268730479177,0.05489655211567879,0.0004321813757997006,0.00043187933624722064,0.007713996097242499,0.9993011254794999,0.18678462505340576,0.006143909516158733,
test/counting_and_probability/119.json|64,test/counting_and_probability/119.json,64,6,6,C,0.00016609193830749729,0.054897379130125046,0.00023922040418256074,0.00017666055646259338,0.0031554157115520095,0.7384844797323,0.14724113047122955,0.004842509074418826,
test/counting_and_probability/119.json|64,test/counting_and_probability/119.json,64,6,8,R,0.00032834268730479177,0.25208282470703125,0.00043756631202995777,0.00043729975004680455,0.006272717537205909,0.9993908055185798,0.24314188957214355,0.007121335588082242,
test/counting_and_probability/119.json|64,test/counting_and_probability/119.json,64,6,8,C,0.00016609193830749729,0.25283539295196533,0.0014895685017108917,0.0005346933612599969,0.007669751523626935,0.35895855765404483,0.5626809597015381,0.015731147459748247,
test/counting_and_probability/119.json|64,test/counting_and_probability/119.json,64,6,9,R,0.00032834268730479177,0.08081240952014923,0.0003068244841415435,0.00030625882209278643,0.005861202487743461,0.998156395346036,0.19811449944972992,0.007214636097496774,
test/counting_and_probability/119.json|64,test/counting_and_probability/119.json,64,6,9,C,0.00016609193830749729,0.08238884806632996,0.0006403063307516277,0.0003333261702209711,0.0063792192655180106,0.5205729721727428,0.4021480679512024,0.014648740109665503,
test/counting_and_probability/119.json|64,test/counting_and_probability/119.json,64,6,10,R,0.00032834268730479177,0.07749591767787933,0.00032564697903580964,0.00032408832339569926,0.006429603403268123,0.9952136616162109,0.22347994148731232,0.006788412060964652,
test/counting_and_probability/119.json|64,test/counting_and_probability/119.json,64,6,10,C,0.00016609193830749729,0.07846727222204208,0.0006646778783760965,0.00037285880534909666,0.007397163275407446,0.5609616581479778,0.33743467926979065,0.010295242565158335,
test/counting_and_probability/119.json|64,test/counting_and_probability/119.json,64,6,12,R,0.00032834268730479177,0.06575081497430801,0.0002680521283764392,0.00026769464602693915,0.004632937631653976,0.9986663663134046,0.190524160861969,0.005224028320664758,
test/counting_and_probability/119.json|64,test/counting_and_probability/119.json,64,6,12,C,0.00016609193830749729,0.0661260187625885,0.0004688118351623416,0.00034272714401595294,0.005931510048732952,0.7310548019040892,0.2847276031970978,0.007814240558296362,
test/counting_and_probability/119.json|64,test/counting_and_probability/119.json,64,6,13,R,0.00032834268730479177,0.06592380255460739,0.00048649462405592203,0.00048617468564771116,0.007789575432979307,0.999342357773893,0.22587722539901733,0.007591969172657959,
test/counting_and_probability/119.json|64,test/counting_and_probability/119.json,64,6,13,C,0.00016609193830749729,0.06660971790552139,0.0005172293167561293,0.00030436841188929975,0.004876643671130593,0.5884593186049979,0.3503408133983612,0.01186611222769117,
test/counting_and_probability/119.json|64,test/counting_and_probability/119.json,64,6,14,R,0.00032834268730479177,0.07461734116077423,0.00045441562542691827,0.0004539188230410218,0.0064402111520829915,0.9989067202864417,0.22057890892028809,0.0056658666606622075,
test/counting_and_probability/119.json|64,test/counting_and_probability/119.json,64,6,14,C,0.00016609193830749729,0.07529021799564362,0.0006163485813885927,0.00034297516685910523,0.004866139896326609,0.5564629767297294,0.29788368940353394,0.007605649854196388,
test/counting_and_probability/119.json|64,test/counting_and_probability/119.json,64,6,16,R,0.00032834268730479177,0.06855648010969162,0.00043157298932783306,0.00043105604709126055,0.0061036558174190495,0.9988021881624709,0.23399782180786133,0.006241175762039337,
test/counting_and_probability/119.json|64,test/counting_and_probability/119.json,64,6,16,C,0.00016609193830749729,0.06923357397317886,0.0004974316107109189,0.00037175495526753366,0.005263965812994727,0.7473488747304988,0.26999643445014954,0.007184709665299027,
test/counting_and_probability/119.json|64,test/counting_and_probability/119.json,64,6,17,R,0.00032834268730479177,0.05407791584730148,0.000296184589387849,0.00029593968065455556,0.0057894610239826085,0.9991731179094338,0.1515262871980667,0.005102694610350383,
test/counting_and_probability/119.json|64,test/counting_and_probability/119.json,64,6,17,C,0.00016609193830749729,0.054444320499897,0.0005355768371373415,0.00045020869583822787,0.00880742214578496,0.8406052386507011,0.33502939343452454,0.011290209210947835,
test/counting_and_probability/119.json|64,test/counting_and_probability/119.json,64,6,18,R,0.00032834268730479177,0.055126916617155075,0.0003885834594257176,0.0003859688004013151,0.004103207104277249,0.9932713038750081,0.1776340901851654,0.003963571021959688,
test/counting_and_probability/119.json|64,test/counting_and_probability/119.json,64,6,18,C,0.00016609193830749729,0.05596756190061569,0.0004957424243912101,0.00037347761099226773,0.003970414150362881,0.7533702823548775,0.21551668643951416,0.004816558778671881,
test/counting_and_probability/119.json|64,test/counting_and_probability/119.json,64,6,20,R,0.00032834268730479177,0.19436012208461761,0.0011963197030127048,0.001188805908896029,0.0032805721536789453,0.9937192415276008,0.1820097267627716,0.0038235478136131413,
test/counting_and_probability/119.json|64,test/counting_and_probability/119.json,64,6,20,C,0.00016609193830749729,0.19972245395183563,0.0012624803930521011,0.0011886708671227098,0.003280199498834433,0.9415361004597547,0.29947561025619507,0.006300915082939448,
test/counting_and_probability/119.json|64,test/counting_and_probability/119.json,64,6,21,R,0.00032834268730479177,0.17530344426631927,0.0009109277743846178,0.0009071078966371715,0.0024939845470243606,0.995806606351603,0.18571265041828156,0.0035710524045691043,
test/counting_and_probability/119.json|64,test/counting_and_probability/119.json,64,6,21,C,0.00016609193830749729,0.17605862021446228,0.0012546906946226954,0.001055152271874249,0.0029010148302838494,0.8409660449028701,0.40329837799072266,0.0077973621346502375,
test/counting_and_probability/119.json|64,test/counting_and_probability/119.json,64,6,22,R,0.00032834268730479177,0.06569971144199371,0.0003650476865004748,0.00036035431548953056,0.0033949923902504313,0.9871431263047293,0.12222620844841003,0.002805857742620074,
test/counting_and_probability/119.json|64,test/counting_and_probability/119.json,64,6,22,C,0.00016609193830749729,0.06686943769454956,0.0006196973263286054,0.0005612761015072465,0.005287929161769376,0.9057261936674772,0.34278255701065063,0.007885448397366839,
test/counting_and_probability/119.json|64,test/counting_and_probability/119.json,64,6,24,R,0.00032834268730479177,0.16469942033290863,0.0008592905942350626,0.0008572490187361836,0.0019896556806485123,0.9976241139956612,0.13117137551307678,0.0024219170532224694,
test/counting_and_probability/119.json|64,test/counting_and_probability/119.json,64,6,24,C,0.00016609193830749729,0.16657580435276031,0.0014111523050814867,0.0012542684562504292,0.002911128860451819,0.8888257141663926,0.29308125376701355,0.0054228783140689435,
test/counting_and_probability/119.json|64,test/counting_and_probability/119.json,64,6,25,R,0.00032834268730479177,0.16451025009155273,0.0005209302180446684,0.0005197012214921415,0.0014613247710715262,0.9976407635656446,0.11617336422204971,0.0023417826576049607,
test/counting_and_probability/119.json|64,test/counting_and_probability/119.json,64,6,25,C,0.00016609193830749729,0.1706797331571579,0.0009153442224487662,0.0008310006815008819,0.002336653889648249,0.9078559302749506,0.5086851716041565,0.010296320837590614,
test/counting_and_probability/119.json|64,test/counting_and_probability/119.json,64,6,26,R,0.00032834268730479177,0.3376257121562958,0.0003662960953079164,0.0003654863394331187,0.0021984741015432254,0.9977893379619394,0.1688692718744278,0.0034466644485564887,
test/counting_and_probability/119.json|64,test/counting_and_probability/119.json,64,6,26,C,0.00016609193830749729,0.34268659353256226,0.0010170339373871684,0.0008954163058660924,0.005386109810832865,0.8804192977926188,0.4894997179508209,0.0099261864851789,
test/counting_and_probability/119.json|64,test/counting_and_probability/119.json,64,6,28,R,0.00032834268730479177,0.21829769015312195,0.0015214750310406089,0.0015169272664934397,0.0031811998117511906,0.9970109496039052,0.11582190543413162,0.0023386488017992048,
test/counting_and_probability/119.json|64,test/counting_and_probability/119.json,64,6,28,C,0.00016609193830749729,0.22146427631378174,0.0019626144785434008,0.0017518805107101798,0.0036739282587784547,0.8926258972254969,0.6684421896934509,0.013454383924270973,
test/counting_and_probability/119.json|64,test/counting_and_probability/119.json,64,6,29,R,0.00032834268730479177,0.11771044135093689,0.0005834298790432513,0.0005828239372931421,0.003097998741680156,0.9989614128949579,0.14749868214130402,0.0029273611739954204,
test/counting_and_probability/119.json|64,test/counting_and_probability/119.json,64,6,29,C,0.00016609193830749729,0.11906204372644424,0.0008894369821064174,0.0008225400233641267,0.0043722088169517856,0.9247872968935374,0.2930200397968292,0.0058122056131579836,
test/counting_and_probability/119.json|64,test/counting_and_probability/119.json,64,6,30,R,0.00032834268730479177,0.16002322733402252,0.0007977792993187904,0.0007954150205478072,0.0034446564301915104,0.9970364237702852,0.14924851059913635,0.0027912308308881816,
test/counting_and_probability/119.json|64,test/counting_and_probability/119.json,64,6,30,C,0.00016609193830749729,0.1621256023645401,0.0011928327148780227,0.0010490419808775187,0.004543023593496994,0.8794544003643778,0.34734591841697693,0.006520115520786814,
test/counting_and_probability/119.json|64,test/counting_and_probability/119.json,64,7,0,R,0.00032834268730479177,1.596741795539856,0.029768988490104675,0.02976549044251442,0.0057287884333592,0.999882493535469,0.25774991512298584,0.004552384714704245,
test/counting_and_probability/119.json|64,test/counting_and_probability/119.json,64,7,0,C,0.00016609193830749729,1.8395686149597168,0.021446214988827705,0.0006238820496946573,0.00012007489938638027,0.0290905434824082,0.07476767152547836,0.0013258345598278717,
test/counting_and_probability/119.json|64,test/counting_and_probability/119.json,64,7,1,R,0.00032834268730479177,0.04713549464941025,0.0006269653094932437,0.0006268826546147466,0.007072197285430873,0.9998681651486713,0.15618948638439178,0.0053655039762532985,
test/counting_and_probability/119.json|64,test/counting_and_probability/119.json,64,7,1,C,0.00016609193830749729,0.04802604764699936,0.0003107741067651659,0.00011983329022768885,0.0013519032048722682,0.3855961202477008,0.11503113061189651,0.003957253421877207,
test/counting_and_probability/119.json|64,test/counting_and_probability/119.json,64,7,2,R,0.00032834268730479177,0.045987144112586975,0.00023094803327694535,0.00023091401089914143,0.003836741639980847,0.9998526795090054,0.1189100593328476,0.003966469875783004,
test/counting_and_probability/119.json|64,test/counting_and_probability/119.json,64,7,2,C,0.00016609193830749729,0.04699459671974182,0.000306635454762727,0.00011662777978926897,0.0019378237697817782,0.380346687238657,0.13786949217319489,0.004567607130213678,
test/counting_and_probability/119.json|64,test/counting_and_probability/119.json,64,7,4,R,0.00032834268730479177,0.04901063069701195,0.00024193694116547704,0.00024153677804861218,0.00488048844112449,0.9983459982866479,0.11963708698749542,0.004193787773203627,
test/counting_and_probability/119.json|64,test/counting_and_probability/119.json,64,7,4,C,0.00016609193830749729,0.049979597330093384,0.0002717769530136138,0.00013255584053695202,0.0026784212854488415,0.48773760460319254,0.13880184292793274,0.004861209345327153,
test/counting_and_probability/119.json|64,test/counting_and_probability/119.json,64,7,5,R,0.00032834268730479177,0.0521242655813694,0.0003145390364807099,0.00031442451290786266,0.006604403173316803,0.9996358971091013,0.17145495116710663,0.006943924758403775,
test/counting_and_probability/119.json|64,test/counting_and_probability/119.json,64,7,5,C,0.00016609193830749729,0.052774712443351746,0.00038023307570256293,0.0001645452866796404,0.003456229934018497,0.43274848181699843,0.1504846066236496,0.006107278520118558,
test/counting_and_probability/119.json|64,test/counting_and_probability/119.json,64,7,6,R,0.00032834268730479177,0.05444983020424843,0.00039019386167638004,0.00038989982567727566,0.007316553373586249,0.999246433562313,0.1783209890127182,0.005778555945426372,
test/counting_and_probability/119.json|64,test/counting_and_probability/119.json,64,7,6,C,0.00016609193830749729,0.05445890501141548,0.00027436192613095045,0.00016018530004657805,0.0030059113143199936,0.58384667917179,0.14562630653381348,0.004713951052911075,
test/counting_and_probability/119.json|64,test/counting_and_probability/119.json,64,7,8,R,0.00032834268730479177,0.25161951780319214,0.0005067737656645477,0.0005066093290224671,0.00640064442550147,0.9996755206111736,0.2615974247455597,0.007727004358209635,
test/counting_and_probability/119.json|64,test/counting_and_probability/119.json,64,7,8,C,0.00016609193830749729,0.25243353843688965,0.0016818632138893008,0.0005740904016420245,0.007253219233238725,0.34134190971042244,0.4431263208389282,0.01263300554501953,
test/counting_and_probability/119.json|64,test/counting_and_probability/119.json,64,7,9,R,0.00032834268730479177,0.07997096329927444,0.0002924650616478175,0.00029220039141364396,0.005578445233806876,0.9990950329869238,0.1837528496980667,0.006381969404860861,
test/counting_and_probability/119.json|64,test/counting_and_probability/119.json,64,7,9,C,0.00016609193830749729,0.08180475234985352,0.0005052482010796666,0.0003345299628563225,0.0063865659721847505,0.6621101499804535,0.3743504285812378,0.012998031731895957,
test/counting_and_probability/119.json|64,test/counting_and_probability/119.json,64,7,10,R,0.00032834268730479177,0.0767602026462555,0.0003338816459290683,0.00033343411632813513,0.0061529709249796005,0.9986596130543579,0.21620991826057434,0.006304850787676876,
test/counting_and_probability/119.json|64,test/counting_and_probability/119.json,64,7,10,C,0.00016609193830749729,0.07780783623456955,0.0005878162337467074,0.0003303498378954828,0.0060960557066760965,0.5619950902476043,0.31434544920921326,0.00920460219181467,
test/counting_and_probability/119.json|64,test/counting_and_probability/119.json,64,7,12,R,0.00032834268730479177,0.06529108434915543,0.00028603911050595343,0.00028345282771624625,0.004592827726396819,0.990958286172507,0.18717889487743378,0.005034432522474023,
test/counting_and_probability/119.json|64,test/counting_and_probability/119.json,64,7,12,C,0.00016609193830749729,0.06570912152528763,0.0004375245771370828,0.0003008816856890917,0.004875230067491999,0.6876909337761159,0.25828585028648376,0.00695319956521997,
test/counting_and_probability/119.json|64,test/counting_and_probability/119.json,64,7,13,R,0.00032834268730479177,0.0651823952794075,0.00048137400881387293,0.0004811073886230588,0.007160272370304019,0.9994461246652738,0.20890629291534424,0.0069985411551539084,
test/counting_and_probability/119.json|64,test/counting_and_probability/119.json,64,7,13,C,0.00016609193830749729,0.06594181805849075,0.0004565166891552508,0.00028700579423457384,0.00427147806741558,0.6286863118563525,0.2979608476161957,0.010019812232845107,
test/counting_and_probability/119.json|64,test/counting_and_probability/119.json,64,7,14,R,0.00032834268730479177,0.07407759130001068,0.0004890746786259115,0.0004883597721345723,0.006231943315858272,0.9985382447280117,0.23686861991882324,0.005895720701418456,
test/counting_and_probability/119.json|64,test/counting_and_probability/119.json,64,7,14,C,0.00016609193830749729,0.07473861426115036,0.0006687364657409489,0.00035774422576650977,0.0045651625374625426,0.5349554623661499,0.2956124246120453,0.007312377393124169,
test/counting_and_probability/119.json|64,test/counting_and_probability/119.json,64,7,16,R,0.00032834268730479177,0.06826189160346985,0.0004265479219611734,0.00042556904372759163,0.005878445602650559,0.997705113116514,0.2331041395664215,0.0061185826506673716,
test/counting_and_probability/119.json|64,test/counting_and_probability/119.json,64,7,16,C,0.00016609193830749729,0.06900371611118317,0.0005749784759245813,0.0003762776905205101,0.005197577144806763,0.6544204794119026,0.26737675070762634,0.00698627904823864,
test/counting_and_probability/119.json|64,test/counting_and_probability/119.json,64,7,17,R,0.00032834268730479177,0.053868092596530914,0.0003341564442962408,0.000333505857270211,0.0060279316147454414,0.9980530436111952,0.1557905524969101,0.0050212770905441574,
test/counting_and_probability/119.json|64,test/counting_and_probability/119.json,64,7,17,C,0.00016609193830749729,0.05426753684878349,0.0005702310591004789,0.0004920944338664412,0.00889433133086006,0.8629737457298987,0.33684292435646057,0.010867787248840891,
test/counting_and_probability/119.json|64,test/counting_and_probability/119.json,64,7,18,R,0.00032834268730479177,0.05476882681250572,0.0003938162117265165,0.0003908794024027884,0.003936692393948761,0.9925426881148555,0.1795344054698944,0.003901887667343555,
test/counting_and_probability/119.json|64,test/counting_and_probability/119.json,64,7,18,C,0.00016609193830749729,0.05567745864391327,0.0005004043341614306,0.00039914401713758707,0.004019928414484507,0.7976430040495615,0.22628183662891388,0.004922284292493779,
test/counting_and_probability/119.json|64,test/counting_and_probability/119.json,64,7,20,R,0.00032834268730479177,0.1938660442829132,0.0011928502935916185,0.0011891248868778348,0.0032009321721537163,0.9968768857830067,0.17857922613620758,0.0037255805142850634,
test/counting_and_probability/119.json|64,test/counting_and_probability/119.json,64,7,20,C,0.00016609193830749729,0.19954365491867065,0.0012411086354404688,0.0011592208174988627,0.0031204352463810223,0.9340204261437883,0.30515754222869873,0.006371325083821685,
test/counting_and_probability/119.json|64,test/counting_and_probability/119.json,64,7,21,R,0.00032834268730479177,0.17509526014328003,0.0009521901374682784,0.0009438665001653135,0.002786452639732739,0.9912584283677265,0.21651722490787506,0.004232159154551206,
test/counting_and_probability/119.json|64,test/counting_and_probability/119.json,64,7,21,C,0.00016609193830749729,0.17590627074241638,0.0012371621560305357,0.0010867047822102904,0.003208135269627333,0.8783850815632961,0.4377884566783905,0.00862479607393108,
test/counting_and_probability/119.json|64,test/counting_and_probability/119.json,64,7,22,R,0.00032834268730479177,0.06525341421365738,0.000308962567942217,0.0003082827606704086,0.0028845202119475756,0.9977997066954233,0.1222301498055458,0.0029389095265506854,
test/counting_and_probability/119.json|64,test/counting_and_probability/119.json,64,7,22,C,0.00016609193830749729,0.06644099205732346,0.0005392525345087051,0.0004913150914944708,0.004597105296347855,0.9111039061336774,0.34443238377571106,0.008299765847060853,
test/counting_and_probability/119.json|64,test/counting_and_probability/119.json,64,7,24,R,0.00032834268730479177,0.1642613261938095,0.0008943220600485802,0.0008926982991397381,0.0021548621377365587,0.9981843655886804,0.1410829722881317,0.002680563663535321,
test/counting_and_probability/119.json|64,test/counting_and_probability/119.json,64,7,24,C,0.00016609193830749729,0.16621698439121246,0.0013494056183844805,0.0012158299796283245,0.002934861634161102,0.9010114988130216,0.32152366638183594,0.0061206256502590595,
test/counting_and_probability/119.json|64,test/counting_and_probability/119.json,64,7,25,R,0.00032834268730479177,0.16386331617832184,0.0006981809856370091,0.0006085744244046509,0.0017402066053679554,0.8716571147776823,0.11443570256233215,0.0024108325824622103,
test/counting_and_probability/119.json|64,test/counting_and_probability/119.json,64,7,25,C,0.00016609193830749729,0.17006149888038635,0.0011430711019784212,0.0010454906150698662,0.0029895598652122444,0.91463305506167,0.5285993814468384,0.011178709880457044,
test/counting_and_probability/119.json|64,test/counting_and_probability/119.json,64,7,26,R,0.00032834268730479177,0.33709079027175903,0.0003464377368800342,0.0003446254413574934,0.0025154702212926467,0.9947687670124195,0.1689658910036087,0.0036156875604851347,
test/counting_and_probability/119.json|64,test/counting_and_probability/119.json,64,7,26,C,0.00016609193830749729,0.34232595562934875,0.0009163332870230079,0.0008360183564946055,0.006102217154753522,0.9123518346674035,0.4759095013141632,0.010136483567818119,
test/counting_and_probability/119.json|64,test/counting_and_probability/119.json,64,7,28,R,0.00032834268730479177,0.21791885793209076,0.0015073169488459826,0.00146847206633538,0.0031583645295800962,0.9742291204815473,0.12668780982494354,0.0026586831202632935,
test/counting_and_probability/119.json|64,test/counting_and_probability/119.json,64,7,28,C,0.00016609193830749729,0.22120316326618195,0.0019193111220374703,0.0017423187382519245,0.0037473492538746323,0.9077833798485778,0.6937468647956848,0.014527052665999676,
test/counting_and_probability/119.json|64,test/counting_and_probability/119.json,64,7,29,R,0.00032834268730479177,0.1175171434879303,0.0005154482205398381,0.0005142975714989007,0.0029671797083683413,0.9977676709456869,0.13761764764785767,0.0027742282461386877,
test/counting_and_probability/119.json|64,test/counting_and_probability/119.json,64,7,29,C,0.00016609193830749729,0.11892983317375183,0.0008198323776014149,0.0007814948330633342,0.004508743068924226,0.9532373366327855,0.3117917478084564,0.006280289191580772,
test/counting_and_probability/119.json|64,test/counting_and_probability/119.json,64,7,30,R,0.00032834268730479177,0.1598311811685562,0.0007720486028119922,0.0007692455546930432,0.003441752400394972,0.9963693359393322,0.1569834053516388,0.0029446650654019833,
test/counting_and_probability/119.json|64,test/counting_and_probability/119.json,64,7,30,C,0.00016609193830749729,0.16198018193244934,0.0012147447559982538,0.001057868474163115,0.004733106792805487,0.8708565878293687,0.3725474178791046,0.007017963958945165,
test/counting_and_probability/119.json|64,test/counting_and_probability/119.json,64,8,0,R,0.00032834268730479177,1.5777723789215088,0.03138424828648567,0.031380366533994675,0.005229741475287639,0.9998763152312766,0.23923246562480927,0.004232916167342091,
test/counting_and_probability/119.json|64,test/counting_and_probability/119.json,64,8,0,C,0.00016609193830749729,1.834433913230896,0.021070877090096474,0.0007202543783932924,0.0001200350605006594,0.03418245834188065,0.03348899632692337,0.0005922001429477976,
test/counting_and_probability/119.json|64,test/counting_and_probability/119.json,64,8,1,R,0.00032834268730479177,0.04701915383338928,0.0004638850223273039,0.00046384677989408374,0.00606036479480241,0.9999175583791305,0.15123142302036285,0.005374173522744149,
test/counting_and_probability/119.json|64,test/counting_and_probability/119.json,64,8,1,C,0.00016609193830749729,0.04792971536517143,0.00023862307716626674,0.00016160491213668138,0.002111440162210281,0.6772392401378672,0.12927062809467316,0.0045913738143511336,
test/counting_and_probability/119.json|64,test/counting_and_probability/119.json,64,8,2,R,0.00032834268730479177,0.045544352382421494,0.0002234847634099424,0.00022340459690894932,0.0037416465233902443,0.9996412842673874,0.10294245183467865,0.003689685413017215,
test/counting_and_probability/119.json|64,test/counting_and_probability/119.json,64,8,2,C,0.00016609193830749729,0.046609655022621155,0.00046691307215951383,0.00012885777687188238,0.0021581483081163965,0.27597808731275353,0.20312486588954926,0.007148782411648526,
test/counting_and_probability/119.json|64,test/counting_and_probability/119.json,64,8,4,R,0.00032834268730479177,0.04877334460616112,0.00022207155416253954,0.0002220338210463524,0.004614929866257002,0.9998300812719597,0.10537376999855042,0.004136693222219248,
test/counting_and_probability/119.json|64,test/counting_and_probability/119.json,64,8,4,C,0.00016609193830749729,0.04979649931192398,0.0004382444894872606,0.00014768772234674543,0.0030696606378502176,0.336998469011075,0.1869458705186844,0.007359013505707807,
test/counting_and_probability/119.json|64,test/counting_and_probability/119.json,64,8,5,R,0.00032834268730479177,0.05181149020791054,0.00032197791733779013,0.00032186321914196014,0.006896395111940057,0.9996437668880459,0.17913812398910522,0.006824535652339159,
test/counting_and_probability/119.json|64,test/counting_and_probability/119.json,64,8,5,C,0.00016609193830749729,0.05252252146601677,0.00036824209382757545,0.00014191218360792845,0.0030406782482555192,0.3853774068778774,0.16397911310195923,0.006258880463577629,
test/counting_and_probability/119.json|64,test/counting_and_probability/119.json,64,8,6,R,0.00032834268730479177,0.054072778671979904,0.0004247718898113817,0.000424189813202247,0.008109066582660874,0.9986296701318376,0.1884317249059677,0.006005533050241156,
test/counting_and_probability/119.json|64,test/counting_and_probability/119.json,64,8,6,C,0.00016609193830749729,0.05409955978393555,0.000312599673634395,0.00014711954281665385,0.0028124253133397824,0.4706324246457371,0.15804721415042877,0.005017322465828654,
test/counting_and_probability/119.json|64,test/counting_and_probability/119.json,64,8,8,R,0.00032834268730479177,0.25119832158088684,0.00048006081487983465,0.0004797847359441221,0.005889869611610699,0.9994249063314893,0.23714081943035126,0.007199368787054805,
test/counting_and_probability/119.json|64,test/counting_and_probability/119.json,64,8,8,C,0.00016609193830749729,0.2522353529930115,0.0016645760042592883,0.0005816628690809011,0.007140532409936631,0.34943605293066593,0.5355016589164734,0.01557979951519352,
test/counting_and_probability/119.json|64,test/counting_and_probability/119.json,64,8,9,R,0.00032834268730479177,0.07917524874210358,0.00028566658147610724,0.0002852999314200133,0.005281304370852538,0.99871650700997,0.18105268478393555,0.006519987664182556,
test/counting_and_probability/119.json|64,test/counting_and_probability/119.json,64,8,9,C,0.00016609193830749729,0.08112163096666336,0.000518819666467607,0.0003627779660746455,0.006715532136102781,0.699237112281014,0.3930538296699524,0.01415182477885112,
test/counting_and_probability/119.json|64,test/counting_and_probability/119.json,64,8,10,R,0.00032834268730479177,0.07597590982913971,0.00033622124465182424,0.00033476640237495303,0.00675594828169479,0.9956729585185768,0.21578791737556458,0.006741459875076271,
test/counting_and_probability/119.json|64,test/counting_and_probability/119.json,64,8,10,C,0.00016609193830749729,0.07706186175346375,0.0005671692197211087,0.0003360132686793804,0.00678111139306779,0.5924391811180575,0.34404242038726807,0.010776592915845882,
test/counting_and_probability/119.json|64,test/counting_and_probability/119.json,64,8,12,R,0.00032834268730479177,0.06495321542024612,0.00022949276899453253,0.00022913014981895685,0.004245095960801124,0.9984199058838137,0.1686956137418747,0.004933176872413176,
test/counting_and_probability/119.json|64,test/counting_and_probability/119.json,64,8,12,C,0.00016609193830749729,0.06539519131183624,0.00046940098400227726,0.00032797420863062143,0.006076380561025615,0.6987079684739697,0.3043040633201599,0.008902359051302216,
test/counting_and_probability/119.json|64,test/counting_and_probability/119.json,64,8,13,R,0.00032834268730479177,0.06465340405702591,0.0005761411157436669,0.0005759196355938911,0.00859087046502297,0.9996155782961168,0.23235714435577393,0.007935532922482145,
test/counting_and_probability/119.json|64,test/counting_and_probability/119.json,64,8,13,C,0.00016609193830749729,0.06546299904584885,0.00041878953925333917,0.0002876055077649653,0.00429015006527446,0.6867542766015206,0.28527557849884033,0.009756078219212618,
test/counting_and_probability/119.json|64,test/counting_and_probability/119.json,64,8,14,R,0.00032834268730479177,0.073724664747715,0.00043095267028547823,0.0004303225432522595,0.005481574250804938,0.9985378254383732,0.22833168506622314,0.005800517425407257,
test/counting_and_probability/119.json|64,test/counting_and_probability/119.json,64,8,14,C,0.00016609193830749729,0.07418458163738251,0.0006525118951685727,0.0003531476540956646,0.0044984979703658595,0.5412125911715654,0.310465008020401,0.007820828932414972,
test/counting_and_probability/119.json|64,test/counting_and_probability/119.json,64,8,16,R,0.00032834268730479177,0.06805114448070526,0.0003889369545504451,0.00038849154952913523,0.00569666138516484,0.998854811776167,0.22493045032024384,0.006039282483425295,
test/counting_and_probability/119.json|64,test/counting_and_probability/119.json,64,8,16,C,0.00016609193830749729,0.06879740208387375,0.00048330245772376657,0.000378499913495034,0.005550148630282336,0.7831532959598848,0.3009459376335144,0.008057087382321965,
test/counting_and_probability/119.json|64,test/counting_and_probability/119.json,64,8,17,R,0.00032834268730479177,0.05364990234375,0.0002706186205614358,0.0002692511770874262,0.004996655890437974,0.9949469682976003,0.14803215861320496,0.00455177027270146,
test/counting_and_probability/119.json|64,test/counting_and_probability/119.json,64,8,17,C,0.00016609193830749729,0.05405817925930023,0.0005246067885309458,0.000431386346463114,0.008005495658091572,0.8223041620349962,0.3189263641834259,0.009828593639512238,
test/counting_and_probability/119.json|64,test/counting_and_probability/119.json,64,8,18,R,0.00032834268730479177,0.05448925867676735,0.00034932626294903457,0.0003480137384030968,0.003730198839432125,0.9962426943479713,0.17024485766887665,0.00381578329985789,
test/counting_and_probability/119.json|64,test/counting_and_probability/119.json,64,8,18,C,0.00016609193830749729,0.05543879047036171,0.00040663726394996047,0.0003474327677395195,0.0037239716826969788,0.8544046443512094,0.24595795571804047,0.0055232276176830734,
test/counting_and_probability/119.json|64,test/counting_and_probability/119.json,64,8,20,R,0.00032834268730479177,0.1934826821088791,0.001145592425018549,0.0011397255584597588,0.0032447587763936177,0.9948787479512411,0.16777284443378448,0.003551349525014911,
test/counting_and_probability/119.json|64,test/counting_and_probability/119.json,64,8,20,C,0.00016609193830749729,0.19927625358104706,0.001251974725164473,0.0011881195241585374,0.003382534703027931,0.9489964128896106,0.31683140993118286,0.006717125016867854,
test/counting_and_probability/119.json|64,test/counting_and_probability/119.json,64,8,21,R,0.00032834268730479177,0.1747446060180664,0.0010561535600572824,0.001044658711180091,0.0030278756962148585,0.9891163081761667,0.18865497410297394,0.0035131926174344717,
test/counting_and_probability/119.json|64,test/counting_and_probability/119.json,64,8,21,C,0.00016609193830749729,0.17567750811576843,0.001167668611742556,0.0010211202315986156,0.0029596509358334635,0.8744948870384247,0.3470005691051483,0.006487385452986132,
test/counting_and_probability/119.json|64,test/counting_and_probability/119.json,64,8,22,R,0.00032834268730479177,0.06444371491670609,0.00029920967062935233,0.0002969200722873211,0.0025525618019568005,0.9923478431376794,0.11025246977806091,0.0025053053747929517,
test/counting_and_probability/119.json|64,test/counting_and_probability/119.json,64,8,22,C,0.00016609193830749729,0.06566496193408966,0.0005630884552374482,0.0004999237135052681,0.004297743042953021,0.8878244758305891,0.31134966015815735,0.007100513091205436,
test/counting_and_probability/119.json|64,test/counting_and_probability/119.json,64,8,24,R,0.00032834268730479177,0.16374671459197998,0.0009958760347217321,0.0009900648146867752,0.002270454762596337,0.9941647144559057,0.14224708080291748,0.002608846661331383,
test/counting_and_probability/119.json|64,test/counting_and_probability/119.json,64,8,24,C,0.00016609193830749729,0.16574539244174957,0.001217060605995357,0.0011239048326388001,0.00257738184623509,0.9234583932623232,0.26691365242004395,0.004904762118591996,
test/counting_and_probability/119.json|64,test/counting_and_probability/119.json,64,8,25,R,0.00032834268730479177,0.163056418299675,0.0005525369197130203,0.0005514496588148177,0.0015133672832955696,0.9980322366570552,0.12469471991062164,0.0024890247822634565,
test/counting_and_probability/119.json|64,test/counting_and_probability/119.json,64,8,25,C,0.00016609193830749729,0.1693764328956604,0.0010395069839432836,0.0008917822851799428,0.0024473569121693703,0.8578896516299978,0.49292686581611633,0.009920493235515403,
test/counting_and_probability/119.json|64,test/counting_and_probability/119.json,64,8,26,R,0.00032834268730479177,0.3367592394351959,0.0004184697172604501,0.0004165633872617036,0.002646016015838316,0.9954445186460062,0.18016384541988373,0.0038303823758925066,
test/counting_and_probability/119.json|64,test/counting_and_probability/119.json,64,8,26,C,0.00016609193830749729,0.34170183539390564,0.0011096926173195243,0.0009827811736613512,0.006242638707800289,0.885633694806078,0.5102242827415466,0.010741858136700226,
test/counting_and_probability/119.json|64,test/counting_and_probability/119.json,64,8,28,R,0.00032834268730479177,0.21756508946418762,0.001166974543593824,0.0011626429622992873,0.003077242447888042,0.996288194704329,0.11639632284641266,0.002409814739881547,
test/counting_and_probability/119.json|64,test/counting_and_probability/119.json,64,8,28,C,0.00016609193830749729,0.2209269106388092,0.0019166074926033616,0.0017915882635861635,0.004741912721806145,0.9347705618211098,0.7653647661209106,0.015793239792543132,
test/counting_and_probability/119.json|64,test/counting_and_probability/119.json,64,8,29,R,0.00032834268730479177,0.11737202107906342,0.000649325258564204,0.0006478901486843824,0.0029692300420508305,0.9977898428273302,0.15138880908489227,0.002943604768815286,
test/counting_and_probability/119.json|64,test/counting_and_probability/119.json,64,8,29,C,0.00016609193830749729,0.11883199959993362,0.0009342119446955621,0.000859628664329648,0.0039396111521662145,0.9201644961728855,0.3079790472984314,0.0059770333525122005,
test/counting_and_probability/119.json|64,test/counting_and_probability/119.json,64,8,30,R,0.00032834268730479177,0.15956860780715942,0.0008818054338917136,0.0008794272434897721,0.0035235864429246653,0.9973030429300613,0.14779312908649445,0.0027663878977591543,
test/counting_and_probability/119.json|64,test/counting_and_probability/119.json,64,8,30,C,0.00016609193830749729,0.16182337701320648,0.001270960085093975,0.0011113304644823074,0.004452749203811278,0.8744023330407997,0.3655637502670288,0.006869315504077132,
test/counting_and_probability/119.json|128,test/counting_and_probability/119.json,128,1,0,R,0.0002107239836072007,2.2066104412078857,0.050682518631219864,0.050676461309194565,0.007867645516981256,0.9998804849642684,0.3962435722351074,0.006897316806151409,
test/counting_and_probability/119.json|128,test/counting_and_probability/119.json,128,1,0,C,7.659512086297301e-05,2.2358524799346924,0.026087068021297455,0.0008383418316952884,0.00013015463557315465,0.03213629952506471,0.8858580589294434,0.01563292169248024,
test/counting_and_probability/119.json|128,test/counting_and_probability/119.json,128,1,1,R,0.0002107239836072007,0.05733725056052208,0.0005558046395890415,0.0005557566764764488,0.008349052653795137,0.9999137032887278,0.20041745901107788,0.0068716477491485165,
test/counting_and_probability/119.json|128,test/counting_and_probability/119.json,128,1,1,C,7.659512086297301e-05,0.057514846324920654,0.00030371593311429024,0.0002060670085484162,0.0030957150447362865,0.6784859976127294,0.14053255319595337,0.004826878145847961,
test/counting_and_probability/119.json|128,test/counting_and_probability/119.json,128,1,2,R,0.0002107239836072007,0.06418310850858688,0.0003790645860135555,0.0003789998299907893,0.006343341559997959,0.9998291662556072,0.2080046385526657,0.006696866551091071,
test/counting_and_probability/119.json|128,test/counting_and_probability/119.json,128,1,2,C,7.659512086297301e-05,0.06469012796878815,0.00034038021112792194,0.0001538444630568847,0.002574903467128268,0.45197828068532603,0.1863086223602295,0.005980724428133203,
test/counting_and_probability/119.json|128,test/counting_and_probability/119.json,128,1,4,R,0.0002107239836072007,0.05825238302350044,0.00032151967752724886,0.0003214525058865547,0.006388147480967367,0.9997910776690191,0.1835615485906601,0.005894281763397393,
test/counting_and_probability/119.json|128,test/counting_and_probability/119.json,128,1,4,C,7.659512086297301e-05,0.05867571756243706,0.000386276951758191,0.00017516301886644214,0.0034809720790454864,0.45346484592388825,0.1760149747133255,0.005658558229587885,
test/counting_and_probability/119.json|128,test/counting_and_probability/119.json,128,1,5,R,0.0002107239836072007,0.0591043084859848,0.00031386857153847814,0.0003137954627163708,0.007812442757458547,0.9997670686761786,0.20092885196208954,0.008490100253446434,
test/counting_and_probability/119.json|128,test/counting_and_probability/119.json,128,1,5,C,7.659512086297301e-05,0.05927835777401924,0.00030477045220322907,0.00018690453725866973,0.004653289074999928,0.6132633111059385,0.23343105614185333,0.009875255296387185,
test/counting_and_probability/119.json|128,test/counting_and_probability/119.json,128,1,6,R,0.0002107239836072007,0.059486959129571915,0.0004939074860885739,0.0004936174373142421,0.01027549360833217,0.9994127447307155,0.24102334678173065,0.008121419641779943,
test/counting_and_probability/119.json|128,test/counting_and_probability/119.json,128,1,6,C,7.659512086297301e-05,0.059714339673519135,0.00038616362144239247,0.0001942977833095938,0.004044641618362934,0.5031488519832781,0.23891668021678925,0.008029706101491585,
test/counting_and_probability/119.json|128,test/counting_and_probability/119.json,128,1,8,R,0.0002107239836072007,0.24754875898361206,0.0006588321994058788,0.0006483716424554586,0.009494505087026974,0.9841225763647014,0.31123921275138855,0.00847721251022654,
test/counting_and_probability/119.json|128,test/counting_and_probability/119.json,128,1,8,C,7.659512086297301e-05,0.24866577982902527,0.0022568712010979652,0.0006344615248963237,0.009290810672776859,0.2811243833084203,0.40811318159103394,0.010811062311971651,
test/counting_and_probability/119.json|128,test/counting_and_probability/119.json,128,1,9,R,0.0002107239836072007,0.08820544928312302,0.0003566223895177245,0.0003559920587576926,0.00579317015026243,0.998232495275698,0.23596623539924622,0.007164115075027512,
test/counting_and_probability/119.json|128,test/counting_and_probability/119.json,128,1,9,C,7.659512086297301e-05,0.0884992852807045,0.0006747660809196532,0.00034997912007384,0.005695319717811176,0.5186673270212081,0.4514690637588501,0.01370738732607698,
test/counting_and_probability/119.json|128,test/counting_and_probability/119.json,128,1,10,R,0.0002107239836072007,0.08182763308286667,0.0004198860260657966,0.00041964961565099657,0.007112090542210227,0.9994369628909728,0.2712363600730896,0.007070042207477867,
test/counting_and_probability/119.json|128,test/counting_and_probability/119.json,128,1,10,C,7.659512086297301e-05,0.0820985808968544,0.0004968401044607162,0.00033748711575753987,0.0057196261704506755,0.6792670560372547,0.2740657925605774,0.0071464463335638925,
test/counting_and_probability/119.json|128,test/counting_and_probability/119.json,128,1,12,R,0.0002107239836072007,0.06999032199382782,0.0003696021158248186,0.0003690541780088097,0.005867240335864347,0.9985174900492558,0.2502670884132385,0.006220754641232043,
test/counting_and_probability/119.json|128,test/counting_and_probability/119.json,128,1,12,C,7.659512086297301e-05,0.07029396295547485,0.0006052476237528026,0.0003985272196587175,0.006335804110760349,0.6584531741392383,0.34147489070892334,0.008493030251515179,
test/counting_and_probability/119.json|128,test/counting_and_probability/119.json,128,1,13,R,0.0002107239836072007,0.07173473387956619,0.0004517638881225139,0.00045141324517317116,0.006826371718838818,0.9992238336047093,0.21007128059864044,0.007650641803990369,
test/counting_and_probability/119.json|128,test/counting_and_probability/119.json,128,1,13,C,7.659512086297301e-05,0.07213029265403748,0.0006063598557375371,0.00037779449485242367,0.005713092566001778,0.6230532754676601,0.37660932540893555,0.013727890002324813,
test/counting_and_probability/119.json|128,test/counting_and_probability/119.json,128,1,14,R,0.0002107239836072007,0.07763081043958664,0.00043599584023468196,0.0004351835523266345,0.005933381597540319,0.9981369342749987,0.23649004101753235,0.005885519160498554,
test/counting_and_probability/119.json|128,test/counting_and_probability/119.json,128,1,14,C,7.659512086297301e-05,0.07796477526426315,0.0004861122870352119,0.0003563099598977715,0.004858002899638484,0.7329787143170549,0.34193718433380127,0.008526872663336236,
test/counting_and_probability/119.json|128,test/counting_and_probability/119.json,128,1,16,R,0.0002107239836072007,0.06920785456895828,0.00035997742088511586,0.0003592026187106967,0.007177062774087546,0.9978476339700371,0.2461846023797989,0.006855222772542624,
test/counting_and_probability/119.json|128,test/counting_and_probability/119.json,128,1,16,C,7.659512086297301e-05,0.06930088251829147,0.0005474725039675832,0.0003570861299522221,0.007134774182944348,0.6522448647414099,0.2981310784816742,0.008283211246370385,
test/counting_and_probability/119.json|128,test/counting_and_probability/119.json,128,1,17,R,0.0002107239836072007,0.06789150834083557,0.00024408911122009158,0.00024198951723519713,0.005882105942241718,0.9913982440027834,0.19542407989501953,0.006662871709449771,
test/counting_and_probability/119.json|128,test/counting_and_probability/119.json,128,1,17,C,7.659512086297301e-05,0.06829873472452164,0.00045940684503875673,0.0003751212789211422,0.009118176394636114,0.816533933169764,0.3497125804424286,0.011932811583487428,
test/counting_and_probability/119.json|128,test/counting_and_probability/119.json,128,1,18,R,0.0002107239836072007,0.061843130737543106,0.000365936168236658,0.0003644298412837088,0.004959136510474026,0.995883631956657,0.20572756230831146,0.0048234628176576245,
test/counting_and_probability/119.json|128,test/counting_and_probability/119.json,128,1,18,C,7.659512086297301e-05,0.062157515436410904,0.0005178793799132109,0.00038045336259528995,0.005177183499388852,0.734637015137408,0.27621400356292725,0.006480937404814903,
test/counting_and_probability/119.json|128,test/counting_and_probability/119.json,128,1,20,R,0.0002107239836072007,0.22674718499183655,0.0008980241254903376,0.0008971690549515188,0.003614386788367725,0.9990478301043418,0.2159946709871292,0.0048204705729749725,
test/counting_and_probability/119.json|128,test/counting_and_probability/119.json,128,1,20,C,7.659512086297301e-05,0.23146480321884155,0.0013139856746420264,0.0012063655303791165,0.004860033469589656,0.9180964090720961,0.46996596455574036,0.01049061007223403,
test/counting_and_probability/119.json|128,test/counting_and_probability/119.json,128,1,21,R,0.0002107239836072007,0.1993943750858307,0.0013315666001290083,0.0013252749340608716,0.0030378006365643635,0.9952749888268434,0.22353346645832062,0.004247293560360018,
test/counting_and_probability/119.json|128,test/counting_and_probability/119.json,128,1,21,C,7.659512086297301e-05,0.19996529817581177,0.0020304531790316105,0.0019410633249208331,0.004449313310399795,0.95597541672476,0.4488944113254547,0.00854711602897861,
test/counting_and_probability/119.json|128,test/counting_and_probability/119.json,128,1,22,R,0.0002107239836072007,0.09420280158519745,0.00033461677958257496,0.00033333260216750205,0.0035880612422362515,0.9961622414367949,0.18159964680671692,0.0038982273758235886,
test/counting_and_probability/119.json|128,test/counting_and_probability/119.json,128,1,22,C,7.659512086297301e-05,0.09529094398021698,0.0007047657854855061,0.0006609053234569728,0.0071141219324593625,0.9377659019924128,0.37886756658554077,0.008138460608458365,
test/counting_and_probability/119.json|128,test/counting_and_probability/119.json,128,1,24,R,0.0002107239836072007,0.18706876039505005,0.0012125982902944088,0.0012038735440000892,0.0026947297864150835,0.9928049153978221,0.18755830824375153,0.0034771054041975516,
test/counting_and_probability/119.json|128,test/counting_and_probability/119.json,128,1,24,C,7.659512086297301e-05,0.18860334157943726,0.0016387106152251363,0.0014677074505016208,0.003285291054298446,0.8956477342427724,0.37247511744499207,0.00691641752633979,
test/counting_and_probability/119.json|128,test/counting_and_probability/119.json,128,1,25,R,0.0002107239836072007,0.19732168316841125,0.0009084290359169245,0.0009058750583790243,0.002720711944203228,0.9971885767251913,0.1912996917963028,0.003596787277084881,
test/counting_and_probability/119.json|128,test/counting_and_probability/119.json,128,1,25,C,7.659512086297301e-05,0.20373420417308807,0.0013653013156726956,0.001273952191695571,0.003826197566905301,0.9330923336397662,0.6577249765396118,0.01241861759585913,
test/counting_and_probability/119.json|128,test/counting_and_probability/119.json,128,1,26,R,0.0002107239836072007,0.376312255859375,0.00107466836925596,0.0010713445954024792,0.004733621170146772,0.9969071622972497,0.25619831681251526,0.004994589425591107,
test/counting_and_probability/119.json|128,test/counting_and_probability/119.json,128,1,26,C,7.659512086297301e-05,0.3791227340698242,0.0013799762818962336,0.0012120924657210708,0.005355500536927788,0.8783429691829082,0.5997072458267212,0.011527556543294633,
test/counting_and_probability/119.json|128,test/counting_and_probability/119.json,128,1,28,R,0.0002107239836072007,0.24375376105308533,0.0014998361002653837,0.0014877126086503267,0.003978699618014888,0.9919167883711902,0.19816941022872925,0.004049808989570899,
test/counting_and_probability/119.json|128,test/counting_and_probability/119.json,128,1,28,C,7.659512086297301e-05,0.24566741287708282,0.001999038504436612,0.0019107499392703176,0.0051100595701704075,0.9558344844653148,0.7998440265655518,0.016309967047795564,
test/counting_and_probability/119.json|128,test/counting_and_probability/119.json,128,1,29,R,0.0002107239836072007,0.12773242592811584,0.0008070991025306284,0.0008040310931392014,0.0033347863377862904,0.9961987191188714,0.19617348909378052,0.003746941450288551,
test/counting_and_probability/119.json|128,test/counting_and_probability/119.json,128,1,29,C,7.659512086297301e-05,0.1286805421113968,0.0011325814994052052,0.0009857378900051117,0.004088430505085226,0.8703460984065543,0.4187313914299011,0.00794900740429336,
test/counting_and_probability/119.json|128,test/counting_and_probability/119.json,128,1,30,R,0.0002107239836072007,0.17008982598781586,0.0009666681289672852,0.0009632043074816465,0.004226588229779214,0.996416740783876,0.2309965044260025,0.004284415944026641,
test/counting_and_probability/119.json|128,test/counting_and_probability/119.json,128,1,30,C,7.659512086297301e-05,0.17072606086730957,0.0013007508823648095,0.0011459974339231849,0.005028693526341201,0.8810276038088821,0.3646421432495117,0.006765628295698495,
test/counting_and_probability/119.json|128,test/counting_and_probability/119.json,128,2,0,R,0.0002107239836072007,2.14729905128479,0.0434737429022789,0.043468181043863297,0.007012014256460334,0.9998720639391925,0.3408248722553253,0.005935766207697681,
test/counting_and_probability/119.json|128,test/counting_and_probability/119.json,128,2,0,C,7.659512086297301e-05,2.214458465576172,0.020500002428889275,0.0006329591269604862,0.00010210499531887369,0.030876051313907332,0.23509067296981812,0.0041402270554419555,
test/counting_and_probability/119.json|128,test/counting_and_probability/119.json,128,2,1,R,0.0002107239836072007,0.056944284588098526,0.0005613367538899183,0.0005612889654003084,0.009840432240906865,0.9999148648486071,0.21883419156074524,0.007885761210985578,
test/counting_and_probability/119.json|128,test/counting_and_probability/119.json,128,2,1,C,7.659512086297301e-05,0.05721233785152435,0.00027233586297370493,0.00015584535140078515,0.002732256849956066,0.5722542346307815,0.13345585763454437,0.004823243164834139,
test/counting_and_probability/119.json|128,test/counting_and_probability/119.json,128,2,2,R,0.0002107239836072007,0.06283698230981827,0.00033134216209873557,0.0003312908229418099,0.004641764591186585,0.9998450539573789,0.18946416676044464,0.005861432606019631,
test/counting_and_probability/119.json|128,test/counting_and_probability/119.json,128,2,2,C,7.659512086297301e-05,0.06366574019193649,0.0004085143154952675,0.0001888954284368083,0.002646641713069742,0.4623961041497467,0.19809329509735107,0.006118085186065596,
test/counting_and_probability/119.json|128,test/counting_and_probability/119.json,128,2,4,R,0.0002107239836072007,0.05750276520848274,0.00025031366385519505,0.0002502316201571375,0.006125191716889737,0.9996722324444213,0.1662585735321045,0.005874088846375901,
test/counting_and_probability/119.json|128,test/counting_and_probability/119.json,128,2,4,C,7.659512086297301e-05,0.05808887258172035,0.000310613278998062,0.0001754370314301923,0.004294363162725529,0.5648085343655844,0.2034505158662796,0.007195837587419108,
test/counting_and_probability/119.json|128,test/counting_and_probability/119.json,128,2,5,R,0.0002107239836072007,0.058723196387290955,0.0002773888409137726,0.00027730659348890185,0.007515579542766938,0.9997034905070324,0.17609448730945587,0.007759633529240917,
test/counting_and_probability/119.json|128,test/counting_and_probability/119.json,128,2,5,C,7.659512086297301e-05,0.0589737594127655,0.000308776245219633,0.00019297552353236824,0.00523003394426195,0.6249688112184137,0.2449556142091751,0.010797096507609922,
test/counting_and_probability/119.json|128,test/counting_and_probability/119.json,128,2,6,R,0.0002107239836072007,0.05915556102991104,0.0004146310966461897,0.00041427547694183886,0.008092178914776428,0.999142320230273,0.20614643394947052,0.006952252194940625,
test/counting_and_probability/119.json|128,test/counting_and_probability/119.json,128,2,6,C,7.659512086297301e-05,0.05945271626114845,0.0003442201414145529,0.00019860452448483557,0.0038794073867930543,0.5769695029805989,0.23707090318202972,0.007991651230556344,
test/counting_and_probability/119.json|128,test/counting_and_probability/119.json,128,2,8,R,0.0002107239836072007,0.24723419547080994,0.0005221390165388584,0.000521650246810168,0.007911682471049395,0.9990639069054937,0.2729940414428711,0.007346670982981263,
test/counting_and_probability/119.json|128,test/counting_and_probability/119.json,128,2,8,C,7.659512086297301e-05,0.24840207397937775,0.0019054788863286376,0.0006538113811984658,0.009916123064507804,0.3431218186390239,0.5211883187294006,0.013380525876435989,
test/counting_and_probability/119.json|128,test/counting_and_probability/119.json,128,2,9,R,0.0002107239836072007,0.08746956288814545,0.00034213048638775945,0.00034169229911640286,0.005955585402784049,0.9987192364097621,0.22044876217842102,0.006806275139426066,
test/counting_and_probability/119.json|128,test/counting_and_probability/119.json,128,2,9,C,7.659512086297301e-05,0.0882774218916893,0.0007013175636529922,0.0003694416955113411,0.006439248337339863,0.5267823224905805,0.43064767122268677,0.013363061717107058,
test/counting_and_probability/119.json|128,test/counting_and_probability/119.json,128,2,10,R,0.0002107239836072007,0.08138979971408844,0.00039295689202845097,0.000391699984902516,0.006739836725308961,0.9968014096501828,0.26650118827819824,0.00689460816571461,
test/counting_and_probability/119.json|128,test/counting_and_probability/119.json,128,2,10,C,7.659512086297301e-05,0.0818120464682579,0.0005837609060108662,0.00034538135514594615,0.005942849199315026,0.5916486544370763,0.27946236729621887,0.007231263088991484,
test/counting_and_probability/119.json|128,test/counting_and_probability/119.json,128,2,12,R,0.0002107239836072007,0.06962703168392181,0.0003679890651255846,0.00036736027686856687,0.005696629100414936,0.9982912827719639,0.24990998208522797,0.00623739573819844,
test/counting_and_probability/119.json|128,test/counting_and_probability/119.json,128,2,12,C,7.659512086297301e-05,0.07001125067472458,0.0006590113625861704,0.0004340778395999223,0.00673121349425286,0.6586803560378417,0.3596190810203552,0.008979585136529154,
test/counting_and_probability/119.json|128,test/counting_and_probability/119.json,128,2,13,R,0.0002107239836072007,0.0710921511054039,0.0005030587781220675,0.0005025436403229833,0.0073231242424767655,0.9989759868618471,0.23033973574638367,0.007883191381267694,
test/counting_and_probability/119.json|128,test/counting_and_probability/119.json,128,2,13,C,7.659512086297301e-05,0.0716138407588005,0.0004811217950191349,0.0003511735994834453,0.005117342442224974,0.7299058209149989,0.32222816348075867,0.01102810124204192,
test/counting_and_probability/119.json|128,test/counting_and_probability/119.json,128,2,14,R,0.0002107239836072007,0.07702003419399261,0.00042342612869106233,0.0004220368864480406,0.006163904303366048,0.9967190422470259,0.23086301982402802,0.005866678823371242,
test/counting_and_probability/119.json|128,test/counting_and_probability/119.json,128,2,14,C,7.659512086297301e-05,0.0774315670132637,0.0005656024441123009,0.00044546747813001275,0.006506111180386741,0.7875982184652062,0.4014991223812103,0.010264783595911917,
test/counting_and_probability/119.json|128,test/counting_and_probability/119.json,128,2,16,R,0.0002107239836072007,0.06893593817949295,0.00039318710332736373,0.00038906242116354406,0.007444269873074638,0.9895096173846396,0.28258007764816284,0.007775723146080884,
test/counting_and_probability/119.json|128,test/counting_and_probability/119.json,128,2,16,C,7.659512086297301e-05,0.06911540776491165,0.0005022634868510067,0.00034613735624589026,0.006622947251859723,0.6891549248918721,0.2943057715892792,0.008072414044468531,
test/counting_and_probability/119.json|128,test/counting_and_probability/119.json,128,2,17,R,0.0002107239836072007,0.06740376353263855,0.00028283728170208633,0.00028214024496264756,0.0071099512832441675,0.9975355521281366,0.22031354904174805,0.007662886335156269,
test/counting_and_probability/119.json|128,test/counting_and_probability/119.json,128,2,17,C,7.659512086297301e-05,0.06794906407594681,0.00048465526197105646,0.0003904571640305221,0.009839544212553654,0.8056389641513914,0.35744231939315796,0.012444162143822966,
test/counting_and_probability/119.json|128,test/counting_and_probability/119.json,128,2,18,R,0.0002107239836072007,0.061311401426792145,0.0003824425511993468,0.00038174461224116385,0.005019497730859094,0.9981750462803649,0.20971545577049255,0.0049533468145241625,
test/counting_and_probability/119.json|128,test/counting_and_probability/119.json,128,2,18,C,7.659512086297301e-05,0.0617641806602478,0.0005070018232800066,0.0004112402384635061,0.005407330916045697,0.8111218121305745,0.29255223274230957,0.006916756174799374,
test/counting_and_probability/119.json|128,test/counting_and_probability/119.json,128,2,20,R,0.0002107239836072007,0.22590042650699615,0.000900028448086232,0.0008964439039118588,0.003415168399930471,0.9960172979220686,0.22154317796230316,0.0046957127254646566,
test/counting_and_probability/119.json|128,test/counting_and_probability/119.json,128,2,20,C,7.659512086297301e-05,0.23091141879558563,0.0012758146040141582,0.0011860969243571162,0.004518655007460929,0.9296781207046565,0.4455975294113159,0.009437473695020118,
test/counting_and_probability/119.json|128,test/counting_and_probability/119.json,128,2,21,R,0.0002107239836072007,0.19890549778938293,0.0011634586844593287,0.0011563289444893599,0.0027698161223882367,0.9938719431475523,0.2457474321126938,0.004550749813305361,
test/counting_and_probability/119.json|128,test/counting_and_probability/119.json,128,2,21,C,7.659512086297301e-05,0.19961567223072052,0.0013812347315251827,0.0012913999380543828,0.0030933588456127357,0.9349605158664355,0.40100011229515076,0.007439376759494984,
test/counting_and_probability/119.json|128,test/counting_and_probability/119.json,128,2,22,R,0.0002107239836072007,0.09356534481048584,0.00040760895353741944,0.0004059835337102413,0.003516336485561745,0.9960123034367026,0.19573670625686646,0.00404636479438441,
test/counting_and_probability/119.json|128,test/counting_and_probability/119.json,128,2,22,C,7.659512086297301e-05,0.09485999494791031,0.0007594373309984803,0.0006952346884645522,0.00602162131733371,0.9154602482274908,0.38031235337257385,0.007871116629071822,
test/counting_and_probability/119.json|128,test/counting_and_probability/119.json,128,2,24,R,0.0002107239836072007,0.1865486204624176,0.001129529089666903,0.0011233226396143436,0.0029276176083458134,0.9945052756021583,0.1880105882883072,0.003448821036806603,
test/counting_and_probability/119.json|128,test/counting_and_probability/119.json,128,2,24,C,7.659512086297301e-05,0.18832911550998688,0.0015614178264513612,0.0014120624400675297,0.003680134912125266,0.9043463032392692,0.3712872564792633,0.006818594469833953,
test/counting_and_probability/119.json|128,test/counting_and_probability/119.json,128,2,25,R,0.0002107239836072007,0.19606412947177887,0.0008007412543520331,0.0007947714766487479,0.0026538932522394702,0.9925446844865503,0.20089802145957947,0.0038286265576828603,
test/counting_and_probability/119.json|128,test/counting_and_probability/119.json,128,2,25,C,7.659512086297301e-05,0.20331646502017975,0.001252506859600544,0.0011630766093730927,0.0038837342005128127,0.928598992915239,0.6594386100769043,0.01263620808328411,
test/counting_and_probability/119.json|128,test/counting_and_probability/119.json,128,2,26,R,0.0002107239836072007,0.37539157271385193,0.0007383353658951819,0.0007276789983734488,0.0034661916154538367,0.9855670349822944,0.25645092129707336,0.005120467692040236,
test/counting_and_probability/119.json|128,test/counting_and_probability/119.json,128,2,26,C,7.659512086297301e-05,0.37744539976119995,0.0015435320092365146,0.0013579751830548048,0.006468514556583773,0.8797842701342637,0.6883914470672607,0.013569997116119597,
test/counting_and_probability/119.json|128,test/counting_and_probability/119.json,128,2,28,R,0.0002107239836072007,0.24260103702545166,0.001536661759018898,0.001511915004812181,0.003994952724090598,0.9838957694851386,0.1917349398136139,0.0038541300271213033,
test/counting_and_probability/119.json|128,test/counting_and_probability/119.json,128,2,28,C,7.659512086297301e-05,0.24499334394931793,0.002005944261327386,0.0018384840805083513,0.004857850449428163,0.9165180284597042,0.8041303157806396,0.016130437573769318,
test/counting_and_probability/119.json|128,test/counting_and_probability/119.json,128,2,29,R,0.0002107239836072007,0.12689992785453796,0.000763395510148257,0.000757180096115917,0.003302709451925638,0.9918581980879202,0.19368918240070343,0.0037010726950056612,
test/counting_and_probability/119.json|128,test/counting_and_probability/119.json,128,2,29,C,7.659512086297301e-05,0.1281834989786148,0.001141454791650176,0.0009609662811271846,0.004191595151458796,0.8418785284488213,0.37182021141052246,0.0070715556607221924,
test/counting_and_probability/119.json|128,test/counting_and_probability/119.json,128,2,30,R,0.0002107239836072007,0.16967855393886566,0.0008612729725427926,0.0008537716348655522,0.003955106646960816,0.9912904051239596,0.2176310122013092,0.004009544258050696,
test/counting_and_probability/119.json|128,test/counting_and_probability/119.json,128,2,30,C,7.659512086297301e-05,0.17044389247894287,0.0012241805670782924,0.0011030067689716816,0.0051096911931135525,0.9010164004671073,0.3638955056667328,0.006704171027557051,
test/counting_and_probability/119.json|128,test/counting_and_probability/119.json,128,3,0,R,0.0002107239836072007,2.1087212562561035,0.041523437947034836,0.04151850938796997,0.00644081765471048,0.9998813065509886,0.3227446377277374,0.005606180166686181,
test/counting_and_probability/119.json|128,test/counting_and_probability/119.json,128,3,0,C,7.659512086297301e-05,2.205808162689209,0.015499765053391457,0.0016398308798670769,0.0002543889902956775,0.10579714428654989,1.71999192237854,0.032950538378829636,
test/counting_and_probability/119.json|128,test/counting_and_probability/119.json,128,3,1,R,0.0002107239836072007,0.05671047791838646,0.0005280529730953276,0.0005280121695250273,0.009253363779217963,0.9999227263696976,0.21463632583618164,0.007334937992874725,
test/counting_and_probability/119.json|128,test/counting_and_probability/119.json,128,3,1,C,7.659512086297301e-05,0.057065099477767944,0.00028505941736511886,0.00012206730025354773,0.002139217995314715,0.42821703963907487,0.11386166512966156,0.003901171395123269,
test/counting_and_probability/119.json|128,test/counting_and_probability/119.json,128,3,2,R,0.0002107239836072007,0.06186386197805405,0.00030478418921120465,0.00030473555671051145,0.005317049148103141,0.999840432994049,0.1757931113243103,0.005627287752386825,
test/counting_and_probability/119.json|128,test/counting_and_probability/119.json,128,3,2,C,7.659512086297301e-05,0.06288648396730423,0.0003800152044277638,0.00018233452283311635,0.003181386608654234,0.47980849247300944,0.18653404712677002,0.00596680658968532,
test/counting_and_probability/119.json|128,test/counting_and_probability/119.json,128,3,4,R,0.0002107239836072007,0.056967899203300476,0.0002938337856903672,0.000293758261250332,0.0068031181367756,0.9997429654333291,0.18954876065254211,0.006611911111640224,
test/counting_and_probability/119.json|128,test/counting_and_probability/119.json,128,3,4,C,7.659512086297301e-05,0.057706087827682495,0.0003401316935196519,0.0001894335146062076,0.004387071782918854,0.5569416718831025,0.2363329529762268,0.0082396753408147,
test/counting_and_probability/119.json|128,test/counting_and_probability/119.json,128,3,5,R,0.0002107239836072007,0.05838776379823685,0.0003502548788674176,0.0003501609608065337,0.009225323042204248,0.9997318550967244,0.23188410699367523,0.009699078012834652,
test/counting_and_probability/119.json|128,test/counting_and_probability/119.json,128,3,5,C,7.659512086297301e-05,0.05865529552102089,0.00043225527042523026,0.0001941979571711272,0.005116329601430443,0.4492668337642674,0.2891865372657776,0.012196930540517953,
test/counting_and_probability/119.json|128,test/counting_and_probability/119.json,128,3,6,R,0.0002107239836072007,0.05879820138216019,0.0004334339464548975,0.00043324040598236024,0.009618781984795492,0.9995534695109284,0.2634396553039551,0.009116832622919624,
test/counting_and_probability/119.json|128,test/counting_and_probability/119.json,128,3,6,C,7.659512086297301e-05,0.059106409549713135,0.00044185895239934325,0.000198397392523475,0.004404809059090626,0.44900616134888505,0.22258278727531433,0.007681192142937854,
test/counting_and_probability/119.json|128,test/counting_and_probability/119.json,128,3,8,R,0.0002107239836072007,0.24693937599658966,0.000500289024785161,0.0005000590463168919,0.008676753063829017,0.9995403067898437,0.31100431084632874,0.009047690823138419,
test/counting_and_probability/119.json|128,test/counting_and_probability/119.json,128,3,8,C,7.659512086297301e-05,0.2480764240026474,0.0013702965807169676,0.000693845096975565,0.01203922339841112,0.506346659718135,0.529762864112854,0.014984019391365828,
test/counting_and_probability/119.json|128,test/counting_and_probability/119.json,128,3,9,R,0.0002107239836072007,0.08686312288045883,0.0003083952178712934,0.00030796584906056523,0.006297606637177123,0.9986077287050699,0.21642787754535675,0.007170246066318212,
test/counting_and_probability/119.json|128,test/counting_and_probability/119.json,128,3,9,C,7.659512086297301e-05,0.08792545646429062,0.0005987252807244658,0.00034276233054697514,0.007009161354778718,0.5724868165909767,0.39421188831329346,0.013107809180013792,
test/counting_and_probability/119.json|128,test/counting_and_probability/119.json,128,3,10,R,0.0002107239836072007,0.08099590241909027,0.0005238662706688046,0.0005232457187958062,0.008375323120834513,0.9988154364833955,0.32221555709838867,0.008250012741385244,
test/counting_and_probability/119.json|128,test/counting_and_probability/119.json,128,3,10,C,7.659512086297301e-05,0.08152072131633759,0.0008678873418830335,0.0004371129325591028,0.006996640237981003,0.5036516964368417,0.35157421231269836,0.00903837375622809,
test/counting_and_probability/119.json|128,test/counting_and_probability/119.json,128,3,12,R,0.0002107239836072007,0.06915488094091415,0.00039311559521593153,0.0003924917837139219,0.006525874139999813,0.9984131575851624,0.2648801803588867,0.006696818584270789,
test/counting_and_probability/119.json|128,test/counting_and_probability/119.json,128,3,12,C,7.659512086297301e-05,0.06965602934360504,0.0005715656443499029,0.0004115889605600387,0.006843398678597323,0.7201079419461449,0.3281189203262329,0.008321087188440091,
test/counting_and_probability/119.json|128,test/counting_and_probability/119.json,128,3,13,R,0.0002107239836072007,0.0705566480755806,0.0005532589857466519,0.000551823468413204,0.008663231082332577,0.997405341137088,0.27661049365997314,0.00958174600181017,
test/counting_and_probability/119.json|128,test/counting_and_probability/119.json,128,3,13,C,7.659512086297301e-05,0.0712086632847786,0.00040411564987152815,0.0003229129360988736,0.005069500564996444,0.799060703049906,0.33881017565727234,0.011743093179825245,
test/counting_and_probability/119.json|128,test/counting_and_probability/119.json,128,3,14,R,0.0002107239836072007,0.07656075805425644,0.0004968786961399019,0.0004956847405992448,0.007042649751934594,0.997597086476982,0.25558173656463623,0.006849645150575037,
test/counting_and_probability/119.json|128,test/counting_and_probability/119.json,128,3,14,C,7.659512086297301e-05,0.07703141123056412,0.0004396612348500639,0.0003435462131164968,0.004881077536617337,0.78138845343567,0.3039968013763428,0.008143787940803717,
test/counting_and_probability/119.json|128,test/counting_and_probability/119.json,128,3,16,R,0.0002107239836072007,0.068574458360672,0.000397684023482725,0.00039411577745340765,0.008225434363411853,0.9910274318060459,0.2987014949321747,0.008706809806329952,
test/counting_and_probability/119.json|128,test/counting_and_probability/119.json,128,3,16,C,7.659512086297301e-05,0.06880778819322586,0.0006441216683015227,0.00040222093230113387,0.008394593841461784,0.6244486895422989,0.35581305623054504,0.01026643811792101,
test/counting_and_probability/119.json|128,test/counting_and_probability/119.json,128,3,17,R,0.0002107239836072007,0.06701602786779404,0.0002930414048023522,0.00029190335772000253,0.0072509702252270365,0.9961164256660807,0.2355354279279709,0.008195259979068873,
test/counting_and_probability/119.json|128,test/counting_and_probability/119.json,128,3,17,C,7.659512086297301e-05,0.06764870136976242,0.0005548687186092138,0.0004915290628559887,0.012209734850056839,0.8858474905598673,0.4327729046344757,0.015066403870745154,
test/counting_and_probability/119.json|128,test/counting_and_probability/119.json,128,3,18,R,0.0002107239836072007,0.06094089150428772,0.00044121459359303117,0.00043849193025380373,0.00629556500314172,0.9938291607471897,0.2687028646469116,0.006988935056690353,
test/counting_and_probability/119.json|128,test/counting_and_probability/119.json,128,3,18,C,7.659512086297301e-05,0.06147973611950874,0.0005754688172601163,0.00044747733045369387,0.006424571188055793,0.7775874491455602,0.3719848692417145,0.009705012059018235,
test/counting_and_probability/119.json|128,test/counting_and_probability/119.json,128,3,20,R,0.0002107239836072007,0.22532714903354645,0.0008903287234716117,0.0008853221079334617,0.005187619080716226,0.994376665156882,0.28249314427375793,0.006627591073115438,
test/counting_and_probability/119.json|128,test/counting_and_probability/119.json,128,3,20,C,7.659512086297301e-05,0.23043914139270782,0.0011871240567415953,0.0011101221898570657,0.006504853998813522,0.9351357868772205,0.504908561706543,0.011855553430446808,
test/counting_and_probability/119.json|128,test/counting_and_probability/119.json,128,3,21,R,0.0002107239836072007,0.19824059307575226,0.0009702049428597093,0.0009654159075580537,0.002801491260169378,0.9950638920859303,0.27113404870033264,0.005379936658540188,
test/counting_and_probability/119.json|128,test/counting_and_probability/119.json,128,3,21,C,7.659512086297301e-05,0.19925780594348907,0.001626082113943994,0.00137647136580199,0.003994312162228172,0.8464956063116154,0.5142902731895447,0.01024855773419453,
test/counting_and_probability/119.json|128,test/counting_and_probability/119.json,128,3,22,R,0.0002107239836072007,0.09272037446498871,0.0003943619958590716,0.0003923748154193163,0.004875798557892021,0.9949610219656498,0.23244953155517578,0.005535522279547946,
test/counting_and_probability/119.json|128,test/counting_and_probability/119.json,128,3,22,C,7.659512086297301e-05,0.09420403838157654,0.0007542379316873848,0.0007121918024495244,0.0088499659684197,0.9442534929421434,0.4714578688144684,0.011240034338962602,
test/counting_and_probability/119.json|128,test/counting_and_probability/119.json,128,3,24,R,0.0002107239836072007,0.18525999784469604,0.0011027967557311058,0.001097458298318088,0.003265889547195926,0.9951591638437151,0.20987360179424286,0.004007272448862551,
test/counting_and_probability/119.json|128,test/counting_and_probability/119.json,128,3,24,C,7.659512086297301e-05,0.18739816546440125,0.0014716580044478178,0.0013316484401002526,0.00396280817934337,0.90486270259172,0.4234086275100708,0.008095861130455772,
test/counting_and_probability/119.json|128,test/counting_and_probability/119.json,128,3,25,R,0.0002107239836072007,0.1948138028383255,0.0007873861468397081,0.0007850928814150393,0.0026645381763477317,0.997087494578155,0.19287241995334625,0.0038551232039637875,
test/counting_and_probability/119.json|128,test/counting_and_probability/119.json,128,3,25,C,7.659512086297301e-05,0.20261713862419128,0.0014195367693901062,0.0013593669282272458,0.004613575236343569,0.9576130443269004,0.7978443503379822,0.01597248328891472,
test/counting_and_probability/119.json|128,test/counting_and_probability/119.json,128,3,26,R,0.0002107239836072007,0.3743295669555664,0.0005913295899517834,0.0005858374643139541,0.003307985644111045,0.9907122411564262,0.22019200026988983,0.0045289995113832,
test/counting_and_probability/119.json|128,test/counting_and_probability/119.json,128,3,26,C,7.659512086297301e-05,0.3767058551311493,0.0015489259967580438,0.0012278868816792965,0.006933377301064221,0.7927343743061788,0.6018310785293579,0.01258863314577625,
test/counting_and_probability/119.json|128,test/counting_and_probability/119.json,128,3,28,R,0.0002107239836072007,0.2416297346353531,0.0012796910014003515,0.001266168779693544,0.0035424143221023854,0.9894332126416114,0.19478237628936768,0.004227251809837009,
test/counting_and_probability/119.json|128,test/counting_and_probability/119.json,128,3,28,C,7.659512086297301e-05,0.24418461322784424,0.001985055161640048,0.0019138938514515758,0.005354582342495209,0.9641514691743728,0.8407582640647888,0.01822495809109765,
test/counting_and_probability/119.json|128,test/counting_and_probability/119.json,128,3,29,R,0.0002107239836072007,0.12643969058990479,0.0006952378316782415,0.0006916189449839294,0.0036731793549786298,0.9947947486108873,0.18966226279735565,0.0038725710497361774,
test/counting_and_probability/119.json|128,test/counting_and_probability/119.json,128,3,29,C,7.659512086297301e-05,0.12782540917396545,0.001248138607479632,0.0010332954116165638,0.005487818691305948,0.8278691201414157,0.43005841970443726,0.00873718691631981,
test/counting_and_probability/119.json|128,test/counting_and_probability/119.json,128,3,30,R,0.0002107239836072007,0.16893957555294037,0.000760942290071398,0.0007585037383250892,0.003971305252921857,0.9967953512704947,0.21443066000938416,0.004024942107365222,
test/counting_and_probability/119.json|128,test/counting_and_probability/119.json,128,3,30,C,7.659512086297301e-05,0.16997158527374268,0.0014762224163860083,0.0012124403147026896,0.00634798531285466,0.8213127645423475,0.4130922257900238,0.007773809289178796,
test/counting_and_probability/119.json|128,test/counting_and_probability/119.json,128,4,0,R,0.0002107239836072007,2.0774354934692383,0.04292932525277138,0.04292416572570801,0.006392832692760156,0.9998798134367854,0.3114343583583832,0.005477530388939283,
test/counting_and_probability/119.json|128,test/counting_and_probability/119.json,128,4,0,C,7.659512086297301e-05,2.1947803497314453,0.018515532836318016,0.0008626008057035506,0.00012846988493011536,0.04658795473414519,1.0535093545913696,0.018591826686691387,
test/counting_and_probability/119.json|128,test/counting_and_probability/119.json,128,4,1,R,0.0002107239836072007,0.05641992762684822,0.0007343350443989038,0.0007342640310525894,0.0104585321011414,0.9999032943521362,0.21960832178592682,0.007920500800138286,
test/counting_and_probability/119.json|128,test/counting_and_probability/119.json,128,4,1,C,7.659512086297301e-05,0.056732773780822754,0.000399995333282277,0.000256576226092875,0.0036545582835309223,0.6414480472709939,0.15663482248783112,0.005663648506516713,
test/counting_and_probability/119.json|128,test/counting_and_probability/119.json,128,4,2,R,0.0002107239836072007,0.061187613755464554,0.0002709713007789105,0.00027091699303127825,0.004721890643787739,0.9997995774929828,0.17178162932395935,0.005665134747818233,
test/counting_and_probability/119.json|128,test/counting_and_probability/119.json,128,4,2,C,7.659512086297301e-05,0.0623953714966774,0.0003697751963045448,0.00014664932677987963,0.002555993539909611,0.3965904902461591,0.19049347937107086,0.0062646504208345105,
test/counting_and_probability/119.json|128,test/counting_and_probability/119.json,128,4,4,R,0.0002107239836072007,0.05663015693426132,0.0002849137526936829,0.0002847572905011475,0.006643361837710519,0.9994508401559876,0.1852007657289505,0.006509428382135047,
test/counting_and_probability/119.json|128,test/counting_and_probability/119.json,128,4,4,C,7.659512086297301e-05,0.05744435265660286,0.00033972441451624036,0.00018074337276630104,0.004216726542598889,0.5320293876777917,0.1624983251094818,0.005718716777716649,
test/counting_and_probability/119.json|128,test/counting_and_probability/119.json,128,4,5,R,0.0002107239836072007,0.05809247866272926,0.00029420258942991495,0.0002941167331300676,0.007694963016854496,0.9997081694633555,0.19474290311336517,0.00809862176177481,
test/counting_and_probability/119.json|128,test/counting_and_probability/119.json,128,4,5,C,7.659512086297301e-05,0.05847487971186638,0.0003558265161700547,0.0001731746015138924,0.0045307594026573516,0.4866826758477074,0.260238379240036,0.010865090024712526,
test/counting_and_probability/119.json|128,test/counting_and_probability/119.json,128,4,6,R,0.0002107239836072007,0.05848187580704689,0.0004100459336768836,0.0004097706696484238,0.007739594642394332,0.999328697091762,0.2179451286792755,0.007018570206180382,
test/counting_and_probability/119.json|128,test/counting_and_probability/119.json,128,4,6,C,7.659512086297301e-05,0.05882829427719116,0.0003737295337487012,0.00017754605505615473,0.003353423263968229,0.4750656251332615,0.1896321177482605,0.006094848399972698,
test/counting_and_probability/119.json|128,test/counting_and_probability/119.json,128,4,8,R,0.0002107239836072007,0.24649982154369354,0.0005001090466976166,0.0005000042729079723,0.00733052724300788,0.9997904961125447,0.26848357915878296,0.0075570987144016975,
test/counting_and_probability/119.json|128,test/counting_and_probability/119.json,128,4,8,C,7.659512086297301e-05,0.24785950779914856,0.0018187558744102716,0.0006007725023664534,0.008807883120346596,0.3303205836962216,0.6484631299972534,0.01736862106066517,
test/counting_and_probability/119.json|128,test/counting_and_probability/119.json,128,4,9,R,0.0002107239836072007,0.08631578832864761,0.00031663416302762926,0.00031609053257852793,0.006001602096976162,0.9982830928849046,0.21436525881290436,0.006916049454594439,
test/counting_and_probability/119.json|128,test/counting_and_probability/119.json,128,4,9,C,7.659512086297301e-05,0.08767051249742508,0.0005957691464573145,0.0003220478829462081,0.0061147141417040715,0.5405581747908188,0.4385451376438141,0.014210347500253536,
test/counting_and_probability/119.json|128,test/counting_and_probability/119.json,128,4,10,R,0.0002107239836072007,0.08052127063274384,0.0004053406009916216,0.00040075520519167185,0.006877055968248922,0.9886875462822633,0.26664382219314575,0.0069128796260436234,
test/counting_and_probability/119.json|128,test/counting_and_probability/119.json,128,4,10,C,7.659512086297301e-05,0.08121079206466675,0.0005261969054117799,0.00033327637356705964,0.005719102944201346,0.6333681735982145,0.28325703740119934,0.007352071444613274,
test/counting_and_probability/119.json|128,test/counting_and_probability/119.json,128,4,12,R,0.0002107239836072007,0.06885193288326263,0.0003245077095925808,0.00032390261185355484,0.0055179048379617015,0.9981353332470252,0.23018795251846313,0.005970471189815389,
test/counting_and_probability/119.json|128,test/counting_and_probability/119.json,128,4,12,C,7.659512086297301e-05,0.06945860385894775,0.0006844718591310084,0.00042813923209905624,0.007293647700465934,0.6255030440800153,0.3993890583515167,0.010381154402358105,
test/counting_and_probability/119.json|128,test/counting_and_probability/119.json,128,4,13,R,0.0002107239836072007,0.07026322931051254,0.000483427953440696,0.0004831136902794242,0.007180207493384665,0.999349925550674,0.2238219827413559,0.008134683047094627,
test/counting_and_probability/119.json|128,test/counting_and_probability/119.json,128,4,13,C,7.659512086297301e-05,0.07099077850580215,0.000510356156155467,0.0003718869120348245,0.0055271155552220445,0.7286811510369191,0.3774956464767456,0.013738726977774774,
test/counting_and_probability/119.json|128,test/counting_and_probability/119.json,128,4,14,R,0.0002107239836072007,0.07620501518249512,0.00044304312905296683,0.0004429491818882525,0.006222948222270777,0.9997879480385959,0.2327623963356018,0.005916384427184566,
test/counting_and_probability/119.json|128,test/counting_and_probability/119.json,128,4,14,C,7.659512086297301e-05,0.07679599523544312,0.000586322508752346,0.00038095531635917723,0.005352002680298474,0.6497368087063332,0.34255436062812805,0.008755384665971052,
test/counting_and_probability/119.json|128,test/counting_and_probability/119.json,128,4,16,R,0.0002107239836072007,0.06832105666399002,0.00036836121580563486,0.0003667663550004363,0.007104302001213788,0.9956703862066998,0.25674644112586975,0.007000386186769731,
test/counting_and_probability/119.json|128,test/counting_and_probability/119.json,128,4,16,C,7.659512086297301e-05,0.06866171956062317,0.0006050817319191992,0.00037086609518155456,0.0071837143899895805,0.6129190074741173,0.31121721863746643,0.008427746012578294,
test/counting_and_probability/119.json|128,test/counting_and_probability/119.json,128,4,17,R,0.0002107239836072007,0.06670001894235611,0.00027984127518720925,0.0002785595424938947,0.006765973393387382,0.9954197832757985,0.23016662895679474,0.007643141294908569,
test/counting_and_probability/119.json|128,test/counting_and_probability/119.json,128,4,17,C,7.659512086297301e-05,0.067426897585392,0.00046734398347325623,0.00039604719495400786,0.00961964813552655,0.8474425864289084,0.34515678882598877,0.011469910868116252,
test/counting_and_probability/119.json|128,test/counting_and_probability/119.json,128,4,18,R,0.0002107239836072007,0.06064398214221001,0.00040724710561335087,0.0004050691786687821,0.005273598230564879,0.994652072637961,0.2223239243030548,0.005160463760469754,
test/counting_and_probability/119.json|128,test/counting_and_probability/119.json,128,4,18,C,7.659512086297301e-05,0.06125235557556152,0.0005046693258918822,0.00037246185820549726,0.004849083316683347,0.7380314957902953,0.26597675681114197,0.006179511792185739,
test/counting_and_probability/119.json|128,test/counting_and_probability/119.json,128,4,20,R,0.0002107239836072007,0.22462846338748932,0.001019395305775106,0.0009940617019310594,0.0034174352087857317,0.9751483995701429,0.21320487558841705,0.004386651137538385,
test/counting_and_probability/119.json|128,test/counting_and_probability/119.json,128,4,20,C,7.659512086297301e-05,0.23024271428585052,0.0012184449005872011,0.0011089148465543985,0.003812283113612046,0.9101066819762438,0.38543567061424255,0.007927023846423804,
test/counting_and_probability/119.json|128,test/counting_and_probability/119.json,128,4,21,R,0.0002107239836072007,0.19797606766223907,0.0012428680201992393,0.0012357581872493029,0.002882714485199096,0.9942794940181371,0.25721612572669983,0.004857241055514272,
test/counting_and_probability/119.json|128,test/counting_and_probability/119.json,128,4,21,C,7.659512086297301e-05,0.1989981234073639,0.0017223921604454517,0.0015472972299903631,0.0036094570797302826,0.898342006324421,0.4373515844345093,0.008253185588783388,
test/counting_and_probability/119.json|128,test/counting_and_probability/119.json,128,4,22,R,0.0002107239836072007,0.09222342073917389,0.00041205924935638905,0.0004109418368898332,0.0039046076695995707,0.9972882213769273,0.19035689532756805,0.004092505265563077,
test/counting_and_probability/119.json|128,test/counting_and_probability/119.json,128,4,22,C,7.659512086297301e-05,0.09383811056613922,0.0007168069132603705,0.0006762474658899009,0.00642543738511796,0.9434164939489731,0.3962976336479187,0.008530232190166555,
test/counting_and_probability/119.json|128,test/counting_and_probability/119.json,128,4,24,R,0.0002107239836072007,0.1848745346069336,0.001136869192123413,0.0011229135561734438,0.0027836372569346787,0.9877245007302662,0.19494619965553284,0.003530835836754535,
test/counting_and_probability/119.json|128,test/counting_and_probability/119.json,128,4,24,C,7.659512086297301e-05,0.18719065189361572,0.001589739229530096,0.001387993572279811,0.0034407551667202073,0.8730951250520418,0.36973103880882263,0.006703372922675418,
test/counting_and_probability/119.json|128,test/counting_and_probability/119.json,128,4,25,R,0.0002107239836072007,0.19425660371780396,0.0008713623974472284,0.0008680023020133376,0.003070218539006203,0.9961438588125003,0.23073948919773102,0.004261625236791971,
test/counting_and_probability/119.json|128,test/counting_and_probability/119.json,128,4,25,C,7.659512086297301e-05,0.2023562788963318,0.0013618840603157878,0.001245803781785071,0.004406543459537726,0.9147649327663284,0.6291632056236267,0.011709768735592768,
test/counting_and_probability/119.json|128,test/counting_and_probability/119.json,128,4,26,R,0.0002107239836072007,0.3733855187892914,0.0006388897891156375,0.0006351421470753849,0.003383125606384029,0.9941341322114815,0.2411617785692215,0.0047453331457823255,
test/counting_and_probability/119.json|128,test/counting_and_probability/119.json,128,4,26,C,7.659512086297301e-05,0.376321017742157,0.0012238972121849656,0.0010914562735706568,0.005813712228621974,0.8917875306949545,0.5194097757339478,0.010185029742710206,
test/counting_and_probability/119.json|128,test/counting_and_probability/119.json,128,4,28,R,0.0002107239836072007,0.24071776866912842,0.0013091295259073377,0.0013043552171438932,0.003262935689994708,0.9963530654031437,0.20153583586215973,0.00399895548447532,
test/counting_and_probability/119.json|128,test/counting_and_probability/119.json,128,4,28,C,7.659512086297301e-05,0.24379481375217438,0.0018175725126639009,0.0016649127937853336,0.0041648956543190365,0.916009007216536,0.8129714131355286,0.016095056827322218,
test/counting_and_probability/119.json|128,test/counting_and_probability/119.json,128,4,29,R,0.0002107239836072007,0.12595678865909576,0.0009053649264387786,0.0008881711401045322,0.003518595498811959,0.9810089977939762,0.20026229321956635,0.0037677152266549292,
test/counting_and_probability/119.json|128,test/counting_and_probability/119.json,128,4,29,C,7.659512086297301e-05,0.12758396565914154,0.0011388256680220366,0.0009800958214327693,0.003882766045845486,0.860619713879846,0.33436882495880127,0.00628267307978816,
test/counting_and_probability/119.json|128,test/counting_and_probability/119.json,128,4,30,R,0.0002107239836072007,0.16857068240642548,0.0009889941429719329,0.0009651319705881178,0.00426110410018691,0.9758722804080706,0.24370431900024414,0.004403044371345005,
test/counting_and_probability/119.json|128,test/counting_and_probability/119.json,128,4,30,C,7.659512086297301e-05,0.169678196310997,0.0012839884730055928,0.0011281236074864864,0.00498072002158323,0.8786088273574117,0.3302597403526306,0.005966207300312338,
test/counting_and_probability/119.json|128,test/counting_and_probability/119.json,128,5,0,R,0.0002107239836072007,2.048487424850464,0.03959246352314949,0.03958806395530701,0.005477158108034692,0.999888878628636,0.28151935338974,0.004896355470714279,
test/counting_and_probability/119.json|128,test/counting_and_probability/119.json,128,5,0,C,7.659512086297301e-05,2.1839182376861572,0.015907829627394676,0.0008381748921237886,0.0001159646607505161,0.052689456179973705,0.8133893609046936,0.014686636094315107,
test/counting_and_probability/119.json|128,test/counting_and_probability/119.json,128,5,1,R,0.0002107239836072007,0.05624204874038696,0.0006457882118411362,0.0006457398412749171,0.008862028456105632,0.9999250968579834,0.19696232676506042,0.006658243762854858,
test/counting_and_probability/119.json|128,test/counting_and_probability/119.json,128,5,1,C,7.659512086297301e-05,0.05659487470984459,0.0004163124249316752,0.0002786514232866466,0.003824166769120366,0.6693324674685032,0.16149115562438965,0.0054726069679201595,
test/counting_and_probability/119.json|128,test/counting_and_probability/119.json,128,5,2,R,0.0002107239836072007,0.060566335916519165,0.0003375875821802765,0.0003368830366525799,0.0057036995132513585,0.9979129963221415,0.18884208798408508,0.006054589216565802,
test/counting_and_probability/119.json|128,test/counting_and_probability/119.json,128,5,2,C,7.659512086297301e-05,0.06187102943658829,0.00040047388756647706,0.00014496564108412713,0.002454384360535225,0.36198525103107543,0.15975090861320496,0.005122327126348409,
test/counting_and_probability/119.json|128,test/counting_and_probability/119.json,128,5,4,R,0.0002107239836072007,0.05625901371240616,0.00040701322723180056,0.00040672917384654284,0.010543718434755985,0.9993021003604926,0.2956363558769226,0.011311533326397127,
test/counting_and_probability/119.json|128,test/counting_and_probability/119.json,128,5,4,C,7.659512086297301e-05,0.057171277701854706,0.0004111910820938647,0.00020424427930265665,0.005294663651762967,0.4967137851479935,0.23100028932094574,0.00881829741788374,
test/counting_and_probability/119.json|128,test/counting_and_probability/119.json,128,5,5,R,0.0002107239836072007,0.057836245745420456,0.00036436947993934155,0.0003642793162725866,0.010129551580877713,0.999752546051545,0.25069761276245117,0.010798909442427035,
test/counting_and_probability/119.json|128,test/counting_and_probability/119.json,128,5,5,C,7.659512086297301e-05,0.05826075002551079,0.0004050088464282453,0.00020789646077901125,0.005780997791724998,0.5133133809276694,0.22299709916114807,0.009625367882050578,
test/counting_and_probability/119.json|128,test/counting_and_probability/119.json,128,5,6,R,0.0002107239836072007,0.05818009003996849,0.0004839464963879436,0.0004837514425162226,0.010366840479245663,0.9995969495124486,0.2891702353954315,0.010420843509602134,
test/counting_and_probability/119.json|128,test/counting_and_probability/119.json,128,5,6,C,7.659512086297301e-05,0.05855806916952133,0.00044042416266165674,0.0002638828591443598,0.005655035345688073,0.5991561792397029,0.3009467124938965,0.010854757790754635,
test/counting_and_probability/119.json|128,test/counting_and_probability/119.json,128,5,8,R,0.0002107239836072007,0.24551299214363098,0.0004847586387768388,0.0004845019429922104,0.009385621811019663,0.9994704647559318,0.3225072920322418,0.009867799036263175,
test/counting_and_probability/119.json|128,test/counting_and_probability/119.json,128,5,8,C,7.659512086297301e-05,0.2476600855588913,0.0012851560022681952,0.0007499666535295546,0.014528122090560085,0.583560790769653,0.5504210591316223,0.016501710927370166,
test/counting_and_probability/119.json|128,test/counting_and_probability/119.json,128,5,9,R,0.0002107239836072007,0.08599112927913666,0.00033124518813565373,0.0003308654122520238,0.007424777719859367,0.9988534870963081,0.2390635907649994,0.008308903391527981,
test/counting_and_probability/119.json|128,test/counting_and_probability/119.json,128,5,9,C,7.659512086297301e-05,0.0874490886926651,0.0006950942915864289,0.0003520132158882916,0.007899344523907533,0.5064251277024,0.42608335614204407,0.014845593466895344,
test/counting_and_probability/119.json|128,test/counting_and_probability/119.json,128,5,10,R,0.0002107239836072007,0.0801701694726944,0.0005014879279769957,0.0005009654560126364,0.009498345423316908,0.9989581544556315,0.34433799982070923,0.009685277532811518,
test/counting_and_probability/119.json|128,test/counting_and_probability/119.json,128,5,10,C,7.659512086297301e-05,0.08084343373775482,0.0007933046435937285,0.0004445439262781292,0.008428588672031492,0.5603697511512635,0.37943074107170105,0.01068854252805656,
test/counting_and_probability/119.json|128,test/counting_and_probability/119.json,128,5,12,R,0.0002107239836072007,0.06861560046672821,0.0004681655846070498,0.00046718624071218073,0.008492162505403389,0.997908122841624,0.3320554494857788,0.00896630450923584,
test/counting_and_probability/119.json|128,test/counting_and_probability/119.json,128,5,12,C,7.659512086297301e-05,0.06927099823951721,0.0005893660127185285,0.0004283454327378422,0.00778614331130975,0.7267901826154721,0.3805406391620636,0.010325119203381026,
test/counting_and_probability/119.json|128,test/counting_and_probability/119.json,128,5,13,R,0.0002107239836072007,0.07002835720777512,0.0005660901078954339,0.0005646300269290805,0.010828422530886055,0.9974207605054214,0.35549506545066833,0.012712433074094781,
test/counting_and_probability/119.json|128,test/counting_and_probability/119.json,128,5,13,C,7.659512086297301e-05,0.07081522792577744,0.0004303582536522299,0.0003508033696562052,0.006727674637773249,0.8151426535078022,0.36534324288368225,0.013086074656344855,
test/counting_and_probability/119.json|128,test/counting_and_probability/119.json,128,5,14,R,0.0002107239836072007,0.0759073942899704,0.000473998486995697,0.0004702321020886302,0.0067796012592207374,0.9920540128239798,0.24399873614311218,0.006511726830937132,
test/counting_and_probability/119.json|128,test/counting_and_probability/119.json,128,5,14,C,7.659512086297301e-05,0.07654431462287903,0.0005179496365599334,0.0003770094190258533,0.005435557293117344,0.7278881800206463,0.3679857552051544,0.009845343563859361,
test/counting_and_probability/119.json|128,test/counting_and_probability/119.json,128,5,16,R,0.0002107239836072007,0.06813047081232071,0.0004046296526212245,0.00040416218689642847,0.009201651180527362,0.9988447047303318,0.32242709398269653,0.009834597557061966,
test/counting_and_probability/119.json|128,test/counting_and_probability/119.json,128,5,16,C,7.659512086297301e-05,0.06851349771022797,0.0005022730911150575,0.0003854166716337204,0.008774867829093019,0.7673448522013033,0.3466573655605316,0.010529213476821649,
test/counting_and_probability/119.json|128,test/counting_and_probability/119.json,128,5,17,R,0.0002107239836072007,0.0664837434887886,0.0003393175720702857,0.00033775638439692557,0.008727410777419344,0.9953990338336036,0.27194657921791077,0.009598158983618316,
test/counting_and_probability/119.json|128,test/counting_and_probability/119.json,128,5,17,C,7.659512086297301e-05,0.06725120544433594,0.0005623425240628421,0.0004748398787342012,0.012269561336680047,0.8443961777230657,0.40473270416259766,0.014316896402391394,
test/counting_and_probability/119.json|128,test/counting_and_probability/119.json,128,5,18,R,0.0002107239836072007,0.06039275974035263,0.0004365689237602055,0.00043385312892496586,0.006229014930197989,0.9937792277892171,0.2637895941734314,0.0067074925453849,
test/counting_and_probability/119.json|128,test/counting_and_probability/119.json,128,5,18,C,7.659512086297301e-05,0.06108550354838371,0.0006315831560641527,0.0004255200328771025,0.006109373106188251,0.6737355613710271,0.3611605167388916,0.00921628727355956,
test/counting_and_probability/119.json|128,test/counting_and_probability/119.json,128,5,20,R,0.0002107239836072007,0.2242833971977234,0.0010101690422743559,0.0010055339662358165,0.004092623859634019,0.9954115827747846,0.23872679471969604,0.005079774489748258,
test/counting_and_probability/119.json|128,test/counting_and_probability/119.json,128,5,20,C,7.659512086297301e-05,0.23005938529968262,0.0012526672799140215,0.001104386756196618,0.004494964606311579,0.8816281649751329,0.3642553985118866,0.007749472949778584,
test/counting_and_probability/119.json|128,test/counting_and_probability/119.json,128,5,21,R,0.0002107239836072007,0.19755882024765015,0.0011298422468826175,0.0011271685361862183,0.0029076887712390425,0.9976335530899026,0.26705947518348694,0.0052433914164885815,
test/counting_and_probability/119.json|128,test/counting_and_probability/119.json,128,5,21,C,7.659512086297301e-05,0.19863644242286682,0.0013483481016010046,0.0012204659869894385,0.003148362584760868,0.905156453763774,0.4642183482646942,0.009119609430853149,
test/counting_and_probability/119.json|128,test/counting_and_probability/119.json,128,5,22,R,0.0002107239836072007,0.09190202504396439,0.0004358933074399829,0.00042256436427123845,0.004504471096106423,0.9694215444223098,0.20069830119609833,0.0045369453588427,
test/counting_and_probability/119.json|128,test/counting_and_probability/119.json,128,5,22,C,7.659512086297301e-05,0.09355783462524414,0.0007644231081940234,0.0006908538052812219,0.007364395251102839,0.9037583989443098,0.4492318630218506,0.010169035419725964,
test/counting_and_probability/119.json|128,test/counting_and_probability/119.json,128,5,24,R,0.0002107239836072007,0.18447287380695343,0.0010997861390933394,0.001092338701710105,0.002831556427821462,0.9932282849258289,0.18319211900234222,0.0034183412346200895,
test/counting_and_probability/119.json|128,test/counting_and_probability/119.json,128,5,24,C,7.659512086297301e-05,0.1870061159133911,0.001437787781469524,0.0012897852575406432,0.003343376675001118,0.8970623295500024,0.3951488137245178,0.007377065930873986,
test/counting_and_probability/119.json|128,test/counting_and_probability/119.json,128,5,25,R,0.0002107239836072007,0.19353550672531128,0.0008152091177180409,0.0008013470214791596,0.0027268415929731114,0.9829956548318789,0.20937159657478333,0.004117633326096856,
test/counting_and_probability/119.json|128,test/counting_and_probability/119.json,128,5,25,C,7.659512086297301e-05,0.20205190777778625,0.0014423022512346506,0.0012857113033533096,0.004375047219952326,0.8914298659391784,0.6656463742256165,0.01318275966314099,
test/counting_and_probability/119.json|128,test/counting_and_probability/119.json,128,5,26,R,0.0002107239836072007,0.37319469451904297,0.0006617308827117085,0.000659723358694464,0.0034097471141194087,0.9969662515885851,0.22101843357086182,0.004664582201155226,
test/counting_and_probability/119.json|128,test/counting_and_probability/119.json,128,5,26,C,7.659512086297301e-05,0.37604913115501404,0.0014240349410101771,0.0012051737867295742,0.00622888031347799,0.8463091397380621,0.6687455773353577,0.013892473280598705,
test/counting_and_probability/119.json|128,test/counting_and_probability/119.json,128,5,28,R,0.0002107239836072007,0.2401009202003479,0.0013874768046662211,0.0013700942508876324,0.003734982204430925,0.9874718231630242,0.2080024778842926,0.003970431207226752,
test/counting_and_probability/119.json|128,test/counting_and_probability/119.json,128,5,28,C,7.659512086297301e-05,0.2434832900762558,0.001765988185070455,0.001674866653047502,0.004565815191089547,0.9484019577584435,0.7093096375465393,0.013502479090694196,
test/counting_and_probability/119.json|128,test/counting_and_probability/119.json,128,5,29,R,0.0002107239836072007,0.12539243698120117,0.0008058766834437847,0.0008037211373448372,0.0034129336632257295,0.9973252147126762,0.20479542016983032,0.0038269241104923394,
test/counting_and_probability/119.json|128,test/counting_and_probability/119.json,128,5,29,C,7.659512086297301e-05,0.12707923352718353,0.0010436591692268848,0.0009457439882680774,0.004016021657731526,0.90618088284749,0.33205121755599976,0.00619932826101449,
test/counting_and_probability/119.json|128,test/counting_and_probability/119.json,128,5,30,R,0.0002107239836072007,0.16827020049095154,0.000941165373660624,0.000936708936933428,0.003854446170939722,0.9952649790916894,0.2313506156206131,0.004230553758133354,
test/counting_and_probability/119.json|128,test/counting_and_probability/119.json,128,5,30,C,7.659512086297301e-05,0.16952531039714813,0.0011862046085298061,0.00103303836658597,0.004250830348172608,0.8708770462420062,0.3526381552219391,0.006429234152168387,
test/counting_and_probability/119.json|128,test/counting_and_probability/119.json,128,6,0,R,0.0002107239836072007,2.0327084064483643,0.039799634367227554,0.03979505971074104,0.005724690052314579,0.9998850578011802,0.28938189148902893,0.004998548143857613,
test/counting_and_probability/119.json|128,test/counting_and_probability/119.json,128,6,0,C,7.659512086297301e-05,2.1790781021118164,0.015644390136003494,0.0006645910907536745,9.560427936906868e-05,0.0424811120749108,0.47025924921035767,0.008210773167072761,
test/counting_and_probability/119.json|128,test/counting_and_probability/119.json,128,6,1,R,0.0002107239836072007,0.0560445562005043,0.0006410491187125444,0.0006409932393580675,0.009014314772792437,0.9999128298397758,0.20953677594661713,0.006906442717383772,
test/counting_and_probability/119.json|128,test/counting_and_probability/119.json,128,6,1,C,7.659512086297301e-05,0.05645206570625305,0.00039892623317427933,0.00016082052025012672,0.002261625712169279,0.4031334780050311,0.12254747748374939,0.004045307586430589,
test/counting_and_probability/119.json|128,test/counting_and_probability/119.json,128,6,2,R,0.0002107239836072007,0.06008128076791763,0.0003169893170706928,0.00031693693017587066,0.004775404627905886,0.9998347329331444,0.17046724259853363,0.0053862663010369955,
test/counting_and_probability/119.json|128,test/counting_and_probability/119.json,128,6,2,C,7.659512086297301e-05,0.06153971329331398,0.0002799606882035732,0.00014597208064515144,0.0021994147197396496,0.5214020620552479,0.17388692498207092,0.005494640126855134,
test/counting_and_probability/119.json|128,test/counting_and_probability/119.json,128,6,4,R,0.0002107239836072007,0.05607936903834343,0.0003095728170592338,0.0003094743879046291,0.007142551785419397,0.9996820452285774,0.20284409821033478,0.006832793297227945,
test/counting_and_probability/119.json|128,test/counting_and_probability/119.json,128,6,4,C,7.659512086297301e-05,0.05705923214554787,0.000374255352653563,0.0001972811296582222,0.004553173832608502,0.5271297463945952,0.181117445230484,0.006107560392225748,
test/counting_and_probability/119.json|128,test/counting_and_probability/119.json,128,6,5,R,0.0002107239836072007,0.057639703154563904,0.0003560720942914486,0.00035599726834334433,0.008914603859093958,0.9997898545011145,0.22564396262168884,0.009420879658611958,
test/counting_and_probability/119.json|128,test/counting_and_probability/119.json,128,6,5,C,7.659512086297301e-05,0.05816826596856117,0.00039815629133954644,0.00019460513431113213,0.004873148857019735,0.48876568838744733,0.27933573722839355,0.011741925164158354,
test/counting_and_probability/119.json|128,test/counting_and_probability/119.json,128,6,6,R,0.0002107239836072007,0.05798139050602913,0.0005056852824054658,0.0005055231158621609,0.009116397377933806,0.9996793113253903,0.2476075440645218,0.00816149345503248,
test/counting_and_probability/119.json|128,test/counting_and_probability/119.json,128,6,6,C,7.659512086297301e-05,0.05840078741312027,0.0004069945716764778,0.000204388503334485,0.0036858587815524727,0.5021897515497203,0.2421969473361969,0.007957599437690964,
test/counting_and_probability/119.json|128,test/counting_and_probability/119.json,128,6,8,R,0.0002107239836072007,0.24465526640415192,0.0005217667203396559,0.0005214675329625607,0.00777206312232631,0.9994265859341757,0.3091254234313965,0.008323378970160899,
test/counting_and_probability/119.json|128,test/counting_and_probability/119.json,128,6,8,C,7.659512086297301e-05,0.24752512574195862,0.0014065533177927136,0.0006437837146222591,0.009595089532696064,0.4577030291143444,0.5838208794593811,0.01517850435007534,
test/counting_and_probability/119.json|128,test/counting_and_probability/119.json,128,6,9,R,0.0002107239836072007,0.0857328400015831,0.0003506858483888209,0.00035027251578867435,0.006292157285144338,0.998821356490811,0.2420913279056549,0.0075620870415617145,
test/counting_and_probability/119.json|128,test/counting_and_probability/119.json,128,6,9,C,7.659512086297301e-05,0.08733660727739334,0.0006175701855681837,0.0003435209218878299,0.00617087431592855,0.5562459609599418,0.40334171056747437,0.012662961156472403,
test/counting_and_probability/119.json|128,test/counting_and_probability/119.json,128,6,10,R,0.0002107239836072007,0.07992789149284363,0.00048396328929811716,0.0004833866551052779,0.00890464467990266,0.9988085146034856,0.33504992723464966,0.009091336250720623,
test/counting_and_probability/119.json|128,test/counting_and_probability/119.json,128,6,10,C,7.659512086297301e-05,0.0807131752371788,0.0006144549697637558,0.00036200840258970857,0.006668690916795051,0.5891536724647846,0.32467493414878845,0.008805398752338382,
test/counting_and_probability/119.json|128,test/counting_and_probability/119.json,128,6,12,R,0.0002107239836072007,0.06838826835155487,0.0004212338535580784,0.00042075684177689254,0.0068951374845433394,0.9988675820425538,0.28303635120391846,0.0072196817695979335,
test/counting_and_probability/119.json|128,test/counting_and_probability/119.json,128,6,12,C,7.659512086297301e-05,0.06913246959447861,0.0006005351315252483,0.00040008549694903195,0.006556386570888368,0.6662149727471792,0.34137243032455444,0.00873707861944475,
test/counting_and_probability/119.json|128,test/counting_and_probability/119.json,128,6,13,R,0.0002107239836072007,0.06981147080659866,0.0005802623927593231,0.0005788943963125348,0.009998879197347198,0.9976424502750807,0.336575448513031,0.012610741625618071,
test/counting_and_probability/119.json|128,test/counting_and_probability/119.json,128,6,13,C,7.659512086297301e-05,0.07066970318555832,0.0005541113205254078,0.00039233185816556215,0.006776501690215564,0.7080379752673444,0.3830209970474243,0.014358526953826558,
test/counting_and_probability/119.json|128,test/counting_and_probability/119.json,128,6,14,R,0.0002107239836072007,0.07568392902612686,0.0005133485537953675,0.0005130715435370803,0.007354771248729622,0.9994603836794718,0.27495548129081726,0.007345649448229839,
test/counting_and_probability/119.json|128,test/counting_and_probability/119.json,128,6,14,C,7.659512086297301e-05,0.07637166231870651,0.0006489075603894889,0.0005633227410726249,0.008075111457622821,0.8681093804276168,0.5301360487937927,0.01422864120786015,
test/counting_and_probability/119.json|128,test/counting_and_probability/119.json,128,6,16,R,0.0002107239836072007,0.06795965880155563,0.00043418339919298887,0.0004317155689932406,0.009940187516459583,0.9943161548814364,0.3418090045452118,0.010394211528503389,
test/counting_and_probability/119.json|128,test/counting_and_probability/119.json,128,6,16,C,7.659512086297301e-05,0.06840770691633224,0.0004894332378171384,0.0004057589976582676,0.009342541276932764,0.829038498976705,0.3556003272533417,0.010784006380294826,
test/counting_and_probability/119.json|128,test/counting_and_probability/119.json,128,6,17,R,0.0002107239836072007,0.06631730496883392,0.0003357978130225092,0.0003347539168316871,0.007610089300626414,0.9968912924765134,0.28050729632377625,0.009120010017868158,
test/counting_and_probability/119.json|128,test/counting_and_probability/119.json,128,6,17,C,7.659512086297301e-05,0.0671345517039299,0.00045560329454019666,0.00041996315121650696,0.00954718353702492,0.9217737345788245,0.37823742628097534,0.012293642102890025,
test/counting_and_probability/119.json|128,test/counting_and_probability/119.json,128,6,18,R,0.0002107239836072007,0.06025073304772377,0.00046921795001253486,0.00046833648229949176,0.006201124090723399,0.9981214088013024,0.2561746835708618,0.006271351468608719,
test/counting_and_probability/119.json|128,test/counting_and_probability/119.json,128,6,18,C,7.659512086297301e-05,0.0609855018556118,0.0005986199830658734,0.00042244914220646024,0.005593541506695385,0.7057050440200022,0.3074743449687958,0.007535354674571435,
test/counting_and_probability/119.json|128,test/counting_and_probability/119.json,128,6,20,R,0.0002107239836072007,0.2239518165588379,0.0009692981257103384,0.0009607147076167166,0.0036525444889146316,0.9911447068171352,0.24496781826019287,0.0050986270242009205,
test/counting_and_probability/119.json|128,test/counting_and_probability/119.json,128,6,20,C,7.659512086297301e-05,0.2299497127532959,0.0011625447077676654,0.0011033547343686223,0.004194848087975556,0.9490858511052135,0.39315199851989746,0.008180443877027743,
test/counting_and_probability/119.json|128,test/counting_and_probability/119.json,128,6,21,R,0.0002107239836072007,0.19733823835849762,0.001082897768355906,0.001077811117284,0.0024833475033762755,0.9953027402808932,0.23690055310726166,0.004448894755401935,
test/counting_and_probability/119.json|128,test/counting_and_probability/119.json,128,6,21,C,7.659512086297301e-05,0.19843624532222748,0.0021651964634656906,0.001680120942182839,0.003871108842942612,0.7759669710145427,0.4120849668979645,0.00774403252025664,
test/counting_and_probability/119.json|128,test/counting_and_probability/119.json,128,6,22,R,0.0002107239836072007,0.09177200496196747,0.00039929832564666867,0.00038183058495633304,0.0037156853110048467,0.9562539071049189,0.19039186835289001,0.004028440580525063,
test/counting_and_probability/119.json|128,test/counting_and_probability/119.json,128,6,22,C,7.659512086297301e-05,0.09346682578325272,0.0007352588581852615,0.0006834058440290391,0.0066503867321261656,0.9294765176802079,0.424072802066803,0.008982132086997394,
test/counting_and_probability/119.json|128,test/counting_and_probability/119.json,128,6,24,R,0.0002107239836072007,0.184355229139328,0.0009797754464671016,0.0009703338146209717,0.0023910012169747336,0.9903634727012824,0.17336636781692505,0.003186709119155538,
test/counting_and_probability/119.json|128,test/counting_and_probability/119.json,128,6,24,C,7.659512086297301e-05,0.1869308203458786,0.0015803129645064473,0.0013910646084696054,0.0034277246877565657,0.8802462795866558,0.3940070867538452,0.007250525245073327,
test/counting_and_probability/119.json|128,test/counting_and_probability/119.json,128,6,25,R,0.0002107239836072007,0.1932542473077774,0.0006953240372240543,0.0006836867542006075,0.0022666346841171254,0.9832635096966158,0.19106531143188477,0.003690242201159158,
test/counting_and_probability/119.json|128,test/counting_and_probability/119.json,128,6,25,C,7.659512086297301e-05,0.2019331455230713,0.0013451791601255536,0.0012347527081146836,0.004093590079557233,0.9179094828390943,0.6562172174453735,0.01275564513002576,
test/counting_and_probability/119.json|128,test/counting_and_probability/119.json,128,6,26,R,0.0002107239836072007,0.3729192614555359,0.00048728720867075026,0.0004860319313593209,0.0026413405538451575,0.9974239457007756,0.2022564560174942,0.004340801131024208,
test/counting_and_probability/119.json|128,test/counting_and_probability/119.json,128,6,26,C,7.659512086297301e-05,0.3758144974708557,0.0012365380534902215,0.0010685588931664824,0.005807083355200214,0.8641536661862051,0.6049816012382507,0.012833837597973498,
test/counting_and_probability/119.json|128,test/counting_and_probability/119.json,128,6,28,R,0.0002107239836072007,0.23985479772090912,0.001202043378725648,0.0011985446326434612,0.0032159538991565653,0.9970893337618271,0.17520950734615326,0.0034077973516137804,
test/counting_and_probability/119.json|128,test/counting_and_probability/119.json,128,6,28,C,7.659512086297301e-05,0.2432977706193924,0.0016705759335309267,0.0015825340524315834,0.004246280378595925,0.9472984853429819,0.695339560508728,0.01349757818738472,
test/counting_and_probability/119.json|128,test/counting_and_probability/119.json,128,6,29,R,0.0002107239836072007,0.12515895068645477,0.0007203110144473612,0.0007162776892073452,0.003214501946214271,0.9944005767598723,0.18392601609230042,0.003475370243919234,
test/counting_and_probability/119.json|128,test/counting_and_probability/119.json,128,6,29,C,7.659512086297301e-05,0.12695109844207764,0.0011002097744494677,0.0010098899947479367,0.004532171534160179,0.9179067640399462,0.3528044521808624,0.006649971338413511,
test/counting_and_probability/119.json|128,test/counting_and_probability/119.json,128,6,30,R,0.0002107239836072007,0.16807912290096283,0.0008539099362678826,0.0008470891043543816,0.0041274374322658736,0.9920122338248872,0.20677080750465393,0.003777405435270502,
test/counting_and_probability/119.json|128,test/counting_and_probability/119.json,128,6,30,C,7.659512086297301e-05,0.1694418042898178,0.0010836299043148756,0.0009780176915228367,0.004765386319643712,0.9025384835966199,0.3526974618434906,0.00642969346844438,
test/counting_and_probability/119.json|128,test/counting_and_probability/119.json,128,7,0,R,0.0002107239836072007,2.013756513595581,0.03306025266647339,0.03305628150701523,0.005059558140321659,0.9998798811219592,0.2519336938858032,0.0043926582253876675,
test/counting_and_probability/119.json|128,test/counting_and_probability/119.json,128,7,0,C,7.659512086297301e-05,2.174247980117798,0.019466454163193703,0.000648790504783392,9.930316206750523e-05,0.03332864317820999,0.23267804086208344,0.00405942202144222,
test/counting_and_probability/119.json|128,test/counting_and_probability/119.json,128,7,1,R,0.0002107239836072007,0.055878832936286926,0.0007076278561726213,0.0007075616158545017,0.009959882728544266,0.999906389612212,0.21291199326515198,0.007673572651607302,
test/counting_and_probability/119.json|128,test/counting_and_probability/119.json,128,7,1,C,7.659512086297301e-05,0.056294940412044525,0.00026909049483947456,0.00021282094530761242,0.002995741444908493,0.7908898626972332,0.16092120110988617,0.005812984074182171,
test/counting_and_probability/119.json|128,test/counting_and_probability/119.json,128,7,2,R,0.0002107239836072007,0.05964391678571701,0.00032921164529398084,0.0003291047178208828,0.004654749491350816,0.9996751983889338,0.18054978549480438,0.00562431877273513,
test/counting_and_probability/119.json|128,test/counting_and_probability/119.json,128,7,2,C,7.659512086297301e-05,0.06115768104791641,0.0002709479595068842,0.0001774505799403414,0.0025098029654098135,0.6549249516710526,0.17328475415706635,0.005390970673721304,
test/counting_and_probability/119.json|128,test/counting_and_probability/119.json,128,7,4,R,0.0002107239836072007,0.05587310716509819,0.00025325349997729063,0.000253201462328434,0.0057693371991053444,0.9997945195282363,0.1625489443540573,0.005557924177243638,
test/counting_and_probability/119.json|128,test/counting_and_probability/119.json,128,7,4,C,7.659512086297301e-05,0.056882262229919434,0.0003067936049774289,0.00015780352987349033,0.00359564185244842,0.5143638159300493,0.1631670594215393,0.005587462881757975,
test/counting_and_probability/119.json|128,test/counting_and_probability/119.json,128,7,5,R,0.0002107239836072007,0.05751192569732666,0.00029246319900266826,0.00029231683583930135,0.007863631183031999,0.9994995467348864,0.18724429607391357,0.008488780946225112,
test/counting_and_probability/119.json|128,test/counting_and_probability/119.json,128,7,5,C,7.659512086297301e-05,0.05807853862643242,0.0003660348884295672,0.00022170323063619435,0.0059640507287377995,0.6056887937149901,0.30532974004745483,0.013925308354426466,
test/counting_and_probability/119.json|128,test/counting_and_probability/119.json,128,7,6,R,0.0002107239836072007,0.057806968688964844,0.0004364357446320355,0.0004362675244919956,0.00836503750761288,0.9996145569153684,0.2218046337366104,0.007242763753522003,
test/counting_and_probability/119.json|128,test/counting_and_probability/119.json,128,7,6,C,7.659512086297301e-05,0.05825988948345184,0.00034987161052413285,0.00021782689145766199,0.004176634782366189,0.6225909284515846,0.2570115625858307,0.008361470612475656,
test/counting_and_probability/119.json|128,test/counting_and_probability/119.json,128,7,8,R,0.0002107239836072007,0.24435339868068695,0.00046479643788188696,0.00046194036258384585,0.006779192835006514,0.9938552104553303,0.2700830399990082,0.007598032582701096,
test/counting_and_probability/119.json|128,test/counting_and_probability/119.json,128,7,8,C,7.659512086297301e-05,0.2474014163017273,0.0016620749374851584,0.0012888271594420075,0.018914146830512527,0.7754326412121135,1.173481822013855,0.0316277434672347,
test/counting_and_probability/119.json|128,test/counting_and_probability/119.json,128,7,9,R,0.0002107239836072007,0.08548202365636826,0.0003636909241322428,0.0003620362258516252,0.005942914607978085,0.9954502596400614,0.23990362882614136,0.007413426664563212,
test/counting_and_probability/119.json|128,test/counting_and_probability/119.json,128,7,9,C,7.659512086297301e-05,0.08723902702331543,0.0006578870234079659,0.0003554977593012154,0.005835584054841306,0.5403629287583666,0.4210416078567505,0.013049426268262969,
test/counting_and_probability/119.json|128,test/counting_and_probability/119.json,128,7,10,R,0.0002107239836072007,0.0797523707151413,0.0004274185048416257,0.00042710662819445133,0.007596085706082745,0.999270322545908,0.28883057832717896,0.007722742549140665,
test/counting_and_probability/119.json|128,test/counting_and_probability/119.json,128,7,10,C,7.659512086297301e-05,0.08056769520044327,0.0004777473513968289,0.0003142360073979944,0.005588683215296978,0.6577451571871447,0.2776893973350525,0.007427267062394261,
test/counting_and_probability/119.json|128,test/counting_and_probability/119.json,128,7,12,R,0.0002107239836072007,0.06827331334352493,0.0004632610362023115,0.0004628172027878463,0.006617826358262106,0.9990419345059849,0.28944092988967896,0.006821424917511542,
test/counting_and_probability/119.json|128,test/counting_and_probability/119.json,128,7,12,C,7.659512086297301e-05,0.06903950124979019,0.0006225900142453611,0.0004344500775914639,0.006212204640439325,0.6978108658235521,0.31481292843818665,0.00742081207201073,
test/counting_and_probability/119.json|128,test/counting_and_probability/119.json,128,7,13,R,0.0002107239836072007,0.06963840872049332,0.000557909719645977,0.0005573232774622738,0.007648924424822225,0.9989488564869883,0.2702270448207855,0.009104683838770404,
test/counting_and_probability/119.json|128,test/counting_and_probability/119.json,128,7,13,C,7.659512086297301e-05,0.07055328041315079,0.0006086425273679197,0.00037858463474549353,0.005195844811565807,0.6220147575961732,0.3456641733646393,0.011674441335101399,
test/counting_and_probability/119.json|128,test/counting_and_probability/119.json,128,7,14,R,0.0002107239836072007,0.0754270851612091,0.0004949044086970389,0.000494594220072031,0.00656289536175529,0.9993732332569076,0.2428692728281021,0.00602184190208438,
test/counting_and_probability/119.json|128,test/counting_and_probability/119.json,128,7,14,C,7.659512086297301e-05,0.07616935670375824,0.0004466313112061471,0.00033396854996681213,0.0044315128616548025,0.7477499692468174,0.2901891767978668,0.00719597252016164,
test/counting_and_probability/119.json|128,test/counting_and_probability/119.json,128,7,16,R,0.0002107239836072007,0.06781303137540817,0.00042766344267874956,0.00042240257607772946,0.006909730531383336,0.9876985800895998,0.275611937046051,0.006989036581873378,
test/counting_and_probability/119.json|128,test/counting_and_probability/119.json,128,7,16,C,7.659512086297301e-05,0.06831008195877075,0.0004976256750524044,0.0003429136413615197,0.005609437516563605,0.6890995739645231,0.28273510932922363,0.007150685693961943,
test/counting_and_probability/119.json|128,test/counting_and_probability/119.json,128,7,17,R,0.0002107239836072007,0.06604833155870438,0.0003280322125647217,0.0003254438051953912,0.007906295199792432,0.9921092860326054,0.2698112428188324,0.008771974018485673,
test/counting_and_probability/119.json|128,test/counting_and_probability/119.json,128,7,17,C,7.659512086297301e-05,0.06690842658281326,0.0004808112280443311,0.00039775006007403135,0.009662895223316422,0.8272478595489677,0.3745010197162628,0.012178972339297354,
test/counting_and_probability/119.json|128,test/counting_and_probability/119.json,128,7,18,R,0.0002107239836072007,0.06006190553307533,0.00043713307240977883,0.0004347491485532373,0.004848371891652936,0.9945464550692856,0.2185472846031189,0.00482904835919981,
test/counting_and_probability/119.json|128,test/counting_and_probability/119.json,128,7,18,C,7.659512086297301e-05,0.060836464166641235,0.000500817084684968,0.00035400610067881644,0.003947916249442997,0.7068570757617862,0.22364690899848938,0.004946153745268779,
test/counting_and_probability/119.json|128,test/counting_and_probability/119.json,128,7,20,R,0.0002107239836072007,0.22369419038295746,0.0009261732921004295,0.000909803609829396,0.003605042931508785,0.9823254639353345,0.23121774196624756,0.004686663334664493,
test/counting_and_probability/119.json|128,test/counting_and_probability/119.json,128,7,20,C,7.659512086297301e-05,0.229780375957489,0.0011048770975321531,0.001035409513860941,0.004102748888698384,0.9371264145455626,0.3927854597568512,0.007958877167814824,
test/counting_and_probability/119.json|128,test/counting_and_probability/119.json,128,7,21,R,0.0002107239836072007,0.19693538546562195,0.0012439744314178824,0.001239595003426075,0.002974146961538875,0.9964794863321305,0.2842329144477844,0.005197183997477544,
test/counting_and_probability/119.json|128,test/counting_and_probability/119.json,128,7,21,C,7.659512086297301e-05,0.1981375813484192,0.0016408879309892654,0.0015230895951390266,0.003654332486831743,0.9282106141719071,0.430509477853775,0.00789107639282131,
test/counting_and_probability/119.json|128,test/counting_and_probability/119.json,128,7,22,R,0.0002107239836072007,0.09095054119825363,0.0004681229474954307,0.00046236239722929895,0.004097710149951455,0.9876943625928906,0.21728789806365967,0.004430089933562065,
test/counting_and_probability/119.json|128,test/counting_and_probability/119.json,128,7,22,C,7.659512086297301e-05,0.0927816852927208,0.0006932972464710474,0.0006544794305227697,0.005800357082363654,0.9440098499022257,0.3601915240287781,0.00735103304547734,
test/counting_and_probability/119.json|128,test/counting_and_probability/119.json,128,7,24,R,0.0002107239836072007,0.18394076824188232,0.0011843221727758646,0.0011743138311430812,0.0030810270462176825,0.9915493073976022,0.19772042334079742,0.0035468128255805582,
test/counting_and_probability/119.json|128,test/counting_and_probability/119.json,128,7,24,C,7.659512086297301e-05,0.18669851124286652,0.001626678858883679,0.0014688164228573442,0.0038537084421011066,0.9029541473000865,0.3629227876663208,0.006520850174644264,
test/counting_and_probability/119.json|128,test/counting_and_probability/119.json,128,7,25,R,0.0002107239836072007,0.1924707293510437,0.000825915951281786,0.0008208798826672137,0.0026394665252362976,0.9939024429778127,0.21632365882396698,0.003932566267030702,
test/counting_and_probability/119.json|128,test/counting_and_probability/119.json,128,7,25,C,7.659512086297301e-05,0.2016003429889679,0.001350455917418003,0.0012532102409750223,0.004029586483943445,0.9279904837198243,0.5976036190986633,0.010938430654633517,
test/counting_and_probability/119.json|128,test/counting_and_probability/119.json,128,7,26,R,0.0002107239836072007,0.37250232696533203,0.0006976260337978601,0.0006941221654415131,0.003512511967749767,0.9949774389406749,0.24043039977550507,0.00478645527116423,
test/counting_and_probability/119.json|128,test/counting_and_probability/119.json,128,7,26,C,7.659512086297301e-05,0.37542012333869934,0.0016512387664988637,0.0013781569432467222,0.006973978065536123,0.8346200261118025,0.7246341109275818,0.014132842345763617,
test/counting_and_probability/119.json|128,test/counting_and_probability/119.json,128,7,28,R,0.0002107239836072007,0.2393253743648529,0.0013964339159429073,0.0013881520135328174,0.0036296938386718995,0.9940692478823339,0.2248355746269226,0.004459829179683337,
test/counting_and_probability/119.json|128,test/counting_and_probability/119.json,128,7,28,C,7.659512086297301e-05,0.24283041059970856,0.001697168336249888,0.0015997879672795534,0.004183072510364341,0.9426218555737783,0.773366391658783,0.015296371300715858,
test/counting_and_probability/119.json|128,test/counting_and_probability/119.json,128,7,29,R,0.0002107239836072007,0.12482931464910507,0.0007785696652717888,0.0007737483829259872,0.0030419368312647257,0.9938075119611472,0.1837088018655777,0.003422872958790803,
test/counting_and_probability/119.json|128,test/counting_and_probability/119.json,128,7,29,C,7.659512086297301e-05,0.12666602432727814,0.0010752723319455981,0.0009481505258008838,0.0037275864734086467,0.8817771059016489,0.3095395267009735,0.005760519881713898,
test/counting_and_probability/119.json|128,test/counting_and_probability/119.json,128,7,30,R,0.0002107239836072007,0.16787633299827576,0.0008719414472579956,0.0008694116258993745,0.003965597584738797,0.9970986327537528,0.21712134778499603,0.004003992956220156,
test/counting_and_probability/119.json|128,test/counting_and_probability/119.json,128,7,30,C,7.659512086297301e-05,0.16933636367321014,0.0011908450396731496,0.0010902035282924771,0.0049726830765554324,0.9154873145176111,0.3670608699321747,0.00676898576222246,
test/counting_and_probability/119.json|128,test/counting_and_probability/119.json,128,8,0,R,0.0002107239836072007,2.0012335777282715,0.03334495797753334,0.03334123268723488,0.0049003832408627,0.9998882802221296,0.2533915638923645,0.004379210712677595,
test/counting_and_probability/119.json|128,test/counting_and_probability/119.json,128,8,0,C,7.659512086297301e-05,2.166295289993286,0.020712660625576973,0.0009229544666595757,0.00013565277093757785,0.04455991836583795,0.9065451622009277,0.016449406225546494,
test/counting_and_probability/119.json|128,test/counting_and_probability/119.json,128,8,1,R,0.0002107239836072007,0.05565105006098747,0.0006762515986338258,0.0006761616677977145,0.00873435916635646,0.9998670142352934,0.19002850353717804,0.006503397387764642,
test/counting_and_probability/119.json|128,test/counting_and_probability/119.json,128,8,1,C,7.659512086297301e-05,0.05609184131026268,0.00040852726669982076,0.0002928542671725154,0.0037829626769823074,0.7168536602743981,0.1452757567167282,0.004977343853472254,
test/counting_and_probability/119.json|128,test/counting_and_probability/119.json,128,8,2,R,0.0002107239836072007,0.05897848680615425,0.0003252396418247372,0.00032519741216674447,0.005072512762479128,0.9998701552565181,0.1778213381767273,0.005546473786316442,
test/counting_and_probability/119.json|128,test/counting_and_probability/119.json,128,8,2,C,7.659512086297301e-05,0.060521021485328674,0.0004523023671936244,0.00015545512724202126,0.0024248290036319314,0.343697354190003,0.25105467438697815,0.0077283732307699415,
test/counting_and_probability/119.json|128,test/counting_and_probability/119.json,128,8,4,R,0.0002107239836072007,0.05553362891077995,0.0002869068121071905,0.0002868607407435775,0.005777393300911101,0.9998394169761462,0.16757367551326752,0.005383697662173736,
test/counting_and_probability/119.json|128,test/counting_and_probability/119.json,128,8,4,C,7.659512086297301e-05,0.056568898260593414,0.00045743907685391605,0.00018636514141689986,0.0037534056307405445,0.4074097523351861,0.17844827473163605,0.0057252257887225886,
test/counting_and_probability/119.json|128,test/counting_and_probability/119.json,128,8,5,R,0.0002107239836072007,0.0572035051882267,0.0003293825429864228,0.00032922677928581834,0.008429227273044715,0.9995271009242953,0.21096675097942352,0.008786837712637923,
test/counting_and_probability/119.json|128,test/counting_and_probability/119.json,128,8,5,C,7.659512086297301e-05,0.057754602283239365,0.0004452202992979437,0.00020349155238363892,0.0052100152572864015,0.457058117627299,0.32843461632728577,0.013828740816176488,
test/counting_and_probability/119.json|128,test/counting_and_probability/119.json,128,8,6,R,0.0002107239836072007,0.05746501311659813,0.000477820256492123,0.0004775709821842611,0.008773881714249084,0.9994783073677741,0.24379682540893555,0.007304354207644537,
test/counting_and_probability/119.json|128,test/counting_and_probability/119.json,128,8,6,C,7.659512086297301e-05,0.05790213122963905,0.00030778194195590913,0.0001879188057500869,0.003452423692061897,0.6105582541501045,0.1728171557188034,0.005172003954504618,
test/counting_and_probability/119.json|128,test/counting_and_probability/119.json,128,8,8,R,0.0002107239836072007,0.2440072000026703,0.0005537576507776976,0.0005534656229428947,0.007864208685105314,0.9994726414454674,0.2943250238895416,0.007991254201975889,
test/counting_and_probability/119.json|128,test/counting_and_probability/119.json,128,8,8,C,7.659512086297301e-05,0.24692636728286743,0.0018199615878984332,0.0009843566222116351,0.013986751076744632,0.5408667019216795,1.205575942993164,0.030847380738022637,
test/counting_and_probability/119.json|128,test/counting_and_probability/119.json,128,8,9,R,0.0002107239836072007,0.08516589552164078,0.00034211407182738185,0.00034167751437053084,0.005656022771355304,0.9987239389094897,0.23389840126037598,0.007020204482528074,
test/counting_and_probability/119.json|128,test/counting_and_probability/119.json,128,8,9,C,7.659512086297301e-05,0.08696873486042023,0.0005337718175724149,0.00035493416362442076,0.005875469199341666,0.6649548576275541,0.43642309308052063,0.013138786242735944,
test/counting_and_probability/119.json|128,test/counting_and_probability/119.json,128,8,10,R,0.0002107239836072007,0.07938101142644882,0.00040309320320375264,0.0004028265830129385,0.006831318739622527,0.9993385619305074,0.2616875469684601,0.006719131374644253,
test/counting_and_probability/119.json|128,test/counting_and_probability/119.json,128,8,10,C,7.659512086297301e-05,0.08022278547286987,0.0004069247515872121,0.0003181791107635945,0.00539582791596939,0.7819114191029762,0.24460001289844513,0.0062873155864711415,
test/counting_and_probability/119.json|128,test/counting_and_probability/119.json,128,8,12,R,0.0002107239836072007,0.06807731091976166,0.00034887425135821104,0.00034851269447244704,0.005699701972083189,0.9989636441115386,0.23847439885139465,0.005986983271698841,
test/counting_and_probability/119.json|128,test/counting_and_probability/119.json,128,8,12,C,7.659512086297301e-05,0.06887456029653549,0.0005640205345116556,0.00037457625148817897,0.006125954759078339,0.6641181090124303,0.33287903666496277,0.008354156271906596,
test/counting_and_probability/119.json|128,test/counting_and_probability/119.json,128,8,13,R,0.0002107239836072007,0.06926503032445908,0.0005264257779344916,0.0005258085438981652,0.0074229679031827655,0.9988274984603229,0.23114348948001862,0.008013414809521498,
test/counting_and_probability/119.json|128,test/counting_and_probability/119.json,128,8,13,C,7.659512086297301e-05,0.07025864720344543,0.0005747801042161882,0.0003762104897759855,0.005311055559775496,0.6545294215332731,0.37742605805397034,0.013100027371587941,
test/counting_and_probability/119.json|128,test/counting_and_probability/119.json,128,8,14,R,0.0002107239836072007,0.0750921294093132,0.00042690421105362475,0.00042653101263567805,0.006020270602544414,0.9991258005720969,0.22956116497516632,0.0057572981777546176,
test/counting_and_probability/119.json|128,test/counting_and_probability/119.json,128,8,14,C,7.659512086297301e-05,0.07585392147302628,0.0005216575227677822,0.0003573360154405236,0.005043618037744987,0.6850011725309517,0.3041369915008545,0.007621817031025912,
test/counting_and_probability/119.json|128,test/counting_and_probability/119.json,128,8,16,R,0.0002107239836072007,0.06757330894470215,0.0003534336283337325,0.00035103270784020424,0.007111296803533028,0.9932068674448035,0.24878984689712524,0.006948976627776401,
test/counting_and_probability/119.json|128,test/counting_and_probability/119.json,128,8,16,C,7.659512086297301e-05,0.06811201572418213,0.0005073330830782652,0.00034633686300367117,0.0070161673593812715,0.6826616947974213,0.29633161425590515,0.008259162466352585,
test/counting_and_probability/119.json|128,test/counting_and_probability/119.json,128,8,17,R,0.0002107239836072007,0.0648638978600502,0.00025656697107478976,0.00025575337349437177,0.005732235733025419,0.9968289036821901,0.20954301953315735,0.006618547838863783,
test/counting_and_probability/119.json|128,test/counting_and_probability/119.json,128,8,17,C,7.659512086297301e-05,0.06576590985059738,0.0004526501870714128,0.00037146746763028204,0.008325751729150212,0.8206502005731567,0.33408084511756897,0.010566758944557803,
test/counting_and_probability/119.json|128,test/counting_and_probability/119.json,128,8,18,R,0.0002107239836072007,0.05962815508246422,0.0004034499288536608,0.0003983674687333405,0.004533721032894123,0.9874024984409743,0.20400051772594452,0.004469912929513847,
test/counting_and_probability/119.json|128,test/counting_and_probability/119.json,128,8,18,C,7.659512086297301e-05,0.06046445667743683,0.0005461315158754587,0.00038769436650909483,0.004412253112347925,0.7098919482383685,0.2603587806224823,0.0057133994923782355,
test/counting_and_probability/119.json|128,test/counting_and_probability/119.json,128,8,20,R,0.0002107239836072007,0.22292056679725647,0.0010822596959769726,0.0010591993341222405,0.00394495091194248,0.9786923943309119,0.2208702713251114,0.004530412195112312,
test/counting_and_probability/119.json|128,test/counting_and_probability/119.json,128,8,20,C,7.659512086297301e-05,0.22937221825122833,0.0013043766375631094,0.0012199199991300702,0.004543549413249191,0.9352513400377395,0.41146522760391235,0.008439965714822296,
test/counting_and_probability/119.json|128,test/counting_and_probability/119.json,128,8,21,R,0.0002107239836072007,0.1951049417257309,0.0011890933383256197,0.0011851987801492214,0.003036587317353757,0.9967247657962603,0.26343628764152527,0.004917970566143701,
test/counting_and_probability/119.json|128,test/counting_and_probability/119.json,128,8,21,C,7.659512086297301e-05,0.19639359414577484,0.0019157815258949995,0.0018003132427111268,0.004612566644215015,0.9397278434086282,0.42409566044807434,0.007937888725404098,
test/counting_and_probability/119.json|128,test/counting_and_probability/119.json,128,8,22,R,0.0002107239836072007,0.08772800862789154,0.00044169925968162715,0.00043762181303463876,0.004100764373049789,0.9907687243109801,0.20871885120868683,0.004294524841838005,
test/counting_and_probability/119.json|128,test/counting_and_probability/119.json,128,8,22,C,7.659512086297301e-05,0.08959724754095078,0.0007401132024824619,0.0006882841698825359,0.006449612698270699,0.9299714782062334,0.3576081097126007,0.007365454492396153,
test/counting_and_probability/119.json|128,test/counting_and_probability/119.json,128,8,24,R,0.0002107239836072007,0.1824832409620285,0.0011149944039061666,0.001110614975914359,0.0026362840099423642,0.9960722412843175,0.17258134484291077,0.0030643081512948755,
test/counting_and_probability/119.json|128,test/counting_and_probability/119.json,128,8,24,C,7.659512086297301e-05,0.18544729053974152,0.0015446922043338418,0.0013904133811593056,0.0033004458281704536,0.9001232584447507,0.34645405411720276,0.006155098173280228,
test/counting_and_probability/119.json|128,test/counting_and_probability/119.json,128,8,25,R,0.0002107239836072007,0.19061186909675598,0.0008203820325434208,0.0008170538349077106,0.002424938267648865,0.9959431112583793,0.1969556361436844,0.0036451414741830363,
test/counting_and_probability/119.json|128,test/counting_and_probability/119.json,128,8,25,C,7.659512086297301e-05,0.19995446503162384,0.001327359233982861,0.0012073689140379429,0.0035833563930961375,0.9096022253941922,0.5845078229904175,0.010899677385875802,
test/counting_and_probability/119.json|128,test/counting_and_probability/119.json,128,8,26,R,0.0002107239836072007,0.3716786503791809,0.0007159945089370012,0.0007102373638190329,0.003242584036573575,0.991959231477243,0.23860861361026764,0.004641994156450362,
test/counting_and_probability/119.json|128,test/counting_and_probability/119.json,128,8,26,C,7.659512086297301e-05,0.374578595161438,0.0014632274396717548,0.0012653869343921542,0.005777115768009976,0.864791692131762,0.5221031308174133,0.010009743670161754,
test/counting_and_probability/119.json|128,test/counting_and_probability/119.json,128,8,28,R,0.0002107239836072007,0.23842878639698029,0.0015227937838062644,0.0015015059616416693,0.0039890275362713164,0.9860205476427635,0.20709852874279022,0.0041722440027126325,
test/counting_and_probability/119.json|128,test/counting_and_probability/119.json,128,8,28,C,7.659512086297301e-05,0.2421015501022339,0.0016745754983276129,0.0015266789123415947,0.004055904122895996,0.9116811472248324,0.7990404963493347,0.016038433546235385,
test/counting_and_probability/119.json|128,test/counting_and_probability/119.json,128,8,29,R,0.0002107239836072007,0.12409894168376923,0.0007466739043593407,0.0007342835888266563,0.002968822504338182,0.9834059869459059,0.17680580914020538,0.0033310080177792445,
test/counting_and_probability/119.json|128,test/counting_and_probability/119.json,128,8,29,C,7.659512086297301e-05,0.12595166265964508,0.0009333009365946054,0.0008873707265593112,0.00358777756004312,0.9507873514477869,0.3350062966346741,0.006307138253382176,
test/counting_and_probability/119.json|128,test/counting_and_probability/119.json,128,8,30,R,0.0002107239836072007,0.16751600801944733,0.0008349784766323864,0.0008317563915625215,0.0036124186864316798,0.9961411148237002,0.233820378780365,0.004302209774742804,
test/counting_and_probability/119.json|128,test/counting_and_probability/119.json,128,8,30,C,7.659512086297301e-05,0.16905590891838074,0.0011927162995561957,0.0010976349003612995,0.004767161232745013,0.9202816292939425,0.369291216135025,0.006796207850884459,
test/counting_and_probability/119.json|256,test/counting_and_probability/119.json,256,1,0,R,0.0001980385848757696,2.345336675643921,0.05179416015744209,0.05178612843155861,0.007964308601660815,0.9998449298751266,0.423889696598053,0.0073895683745574,
test/counting_and_probability/119.json|256,test/counting_and_probability/119.json,256,1,0,C,0.0001267737564188637,2.406921625137329,0.027603982016444206,0.000985070364549756,0.00015149625228295238,0.03568580663207379,1.1190184354782104,0.019279501682514934,
test/counting_and_probability/119.json|256,test/counting_and_probability/119.json,256,1,1,R,0.0001980385848757696,0.05661004036664963,0.0005920131807215512,0.0005916910013183951,0.007909251875686167,0.9994557884636637,0.1959279328584671,0.006757097890048896,
test/counting_and_probability/119.json|256,test/counting_and_probability/119.json,256,1,1,C,0.0001267737564188637,0.056933652609586716,0.000623353582341224,0.0004415844159666449,0.005902747147541222,0.7084011831611168,0.24972470104694366,0.008581451824715161,
test/counting_and_probability/119.json|256,test/counting_and_probability/119.json,256,1,2,R,0.0001980385848757696,0.059898801147937775,0.0002891261538024992,0.000287931936327368,0.00675041700377682,0.995869559168914,0.18223461508750916,0.00715479902387787,
test/counting_and_probability/119.json|256,test/counting_and_probability/119.json,256,1,2,C,0.0001267737564188637,0.060361482203006744,0.00045974290696904063,0.00011402698146412149,0.0026733042689977803,0.2480233615083849,0.2232562154531479,0.008850937957855218,
test/counting_and_probability/119.json|256,test/counting_and_probability/119.json,256,1,4,R,0.0001980385848757696,0.059764206409454346,0.000281210319371894,0.0002811680897139013,0.005329191480068101,0.9998498253622524,0.1605532318353653,0.005372148143680601,
test/counting_and_probability/119.json|256,test/counting_and_probability/119.json,256,1,4,C,0.0001267737564188637,0.06031937152147293,0.0005427025607787073,0.00021292515157256275,0.004035731454473828,0.392342263641986,0.2470681220293045,0.008249275009923665,
test/counting_and_probability/119.json|256,test/counting_and_probability/119.json,256,1,5,R,0.0001980385848757696,0.0575680136680603,0.00038463796954602003,0.0003845707979053259,0.010206469490985757,0.9998253613895717,0.24734161794185638,0.011001025012484249,
test/counting_and_probability/119.json|256,test/counting_and_probability/119.json,256,1,5,C,0.0001267737564188637,0.05776505917310715,0.00037272743065841496,0.00015971867833286524,0.004238917323998876,0.42851334451615836,0.22776764631271362,0.010117336656912838,
test/counting_and_probability/119.json|256,test/counting_and_probability/119.json,256,1,6,R,0.0001980385848757696,0.06149419769644737,0.0006921106833033264,0.0006917102145962417,0.013013503706699434,0.9994213790999517,0.3324424922466278,0.011246429414170145,
test/counting_and_probability/119.json|256,test/counting_and_probability/119.json,256,1,6,C,0.0001267737564188637,0.06182010471820831,0.00046354354708455503,0.00021395272051449865,0.004025203709184873,0.4615590517840009,0.21507932245731354,0.0072846951674384,
test/counting_and_probability/119.json|256,test/counting_and_probability/119.json,256,1,8,R,0.0001980385848757696,0.27579614520072937,0.0005023525445722044,0.0005020008538849652,0.008907781104137176,0.9992999106099113,0.3407151699066162,0.010501790052096581,
test/counting_and_probability/119.json|256,test/counting_and_probability/119.json,256,1,8,C,0.0001267737564188637,0.2765273451805115,0.002422110177576542,0.001088286517187953,0.019311158534235404,0.44931338252644304,1.3623285293579102,0.03840388823093816,
test/counting_and_probability/119.json|256,test/counting_and_probability/119.json,256,1,9,R,0.0001980385848757696,0.08371001482009888,0.00040372516377829015,0.00040341142448596656,0.007291366864230321,0.9992228864591687,0.29069945216178894,0.010127508695277081,
test/counting_and_probability/119.json|256,test/counting_and_probability/119.json,256,1,9,C,0.0001267737564188637,0.08389155566692352,0.0004775321576744318,0.0002903816057369113,0.005248435442179109,0.6080880637295162,0.327772855758667,0.011435111564833221,
test/counting_and_probability/119.json|256,test/counting_and_probability/119.json,256,1,10,R,0.0001980385848757696,0.0792679414153099,0.0004989998415112495,0.0004945041728205979,0.011147885390200063,0.9909906390590688,0.3673916459083557,0.01135618252954123,
test/counting_and_probability/119.json|256,test/counting_and_probability/119.json,256,1,10,C,0.0001267737564188637,0.07943515479564667,0.0005103076691739261,0.0002774749882519245,0.006255274551144734,0.5437405793986083,0.3356733024120331,0.010379453255175823,
test/counting_and_probability/119.json|256,test/counting_and_probability/119.json,256,1,12,R,0.0001980385848757696,0.06936637312173843,0.0004189000464975834,0.00041866768151521683,0.008459503617720045,0.9994452949247568,0.316752165555954,0.009009104668771745,
test/counting_and_probability/119.json|256,test/counting_and_probability/119.json,256,1,12,C,0.0001267737564188637,0.06957373023033142,0.0005343316588550806,0.00036733271554112434,0.007422241011727405,0.6874620074744419,0.3473895788192749,0.009875341309207945,
test/counting_and_probability/119.json|256,test/counting_and_probability/119.json,256,1,13,R,0.0001980385848757696,0.06948764622211456,0.0006419491255655885,0.0006409041816368699,0.0095155171377712,0.9983722309362597,0.30907073616981506,0.010411052325854164,
test/counting_and_probability/119.json|256,test/counting_and_probability/119.json,256,1,13,C,0.0001267737564188637,0.06991829723119736,0.0005558055709116161,0.00033358161454088986,0.004952692868850239,0.600176808939828,0.3018439710140228,0.010185597415237745,
test/counting_and_probability/119.json|256,test/counting_and_probability/119.json,256,1,14,R,0.0001980385848757696,0.07149897515773773,0.0005793950404040515,0.0005792222218587995,0.008374027339971645,0.9997017241555377,0.26594078540802,0.007065834928718811,
test/counting_and_probability/119.json|256,test/counting_and_probability/119.json,256,1,14,C,0.0001267737564188637,0.0717894658446312,0.0005423226393759251,0.00032250609365291893,0.004662588456793288,0.5946756960568075,0.31798943877220154,0.008459793177100862,
test/counting_and_probability/119.json|256,test/counting_and_probability/119.json,256,1,16,R,0.0001980385848757696,0.06800910085439682,0.00040653854375705123,0.0004055897588841617,0.007147590046814235,0.9976661847071437,0.26548105478286743,0.007116636105443417,
test/counting_and_probability/119.json|256,test/counting_and_probability/119.json,256,1,16,C,0.0001267737564188637,0.06814809888601303,0.0005946833989582956,0.00036160179297439754,0.0063724029509141375,0.6080576538705406,0.3113330006599426,0.00830585722913987,
test/counting_and_probability/119.json|256,test/counting_and_probability/119.json,256,1,17,R,0.0001980385848757696,0.06420435011386871,0.00028099416522309184,0.0002778162306640297,0.005723632524572321,0.9886903859899389,0.19377413392066956,0.006308011543167179,
test/counting_and_probability/119.json|256,test/counting_and_probability/119.json,256,1,17,C,0.0001267737564188637,0.06460990011692047,0.0005433953483588994,0.0005125366151332855,0.010559394724344676,0.9432112654957001,0.37406593561172485,0.012183743316208128,
test/counting_and_probability/119.json|256,test/counting_and_probability/119.json,256,1,18,R,0.0001980385848757696,0.058358728885650635,0.00042939430568367243,0.0004170761094428599,0.004132095637191837,0.9713126209428595,0.21184301376342773,0.004583370370111912,
test/counting_and_probability/119.json|256,test/counting_and_probability/119.json,256,1,18,C,0.0001267737564188637,0.059419289231300354,0.0005330578424036503,0.0004256856336724013,0.004217392724945696,0.7985730609540194,0.25886663794517517,0.005603234653802464,
test/counting_and_probability/119.json|256,test/counting_and_probability/119.json,256,1,20,R,0.0001980385848757696,0.2417782098054886,0.0012624936643987894,0.001184670371003449,0.004140403475743286,0.9383574773258303,0.21191973984241486,0.004567486988841524,
test/counting_and_probability/119.json|256,test/counting_and_probability/119.json,256,1,20,C,0.0001267737564188637,0.24426323175430298,0.0014636209234595299,0.0012466919142752886,0.004357167750109476,0.851786069357852,0.37934446334838867,0.008183476102277713,
test/counting_and_probability/119.json|256,test/counting_and_probability/119.json,256,1,21,R,0.0001980385848757696,0.1961088478565216,0.0013847287045791745,0.001378128188662231,0.004566521895556768,0.9952333501209663,0.2371121495962143,0.0046183373178598506,
test/counting_and_probability/119.json|256,test/counting_and_probability/119.json,256,1,21,C,0.0001267737564188637,0.1964372843503952,0.0018281074007973075,0.0014475309289991856,0.004796492616689751,0.7918194125662653,0.38086697459220886,0.007433608946290805,
test/counting_and_probability/119.json|256,test/counting_and_probability/119.json,256,1,22,R,0.0001980385848757696,0.08472822606563568,0.00039966427721083164,0.00039828542503528297,0.003864588358443593,0.9965499714367234,0.16623742878437042,0.003851409576414332,
test/counting_and_probability/119.json|256,test/counting_and_probability/119.json,256,1,22,C,0.0001267737564188637,0.0849812775850296,0.00069040636299178,0.0006359582766890526,0.006170742884529706,0.9211361740817098,0.40159109234809875,0.009314766197074456,
test/counting_and_probability/119.json|256,test/counting_and_probability/119.json,256,1,24,R,0.0001980385848757696,0.19190539419651031,0.0013640811666846275,0.0013565798290073872,0.003182162268348777,0.9945008120814591,0.2027343511581421,0.003808067844155177,
test/counting_and_probability/119.json|256,test/counting_and_probability/119.json,256,1,24,C,0.0001267737564188637,0.19270429015159607,0.0017660584999248385,0.0016539860516786575,0.0038797952715234818,0.9365409191215968,0.46372294425964355,0.008709398892950816,
test/counting_and_probability/119.json|256,test/counting_and_probability/119.json,256,1,25,R,0.0001980385848757696,0.19479605555534363,0.000829308177344501,0.0008228278020396829,0.002632215052867513,0.9921858044162128,0.18755431473255157,0.003902723350289186,
test/counting_and_probability/119.json|256,test/counting_and_probability/119.json,256,1,25,C,0.0001267737564188637,0.19841697812080383,0.0012938419822603464,0.0011670446256175637,0.0037333600339023694,0.9019993482331848,0.6056867837905884,0.012661048910377413,
test/counting_and_probability/119.json|256,test/counting_and_probability/119.json,256,1,26,R,0.0001980385848757696,0.38934358954429626,0.0007217585225589573,0.000720819691196084,0.004913461852915693,0.9986992431232485,0.22113412618637085,0.005075749216163933,
test/counting_and_probability/119.json|256,test/counting_and_probability/119.json,256,1,26,C,0.0001267737564188637,0.3922635316848755,0.0015481929294764996,0.0010747569613158703,0.007326072518660689,0.6942009229980683,0.5933405756950378,0.013394861135614037,
test/counting_and_probability/119.json|256,test/counting_and_probability/119.json,256,1,28,R,0.0001980385848757696,0.2647460103034973,0.0011719785397872329,0.0011688618687912822,0.003076143638690463,0.9973406748609431,0.1780937910079956,0.0036265560090634925,
test/counting_and_probability/119.json|256,test/counting_and_probability/119.json,256,1,28,C,0.0001267737564188637,0.26567354798316956,0.0017084931023418903,0.0015769574092701077,0.004150146080159489,0.9230106964935985,0.734769880771637,0.0149800110568143,
test/counting_and_probability/119.json|256,test/counting_and_probability/119.json,256,1,29,R,0.0001980385848757696,0.1330430656671524,0.0008145328029058874,0.0008091981871984899,0.0037919666281771504,0.9934507036649517,0.2079794704914093,0.004252405543897097,
test/counting_and_probability/119.json|256,test/counting_and_probability/119.json,256,1,29,C,0.0001267737564188637,0.1339738816022873,0.001005046535283327,0.0009740848327055573,0.004564638474316009,0.9691937612239664,0.35734182596206665,0.0073033058383298235,
test/counting_and_probability/119.json|256,test/counting_and_probability/119.json,256,1,30,R,0.0001980385848757696,0.17224213480949402,0.0008164954488165677,0.0008035291684791446,0.004158344390640346,0.9841195914314819,0.22168320417404175,0.004128993821495449,
test/counting_and_probability/119.json|256,test/counting_and_probability/119.json,256,1,30,C,0.0001267737564188637,0.17253880202770233,0.0012494203401729465,0.0010956412879750133,0.005670054035036703,0.8769196817673334,0.3311817944049835,0.006187558425773565,
test/counting_and_probability/119.json|256,test/counting_and_probability/119.json,256,2,0,R,0.0001980385848757696,2.2111494541168213,0.045967258512973785,0.04596111550927162,0.006942327765530039,0.9998663612993084,0.37906986474990845,0.006730679714384222,
test/counting_and_probability/119.json|256,test/counting_and_probability/119.json,256,2,0,C,0.0001267737564188637,2.302236318588257,0.021213550120592117,0.0007456600433215499,0.00011263034774152211,0.03515017708245746,0.9089921116828918,0.016763493754396352,
test/counting_and_probability/119.json|256,test/counting_and_probability/119.json,256,2,1,R,0.0001980385848757696,0.05558035150170326,0.0006424856255762279,0.000641403254121542,0.007278216209918485,0.9983153359236162,0.18402868509292603,0.006252310758570988,
test/counting_and_probability/119.json|256,test/counting_and_probability/119.json,256,2,1,C,0.0001267737564188637,0.05594222620129585,0.0004589087620843202,0.0003725779533851892,0.004227766046338902,0.8118780536704013,0.17668037116527557,0.006012203850362967,
test/counting_and_probability/119.json|256,test/counting_and_probability/119.json,256,2,2,R,0.0001980385848757696,0.057632870972156525,0.0002672483678907156,0.0002671012480277568,0.005864276311700379,0.9994494976206236,0.1593024581670761,0.006707133376274096,
test/counting_and_probability/119.json|256,test/counting_and_probability/119.json,256,2,2,C,0.0001267737564188637,0.058166760951280594,0.0004332412499934435,0.0001443707151338458,0.003169696027682636,0.333234000231503,0.23957157135009766,0.010149564428873237,
test/counting_and_probability/119.json|256,test/counting_and_probability/119.json,256,2,4,R,0.0001980385848757696,0.05772578716278076,0.00031132850563153625,0.00031076616141945124,0.004961611527826982,0.9981937239921607,0.1458778977394104,0.004865900084096006,
test/counting_and_probability/119.json|256,test/counting_and_probability/119.json,256,2,4,C,0.0001267737564188637,0.05854456126689911,0.00034709920873865485,0.0001893535372801125,0.00302316921865811,0.5455314560430273,0.1707736849784851,0.005699292250498875,
test/counting_and_probability/119.json|256,test/counting_and_probability/119.json,256,2,5,R,0.0001980385848757696,0.056260526180267334,0.0003653701860457659,0.0003653145395219326,0.008415728425718298,0.9998476954995064,0.21249505877494812,0.009595199980983246,
test/counting_and_probability/119.json|256,test/counting_and_probability/119.json,256,2,5,C,0.0001267737564188637,0.05665196105837822,0.00037301311385817826,0.0001796589931473136,0.004138793100171699,0.48164256427182456,0.21411047875881195,0.00967970103704358,
test/counting_and_probability/119.json|256,test/counting_and_probability/119.json,256,2,6,R,0.0001980385848757696,0.05986189469695091,0.0005668526282534003,0.0005662061739712954,0.009979059804333059,0.9988595708148053,0.25195083022117615,0.008073338111620537,
test/counting_and_probability/119.json|256,test/counting_and_probability/119.json,256,2,6,C,0.0001267737564188637,0.060238067060709,0.0003899468865711242,0.00019799868459813297,0.0034896135111451747,0.5077580842647939,0.19319644570350647,0.006195380829510505,
test/counting_and_probability/119.json|256,test/counting_and_probability/119.json,256,2,8,R,0.0001980385848757696,0.27487853169441223,0.0005433887126855552,0.0005431154859252274,0.007393551872915512,0.9994971780726275,0.27913719415664673,0.00775827867664882,
test/counting_and_probability/119.json|256,test/counting_and_probability/119.json,256,2,8,C,0.0001267737564188637,0.2761467397212982,0.0026997311506420374,0.0007093838066793978,0.009656999493497184,0.2627609072288308,0.6609686613082886,0.01665123918436134,
test/counting_and_probability/119.json|256,test/counting_and_probability/119.json,256,2,9,R,0.0001980385848757696,0.08278261870145798,0.00035844839294441044,0.000358336023055017,0.00555160044240249,0.9996865074825503,0.22177380323410034,0.007333498867834436,
test/counting_and_probability/119.json|256,test/counting_and_probability/119.json,256,2,9,C,0.0001267737564188637,0.08315281569957733,0.0005658317822962999,0.000326049659634009,0.0050513967846080405,0.576230726620869,0.3940197825431824,0.013058340415936294,
test/counting_and_probability/119.json|256,test/counting_and_probability/119.json,256,2,10,R,0.0001980385848757696,0.0782867893576622,0.000426257262006402,0.00042586447671055794,0.007416166728729704,0.9990785229251609,0.2817670702934265,0.007835827481879408,
test/counting_and_probability/119.json|256,test/counting_and_probability/119.json,256,2,10,C,0.0001267737564188637,0.07869125157594681,0.0006379522965289652,0.00030754011822864413,0.005355621136033406,0.48207384693160504,0.3164929747581482,0.008816969235202095,
test/counting_and_probability/119.json|256,test/counting_and_probability/119.json,256,2,12,R,0.0001980385848757696,0.06870416551828384,0.0003339241084177047,0.0003335660439915955,0.005800707655702246,0.9989277041818466,0.22793816030025482,0.006144860914267279,
test/counting_and_probability/119.json|256,test/counting_and_probability/119.json,256,2,12,C,0.0001267737564188637,0.06901352107524872,0.0005460128886625171,0.00038079163641668856,0.0066219598798411446,0.6974041155915761,0.31956925988197327,0.008613627798517686,
test/counting_and_probability/119.json|256,test/counting_and_probability/119.json,256,2,13,R,0.0001980385848757696,0.06790297478437424,0.000567481794860214,0.0005670860409736633,0.006956009792961663,0.9993026121904919,0.23772764205932617,0.007750947628923577,
test/counting_and_probability/119.json|256,test/counting_and_probability/119.json,256,2,13,C,0.0001267737564188637,0.06856325268745422,0.0005488851456902921,0.00033821703982539475,0.004148649184050736,0.6161890914060996,0.29301464557647705,0.009570830407861466,
test/counting_and_probability/119.json|256,test/counting_and_probability/119.json,256,2,14,R,0.0001980385848757696,0.06974177062511444,0.0005556109244935215,0.0005552461370825768,0.007802992331639739,0.9993434462963077,0.24787208437919617,0.006391363495101192,
test/counting_and_probability/119.json|256,test/counting_and_probability/119.json,256,2,14,C,0.0001267737564188637,0.07021629065275192,0.0004511047445703298,0.00029901170637458563,0.004202075252915108,0.6628431851155687,0.2836820185184479,0.0073242060674198525,
test/counting_and_probability/119.json|256,test/counting_and_probability/119.json,256,2,16,R,0.0001980385848757696,0.06716784834861755,0.0003670733131002635,0.0003659866051748395,0.006656213970628638,0.9970395316584437,0.23183248937129974,0.006383152991002786,
test/counting_and_probability/119.json|256,test/counting_and_probability/119.json,256,2,16,C,0.0001267737564188637,0.06751808524131775,0.0006701063248328865,0.00039333582390099764,0.007153615376026703,0.5869752436855658,0.3188410997390747,0.008725947334765196,
test/counting_and_probability/119.json|256,test/counting_and_probability/119.json,256,2,17,R,0.0001980385848757696,0.06176012009382248,0.0002498102548997849,0.0002493780048098415,0.005180176137717079,0.9982696823699791,0.17648930847644806,0.00576203464496805,
test/counting_and_probability/119.json|256,test/counting_and_probability/119.json,256,2,17,C,0.0001267737564188637,0.0623662993311882,0.0005237752920947969,0.0004688863118644804,0.009739887388523587,0.8952050966245514,0.35992270708084106,0.011766310036337246,
test/counting_and_probability/119.json|256,test/counting_and_probability/119.json,256,2,18,R,0.0001980385848757696,0.05645347759127617,0.00038426730316132307,0.00038159804535098374,0.004016098091552945,0.9930536405740658,0.18595394492149353,0.003995597602455119,
test/counting_and_probability/119.json|256,test/counting_and_probability/119.json,256,2,18,C,0.0001267737564188637,0.05764394253492355,0.000468991172965616,0.00035786040825769305,0.003766273229529198,0.7630429486161919,0.22976866364479065,0.004941150500657198,
test/counting_and_probability/119.json|256,test/counting_and_probability/119.json,256,2,20,R,0.0001980385848757696,0.2395782619714737,0.0009661055519245565,0.0009516202844679356,0.003902761110239873,0.985006536384382,0.2015029937028885,0.004272164288057513,
test/counting_and_probability/119.json|256,test/counting_and_probability/119.json,256,2,20,C,0.0001267737564188637,0.24290890991687775,0.0012966050999239087,0.0011657881550490856,0.004781100979628357,0.8991081048643044,0.340024471282959,0.007213781430110262,
test/counting_and_probability/119.json|256,test/counting_and_probability/119.json,256,2,21,R,0.0001980385848757696,0.1936500370502472,0.0014704896602779627,0.0014644787879660726,0.004177548743082852,0.9959123321501858,0.21846285462379456,0.0042401392951099525,
test/counting_and_probability/119.json|256,test/counting_and_probability/119.json,256,2,21,C,0.0001267737564188637,0.19464147090911865,0.0015555729623883963,0.0014704893110319972,0.004194694264947458,0.9453039784318009,0.33218199014663696,0.0064830624402823726,
test/counting_and_probability/119.json|256,test/counting_and_probability/119.json,256,2,22,R,0.0001980385848757696,0.08135250955820084,0.00031938383472152054,0.00031851985841058195,0.0034533613956360316,0.9972948621241686,0.1569923460483551,0.0035496108251819266,
test/counting_and_probability/119.json|256,test/counting_and_probability/119.json,256,2,22,C,0.0001267737564188637,0.08179651200771332,0.0006582593778148293,0.0006031582015566528,0.0065393826906454565,0.9162926058761455,0.3497998118400574,0.0079090411018515,
test/counting_and_probability/119.json|256,test/counting_and_probability/119.json,256,2,24,R,0.0001980385848757696,0.18860262632369995,0.0012185738887637854,0.0012131374096497893,0.0031304897277080602,0.9955386537003104,0.18006543815135956,0.003479671066146989,
test/counting_and_probability/119.json|256,test/counting_and_probability/119.json,256,2,24,C,0.0001267737564188637,0.1897851973772049,0.0016828441293910146,0.0015490324003621936,0.003997263606453857,0.9204847747855712,0.46343180537223816,0.008960861054930132,
test/counting_and_probability/119.json|256,test/counting_and_probability/119.json,256,2,25,R,0.0001980385848757696,0.19019126892089844,0.0007071454310789704,0.000697284413035959,0.0022041708311211256,0.9860551753632621,0.161349818110466,0.003282889617777054,
test/counting_and_probability/119.json|256,test/counting_and_probability/119.json,256,2,25,C,0.0001267737564188637,0.1945432722568512,0.0012929526856169105,0.0011574036907404661,0.003658644029994272,0.8951632203718788,0.5990644693374634,0.012271851355716859,
test/counting_and_probability/119.json|256,test/counting_and_probability/119.json,256,2,26,R,0.0001980385848757696,0.3845536708831787,0.0004352411488071084,0.00043172744335606694,0.002668892678287049,0.9919269893193723,0.19959978759288788,0.004380102990987082,
test/counting_and_probability/119.json|256,test/counting_and_probability/119.json,256,2,26,C,0.0001267737564188637,0.3884562849998474,0.001581897377036512,0.0011723153293132782,0.0072471274346750676,0.7410817829209525,0.6335766315460205,0.013510963673071993,
test/counting_and_probability/119.json|256,test/counting_and_probability/119.json,256,2,28,R,0.0001980385848757696,0.26225346326828003,0.0013336660340428352,0.00132446875795722,0.003804358491579118,0.9931037629781734,0.16152945160865784,0.0034113170539169357,
test/counting_and_probability/119.json|256,test/counting_and_probability/119.json,256,2,28,C,0.0001267737564188637,0.2636669874191284,0.0018628925317898393,0.0016595196211710572,0.004766747063540923,0.8908294987289396,0.7677574157714844,0.016242849814127547,
test/counting_and_probability/119.json|256,test/counting_and_probability/119.json,256,2,29,R,0.0001980385848757696,0.13021039962768555,0.000698965392075479,0.0006965309148654342,0.00367002732434682,0.9965170261157952,0.1937955915927887,0.003954248074423671,
test/counting_and_probability/119.json|256,test/counting_and_probability/119.json,256,2,29,C,0.0001267737564188637,0.13188758492469788,0.0009849556954577565,0.0009346598526462913,0.0049247307261940584,0.9489359328624154,0.4064529836177826,0.008263422588596421,
test/counting_and_probability/119.json|256,test/counting_and_probability/119.json,256,2,30,R,0.0001980385848757696,0.16997601091861725,0.0008086026646196842,0.0007837808225303888,0.004137711036561345,0.9693027933932511,0.21329988539218903,0.004038312925543818,
test/counting_and_probability/119.json|256,test/counting_and_probability/119.json,256,2,30,C,0.0001267737564188637,0.1705244779586792,0.0012491585221141577,0.0011391977313905954,0.006014016789518671,0.9119721078719221,0.3551667034626007,0.0067432014038976956,
test/counting_and_probability/119.json|256,test/counting_and_probability/119.json,256,3,0,R,0.0001980385848757696,2.1707041263580322,0.043666839599609375,0.04366067424416542,0.007482874412098731,0.9998588091902152,0.35111182928085327,0.006247553588968119,
test/counting_and_probability/119.json|256,test/counting_and_probability/119.json,256,3,0,C,0.0001267737564188637,2.281153678894043,0.022829469293355942,0.0007277713157236576,0.00012473058308337358,0.031878591058776044,0.4089893400669098,0.00721995027591355,
test/counting_and_probability/119.json|256,test/counting_and_probability/119.json,256,3,1,R,0.0001980385848757696,0.05490759387612343,0.0006637846236117184,0.000660968420561403,0.010442305235555198,0.9957573526925805,0.2291610836982727,0.008774727023045445,
test/counting_and_probability/119.json|256,test/counting_and_probability/119.json,256,3,1,C,0.0001267737564188637,0.05532747134566307,0.000462984578916803,0.0003926101780962199,0.006202649310816135,0.8479983894210275,0.17512768507003784,0.006706289151030115,
test/counting_and_probability/119.json|256,test/counting_and_probability/119.json,256,3,2,R,0.0001980385848757696,0.056270066648721695,0.0003813818038906902,0.00038133293855935335,0.006308001356232693,0.9998718703128723,0.18357256054878235,0.007502514144498687,
test/counting_and_probability/119.json|256,test/counting_and_probability/119.json,256,3,2,C,0.0001267737564188637,0.05681471526622772,0.0003989794640801847,0.00010236389061901718,0.0016933013006782585,0.2565643086379011,0.2211286425590515,0.009092729420557536,
test/counting_and_probability/119.json|256,test/counting_and_probability/119.json,256,3,4,R,0.0001980385848757696,0.05555443838238716,0.0002957669785246253,0.0002954009687528014,0.006986102675229837,0.9987625029257419,0.19219669699668884,0.0066794318747516145,
test/counting_and_probability/119.json|256,test/counting_and_probability/119.json,256,3,4,C,0.0001267737564188637,0.05630352720618248,0.00035903023672290146,0.00020093725470360368,0.0047520774849350335,0.5596666620004482,0.19352972507476807,0.006740903235168916,
test/counting_and_probability/119.json|256,test/counting_and_probability/119.json,256,3,5,R,0.0001980385848757696,0.055459752678871155,0.0003419737331569195,0.0003419294662307948,0.008640955510285856,0.9998705516777953,0.2005302459001541,0.008581531722891065,
test/counting_and_probability/119.json|256,test/counting_and_probability/119.json,256,3,5,C,0.0001267737564188637,0.055935680866241455,0.0003269546723458916,0.00017982590361498296,0.004544409845290123,0.5500025485940728,0.17709694802761078,0.007579679422159347,
test/counting_and_probability/119.json|256,test/counting_and_probability/119.json,256,3,6,R,0.0001980385848757696,0.05868082866072655,0.0005109964986331761,0.0005104434094391763,0.008945766671367279,0.998917624299977,0.22879867255687714,0.0074449553643017915,
test/counting_and_probability/119.json|256,test/counting_and_probability/119.json,256,3,6,C,0.0001267737564188637,0.05910606309771538,0.0005652674590237439,0.0002144256141036749,0.003757912192937592,0.37933479152447236,0.18281246721744537,0.005962369037907726,
test/counting_and_probability/119.json|256,test/counting_and_probability/119.json,256,3,8,R,0.0001980385848757696,0.2741653323173523,0.00043101841583848,0.00042976823169738054,0.006934032270943108,0.9970994623610991,0.26242589950561523,0.0077949175882361145,
test/counting_and_probability/119.json|256,test/counting_and_probability/119.json,256,3,8,C,0.0001267737564188637,0.2756248414516449,0.0025044691283255816,0.0015666874824091792,0.02527748856308514,0.6255567154189943,1.7077621221542358,0.04689380530522262,
test/counting_and_probability/119.json|256,test/counting_and_probability/119.json,256,3,9,R,0.0001980385848757696,0.08160731941461563,0.0003047964128199965,0.0003045716730412096,0.0055521481756547345,0.9992626528115268,0.2000136375427246,0.00642398263059235,
test/counting_and_probability/119.json|256,test/counting_and_probability/119.json,256,3,9,C,0.0001267737564188637,0.0824776291847229,0.000610067043453455,0.0003511753457132727,0.006401703531940268,0.5756340207294472,0.41574475169181824,0.013381858282809828,
test/counting_and_probability/119.json|256,test/counting_and_probability/119.json,256,3,10,R,0.0001980385848757696,0.07727190852165222,0.00040974735748022795,0.0004095092008356005,0.006651144801806649,0.9994187695425035,0.2759382128715515,0.007442945636431279,
test/counting_and_probability/119.json|256,test/counting_and_probability/119.json,256,3,10,C,0.0001267737564188637,0.07781228423118591,0.000555745093151927,0.0003078439913224429,0.00499992419822006,0.5539302003056206,0.2963879704475403,0.008012491241383693,
test/counting_and_probability/119.json|256,test/counting_and_probability/119.json,256,3,12,R,0.0001980385848757696,0.06787826120853424,0.0003366817254573107,0.0003363220312166959,0.005591201957808402,0.998931646084866,0.22742265462875366,0.005792255191737333,
test/counting_and_probability/119.json|256,test/counting_and_probability/119.json,256,3,12,C,0.0001267737564188637,0.06818295270204544,0.00047161459224298596,0.00033846369478851557,0.005626806147972232,0.717670105288985,0.28658926486968994,0.007289989473132318,
test/counting_and_probability/119.json|256,test/counting_and_probability/119.json,256,3,13,R,0.0001980385848757696,0.0661303699016571,0.00046997168101370335,0.0004693717055488378,0.006961686954768334,0.9987233774122415,0.2335098683834076,0.007425812652189631,
test/counting_and_probability/119.json|256,test/counting_and_probability/119.json,256,3,13,C,0.0001267737564188637,0.06713252514600754,0.0006417662370949984,0.0003670372534543276,0.005443869813795421,0.5719173612869245,0.32153454422950745,0.010232657178206237,
test/counting_and_probability/119.json|256,test/counting_and_probability/119.json,256,3,14,R,0.0001980385848757696,0.06864382326602936,0.0004714571696240455,0.00047041219659149647,0.006421947178300586,0.9977835228783013,0.222778782248497,0.005586351902119188,
test/counting_and_probability/119.json|256,test/counting_and_probability/119.json,256,3,14,C,0.0001267737564188637,0.0693218931555748,0.0004774816334247589,0.0003096344880759716,0.004227050959588102,0.6484741312595207,0.2858816087245941,0.0071882611296686955,
test/counting_and_probability/119.json|256,test/counting_and_probability/119.json,256,3,16,R,0.0001980385848757696,0.06672491878271103,0.000423607649281621,0.00042002456029877067,0.006419026661216223,0.9915414889686996,0.2549232244491577,0.006419119198646416,
test/counting_and_probability/119.json|256,test/counting_and_probability/119.json,256,3,16,C,0.0001267737564188637,0.06721162796020508,0.0005225043278187513,0.0003095323627348989,0.004730429305113143,0.5924015279158977,0.2379683405160904,0.0059709448280492365,
test/counting_and_probability/119.json|256,test/counting_and_probability/119.json,256,3,17,R,0.0001980385848757696,0.06042259931564331,0.0002576808910816908,0.00025714028743095696,0.005261544454335097,0.9979020382676941,0.17471837997436523,0.005631894963295853,
test/counting_and_probability/119.json|256,test/counting_and_probability/119.json,256,3,17,C,0.0001267737564188637,0.06110889092087746,0.0004597815277520567,0.0004079599748365581,0.00834758164361281,0.8872909182407716,0.3292383551597595,0.010622478312410389,
test/counting_and_probability/119.json|256,test/counting_and_probability/119.json,256,3,18,R,0.0001980385848757696,0.055175818502902985,0.0003445620241109282,0.00034110707929357886,0.003751091317301451,0.989972935014423,0.1728178858757019,0.0038376052758080114,
test/counting_and_probability/119.json|256,test/counting_and_probability/119.json,256,3,18,C,0.0001267737564188637,0.05648382008075714,0.00048234351561404765,0.00039068213663995266,0.0042962590328229884,0.8099665967990219,0.24246175587177277,0.005387577226406801,
test/counting_and_probability/119.json|256,test/counting_and_probability/119.json,256,3,20,R,0.0001980385848757696,0.23706188797950745,0.000967141764704138,0.000949496345128864,0.0038102902543230965,0.9817550836899004,0.2021040916442871,0.004395286110407395,
test/counting_and_probability/119.json|256,test/counting_and_probability/119.json,256,3,20,C,0.0001267737564188637,0.2412651628255844,0.0011706659570336342,0.0010827438673004508,0.004345007146860679,0.9248956629089429,0.3424031436443329,0.007447500341415668,
test/counting_and_probability/119.json|256,test/counting_and_probability/119.json,256,3,21,R,0.0001980385848757696,0.19288574159145355,0.0013847661903128028,0.001368671772070229,0.003390840449628449,0.988377518642829,0.20706848800182343,0.0038978648318155006,
test/counting_and_probability/119.json|256,test/counting_and_probability/119.json,256,3,21,C,0.0001267737564188637,0.1939665824174881,0.0012397895334288478,0.00115581217687577,0.0028634876246445835,0.9322648278429252,0.33365392684936523,0.006289333694641219,
test/counting_and_probability/119.json|256,test/counting_and_probability/119.json,256,3,22,R,0.0001980385848757696,0.08031293749809265,0.00032003247179090977,0.00031600374495610595,0.0034290161000046456,0.9874115029650883,0.14048627018928528,0.0031352568317918484,
test/counting_and_probability/119.json|256,test/counting_and_probability/119.json,256,3,22,C,0.0001267737564188637,0.08089922368526459,0.0006542075425386429,0.0005831999005749822,0.006328411863823013,0.8914600669696093,0.34891730546951294,0.007790588935561353,
test/counting_and_probability/119.json|256,test/counting_and_probability/119.json,256,3,24,R,0.0001980385848757696,0.18771576881408691,0.0011502300621941686,0.0011429140577092767,0.0028587106473576063,0.9936395285439024,0.16466784477233887,0.003193790467837082,
test/counting_and_probability/119.json|256,test/counting_and_probability/119.json,256,3,24,C,0.0001267737564188637,0.18920616805553436,0.0015268578426912427,0.0013825781643390656,0.003458169835728446,0.9055054928994732,0.4389410614967346,0.008528878170423554,
test/counting_and_probability/119.json|256,test/counting_and_probability/119.json,256,3,25,R,0.0001980385848757696,0.18889985978603363,0.0006382389692589641,0.0006277921493165195,0.0019287774944719562,0.9836318034008393,0.13179336488246918,0.002582960584678288,
test/counting_and_probability/119.json|256,test/counting_and_probability/119.json,256,3,25,C,0.0001267737564188637,0.1938433200120926,0.0011116990353912115,0.0010551075683906674,0.0032416266026495206,0.9490946145062329,0.6719997525215149,0.013202888620733884,
test/counting_and_probability/119.json|256,test/counting_and_probability/119.json,256,3,26,R,0.0001980385848757696,0.3835984468460083,0.000623327330686152,0.0005149080534465611,0.0030162456622883542,0.8260636543141663,0.17644086480140686,0.0038476023811216432,
test/counting_and_probability/119.json|256,test/counting_and_probability/119.json,256,3,26,C,0.0001267737564188637,0.38765236735343933,0.0015215722378343344,0.001139383064582944,0.006674316323525486,0.7488195666975478,0.6520310640335083,0.013819136476827986,
test/counting_and_probability/119.json|256,test/counting_and_probability/119.json,256,3,28,R,0.0001980385848757696,0.2608788311481476,0.001304064760915935,0.001292914617806673,0.0036553951562958162,0.9914497006322905,0.15552186965942383,0.0033197955814629823,
test/counting_and_probability/119.json|256,test/counting_and_probability/119.json,256,3,28,C,0.0001267737564188637,0.26272791624069214,0.0018102003959938884,0.001664385898038745,0.00470563799504324,0.9194484217342508,0.8717833161354065,0.01867893435764386,
test/counting_and_probability/119.json|256,test/counting_and_probability/119.json,256,3,29,R,0.0001980385848757696,0.129432812333107,0.000658103555906564,0.0006564338691532612,0.003350067594454704,0.9974628799133813,0.1849956512451172,0.0037398068305438347,
test/counting_and_probability/119.json|256,test/counting_and_probability/119.json,256,3,29,C,0.0001267737564188637,0.13139742612838745,0.0011350201675668359,0.0009840766433626413,0.005022171201558218,0.8670124730957094,0.3935275077819824,0.007906000979054405,
test/counting_and_probability/119.json|256,test/counting_and_probability/119.json,256,3,30,R,0.0001980385848757696,0.16959068179130554,0.0007561130332760513,0.0007507220143452287,0.0040120882879216835,0.992870087293252,0.21170569956302643,0.004012972887043622,
test/counting_and_probability/119.json|256,test/counting_and_probability/119.json,256,3,30,C,0.0001267737564188637,0.17023473978042603,0.0011116167297586799,0.000986463506706059,0.005271962998406891,0.8874133317809965,0.37913796305656433,0.007210362904823307,
test/counting_and_probability/119.json|256,test/counting_and_probability/119.json,256,4,0,R,0.0001980385848757696,2.1337673664093018,0.04396165534853935,0.0439559668302536,0.006458517568289587,0.9998706027050046,0.30665329098701477,0.0054156546704627285,
test/counting_and_probability/119.json|256,test/counting_and_probability/119.json,256,4,0,C,0.0001267737564188637,2.2747204303741455,0.020819438621401787,0.0006848942721262574,0.00010063256499465381,0.03289686549902018,0.41889533400535583,0.007431182082858991,
test/counting_and_probability/119.json|256,test/counting_and_probability/119.json,256,4,1,R,0.0001980385848757696,0.05461624637246132,0.0004976561758667231,0.0004976388881914318,0.007951036781236822,0.9999652597996469,0.19727832078933716,0.007027496094868235,
test/counting_and_probability/119.json|256,test/counting_and_probability/119.json,256,4,1,C,0.0001267737564188637,0.05505372956395149,0.0003935494169127196,0.00024695860338397324,0.003945786765349212,0.627516119052533,0.19572651386260986,0.006959438383007251,
test/counting_and_probability/119.json|256,test/counting_and_probability/119.json,256,4,2,R,0.0001980385848757696,0.05564351752400398,0.00033506486215628684,0.00033447035821154714,0.0059303837544708434,0.9982257019159231,0.17467181384563446,0.006264819052861569,
test/counting_and_probability/119.json|256,test/counting_and_probability/119.json,256,4,2,C,0.0001267737564188637,0.05639025568962097,0.0003779944672714919,0.00012276646157260984,0.0021767316936456087,0.32478375182049934,0.1687469184398651,0.0060975233785557125,
test/counting_and_probability/119.json|256,test/counting_and_probability/119.json,256,4,4,R,0.0001980385848757696,0.054795220494270325,0.0003698338405229151,0.0003696823550853878,0.006530517167689421,0.9995903932509164,0.22162635624408722,0.006832801162229488,
test/counting_and_probability/119.json|256,test/counting_and_probability/119.json,256,4,4,C,0.0001267737564188637,0.05559955909848213,0.0005704924697056413,0.00019265178707428277,0.0034032346569098644,0.3376938293961918,0.17522738873958588,0.0054330127025955365,
test/counting_and_probability/119.json|256,test/counting_and_probability/119.json,256,4,5,R,0.0001980385848757696,0.05492432415485382,0.0003391825594007969,0.00033900223206728697,0.008792698594228635,0.9994683443237858,0.20986808836460114,0.008615755712816761,
test/counting_and_probability/119.json|256,test/counting_and_probability/119.json,256,4,5,C,0.0001267737564188637,0.055499449372291565,0.0003863711899612099,0.000192686784430407,0.004997715821090506,0.49870898487809867,0.2304658591747284,0.009394430878821735,
test/counting_and_probability/119.json|256,test/counting_and_probability/119.json,256,4,6,R,0.0001980385848757696,0.058128777891397476,0.0006251733866520226,0.0006244249525479972,0.011455743007983646,0.9988028359511011,0.2604941427707672,0.008910137199917506,
test/counting_and_probability/119.json|256,test/counting_and_probability/119.json,256,4,6,C,0.0001267737564188637,0.05859801173210144,0.0006767160375602543,0.00023501618125010282,0.004311622980684675,0.3472892141733643,0.19916534423828125,0.00682667430957151,
test/counting_and_probability/119.json|256,test/counting_and_probability/119.json,256,4,8,R,0.0001980385848757696,0.27364489436149597,0.0004284348979126662,0.00042787514394149184,0.006968697060898003,0.998693488853044,0.2956269383430481,0.009134733713260791,
test/counting_and_probability/119.json|256,test/counting_and_probability/119.json,256,4,8,C,0.0001267737564188637,0.2753388583660126,0.0024713752791285515,0.0016194179188460112,0.026375060695208122,0.6552699348687243,2.0124762058258057,0.05833988302410734,
test/counting_and_probability/119.json|256,test/counting_and_probability/119.json,256,4,9,R,0.0001980385848757696,0.08115391433238983,0.00033503377926535904,0.00033483284641988575,0.006609013290874201,0.9994002579521559,0.22892522811889648,0.007529529977256128,
test/counting_and_probability/119.json|256,test/counting_and_probability/119.json,256,4,9,C,0.0001267737564188637,0.08215765655040741,0.0006150277331471443,0.00033774267649278045,0.006666448234403697,0.5491503191496339,0.3685851991176605,0.01214022581672775,
test/counting_and_probability/119.json|256,test/counting_and_probability/119.json,256,4,10,R,0.0001980385848757696,0.07676059752702713,0.0004462244687601924,0.0004458969924598932,0.00797936194589134,0.9992661153242556,0.3149503171443939,0.00873939871898354,
test/counting_and_probability/119.json|256,test/counting_and_probability/119.json,256,4,10,C,0.0001267737564188637,0.07740864902734756,0.0005047180457040668,0.0003042891912627965,0.005445279143762788,0.6028894612544171,0.3159318268299103,0.008791135201515704,
test/counting_and_probability/119.json|256,test/counting_and_probability/119.json,256,4,12,R,0.0001980385848757696,0.06749312579631805,0.0004117406497243792,0.00041107996366918087,0.007048104103287902,0.9983953805531809,0.28728893399238586,0.007430789719918252,
test/counting_and_probability/119.json|256,test/counting_and_probability/119.json,256,4,12,C,0.0001267737564188637,0.06787338852882385,0.00045198769657872617,0.0003076801949646324,0.005275280325693059,0.6807269237920825,0.27479681372642517,0.0070970780130930645,
test/counting_and_probability/119.json|256,test/counting_and_probability/119.json,256,4,13,R,0.0001980385848757696,0.06552216410636902,0.000504179100971669,0.0005037329974584281,0.00783904784312789,0.9991151864258232,0.27038082480430603,0.00890952847069577,
test/counting_and_probability/119.json|256,test/counting_and_probability/119.json,256,4,13,C,0.0001267737564188637,0.06661046296358109,0.0006994481664150953,0.00036165115307085216,0.005627982891231467,0.5170521132500534,0.31751301884651184,0.010505504664075552,
test/counting_and_probability/119.json|256,test/counting_and_probability/119.json,256,4,14,R,0.0001980385848757696,0.0680634006857872,0.0005215593846514821,0.0005212488467805088,0.00734548171510477,0.9994045953739564,0.25352007150650024,0.006441799358172105,
test/counting_and_probability/119.json|256,test/counting_and_probability/119.json,256,4,14,C,0.0001267737564188637,0.06890086084604263,0.0004892891738563776,0.00031483222846873105,0.004436641715039717,0.643448178801717,0.3101140260696411,0.00789542007482542,
test/counting_and_probability/119.json|256,test/counting_and_probability/119.json,256,4,16,R,0.0001980385848757696,0.06647548079490662,0.0004825979412999004,0.0004809588717762381,0.00859359087488481,0.996603652067286,0.3277243375778198,0.0087153877391016,
test/counting_and_probability/119.json|256,test/counting_and_probability/119.json,256,4,16,C,0.0001267737564188637,0.06703957170248032,0.0005662739858962595,0.0003461464657448232,0.0061848138873343535,0.6112702927465334,0.29148533940315247,0.007722942399138245,
test/counting_and_probability/119.json|256,test/counting_and_probability/119.json,256,4,17,R,0.0001980385848757696,0.06007811799645424,0.00036260028718970716,0.0003616610774770379,0.006630671346545418,0.99740979049587,0.22040094435214996,0.006918068698753832,
test/counting_and_probability/119.json|256,test/counting_and_probability/119.json,256,4,17,C,0.0001267737564188637,0.06085750833153725,0.0004765390476677567,0.0004173305060248822,0.007651311132628521,0.8757530095206223,0.33508288860321045,0.01051322937404971,
test/counting_and_probability/119.json|256,test/counting_and_probability/119.json,256,4,18,R,0.0001980385848757696,0.054771002382040024,0.00035441212821751833,0.0003530840331222862,0.004214445440802628,0.996252678772128,0.19209270179271698,0.004373373632029632,
test/counting_and_probability/119.json|256,test/counting_and_probability/119.json,256,4,18,C,0.0001267737564188637,0.056149087846279144,0.0005103041185066104,0.00040388459456153214,0.004820805894586428,0.7914586206986328,0.25717422366142273,0.005863452454931377,
test/counting_and_probability/119.json|256,test/counting_and_probability/119.json,256,4,20,R,0.0001980385848757696,0.2352871596813202,0.0009565357468090951,0.0009551010443829,0.004024671182225465,0.9985001047483262,0.2103480100631714,0.004626650178384467,
test/counting_and_probability/119.json|256,test/counting_and_probability/119.json,256,4,20,C,0.0001267737564188637,0.24086342751979828,0.0012126531219109893,0.0011393100721761584,0.004800903990288522,0.9395185240122337,0.35461288690567017,0.007799858169250483,
test/counting_and_probability/119.json|256,test/counting_and_probability/119.json,256,4,21,R,0.0001980385848757696,0.19273647665977478,0.0011627539061009884,0.00115906388964504,0.003037063525970548,0.9968264845781956,0.20553945004940033,0.003969158543606411,
test/counting_and_probability/119.json|256,test/counting_and_probability/119.json,256,4,21,C,0.0001267737564188637,0.19383341073989868,0.0013076618779450655,0.0012721186503767967,0.0033332978348151595,0.9728192515660526,0.4157891273498535,0.00803691542617041,
test/counting_and_probability/119.json|256,test/counting_and_probability/119.json,256,4,22,R,0.0001980385848757696,0.08012828975915909,0.0002973427763208747,0.0002940034319180995,0.0033902005010490485,0.988769374414057,0.14491309225559235,0.003253219985429583,
test/counting_and_probability/119.json|256,test/counting_and_probability/119.json,256,4,22,C,0.0001267737564188637,0.08077071607112885,0.0006347786402329803,0.0005703669739887118,0.006576992616661084,0.8985289310945362,0.36837640404701233,0.008275145437932778,
test/counting_and_probability/119.json|256,test/counting_and_probability/119.json,256,4,24,R,0.0001980385848757696,0.18752747774124146,0.0010176494251936674,0.0010107584530487657,0.002641985216532283,0.993228539251797,0.16270361840724945,0.0031692591632394296,
test/counting_and_probability/119.json|256,test/counting_and_probability/119.json,256,4,24,C,0.0001267737564188637,0.18910928070545197,0.0016217791708186269,0.0014467159053310752,0.0037815187425619384,0.8920548065176841,0.4600018560886383,0.00898758667043083,
test/counting_and_probability/119.json|256,test/counting_and_probability/119.json,256,4,25,R,0.0001980385848757696,0.18856103718280792,0.0006686769775114954,0.0006657153717242181,0.0021127249230728303,0.9955709454901979,0.13138240575790405,0.002599484320961634,
test/counting_and_probability/119.json|256,test/counting_and_probability/119.json,256,4,25,C,0.0001267737564188637,0.1936594694852829,0.001163333305157721,0.0010570184094831347,0.0033545704856984297,0.9086118345345711,0.6454827189445496,0.01282501741188688,
test/counting_and_probability/119.json|256,test/counting_and_probability/119.json,256,4,26,R,0.0001980385848757696,0.3832918107509613,0.0004299701831769198,0.0004282098379917443,0.0027365974331923816,0.9959058877802299,0.16390065848827362,0.003726329119567548,
test/counting_and_probability/119.json|256,test/counting_and_probability/119.json,256,4,26,C,0.0001267737564188637,0.3874506652355194,0.0015086192870512605,0.001150138908997178,0.007350291625567569,0.7623784994044821,0.8161628246307373,0.01792817159178574,
test/counting_and_probability/119.json|256,test/counting_and_probability/119.json,256,4,28,R,0.0001980385848757696,0.26014527678489685,0.001186251058243215,0.0011826773406937718,0.003228683589223816,0.9969873843132978,0.14960172772407532,0.003130304852083173,
test/counting_and_probability/119.json|256,test/counting_and_probability/119.json,256,4,28,C,0.0001267737564188637,0.26234596967697144,0.0018143325578421354,0.0016939641209319234,0.0046244854533008225,0.9336569046707577,0.8154905438423157,0.017121626795031382,
test/counting_and_probability/119.json|256,test/counting_and_probability/119.json,256,4,29,R,0.0001980385848757696,0.12919852137565613,0.0006812909268774092,0.0006803270080126822,0.0034782147989395142,0.9985851567586109,0.16428551077842712,0.0033018515627029916,
test/counting_and_probability/119.json|256,test/counting_and_probability/119.json,256,4,29,C,0.0001267737564188637,0.13130006194114685,0.0010307775810360909,0.0009656495531089604,0.004936944332144319,0.9368166032496716,0.34910812973976135,0.006991745483104538,
test/counting_and_probability/119.json|256,test/counting_and_probability/119.json,256,4,30,R,0.0001980385848757696,0.16923749446868896,0.0007495016907341778,0.0007456260500475764,0.003850867704344862,0.9948290421097863,0.19846341013908386,0.003746424552403951,
test/counting_and_probability/119.json|256,test/counting_and_probability/119.json,256,4,30,C,0.0001267737564188637,0.16974703967571259,0.0010903290240094066,0.0009758053347468376,0.005039653924462879,0.8949641001608841,0.3205528259277344,0.006063329413018846,
test/counting_and_probability/119.json|256,test/counting_and_probability/119.json,256,5,0,R,0.0001980385848757696,2.1067070960998535,0.038928598165512085,0.038923345506191254,0.006148911074870533,0.9998650693688388,0.28975173830986023,0.005059495468010937,
test/counting_and_probability/119.json|256,test/counting_and_probability/119.json,256,5,0,C,0.0001267737564188637,2.268799066543579,0.028743259608745575,0.0007784317713230848,0.00012297267044936432,0.02708223708417374,0.20200586318969727,0.0035065985056960706,
test/counting_and_probability/119.json|256,test/counting_and_probability/119.json,256,5,1,R,0.0001980385848757696,0.05448570474982262,0.0005854841438122094,0.0005854280898347497,0.010162512362677872,0.999904258760965,0.2227911800146103,0.00867698479854879,
test/counting_and_probability/119.json|256,test/counting_and_probability/119.json,256,5,1,C,0.0001267737564188637,0.054921578615903854,0.00046019782894290984,0.0002783528179861605,0.004831958020273783,0.6048546948182953,0.20392762124538422,0.0079182569768967,
test/counting_and_probability/119.json|256,test/counting_and_probability/119.json,256,5,2,R,0.0001980385848757696,0.055132996290922165,0.00037949546822346747,0.00037944508949294686,0.0055258759715515965,0.9998672455019721,0.17912785708904266,0.006483062064302276,
test/counting_and_probability/119.json|256,test/counting_and_probability/119.json,256,5,2,C,0.0001267737564188637,0.05611051619052887,0.000383073027478531,0.0001323956239502877,0.0019280834497110415,0.3456145802697976,0.1758316159248352,0.006406535948185962,
test/counting_and_probability/119.json|256,test/counting_and_probability/119.json,256,5,4,R,0.0001980385848757696,0.05456042289733887,0.00031921922345645726,0.0003189379640389234,0.006092086318091185,0.9991189114063767,0.1867506504058838,0.006098513596013176,
test/counting_and_probability/119.json|256,test/counting_and_probability/119.json,256,5,4,C,0.0001267737564188637,0.05539320409297943,0.0005542000872083008,0.00018195674056187272,0.0034755855202178777,0.3283231894641683,0.17297852039337158,0.005657402041574167,
test/counting_and_probability/119.json|256,test/counting_and_probability/119.json,256,5,5,R,0.0001980385848757696,0.05463249608874321,0.00035944266710430384,0.0003592762222979218,0.009382171701005288,0.9995369336443559,0.24782784283161163,0.010056739104281611,
test/counting_and_probability/119.json|256,test/counting_and_probability/119.json,256,5,5,C,0.0001267737564188637,0.055260248482227325,0.00043022591853514314,0.0003444940084591508,0.008996147634427009,0.8007281588970158,0.3051145672798157,0.012353623952905244,
test/counting_and_probability/119.json|256,test/counting_and_probability/119.json,256,5,6,R,0.0001980385848757696,0.05783279240131378,0.00044300881563685834,0.0004425490915309638,0.008094109918792898,0.9989622664637138,0.20723062753677368,0.006952527010570869,
test/counting_and_probability/119.json|256,test/counting_and_probability/119.json,256,5,6,C,0.0001267737564188637,0.058319091796875,0.00047876808093860745,0.00022191213793121278,0.004058716357355564,0.46350654169061467,0.2099304497241974,0.007051093899484619,
test/counting_and_probability/119.json|256,test/counting_and_probability/119.json,256,5,8,R,0.0001980385848757696,0.2733701467514038,0.00038652122020721436,0.00038565549766644835,0.0059847605152191265,0.9977602173095125,0.24633541703224182,0.0073792112733266245,
test/counting_and_probability/119.json|256,test/counting_and_probability/119.json,256,5,8,C,0.0001267737564188637,0.27517420053482056,0.002375532640144229,0.0020666373893618584,0.032070928385482776,0.8699680036248274,2.1224331855773926,0.06146875493613328,
test/counting_and_probability/119.json|256,test/counting_and_probability/119.json,256,5,9,R,0.0001980385848757696,0.08076293766498566,0.0003083385236095637,0.000308103219140321,0.006197293234301754,0.9992368599754421,0.21022269129753113,0.006829295408144739,
test/counting_and_probability/119.json|256,test/counting_and_probability/119.json,256,5,9,C,0.0001267737564188637,0.08191683143377304,0.00055239989887923,0.00035358796594664454,0.0071121889450095925,0.6400941890538878,0.36438512802124023,0.011865967757136043,
test/counting_and_probability/119.json|256,test/counting_and_probability/119.json,256,5,10,R,0.0001980385848757696,0.07636453211307526,0.0003842296137008816,0.0003840026038233191,0.006595088066746957,0.9994091791239484,0.24956117570400238,0.006609995060382691,
test/counting_and_probability/119.json|256,test/counting_and_probability/119.json,256,5,10,C,0.0001267737564188637,0.07704252749681473,0.0004577405925374478,0.00031213450711220503,0.005360782824334167,0.6819026136616159,0.28420552611351013,0.0075492642120214845,
test/counting_and_probability/119.json|256,test/counting_and_probability/119.json,256,5,12,R,0.0001980385848757696,0.06729172170162201,0.00039681626367382705,0.0003964240022469312,0.005770834520658169,0.9990114759352965,0.2465023547410965,0.005810040641115051,
test/counting_and_probability/119.json|256,test/counting_and_probability/119.json,256,5,12,C,0.0001267737564188637,0.06769074499607086,0.0005496612866409123,0.00036227633245289326,0.005273739111372831,0.6590901353226907,0.2898445725440979,0.006827775519138631,
test/counting_and_probability/119.json|256,test/counting_and_probability/119.json,256,5,13,R,0.0001980385848757696,0.06506964564323425,0.0005594030953943729,0.0005589674110524356,0.007505173551321086,0.9992211602961344,0.249650776386261,0.00782038985908312,
test/counting_and_probability/119.json|256,test/counting_and_probability/119.json,256,5,13,C,0.0001267737564188637,0.06620446592569351,0.0006851876969449222,0.00034198869252577424,0.004591832080447611,0.4991168019383566,0.2803385257720947,0.008805615823004098,
test/counting_and_probability/119.json|256,test/counting_and_probability/119.json,256,5,14,R,0.0001980385848757696,0.06760305166244507,0.000449044891865924,0.0004489165439736098,0.006464189171680435,0.9997141735840819,0.2199079841375351,0.005589385078501424,
test/counting_and_probability/119.json|256,test/counting_and_probability/119.json,256,5,14,C,0.0001267737564188637,0.06852035969495773,0.0004533398896455765,0.0002911098417825997,0.004191846151099544,0.6421447743503139,0.2887893617153168,0.007343089985201955,
test/counting_and_probability/119.json|256,test/counting_and_probability/119.json,256,5,16,R,0.0001980385848757696,0.066215880215168,0.0004505490360315889,0.00044843758223578334,0.007153793917821817,0.9953135960300421,0.28837913274765015,0.007219062351548072,
test/counting_and_probability/119.json|256,test/counting_and_probability/119.json,256,5,16,C,0.0001267737564188637,0.06683550775051117,0.000504051276948303,0.0003119430330116302,0.0049763361963095975,0.6188716240961976,0.2464904487133026,0.006151950516275267,
test/counting_and_probability/119.json|256,test/counting_and_probability/119.json,256,5,17,R,0.0001980385848757696,0.059712521731853485,0.0003006582264788449,0.00029898277716711164,0.006467408557323382,0.9944273924389742,0.2103012204170227,0.0069599857044822305,
test/counting_and_probability/119.json|256,test/counting_and_probability/119.json,256,5,17,C,0.0001267737564188637,0.06052157282829285,0.00040443925536237657,0.0003702768590301275,0.008009597574016022,0.9155314505334774,0.31826749444007874,0.010522657509976972,
test/counting_and_probability/119.json|256,test/counting_and_probability/119.json,256,5,18,R,0.0001980385848757696,0.05448145791888237,0.0003810973430518061,0.00038009765557944775,0.004464268915918665,0.9973768159553942,0.2029266655445099,0.004683897782418922,
test/counting_and_probability/119.json|256,test/counting_and_probability/119.json,256,5,18,C,0.0001267737564188637,0.05589159205555916,0.0004962072125636041,0.0004028088878840208,0.004731013650939324,0.811775558422809,0.26208245754241943,0.006050691005056823,
test/counting_and_probability/119.json|256,test/counting_and_probability/119.json,256,5,20,R,0.0001980385848757696,0.23449142277240753,0.001059589209035039,0.0010211518965661526,0.003610033985066949,0.963724325328289,0.20458321273326874,0.004446443077589043,
test/counting_and_probability/119.json|256,test/counting_and_probability/119.json,256,5,20,C,0.0001267737564188637,0.2404576987028122,0.0012206058017909527,0.001114381942898035,0.003939626121965711,0.9129744757479986,0.31881025433540344,0.006921570968884931,
test/counting_and_probability/119.json|256,test/counting_and_probability/119.json,256,5,21,R,0.0001980385848757696,0.1925370693206787,0.0011826884001493454,0.001174124889075756,0.0033891212151744283,0.9927592829478439,0.2317061424255371,0.004392269737020381,
test/counting_and_probability/119.json|256,test/counting_and_probability/119.json,256,5,21,C,0.0001267737564188637,0.1937045305967331,0.0016480115009471774,0.0014519435353577137,0.004191047038266721,0.8810275496513202,0.3963843584060669,0.007519902404292676,
test/counting_and_probability/119.json|256,test/counting_and_probability/119.json,256,5,22,R,0.0001980385848757696,0.07986994832754135,0.0003602121723815799,0.00035865246900357306,0.0034303891939872866,0.9956700397897031,0.15552961826324463,0.003480621195737791,
test/counting_and_probability/119.json|256,test/counting_and_probability/119.json,256,5,22,C,0.0001267737564188637,0.08056318014860153,0.000605770037509501,0.0005728396936319768,0.005479017335030654,0.945638868243551,0.37017709016799927,0.008284313821217774,
test/counting_and_probability/119.json|256,test/counting_and_probability/119.json,256,5,24,R,0.0001980385848757696,0.18725213408470154,0.0011038628872483969,0.0010989378206431866,0.003017502563592374,0.995538333920234,0.18735449016094208,0.0036826770208512037,
test/counting_and_probability/119.json|256,test/counting_and_probability/119.json,256,5,24,C,0.0001267737564188637,0.1889270693063736,0.0017013681354001164,0.0015412981156259775,0.004232151198908979,0.905916881038558,0.4441722333431244,0.00875017255714183,
test/counting_and_probability/119.json|256,test/counting_and_probability/119.json,256,5,25,R,0.0001980385848757696,0.1882399469614029,0.0006873818347230554,0.0006852003862150013,0.002277962733981006,0.9968264370766222,0.14610329270362854,0.002957760486938495,
test/counting_and_probability/119.json|256,test/counting_and_probability/119.json,256,5,25,C,0.0001267737564188637,0.1934802532196045,0.0010393209522590041,0.000946151907555759,0.003145501417479898,0.9103558478147732,0.7002237439155579,0.014253537504469635,
test/counting_and_probability/119.json|256,test/counting_and_probability/119.json,256,5,26,R,0.0001980385848757696,0.38308098912239075,0.00045546816545538604,0.00045465031871572137,0.002649946134937399,0.9982043800206073,0.19233836233615875,0.004350857562105226,
test/counting_and_probability/119.json|256,test/counting_and_probability/119.json,256,5,26,C,0.0001267737564188637,0.3871803879737854,0.002105078659951687,0.0014732623239979148,0.00858696374007879,0.6998609369456371,0.8615574836730957,0.01871525594182757,
test/counting_and_probability/119.json|256,test/counting_and_probability/119.json,256,5,28,R,0.0001980385848757696,0.2594970166683197,0.0013292215298861265,0.0013019450707361102,0.003466027920971955,0.9794793723121289,0.18376846611499786,0.003930709843445497,
test/counting_and_probability/119.json|256,test/counting_and_probability/119.json,256,5,28,C,0.0001267737564188637,0.261968195438385,0.0017329996917396784,0.0016181535320356488,0.004307835598074736,0.9337298435855631,0.8858202695846558,0.018990703265890026,
test/counting_and_probability/119.json|256,test/counting_and_probability/119.json,256,5,29,R,0.0001980385848757696,0.12904778122901917,0.0006844188319519162,0.000678864773362875,0.00343935937841049,0.9918849988901001,0.16000905632972717,0.003169392273961256,
test/counting_and_probability/119.json|256,test/counting_and_probability/119.json,256,5,29,C,0.0001267737564188637,0.13122296333312988,0.0009570360416546464,0.0008582897135056555,0.0043483870298879216,0.8968206789003618,0.30821454524993896,0.006087714622681492,
test/counting_and_probability/119.json|256,test/counting_and_probability/119.json,256,5,30,R,0.0001980385848757696,0.16905176639556885,0.0008672396070323884,0.0008632076787762344,0.004227280627683062,0.9953508474257745,0.19956156611442566,0.003793611540782408,
test/counting_and_probability/119.json|256,test/counting_and_probability/119.json,256,5,30,C,0.0001267737564188637,0.16956506669521332,0.0012304616393521428,0.001089715282432735,0.0053365284118518696,0.8856149974093236,0.3336087763309479,0.006356756656488789,
test/counting_and_probability/119.json|256,test/counting_and_probability/119.json,256,6,0,R,0.0001980385848757696,2.084639549255371,0.03726021572947502,0.03725558519363403,0.005784009861386818,0.9998757243684663,0.2865487039089203,0.004984105046358989,
test/counting_and_probability/119.json|256,test/counting_and_probability/119.json,256,6,0,C,0.0001267737564188637,2.262557029724121,0.016726898029446602,0.0006431619985960424,9.985228585228129e-05,0.03845076340068238,0.22851651906967163,0.00401990615223813,
test/counting_and_probability/119.json|256,test/counting_and_probability/119.json,256,6,1,R,0.0001980385848757696,0.054383330047130585,0.00046785868471488357,0.00046748938621021807,0.009581994610163274,0.9992106601502947,0.20552361011505127,0.008323368951290419,
test/counting_and_probability/119.json|256,test/counting_and_probability/119.json,256,6,1,C,0.0001267737564188637,0.0548473596572876,0.0002862726105377078,0.00017776463937480003,0.0036435903500940735,0.6209627893494271,0.15867964923381805,0.00641462647465488,
test/counting_and_probability/119.json|256,test/counting_and_probability/119.json,256,6,2,R,0.0001980385848757696,0.054743047803640366,0.000272974866675213,0.0002727087412495166,0.005370072985105347,0.9990250881776669,0.15876050293445587,0.00588149380813464,
test/counting_and_probability/119.json|256,test/counting_and_probability/119.json,256,6,2,C,0.0001267737564188637,0.05590140074491501,0.0003822124272119254,0.000159926523338072,0.003149210027682318,0.41842313732769965,0.1906486600637436,0.007094371253878575,
test/counting_and_probability/119.json|256,test/counting_and_probability/119.json,256,6,4,R,0.0001980385848757696,0.0544000044465065,0.0003034884575754404,0.0003033854009117931,0.005755757491689283,0.9996604231207636,0.18223504722118378,0.0058052494560192226,
test/counting_and_probability/119.json|256,test/counting_and_probability/119.json,256,6,4,C,0.0001267737564188637,0.05528457090258598,0.000381593155907467,0.00017472950275987387,0.0033149276184904057,0.4578947488889174,0.16504424810409546,0.005262708226121487,
test/counting_and_probability/119.json|256,test/counting_and_probability/119.json,256,6,5,R,0.0001980385848757696,0.054453250020742416,0.00030057935509830713,0.00030047973268665373,0.007641374417224801,0.9996685620298528,0.1949290633201599,0.007432429370707249,
test/counting_and_probability/119.json|256,test/counting_and_probability/119.json,256,6,5,C,0.0001267737564188637,0.05515090003609657,0.0003569291438907385,0.00016587153368163854,0.004218209603316157,0.46471837914052766,0.22605550289154053,0.008581835768937437,
test/counting_and_probability/119.json|256,test/counting_and_probability/119.json,256,6,6,R,0.0001980385848757696,0.05764985457062721,0.0004633593780454248,0.0004628491878975183,0.008715501680082081,0.998898929921398,0.21268866956233978,0.007079487481028306,
test/counting_and_probability/119.json|256,test/counting_and_probability/119.json,256,6,6,C,0.0001267737564188637,0.05813991650938988,0.0006756403017789125,0.0002402249228907749,0.004523462012675518,0.35555149967035476,0.20741437375545502,0.006919519994478375,
test/counting_and_probability/119.json|256,test/counting_and_probability/119.json,256,6,8,R,0.0001980385848757696,0.2731569707393646,0.00039403230766765773,0.0003937183937523514,0.006321332513887169,0.9992033269648173,0.27443891763687134,0.008021978144507376,
test/counting_and_probability/119.json|256,test/counting_and_probability/119.json,256,6,8,C,0.0001267737564188637,0.2750190198421478,0.0023851494770497084,0.001528785564005375,0.02454536553501012,0.6409600647987203,1.9015259742736816,0.052337596051938294,
test/counting_and_probability/119.json|256,test/counting_and_probability/119.json,256,6,9,R,0.0001980385848757696,0.08046815544366837,0.00032106900471262634,0.00032058596843853593,0.005401543185821597,0.9984955344007177,0.2176060974597931,0.006921269676391665,
test/counting_and_probability/119.json|256,test/counting_and_probability/119.json,256,6,9,C,0.0001267737564188637,0.081745445728302,0.00070235226303339,0.00034386696643196046,0.005793804009596916,0.4895933052984548,0.36820530891418457,0.011699123165752766,
test/counting_and_probability/119.json|256,test/counting_and_probability/119.json,256,6,10,R,0.0001980385848757696,0.07603979855775833,0.0004082398081663996,0.0004080351209267974,0.007183830420274584,0.9994986078402786,0.2715465724468231,0.007446262653058415,
test/counting_and_probability/119.json|256,test/counting_and_probability/119.json,256,6,10,C,0.0001267737564188637,0.0767991840839386,0.0006211866857483983,0.0003310369502287358,0.005828207405006089,0.5329105682569417,0.3156123161315918,0.008667995899518485,
test/counting_and_probability/119.json|256,test/counting_and_probability/119.json,256,6,12,R,0.0001980385848757696,0.06704055517911911,0.000399483076762408,0.0003982871712651104,0.00686941708128131,0.9970063650655838,0.2824026644229889,0.00719480046160086,
test/counting_and_probability/119.json|256,test/counting_and_probability/119.json,256,6,12,C,0.0001267737564188637,0.06748131662607193,0.000488011515699327,0.0003406812611501664,0.005875865062848482,0.6981008633861124,0.3055219352245331,0.007765952158925598,
test/counting_and_probability/119.json|256,test/counting_and_probability/119.json,256,6,13,R,0.0001980385848757696,0.06473645567893982,0.0005188512150198221,0.0005180968437343836,0.007644968940797634,0.9985460720488902,0.24737310409545898,0.008392008906287524,
test/counting_and_probability/119.json|256,test/counting_and_probability/119.json,256,6,13,C,0.0001267737564188637,0.06593520939350128,0.0006165901431813836,0.0003638794005382806,0.005369356615377117,0.5901479353378011,0.3542338013648987,0.012084461356988022,
test/counting_and_probability/119.json|256,test/counting_and_probability/119.json,256,6,14,R,0.0001980385848757696,0.06731823086738586,0.0005291670677252114,0.0005288757965900004,0.006150817675075697,0.9994495648871108,0.24324040114879608,0.005758125217720314,
test/counting_and_probability/119.json|256,test/counting_and_probability/119.json,256,6,14,C,0.0001267737564188637,0.06829427182674408,0.00045587902422994375,0.00029967594309709966,0.0034852267762700458,0.6573584800176849,0.27422887086868286,0.006511012076874797,
test/counting_and_probability/119.json|256,test/counting_and_probability/119.json,256,6,16,R,0.0001980385848757696,0.06606194376945496,0.00045940204290673137,0.0004591084725689143,0.007033124596563729,0.9993609707625144,0.2753438651561737,0.006864883559132368,
test/counting_and_probability/119.json|256,test/counting_and_probability/119.json,256,6,16,C,0.0001267737564188637,0.06672053784132004,0.0005398246576078236,0.00034067468368448317,0.005218826574559142,0.6310839607865698,0.25500062108039856,0.0063312581705483465,
test/counting_and_probability/119.json|256,test/counting_and_probability/119.json,256,6,17,R,0.0001980385848757696,0.05944069102406502,0.0003669917641673237,0.00036575327976606786,0.006121339034786033,0.9966253046558383,0.22211693227291107,0.006694444155474324,
test/counting_and_probability/119.json|256,test/counting_and_probability/119.json,256,6,17,C,0.0001267737564188637,0.06029421091079712,0.0005609189975075424,0.0004790860693901777,0.008018105153987948,0.854109186290533,0.3297380208969116,0.00994340877785466,
test/counting_and_probability/119.json|256,test/counting_and_probability/119.json,256,6,18,R,0.0001980385848757696,0.05430204048752785,0.00039388160803355277,0.0003926752833649516,0.0035961085524087626,0.9969373394417651,0.17237062752246857,0.0035534101736161,
test/counting_and_probability/119.json|256,test/counting_and_probability/119.json,256,6,18,C,0.0001267737564188637,0.055727239698171616,0.0004941264633089304,0.0004080224607605487,0.003736657546006477,0.8257450070625058,0.21571588516235352,0.004449389100937104,
test/counting_and_probability/119.json|256,test/counting_and_probability/119.json,256,6,20,R,0.0001980385848757696,0.23339244723320007,0.00116147066000849,0.0011494883801788092,0.004301947832392944,0.9896835269009061,0.19742979109287262,0.004087500035051325,
test/counting_and_probability/119.json|256,test/counting_and_probability/119.json,256,6,20,C,0.0001267737564188637,0.24018973112106323,0.0013380784075707197,0.0011934085050597787,0.004466318424813133,0.89188234218242,0.3314729332923889,0.006874600191777472,
test/counting_and_probability/119.json|256,test/counting_and_probability/119.json,256,6,21,R,0.0001980385848757696,0.19243237376213074,0.001214458025060594,0.0012097203871235251,0.0030133968755539126,0.9960989685642437,0.2237851619720459,0.004108919868838339,
test/counting_and_probability/119.json|256,test/counting_and_probability/119.json,256,6,21,C,0.0001267737564188637,0.19360996782779694,0.0013898066245019436,0.0013190676691010594,0.0032857794536841497,0.9491015835563915,0.33950501680374146,0.006233399540143834,
test/counting_and_probability/119.json|256,test/counting_and_probability/119.json,256,6,22,R,0.0001980385848757696,0.07956679910421371,0.0003502804902382195,0.0003481473249848932,0.0029612206072217244,0.9939101197278053,0.1527889370918274,0.0031563546600290476,
test/counting_and_probability/119.json|256,test/counting_and_probability/119.json,256,6,22,C,0.0001267737564188637,0.08027491718530655,0.0006504547782242298,0.0006024718750268221,0.005124417175051828,0.9262317601007791,0.3070217967033386,0.0063461574023389805,
test/counting_and_probability/119.json|256,test/counting_and_probability/119.json,256,6,24,R,0.0001980385848757696,0.18711988627910614,0.0012305781710892916,0.0012179100885987282,0.003146971170820187,0.9897055841084396,0.18259158730506897,0.003392663836404788,
test/counting_and_probability/119.json|256,test/counting_and_probability/119.json,256,6,24,C,0.0001267737564188637,0.18883547186851501,0.0017848281422629952,0.00167016068007797,0.004315546410236295,0.9357543393643536,0.4575568735599518,0.008521297998973573,
test/counting_and_probability/119.json|256,test/counting_and_probability/119.json,256,6,25,R,0.0001980385848757696,0.187971830368042,0.0007094264146871865,0.000704960257280618,0.0022235333081553972,0.9937045501720677,0.1452908217906952,0.0027789226752347987,
test/counting_and_probability/119.json|256,test/counting_and_probability/119.json,256,6,25,C,0.0001267737564188637,0.19331468641757965,0.0011508807074278593,0.00099909957498312,0.0031512857075211838,0.8681174057977935,0.6057274341583252,0.011704640869643158,
test/counting_and_probability/119.json|256,test/counting_and_probability/119.json,256,6,26,R,0.0001980385848757696,0.38291436433792114,0.0004809441161341965,0.0004798178269993514,0.00246082340579559,0.9976581683927098,0.17162001132965088,0.0037669387698712727,
test/counting_and_probability/119.json|256,test/counting_and_probability/119.json,256,6,26,C,0.0001267737564188637,0.3869873881340027,0.001417494029738009,0.0011185728944838047,0.00573678218053784,0.7891200034905452,0.6020532250404358,0.012974960877925027,
test/counting_and_probability/119.json|256,test/counting_and_probability/119.json,256,6,28,R,0.0001980385848757696,0.2592123746871948,0.0011783218942582607,0.0011753839207813144,0.0033209698542536804,0.9975066452649576,0.18729820847511292,0.003909937585101865,
test/counting_and_probability/119.json|256,test/counting_and_probability/119.json,256,6,28,C,0.0001267737564188637,0.2617805600166321,0.0017697680741548538,0.0016311367508023977,0.004608669458383641,0.9216669538236947,0.8104519248008728,0.016952045264378712,
test/counting_and_probability/119.json|256,test/counting_and_probability/119.json,256,6,29,R,0.0001980385848757696,0.12892083823680878,0.0007481813081540167,0.0007464498048648238,0.003612954056155268,0.9976857156574109,0.17437699437141418,0.003364824414000406,
test/counting_and_probability/119.json|256,test/counting_and_probability/119.json,256,6,29,C,0.0001267737564188637,0.13116882741451263,0.0008661235333420336,0.0008347001858055592,0.004040102097053769,0.9637195535157167,0.3153161108493805,0.006070155040072134,
test/counting_and_probability/119.json|256,test/counting_and_probability/119.json,256,6,30,R,0.0001980385848757696,0.16889314353466034,0.0007961055380292237,0.0007879164768382907,0.004320699442281445,0.9897135972688762,0.22300837934017181,0.004261997246692542,
test/counting_and_probability/119.json|256,test/counting_and_probability/119.json,256,6,30,C,0.0001267737564188637,0.1694391965866089,0.0011250124080106616,0.001075465464964509,0.00589753250663242,0.9559587577440819,0.34447550773620605,0.006593214119624874,
test/counting_and_probability/119.json|256,test/counting_and_probability/119.json,256,7,0,R,0.0001980385848757696,2.0673463344573975,0.038238774985075,0.0382339172065258,0.005530394483829372,0.9998729619463238,0.27024200558662415,0.004716670203974542,
test/counting_and_probability/119.json|256,test/counting_and_probability/119.json,256,7,0,C,0.0001267737564188637,2.257169723510742,0.021335290744900703,0.0006685336702503264,9.670091877417044e-05,0.03133464072331784,0.13433021306991577,0.002344616660560664,
test/counting_and_probability/119.json|256,test/counting_and_probability/119.json,256,7,1,R,0.0001980385848757696,0.05429847165942192,0.0005791472503915429,0.0005788058042526245,0.010087390463094155,0.9994104312191796,0.21348904073238373,0.008135380647082245,
test/counting_and_probability/119.json|256,test/counting_and_probability/119.json,256,7,1,C,0.0001267737564188637,0.05478714406490326,0.0004125886771362275,0.00023247978242579848,0.004051642749388636,0.5634662188889218,0.1805008053779602,0.006854926123174602,
test/counting_and_probability/119.json|256,test/counting_and_probability/119.json,256,7,2,R,0.0001980385848757696,0.05451499670743942,0.00030374445486813784,0.0003031244268640876,0.005510361571112499,0.9979587149919226,0.1654442697763443,0.006036204926816169,
test/counting_and_probability/119.json|256,test/counting_and_probability/119.json,256,7,2,C,0.0001267737564188637,0.05574101582169533,0.0002642963663674891,0.00012598758621606976,0.002290271228565588,0.47669057078219756,0.1865423321723938,0.006844920850160793,
test/counting_and_probability/119.json|256,test/counting_and_probability/119.json,256,7,4,R,0.0001980385848757696,0.05419625714421272,0.00029406449175439775,0.00029393716249614954,0.006623425813439748,0.9995669988679845,0.2075699418783188,0.0071825957601112005,
test/counting_and_probability/119.json|256,test/counting_and_probability/119.json,256,7,4,C,0.0001267737564188637,0.05512402579188347,0.0003576497547328472,0.00017401970399077982,0.0039212687149579924,0.48656458225227167,0.18807336688041687,0.006532943692372341,
test/counting_and_probability/119.json|256,test/counting_and_probability/119.json,256,7,5,R,0.0001980385848757696,0.054261259734630585,0.0002759855124168098,0.0002759206690825522,0.00794111838872997,0.9997650444276773,0.18772654235363007,0.007596061896696983,
test/counting_and_probability/119.json|256,test/counting_and_probability/119.json,256,7,5,C,0.0001267737564188637,0.05497095361351967,0.0003648473066277802,0.00018576208094600588,0.005346314510739762,0.5091502035572691,0.2867332696914673,0.011529889916065792,
test/counting_and_probability/119.json|256,test/counting_and_probability/119.json,256,7,6,R,0.0001980385848757696,0.05748123303055763,0.0005048628081567585,0.0005045192083343863,0.008276320420107779,0.9993194174414509,0.20981340110301971,0.006609289819903271,
test/counting_and_probability/119.json|256,test/counting_and_probability/119.json,256,7,6,C,0.0001267737564188637,0.057974766939878464,0.000559925043489784,0.00021608156384900212,0.0035446822038676987,0.3859115893733605,0.1778174489736557,0.005608224614212638,
test/counting_and_probability/119.json|256,test/counting_and_probability/119.json,256,7,8,R,0.0001980385848757696,0.272882342338562,0.00043513631680980325,0.0004346586938481778,0.0071623803616933475,0.998902357854133,0.28319984674453735,0.00804567653558636,
test/counting_and_probability/119.json|256,test/counting_and_probability/119.json,256,7,8,C,0.0001267737564188637,0.2748616933822632,0.0023812283761799335,0.0012501587625592947,0.020600330090443642,0.5250058224318014,1.5954372882843018,0.04184601039874115,
test/counting_and_probability/119.json|256,test/counting_and_probability/119.json,256,7,9,R,0.0001980385848757696,0.08016645163297653,0.000316119083436206,0.00031601893715560436,0.0055982320406797546,0.9996831976127597,0.2108784317970276,0.006649292830469577,
test/counting_and_probability/119.json|256,test/counting_and_probability/119.json,256,7,9,C,0.0001267737564188637,0.08155231922864914,0.000658055825624615,0.0003280647215433419,0.00581162145563544,0.4985363069058956,0.3418722152709961,0.010775967351935721,
test/counting_and_probability/119.json|256,test/counting_and_probability/119.json,256,7,10,R,0.0001980385848757696,0.07580656558275223,0.00042410605237819254,0.00042371577001176775,0.007037013252400971,0.9990797505404225,0.28940385580062866,0.0076580160313507485,
test/counting_and_probability/119.json|256,test/counting_and_probability/119.json,256,7,10,C,0.0001267737564188637,0.07659127563238144,0.0005739871994592249,0.0003183653752785176,0.0052873683811162295,0.5546558791272799,0.29441189765930176,0.00780605685812638,
test/counting_and_probability/119.json|256,test/counting_and_probability/119.json,256,7,12,R,0.0001980385848757696,0.06689151376485825,0.00036040571285411716,0.0003597908071242273,0.006347827143099221,0.9982938485538585,0.2503032386302948,0.006435086080644651,
test/counting_and_probability/119.json|256,test/counting_and_probability/119.json,256,7,12,C,0.0001267737564188637,0.06735166162252426,0.0004124914121348411,0.0003190700081177056,0.005629385793003702,0.7735191520542112,0.28070777654647827,0.007215608656791733,
test/counting_and_probability/119.json|256,test/counting_and_probability/119.json,256,7,13,R,0.0001980385848757696,0.06445511430501938,0.0004507022676989436,0.00045012225746177137,0.007325369342016777,0.99871309448065,0.2514370083808899,0.008088033564919921,
test/counting_and_probability/119.json|256,test/counting_and_probability/119.json,256,7,13,C,0.0001267737564188637,0.06568299978971481,0.0006579438922926784,0.000356340897269547,0.005799154876021173,0.5415976968586789,0.3278038501739502,0.010563806027007806,
test/counting_and_probability/119.json|256,test/counting_and_probability/119.json,256,7,14,R,0.0001980385848757696,0.06693098694086075,0.0004903195658698678,0.0004894258454442024,0.0061606869959406315,0.9981772674678868,0.21843695640563965,0.005439974950108832,
test/counting_and_probability/119.json|256,test/counting_and_probability/119.json,256,7,14,C,0.0001267737564188637,0.06796179711818695,0.0005306439707055688,0.0003233522002119571,0.004070221696499483,0.6093580959238167,0.32099732756614685,0.008025924842418423,
test/counting_and_probability/119.json|256,test/counting_and_probability/119.json,256,7,16,R,0.0001980385848757696,0.06585240364074707,0.0003569091495592147,0.0003555064322426915,0.006196199104483563,0.9960698168866633,0.24698622524738312,0.006514061031613367,
test/counting_and_probability/119.json|256,test/counting_and_probability/119.json,256,7,16,C,0.0001267737564188637,0.06656235456466675,0.0005173488752916455,0.0003343688149470836,0.005827786964844549,0.64631205414775,0.27371522784233093,0.007204972792487548,
test/counting_and_probability/119.json|256,test/counting_and_probability/119.json,256,7,17,R,0.0001980385848757696,0.05885431542992592,0.00030284220702014863,0.00030264846282079816,0.005094821357901073,0.9993602437367727,0.1844358742237091,0.005263247761106463,
test/counting_and_probability/119.json|256,test/counting_and_probability/119.json,256,7,17,C,0.0001267737564188637,0.05971076339483261,0.0005365757970139384,0.0004855160368606448,0.008173236537024002,0.9048414756269584,0.3270626664161682,0.009331180950398327,
test/counting_and_probability/119.json|256,test/counting_and_probability/119.json,256,7,18,R,0.0001980385848757696,0.05384720861911774,0.0003755649668164551,0.0003722216351889074,0.0034422168894486568,0.9910978581229608,0.1674775332212448,0.0034412110453221896,
test/counting_and_probability/119.json|256,test/counting_and_probability/119.json,256,7,18,C,0.0001267737564188637,0.05526087060570717,0.0004974520998075604,0.00039459855179302394,0.003649153276231715,0.7932392910843783,0.2110213041305542,0.004339069342449841,
test/counting_and_probability/119.json|256,test/counting_and_probability/119.json,256,7,20,R,0.0001980385848757696,0.2325161248445511,0.0009704756666906178,0.000967464642599225,0.0035790451127293396,0.9968973718851109,0.18926163017749786,0.0038813302502672727,
test/counting_and_probability/119.json|256,test/counting_and_probability/119.json,256,7,20,C,0.0001267737564188637,0.2398727387189865,0.0014192155795171857,0.0012374742655083537,0.0045779205017735395,0.8719424184008729,0.3103451132774353,0.00635958210949124,
test/counting_and_probability/119.json|256,test/counting_and_probability/119.json,256,7,21,R,0.0001980385848757696,0.19216524064540863,0.0013269755290821195,0.001324501121416688,0.0032309767183672958,0.9981353019634971,0.2066609114408493,0.003736675088807463,
test/counting_and_probability/119.json|256,test/counting_and_probability/119.json,256,7,21,C,0.0001267737564188637,0.19338099658489227,0.0013943067751824856,0.0013369411462917924,0.0032613228087536757,0.9588572394034,0.28361940383911133,0.005131563619316278,
test/counting_and_probability/119.json|256,test/counting_and_probability/119.json,256,7,22,R,0.0001980385848757696,0.07876800745725632,0.0003533046692609787,0.0003486624627839774,0.002997564216369505,0.9868606110596494,0.14479859173297882,0.0029770274510747654,
test/counting_and_probability/119.json|256,test/counting_and_probability/119.json,256,7,22,C,0.0001267737564188637,0.07954317331314087,0.000622525520157069,0.0005938668036833405,0.005105665421499229,0.953963787026014,0.2870994806289673,0.005905040921057732,
test/counting_and_probability/119.json|256,test/counting_and_probability/119.json,256,7,24,R,0.0001980385848757696,0.18659187853336334,0.0012922281166538596,0.0012609576806426048,0.0030156740936256327,0.9758011479675673,0.18354985117912292,0.0033304276177086034,
test/counting_and_probability/119.json|256,test/counting_and_probability/119.json,256,7,24,C,0.0001267737564188637,0.18844005465507507,0.0017312607960775495,0.001617721514776349,0.0038689013419749957,0.9344181520815004,0.4284950792789459,0.0077850694931990705,
test/counting_and_probability/119.json|256,test/counting_and_probability/119.json,256,7,25,R,0.0001980385848757696,0.18729697167873383,0.000702058314345777,0.0006959044258110225,0.002225243336332989,0.9912345037438612,0.1492617279291153,0.002826929724434556,
test/counting_and_probability/119.json|256,test/counting_and_probability/119.json,256,7,25,C,0.0001267737564188637,0.19266976416110992,0.001150909229181707,0.0010145223932340741,0.00324406500572792,0.8814964435326496,0.5712180137634277,0.010944813539283066,
test/counting_and_probability/119.json|256,test/counting_and_probability/119.json,256,7,26,R,0.0001980385848757696,0.3825581669807434,0.0005854456685483456,0.0005831426824443042,0.003101402775642426,0.996066266736898,0.18435049057006836,0.0038090779952061346,
test/counting_and_probability/119.json|256,test/counting_and_probability/119.json,256,7,26,C,0.0001267737564188637,0.3867291808128357,0.0013528328854590654,0.0010720151476562023,0.005701436122863836,0.7924224480246916,0.4845410883426666,0.009858845088547941,
test/counting_and_probability/119.json|256,test/counting_and_probability/119.json,256,7,28,R,0.0001980385848757696,0.2588531970977783,0.0013402333715930581,0.0013278243131935596,0.0034684135439982796,0.9907411204248036,0.17226192355155945,0.003515456237680005,
test/counting_and_probability/119.json|256,test/counting_and_probability/119.json,256,7,28,C,0.0001267737564188637,0.26149433851242065,0.0017436592606827617,0.0016431352123618126,0.0042920380117677775,0.9423487997167888,0.8036036491394043,0.016408224984295616,
test/counting_and_probability/119.json|256,test/counting_and_probability/119.json,256,7,29,R,0.0001980385848757696,0.12875476479530334,0.0008525145822204649,0.0008493689238093793,0.003515508467229928,0.9963101400574257,0.17625297605991364,0.003293003790961106,
test/counting_and_probability/119.json|256,test/counting_and_probability/119.json,256,7,29,C,0.0001267737564188637,0.13105624914169312,0.001029533101245761,0.000954014016315341,0.003948630869576413,0.9266472483830902,0.29230189323425293,0.005453813849845324,
test/counting_and_probability/119.json|256,test/counting_and_probability/119.json,256,7,30,R,0.0001980385848757696,0.16876046359539032,0.0008439328521490097,0.0008313097641803324,0.004004059873871489,0.9850425434658977,0.21723799407482147,0.004036589227193891,
test/counting_and_probability/119.json|256,test/counting_and_probability/119.json,256,7,30,C,0.0001267737564188637,0.1693509966135025,0.001068045268766582,0.0009645318496041,0.004645733085883796,0.9030814300735543,0.34279051423072815,0.006370559169360294,
test/counting_and_probability/119.json|256,test/counting_and_probability/119.json,256,8,0,R,0.0001980385848757696,2.0480284690856934,0.03928549587726593,0.03928081691265106,0.005379018077577469,0.9998808983949352,0.2667872905731201,0.004664909067261965,
test/counting_and_probability/119.json|256,test/counting_and_probability/119.json,256,8,0,C,0.0001267737564188637,2.250434637069702,0.016184184700250626,0.0005928385071456432,8.11818413581266e-05,0.036630730437711326,0.3196926712989807,0.0055481027680834875,
test/counting_and_probability/119.json|256,test/counting_and_probability/119.json,256,8,1,R,0.0001980385848757696,0.054185327142477036,0.0006192956352606416,0.0006184055819176137,0.008849565180886386,0.998562795713527,0.18870337307453156,0.0066770369530152335,
test/counting_and_probability/119.json|256,test/counting_and_probability/119.json,256,8,1,C,0.0001267737564188637,0.0547063983976841,0.0005007400759495795,0.00031060786568559706,0.004444889621722225,0.6202975954666253,0.21443448960781097,0.007545081491756824,
test/counting_and_probability/119.json|256,test/counting_and_probability/119.json,256,8,2,R,0.0001980385848757696,0.054158855229616165,0.00030988463549874723,0.0003092692932114005,0.006410277013090463,0.9980142826882313,0.16852568089962006,0.0062925227509883375,
test/counting_and_probability/119.json|256,test/counting_and_probability/119.json,256,8,2,C,0.0001267737564188637,0.05550387129187584,0.0003752417687792331,0.00011326315143378451,0.002347624520129401,0.30184046808120774,0.17304913699626923,0.0065047981244688545,
test/counting_and_probability/119.json|256,test/counting_and_probability/119.json,256,8,4,R,0.0001980385848757696,0.053787264972925186,0.0002938598918262869,0.0002936620730906725,0.005737847347214908,0.9993268229505162,0.18248015642166138,0.005901566049399433,
test/counting_and_probability/119.json|256,test/counting_and_probability/119.json,256,8,4,C,0.0001267737564188637,0.05479130893945694,0.0004356654826551676,0.0001708336203591898,0.0033379088592432548,0.39212108089427133,0.17855484783649445,0.005789267995818323,
test/counting_and_probability/119.json|256,test/counting_and_probability/119.json,256,8,5,R,0.0001980385848757696,0.05401312932372093,0.00030503940070047975,0.00030495377723127604,0.008948717440412545,0.9997193002978423,0.2007882446050644,0.008434063965840264,
test/counting_and_probability/119.json|256,test/counting_and_probability/119.json,256,8,5,C,0.0001267737564188637,0.05475350841879845,0.0003381596179679036,0.00017316667072009295,0.005081490121028556,0.5120855980634668,0.2423650324344635,0.010135031438173663,
test/counting_and_probability/119.json|256,test/counting_and_probability/119.json,256,8,6,R,0.0001980385848757696,0.05710012838244438,0.0006515402928926051,0.0006508675287477672,0.010495254701315434,0.9989674235789494,0.25892800092697144,0.0076078741887343395,
test/counting_and_probability/119.json|256,test/counting_and_probability/119.json,256,8,6,C,0.0001267737564188637,0.057603370398283005,0.0007748252246528864,0.00025285358424298465,0.004077270184113093,0.32633628316621227,0.1618426889181137,0.004787978480470885,
test/counting_and_probability/119.json|256,test/counting_and_probability/119.json,256,8,8,R,0.0001980385848757696,0.27207809686660767,0.00045658700400963426,0.00045644721831195056,0.0067028973304029725,0.9996938443360193,0.27870750427246094,0.008182020610748762,
test/counting_and_probability/119.json|256,test/counting_and_probability/119.json,256,8,8,C,0.0001267737564188637,0.27410322427749634,0.0023530314210802317,0.0014184537576511502,0.020829899984103003,0.6028197262224172,1.772245168685913,0.0484461198931581,
test/counting_and_probability/119.json|256,test/counting_and_probability/119.json,256,8,9,R,0.0001980385848757696,0.079547218978405,0.00034438600414432585,0.0003439376887399703,0.006062694505037438,0.9986982153814071,0.23429661989212036,0.007537194508483657,
test/counting_and_probability/119.json|256,test/counting_and_probability/119.json,256,8,9,C,0.0001267737564188637,0.08098773658275604,0.0006323714042082429,0.0004110942827537656,0.007246484263572121,0.650083604932121,0.4133577346801758,0.013290247782219052,
test/counting_and_probability/119.json|256,test/counting_and_probability/119.json,256,8,10,R,0.0001980385848757696,0.07530774921178818,0.0004143186961300671,0.0004139820230193436,0.007172618154250945,0.9991874030473267,0.27560845017433167,0.007508005953803703,
test/counting_and_probability/119.json|256,test/counting_and_probability/119.json,256,8,10,C,0.0001267737564188637,0.0761573389172554,0.0005908874445594847,0.0002976660034619272,0.005157336458145144,0.5037609204576696,0.3160395622253418,0.008662721510451726,
test/counting_and_probability/119.json|256,test/counting_and_probability/119.json,256,8,12,R,0.0001980385848757696,0.06662586331367493,0.00036239626933820546,0.00035936530912294984,0.006014012895255855,0.9916363344125286,0.24771414697170258,0.00628777242434641,
test/counting_and_probability/119.json|256,test/counting_and_probability/119.json,256,8,12,C,0.0001267737564188637,0.0670979768037796,0.0004318949650041759,0.00032226156326942146,0.005393078151804945,0.7461572572862671,0.2868287265300751,0.0072784289022241044,
test/counting_and_probability/119.json|256,test/counting_and_probability/119.json,256,8,13,R,0.0001980385848757696,0.0638706386089325,0.0005758819752372801,0.0005754341837018728,0.008107839260662072,0.9992224230764555,0.2709288001060486,0.008554030245673123,
test/counting_and_probability/119.json|256,test/counting_and_probability/119.json,256,8,13,C,0.0001267737564188637,0.06509607285261154,0.0007103548850864172,0.00036557234125211835,0.0051508962535873615,0.5146333873568164,0.3195016086101532,0.010104955524893362,
test/counting_and_probability/119.json|256,test/counting_and_probability/119.json,256,8,14,R,0.0001980385848757696,0.06628163158893585,0.0005499999970197678,0.0005497662350535393,0.006793644510932739,0.9995749764235089,0.2295129895210266,0.0056164306867896654,
test/counting_and_probability/119.json|256,test/counting_and_probability/119.json,256,8,14,C,0.0001267737564188637,0.06737293303012848,0.0004817782319150865,0.00031238910742104053,0.0038602962670114733,0.648408512628048,0.2949695289134979,0.007236047892866432,
test/counting_and_probability/119.json|256,test/counting_and_probability/119.json,256,8,16,R,0.0001980385848757696,0.06552797555923462,0.0003880042349919677,0.00038617642712779343,0.00608045176330571,0.995289203842063,0.2442353218793869,0.0059795280104539454,
test/counting_and_probability/119.json|256,test/counting_and_probability/119.json,256,8,16,C,0.0001267737564188637,0.06625563651323318,0.000501322909258306,0.0003326260775793344,0.0052372870995293416,0.6634966620774406,0.2576166093349457,0.006289277989443034,
test/counting_and_probability/119.json|256,test/counting_and_probability/119.json,256,8,17,R,0.0001980385848757696,0.05805208906531334,0.0003058204019907862,0.000303419103147462,0.005100359412257734,0.9921480064121276,0.1932009607553482,0.005417897355128674,
test/counting_and_probability/119.json|256,test/counting_and_probability/119.json,256,8,17,C,0.0001267737564188637,0.058903951197862625,0.0005453567137010396,0.0005001742974855006,0.0084077391946866,0.9171507088891211,0.3327764570713043,0.009333292131129633,
test/counting_and_probability/119.json|256,test/counting_and_probability/119.json,256,8,18,R,0.0001980385848757696,0.05319872125983238,0.0003642088267952204,0.0003612129657994956,0.003634716028118742,0.9917743289918024,0.1712372601032257,0.0036498425036344886,
test/counting_and_probability/119.json|256,test/counting_and_probability/119.json,256,8,18,C,0.0001267737564188637,0.05460512265563011,0.0005057547823525965,0.0004318506980780512,0.0043455102742071955,0.8538736800774425,0.2205216884613037,0.0047042810106399146,
test/counting_and_probability/119.json|256,test/counting_and_probability/119.json,256,8,20,R,0.0001980385848757696,0.23197337985038757,0.0009758560336194932,0.0009689683793112636,0.0036001725603389744,0.9929419350151221,0.1997430920600891,0.004091861171648373,
test/counting_and_probability/119.json|256,test/counting_and_probability/119.json,256,8,20,C,0.0001267737564188637,0.23957520723342896,0.0014741298509761691,0.001292901230044663,0.004803735220899377,0.8770606119341813,0.3124246299266815,0.006386407906561843,
test/counting_and_probability/119.json|256,test/counting_and_probability/119.json,256,8,21,R,0.0001980385848757696,0.19183635711669922,0.0014609460486099124,0.0014516070950776339,0.0035636208689151143,0.9936075979432833,0.22233758866786957,0.004059810179457138,
test/counting_and_probability/119.json|256,test/counting_and_probability/119.json,256,8,21,C,0.0001267737564188637,0.1931147575378418,0.0013757175765931606,0.001279377844184637,0.0031408069030691593,0.929971285547524,0.2717529237270355,0.004970219264232163,
test/counting_and_probability/119.json|256,test/counting_and_probability/119.json,256,8,22,R,0.0001980385848757696,0.07795624434947968,0.00039534017560072243,0.00038943864637985826,0.00338086113589241,0.9850722730191309,0.15826714038848877,0.00323708776536468,
test/counting_and_probability/119.json|256,test/counting_and_probability/119.json,256,8,22,C,0.0001267737564188637,0.07874112576246262,0.0006511571118608117,0.0005990191712044179,0.005200307299764283,0.9199303200001464,0.2849958837032318,0.005830755031281984,
test/counting_and_probability/119.json|256,test/counting_and_probability/119.json,256,8,24,R,0.0001980385848757696,0.18597745895385742,0.0012445467291399837,0.0012396288802847266,0.0032877737679350015,0.9960484811569077,0.17821337282657623,0.003222159266624105,
test/counting_and_probability/119.json|256,test/counting_and_probability/119.json,256,8,24,C,0.0001267737564188637,0.18795883655548096,0.0014454160118475556,0.0013241294072940946,0.003511888114169232,0.9160887907180998,0.41142523288726807,0.007444097029586885,
test/counting_and_probability/119.json|256,test/counting_and_probability/119.json,256,8,25,R,0.0001980385848757696,0.18674539029598236,0.0006838084082119167,0.0006816819659434259,0.0021336135658136246,0.9968902937725767,0.1471203714609146,0.002774004124058108,
test/counting_and_probability/119.json|256,test/counting_and_probability/119.json,256,8,25,C,0.0001267737564188637,0.1921464502811432,0.0012437484692782164,0.001110401819460094,0.0034754746404730467,0.8927864805427308,0.5677956342697144,0.010820413035920738,
test/counting_and_probability/119.json|256,test/counting_and_probability/119.json,256,8,26,R,0.0001980385848757696,0.3822748363018036,0.0006175180897116661,0.0006159442709758878,0.0031634858054292374,0.9974513787378042,0.18720334768295288,0.0038033775983402516,
test/counting_and_probability/119.json|256,test/counting_and_probability/119.json,256,8,26,C,0.0001267737564188637,0.38632071018218994,0.001489462098106742,0.0011540657142177224,0.005927274069252995,0.7748204636491502,0.47487717866897583,0.009485333475614189,
test/counting_and_probability/119.json|256,test/counting_and_probability/119.json,256,8,28,R,0.0001980385848757696,0.25851970911026,0.0012640986824408174,0.0012543851044028997,0.0032789467036240566,0.9923158063803391,0.1675606071949005,0.0033319415311339044,
test/counting_and_probability/119.json|256,test/counting_and_probability/119.json,256,8,28,C,0.0001267737564188637,0.2612844705581665,0.0017193949315696955,0.0015325024724006653,0.004005941965139826,0.8913033552508423,0.7499969005584717,0.014914702213371099,
test/counting_and_probability/119.json|256,test/counting_and_probability/119.json,256,8,29,R,0.0001980385848757696,0.1285780966281891,0.0008555362583138049,0.0008376407204195857,0.0033260235393955317,0.9790826645868025,0.16524647176265717,0.0030718735149678597,
test/counting_and_probability/119.json|256,test/counting_and_probability/119.json,256,8,29,C,0.0001267737564188637,0.13096490502357483,0.0010664330329746008,0.000978864380158484,0.003886780920407136,0.9178864016526682,0.27617350220680237,0.0051298628292472835,
test/counting_and_probability/119.json|256,test/counting_and_probability/119.json,256,8,30,R,0.0001980385848757696,0.1685561239719391,0.000740391609724611,0.0007353064720518887,0.0033198765064255424,0.9931318256459638,0.19286146759986877,0.0034849865205592045,
test/counting_and_probability/119.json|256,test/counting_and_probability/119.json,256,8,30,C,0.0001267737564188637,0.16920211911201477,0.0011232199613004923,0.0009995107538998127,0.0045127472637797065,0.8898619927059452,0.3060145676136017,0.005537831455401517,
test/geometry/477.json|64,test/geometry/477.json,64,1,0,R,0.0004586142724585481,2.0119705200195312,0.05384962633252144,0.05384191498160362,0.008615869886564724,0.9998567984136035,0.41641491651535034,0.007340689195576679,
test/geometry/477.json|64,test/geometry/477.json,64,1,0,C,0.00021612386996426255,2.0831286907196045,0.029938802123069763,0.0008566679316572845,0.0001370853811138322,0.02861396819108381,2.490967035293579,0.04299520188912092,
test/geometry/477.json|64,test/geometry/477.json,64,1,1,R,0.0004586142724585481,0.051587313413619995,0.0006443425081670284,0.0006442858139052987,0.00808753586790925,0.9999120106761185,0.189005509018898,0.006862073135149159,
test/geometry/477.json|64,test/geometry/477.json,64,1,1,C,0.00021612386996426255,0.05168336257338524,0.00040084816282615066,0.00025769733474589884,0.0032348010662988356,0.6428801676079603,0.15607893466949463,0.005665851293223382,
test/geometry/477.json|64,test/geometry/477.json,64,1,2,R,0.0004586142724585481,0.06280243396759033,0.000378860451746732,0.0003788195608649403,0.0077774784225668105,0.9998920661116903,0.23396822810173035,0.008936927141639708,
test/geometry/477.json|64,test/geometry/477.json,64,1,2,C,0.00021612386996426255,0.06388827413320541,0.00028845141059719026,0.00013357460557017475,0.002742396961373634,0.4630748895647834,0.2143218070268631,0.008171806313732275,
test/geometry/477.json|64,test/geometry/477.json,64,1,4,R,0.0004586142724585481,0.060524072498083115,0.00037386000622063875,0.0003737146907951683,0.008317412364310533,0.9996113079156266,0.22413305938243866,0.007955935617607265,
test/geometry/477.json|64,test/geometry/477.json,64,1,4,C,0.00021612386996426255,0.06122608855366707,0.0004174796340521425,0.0001568391890032217,0.003490620631070729,0.375681053241394,0.2616038918495178,0.009333024933574238,
test/geometry/477.json|64,test/geometry/477.json,64,1,5,R,0.0004586142724585481,0.061783064156770706,0.0003299565287306905,0.00032981103868223727,0.009143476866536326,0.9995590599508003,0.22666794061660767,0.010174402862642413,
test/geometry/477.json|64,test/geometry/477.json,64,1,5,C,0.00021612386996426255,0.06195328012108803,0.0004628476162906736,0.00027579025481827557,0.007645838129076765,0.5958554057869896,0.3038190007209778,0.013553911358635746,
test/geometry/477.json|64,test/geometry/477.json,64,1,6,R,0.0004586142724585481,0.06355106830596924,0.0004664687148761004,0.00046597555046901107,0.010183002677240718,0.9989427685280821,0.29424771666526794,0.010401745500694634,
test/geometry/477.json|64,test/geometry/477.json,64,1,6,C,0.00021612386996426255,0.06373458355665207,0.0004424239741638303,0.00023800155031494796,0.0052010677847908506,0.5379490345811744,0.332206130027771,0.011659555242404562,
test/geometry/477.json|64,test/geometry/477.json,64,1,8,R,0.0004586142724585481,0.309963583946228,0.0005739887128584087,0.0005738254985772073,0.00799466396706814,0.9997156472291864,0.3488193154335022,0.009915900608165511,
test/geometry/477.json|64,test/geometry/477.json,64,1,8,C,0.00021612386996426255,0.31118857860565186,0.0024680662900209427,0.0006583518115803599,0.009172303285137769,0.2667480261674922,0.7457464337348938,0.019482023605720017,
test/geometry/477.json|64,test/geometry/477.json,64,1,9,R,0.0004586142724585481,0.08555414527654648,0.0003523568157106638,0.00035202191793359816,0.00783933892493981,0.999049546479072,0.2611062526702881,0.008879712083561158,
test/geometry/477.json|64,test/geometry/477.json,64,1,9,C,0.00021612386996426255,0.08587003499269485,0.0005447095027193427,0.00031497556483373046,0.007014336551259092,0.5782450327799296,0.36039313673973083,0.01226362740510572,
test/geometry/477.json|64,test/geometry/477.json,64,1,10,R,0.0004586142724585481,0.07744938880205154,0.00045597736607305706,0.00045543781016021967,0.009627908684823593,0.998816702424726,0.342032253742218,0.010096813271456924,
test/geometry/477.json|64,test/geometry/477.json,64,1,10,C,0.00021612386996426255,0.07781166583299637,0.0007515364559367299,0.0003869120264425874,0.008179280631835992,0.5148280204790658,0.39114224910736084,0.011587592242663317,
test/geometry/477.json|64,test/geometry/477.json,64,1,12,R,0.0004586142724585481,0.06475795060396194,0.00038503415999002755,0.0003846965846605599,0.006918023142776644,0.9991232561583636,0.2840867042541504,0.007782929932518248,
test/geometry/477.json|64,test/geometry/477.json,64,1,12,C,0.00021612386996426255,0.06504039466381073,0.0004792484687641263,0.0003540929756127298,0.00636767649534751,0.7388505085618848,0.33413970470428467,0.009151036210926375,
test/geometry/477.json|64,test/geometry/477.json,64,1,13,R,0.0004586142724585481,0.07302276045084,0.0005442997207865119,0.0005440446548163891,0.01062422436658593,0.9995313850808418,0.29636475443840027,0.010258098987466505,
test/geometry/477.json|64,test/geometry/477.json,64,1,13,C,0.00021612386996426255,0.07340869307518005,0.0006546748918481171,0.0003416609833948314,0.006672031262066413,0.5218788548747598,0.39282840490341187,0.013662980573905428,
test/geometry/477.json|64,test/geometry/477.json,64,1,14,R,0.0004586142724585481,0.07826559990644455,0.0005030343309044838,0.0005015002680011094,0.007405734706318774,0.9969503793159277,0.29043975472450256,0.007739558913723363,
test/geometry/477.json|64,test/geometry/477.json,64,1,14,C,0.00021612386996426255,0.0786336287856102,0.0005652620457112789,0.0003826390311587602,0.0056504918020070785,0.6769232666246956,0.3602546751499176,0.009645334644145869,
test/geometry/477.json|64,test/geometry/477.json,64,1,16,R,0.0004586142724585481,0.06782332807779312,0.0004723398888017982,0.0004695382376667112,0.008570704440421247,0.9940685675811488,0.313609778881073,0.00860937870259593,
test/geometry/477.json|64,test/geometry/477.json,64,1,16,C,0.00021612386996426255,0.06797299534082413,0.00051788060227409,0.0003897489805240184,0.007114273237098883,0.7525846267652979,0.32377609610557556,0.008881705223318105,
test/geometry/477.json|64,test/geometry/477.json,64,1,17,R,0.0004586142724585481,0.07127976417541504,0.00042609800584614277,0.0004253272491041571,0.00844312160944209,0.9981911256809423,0.28728726506233215,0.008727189454841676,
test/geometry/477.json|64,test/geometry/477.json,64,1,17,C,0.00021612386996426255,0.07166844606399536,0.0007091938168741763,0.0005685726646333933,0.011286669644174824,0.8017168936098485,0.40634509921073914,0.01240539538403774,
test/geometry/477.json|64,test/geometry/477.json,64,1,18,R,0.0004586142724585481,0.06145256385207176,0.00044369607348926365,0.0004416029551066458,0.00567034852157027,0.9952825379737082,0.2562004029750824,0.005910129767876497,
test/geometry/477.json|64,test/geometry/477.json,64,1,18,C,0.00021612386996426255,0.06170528009533882,0.0005202041356824338,0.00040350487688556314,0.005181154826153503,0.7756664133024542,0.27263060212135315,0.006293332046344981,
test/geometry/477.json|64,test/geometry/477.json,64,1,20,R,0.0004586142724585481,0.21874883770942688,0.001033624168485403,0.0010322085581719875,0.004589503740403267,0.9986304390365405,0.25998473167419434,0.005509796669949683,
test/geometry/477.json|64,test/geometry/477.json,64,1,20,C,0.00021612386996426255,0.22184321284294128,0.0012199105694890022,0.0011143237352371216,0.004954612040756572,0.9134470691490475,0.4701131284236908,0.009977675020294374,
test/geometry/477.json|64,test/geometry/477.json,64,1,21,R,0.0004586142724585481,0.18966160714626312,0.0009057382121682167,0.0009013709495775402,0.0032494538384840927,0.9951782275196271,0.256011426448822,0.004986300600697224,
test/geometry/477.json|64,test/geometry/477.json,64,1,21,C,0.00021612386996426255,0.1899881213903427,0.0012299863155931234,0.0011089873732998967,0.003997913709875717,0.9016257809856165,0.4895942509174347,0.009524325173239444,
test/geometry/477.json|64,test/geometry/477.json,64,1,22,R,0.0004586142724585481,0.08635816723108292,0.0003205231623724103,0.0003125093353446573,0.003818110242360332,0.974997663371861,0.18028755486011505,0.004012283290763037,
test/geometry/477.json|64,test/geometry/477.json,64,1,22,C,0.00021612386996426255,0.08686847239732742,0.0007264993037097156,0.0006346897571347654,0.007754377832472865,0.8736274804672605,0.43655940890312195,0.00971825518129174,
test/geometry/477.json|64,test/geometry/477.json,64,1,24,R,0.0004586142724585481,0.18598568439483643,0.0011810342548415065,0.001178076141513884,0.0028152457083107717,0.9974953187742088,0.2019190639257431,0.0037604427403230617,
test/geometry/477.json|64,test/geometry/477.json,64,1,24,C,0.00021612386996426255,0.18710772693157196,0.0020201201550662518,0.0017549891490489244,0.004193893328187506,0.8687548331117032,0.49864208698272705,0.009337578541144753,
test/geometry/477.json|64,test/geometry/477.json,64,1,25,R,0.0004586142724585481,0.18629190325737,0.0010735192336142063,0.0010383657645434141,0.0030898736264682205,0.967253991416907,0.18633726239204407,0.003817107141712961,
test/geometry/477.json|64,test/geometry/477.json,64,1,25,C,0.00021612386996426255,0.193647101521492,0.0013214231003075838,0.0011711287079378963,0.0034849374193767664,0.8862632314956752,0.6572147607803345,0.013550279709638478,
test/geometry/477.json|64,test/geometry/477.json,64,1,26,R,0.0004586142724585481,0.3315252959728241,0.0005195161211304367,0.0005186682683415711,0.0032126067375244705,0.9983679933061775,0.19081194698810577,0.003826091418817997,
test/geometry/477.json|64,test/geometry/477.json,64,1,26,C,0.00021612386996426255,0.3360198140144348,0.0011542867869138718,0.0009160593617707491,0.0056740283862111865,0.7936150455523552,0.45242536067962646,0.009088046071788555,
test/geometry/477.json|64,test/geometry/477.json,64,1,28,R,0.0004586142724585481,0.2173653244972229,0.0013933131704106927,0.0013838282320648432,0.0038020307417895327,0.9931925287577335,0.16591238975524902,0.003417765543000073,
test/geometry/477.json|64,test/geometry/477.json,64,1,28,C,0.00021612386996426255,0.21854856610298157,0.0020951670594513416,0.0018800931284204125,0.005165505158841648,0.8973475976733818,0.6035823822021484,0.012422854273563525,
test/geometry/477.json|64,test/geometry/477.json,64,1,29,R,0.0004586142724585481,0.11892823129892349,0.0007626208825968206,0.0007619878160767257,0.0036787290749105334,0.9991698791185614,0.17122739553451538,0.003328298846288953,
test/geometry/477.json|64,test/geometry/477.json,64,1,29,C,0.00021612386996426255,0.1197378933429718,0.0009541338658891618,0.000857398787047714,0.004139354698537405,0.8986147717858073,0.3241235017776489,0.006309004167306042,
test/geometry/477.json|64,test/geometry/477.json,64,1,30,R,0.0004586142724585481,0.16619965434074402,0.0010170284658670425,0.0010033600265160203,0.004585786571425787,0.9865604151738959,0.25137946009635925,0.004603732288881568,
test/geometry/477.json|64,test/geometry/477.json,64,1,30,C,0.00021612386996426255,0.16692063212394714,0.0012480589793995023,0.0010953014716506004,0.00500599849268365,0.8776039344711062,0.35163846611976624,0.006457933233206639,
test/geometry/477.json|64,test/geometry/477.json,64,2,0,R,0.0004586142724585481,1.9234108924865723,0.046239402145147324,0.04623270407319069,0.007938831106348522,0.9998551436081404,0.38933929800987244,0.006951715351108177,
test/geometry/477.json|64,test/geometry/477.json,64,2,0,C,0.00021612386996426255,2.0382771492004395,0.021058261394500732,0.000863722525537014,0.00014831378329357428,0.04101585165627944,0.7804514169692993,0.014629742773610972,
test/geometry/477.json|64,test/geometry/477.json,64,2,1,R,0.0004586142724585481,0.051094602793455124,0.0007005910156294703,0.0007005602237768471,0.008518047620693315,0.999956047320202,0.1839006096124649,0.006799322342577183,
test/geometry/477.json|64,test/geometry/477.json,64,2,1,C,0.00021612386996426255,0.05134803429245949,0.00044876112951897085,0.0003325811412651092,0.004043823646977596,0.741109509374163,0.14428867399692535,0.005335716544107909,
test/geometry/477.json|64,test/geometry/477.json,64,2,2,R,0.0004586142724585481,0.06039086729288101,0.0003222614759579301,0.0003222399391233921,0.00636897096567557,0.9999331665865206,0.1874760389328003,0.007481612495024365,
test/geometry/477.json|64,test/geometry/477.json,64,2,2,C,0.00021612386996426255,0.061813030391931534,0.0003841611323878169,0.00013160507660359144,0.0026011329138900556,0.3425778017755221,0.20978674292564392,0.008348012393298717,
test/geometry/477.json|64,test/geometry/477.json,64,2,4,R,0.0004586142724585481,0.059659622609615326,0.00028093846049159765,0.0002807741111610085,0.007605181245078587,0.9994149952636724,0.18324829638004303,0.0071081438069877665,
test/geometry/477.json|64,test/geometry/477.json,64,2,4,C,0.00021612386996426255,0.060479991137981415,0.00039338605711236596,0.00015187790268100798,0.004113837177634622,0.386078508754944,0.25093650817871094,0.009794502348891452,
test/geometry/477.json|64,test/geometry/477.json,64,2,5,R,0.0004586142724585481,0.06096045300364494,0.0002493633364792913,0.0002492397034075111,0.007613733083322119,0.9995042010865351,0.16886194050312042,0.007947840894635601,
test/geometry/477.json|64,test/geometry/477.json,64,2,5,C,0.00021612386996426255,0.06129515916109085,0.0004566901770886034,0.00020751396368723363,0.00633910211325176,0.45438674542059765,0.3155879080295563,0.014736818847866612,
test/geometry/477.json|64,test/geometry/477.json,64,2,6,R,0.0004586142724585481,0.0625455379486084,0.00035167927853763103,0.00035128474701195955,0.00829039636251006,0.9988781467984403,0.22471418976783752,0.008194074233554734,
test/geometry/477.json|64,test/geometry/477.json,64,2,6,C,0.00021612386996426255,0.06283460557460785,0.0003150728007312864,0.00021322880638763309,0.005032246164671112,0.6767604350993388,0.24711735546588898,0.008994136412296279,
test/geometry/477.json|64,test/geometry/477.json,64,2,8,R,0.0004586142724585481,0.3051592707633972,0.0004198942333459854,0.0004197030793875456,0.006097153354944799,0.9995447545052921,0.25289273262023926,0.007470486112871593,
test/geometry/477.json|64,test/geometry/477.json,64,2,8,C,0.00021612386996426255,0.30905744433403015,0.0020504051353782415,0.0006752425688318908,0.009809452672977169,0.32932153595001906,0.8758483529090881,0.02429793347292677,
test/geometry/477.json|64,test/geometry/477.json,64,2,9,R,0.0004586142724585481,0.08420787006616592,0.0003243753162678331,0.0003239787765778601,0.007028583490884896,0.9987775250801664,0.22220368683338165,0.007424769246822017,
test/geometry/477.json|64,test/geometry/477.json,64,2,9,C,0.00021612386996426255,0.08513802289962769,0.0005553516675718129,0.0003252103924751282,0.007055302880513091,0.5855936173046269,0.3803122043609619,0.012711182568217926,
test/geometry/477.json|64,test/geometry/477.json,64,2,10,R,0.0004586142724585481,0.07612567394971848,0.00034083082573488355,0.00034032476833090186,0.006654454617887833,0.9985152211470141,0.25111326575279236,0.007143342841034431,
test/geometry/477.json|64,test/geometry/477.json,64,2,10,C,0.00021612386996426255,0.07661478221416473,0.0006416039541363716,0.00035113561898469925,0.00686584186251679,0.547277827971098,0.3300747573375702,0.00943279723526908,
test/geometry/477.json|64,test/geometry/477.json,64,2,12,R,0.0004586142724585481,0.06399130821228027,0.00032144124270416796,0.0003212569863535464,0.0053900255800528275,0.9994267775083923,0.23866890370845795,0.006298139194013017,
test/geometry/477.json|64,test/geometry/477.json,64,2,12,C,0.00021612386996426255,0.06433260440826416,0.0005649750819429755,0.0003652347077149898,0.006127880484878927,0.6464616205947863,0.34065836668014526,0.00900933816358743,
test/geometry/477.json|64,test/geometry/477.json,64,2,13,R,0.0004586142724585481,0.0715198814868927,0.00048173099639825523,0.00048146670451387763,0.008565550749993453,0.9994513683242203,0.25152331590652466,0.008364156650044915,
test/geometry/477.json|64,test/geometry/477.json,64,2,13,C,0.00021612386996426255,0.07205477356910706,0.000495957734528929,0.00030043727019801736,0.00534494007777528,0.6057719210238893,0.3328850269317627,0.011104986278704626,
test/geometry/477.json|64,test/geometry/477.json,64,2,14,R,0.0004586142724585481,0.07699363678693771,0.0004607614246197045,0.0004595523641910404,0.006485320536464012,0.997375949110675,0.25452202558517456,0.006404366330855368,
test/geometry/477.json|64,test/geometry/477.json,64,2,14,C,0.00021612386996426255,0.07751694321632385,0.0006686010747216642,0.0004960259539075196,0.007000045166035305,0.7418862636021439,0.4598046839237213,0.011552384928015903,
test/geometry/477.json|64,test/geometry/477.json,64,2,16,R,0.0004586142724585481,0.06724592298269272,0.0004988217260688543,0.0004983563558198512,0.007842701239170554,0.999067058983702,0.28040337562561035,0.007360125279718462,
test/geometry/477.json|64,test/geometry/477.json,64,2,16,C,0.00021612386996426255,0.06754425913095474,0.0005479580140672624,0.0003655586624518037,0.005752846013740136,0.6671289631687037,0.30465614795684814,0.007992710764853111,
test/geometry/477.json|64,test/geometry/477.json,64,2,17,R,0.0004586142724585481,0.06966783106327057,0.0004316961858421564,0.0004306123300921172,0.008223243472845932,0.9974893066395429,0.2561401426792145,0.008164302470598428,
test/geometry/477.json|64,test/geometry/477.json,64,2,17,C,0.00021612386996426255,0.07026981562376022,0.0005999670247547328,0.00047601916594430804,0.009090360925019768,0.7934088800055241,0.3619358241558075,0.011566633692450739,
test/geometry/477.json|64,test/geometry/477.json,64,2,18,R,0.0004586142724585481,0.06044745817780495,0.0004275223473086953,0.00042430663597770035,0.004957866679909638,0.9924782591045439,0.23838794231414795,0.0052872344828816115,
test/geometry/477.json|64,test/geometry/477.json,64,2,18,C,0.00021612386996426255,0.060831476002931595,0.0004924624809063971,0.0003680855152197182,0.004300943601931134,0.7474386958267425,0.24083037674427032,0.005345340609104471,
test/geometry/477.json|64,test/geometry/477.json,64,2,20,R,0.0004586142724585481,0.215375617146492,0.001113523030653596,0.0010940084466710687,0.004140138508010716,0.9824749157154407,0.23012371361255646,0.0048089045156736974,
test/geometry/477.json|64,test/geometry/477.json,64,2,20,C,0.00021612386996426255,0.21938210725784302,0.0013100216165184975,0.0011746245436370373,0.004445220071530567,0.896645160605872,0.4634665846824646,0.009649960436551322,
test/geometry/477.json|64,test/geometry/477.json,64,2,21,R,0.0004586142724585481,0.188636913895607,0.0011859902879223228,0.0011609405046328902,0.003375095064710551,0.9788785924105714,0.2473379373550415,0.005079542626680446,
test/geometry/477.json|64,test/geometry/477.json,64,2,21,C,0.00021612386996426255,0.18919239938259125,0.0014771455898880959,0.0012036490952596068,0.00349925780420473,0.8148479761808338,0.524169921875,0.010751637171545151,
test/geometry/477.json|64,test/geometry/477.json,64,2,22,R,0.0004586142724585481,0.08473637700080872,0.00030512220109812915,0.0003039895964320749,0.0029430025752470736,0.9962880260490189,0.15164968371391296,0.003464652417182753,
test/geometry/477.json|64,test/geometry/477.json,64,2,22,C,0.00021612386996426255,0.08544202893972397,0.0006845620227977633,0.0005975073436275125,0.005784624446572889,0.872831566543386,0.43604782223701477,0.009961626779677275,
test/geometry/477.json|64,test/geometry/477.json,64,2,24,R,0.0004586142724585481,0.18373490869998932,0.0015671115834265947,0.0014743106439709663,0.0034507816036197124,0.9407821744297907,0.19000571966171265,0.0037742400083213036,
test/geometry/477.json|64,test/geometry/477.json,64,2,24,C,0.00021612386996426255,0.18499863147735596,0.0019130713772028685,0.0017208136850968003,0.0040277483121162515,0.8995031260743265,0.5167778134346008,0.010309618120162263,
test/geometry/477.json|64,test/geometry/477.json,64,2,25,R,0.0004586142724585481,0.18241265416145325,0.0008121411665342748,0.0008073501521721482,0.002430556279857983,0.9941007603682097,0.1647157520055771,0.0037138500347973207,
test/geometry/477.json|64,test/geometry/477.json,64,2,25,C,0.00021612386996426255,0.19116760790348053,0.0011616972042247653,0.0010772073874250054,0.0032429710617766583,0.927270361485106,0.7017629146575928,0.01589802533651863,
test/geometry/477.json|64,test/geometry/477.json,64,2,26,R,0.0004586142724585481,0.32899707555770874,0.00035942374961450696,0.0003586907987482846,0.002686324222738272,0.997960758394599,0.17563730478286743,0.003883519203807257,
test/geometry/477.json|64,test/geometry/477.json,64,2,26,C,0.00021612386996426255,0.3336476981639862,0.001018795883283019,0.0007769043440930545,0.005818429035734341,0.7625711450923298,0.4482056498527527,0.009915288076612854,
test/geometry/477.json|64,test/geometry/477.json,64,2,28,R,0.0004586142724585481,0.21577610075473785,0.0014972160570323467,0.0014831711305305362,0.003687228175818108,0.9906193047914084,0.1687176525592804,0.0038543601198126804,
test/geometry/477.json|64,test/geometry/477.json,64,2,28,C,0.00021612386996426255,0.21728621423244476,0.0017973989015445113,0.0016496314201503992,0.004101055722354596,0.9177881536564181,0.6831478476524353,0.01558437075419784,
test/geometry/477.json|64,test/geometry/477.json,64,2,29,R,0.0004586142724585481,0.1168886348605156,0.0006432249792851508,0.0006424151943065226,0.003833249656656944,0.9987410532808145,0.1555650532245636,0.0033376513156434797,
test/geometry/477.json|64,test/geometry/477.json,64,2,29,C,0.00021612386996426255,0.1175023689866066,0.0009857862023636699,0.000868174887727946,0.005180343055076368,0.8806928771832938,0.3595917224884033,0.007723077921435746,
test/geometry/477.json|64,test/geometry/477.json,64,2,30,R,0.0004586142724585481,0.1648557186126709,0.0007462744251824915,0.000742682081181556,0.003942816719113202,0.9951862949139073,0.21189261972904205,0.004067028167796674,
test/geometry/477.json|64,test/geometry/477.json,64,2,30,C,0.00021612386996426255,0.16587752103805542,0.0012063483009114861,0.0010685642482712865,0.005672888965932533,0.885784185693404,0.3857085704803467,0.007423179451795736,
test/geometry/477.json|64,test/geometry/477.json,64,3,0,R,0.0004586142724585481,1.8803337812423706,0.04208766296505928,0.04208197444677353,0.007032735825998248,0.9998648411699567,0.3400167226791382,0.005846207116764285,
test/geometry/477.json|64,test/geometry/477.json,64,3,0,C,0.00021612386996426255,2.0280916690826416,0.016973314806818962,0.0006490636733360589,0.00010847146334823424,0.0382402424443963,0.9743419289588928,0.015982127339681514,
test/geometry/477.json|64,test/geometry/477.json,64,3,1,R,0.0004586142724585481,0.050819315016269684,0.0005841199890710413,0.0005701142363250256,0.008408398603535316,0.9760224714372258,0.18726083636283875,0.006766529349348304,
test/geometry/477.json|64,test/geometry/477.json,64,3,1,C,0.00021612386996426255,0.05112886056303978,0.0004685755993705243,0.00028057521558366716,0.00413809742080417,0.5987832387384308,0.13734062016010284,0.004977299187771552,
test/geometry/477.json|64,test/geometry/477.json,64,3,2,R,0.0004586142724585481,0.05873570218682289,0.0003325431316625327,0.0003324747085571289,0.00593868768086992,0.9997942399085017,0.16991190612316132,0.006339827526877964,
test/geometry/477.json|64,test/geometry/477.json,64,3,2,C,0.00021612386996426255,0.06039661914110184,0.00036895705852657557,0.0001275418617296964,0.0022781621084396373,0.3456821286828087,0.255553275346756,0.009452125924807942,
test/geometry/477.json|64,test/geometry/477.json,64,3,4,R,0.0004586142724585481,0.058674607425928116,0.00031226655119098723,0.0003121853806078434,0.005896140790246063,0.9997400567477551,0.16806481778621674,0.006035367056662388,
test/geometry/477.json|64,test/geometry/477.json,64,3,4,C,0.00021612386996426255,0.05949711427092552,0.0003586017119232565,0.0001746583729982376,0.0032987142299483042,0.4870539283665269,0.19415238499641418,0.006998614233498643,
test/geometry/477.json|64,test/geometry/477.json,64,3,5,R,0.0004586142724585481,0.06016835570335388,0.0003214385360479355,0.00032126670703291893,0.00796546588964589,0.9994654343048142,0.20900732278823853,0.0080543754898741,
test/geometry/477.json|64,test/geometry/477.json,64,3,5,C,0.00021612386996426255,0.06055951863527298,0.000332339113811031,0.0001746259513311088,0.004329664507167195,0.5254450756733876,0.20290032029151917,0.0077949204038605426,
test/geometry/477.json|64,test/geometry/477.json,64,3,6,R,0.0004586142724585481,0.061687301844358444,0.00046202860539779067,0.00046149693662300706,0.008120616512663213,0.9988492708732285,0.2593805491924286,0.008386685239684638,
test/geometry/477.json|64,test/geometry/477.json,64,3,6,C,0.00021612386996426255,0.0620603933930397,0.0004170751490164548,0.0002452050684951246,0.004314690239941572,0.5879157952360636,0.2787025570869446,0.008982398271447575,
test/geometry/477.json|64,test/geometry/477.json,64,3,8,R,0.0004586142724585481,0.29915285110473633,0.000516930129379034,0.0005149228381924331,0.005924761949302517,0.9961168984575748,0.3126695454120636,0.00873381336304871,
test/geometry/477.json|64,test/geometry/477.json,64,3,8,C,0.00021612386996426255,0.3032006323337555,0.0023356329184025526,0.0022476559970527887,0.025861790813565176,0.9623327271940199,2.1053900718688965,0.05803255038572158,
test/geometry/477.json|64,test/geometry/477.json,64,3,9,R,0.0004586142724585481,0.08271774649620056,0.00035751413088291883,0.0003570759145077318,0.006655286767982017,0.9987742655853097,0.2530592083930969,0.007537237953563477,
test/geometry/477.json|64,test/geometry/477.json,64,3,9,C,0.00021612386996426255,0.0838932916522026,0.0005774847231805325,0.00033741924562491477,0.006288919945120927,0.5842912054578109,0.3263867497444153,0.00972048429831619,
test/geometry/477.json|64,test/geometry/477.json,64,3,10,R,0.0004586142724585481,0.07447471469640732,0.0003763347922358662,0.00037554677692241967,0.007216403645764012,0.9979060763777091,0.27396759390830994,0.00777322076481498,
test/geometry/477.json|64,test/geometry/477.json,64,3,10,C,0.00021612386996426255,0.07515107095241547,0.0006499710725620389,0.0003670607984531671,0.007053339415882365,0.564734052611853,0.3461654782295227,0.009884052156247906,
test/geometry/477.json|64,test/geometry/477.json,64,3,12,R,0.0004586142724585481,0.06294428557157516,0.00034849526127800345,0.0003480075974948704,0.006036398197006059,0.998600655917256,0.2626344859600067,0.006900933834526602,
test/geometry/477.json|64,test/geometry/477.json,64,3,12,C,0.00021612386996426255,0.06333258748054504,0.000534778053406626,0.00037151839933358133,0.006444207000178677,0.6947151183041855,0.3375781178474426,0.008863747871367487,
test/geometry/477.json|64,test/geometry/477.json,64,3,13,R,0.0004586142724585481,0.06927534192800522,0.0006312458426691592,0.0006309978198260069,0.00795728113756288,0.9996070883544981,0.2545526921749115,0.007677425305856727,
test/geometry/477.json|64,test/geometry/477.json,64,3,13,C,0.00021612386996426255,0.06982433795928955,0.0007398173329420388,0.0003527502703946084,0.004448403757805715,0.47680725256194756,0.36257103085517883,0.011010949955004373,
test/geometry/477.json|64,test/geometry/477.json,64,3,14,R,0.0004586142724585481,0.07414806634187698,0.0005218873266130686,0.0005202700849622488,0.005848429362673389,0.9969011651265485,0.25506895780563354,0.005866533241114731,
test/geometry/477.json|64,test/geometry/477.json,64,3,14,C,0.00021612386996426255,0.07476875931024551,0.0005647061043418944,0.0003776561061386019,0.004245285523756689,0.668765757207379,0.31170234084129333,0.0071708812686716175,
test/geometry/477.json|64,test/geometry/477.json,64,3,16,R,0.0004586142724585481,0.0664445087313652,0.0004912776057608426,0.000490316713694483,0.00660022916159658,0.9980440934959462,0.2777548134326935,0.0067120887628003365,
test/geometry/477.json|64,test/geometry/477.json,64,3,16,C,0.00021612386996426255,0.06681951880455017,0.0004558642685879022,0.0003344066790305078,0.004501500057257093,0.7335663295849199,0.26142632961273193,0.006311757020282456,
test/geometry/477.json|64,test/geometry/477.json,64,3,17,R,0.0004586142724585481,0.06646951287984848,0.0003544354112818837,0.0003536248404998332,0.005738977666365152,0.997713062087019,0.22714263200759888,0.006302929699078016,
test/geometry/477.json|64,test/geometry/477.json,64,3,17,C,0.00021612386996426255,0.06720555573701859,0.0006792449275963008,0.0005019598174840212,0.008146306062327892,0.7389967835628164,0.3645645081996918,0.010167160790767652,
test/geometry/477.json|64,test/geometry/477.json,64,3,18,R,0.0004586142724585481,0.05889977514743805,0.0004513362655416131,0.0004502186202444136,0.004854683262807429,0.9975236949032181,0.23964634537696838,0.005230689703009113,
test/geometry/477.json|64,test/geometry/477.json,64,3,18,C,0.00021612386996426255,0.05934356525540352,0.0005374767351895571,0.00038108773878775537,0.004109248671566913,0.709031132192768,0.2516830265522003,0.005506503897752462,
test/geometry/477.json|64,test/geometry/477.json,64,3,20,R,0.0004586142724585481,0.2135435938835144,0.001015960006043315,0.0010117206256836653,0.0038870571661922962,0.9958272162976304,0.22467119991779327,0.004614207784071288,
test/geometry/477.json|64,test/geometry/477.json,64,3,20,C,0.00021612386996426255,0.217964768409729,0.0011917954543605447,0.001065330463461578,0.0040930275683200845,0.8938869993754857,0.3276742696762085,0.006732745484556867,
test/geometry/477.json|64,test/geometry/477.json,64,3,21,R,0.0004586142724585481,0.18710370361804962,0.0010446064407005906,0.0010200146352872252,0.003262092830045226,0.9764583048393511,0.20775233209133148,0.00417536152466837,
test/geometry/477.json|64,test/geometry/477.json,64,3,21,C,0.00021612386996426255,0.18774332106113434,0.0011359251802787185,0.001031186431646347,0.003297821177013066,0.9077943236415744,0.46265313029289246,0.009304805335591974,
test/geometry/477.json|64,test/geometry/477.json,64,3,22,R,0.0004586142724585481,0.08200835436582565,0.0003012005763594061,0.00029995126533322036,0.0036146618714465494,0.9958522256592656,0.15468676388263702,0.003521755305682221,
test/geometry/477.json|64,test/geometry/477.json,64,3,22,C,0.00021612386996426255,0.08291551470756531,0.0007258148398250341,0.0006240233196876943,0.00751999928409301,0.8597555252223372,0.4118274748325348,0.009376922195226761,
test/geometry/477.json|64,test/geometry/477.json,64,3,24,R,0.0004586142724585481,0.1817568987607956,0.0010657258098945022,0.0010502211516723037,0.0024826708830310916,0.9854515494851487,0.16830988228321075,0.003171572620103688,
test/geometry/477.json|64,test/geometry/477.json,64,3,24,C,0.00021612386996426255,0.18323969841003418,0.0017479347297921777,0.001639825408346951,0.003876466197690759,0.9381502520999565,0.46532928943634033,0.00881475676424612,
test/geometry/477.json|64,test/geometry/477.json,64,3,25,R,0.0004586142724585481,0.17859868705272675,0.0007752064266242087,0.0007692047511227429,0.0020910128170055792,0.9922579634435447,0.13331936299800873,0.002872552402586634,
test/geometry/477.json|64,test/geometry/477.json,64,3,25,C,0.00021612386996426255,0.18782781064510345,0.0013517618644982576,0.0012314830673858523,0.003347674171370608,0.9110207195643364,0.6389237642288208,0.013833265845596857,
test/geometry/477.json|64,test/geometry/477.json,64,3,26,R,0.0004586142724585481,0.3272732198238373,0.00033953398815356195,0.00033884576987475157,0.00235415786038494,0.9979730474686023,0.16834676265716553,0.0036720360297219203,
test/geometry/477.json|64,test/geometry/477.json,64,3,26,C,0.00021612386996426255,0.33174970746040344,0.0009114928543567657,0.0007068730192258954,0.004911056363842991,0.7755113110011372,0.44217661023139954,0.009692810126200808,
test/geometry/477.json|64,test/geometry/477.json,64,3,28,R,0.0004586142724585481,0.2143033742904663,0.0013498400803655386,0.0013299528509378433,0.00391530947182043,0.9852669729531391,0.16270673274993896,0.0036000453501420734,
test/geometry/477.json|64,test/geometry/477.json,64,3,28,C,0.00021612386996426255,0.21625712513923645,0.0018104907358065248,0.0015823723515495658,0.004658418869210224,0.8740019042244145,0.6200012564659119,0.013708920492649315,
test/geometry/477.json|64,test/geometry/477.json,64,3,29,R,0.0004586142724585481,0.11583162099123001,0.0007497933111153543,0.0007368900696747005,0.003897897017128066,0.9827909342052538,0.1779676377773285,0.0035719696523757887,
test/geometry/477.json|64,test/geometry/477.json,64,3,29,C,0.00021612386996426255,0.11652623862028122,0.0009311541798524559,0.0008839123183861375,0.004675594543920299,0.9492652630061015,0.3414551913738251,0.006854829794418534,
test/geometry/477.json|64,test/geometry/477.json,64,3,30,R,0.0004586142724585481,0.16382159292697906,0.0008509648614563048,0.0008413800969719887,0.004053562218904176,0.9887365907722092,0.20657525956630707,0.00393649433915621,
test/geometry/477.json|64,test/geometry/477.json,64,3,30,C,0.00021612386996426255,0.16539932787418365,0.001167049165815115,0.0010286136530339718,0.0049556074083439245,0.8813798786567539,0.3653838634490967,0.006985210577511315,
test/geometry/477.json|64,test/geometry/477.json,64,4,0,R,0.0004586142724585481,1.854416847229004,0.03711908310651779,0.03711375221610069,0.006387212547170678,0.9998563840760383,0.3030611574649811,0.0053496886705866825,
test/geometry/477.json|64,test/geometry/477.json,64,4,0,C,0.00021612386996426255,2.016608715057373,0.021858301013708115,0.0006816747481934726,0.00011731504482216993,0.031186081101856188,0.6500949859619141,0.011276270018374014,
test/geometry/477.json|64,test/geometry/477.json,64,4,1,R,0.0004586142724585481,0.050561245530843735,0.0007173277554102242,0.0007172906771302223,0.008330925516906621,0.9999483091520291,0.1808159202337265,0.006618597449036307,
test/geometry/477.json|64,test/geometry/477.json,64,4,1,C,0.00021612386996426255,0.05093236640095711,0.00029998947866261005,0.00028147539705969393,0.0032691775350097113,0.9382842270877686,0.13148845732212067,0.00481831933781164,
test/geometry/477.json|64,test/geometry/477.json,64,4,2,R,0.0004586142724585481,0.05757296830415726,0.000336153811076656,0.0003361389972269535,0.006213608983955987,0.9999559283602618,0.1924877017736435,0.006811393334572273,
test/geometry/477.json|64,test/geometry/477.json,64,4,2,C,0.00021612386996426255,0.05927552655339241,0.00035385950468480587,0.00012027744378428906,0.002223357038102666,0.3399016893767553,0.16649289429187775,0.005865042343896127,
test/geometry/477.json|64,test/geometry/477.json,64,4,4,R,0.0004586142724585481,0.05789785832166672,0.0003422548179514706,0.0003419378772377968,0.006862227557729931,0.9990739598213846,0.18463782966136932,0.006195249678475843,
test/geometry/477.json|64,test/geometry/477.json,64,4,4,C,0.00021612386996426255,0.058735571801662445,0.0003709393786266446,0.00014318915782496333,0.002873611407815076,0.386017677522093,0.16846969723701477,0.005678004346309762,
test/geometry/477.json|64,test/geometry/477.json,64,4,5,R,0.0004586142724585481,0.05958767235279083,0.0003412863879930228,0.00034087186213582754,0.00912596351488867,0.9987853988012287,0.23290158808231354,0.009762291921200414,
test/geometry/477.json|64,test/geometry/477.json,64,4,5,C,0.00021612386996426255,0.059989672154188156,0.0003726598515640944,0.00017043048865161836,0.004562836050807731,0.45733525486839427,0.19934934377670288,0.00835301867648786,
test/geometry/477.json|64,test/geometry/477.json,64,4,6,R,0.0004586142724585481,0.06109445542097092,0.00046838383423164487,0.000468046753667295,0.008752179331110088,0.9992803304918002,0.26843976974487305,0.008932988435132221,
test/geometry/477.json|64,test/geometry/477.json,64,4,6,C,0.00021612386996426255,0.06148539111018181,0.00027099368162453175,0.00023266092466656119,0.004350612668646152,0.8585474111915682,0.21481803059577942,0.007150301812566434,
test/geometry/477.json|64,test/geometry/477.json,64,4,8,R,0.0004586142724585481,0.296014666557312,0.0005411526653915644,0.0005364108365029097,0.008314461351619588,0.9912375376060263,0.37309783697128296,0.010194857666640427,
test/geometry/477.json|64,test/geometry/477.json,64,4,8,C,0.00021612386996426255,0.2985879182815552,0.0027277800254523754,0.0021889270283281803,0.03392875001780739,0.8024573122103975,1.94499933719635,0.049883119160941645,
test/geometry/477.json|64,test/geometry/477.json,64,4,9,R,0.0004586142724585481,0.08195727318525314,0.0003181931097060442,0.00031553773442283273,0.006830062350270825,0.9916548278580909,0.2383066564798355,0.007646396592622337,
test/geometry/477.json|64,test/geometry/477.json,64,4,9,C,0.00021612386996426255,0.08328314870595932,0.0006835440290160477,0.0003462403255980462,0.007494644075892825,0.5065369755184862,0.3691120445728302,0.011833739279105651,
test/geometry/477.json|64,test/geometry/477.json,64,4,10,R,0.0004586142724585481,0.07368640601634979,0.00040074941352941096,0.00040036291466094553,0.006598586151693305,0.9990355572473655,0.2815502882003784,0.007339952849755015,
test/geometry/477.json|64,test/geometry/477.json,64,4,10,C,0.00021612386996426255,0.07450907677412033,0.0006983014172874391,0.00036678259493783116,0.006045131711783386,0.5252496777643002,0.33035051822662354,0.008655604907591341,
test/geometry/477.json|64,test/geometry/477.json,64,4,12,R,0.0004586142724585481,0.06222771108150482,0.0003197137266397476,0.00031930417753756046,0.005864587734300294,0.9987190099555292,0.2384377270936966,0.006555545506715149,
test/geometry/477.json|64,test/geometry/477.json,64,4,12,C,0.00021612386996426255,0.06261122226715088,0.0005297663155943155,0.0003547188825905323,0.00651504162585043,0.6695761347586184,0.3261842131614685,0.00897003348672477,
test/geometry/477.json|64,test/geometry/477.json,64,4,13,R,0.0004586142724585481,0.06831729412078857,0.0005567920161411166,0.0005566037725657225,0.008610182531219953,0.9996619122228787,0.2574470639228821,0.008397694822373085,
test/geometry/477.json|64,test/geometry/477.json,64,4,13,C,0.00021612386996426255,0.06899068504571915,0.000655111507512629,0.000324660271871835,0.005022215693160653,0.49558016864784826,0.32128873467445374,0.010481580986220361,
test/geometry/477.json|64,test/geometry/477.json,64,4,14,R,0.0004586142724585481,0.07264600694179535,0.0004769187362398952,0.00047482180525548756,0.006452971104010785,0.9956031671212094,0.2580084502696991,0.006467038430132862,
test/geometry/477.json|64,test/geometry/477.json,64,4,14,C,0.00021612386996426255,0.07346999645233154,0.0005987891927361488,0.00034978814073838294,0.004753726007793439,0.5841590736731197,0.32015037536621094,0.008033511646352381,
test/geometry/477.json|64,test/geometry/477.json,64,4,16,R,0.0004586142724585481,0.0660894513130188,0.00046068939263932407,0.0004598952364176512,0.008042037745108676,0.9982761547527733,0.311862975358963,0.008161005075324747,
test/geometry/477.json|64,test/geometry/477.json,64,4,16,C,0.00021612386996426255,0.0665450319647789,0.0005969046615064144,0.00041193648939952254,0.00720339880478782,0.6901210784144207,0.3234798312187195,0.008423935797825388,
test/geometry/477.json|64,test/geometry/477.json,64,4,17,R,0.0004586142724585481,0.06510604172945023,0.00036804992123506963,0.00036752017331309617,0.0068059505567341794,0.998560660144264,0.23640736937522888,0.007527464235748039,
test/geometry/477.json|64,test/geometry/477.json,64,4,17,C,0.00021612386996426255,0.06597428768873215,0.0005682467017322779,0.00045165233314037323,0.008363958420231509,0.7948173407231602,0.34965696930885315,0.011163592184582904,
test/geometry/477.json|64,test/geometry/477.json,64,4,18,R,0.0004586142724585481,0.05815195292234421,0.0004634250944945961,0.00045760662760585546,0.005053852772506697,0.9874446421971801,0.2486039698123932,0.0054846522398737125,
test/geometry/477.json|64,test/geometry/477.json,64,4,18,C,0.00021612386996426255,0.058663561940193176,0.0004945334512740374,0.0004067305999342352,0.00449197290016401,0.8224531587579081,0.24903102219104767,0.005504355262002477,
test/geometry/477.json|64,test/geometry/477.json,64,4,20,R,0.0004586142724585481,0.21245701611042023,0.0010602715192362666,0.00104215566534549,0.004382657761481067,0.9829139474700407,0.23749572038650513,0.004769734019791435,
test/geometry/477.json|64,test/geometry/477.json,64,4,20,C,0.00021612386996426255,0.21730755269527435,0.001129015116021037,0.0010302381124347448,0.004332539955188834,0.9125104676659066,0.3250681459903717,0.006523664857215348,
test/geometry/477.json|64,test/geometry/477.json,64,4,21,R,0.0004586142724585481,0.186656191945076,0.0009322746773250401,0.0009262513485737145,0.002983845377874103,0.9935391039879499,0.2421730011701584,0.00465905839842381,
test/geometry/477.json|64,test/geometry/477.json,64,4,21,C,0.00021612386996426255,0.18730062246322632,0.0013122414238750935,0.001144476467743516,0.003686840319985128,0.8721538933679477,0.468238890171051,0.008994471559042564,
test/geometry/477.json|64,test/geometry/477.json,64,4,22,R,0.0004586142724585481,0.08135849982500076,0.0002994271635543555,0.00029589346377179027,0.003424346694711622,0.988198462928958,0.1572735458612442,0.003550729127786919,
test/geometry/477.json|64,test/geometry/477.json,64,4,22,C,0.00021612386996426255,0.08238091319799423,0.0006487398059107363,0.0005601296434178948,0.006482326674601361,0.8634118601187767,0.3919971287250519,0.008858446255891064,
test/geometry/477.json|64,test/geometry/477.json,64,4,24,R,0.0004586142724585481,0.18128478527069092,0.0009827993344515562,0.0009767577284947038,0.0023242827570159738,0.9938526546173573,0.16802214086055756,0.003114510266168577,
test/geometry/477.json|64,test/geometry/477.json,64,4,24,C,0.00021612386996426255,0.18279995024204254,0.0016493911389261484,0.0015089786611497402,0.0035907502756292843,0.9148701145668242,0.4777359664440155,0.00889362503460013,
test/geometry/477.json|64,test/geometry/477.json,64,4,25,R,0.0004586142724585481,0.1774837076663971,0.0007042253855615854,0.000702269549947232,0.0018749397465574365,0.997222712143476,0.12579654157161713,0.002637732234478734,
test/geometry/477.json|64,test/geometry/477.json,64,4,25,C,0.00021612386996426255,0.18680919706821442,0.0012465512845665216,0.0011026206193491817,0.002943808719524999,0.8845369076396021,0.6340235471725464,0.013359018921329398,
test/geometry/477.json|64,test/geometry/477.json,64,4,26,R,0.0004586142724585481,0.3267589807510376,0.00033750967122614384,0.00033686499227769673,0.0022240751030006417,0.9980898919305188,0.16158856451511383,0.003384010899445168,
test/geometry/477.json|64,test/geometry/477.json,64,4,26,C,0.00021612386996426255,0.3310472369194031,0.0009436727850697935,0.0007370779640041292,0.004866390946793919,0.7810736675727505,0.4481993317604065,0.009431892537204375,
test/geometry/477.json|64,test/geometry/477.json,64,4,28,R,0.0004586142724585481,0.21375860273838043,0.0015877655241638422,0.0015766972210258245,0.004260905516249739,0.9930290058811577,0.1509176343679428,0.0032848844183668044,
test/geometry/477.json|64,test/geometry/477.json,64,4,28,C,0.00021612386996426255,0.215931698679924,0.001827192842029035,0.0016340757720172405,0.004415966729762042,0.8943094201859646,0.5894609689712524,0.012821408675591455,
test/geometry/477.json|64,test/geometry/477.json,64,4,29,R,0.0004586142724585481,0.1155509501695633,0.0006340619293041527,0.0006332795019261539,0.0032132846316582846,0.9987660063779203,0.158187136054039,0.003098426591623651,
test/geometry/477.json|64,test/geometry/477.json,64,4,29,C,0.00021612386996426255,0.11635839939117432,0.0008760739001445472,0.0008121062419377267,0.0041206584115785205,0.9269837177853947,0.310968279838562,0.006091536947168115,
test/geometry/477.json|64,test/geometry/477.json,64,4,30,R,0.0004586142724585481,0.1633293628692627,0.0008228719234466553,0.0008206440252251923,0.0036777319937343943,0.9972925322212675,0.19314773380756378,0.003573659449032241,
test/geometry/477.json|64,test/geometry/477.json,64,4,30,C,0.00021612386996426255,0.16519029438495636,0.0011412275489419699,0.0010320794535800815,0.00462528393534066,0.9043590418339984,0.33887121081352234,0.006290397078848608,
test/geometry/477.json|64,test/geometry/477.json,64,5,0,R,0.0004586142724585481,1.8128889799118042,0.03558242693543434,0.035577524453401566,0.006443875016559462,0.9998622217916295,0.30825626850128174,0.005458207376879735,
test/geometry/477.json|64,test/geometry/477.json,64,5,0,C,0.00021612386996426255,1.9948233366012573,0.02482757531106472,0.0007987334975041449,0.000144668267636143,0.0321712244335035,0.1770801693201065,0.003180048416295236,
test/geometry/477.json|64,test/geometry/477.json,64,5,1,R,0.0004586142724585481,0.0503353513777256,0.0007509142742492259,0.0007128380821086466,0.008602650799270842,0.9492935553423301,0.1823355108499527,0.006870155498008308,
test/geometry/477.json|64,test/geometry/477.json,64,5,1,C,0.00021612386996426255,0.0507400818169117,0.0003636365581769496,0.00025419454323127866,0.0030676628330941983,0.6990346179895095,0.1454676389694214,0.005488793823517494,
test/geometry/477.json|64,test/geometry/477.json,64,5,2,R,0.0004586142724585481,0.056550461798906326,0.00034340459387749434,0.0003433551755733788,0.0055467082873339475,0.999856090148901,0.17067262530326843,0.00617622908723985,
test/geometry/477.json|64,test/geometry/477.json,64,5,2,C,0.00021612386996426255,0.05832546949386597,0.0002657343284226954,0.00012470675574149936,0.0020145669696191265,0.46929109992082424,0.17331071197986603,0.006256942582610047,
test/geometry/477.json|64,test/geometry/477.json,64,5,4,R,0.0004586142724585481,0.057374246418476105,0.00030375225469470024,0.000303530105156824,0.006719411128856253,0.9992686456356739,0.1844479888677597,0.006297113449605689,
test/geometry/477.json|64,test/geometry/477.json,64,5,4,C,0.00021612386996426255,0.05829373002052307,0.0003634616150520742,0.00015606640954501927,0.0034549270445368993,0.4293889716339653,0.21392908692359924,0.007360620061576886,
test/geometry/477.json|64,test/geometry/477.json,64,5,5,R,0.0004586142724585481,0.05897243693470955,0.00024115123960655183,0.00024093974207062274,0.007496605556764083,0.9991229631023373,0.16843487322330475,0.008176960690997768,
test/geometry/477.json|64,test/geometry/477.json,64,5,5,C,0.00021612386996426255,0.059464648365974426,0.00031262222910299897,0.00017357073375023901,0.005400484436238268,0.5552091855177831,0.19356995820999146,0.009395233525897162,
test/geometry/477.json|64,test/geometry/477.json,64,5,6,R,0.0004586142724585481,0.06044887751340866,0.00033499900018796325,0.0003347043530084193,0.006810989612869994,0.9991204505729895,0.20536108314990997,0.007208174826933217,
test/geometry/477.json|64,test/geometry/477.json,64,5,6,C,0.00021612386996426255,0.06087784096598625,0.00031197871430777013,0.00020245589257683605,0.004119829840905797,0.6489413624808067,0.20130296051502228,0.007069800902785892,
test/geometry/477.json|64,test/geometry/477.json,64,5,8,R,0.0004586142724585481,0.29055488109588623,0.00038720620796084404,0.0003866923798341304,0.005755913331041819,0.9986729832455615,0.24675604701042175,0.0072921247225588536,
test/geometry/477.json|64,test/geometry/477.json,64,5,8,C,0.00021612386996426255,0.2948845326900482,0.002109287539497018,0.0015902258455753326,0.023670500431998483,0.7539161043925869,1.6915017366409302,0.04798031529466805,
test/geometry/477.json|64,test/geometry/477.json,64,5,9,R,0.0004586142724585481,0.08072150498628616,0.00028203538386151195,0.00028181605739519,0.005969469059085931,0.9992223406065532,0.19964519143104553,0.006538014017325474,
test/geometry/477.json|64,test/geometry/477.json,64,5,9,C,0.00021612386996426255,0.08247001469135284,0.0006238265195861459,0.0003286709834355861,0.006961956974249981,0.5268627937247163,0.38338178396224976,0.012556132642836206,
test/geometry/477.json|64,test/geometry/477.json,64,5,10,R,0.0004586142724585481,0.07282364368438721,0.000347920082276687,0.00034764071460813284,0.005672411168247059,0.9991970320714944,0.2352132648229599,0.006108922810306927,
test/geometry/477.json|64,test/geometry/477.json,64,5,10,C,0.00021612386996426255,0.07361508160829544,0.0006956035504117608,0.00034037278965115547,0.005553821322571441,0.4893200860753982,0.29309558868408203,0.007658412647703448,
test/geometry/477.json|64,test/geometry/477.json,64,5,12,R,0.0004586142724585481,0.06164077669382095,0.00030679331393912435,0.0003040138690266758,0.005093788277556228,0.9909403309097526,0.20961669087409973,0.005420408169292198,
test/geometry/477.json|64,test/geometry/477.json,64,5,12,C,0.00021612386996426255,0.062043558806180954,0.0005165302427485585,0.00035346814547665417,0.005922400519696474,0.6843125833474307,0.2983289659023285,0.007726284023242622,
test/geometry/477.json|64,test/geometry/477.json,64,5,13,R,0.0004586142724585481,0.06757611781358719,0.0006158362957648933,0.0006156264571473002,0.00789891818354098,0.9996592607179937,0.2382909208536148,0.00764707079240984,
test/geometry/477.json|64,test/geometry/477.json,64,5,13,C,0.00021612386996426255,0.06826645135879517,0.0007308363565243781,0.0003342029813211411,0.004288058083766755,0.45728839004837457,0.30428510904312134,0.009784877120673783,
test/geometry/477.json|64,test/geometry/477.json,64,5,14,R,0.0004586142724585481,0.07138257473707199,0.0004998001968488097,0.0004988602013327181,0.0061998506991991055,0.9981192554141887,0.2436581403017044,0.0057891860142597045,
test/geometry/477.json|64,test/geometry/477.json,64,5,14,C,0.00021612386996426255,0.07225590944290161,0.0005237675504758954,0.00032251255470328033,0.004008196449497928,0.6157551260945627,0.25594362616539,0.006078886508396049,
test/geometry/477.json|64,test/geometry/477.json,64,5,16,R,0.0004586142724585481,0.06578361243009567,0.000456799054518342,0.0004551069578155875,0.006987939258448445,0.9962957504348724,0.2629512548446655,0.0067222944871884295,
test/geometry/477.json|64,test/geometry/477.json,64,5,16,C,0.00021612386996426255,0.0662839338183403,0.0005624889163300395,0.0003674003528431058,0.005641248293638408,0.6531690519113539,0.29108166694641113,0.00742803832013637,
test/geometry/477.json|64,test/geometry/477.json,64,5,17,R,0.0004586142724585481,0.06408794224262238,0.0003747863811440766,0.0003731754550244659,0.006820817724137829,0.9957017458574805,0.22438928484916687,0.0071859598158738715,
test/geometry/477.json|64,test/geometry/477.json,64,5,17,C,0.00021612386996426255,0.06500855833292007,0.0005698131863027811,0.00043332212953828275,0.007920165224216296,0.7604634978516718,0.35116732120513916,0.011274114000062705,
test/geometry/477.json|64,test/geometry/477.json,64,5,18,R,0.0004586142724585481,0.057403210550546646,0.00048178440192714334,0.0004772617539856583,0.004740727396217979,0.9906127120056044,0.24573664367198944,0.005206760247669325,
test/geometry/477.json|64,test/geometry/477.json,64,5,18,C,0.00021612386996426255,0.05797729641199112,0.0004756532143801451,0.0003421180008444935,0.0033983200325571317,0.7192593044305832,0.20970700681209564,0.00444618243036578,
test/geometry/477.json|64,test/geometry/477.json,64,5,20,R,0.0004586142724585481,0.21052303910255432,0.0012322893599048257,0.001228477107360959,0.003988561672549351,0.9969063649619864,0.22670158743858337,0.004656234608605812,
test/geometry/477.json|64,test/geometry/477.json,64,5,20,C,0.00021612386996426255,0.2154047042131424,0.0013450977858155966,0.0012476594420149922,0.00405084197417862,0.9275604006224103,0.3841061294078827,0.007835775627146015,
test/geometry/477.json|64,test/geometry/477.json,64,5,21,R,0.0004586142724585481,0.18582187592983246,0.0012617063475772738,0.0012371648335829377,0.003929870272542727,0.9805489486345141,0.24981753528118134,0.0050219395120053795,
test/geometry/477.json|64,test/geometry/477.json,64,5,21,C,0.00021612386996426255,0.18679659068584442,0.0012969853123649955,0.0011999612906947732,0.003811692732039864,0.9251926589527094,0.4695495367050171,0.009416263086042797,
test/geometry/477.json|64,test/geometry/477.json,64,5,22,R,0.0004586142724585481,0.0802546888589859,0.0002873069606721401,0.0002863755216822028,0.0033273730231561933,0.9967580319512055,0.1559147983789444,0.0036484478507635117,
test/geometry/477.json|64,test/geometry/477.json,64,5,22,C,0.00021612386996426255,0.08139310777187347,0.0006862421287223697,0.0005684164934791625,0.006604383276928459,0.8283031146879958,0.39962804317474365,0.009345771541371279,
test/geometry/477.json|64,test/geometry/477.json,64,5,24,R,0.0004586142724585481,0.18037129938602448,0.0012530172243714333,0.0012504649348556995,0.0031623830507730333,0.9979630842545064,0.19346310198307037,0.0037455750422249164,
test/geometry/477.json|64,test/geometry/477.json,64,5,24,C,0.00021612386996426255,0.1821630448102951,0.001708431402221322,0.0014924982096999884,0.0037744769246240385,0.8736073376348724,0.47172051668167114,0.009178275076879952,
test/geometry/477.json|64,test/geometry/477.json,64,5,25,R,0.0004586142724585481,0.1760561317205429,0.0008831783197820187,0.0008433472248725593,0.0025478270308165758,0.9549002789445845,0.14476609230041504,0.003231447923221236,
test/geometry/477.json|64,test/geometry/477.json,64,5,25,C,0.00021612386996426255,0.18576034903526306,0.001248090178705752,0.0010999571532011032,0.0033230684645809017,0.8813122409635717,0.6861251592636108,0.015381421140268301,
test/geometry/477.json|64,test/geometry/477.json,64,5,26,R,0.0004586142724585481,0.32593396306037903,0.00027383692213334143,0.0002733974251896143,0.0020741984259016162,0.9983950376790016,0.1408509910106659,0.003290592472274372,
test/geometry/477.json|64,test/geometry/477.json,64,5,26,C,0.00021612386996426255,0.33019739389419556,0.0009879196295514703,0.000730425410438329,0.005541556346110303,0.739357117573011,0.45099446177482605,0.010567368501628135,
test/geometry/477.json|64,test/geometry/477.json,64,5,28,R,0.0004586142724585481,0.21296100318431854,0.0014420875813812017,0.0014271752443164587,0.003687892769016581,0.9896592008370813,0.17156000435352325,0.004061192638426444,
test/geometry/477.json|64,test/geometry/477.json,64,5,28,C,0.00021612386996426255,0.2153645157814026,0.0019171577878296375,0.0017370142741128802,0.004488532439649745,0.9060361563527178,0.6798477172851562,0.016063646546464912,
test/geometry/477.json|64,test/geometry/477.json,64,5,29,R,0.0004586142724585481,0.1151544600725174,0.0007024064543657005,0.000681260775309056,0.00410747464250333,0.9698953790997904,0.15939754247665405,0.0034626263593509725,
test/geometry/477.json|64,test/geometry/477.json,64,5,29,C,0.00021612386996426255,0.11596015840768814,0.0010744523024186492,0.0009301300742663443,0.0056079636942925025,0.8656783286767535,0.3473082184791565,0.0075534304738966995,
test/geometry/477.json|64,test/geometry/477.json,64,5,30,R,0.0004586142724585481,0.1622842401266098,0.0007980744703672826,0.0007871374255046248,0.004077266481586918,0.9862957076625692,0.19596967101097107,0.0038170319502280124,
test/geometry/477.json|64,test/geometry/477.json,64,5,30,C,0.00021612386996426255,0.1644032895565033,0.0010896353051066399,0.0009920066222548485,0.005138461492717048,0.9104024224392774,0.37862497568130493,0.007404394035537567,
test/geometry/477.json|64,test/geometry/477.json,64,6,0,R,0.0004586142724585481,1.7804601192474365,0.03990095481276512,0.03989572450518608,0.006170506146027541,0.9998689177087754,0.3025447726249695,0.005447136915198104,
test/geometry/477.json|64,test/geometry/477.json,64,6,0,C,0.00021612386996426255,1.9831188917160034,0.027443701401352882,0.0008701133774593472,0.0001345768252098231,0.03170539442557658,0.6894676685333252,0.012384424749315249,
test/geometry/477.json|64,test/geometry/477.json,64,6,1,R,0.0004586142724585481,0.04968272149562836,0.0005118031403981149,0.0005099960253573954,0.006463241876854157,0.9964691188964121,0.1575450748205185,0.005759004790331547,
test/geometry/477.json|64,test/geometry/477.json,64,6,1,C,0.00021612386996426255,0.050151992589235306,0.00042980050784535706,0.00013969028077553958,0.001770311978147832,0.32501190180256484,0.1404382437467575,0.005136764356105607,
test/geometry/477.json|64,test/geometry/477.json,64,6,2,R,0.0004586142724585481,0.05348839983344078,0.00032192780054174364,0.0003219079808332026,0.006695334657283502,0.9999384311996475,0.18432499468326569,0.006833212053724434,
test/geometry/477.json|64,test/geometry/477.json,64,6,2,C,0.00021612386996426255,0.05498657003045082,0.0004126385319977999,0.0001123089314205572,0.0023359031948081933,0.2721726703626974,0.1777513027191162,0.006538120571293536,
test/geometry/477.json|64,test/geometry/477.json,64,6,4,R,0.0004586142724585481,0.05580850690603256,0.00027835287619382143,0.0002782136434689164,0.006290275776776143,0.99949979419538,0.15229414403438568,0.0060138013365006494,
test/geometry/477.json|64,test/geometry/477.json,64,6,4,C,0.00021612386996426255,0.05667191743850708,0.00031824171310290694,0.00014918013766873628,0.003372890684488029,0.4687636191542673,0.1548078954219818,0.006125671434794082,
test/geometry/477.json|64,test/geometry/477.json,64,6,5,R,0.0004586142724585481,0.057380080223083496,0.0003053769760299474,0.0003052242973353714,0.007871254681017677,0.999500028796994,0.21065755188465118,0.00816745647430872,
test/geometry/477.json|64,test/geometry/477.json,64,6,5,C,0.00021612386996426255,0.0579584501683712,0.00033847964368760586,0.00017491859034635127,0.004510875395833618,0.5167772806775115,0.20050692558288574,0.007751807454484855,
test/geometry/477.json|64,test/geometry/477.json,64,6,6,R,0.0004586142724585481,0.05906045809388161,0.0004783308831974864,0.0004780168819706887,0.008243243101487871,0.999343545990503,0.23472684621810913,0.006984269672437083,
test/geometry/477.json|64,test/geometry/477.json,64,6,6,C,0.00021612386996426255,0.0595538504421711,0.0004188511229585856,0.00022747274488210678,0.00392269228504134,0.5430873450505493,0.20233140885829926,0.006015998922866473,
test/geometry/477.json|64,test/geometry/477.json,64,6,8,R,0.0004586142724585481,0.2799493372440338,0.00047583773266524076,0.0004748595820274204,0.0060654282855679914,0.9979443588252535,0.2946341633796692,0.008745797930972597,
test/geometry/477.json|64,test/geometry/477.json,64,6,8,C,0.00021612386996426255,0.2844173014163971,0.0020180547144263983,0.0013530931901186705,0.01728319279841614,0.6704938076135231,1.5622334480285645,0.04417365120418197,
test/geometry/477.json|64,test/geometry/477.json,64,6,9,R,0.0004586142724585481,0.07885924726724625,0.00027361977845430374,0.00027338170912116766,0.00621599893716796,0.9991299227942846,0.2110230028629303,0.00739461580673337,
test/geometry/477.json|64,test/geometry/477.json,64,6,9,C,0.00021612386996426255,0.08076025545597076,0.0005561084253713489,0.0003064928750973195,0.006968861932932351,0.5511386998704723,0.3584706485271454,0.01254135139044855,
test/geometry/477.json|64,test/geometry/477.json,64,6,10,R,0.0004586142724585481,0.07070993632078171,0.0003242068050894886,0.00032400505733676255,0.006483340359817781,0.9993777158624165,0.24026241898536682,0.0069303881665350574,
test/geometry/477.json|64,test/geometry/477.json,64,6,10,C,0.00021612386996426255,0.07156121730804443,0.0007335563423112035,0.0003534597344696522,0.00707272837311222,0.48184401606312693,0.3507108986377716,0.010189699959063837,
test/geometry/477.json|64,test/geometry/477.json,64,6,12,R,0.0004586142724585481,0.060751669108867645,0.00034904645872302353,0.00034848658833652735,0.006136676334544321,0.9983959975215321,0.24809306859970093,0.006949469883441256,
test/geometry/477.json|64,test/geometry/477.json,64,6,12,C,0.00021612386996426255,0.06122945621609688,0.0004892708966508508,0.00033916946267709136,0.005972606363263181,0.6932140544339641,0.3343111276626587,0.009376594715319164,
test/geometry/477.json|64,test/geometry/477.json,64,6,13,R,0.0004586142724585481,0.06637241691350937,0.0006115000578574836,0.0006108283996582031,0.00844163994577628,0.9989016203849017,0.25700920820236206,0.007753980242719698,
test/geometry/477.json|64,test/geometry/477.json,64,6,13,C,0.00021612386996426255,0.06710706651210785,0.00048046387382782996,0.0002901265397667885,0.0040095447245013845,0.6038467301433491,0.2632555663585663,0.007964701905366656,
test/geometry/477.json|64,test/geometry/477.json,64,6,14,R,0.0004586142724585481,0.06919337809085846,0.0005277195596136153,0.000526810996234417,0.006106333161433695,0.9982783196852854,0.26281818747520447,0.006276465787844446,
test/geometry/477.json|64,test/geometry/477.json,64,6,14,C,0.00021612386996426255,0.07015033066272736,0.00046550045954063535,0.000324885593727231,0.0037657901767978673,0.6979275452271448,0.3001507520675659,0.007150589820374112,
test/geometry/477.json|64,test/geometry/477.json,64,6,16,R,0.0004586142724585481,0.06474573910236359,0.0004845382645726204,0.0004837812448386103,0.006134400847473916,0.9984376450988541,0.2654021680355072,0.006568191398100174,
test/geometry/477.json|64,test/geometry/477.json,64,6,16,C,0.00021612386996426255,0.06528935581445694,0.0006363196880556643,0.00039469884359277785,0.005004825934168321,0.620283876770392,0.27567169070243835,0.006809587560457234,
test/geometry/477.json|64,test/geometry/477.json,64,6,17,R,0.0004586142724585481,0.06129996478557587,0.0004131219466216862,0.0004034120065625757,0.006012335462395704,0.9764961868644114,0.21109050512313843,0.006265540540789143,
test/geometry/477.json|64,test/geometry/477.json,64,6,17,C,0.00021612386996426255,0.06216643750667572,0.0004445043741725385,0.00034177181078121066,0.005093667874479406,0.7688828949063746,0.2734324634075165,0.008125802407641873,
test/geometry/477.json|64,test/geometry/477.json,64,6,18,R,0.0004586142724585481,0.05595698952674866,0.0004799630551133305,0.0004771733074449003,0.004327614310563492,0.9941875762459278,0.21484817564487457,0.004466514430078475,
test/geometry/477.json|64,test/geometry/477.json,64,6,18,C,0.00021612386996426255,0.05660947412252426,0.0004609149182215333,0.0003351993509568274,0.0030400139434871147,0.727247778229799,0.2101249396800995,0.004370452858665097,
test/geometry/477.json|64,test/geometry/477.json,64,6,20,R,0.0004586142724585481,0.20811355113983154,0.001454514334909618,0.0014072814956307411,0.0043688568267943,0.9675267275730641,0.21464477479457855,0.004532847527366342,
test/geometry/477.json|64,test/geometry/477.json,64,6,20,C,0.00021612386996426255,0.2133270502090454,0.0013602680992335081,0.0012203851947560906,0.0037886437119953632,0.8971651945278988,0.3058243691921234,0.006453191744739289,
test/geometry/477.json|64,test/geometry/477.json,64,6,21,R,0.0004586142724585481,0.1833406239748001,0.000998520408757031,0.000994612229987979,0.0030536689236273272,0.9960860291578787,0.19547529518604279,0.0038790701663374053,
test/geometry/477.json|64,test/geometry/477.json,64,6,21,C,0.00021612386996426255,0.1844157874584198,0.001756800338625908,0.0013827388174831867,0.00424529925244599,0.7870779543323781,0.3664577603340149,0.007259584678748857,
test/geometry/477.json|64,test/geometry/477.json,64,6,22,R,0.0004586142724585481,0.07465963810682297,0.00040388430352322757,0.00040280105895362794,0.004057431790853446,0.997317931007796,0.16023437678813934,0.003826165381421608,
test/geometry/477.json|64,test/geometry/477.json,64,6,22,C,0.00021612386996426255,0.07586774975061417,0.0006174641894176602,0.0005310383858159184,0.005349171708659926,0.8600310658610302,0.3203062415122986,0.0076496267067254434,
test/geometry/477.json|64,test/geometry/477.json,64,6,24,R,0.0004586142724585481,0.1775505244731903,0.001314220717176795,0.0013074952876195312,0.002899006817148623,0.9948825715009317,0.1661808043718338,0.0031327401236143425,
test/geometry/477.json|64,test/geometry/477.json,64,6,24,C,0.00021612386996426255,0.17964738607406616,0.0019499437185004354,0.0017127207247540355,0.0037974814165284416,0.878343670961347,0.4523530900478363,0.008587968416511545,
test/geometry/477.json|64,test/geometry/477.json,64,6,25,R,0.0004586142724585481,0.17249368131160736,0.0006575901643373072,0.0006554154679179192,0.001974913865039004,0.9966929289183141,0.13121722638607025,0.002903837861293743,
test/geometry/477.json|64,test/geometry/477.json,64,6,25,C,0.00021612386996426255,0.18226934969425201,0.0010907974792644382,0.0010271781357005239,0.0030951181980861187,0.9416763003995102,0.6818592548370361,0.015123453096516682,
test/geometry/477.json|64,test/geometry/477.json,64,6,26,R,0.0004586142724585481,0.3242998719215393,0.0003354107611812651,0.00033440080005675554,0.0019218629903566273,0.9969888797904352,0.16026939451694489,0.0035967676742626473,
test/geometry/477.json|64,test/geometry/477.json,64,6,26,C,0.00021612386996426255,0.32861149311065674,0.0011006767163053155,0.0007864497601985931,0.004519871626036759,0.7145147597234408,0.4632014036178589,0.010482658613141769,
test/geometry/477.json|64,test/geometry/477.json,64,6,28,R,0.0004586142724585481,0.21049217879772186,0.001348998281173408,0.0013340316945686936,0.003798640614419913,0.9889054064764253,0.16680356860160828,0.003877244098276023,
test/geometry/477.json|64,test/geometry/477.json,64,6,28,C,0.00021612386996426255,0.21372298896312714,0.0014833691529929638,0.001341233728453517,0.0038191483268923397,0.9041806787225932,0.688247561454773,0.01596586202798495,
test/geometry/477.json|64,test/geometry/477.json,64,6,29,R,0.0004586142724585481,0.11281278729438782,0.0006704007973894477,0.0006699676741845906,0.004012115518659744,0.999353932444744,0.1475626677274704,0.0031537295805723993,
test/geometry/477.json|64,test/geometry/477.json,64,6,29,C,0.00021612386996426255,0.11458718776702881,0.0008955265511758626,0.0008334479061886668,0.004991120329027556,0.9306791676512962,0.32850733399391174,0.007022594012543062,
test/geometry/477.json|64,test/geometry/477.json,64,6,30,R,0.0004586142724585481,0.15898685157299042,0.0007645129226148129,0.0007597809308208525,0.0037780008260200598,0.993810447609458,0.17411379516124725,0.0034579990845174774,
test/geometry/477.json|64,test/geometry/477.json,64,6,30,C,0.00021612386996426255,0.16142405569553375,0.0012122534681111574,0.0011127430479973555,0.005533100376631233,0.9179128592745834,0.3569076359272003,0.007109732851497132,
test/geometry/477.json|64,test/geometry/477.json,64,7,0,R,0.0004586142724585481,1.719320297241211,0.04161056503653526,0.04160456359386444,0.0067321842404039324,0.9998557711565462,0.31922271847724915,0.005546739385242108,
test/geometry/477.json|64,test/geometry/477.json,64,7,0,C,0.00021612386996426255,1.96174955368042,0.018571333959698677,0.0006259706569835544,0.00010129056593497004,0.03370628401321391,0.4875929355621338,0.008338418183417127,
test/geometry/477.json|64,test/geometry/477.json,64,7,1,R,0.0004586142724585481,0.0490451380610466,0.0004766863421536982,0.0004766662314068526,0.0062488403602723955,0.999957809265706,0.15683922171592712,0.005580573991649734,
test/geometry/477.json|64,test/geometry/477.json,64,7,1,C,0.00021612386996426255,0.049643658101558685,0.0003514935669954866,0.0001341910392511636,0.0017591730372522325,0.3817738117270092,0.10212872177362442,0.003639011167808134,
test/geometry/477.json|64,test/geometry/477.json,64,7,2,R,0.0004586142724585481,0.05029124766588211,0.00031332563958130777,0.0003132313722744584,0.0057278696857331855,0.9996991363149391,0.16783609986305237,0.006656885236940503,
test/geometry/477.json|64,test/geometry/477.json,64,7,2,C,0.00021612386996426255,0.05157921835780144,0.000401158380554989,0.00011966266902163625,0.0021881977192322374,0.29829283027265735,0.20652905106544495,0.00815494894462,
test/geometry/477.json|64,test/geometry/477.json,64,7,4,R,0.0004586142724585481,0.05485314503312111,0.00029745791107416153,0.00029736434225924313,0.005638051896505375,0.9996854351115896,0.146738663315773,0.005274707718721377,
test/geometry/477.json|64,test/geometry/477.json,64,7,4,C,0.00021612386996426255,0.055782679468393326,0.000312013435177505,0.0001503591047367081,0.0028508207446022284,0.48189945464774325,0.14474020898342133,0.0051946184530260245,
test/geometry/477.json|64,test/geometry/477.json,64,7,5,R,0.0004586142724585481,0.05524589493870735,0.0003358521789778024,0.00033547362545505166,0.00808794790824909,0.9988728537573413,0.219363272190094,0.008577749719149281,
test/geometry/477.json|64,test/geometry/477.json,64,7,5,C,0.00021612386996426255,0.05662316828966141,0.0003475657431408763,0.00016137477359734476,0.003890591282072905,0.4642999959510851,0.20063087344169617,0.007841841664513143,
test/geometry/477.json|64,test/geometry/477.json,64,7,6,R,0.0004586142724585481,0.057927485555410385,0.0005620279698632658,0.0005615667905658484,0.009682071898372774,0.9991794353282648,0.260543555021286,0.007917243918498334,
test/geometry/477.json|64,test/geometry/477.json,64,7,6,C,0.00021612386996426255,0.05851743370294571,0.0004973708419129252,0.00023526303994003683,0.00405621148899133,0.4730133325914007,0.2267182618379593,0.0068703416403705165,
test/geometry/477.json|64,test/geometry/477.json,64,7,8,R,0.0004586142724585481,0.2753632664680481,0.00047147483564913273,0.0004705185128841549,0.006372186690234267,0.9979716334984607,0.31108424067497253,0.00904256441943536,
test/geometry/477.json|64,test/geometry/477.json,64,7,8,C,0.00021612386996426255,0.2788503170013428,0.00204122974537313,0.0015043632593005896,0.020373446050894965,0.7369887010384558,1.7482486963272095,0.04877829237214043,
test/geometry/477.json|64,test/geometry/477.json,64,7,9,R,0.0004586142724585481,0.07681512832641602,0.00033932088990695775,0.0003378202673047781,0.00603629002105242,0.9955775678940112,0.2393372803926468,0.007561634857466035,
test/geometry/477.json|64,test/geometry/477.json,64,7,9,C,0.00021612386996426255,0.078939288854599,0.0005411554011516273,0.000294612895231694,0.005264245670482552,0.5444145878620387,0.33956795930862427,0.01071571710161856,
test/geometry/477.json|64,test/geometry/477.json,64,7,10,R,0.0004586142724585481,0.06830693781375885,0.0003743912966456264,0.00037418369902297854,0.006741583815312862,0.9994455036109189,0.25587061047554016,0.007003531692889042,
test/geometry/477.json|64,test/geometry/477.json,64,7,10,C,0.00021612386996426255,0.06932422518730164,0.0007426028605550528,0.00037197390338405967,0.006701770422710825,0.5009055615610275,0.3392055630683899,0.009322390893759844,
test/geometry/477.json|64,test/geometry/477.json,64,7,12,R,0.0004586142724585481,0.059801630675792694,0.000335796270519495,0.0003345157310832292,0.005544079945285928,0.9961865555252555,0.23105591535568237,0.006106009982350865,
test/geometry/477.json|64,test/geometry/477.json,64,7,12,C,0.00021612386996426255,0.06040250509977341,0.0004779513110406697,0.00034175647306255996,0.005664084024814882,0.7150445337274842,0.3047848045825958,0.008065848952478208,
test/geometry/477.json|64,test/geometry/477.json,64,7,13,R,0.0004586142724585481,0.0650089904665947,0.0006051851669326425,0.0006047765491530299,0.008519757540444262,0.9993248037108899,0.2563369572162628,0.007643323242630544,
test/geometry/477.json|64,test/geometry/477.json,64,7,13,C,0.00021612386996426255,0.06576608121395111,0.0004766559577547014,0.0002921866253018379,0.00411616357747099,0.6129927045603225,0.2568916082382202,0.00768312310799304,
test/geometry/477.json|64,test/geometry/477.json,64,7,14,R,0.0004586142724585481,0.06735611706972122,0.0005578986601904035,0.0005565240862779319,0.006573439384017385,0.9975361566390237,0.2695460021495819,0.006679649960552578,
test/geometry/477.json|64,test/geometry/477.json,64,7,14,C,0.00021612386996426255,0.06845182925462723,0.000658435863442719,0.0003997065650764853,0.004721173695278144,0.6070546679816496,0.36711540818214417,0.009044724508539905,
test/geometry/477.json|64,test/geometry/477.json,64,7,16,R,0.0004586142724585481,0.06410324573516846,0.00046687759459018707,0.0004600727988872677,0.006361076324292308,0.9854248805957002,0.26280900835990906,0.006395950140937025,
test/geometry/477.json|64,test/geometry/477.json,64,7,16,C,0.00021612386996426255,0.06468773633241653,0.0006415339885279536,0.000423735094955191,0.00585866255690478,0.6605029536579645,0.29103654623031616,0.007084526585841286,
test/geometry/477.json|64,test/geometry/477.json,64,7,17,R,0.0004586142724585481,0.05939098447561264,0.0003823992738034576,0.0003814601805061102,0.006843931890356856,0.9975442048162092,0.22270230948925018,0.006659141442131073,
test/geometry/477.json|64,test/geometry/477.json,64,7,17,C,0.00021612386996426255,0.060221318155527115,0.00044459145283326507,0.0003632926382124424,0.0065179806418987005,0.8171381502728747,0.2843497097492218,0.0085062887025698,
test/geometry/477.json|64,test/geometry/477.json,64,7,18,R,0.0004586142724585481,0.053974054753780365,0.0004549779405351728,0.0004535783955361694,0.004597997677834063,0.9969239255989398,0.21604198217391968,0.004690439889996731,
test/geometry/477.json|64,test/geometry/477.json,64,7,18,C,0.00021612386996426255,0.05490589141845703,0.0005158393760211766,0.00036798114888370037,0.0037302845212764165,0.7133638207472358,0.2189977467060089,0.004761457200139424,
test/geometry/477.json|64,test/geometry/477.json,64,7,20,R,0.0004586142724585481,0.20595717430114746,0.001232670503668487,0.0012045202311128378,0.004609550690166252,0.9771631807129026,0.23519523441791534,0.005036300537395456,
test/geometry/477.json|64,test/geometry/477.json,64,7,20,C,0.00021612386996426255,0.21198409795761108,0.001234097289852798,0.0011210328666493297,0.004290054820738323,0.9083828924660086,0.3970310091972351,0.008507567923164124,
test/geometry/477.json|64,test/geometry/477.json,64,7,21,R,0.0004586142724585481,0.18252426385879517,0.0009631547727622092,0.0009568150853738189,0.004087762746665001,0.9934177885412677,0.2204190492630005,0.004603039559405215,
test/geometry/477.json|64,test/geometry/477.json,64,7,21,C,0.00021612386996426255,0.183653324842453,0.001323021948337555,0.0012278319336473942,0.005245617167050162,0.9280510684362999,0.388359934091568,0.00810065384653073,
test/geometry/477.json|64,test/geometry/477.json,64,7,22,R,0.0004586142724585481,0.07305778563022614,0.00042762613156810403,0.00042700194171629846,0.004663693972231642,0.9985403351098845,0.18408367037773132,0.004645589017515308,
test/geometry/477.json|64,test/geometry/477.json,64,7,22,C,0.00021612386996426255,0.07440643757581711,0.0005684611387550831,0.0004976450582034886,0.005435254577358491,0.8754249383131009,0.34141141176223755,0.008619586585033829,
test/geometry/477.json|64,test/geometry/477.json,64,7,24,R,0.0004586142724585481,0.17640620470046997,0.0012895935215055943,0.0012800885597243905,0.003488126039968699,0.9926294893582156,0.18273819983005524,0.0035226398658449137,
test/geometry/477.json|64,test/geometry/477.json,64,7,24,C,0.00021612386996426255,0.17858299612998962,0.0014493827475234866,0.0012546643847599626,0.0034188474529018515,0.8656542835480225,0.3595286011695862,0.006950046238162253,
test/geometry/477.json|64,test/geometry/477.json,64,7,25,R,0.0004586142724585481,0.1703503578901291,0.0006835538661107421,0.0006744028069078922,0.0021000779575767025,0.9866125251525096,0.20230793952941895,0.004745033682144803,
test/geometry/477.json|64,test/geometry/477.json,64,7,25,C,0.00021612386996426255,0.1803649216890335,0.00107170594856143,0.0010451138950884342,0.003254465479311258,0.9751871728584899,0.7240768671035767,0.01699978924670731,
test/geometry/477.json|64,test/geometry/477.json,64,7,26,R,0.0004586142724585481,0.3198474049568176,0.0003792477073147893,0.0003706123970914632,0.0023567585147962356,0.9772304195015505,0.20438116788864136,0.004799732382343718,
test/geometry/477.json|64,test/geometry/477.json,64,7,26,C,0.00021612386996426255,0.3279547691345215,0.0008837749483063817,0.0007177042425610125,0.004563947666174847,0.8120893708565654,0.47228768467903137,0.011180703834228319,
test/geometry/477.json|64,test/geometry/477.json,64,7,28,R,0.0004586142724585481,0.20915484428405762,0.001314254361204803,0.001313661108724773,0.004416054021922586,0.9995486007145262,0.16378895938396454,0.0042438187622997415,
test/geometry/477.json|64,test/geometry/477.json,64,7,28,C,0.00021612386996426255,0.2128657102584839,0.0015143012860789895,0.0013841858599334955,0.004653132754901671,0.9140756015624341,0.7494077086448669,0.01937585874116673,
test/geometry/477.json|64,test/geometry/477.json,64,7,29,R,0.0004586142724585481,0.11195512115955353,0.0007589320885017514,0.0007556698983535171,0.004620136586368427,0.9957016033537651,0.18347124755382538,0.004075605885614222,
test/geometry/477.json|64,test/geometry/477.json,64,7,29,C,0.00021612386996426255,0.11389525979757309,0.0009159943438135087,0.0008242984768003225,0.005039729065628741,0.8998947225685602,0.341350793838501,0.0075865557687319184,
test/geometry/477.json|64,test/geometry/477.json,64,7,30,R,0.0004586142724585481,0.15794119238853455,0.0010245036100968719,0.0010163445258513093,0.00549493497847417,0.9920360600419679,0.21154238283634186,0.004265893200055261,
test/geometry/477.json|64,test/geometry/477.json,64,7,30,C,0.00021612386996426255,0.1604250818490982,0.0012290688464418054,0.0010600807145237923,0.005731397621651462,0.8625071872338588,0.3407500386238098,0.006880463075855373,
test/geometry/477.json|64,test/geometry/477.json,64,8,0,R,0.0004586142724585481,1.6873911619186401,0.03999911993741989,0.03999287262558937,0.006817880017702163,0.9998438137428989,0.3328724801540375,0.005789779128264335,
test/geometry/477.json|64,test/geometry/477.json,64,8,0,C,0.00021612386996426255,1.9535679817199707,0.026590758934617043,0.0007895054877735674,0.00013459282456028073,0.029690972329340433,0.2707388699054718,0.004747054148721291,
test/geometry/477.json|64,test/geometry/477.json,64,8,1,R,0.0004586142724585481,0.04873208701610565,0.0005021592369303107,0.0005021377000957727,0.007876969146287952,0.9999571095522871,0.1753339320421219,0.006474686598076376,
test/geometry/477.json|64,test/geometry/477.json,64,8,1,C,0.00021612386996426255,0.04950007051229477,0.0001778651203494519,0.00013176925131119788,0.002067047200020636,0.740838059263517,0.09288017451763153,0.0034368036324754505,
test/geometry/477.json|64,test/geometry/477.json,64,8,2,R,0.0004586142724585481,0.04949944093823433,0.0003140615008305758,0.0003140372282359749,0.006344313945840337,0.9999227106969195,0.1594989150762558,0.006554911127818879,
test/geometry/477.json|64,test/geometry/477.json,64,8,2,C,0.00021612386996426255,0.05092715099453926,0.0002191016246797517,0.0001033162625390105,0.002087239175241382,0.47154493819238913,0.15527820587158203,0.006383933932630142,
test/geometry/477.json|64,test/geometry/477.json,64,8,4,R,0.0004586142724585481,0.05458952859044075,0.0003369634796399623,0.0003363870200701058,0.009651101270540854,0.9982892491234905,0.24022530019283295,0.009313109417134112,
test/geometry/477.json|64,test/geometry/477.json,64,8,4,C,0.00021612386996426255,0.055660076439380646,0.0004184137796983123,0.00015858106780797243,0.0045497651624200105,0.3790053653187721,0.19566930830478668,0.0076694523580210045,
test/geometry/477.json|64,test/geometry/477.json,64,8,5,R,0.0004586142724585481,0.05466773360967636,0.0003026918275281787,0.00030246219830587506,0.008523036380314248,0.9992413729058357,0.2088242620229721,0.008629139842640432,
test/geometry/477.json|64,test/geometry/477.json,64,8,5,C,0.00021612386996426255,0.05632736533880234,0.00031639193184673786,0.00017587434558663517,0.004955936491220483,0.5558749365200464,0.18499276041984558,0.0076183214953732675,
test/geometry/477.json|64,test/geometry/477.json,64,8,6,R,0.0004586142724585481,0.0573294572532177,0.00045897712698206306,0.00045839863014407456,0.008916432734769551,0.9987395933201902,0.23801009356975555,0.007489099106021575,
test/geometry/477.json|64,test/geometry/477.json,64,8,6,C,0.00021612386996426255,0.057987019419670105,0.0003155711165163666,0.0001838819298427552,0.0035767359471977995,0.5826956892948812,0.16198723018169403,0.0050778793608524135,
test/geometry/477.json|64,test/geometry/477.json,64,8,8,R,0.0004586142724585481,0.27357715368270874,0.0004880675405729562,0.0004848986864089966,0.0093254956487251,0.9935073429514552,0.2665609121322632,0.007974908578646252,
test/geometry/477.json|64,test/geometry/477.json,64,8,8,C,0.00021612386996426255,0.277558833360672,0.0018710752483457327,0.0005242798943072557,0.010082868875731517,0.2802024635249614,0.44378381967544556,0.012910327008223628,
test/geometry/477.json|64,test/geometry/477.json,64,8,9,R,0.0004586142724585481,0.07612159848213196,0.00025734069640748203,0.00025693723000586033,0.00604464082953748,0.9984321663627777,0.19103503227233887,0.006687509851849314,
test/geometry/477.json|64,test/geometry/477.json,64,8,9,C,0.00021612386996426255,0.07852160930633545,0.0005761415231972933,0.00029247140628285706,0.006880608948143793,0.5076381305623503,0.32305383682250977,0.011307942269847047,
test/geometry/477.json|64,test/geometry/477.json,64,8,10,R,0.0004586142724585481,0.06756794452667236,0.0003085193457081914,0.0003081094764638692,0.006020217637744485,0.9986714925702541,0.22072365880012512,0.006021027212030327,
test/geometry/477.json|64,test/geometry/477.json,64,8,10,C,0.00021612386996426255,0.06870704889297485,0.0006473048706538975,0.00033489189809188247,0.006543525161151291,0.5173634754767352,0.29890942573547363,0.008182053488510302,
test/geometry/477.json|64,test/geometry/477.json,64,8,12,R,0.0004586142724585481,0.05953061953186989,0.0003801700659096241,0.00037972835707478225,0.007492811674224614,0.9988381256882414,0.2996337413787842,0.008294051772575889,
test/geometry/477.json|64,test/geometry/477.json,64,8,12,C,0.00021612386996426255,0.0602150559425354,0.0004442288482096046,0.0003370175836607814,0.0066500413735895115,0.758657579894734,0.32164373993873596,0.008908309402892976,
test/geometry/477.json|64,test/geometry/477.json,64,8,13,R,0.0004586142724585481,0.06459865719079971,0.0005834628245793283,0.0005832535098306835,0.011943845442583282,0.9996412526394686,0.3077991008758545,0.010545559335903053,
test/geometry/477.json|64,test/geometry/477.json,64,8,13,C,0.00021612386996426255,0.06540530920028687,0.0004854959261137992,0.0002744131488725543,0.005619423084994117,0.5652223500697513,0.23595288395881653,0.008085902637556182,
test/geometry/477.json|64,test/geometry/477.json,64,8,14,R,0.0004586142724585481,0.06678708642721176,0.00045117526315152645,0.0004490045830607414,0.007369224861026756,0.9951888295674473,0.26095426082611084,0.007228333510884209,
test/geometry/477.json|64,test/geometry/477.json,64,8,14,C,0.00021612386996426255,0.06801281869411469,0.000539391185157001,0.00044888685806654394,0.007367292716040416,0.8322102206836692,0.4283652603626251,0.011893042174932714,
test/geometry/477.json|64,test/geometry/477.json,64,8,16,R,0.0004586142724585481,0.06358081847429276,0.0003873290552292019,0.0003867470077238977,0.00810390394810277,0.9984972764218345,0.2806379497051239,0.007992967953134904,
test/geometry/477.json|64,test/geometry/477.json,64,8,16,C,0.00021612386996426255,0.06425875425338745,0.00044722313759848475,0.0003105843788944185,0.006507990815893774,0.6944729645870581,0.2716025114059448,0.007732598786596526,
test/geometry/477.json|64,test/geometry/477.json,64,8,17,R,0.0004586142724585481,0.05863691493868828,0.00027060945285484195,0.0002692571433726698,0.0076252175832671725,0.9950027226953515,0.20032088458538055,0.0073388243131399305,
test/geometry/477.json|64,test/geometry/477.json,64,8,17,C,0.00021612386996426255,0.05948317050933838,0.0004750133666675538,0.0004192176565993577,0.011872018718898533,0.8825386507706755,0.33067068457603455,0.012148297253398948,
test/geometry/477.json|64,test/geometry/477.json,64,8,18,R,0.0004586142724585481,0.05300760641694069,0.0003718382213264704,0.0003700371889863163,0.005614407131342372,0.9951564061142355,0.25029435753822327,0.00645793682145332,
test/geometry/477.json|64,test/geometry/477.json,64,8,18,C,0.00021612386996426255,0.05409962683916092,0.0004898349870927632,0.00035049382131546736,0.005317884440954845,0.7155344755591287,0.26731958985328674,0.00688920808262659,
test/geometry/477.json|64,test/geometry/477.json,64,8,20,R,0.0004586142724585481,0.2045764923095703,0.0008275629952549934,0.0008226470090448856,0.004752748630392267,0.9940596821844931,0.2626587748527527,0.0062255027112495046,
test/geometry/477.json|64,test/geometry/477.json,64,8,20,C,0.00021612386996426255,0.21082377433776855,0.001096853637136519,0.0010615617502480745,0.006133051113169572,0.9678244328492149,0.44430869817733765,0.010540350503315463,
test/geometry/477.json|64,test/geometry/477.json,64,8,21,R,0.0004586142724585481,0.18216265738010406,0.0008851857273839414,0.0008840120863169432,0.0030277072312664723,0.9986741290224584,0.26662376523017883,0.005774095656723173,
test/geometry/477.json|64,test/geometry/477.json,64,8,21,C,0.00021612386996426255,0.18338437378406525,0.0011273480486124754,0.0010040451306849718,0.0034388157693161564,0.8906256865660176,0.576092541217804,0.012559429548623805,
test/geometry/477.json|64,test/geometry/477.json,64,8,22,R,0.0004586142724585481,0.07177730649709702,0.00025170863955281675,0.0002509166661184281,0.002860031904610937,0.9968536064846671,0.14077800512313843,0.0036991219274111185,
test/geometry/477.json|64,test/geometry/477.json,64,8,22,C,0.00021612386996426255,0.0733385756611824,0.0006262418464757502,0.0005841526435688138,0.006658366794101634,0.932790815438813,0.3625119626522064,0.009529512246404023,
test/geometry/477.json|64,test/geometry/477.json,64,8,24,R,0.0004586142724585481,0.17488829791545868,0.0009978918824344873,0.0009920253651216626,0.0023786799538661166,0.9941210882559405,0.15733030438423157,0.003081359557603729,
test/geometry/477.json|64,test/geometry/477.json,64,8,24,C,0.00021612386996426255,0.17722772061824799,0.0014966303715482354,0.0013317220145836473,0.0031932051050164714,0.8898135698771052,0.3891943395137787,0.007638076455181627,
test/geometry/477.json|64,test/geometry/477.json,64,8,25,R,0.0004586142724585481,0.16590361297130585,0.0006920248852111399,0.0006901384331285954,0.0019255392452035011,0.9972740097644855,0.14496904611587524,0.002966558991772043,
test/geometry/477.json|64,test/geometry/477.json,64,8,25,C,0.00021612386996426255,0.17622153460979462,0.001180346473120153,0.0010524799581617117,0.002936499935300509,0.8916703537800164,0.6615800857543945,0.013610044654146482,
test/geometry/477.json|64,test/geometry/477.json,64,8,26,R,0.0004586142724585481,0.3178147077560425,0.00042090905481018126,0.00042045331792905927,0.0029035655584982363,0.9989172533238926,0.18475505709648132,0.003997657790214828,
test/geometry/477.json|64,test/geometry/477.json,64,8,26,C,0.00021612386996426255,0.3267649710178375,0.0010526038240641356,0.0008283249335363507,0.005720244425963329,0.7869294351898071,0.39751961827278137,0.008569689380235385,
test/geometry/477.json|64,test/geometry/477.json,64,8,28,R,0.0004586142724585481,0.20757757127285004,0.0009416979737579823,0.000940638710744679,0.003011920407502284,0.9988751552602887,0.134542778134346,0.0032796233017159263,
test/geometry/477.json|64,test/geometry/477.json,64,8,28,C,0.00021612386996426255,0.21142055094242096,0.001592873828485608,0.0013920054771006107,0.004457194516814117,0.8738956289778053,0.6980299353599548,0.016974813315117084,
test/geometry/477.json|64,test/geometry/477.json,64,8,29,R,0.0004586142724585481,0.11137937754392624,0.0005829011206515133,0.0005489196628332138,0.0034620818631846077,0.9417028762579474,0.1506994366645813,0.0033831388668270055,
test/geometry/477.json|64,test/geometry/477.json,64,8,29,C,0.00021612386996426255,0.11340197175741196,0.000759168469812721,0.0007406685035675764,0.004671457713134471,0.975631275591122,0.3302191495895386,0.007413155717349905,
test/geometry/477.json|64,test/geometry/477.json,64,8,30,R,0.0004586142724585481,0.15686170756816864,0.000642517814412713,0.0006402923027053475,0.004366186669020706,0.9965362630358569,0.19050759077072144,0.00385918052456796,
test/geometry/477.json|64,test/geometry/477.json,64,8,30,C,0.00021612386996426255,0.1598992943763733,0.0011718355817720294,0.0010483799269422889,0.0071489575022906085,0.894647630056001,0.3995811641216278,0.008110879145296353,
test/geometry/477.json|128,test/geometry/477.json,128,1,0,R,0.0007333794043785985,2.003063440322876,0.050054676830768585,0.05004819855093956,0.008057641085725759,0.9998705759133997,0.40704020857810974,0.007212892935923274,
test/geometry/477.json|128,test/geometry/477.json,128,1,0,C,0.000358217984099674,2.040682077407837,0.019418541342020035,0.0006954723503440619,0.00011196939642922212,0.0358148605530584,0.7204408049583435,0.012681653761157053,
test/geometry/477.json|128,test/geometry/477.json,128,1,1,R,0.0007333794043785985,0.0559396892786026,0.000648349232506007,0.0006482746684923768,0.009420864277736838,0.9998849925167229,0.20608289539813995,0.007514214792091048,
test/geometry/477.json|128,test/geometry/477.json,128,1,1,C,0.000358217984099674,0.05606818199157715,0.00040359218837693334,0.00015945763152558357,0.0023172719491654156,0.3950959303046837,0.14969764649868011,0.005442967171887334,
test/geometry/477.json|128,test/geometry/477.json,128,1,2,R,0.0007333794043785985,0.06042243540287018,0.00039970516809262335,0.0003996659361291677,0.006025254223868473,0.9999018452437212,0.17879751324653625,0.006548776748880895,
test/geometry/477.json|128,test/geometry/477.json,128,1,2,C,0.000358217984099674,0.06095696613192558,0.0005743087967857718,0.0001400908367941156,0.002111971098398077,0.24392946326824713,0.1820332109928131,0.006687564683976915,
test/geometry/477.json|128,test/geometry/477.json,128,1,4,R,0.0007333794043785985,0.06067877262830734,0.00031781583675183356,0.0003176531463395804,0.007418721433904857,0.9994880953277723,0.1940261572599411,0.007202644693278956,
test/geometry/477.json|128,test/geometry/477.json,128,1,4,C,0.000358217984099674,0.06112154573202133,0.0005070167244412005,0.00019353182869963348,0.004519894552474876,0.38170699108835937,0.255035936832428,0.009542193243110073,
test/geometry/477.json|128,test/geometry/477.json,128,1,5,R,0.0007333794043785985,0.058625347912311554,0.00034059895551763475,0.0003404727322049439,0.009134014903312823,0.9996294048755129,0.22372619807720184,0.009617665869166304,
test/geometry/477.json|128,test/geometry/477.json,128,1,5,C,0.000358217984099674,0.05874708667397499,0.00036577851278707385,0.00018518854631111026,0.004968136305583288,0.5062860155282707,0.23837719857692719,0.010253746949161511,
test/geometry/477.json|128,test/geometry/477.json,128,1,6,R,0.0007333794043785985,0.06167051941156387,0.000426069920649752,0.00042501825373619795,0.007133033566286135,0.9975317011126202,0.24231038987636566,0.007787299484112672,
test/geometry/477.json|128,test/geometry/477.json,128,1,6,C,0.000358217984099674,0.061793986707925797,0.0002880643296521157,0.00020735146244987845,0.003479956281104862,0.7198095716345003,0.1911100298166275,0.006137691426783627,
test/geometry/477.json|128,test/geometry/477.json,128,1,8,R,0.0007333794043785985,0.26601728796958923,0.00045745630632154644,0.00045654724817723036,0.0057526663240256735,0.9980127956926887,0.2544991672039032,0.007097242561903495,
test/geometry/477.json|128,test/geometry/477.json,128,1,8,C,0.000358217984099674,0.26585105061531067,0.002256397157907486,0.0018040488939732313,0.022731691759593796,0.7995263098304578,1.6797388792037964,0.04477825787846929,
test/geometry/477.json|128,test/geometry/477.json,128,1,9,R,0.0007333794043785985,0.08324790745973587,0.0003707747091539204,0.00036961209843866527,0.006510902002228831,0.9968643715889562,0.23883655667304993,0.00728119381610852,
test/geometry/477.json|128,test/geometry/477.json,128,1,9,C,0.000358217984099674,0.08381474763154984,0.0006318335654214025,0.0003237656783312559,0.0057032943786329,0.5124224092192656,0.3390195369720459,0.010357026097235465,
test/geometry/477.json|128,test/geometry/477.json,128,1,10,R,0.0007333794043785985,0.07886901497840881,0.00043401026050560176,0.0004335794656071812,0.0069398447474724725,0.9990074061914432,0.27843520045280457,0.006997007581744932,
test/geometry/477.json|128,test/geometry/477.json,128,1,10,C,0.000358217984099674,0.07934635877609253,0.000482407514937222,0.00031394013785757124,0.005024905443067101,0.6507778744857403,0.26525944471359253,0.006664116837603171,
test/geometry/477.json|128,test/geometry/477.json,128,1,12,R,0.0007333794043785985,0.06790874153375626,0.00034778923145495355,0.0003472457465250045,0.006086072175452416,0.998437312374185,0.25069668889045715,0.006765152811113532,
test/geometry/477.json|128,test/geometry/477.json,128,1,12,C,0.000358217984099674,0.0682641789317131,0.00044343870831653476,0.00032851428841240704,0.005757771520467941,0.7408335842370213,0.2822924256324768,0.0076261987814098126,
test/geometry/477.json|128,test/geometry/477.json,128,1,13,R,0.0007333794043785985,0.07007287442684174,0.000581808912102133,0.0005815893528051674,0.008612989522722969,0.9996226247277737,0.2644144296646118,0.00833569680345469,
test/geometry/477.json|128,test/geometry/477.json,128,1,13,C,0.000358217984099674,0.07052232325077057,0.000670180656015873,0.0003603833320084959,0.005337061016990457,0.537740575225167,0.3567676842212677,0.011261815809786068,
test/geometry/477.json|128,test/geometry/477.json,128,1,14,R,0.0007333794043785985,0.07040724158287048,0.0005010641762055457,0.0005008085281588137,0.006233652630664267,0.9994897878188824,0.2634505331516266,0.00647253160565958,
test/geometry/477.json|128,test/geometry/477.json,128,1,14,C,0.000358217984099674,0.07100263237953186,0.0004150788299739361,0.00033877574605867267,0.004216801835199996,0.8161720636626378,0.2979152798652649,0.0073361132972268595,
test/geometry/477.json|128,test/geometry/477.json,128,1,16,R,0.0007333794043785985,0.06725599616765976,0.0004897074541077018,0.0004886644310317934,0.00688399016351414,0.9978701078265614,0.287314772605896,0.007057725181405707,
test/geometry/477.json|128,test/geometry/477.json,128,1,16,C,0.000358217984099674,0.06764166057109833,0.0005071701598353684,0.0003687953867483884,0.005195352175243795,0.7271630218562926,0.272468239068985,0.006696083752898009,
test/geometry/477.json|128,test/geometry/477.json,128,1,17,R,0.0007333794043785985,0.06715245544910431,0.00033559108851477504,0.0003340262046549469,0.005443459302978089,0.9953369296482492,0.22427436709403992,0.006298376688650211,
test/geometry/477.json|128,test/geometry/477.json,128,1,17,C,0.000358217984099674,0.06756332516670227,0.0004262580187059939,0.0003776183002628386,0.006153858053334258,0.8858913681513748,0.3059820234775543,0.00860084160596966,
test/geometry/477.json|128,test/geometry/477.json,128,1,18,R,0.0007333794043785985,0.05983107164502144,0.0005169277428649366,0.000513395993039012,0.0047928597342568775,0.9931678056211133,0.26250678300857544,0.00526132595219582,
test/geometry/477.json|128,test/geometry/477.json,128,1,18,C,0.000358217984099674,0.06029651314020157,0.0006366169545799494,0.0004394049465190619,0.004102108905716522,0.6902187299092121,0.23718558251857758,0.004756086149443705,
test/geometry/477.json|128,test/geometry/477.json,128,1,20,R,0.0007333794043785985,0.22879502177238464,0.0012022024020552635,0.0011707422090694308,0.003764294829236478,0.9738312002156375,0.22508570551872253,0.004575859129748001,
test/geometry/477.json|128,test/geometry/477.json,128,1,20,C,0.000358217984099674,0.23063769936561584,0.00154130591545254,0.0013729953207075596,0.004414600538246108,0.8908000067031709,0.39923468232154846,0.008117335844627382,
test/geometry/477.json|128,test/geometry/477.json,128,1,21,R,0.0007333794043785985,0.1939496397972107,0.001063807518221438,0.0010579739464446902,0.002480270674718466,0.9945163268059836,0.2254144251346588,0.004264689412991435,
test/geometry/477.json|128,test/geometry/477.json,128,1,21,C,0.000358217984099674,0.1946006566286087,0.0012452732771635056,0.0011426336131989956,0.0026787433209379437,0.9175765940180777,0.39659008383750916,0.007513875133732824,
test/geometry/477.json|128,test/geometry/477.json,128,1,22,R,0.0007333794043785985,0.08428798615932465,0.00034586494439281523,0.00034544116351753473,0.00368847867119168,0.9987747186266617,0.17855902016162872,0.004056629432751254,
test/geometry/477.json|128,test/geometry/477.json,128,1,22,C,0.000358217984099674,0.084880031645298,0.0007127842982299626,0.0006003371090628207,0.006410152744262301,0.8422423301290148,0.3920789062976837,0.008924201188049654,
test/geometry/477.json|128,test/geometry/477.json,128,1,24,R,0.0007333794043785985,0.19458946585655212,0.0014123840956017375,0.0014052616897970438,0.0029069232828842083,0.9949571743112723,0.18510541319847107,0.0034155306725879744,
test/geometry/477.json|128,test/geometry/477.json,128,1,24,C,0.000358217984099674,0.19576074182987213,0.0018218334298580885,0.00161366059910506,0.0033380171111679923,0.88573443201392,0.4890417158603668,0.009082391665029886,
test/geometry/477.json|128,test/geometry/477.json,128,1,25,R,0.0007333794043785985,0.19992384314537048,0.0009949123486876488,0.0009924409678205848,0.0026188353135998014,0.9975159803093812,0.17787575721740723,0.0038640394263537658,
test/geometry/477.json|128,test/geometry/477.json,128,1,25,C,0.000358217984099674,0.21019203960895538,0.0012993895215913653,0.0011720447801053524,0.0030927706118386486,0.901996483524009,0.6120551228523254,0.013348862145880446,
test/geometry/477.json|128,test/geometry/477.json,128,1,26,R,0.0007333794043785985,0.3454476594924927,0.0007363824988715351,0.0007263869629241526,0.004529702401721116,0.9864261617445741,0.21327504515647888,0.004448904326909898,
test/geometry/477.json|128,test/geometry/477.json,128,1,26,C,0.000358217984099674,0.35064294934272766,0.0010346637573093176,0.0008169753709807992,0.005094605890476504,0.7896047043493337,0.4351918697357178,0.009092010949428624,
test/geometry/477.json|128,test/geometry/477.json,128,1,28,R,0.0007333794043785985,0.22666257619857788,0.0014271908439695835,0.0014196323463693261,0.003178839462699459,0.9947039328153633,0.18532893061637878,0.00397141359229285,
test/geometry/477.json|128,test/geometry/477.json,128,1,28,C,0.000358217984099674,0.22833575308322906,0.0018939110450446606,0.0017035152995958924,0.003814509914145699,0.8994695411664659,0.6099215745925903,0.013088419404760797,
test/geometry/477.json|128,test/geometry/477.json,128,1,29,R,0.0007333794043785985,0.12324976176023483,0.0007846113294363022,0.0007800438906997442,0.003945072649560749,0.994178723197869,0.1971282958984375,0.003929730291535098,
test/geometry/477.json|128,test/geometry/477.json,128,1,29,C,0.000358217984099674,0.12412650883197784,0.0009151280974037945,0.0008609221549704671,0.004354114540821702,0.9407668243081206,0.33399584889411926,0.006658967207252602,
test/geometry/477.json|128,test/geometry/477.json,128,1,30,R,0.0007333794043785985,0.16706137359142303,0.0010661634150892496,0.001062570372596383,0.004872836500099222,0.9966299317359378,0.2520224452018738,0.004686802299867856,
test/geometry/477.json|128,test/geometry/477.json,128,1,30,C,0.000358217984099674,0.16782307624816895,0.001286085112951696,0.0011262631742283702,0.005164925021095297,0.8757298891111117,0.38715943694114685,0.007200180561335472,
test/geometry/477.json|128,test/geometry/477.json,128,2,0,R,0.0007333794043785985,1.9429048299789429,0.05047634616494179,0.05046994239091873,0.007706133921336995,0.9998731331502878,0.3738555610179901,0.006673392703667047,
test/geometry/477.json|128,test/geometry/477.json,128,2,0,C,0.000358217984099674,2.006474256515503,0.01604769565165043,0.0009914658730849624,0.000151384535715317,0.06178244494069854,1.9541655778884888,0.032757674645365886,
test/geometry/477.json|128,test/geometry/477.json,128,2,1,R,0.0007333794043785985,0.05460616573691368,0.0006486538331955671,0.0006486230413429439,0.007526876437193145,0.9999525280650481,0.17325636744499207,0.006199976519764812,
test/geometry/477.json|128,test/geometry/477.json,128,2,1,C,0.000358217984099674,0.05484839901328087,0.0006405712338164449,0.00024894907255657017,0.0028889027815100434,0.3886360470555727,0.1269354522228241,0.004534054595470883,
test/geometry/477.json|128,test/geometry/477.json,128,2,2,R,0.0007333794043785985,0.05725866183638573,0.00033756447373889387,0.000337549252435565,0.006186115146047208,0.9999549054937116,0.16290420293807983,0.006464521527633445,
test/geometry/477.json|128,test/geometry/477.json,128,2,2,C,0.000358217984099674,0.0578521303832531,0.00034019004669971764,0.00014068835298530757,0.0025783329247366115,0.4135581094644244,0.1737571656703949,0.006892182977317042,
test/geometry/477.json|128,test/geometry/477.json,128,2,4,R,0.0007333794043785985,0.05859427526593208,0.00029414339223876595,0.0002940264530479908,0.006713287852180649,0.9996024381527406,0.16934368014335632,0.006699472459254389,
test/geometry/477.json|128,test/geometry/477.json,128,2,4,C,0.000358217984099674,0.05919333174824715,0.000569281866773963,0.00019321826403029263,0.004411609266062466,0.3394070230724636,0.2269379049539566,0.009071516921826228,
test/geometry/477.json|128,test/geometry/477.json,128,2,5,R,0.0007333794043785985,0.057214993983507156,0.00032470596488565207,0.00032463137176819146,0.009180079027049436,0.9997702717988037,0.22547367215156555,0.009277040244647447,
test/geometry/477.json|128,test/geometry/477.json,128,2,5,C,0.000358217984099674,0.05750201642513275,0.00020441028755158186,0.00014203078171703964,0.004016413427125802,0.6948318635204066,0.15268488228321075,0.006275852401955079,
test/geometry/477.json|128,test/geometry/477.json,128,2,6,R,0.0007333794043785985,0.06067005917429924,0.000543614907655865,0.0005433436017483473,0.008941743605888293,0.9995009207746187,0.24817703664302826,0.007609593077217604,
test/geometry/477.json|128,test/geometry/477.json,128,2,6,C,0.000358217984099674,0.060902900993824005,0.0004484590026549995,0.000219957553781569,0.003619816344141127,0.4904741614927701,0.17982225120067596,0.005515114117171377,
test/geometry/477.json|128,test/geometry/477.json,128,2,8,R,0.0007333794043785985,0.26402848958969116,0.0005135249812155962,0.0005133988452143967,0.006394501060980693,0.9997543702729802,0.24519145488739014,0.007237591219058513,
test/geometry/477.json|128,test/geometry/477.json,128,2,8,C,0.000358217984099674,0.26401546597480774,0.0018577332375571132,0.0015663860831409693,0.01950970003909437,0.8431706181655926,1.5483944416046143,0.04424383691262658,
test/geometry/477.json|128,test/geometry/477.json,128,2,9,R,0.0007333794043785985,0.08169078826904297,0.00034851476084440947,0.0003482601896394044,0.006418678543154889,0.9992695511557164,0.23833632469177246,0.007718216226339162,
test/geometry/477.json|128,test/geometry/477.json,128,2,9,C,0.000358217984099674,0.08241888135671616,0.0005020424141548574,0.0002784858806990087,0.005132689294361048,0.5547058819982539,0.2940666079521179,0.009548482375163368,
test/geometry/477.json|128,test/geometry/477.json,128,2,10,R,0.0007333794043785985,0.07732648402452469,0.0004638674727175385,0.0004635196819435805,0.008053358209044736,0.9992502346172912,0.31656432151794434,0.008319404946978146,
test/geometry/477.json|128,test/geometry/477.json,128,2,10,C,0.000358217984099674,0.07796984910964966,0.00045248112292028964,0.0003068479127250612,0.005331286357702935,0.6781452230902706,0.28960877656936646,0.007613411498590849,
test/geometry/477.json|128,test/geometry/477.json,128,2,12,R,0.0007333794043785985,0.0669783279299736,0.000365940184565261,0.00036491313949227333,0.006121082302574368,0.9971934045139065,0.25759661197662354,0.006833505702507131,
test/geometry/477.json|128,test/geometry/477.json,128,2,12,C,0.000358217984099674,0.06750819832086563,0.0004402804479468614,0.00033547807834111154,0.005627336223334089,0.7619645140808905,0.3008650243282318,0.00799873048885913,
test/geometry/477.json|128,test/geometry/477.json,128,2,13,R,0.0007333794043785985,0.06808799505233765,0.0006434470415115356,0.0006432013469748199,0.009556741030999185,0.9996181573300007,0.291830450296402,0.008717454643209438,
test/geometry/477.json|128,test/geometry/477.json,128,2,13,C,0.000358217984099674,0.06869979947805405,0.0004952650633640587,0.00033842489938251674,0.005028346313409202,0.6833207583843384,0.30859997868537903,0.00926430166862543,
test/geometry/477.json|128,test/geometry/477.json,128,2,14,R,0.0007333794043785985,0.06846413016319275,0.000510946789290756,0.0005106841563247144,0.006520513996174883,0.9994859856818121,0.27739614248275757,0.006727614860701573,
test/geometry/477.json|128,test/geometry/477.json,128,2,14,C,0.000358217984099674,0.0692012831568718,0.00046305390424095094,0.00031647272408008575,0.004040784898483692,0.683446830915741,0.30893605947494507,0.007519452649275711,
test/geometry/477.json|128,test/geometry/477.json,128,2,16,R,0.0007333794043785985,0.06654539704322815,0.00048409149167127907,0.00048341270303353667,0.0060733542716038666,0.9985978071335302,0.2696247100830078,0.006258874236319627,
test/geometry/477.json|128,test/geometry/477.json,128,2,16,C,0.000358217984099674,0.06703626364469528,0.000634587078820914,0.000435304653365165,0.0054689489113010645,0.6859652003756707,0.2983033061027527,0.0068986996736599545,
test/geometry/477.json|128,test/geometry/477.json,128,2,17,R,0.0007333794043785985,0.06414835155010223,0.0003840475983452052,0.00038327573565766215,0.005692546490935115,0.9979901874432777,0.22445963323116302,0.00639677408035479,
test/geometry/477.json|128,test/geometry/477.json,128,2,17,C,0.000358217984099674,0.06466753780841827,0.00042646582005545497,0.0003729599993675947,0.005539333534944898,0.8745366708275957,0.3226856291294098,0.009204350444095644,
test/geometry/477.json|128,test/geometry/477.json,128,2,18,R,0.0007333794043785985,0.057805877178907394,0.000495833286549896,0.0004925502580590546,0.004468106415566168,0.9933787634407039,0.23914435505867004,0.004915515687269869,
test/geometry/477.json|128,test/geometry/477.json,128,2,18,C,0.000358217984099674,0.05828571319580078,0.0005630021332763135,0.00037171816802583635,0.003371993627378448,0.6602429109858441,0.2053760439157486,0.004226266762964139,
test/geometry/477.json|128,test/geometry/477.json,128,2,20,R,0.0007333794043785985,0.22466740012168884,0.0010331444209441543,0.0010228140745311975,0.00318700558733422,0.9900010616197131,0.21136575937271118,0.004420361677967221,
test/geometry/477.json|128,test/geometry/477.json,128,2,20,C,0.000358217984099674,0.22838111221790314,0.0013512150617316365,0.001234944793395698,0.003847987678899843,0.9139513223743342,0.3650331199169159,0.0076376777899211015,
test/geometry/477.json|128,test/geometry/477.json,128,2,21,R,0.0007333794043785985,0.1905834674835205,0.0011736222077161074,0.0011671693064272404,0.002843464999711367,0.9945017210470768,0.20749832689762115,0.003996289647932686,
test/geometry/477.json|128,test/geometry/477.json,128,2,21,C,0.000358217984099674,0.19124463200569153,0.0011637561256065965,0.0010409243404865265,0.0025359062418984094,0.8944522969101474,0.34676873683929443,0.0066770103901987385,
test/geometry/477.json|128,test/geometry/477.json,128,2,22,R,0.0007333794043785985,0.07787024229764938,0.0003541415208019316,0.00035129490424878895,0.003557545225018113,0.9919619209330254,0.16463220119476318,0.003747244420118525,
test/geometry/477.json|128,test/geometry/477.json,128,2,22,C,0.000358217984099674,0.07869981974363327,0.0007276044343598187,0.0005875254282727838,0.005949839455821737,0.8074791737384581,0.37762609124183655,0.0086186605723541,
test/geometry/477.json|128,test/geometry/477.json,128,2,24,R,0.0007333794043785985,0.19012029469013214,0.0013506936375051737,0.0013457806780934334,0.0030721719539445326,0.9963626389643935,0.17220880091190338,0.0031869726234067916,
test/geometry/477.json|128,test/geometry/477.json,128,2,24,C,0.000358217984099674,0.19166193902492523,0.0015383281279355288,0.001361425151117146,0.003107885433889706,0.8850030923241365,0.47628164291381836,0.008882440454129422,
test/geometry/477.json|128,test/geometry/477.json,128,2,25,R,0.0007333794043785985,0.19256271421909332,0.0009509134688414633,0.0009138123132288456,0.0026147554832060397,0.9609836669799164,0.13365331292152405,0.0029755003246599537,
test/geometry/477.json|128,test/geometry/477.json,128,2,25,C,0.000358217984099674,0.20506687462329865,0.0011148412013426423,0.0010131451999768615,0.0028989836628081837,0.9087798314665043,0.597583532333374,0.013357848809926442,
test/geometry/477.json|128,test/geometry/477.json,128,2,26,R,0.0007333794043785985,0.34115612506866455,0.00032127471058629453,0.00032081513199955225,0.0017757170291346582,0.9985695121023591,0.166700541973114,0.003735116504244108,
test/geometry/477.json|128,test/geometry/477.json,128,2,26,C,0.000358217984099674,0.3458111584186554,0.001090234611183405,0.0008028156007640064,0.00444359754680651,0.7363695775134248,0.48910772800445557,0.01105477032090926,
test/geometry/477.json|128,test/geometry/477.json,128,2,28,R,0.0007333794043785985,0.22349219024181366,0.0014831924345344305,0.0014740264741703868,0.0038440884067925496,0.993820113193376,0.17370611429214478,0.0038587662181509205,
test/geometry/477.json|128,test/geometry/477.json,128,2,28,C,0.000358217984099674,0.2258204221725464,0.002170613734051585,0.001864987425506115,0.004863668778565801,0.8591982052770863,0.6749246120452881,0.014999419365319878,
test/geometry/477.json|128,test/geometry/477.json,128,2,29,R,0.0007333794043785985,0.11938444525003433,0.0008223573677241802,0.000808997661806643,0.004648735192172859,0.983754378053104,0.1791597306728363,0.003849993839004201,
test/geometry/477.json|128,test/geometry/477.json,128,2,29,C,0.000358217984099674,0.1203700378537178,0.001032088533975184,0.0010035582818090916,0.005766736941642102,0.9723567773507159,0.343487948179245,0.007382535291691407,
test/geometry/477.json|128,test/geometry/477.json,128,2,30,R,0.0007333794043785985,0.16397054493427277,0.0008028312004171312,0.0007992181344889104,0.0041171548661048715,0.9954995932870533,0.21633058786392212,0.004160796837491767,
test/geometry/477.json|128,test/geometry/477.json,128,2,30,C,0.000358217984099674,0.1651720106601715,0.0012100108433514833,0.0011201008455827832,0.005770175184861657,0.9256948818364614,0.36841651797294617,0.007091799046329838,
test/geometry/477.json|128,test/geometry/477.json,128,3,0,R,0.0007333794043785985,1.8582861423492432,0.047873470932245255,0.047866400331258774,0.007620844266413953,0.999852306468517,0.37019360065460205,0.006410362723137509,
test/geometry/477.json|128,test/geometry/477.json,128,3,0,C,0.000358217984099674,1.9811030626296997,0.014377403073012829,0.0007135990890674293,0.00011361262783084918,0.04963337853115215,0.5287792086601257,0.009273706341102974,
test/geometry/477.json|128,test/geometry/477.json,128,3,1,R,0.0007333794043785985,0.05373796448111534,0.0006265627453103662,0.0006264825933612883,0.0071832205636451416,0.9998720751440301,0.1720452457666397,0.005994919468780507,
test/geometry/477.json|128,test/geometry/477.json,128,3,1,C,0.000358217984099674,0.05424288660287857,0.0007203691639006138,0.0003465362242422998,0.003973368387890229,0.481053661271176,0.17242971062660217,0.00598549032897641,
test/geometry/477.json|128,test/geometry/477.json,128,3,2,R,0.0007333794043785985,0.05514765903353691,0.0002955104282591492,0.0002954853989649564,0.005799975358562336,0.9999152981021497,0.15459562838077545,0.006305467994763399,
test/geometry/477.json|128,test/geometry/477.json,128,3,2,C,0.000358217984099674,0.05574776977300644,0.0005547543987631798,0.00014694288256578147,0.0028842883641053527,0.2648791656785601,0.17174169421195984,0.00700052611516568,
test/geometry/477.json|128,test/geometry/477.json,128,3,4,R,0.0007333794043785985,0.05697447434067726,0.00030837784288451076,0.0003083440533373505,0.007017570579771288,0.9998904248543455,0.17627038061618805,0.006755172354590923,
test/geometry/477.json|128,test/geometry/477.json,128,3,4,C,0.000358217984099674,0.05787283182144165,0.0004251937789376825,0.0001775289565557614,0.004040363253641826,0.4175248202873064,0.18393318355083466,0.007079531542523075,
test/geometry/477.json|128,test/geometry/477.json,128,3,5,R,0.0007333794043785985,0.05568992346525192,0.00035194132942706347,0.0003518342273309827,0.009370219138079193,0.99969567911802,0.24108977615833282,0.009729735483796078,
test/geometry/477.json|128,test/geometry/477.json,128,3,5,C,0.000358217984099674,0.05642722547054291,0.0002307164395460859,0.0001439191837562248,0.003832925239251046,0.6237924935716784,0.15721292793750763,0.006338483600168333,
test/geometry/477.json|128,test/geometry/477.json,128,3,6,R,0.0007333794043785985,0.05982254073023796,0.0005757257458753884,0.0005756588070653379,0.010761905000068678,0.9998837296917608,0.3019525110721588,0.009982319699336816,
test/geometry/477.json|128,test/geometry/477.json,128,3,6,C,0.000358217984099674,0.06015410274267197,0.0003863363235723227,0.00023535758373327553,0.004399995146596852,0.6092038691775054,0.2255529761314392,0.007459145342356387,
test/geometry/477.json|128,test/geometry/477.json,128,3,8,R,0.0007333794043785985,0.2632344663143158,0.0004767295904457569,0.00047642612480558455,0.007341218484772275,0.9993634407311448,0.29991236329078674,0.00836654241761556,
test/geometry/477.json|128,test/geometry/477.json,128,3,8,C,0.000358217984099674,0.2633272707462311,0.0021325352136045694,0.0008524403674528003,0.01313519695265295,0.39973096885570825,0.9871697425842285,0.02545592464088564,
test/geometry/477.json|128,test/geometry/477.json,128,3,9,R,0.0007333794043785985,0.08039024472236633,0.00031841505551710725,0.000318161299219355,0.006530397552424652,0.9992030612480204,0.22121261060237885,0.0078017942160279515,
test/geometry/477.json|128,test/geometry/477.json,128,3,9,C,0.000358217984099674,0.08134587854146957,0.0005893294000998139,0.00028711295453831553,0.005893116919584056,0.4871858658375125,0.324373334646225,0.011511784298028944,
test/geometry/477.json|128,test/geometry/477.json,128,3,10,R,0.0007333794043785985,0.07583534717559814,0.0004115414049010724,0.0004109421279281378,0.007380071223885598,0.998543820951327,0.29050230979919434,0.007718083057619948,
test/geometry/477.json|128,test/geometry/477.json,128,3,10,C,0.000358217984099674,0.07670624554157257,0.00044089407310821116,0.00029987841844558716,0.005385488457444341,0.6801597845290756,0.26990681886672974,0.007163599674241722,
test/geometry/477.json|128,test/geometry/477.json,128,3,12,R,0.0007333794043785985,0.06596194207668304,0.00042763419332914054,0.00042633956763893366,0.006563490483741117,0.9969725837938712,0.27742376923561096,0.006840706885757667,
test/geometry/477.json|128,test/geometry/477.json,128,3,12,C,0.000358217984099674,0.0665522888302803,0.0004991476307623088,0.00032789952820166945,0.00504800772983268,0.6569189300647895,0.2786213159561157,0.006884063735844919,
test/geometry/477.json|128,test/geometry/477.json,128,3,13,R,0.0007333794043785985,0.06645895540714264,0.000602215004619211,0.0006014144164510071,0.00875346081313067,0.9986705924616066,0.27944475412368774,0.008719336889335447,
test/geometry/477.json|128,test/geometry/477.json,128,3,13,C,0.000358217984099674,0.06718011945486069,0.00047830367111600935,0.0003106673830188811,0.004521698663662086,0.6495191258818744,0.3461134433746338,0.010852093360268955,
test/geometry/477.json|128,test/geometry/477.json,128,3,14,R,0.0007333794043785985,0.06726671755313873,0.0005004359991289675,0.0005000052624382079,0.0068178936476538474,0.9991392751707538,0.2607102692127228,0.0067136482879779505,
test/geometry/477.json|128,test/geometry/477.json,128,3,14,C,0.000358217984099674,0.06815455853939056,0.0003960115718655288,0.00030356235220097005,0.0041392681001905015,0.7665491945207592,0.2968360185623169,0.007667899201781907,
test/geometry/477.json|128,test/geometry/477.json,128,3,16,R,0.0007333794043785985,0.06596390157938004,0.000499228248372674,0.0004967625136487186,0.0072971994165816545,0.9950609050528414,0.3111814260482788,0.007433435007315629,
test/geometry/477.json|128,test/geometry/477.json,128,3,16,C,0.000358217984099674,0.06657007336616516,0.0005526361637748778,0.0003842686128336936,0.0056447187948717795,0.6953374341511463,0.2532126307487488,0.006059456813641133,
test/geometry/477.json|128,test/geometry/477.json,128,3,17,R,0.0007333794043785985,0.06271998584270477,0.000394802336813882,0.0003909038205165416,0.00662366875981349,0.9901253945989088,0.2277679741382599,0.006762099431779041,
test/geometry/477.json|128,test/geometry/477.json,128,3,17,C,0.000358217984099674,0.06332197040319443,0.0004616956284735352,0.0004003270878456533,0.006783341288316104,0.8670800897598716,0.29404497146606445,0.008723038640687774,
test/geometry/477.json|128,test/geometry/477.json,128,3,18,R,0.0007333794043785985,0.056519847363233566,0.00047089700819924474,0.00046997476601973176,0.006166689671078867,0.9980415182906317,0.3033955991268158,0.007325291437517515,
test/geometry/477.json|128,test/geometry/477.json,128,3,18,C,0.000358217984099674,0.05736149847507477,0.0004926014808006585,0.00038540459354408085,0.005057017308233202,0.7823861839295947,0.313283771276474,0.0075601580539535595,
test/geometry/477.json|128,test/geometry/477.json,128,3,20,R,0.0007333794043785985,0.22347807884216309,0.0010912470752373338,0.0010805295314639807,0.005577623862947381,0.9901786268144629,0.29489192366600037,0.006453425825649988,
test/geometry/477.json|128,test/geometry/477.json,128,3,20,C,0.000358217984099674,0.22759532928466797,0.0012953258119523525,0.0012221651850268245,0.006308737986303111,0.9435195167162015,0.41543471813201904,0.009092072805557221,
test/geometry/477.json|128,test/geometry/477.json,128,3,21,R,0.0007333794043785985,0.18966442346572876,0.001036055968143046,0.0010346034541726112,0.003980415856783177,0.998598034262921,0.22980259358882904,0.004762566622025279,
test/geometry/477.json|128,test/geometry/477.json,128,3,21,C,0.000358217984099674,0.19027136266231537,0.0014014181215316057,0.0013112712185829878,0.005044835999668263,0.9356745124818486,0.4782438278198242,0.009934318848681397,
test/geometry/477.json|128,test/geometry/477.json,128,3,22,R,0.0007333794043785985,0.0760616734623909,0.000334075273713097,0.00033271891879849136,0.0035283302337680697,0.9959399691708091,0.17405998706817627,0.004061277248694153,
test/geometry/477.json|128,test/geometry/477.json,128,3,22,C,0.000358217984099674,0.07720600068569183,0.0007047670660540462,0.0006132692797109485,0.006503437041870785,0.8701730094660042,0.35522696375846863,0.00830703939175514,
test/geometry/477.json|128,test/geometry/477.json,128,3,24,R,0.0007333794043785985,0.18883368372917175,0.0012346792500466108,0.0012337669031694531,0.003457054706995738,0.9992610648665358,0.20258304476737976,0.003978178885364076,
test/geometry/477.json|128,test/geometry/477.json,128,3,24,C,0.000358217984099674,0.1906086802482605,0.0014220885932445526,0.0013061331119388342,0.0036598271610232755,0.9184611403431466,0.4559761583805084,0.008985603923378674,
test/geometry/477.json|128,test/geometry/477.json,128,3,25,R,0.0007333794043785985,0.18946769833564758,0.0008739370387047529,0.0008659444283694029,0.0025452033833134827,0.9908544769563146,0.17809025943279266,0.00387952882539904,
test/geometry/477.json|128,test/geometry/477.json,128,3,25,C,0.000358217984099674,0.20244477689266205,0.001276301802136004,0.0011252055410295725,0.003307229489707907,0.8816140024756115,0.7079645991325378,0.015475380371121235,
test/geometry/477.json|128,test/geometry/477.json,128,3,26,R,0.0007333794043785985,0.3375842273235321,0.0004672207869589329,0.00046526637743227184,0.002834485675348564,0.9958169444146547,0.19001466035842896,0.004170689018584073,
test/geometry/477.json|128,test/geometry/477.json,128,3,26,C,0.000358217984099674,0.34487485885620117,0.0011415486223995686,0.0008048599702306092,0.00490335035355575,0.7050597352863607,0.41012290120124817,0.008939301947743302,
test/geometry/477.json|128,test/geometry/477.json,128,3,28,R,0.0007333794043785985,0.2214449793100357,0.0011188178323209286,0.0011155013926327229,0.003800266640411619,0.9970357634733424,0.16609717905521393,0.004350287572095694,
test/geometry/477.json|128,test/geometry/477.json,128,3,28,C,0.000358217984099674,0.22415894269943237,0.0018366706790402532,0.001636890578083694,0.005576524331551133,0.8912270424264731,0.7601591944694519,0.019866354809738678,
test/geometry/477.json|128,test/geometry/477.json,128,3,29,R,0.0007333794043785985,0.11874734610319138,0.0008725195075385273,0.0008710779948160052,0.005075418359975505,0.9983478722155604,0.15554654598236084,0.0036029136798662906,
test/geometry/477.json|128,test/geometry/477.json,128,3,29,C,0.000358217984099674,0.11984729021787643,0.0009067630162462592,0.0008587633492425084,0.005003665912304595,0.9470648150720564,0.41687095165252686,0.009709322559984803,
test/geometry/477.json|128,test/geometry/477.json,128,3,30,R,0.0007333794043785985,0.1624820977449417,0.00074428366497159,0.0007429771358147264,0.004431386827853533,0.9982445803709018,0.2135356366634369,0.004277699460638162,
test/geometry/477.json|128,test/geometry/477.json,128,3,30,C,0.000358217984099674,0.16394466161727905,0.0012040091678500175,0.001119739143177867,0.00667853295952267,0.930008817330985,0.38628196716308594,0.007738630120215352,
test/geometry/477.json|128,test/geometry/477.json,128,4,0,R,0.0007333794043785985,1.8095295429229736,0.04235594719648361,0.04234916716814041,0.0070532057359961545,0.999839927335078,0.36061981320381165,0.006232752745963477,
test/geometry/477.json|128,test/geometry/477.json,128,4,0,C,0.000358217984099674,1.973010778427124,0.02692309208214283,0.0007794424309395254,0.00012981525239809928,0.028950702561670184,0.43128693103790283,0.007690256754706708,
test/geometry/477.json|128,test/geometry/477.json,128,4,1,R,0.0007333794043785985,0.05332978814840317,0.0005720616900362074,0.0005718970205634832,0.008750927720853226,0.9997121456036919,0.19025403261184692,0.006953068734741423,
test/geometry/477.json|128,test/geometry/477.json,128,4,1,C,0.000358217984099674,0.0540761761367321,0.0004669531190302223,0.000348402390955016,0.005331106880073974,0.7461185631064348,0.17365849018096924,0.006350798505132755,
test/geometry/477.json|128,test/geometry/477.json,128,4,2,R,0.0007333794043785985,0.05441734567284584,0.0003352000203449279,0.0003338188980706036,0.006396768759551939,0.995879704097921,0.16730721294879913,0.006642257325310228,
test/geometry/477.json|128,test/geometry/477.json,128,4,2,C,0.000358217984099674,0.055111292749643326,0.00035583815770223737,0.0001228893524967134,0.00235485401059074,0.34535181090442374,0.15920020639896393,0.006318881229608549,
test/geometry/477.json|128,test/geometry/477.json,128,4,4,R,0.0007333794043785985,0.05660652369260788,0.0003472549724392593,0.00034709586179815233,0.009596909711445752,0.9995418016924823,0.23630748689174652,0.009124663708576128,
test/geometry/477.json|128,test/geometry/477.json,128,4,4,C,0.000358217984099674,0.057683441787958145,0.00035680143628269434,0.00017314030264969915,0.0047871842762211795,0.4852567410274186,0.17489977180957794,0.006785067687545625,
test/geometry/477.json|128,test/geometry/477.json,128,4,5,R,0.0007333794043785985,0.05522884428501129,0.00036803746479563415,0.0003679164801724255,0.009632044203829088,0.9996712681874735,0.24514278769493103,0.009812142963271882,
test/geometry/477.json|128,test/geometry/477.json,128,4,5,C,0.000358217984099674,0.056117624044418335,0.00026595269446261227,0.00015248700219672173,0.00399210588495483,0.5733613713953067,0.166030615568161,0.006630514640056474,
test/geometry/477.json|128,test/geometry/477.json,128,4,6,R,0.0007333794043785985,0.05938201770186424,0.0005083006108179688,0.0005080875125713646,0.011211934886637482,0.9995807613808647,0.29194238781929016,0.01075747840846613,
test/geometry/477.json|128,test/geometry/477.json,128,4,6,C,0.000358217984099674,0.0598025918006897,0.00034812488593161106,0.0002487688325345516,0.005489566035753449,0.7145965194479822,0.24001196026802063,0.008852524770753824,
test/geometry/477.json|128,test/geometry/477.json,128,4,8,R,0.0007333794043785985,0.26237577199935913,0.0004353666154202074,0.00043452432146295905,0.006530892913495671,0.9980653202944817,0.2641659677028656,0.007835946200907652,
test/geometry/477.json|128,test/geometry/477.json,128,4,8,C,0.000358217984099674,0.2631443440914154,0.002087633591145277,0.0013237677048891783,0.019896205335222274,0.6340996379201098,1.128524661064148,0.03127670672000126,
test/geometry/477.json|128,test/geometry/477.json,128,4,9,R,0.0007333794043785985,0.07995002716779709,0.00030498282285407186,0.0003045990306418389,0.006791497351863986,0.9987415907316256,0.21697714924812317,0.007911884663576018,
test/geometry/477.json|128,test/geometry/477.json,128,4,9,C,0.000358217984099674,0.0811016708612442,0.00045888323802500963,0.0002813911414705217,0.006274042265033175,0.6132085845375267,0.31237325072288513,0.011391996403164984,
test/geometry/477.json|128,test/geometry/477.json,128,4,10,R,0.0007333794043785985,0.07537578791379929,0.0005206052446737885,0.0005174257094040513,0.009466719546243476,0.9938926157656707,0.3401610553264618,0.009057868226133227,
test/geometry/477.json|128,test/geometry/477.json,128,4,10,C,0.000358217984099674,0.07643310725688934,0.0004388744418974966,0.0002742358483374119,0.00501736542764087,0.6248617406994063,0.25440943241119385,0.006769029832859757,
test/geometry/477.json|128,test/geometry/477.json,128,4,12,R,0.0007333794043785985,0.06558994203805923,0.00043689581798389554,0.00043234042823314667,0.00707562598630196,0.9895732791370183,0.27673664689064026,0.007034559941644742,
test/geometry/477.json|128,test/geometry/477.json,128,4,12,C,0.000358217984099674,0.06626138836145401,0.0005358658381737769,0.0003527366789057851,0.005772841604907012,0.6582555802580196,0.29660728573799133,0.007555363330123295,
test/geometry/477.json|128,test/geometry/477.json,128,4,13,R,0.0007333794043785985,0.0660785585641861,0.0005846517160534859,0.0005845123087055981,0.010350664443156845,0.9997615531711934,0.2842288911342621,0.009519701764066133,
test/geometry/477.json|128,test/geometry/477.json,128,4,13,C,0.000358217984099674,0.06683741509914398,0.00042614975245669484,0.00027988821966573596,0.004956318284841723,0.6567837183887473,0.30923399329185486,0.010392239559581268,
test/geometry/477.json|128,test/geometry/477.json,128,4,14,R,0.0007333794043785985,0.06670878082513809,0.0004917317419312894,0.0004915925674140453,0.00723895791942323,0.999716968612979,0.27187350392341614,0.007066777233606692,
test/geometry/477.json|128,test/geometry/477.json,128,4,14,C,0.000358217984099674,0.0677444338798523,0.0005111340433359146,0.00033852181513793766,0.0049849109547791875,0.6622955737134639,0.3117077946662903,0.008137358402031227,
test/geometry/477.json|128,test/geometry/477.json,128,4,16,R,0.0007333794043785985,0.06558548659086227,0.0004759305447805673,0.0004745304468087852,0.00858629399809099,0.9970581863589238,0.3330436944961548,0.008946506267488006,
test/geometry/477.json|128,test/geometry/477.json,128,4,16,C,0.000358217984099674,0.06625232845544815,0.000624218606390059,0.00035566475708037615,0.0064355031159513505,0.5697759612893595,0.27622079849243164,0.00741022326703679,
test/geometry/477.json|128,test/geometry/477.json,128,4,17,R,0.0007333794043785985,0.06232459470629692,0.00034713943023234606,0.0003456904669292271,0.006845364631750333,0.995825987563628,0.2320660799741745,0.007071259937447235,
test/geometry/477.json|128,test/geometry/477.json,128,4,17,C,0.000358217984099674,0.06299081444740295,0.0005075926892459393,0.0004526064149104059,0.008962514853975746,0.8916724444773005,0.3314306139945984,0.010095184322932748,
test/geometry/477.json|128,test/geometry/477.json,128,4,18,R,0.0007333794043785985,0.056126270443201065,0.00047108132275752723,0.0004696553514804691,0.006459805519243608,0.9969729806614195,0.3076736330986023,0.007553100435865021,
test/geometry/477.json|128,test/geometry/477.json,128,4,18,C,0.000358217984099674,0.05707060173153877,0.0005145856994204223,0.00040875503327697515,0.005622161041405731,0.7943381111115557,0.34415099024772644,0.008437170288713542,
test/geometry/477.json|128,test/geometry/477.json,128,4,20,R,0.0007333794043785985,0.2230166494846344,0.0011660130694508553,0.0011633588001132011,0.005044576857843929,0.9977236358623083,0.2805232107639313,0.006008794043070799,
test/geometry/477.json|128,test/geometry/477.json,128,4,20,C,0.000358217984099674,0.22729499638080597,0.001414746162481606,0.0013294062810018659,0.005764594860297456,0.9396783078953728,0.4590049982070923,0.00984976322781394,
test/geometry/477.json|128,test/geometry/477.json,128,4,21,R,0.0007333794043785985,0.18950633704662323,0.0008842034731060266,0.0008812356973066926,0.0028066772147438894,0.9966435589926463,0.22164566814899445,0.0045488200275788215,
test/geometry/477.json|128,test/geometry/477.json,128,4,21,C,0.000358217984099674,0.19002507627010345,0.0012109668459743261,0.0011067537125200033,0.00352493712721448,0.9139422068286134,0.4364648163318634,0.008983093260017458,
test/geometry/477.json|128,test/geometry/477.json,128,4,22,R,0.0007333794043785985,0.07574167102575302,0.0003217142366338521,0.000319740705890581,0.003925252781753841,0.9938655753696632,0.1907968968153,0.004530394434874417,
test/geometry/477.json|128,test/geometry/477.json,128,4,22,C,0.000358217984099674,0.07697416841983795,0.0006924611516296864,0.0006164030637592077,0.007567187399437387,0.890162663159311,0.37768101692199707,0.008992523586456764,
test/geometry/477.json|128,test/geometry/477.json,128,4,24,R,0.0007333794043785985,0.18845270574092865,0.001055769738741219,0.0010536249028518796,0.003236051813037688,0.9979684614849208,0.19782671332359314,0.0037832934935912842,
test/geometry/477.json|128,test/geometry/477.json,128,4,24,C,0.000358217984099674,0.1903637945652008,0.0014833053573966026,0.0013485266827046871,0.00414179866543045,0.9091362577981879,0.4384922385215759,0.008410603330116267,
test/geometry/477.json|128,test/geometry/477.json,128,4,25,R,0.0007333794043785985,0.18858203291893005,0.0007378754089586437,0.0007309535867534578,0.0021750089851279818,0.9906192520962667,0.14820817112922668,0.003120294617249347,
test/geometry/477.json|128,test/geometry/477.json,128,4,25,C,0.000358217984099674,0.20186090469360352,0.0013770533259958029,0.0012340577086433768,0.0036720342482854593,0.8961582565111061,0.7152671813964844,0.01514952440746738,
test/geometry/477.json|128,test/geometry/477.json,128,4,26,R,0.0007333794043785985,0.3335264325141907,0.0004574898339342326,0.0004565518465824425,0.0028553688315620593,0.9979497066816252,0.2056547850370407,0.004384808864367199,
test/geometry/477.json|128,test/geometry/477.json,128,4,26,C,0.000358217984099674,0.34428879618644714,0.0011012285249307752,0.0009001873550005257,0.005629956236680436,0.8174391906890295,0.40836668014526367,0.008705211480132036,
test/geometry/477.json|128,test/geometry/477.json,128,4,28,R,0.0007333794043785985,0.22062236070632935,0.001300152507610619,0.0012927275383844972,0.003748080846179849,0.9942891544053886,0.1616479754447937,0.003990062548607869,
test/geometry/477.json|128,test/geometry/477.json,128,4,28,C,0.000358217984099674,0.22352313995361328,0.0018060277216136456,0.0016185403801500797,0.004692729146305866,0.8961880041396939,0.7357601523399353,0.018125520627292935,
test/geometry/477.json|128,test/geometry/477.json,128,4,29,R,0.0007333794043785985,0.11846940964460373,0.0008303431677632034,0.0008069330360740423,0.0045049068797452475,0.9718066775643732,0.17674720287322998,0.0039802693879686145,
test/geometry/477.json|128,test/geometry/477.json,128,4,29,C,0.000358217984099674,0.11933687329292297,0.0009344340651296079,0.0008230730891227722,0.004595012790357643,0.8808252170556143,0.38284602761268616,0.00867423201555935,
test/geometry/477.json|128,test/geometry/477.json,128,4,30,R,0.0007333794043785985,0.16173051297664642,0.0010080848587676883,0.0009884784230962396,0.0058014463863836265,0.9805508073239321,0.22088274359703064,0.0043992025898383705,
test/geometry/477.json|128,test/geometry/477.json,128,4,30,C,0.000358217984099674,0.16335006058216095,0.0011843113461509347,0.0011012675240635872,0.006463413210283403,0.9298800747901945,0.3537555932998657,0.007051868960260394,
test/geometry/477.json|128,test/geometry/477.json,128,5,0,R,0.0007333794043785985,1.772526741027832,0.03596118092536926,0.03595578670501709,0.006154020868813607,0.9998499987705294,0.3233127295970917,0.0056836656532479055,
test/geometry/477.json|128,test/geometry/477.json,128,5,0,C,0.000358217984099674,1.9667649269104004,0.02712298557162285,0.0007987454300746322,0.00013670945614055783,0.02944902315181934,0.8224214315414429,0.015065010416492474,
test/geometry/477.json|128,test/geometry/477.json,128,5,1,R,0.0007333794043785985,0.05298933759331703,0.0006359824328683317,0.0006358789978548884,0.008373245048248223,0.9998373602666758,0.18527239561080933,0.006440263954696025,
test/geometry/477.json|128,test/geometry/477.json,128,5,1,C,0.000358217984099674,0.05379326269030571,0.0006390303024090827,0.00027865692391060293,0.003669350169082016,0.43606214356976664,0.10650588572025299,0.0036972709032870197,
test/geometry/477.json|128,test/geometry/477.json,128,5,2,R,0.0007333794043785985,0.053767815232276917,0.00033234513830393553,0.00033232709392905235,0.005942819785680517,0.9999457029071617,0.15175940096378326,0.005997672179166279,
test/geometry/477.json|128,test/geometry/477.json,128,5,2,C,0.000358217984099674,0.054420094937086105,0.0003579414915293455,0.00014099596592132002,0.002521352099438635,0.39390785607164724,0.16375815868377686,0.0064702751434894505,
test/geometry/477.json|128,test/geometry/477.json,128,5,4,R,0.0007333794043785985,0.056280914694070816,0.00030125328339636326,0.00030122476164251566,0.005279229015927959,0.9999053196916848,0.14262475073337555,0.005228179485944985,
test/geometry/477.json|128,test/geometry/477.json,128,5,4,C,0.000358217984099674,0.05744672194123268,0.00038128180312924087,0.0001698667329037562,0.0029770639714229337,0.44551492115311503,0.15658995509147644,0.005766467798090192,
test/geometry/477.json|128,test/geometry/477.json,128,5,5,R,0.0007333794043785985,0.05443386733531952,0.0003473581455182284,0.0003472845128271729,0.008270782943896765,0.9997880179526705,0.22475242614746094,0.008940918329104701,
test/geometry/477.json|128,test/geometry/477.json,128,5,5,C,0.000358217984099674,0.05549796298146248,0.0004899384221062064,0.00023040585801936686,0.005487249705341237,0.47027513490082123,0.3778780996799469,0.015165539373887663,
test/geometry/477.json|128,test/geometry/477.json,128,5,6,R,0.0007333794043785985,0.058637604117393494,0.0006290959427133203,0.000629047688562423,0.011111675042405601,0.9999232944491544,0.2631649672985077,0.008461698949182367,
test/geometry/477.json|128,test/geometry/477.json,128,5,6,C,0.000358217984099674,0.05911548063158989,0.00046402402222156525,0.000233132581342943,0.0041181193934597985,0.5024148959452156,0.20736294984817505,0.006662648123386874,
test/geometry/477.json|128,test/geometry/477.json,128,5,8,R,0.0007333794043785985,0.26164868474006653,0.0005003132973797619,0.0005000406526960433,0.006453514733435729,0.9994550500964063,0.24085396528244019,0.007017067776821788,
test/geometry/477.json|128,test/geometry/477.json,128,5,8,C,0.000358217984099674,0.26274576783180237,0.001887966995127499,0.0009569093235768378,0.012349852726912108,0.5068464255676084,1.2561545372009277,0.03473662845749545,
test/geometry/477.json|128,test/geometry/477.json,128,5,9,R,0.0007333794043785985,0.07908923178911209,0.0003877095296047628,0.00038747015059925616,0.0061115488581959835,0.999382579001519,0.2527926564216614,0.008414072855963902,
test/geometry/477.json|128,test/geometry/477.json,128,5,9,C,0.000358217984099674,0.0802903100848198,0.0004979443619959056,0.00030017990502528846,0.004734723830915409,0.6028382432511977,0.31388136744499207,0.010458667810989202,
test/geometry/477.json|128,test/geometry/477.json,128,5,10,R,0.0007333794043785985,0.07439907640218735,0.00041751525714062154,0.0004171896434854716,0.00749068565849754,0.9992201131604147,0.28681471943855286,0.007908207001165379,
test/geometry/477.json|128,test/geometry/477.json,128,5,10,C,0.000358217984099674,0.07554568350315094,0.0004908638657070696,0.00034950251574628055,0.006275355879970797,0.712015162352236,0.3184724748134613,0.00882882416847979,
test/geometry/477.json|128,test/geometry/477.json,128,5,12,R,0.0007333794043785985,0.06503479182720184,0.00032340921461582184,0.00032310752430930734,0.005587426874446797,0.99906715303106,0.22587646543979645,0.006142215158338228,
test/geometry/477.json|128,test/geometry/477.json,128,5,12,C,0.000358217984099674,0.06574664264917374,0.0004554484912659973,0.00034915647120215,0.006037885545229023,0.7666212033439576,0.2944437265396118,0.008025267607925197,
test/geometry/477.json|128,test/geometry/477.json,128,5,13,R,0.0007333794043785985,0.06487973779439926,0.0006420457502827048,0.0006417493568733335,0.007550220015613961,0.9995383593633643,0.22648881375789642,0.006761577806155368,
test/geometry/477.json|128,test/geometry/477.json,128,5,13,C,0.000358217984099674,0.065633624792099,0.00045460156979970634,0.0002944024745374918,0.0034636629271106237,0.6476054933545381,0.2813722491264343,0.008451466544866712,
test/geometry/477.json|128,test/geometry/477.json,128,5,14,R,0.0007333794043785985,0.06504636257886887,0.0005560049321502447,0.0005557205295190215,0.006805341832923098,0.9994884872160903,0.26804882287979126,0.006423139077199508,
test/geometry/477.json|128,test/geometry/477.json,128,5,14,C,0.000358217984099674,0.0661223977804184,0.00040413750684820116,0.00026736402651295066,0.0032741342052310567,0.6615669699566114,0.22813820838928223,0.005475387566218694,
test/geometry/477.json|128,test/geometry/477.json,128,5,16,R,0.0007333794043785985,0.06466880440711975,0.0004062785010319203,0.0004035282472614199,0.005684310474947777,0.9932306170354928,0.2354476898908615,0.005758608495912247,
test/geometry/477.json|128,test/geometry/477.json,128,5,16,C,0.000358217984099674,0.0653878003358841,0.00043522153282538056,0.00030807533767074347,0.004339710741142723,0.7078586736343551,0.24170264601707458,0.00592421432153268,
test/geometry/477.json|128,test/geometry/477.json,128,5,17,R,0.0007333794043785985,0.05948321893811226,0.0003727994626387954,0.00037151153082959354,0.00550667697612269,0.9965452396400181,0.1980544477701187,0.005574938440598286,
test/geometry/477.json|128,test/geometry/477.json,128,5,17,C,0.000358217984099674,0.06023019179701805,0.0004209144681226462,0.00037075948785059154,0.005495529925724879,0.8808428197381818,0.27170538902282715,0.007656667465361017,
test/geometry/477.json|128,test/geometry/477.json,128,5,18,R,0.0007333794043785985,0.054240670055150986,0.0004512073064688593,0.00045028183376416564,0.004238645927018208,0.9979488946890392,0.2147059142589569,0.004671364869817163,
test/geometry/477.json|128,test/geometry/477.json,128,5,18,C,0.000358217984099674,0.05518582463264465,0.0004471047723200172,0.00032896740594878793,0.0030966746841421043,0.7357725204005551,0.205488920211792,0.004469133175704868,
test/geometry/477.json|128,test/geometry/477.json,128,5,20,R,0.0007333794043785985,0.22031016647815704,0.0011346378596499562,0.0011288034729659557,0.0035027719572345594,0.9948579296651899,0.19367381930351257,0.0041238797165116655,
test/geometry/477.json|128,test/geometry/477.json,128,5,20,C,0.000358217984099674,0.2252911478281021,0.0016248850151896477,0.0013186170253902674,0.004091779348209342,0.8115140531496942,0.33838197588920593,0.007209455445371483,
test/geometry/477.json|128,test/geometry/477.json,128,5,21,R,0.0007333794043785985,0.18812143802642822,0.0010711300419643521,0.0010686996392905712,0.0028555891779241107,0.997730991031626,0.1860414296388626,0.0037435345477734787,
test/geometry/477.json|128,test/geometry/477.json,128,5,21,C,0.000358217984099674,0.18870870769023895,0.0014261358883231878,0.001167580601759255,0.003119801306334422,0.8187022081839358,0.3155308663845062,0.0063524203942332755,
test/geometry/477.json|128,test/geometry/477.json,128,5,22,R,0.0007333794043785985,0.0716530978679657,0.00040863497997634113,0.0004073124728165567,0.004067384715347271,0.9967635953323805,0.15053671598434448,0.0036464326495042037,
test/geometry/477.json|128,test/geometry/477.json,128,5,22,C,0.000358217984099674,0.0729948878288269,0.0006952450494281948,0.0005633225082419813,0.0056252865128106275,0.8102502964890385,0.359980970621109,0.008753377532416983,
test/geometry/477.json|128,test/geometry/477.json,128,5,24,R,0.0007333794043785985,0.1865077167749405,0.0015676009934395552,0.0015515265986323357,0.0033937577700675235,0.9897458627136388,0.16743962466716766,0.0031844635538958574,
test/geometry/477.json|128,test/geometry/477.json,128,5,24,C,0.000358217984099674,0.1887938380241394,0.0018687985138967633,0.0017542411806061864,0.0038371689164095734,0.9387000078513519,0.3852635324001312,0.007376532819486697,
test/geometry/477.json|128,test/geometry/477.json,128,5,25,R,0.0007333794043785985,0.18459226191043854,0.0008700765902176499,0.0008552420767955482,0.002279899940573616,0.9829503349798882,0.13877162337303162,0.003074577807741893,
test/geometry/477.json|128,test/geometry/477.json,128,5,25,C,0.000358217984099674,0.19785358011722565,0.0011399948270991445,0.0010421627666801214,0.002778192156686943,0.9141820129288213,0.5554112195968628,0.012364344474363275,
test/geometry/477.json|128,test/geometry/477.json,128,5,26,R,0.0007333794043785985,0.33135077357292175,0.000356095697497949,0.00035574831417761743,0.002001733540397797,0.9990244635871849,0.17417629063129425,0.003983140475064198,
test/geometry/477.json|128,test/geometry/477.json,128,5,26,C,0.000358217984099674,0.3427373468875885,0.0008952848147600889,0.0007431191625073552,0.004181401549412837,0.8300365977685589,0.49661198258399963,0.011452931642117647,
test/geometry/477.json|128,test/geometry/477.json,128,5,28,R,0.0007333794043785985,0.21891255676746368,0.0014936102088540792,0.001481066457927227,0.003620367555527085,0.9916017232313391,0.1630820631980896,0.003555045122916929,
test/geometry/477.json|128,test/geometry/477.json,128,5,28,C,0.000358217984099674,0.2219553142786026,0.002064355881884694,0.0017903423868119717,0.004376371806819669,0.8672644100057879,0.616867184638977,0.013456011112348072,
test/geometry/477.json|128,test/geometry/477.json,128,5,29,R,0.0007333794043785985,0.11763764172792435,0.0006619669147767127,0.0006600330234505236,0.00406632713696693,0.997078566496152,0.16998668015003204,0.003639458893565756,
test/geometry/477.json|128,test/geometry/477.json,128,5,29,C,0.000358217984099674,0.11862941831350327,0.0010133013129234314,0.0009365215664729476,0.0057697159457191765,0.9242281181367484,0.3063250780105591,0.0065580121164459685,
test/geometry/477.json|128,test/geometry/477.json,128,5,30,R,0.0007333794043785985,0.1602410078048706,0.0007507993141189218,0.0007410153630189598,0.004279647486419126,0.9869686187734305,0.19706077873706818,0.0038669027365218506,
test/geometry/477.json|128,test/geometry/477.json,128,5,30,C,0.000358217984099674,0.16193526983261108,0.001280361320823431,0.0011608863715082407,0.006704563346166879,0.9066865358404925,0.3866756558418274,0.007613285469454582,
test/geometry/477.json|128,test/geometry/477.json,128,6,0,R,0.0007333794043785985,1.7506529092788696,0.03754112124443054,0.03753534331917763,0.005874188852831388,0.9998460907383363,0.30050036311149597,0.005204454237520047,
test/geometry/477.json|128,test/geometry/477.json,128,6,0,C,0.000358217984099674,1.9616057872772217,0.013701334595680237,0.0005881664110347629,9.20465958158697e-05,0.042927672985759543,0.4715161919593811,0.008330074397382837,
test/geometry/477.json|128,test/geometry/477.json,128,6,1,R,0.0007333794043785985,0.05275490880012512,0.0006824555457569659,0.0006718673394061625,0.008790836646644604,0.984485132546554,0.18928365409374237,0.00653777840099838,
test/geometry/477.json|128,test/geometry/477.json,128,6,1,C,0.000358217984099674,0.053636785596609116,0.0006155215087346733,0.00021444031153805554,0.0028057767339201216,0.3483880061811198,0.13757312297821045,0.004746221145592711,
test/geometry/477.json|128,test/geometry/477.json,128,6,2,R,0.0007333794043785985,0.05324024707078934,0.00032381704659201205,0.0003225928812753409,0.006808055948049119,0.9962195742139756,0.17080169916152954,0.006883388399341813,
test/geometry/477.json|128,test/geometry/477.json,128,6,2,C,0.000358217984099674,0.05391577258706093,0.0003280242090113461,0.00013587166904471815,0.0028674591979657663,0.4142123199992417,0.14684799313545227,0.005912473507789385,
test/geometry/477.json|128,test/geometry/477.json,128,6,4,R,0.0007333794043785985,0.05601092427968979,0.0002918652317021042,0.0002918457903433591,0.006153178005925602,0.9999333858350818,0.16813455522060394,0.006026336783611111,
test/geometry/477.json|128,test/geometry/477.json,128,6,4,C,0.000358217984099674,0.0572267509996891,0.00043277241638861597,0.00016732345102354884,0.003527791089610616,0.38663150492166803,0.1643306463956833,0.00589572037414121,
test/geometry/477.json|128,test/geometry/477.json,128,6,5,R,0.0007333794043785985,0.053847286850214005,0.00029775171424262226,0.00029770415858365595,0.009282892513072198,0.9998402808228072,0.21988219022750854,0.009840195228580461,
test/geometry/477.json|128,test/geometry/477.json,128,6,5,C,0.000358217984099674,0.05496804416179657,0.00040912849362939596,0.00015516015992034227,0.004838142314518227,0.37924554744321143,0.3070405423641205,0.013832401619713748,
test/geometry/477.json|128,test/geometry/477.json,128,6,6,R,0.0007333794043785985,0.05790213495492935,0.0005454920465126634,0.000545381335541606,0.010210345242726312,0.9997970420071892,0.2649022042751312,0.008980799019876374,
test/geometry/477.json|128,test/geometry/477.json,128,6,6,C,0.000358217984099674,0.05843668058514595,0.00031189274159260094,0.00021339309751056135,0.003995034402550388,0.6841874412874642,0.19500717520713806,0.006608483114906353,
test/geometry/477.json|128,test/geometry/477.json,128,6,8,R,0.0007333794043785985,0.2611903250217438,0.0004666933382395655,0.0004664207808673382,0.006896640569573751,0.9994159797252058,0.27197009325027466,0.007694096003137285,
test/geometry/477.json|128,test/geometry/477.json,128,6,8,C,0.000358217984099674,0.26243269443511963,0.0019543024245649576,0.0006856823456473649,0.010138709244554709,0.3508578491628004,1.0090069770812988,0.026510112937374826,
test/geometry/477.json|128,test/geometry/477.json,128,6,9,R,0.0007333794043785985,0.0783628523349762,0.0003085852658841759,0.0003082143666688353,0.0063570778146483185,0.9987980624639483,0.22115375101566315,0.007806141713456535,
test/geometry/477.json|128,test/geometry/477.json,128,6,9,C,0.000358217984099674,0.07969770580530167,0.00045427156146615744,0.0002510100312065333,0.00517720934907536,0.5525550176283227,0.2787247896194458,0.009848409359532101,
test/geometry/477.json|128,test/geometry/477.json,128,6,10,R,0.0007333794043785985,0.07369678467512131,0.0004582791298162192,0.00045792097807861865,0.008338499117714428,0.9992184834230555,0.30544352531433105,0.008074040610201547,
test/geometry/477.json|128,test/geometry/477.json,128,6,10,C,0.000358217984099674,0.07497905939817429,0.0004022549546789378,0.00027019044500775635,0.004920025277647881,0.6716895371785313,0.22716520726680756,0.006004626057052979,
test/geometry/477.json|128,test/geometry/477.json,128,6,12,R,0.0007333794043785985,0.06401542574167252,0.00037489167880266905,0.00037345310556702316,0.006348581350197254,0.9961626936175187,0.24415814876556396,0.006261889098640559,
test/geometry/477.json|128,test/geometry/477.json,128,6,12,C,0.000358217984099674,0.06479912251234055,0.00045553018571808934,0.00034048143425025046,0.005788073659978221,0.7474398935080053,0.28449204564094543,0.007319778153507666,
test/geometry/477.json|128,test/geometry/477.json,128,6,13,R,0.0007333794043785985,0.06334186345338821,0.0005456556100398302,0.000545478193089366,0.00941669726754499,0.9996748536130213,0.26535671949386597,0.00827782842263186,
test/geometry/477.json|128,test/geometry/477.json,128,6,13,C,0.000358217984099674,0.06417696177959442,0.0005207851645536721,0.00030830223113298416,0.005322282016528505,0.591995032741021,0.289577454328537,0.009131370629764834,
test/geometry/477.json|128,test/geometry/477.json,128,6,14,R,0.0007333794043785985,0.06403876841068268,0.00046222948003560305,0.00046204403042793274,0.006607466246577643,0.999598791043672,0.24061988294124603,0.006064717482780124,
test/geometry/477.json|128,test/geometry/477.json,128,6,14,C,0.000358217984099674,0.06523938477039337,0.0004428489482961595,0.00027386925648897886,0.003916470615474151,0.6184258919982808,0.23743781447410583,0.005985236818419678,
test/geometry/477.json|128,test/geometry/477.json,128,6,16,R,0.0007333794043785985,0.06413790583610535,0.00041841334314085543,0.00041781802428886294,0.006691994492163715,0.9985771967832076,0.27906930446624756,0.007016624503927404,
test/geometry/477.json|128,test/geometry/477.json,128,6,16,C,0.000358217984099674,0.0649215430021286,0.0006509378436021507,0.0003910627856384963,0.006263468437095794,0.6007682436677368,0.2902371287345886,0.007263780350194985,
test/geometry/477.json|128,test/geometry/477.json,128,6,17,R,0.0007333794043785985,0.058233316987752914,0.0002876544604077935,0.00028574149473570287,0.005435470184023217,0.9933497757596788,0.19464509189128876,0.005796169144217172,
test/geometry/477.json|128,test/geometry/477.json,128,6,17,C,0.000358217984099674,0.05907715484499931,0.0003938805602956563,0.0003318455128464848,0.006312476220673973,0.842502894163882,0.2618507146835327,0.007800981844560952,
test/geometry/477.json|128,test/geometry/477.json,128,6,18,R,0.0007333794043785985,0.05289188027381897,0.00041076168417930603,0.00040570186683908105,0.00442710577611661,0.9876818639060353,0.20952172577381134,0.004540310511518143,
test/geometry/477.json|128,test/geometry/477.json,128,6,18,C,0.000358217984099674,0.05403728783130646,0.0005487154121510684,0.00041783417691476643,0.004559496145508252,0.7614770186886135,0.2544049322605133,0.005509751218062789,
test/geometry/477.json|128,test/geometry/477.json,128,6,20,R,0.0007333794043785985,0.21915066242218018,0.0010821812320500612,0.0010504625970497727,0.0038950905893289697,0.9706900886546596,0.1910221129655838,0.004038977293218269,
test/geometry/477.json|128,test/geometry/477.json,128,6,20,C,0.000358217984099674,0.22474120557308197,0.0013577910140156746,0.0011960379779338837,0.004434880675822467,0.8808704467086759,0.342184454202652,0.007247545538643046,
test/geometry/477.json|128,test/geometry/477.json,128,6,21,R,0.0007333794043785985,0.18771018087863922,0.0011206143535673618,0.001103059621527791,0.003367430732205997,0.9843347241019876,0.18296580016613007,0.0035360361160264374,
test/geometry/477.json|128,test/geometry/477.json,128,6,21,C,0.000358217984099674,0.18830496072769165,0.0015129429521039128,0.001117013394832611,0.0034100289418946134,0.7383050316213025,0.3214985728263855,0.006216400747071077,
test/geometry/477.json|128,test/geometry/477.json,128,6,22,R,0.0007333794043785985,0.07031413912773132,0.0002712145505938679,0.0002703030768316239,0.003053714163537234,0.9966392851825706,0.12541788816452026,0.0028794956076000984,
test/geometry/477.json|128,test/geometry/477.json,128,6,22,C,0.000358217984099674,0.07179200649261475,0.0006855239043943584,0.0005482737324200571,0.006194051809589582,0.7997879112686143,0.3357104957103729,0.007734576837489459,
test/geometry/477.json|128,test/geometry/477.json,128,6,24,R,0.0007333794043785985,0.18581147491931915,0.0013137594796717167,0.0013094731839373708,0.002849292119863253,0.9967373809305229,0.15280352532863617,0.0028623866491772725,
test/geometry/477.json|128,test/geometry/477.json,128,6,24,C,0.000358217984099674,0.1882021129131317,0.0015423501608893275,0.001381153822876513,0.003005262537723928,0.895486548388367,0.3762247860431671,0.007088912707902966,
test/geometry/477.json|128,test/geometry/477.json,128,6,25,R,0.0007333794043785985,0.18309661746025085,0.0007374054985120893,0.0007320686127059162,0.0018863994424934748,0.9927626159423759,0.1163804680109024,0.002449719495296265,
test/geometry/477.json|128,test/geometry/477.json,128,6,25,C,0.000358217984099674,0.19691312313079834,0.001037129550240934,0.0009401406277902424,0.0024225608438172646,0.9064833093082312,0.5502784252166748,0.011635039931790707,
test/geometry/477.json|128,test/geometry/477.json,128,6,26,R,0.0007333794043785985,0.3309118449687958,0.000339289108524099,0.0003381461719982326,0.0019004195239717193,0.9966313757389104,0.16398391127586365,0.003677982728095105,
test/geometry/477.json|128,test/geometry/477.json,128,6,26,C,0.000358217984099674,0.3420065939426422,0.0009863898158073425,0.0007718837587162852,0.0043380735515431805,0.7825341924297727,0.5366415977478027,0.012154159040810936,
test/geometry/477.json|128,test/geometry/477.json,128,6,28,R,0.0007333794043785985,0.21816512942314148,0.0017546850722283125,0.0017227535136044025,0.003888117516606321,0.9818021136036899,0.14491808414459229,0.002879980203670034,
test/geometry/477.json|128,test/geometry/477.json,128,6,28,C,0.000358217984099674,0.2214495986700058,0.0018275916809216142,0.0016466353554278612,0.0037163248940396657,0.9009864575967608,0.5390917658805847,0.010721351668218951,
test/geometry/477.json|128,test/geometry/477.json,128,6,29,R,0.0007333794043785985,0.11719542741775513,0.0006697557982988656,0.0006679725483991206,0.0036535891376444185,0.997337461054295,0.16073265671730042,0.003245145662626919,
test/geometry/477.json|128,test/geometry/477.json,128,6,29,C,0.000358217984099674,0.11836060881614685,0.0008956814999692142,0.0008670012466609478,0.004742210356872173,0.9679794053162518,0.28125303983688354,0.005675266277073098,
test/geometry/477.json|128,test/geometry/477.json,128,6,30,R,0.0007333794043785985,0.15945659577846527,0.0008000315865501761,0.0007831061375327408,0.003788711104646497,0.9788440228100697,0.17771312594413757,0.003300584932745327,
test/geometry/477.json|128,test/geometry/477.json,128,6,30,C,0.000358217984099674,0.16150568425655365,0.0013332073576748371,0.001232521957717836,0.005963009870716242,0.9244788139655341,0.3593202829360962,0.006699530913099438,
test/geometry/477.json|128,test/geometry/477.json,128,7,0,R,0.0007333794043785985,1.7162861824035645,0.03425845503807068,0.034253574907779694,0.006089429962099217,0.999857549580522,0.3049685060977936,0.005453038014794088,
test/geometry/477.json|128,test/geometry/477.json,128,7,0,C,0.000358217984099674,1.9405606985092163,0.019693899899721146,0.0006360213737934828,0.00011306871240566191,0.03229534916901823,0.4172573983669281,0.007495046199775394,
test/geometry/477.json|128,test/geometry/477.json,128,7,1,R,0.0007333794043785985,0.0522826686501503,0.0007201319676823914,0.0007190335309132934,0.007957112143136758,0.9984746715645636,0.17364847660064697,0.006122873238772031,
test/geometry/477.json|128,test/geometry/477.json,128,7,1,C,0.000358217984099674,0.05329300835728645,0.0004204233700875193,0.0002143688325304538,0.0023722910922826176,0.5098880016492441,0.11613918840885162,0.004089344280848583,
test/geometry/477.json|128,test/geometry/477.json,128,7,2,R,0.0007333794043785985,0.052468281239271164,0.000322491250699386,0.0003224463143851608,0.00533349153605564,0.9998606557108498,0.14458955824375153,0.005940052890067607,
test/geometry/477.json|128,test/geometry/477.json,128,7,2,C,0.000358217984099674,0.05321289598941803,0.0003295065835118294,0.0001265161990886554,0.00209266797885387,0.38395651266299186,0.14794182777404785,0.006075681602939276,
test/geometry/477.json|128,test/geometry/477.json,128,7,4,R,0.0007333794043785985,0.05550236999988556,0.0003227755078114569,0.0003227566776331514,0.005565537594068907,0.9999416585899753,0.14129288494586945,0.004808136004741389,
test/geometry/477.json|128,test/geometry/477.json,128,7,4,C,0.000358217984099674,0.05687225982546806,0.0003936835564672947,0.00018235816969536245,0.0031445398944734055,0.4632100229649847,0.15148630738258362,0.00516587093412436,
test/geometry/477.json|128,test/geometry/477.json,128,7,5,R,0.0007333794043785985,0.052902162075042725,0.0003142498026136309,0.0003137652238365263,0.008668105585966522,0.9984579790614591,0.21106496453285217,0.009347890948756828,
test/geometry/477.json|128,test/geometry/477.json,128,7,5,C,0.000358217984099674,0.05409473180770874,0.00033779253135435283,0.00014492504124063998,0.004003711896952996,0.42903565756927386,0.2526165246963501,0.011248636786608252,
test/geometry/477.json|128,test/geometry/477.json,128,7,6,R,0.0007333794043785985,0.05717860907316208,0.0005452681216411293,0.0005452103214338422,0.009543594597235054,0.9998939948900605,0.2171921283006668,0.007255416396454492,
test/geometry/477.json|128,test/geometry/477.json,128,7,6,C,0.000358217984099674,0.057753097265958786,0.0003332172054797411,0.00018603025819174945,0.003256353185559521,0.5582852703107927,0.1656823307275772,0.00553326487442192,
test/geometry/477.json|128,test/geometry/477.json,128,7,8,R,0.0007333794043785985,0.2602834105491638,0.00047475684550590813,0.000474420259706676,0.006512172852647629,0.9992910332906006,0.2515627145767212,0.007282286204638381,
test/geometry/477.json|128,test/geometry/477.json,128,7,8,C,0.000358217984099674,0.261782705783844,0.0018844555597752333,0.0005637566209770739,0.007738456542511769,0.29916153647324745,0.8158873319625854,0.02201872906164986,
test/geometry/477.json|128,test/geometry/477.json,128,7,9,R,0.0007333794043785985,0.07775889337062836,0.00033549597719684243,0.00033531643566675484,0.0060036315143752956,0.9994648444638515,0.22930021584033966,0.007874785588515183,
test/geometry/477.json|128,test/geometry/477.json,128,7,9,C,0.000358217984099674,0.07915487885475159,0.0003958658198826015,0.00024563068291172385,0.004397864082904417,0.6204897466623379,0.28748342394828796,0.009872950233903992,
test/geometry/477.json|128,test/geometry/477.json,128,7,10,R,0.0007333794043785985,0.07301099598407745,0.0004367866786196828,0.000436322734458372,0.009140231002443735,0.9989378220926637,0.30508193373680115,0.008891659689216399,
test/geometry/477.json|128,test/geometry/477.json,128,7,10,C,0.000358217984099674,0.0745161697268486,0.0004220253904350102,0.00026621416327543557,0.005576741151203762,0.6308012946098558,0.2465754598379135,0.007198947331143925,
test/geometry/477.json|128,test/geometry/477.json,128,7,12,R,0.0007333794043785985,0.06334982812404633,0.00032656421535648406,0.0003260768426116556,0.005621908889974326,0.9985075714961481,0.22113420069217682,0.005791755176632383,
test/geometry/477.json|128,test/geometry/477.json,128,7,12,C,0.000358217984099674,0.06417691707611084,0.0004356540157459676,0.0003542370395734906,0.0061074204043007636,0.8131155135889595,0.28639331459999084,0.007512506977391306,
test/geometry/477.json|128,test/geometry/477.json,128,7,13,R,0.0007333794043785985,0.0626010075211525,0.000562167027965188,0.0005619681323878467,0.007935148486550414,0.9996461966513628,0.23318980634212494,0.007150599487265084,
test/geometry/477.json|128,test/geometry/477.json,128,7,13,C,0.000358217984099674,0.0635070726275444,0.0005111636128276587,0.00031821499578654766,0.004493285467067311,0.6225306089447818,0.31271418929100037,0.009692273639513537,
test/geometry/477.json|128,test/geometry/477.json,128,7,14,R,0.0007333794043785985,0.06302189081907272,0.00045402144314721227,0.0004535873595159501,0.006360693000135435,0.9990439116106563,0.2235165387392044,0.005516058860693336,
test/geometry/477.json|128,test/geometry/477.json,128,7,14,C,0.000358217984099674,0.0643479973077774,0.0004590214230120182,0.00026263055042363703,0.0036828898968526086,0.5721531429364412,0.23124192655086517,0.005706617346380484,
test/geometry/477.json|128,test/geometry/477.json,128,7,16,R,0.0007333794043785985,0.06344620138406754,0.000358485704055056,0.0003570987319108099,0.005672592318342834,0.9961310224516956,0.22477400302886963,0.00595334583109771,
test/geometry/477.json|128,test/geometry/477.json,128,7,16,C,0.000358217984099674,0.06429728120565414,0.0004728169005829841,0.00032641098368912935,0.005185110652143519,0.6903538824359073,0.26446205377578735,0.007023661891107159,
test/geometry/477.json|128,test/geometry/477.json,128,7,17,R,0.0007333794043785985,0.057058487087488174,0.00024139591550920159,0.00024015719827730209,0.005048853265945129,0.994868520355222,0.15564261376857758,0.005047668150199988,
test/geometry/477.json|128,test/geometry/477.json,128,7,17,C,0.000358217984099674,0.05792417377233505,0.00042559459689073265,0.0003524583007674664,0.007409772664338579,0.8281550153932093,0.27457380294799805,0.008916881670025419,
test/geometry/477.json|128,test/geometry/477.json,128,7,18,R,0.0007333794043785985,0.05170385167002678,0.00038762271287851036,0.00038682486047036946,0.004105648161998194,0.9979416752951403,0.17673403024673462,0.004019431122332684,
test/geometry/477.json|128,test/geometry/477.json,128,7,18,C,0.000358217984099674,0.05290692299604416,0.0004937839694321156,0.00039113545790314674,0.004151399607252969,0.7921185808459112,0.239162877202034,0.005442549206855214,
test/geometry/477.json|128,test/geometry/477.json,128,7,20,R,0.0007333794043785985,0.21816469728946686,0.0009241465013474226,0.0009175894083455205,0.003543752439329468,0.9929047028958651,0.18173088133335114,0.0039126380317746,
test/geometry/477.json|128,test/geometry/477.json,128,7,20,C,0.000358217984099674,0.22402215003967285,0.001392287784256041,0.0012177572352811694,0.004703007830942363,0.8746447740021108,0.34376126527786255,0.007408841689724571,
test/geometry/477.json|128,test/geometry/477.json,128,7,21,R,0.0007333794043785985,0.1871912181377411,0.0009528343216516078,0.0009449111530557275,0.003024565737378747,0.9916846303627779,0.18751171231269836,0.0036532979037381236,
test/geometry/477.json|128,test/geometry/477.json,128,7,21,C,0.000358217984099674,0.18785887956619263,0.0015005365712568164,0.0012120745377615094,0.0038797289101808667,0.8077607438374805,0.30660125613212585,0.005971267940280552,
test/geometry/477.json|128,test/geometry/477.json,128,7,22,R,0.0007333794043785985,0.06886066496372223,0.0002560061984695494,0.00025491873384453356,0.0028832448572799164,0.995752190270122,0.11201077699661255,0.002573327179102133,
test/geometry/477.json|128,test/geometry/477.json,128,7,22,C,0.000358217984099674,0.07045508921146393,0.0005963569274172187,0.0005038153612986207,0.005698376998721395,0.8448218462654387,0.3139745593070984,0.007226882266401605,
test/geometry/477.json|128,test/geometry/477.json,128,7,24,R,0.0007333794043785985,0.1851564645767212,0.0014985677553340793,0.001489036250859499,0.0034167573590241007,0.9936395899122392,0.14689242839813232,0.002731357032325089,
test/geometry/477.json|128,test/geometry/477.json,128,7,24,C,0.000358217984099674,0.18768183887004852,0.001437657861970365,0.0012622433714568615,0.0028963561671619532,0.8779859269499092,0.3374331295490265,0.00630129228899796,
test/geometry/477.json|128,test/geometry/477.json,128,7,25,R,0.0007333794043785985,0.18129326403141022,0.0007117650820873678,0.0007082005613483489,0.0017373052382395789,0.9949919969049937,0.11365683376789093,0.002336079783938143,
test/geometry/477.json|128,test/geometry/477.json,128,7,25,C,0.000358217984099674,0.19540897011756897,0.001155317877419293,0.0010421710321679711,0.0025565768966347717,0.9020643163541021,0.5307357311248779,0.01096239704001462,
test/geometry/477.json|128,test/geometry/477.json,128,7,26,R,0.0007333794043785985,0.3299309313297272,0.0003288279112894088,0.0003268821456003934,0.001701348926034817,0.9940827204251965,0.1601351648569107,0.003371908387740607,
test/geometry/477.json|128,test/geometry/477.json,128,7,26,C,0.000358217984099674,0.3413642346858978,0.0010767857311293483,0.0008681916515342891,0.004518744611203014,0.8062807907172364,0.5603101849555969,0.011865964458690273,
test/geometry/477.json|128,test/geometry/477.json,128,7,28,R,0.0007333794043785985,0.2172180861234665,0.0023782909847795963,0.0023739191237837076,0.00510221844442155,0.9981617632064246,0.15284007787704468,0.0031441462623654046,
test/geometry/477.json|128,test/geometry/477.json,128,7,28,C,0.000358217984099674,0.22068358957767487,0.002222272800281644,0.0019276451785117388,0.004143050487931861,0.8674205873374388,0.521725594997406,0.010746315876798772,
test/geometry/477.json|128,test/geometry/477.json,128,7,29,R,0.0007333794043785985,0.11678630858659744,0.0005970567581243813,0.0005931324558332562,0.003188781398461433,0.9934272525498576,0.15197648108005524,0.003033754131230182,
test/geometry/477.json|128,test/geometry/477.json,128,7,29,C,0.000358217984099674,0.11812382191419601,0.0008244767086580396,0.0007951832376420498,0.004275040914763467,0.9644702249647057,0.2682834267616272,0.005353692998711508,
test/geometry/477.json|128,test/geometry/477.json,128,7,30,R,0.0007333794043785985,0.1588120460510254,0.0007404291536659002,0.000737116439267993,0.003458583688337759,0.9955259522440036,0.17363542318344116,0.0033029017082997457,
test/geometry/477.json|128,test/geometry/477.json,128,7,30,C,0.000358217984099674,0.16117967665195465,0.001298236777074635,0.001155275502242148,0.0054206049339488695,0.8898804299439833,0.39065009355545044,0.007458161837452842,
test/geometry/477.json|128,test/geometry/477.json,128,8,0,R,0.0007333794043785985,1.6658309698104858,0.038026269525289536,0.03802104294300079,0.0065841151717796805,0.9998625533518315,0.32417750358581543,0.00581956697825309,
test/geometry/477.json|128,test/geometry/477.json,128,8,0,C,0.000358217984099674,1.9223967790603638,0.017433544620871544,0.0005726960371248424,9.917394092804371e-05,0.03285023496635085,0.4144662320613861,0.007502091689162534,
test/geometry/477.json|128,test/geometry/477.json,128,8,1,R,0.0007333794043785985,0.05174276605248451,0.0006568809621967375,0.0006566727533936501,0.007003520865917375,0.9996830326729607,0.1547338366508484,0.005276225366331672,
test/geometry/477.json|128,test/geometry/477.json,128,8,1,C,0.000358217984099674,0.052856992930173874,0.0003423089801799506,0.0001654714869800955,0.0017647801066671763,0.48339802949285676,0.13654249906539917,0.004654459118026517,
test/geometry/477.json|128,test/geometry/477.json,128,8,2,R,0.0007333794043785985,0.051834285259246826,0.0003679825458675623,0.00036796097992919385,0.0048862644293731165,0.9999413914095872,0.15198227763175964,0.00562444842567144,
test/geometry/477.json|128,test/geometry/477.json,128,8,2,C,0.000358217984099674,0.052699051797389984,0.00024638825561851263,0.0001440948253730312,0.0019134784884322765,0.5848283004661858,0.1486404836177826,0.005498080993390346,
test/geometry/477.json|128,test/geometry/477.json,128,8,4,R,0.0007333794043785985,0.05512654408812523,0.0003965476935263723,0.00039631460094824433,0.006277955511967091,0.9994121928299031,0.168455109000206,0.005580780930116249,
test/geometry/477.json|128,test/geometry/477.json,128,8,4,C,0.000358217984099674,0.056571803987026215,0.00035530439345166087,0.0001859385083662346,0.002945421845906666,0.5233217243293384,0.11220667511224747,0.0037180597177652185,
test/geometry/477.json|128,test/geometry/477.json,128,8,5,R,0.0007333794043785985,0.052267372608184814,0.0003321058175060898,0.00033199129393324256,0.008058529154814881,0.9996551563794865,0.18835151195526123,0.008172039812003207,
test/geometry/477.json|128,test/geometry/477.json,128,8,5,C,0.000358217984099674,0.05346396565437317,0.0004468123079277575,0.00017538844258524477,0.004257258861357294,0.3925327012725657,0.28264665603637695,0.012361211869854373,
test/geometry/477.json|128,test/geometry/477.json,128,8,6,R,0.0007333794043785985,0.056727904826402664,0.0005611383821815252,0.0005610965308733284,0.00921788834658386,0.9999254153530552,0.20324337482452393,0.006932296105018967,
test/geometry/477.json|128,test/geometry/477.json,128,8,6,C,0.000358217984099674,0.057354673743247986,0.00026424514362588525,0.0001945083640748635,0.003195450842884551,0.736090588723005,0.1922800987958908,0.006558255020962926,
test/geometry/477.json|128,test/geometry/477.json,128,8,8,R,0.0007333794043785985,0.2596505880355835,0.0004112193128094077,0.00041098141809925437,0.00609943314624923,0.9994214870212453,0.2104383409023285,0.006485382863593261,
test/geometry/477.json|128,test/geometry/477.json,128,8,8,C,0.000358217984099674,0.2614116370677948,0.0016225617146119475,0.0006573176360689104,0.009755343673675875,0.4051110227391281,0.9648596048355103,0.02812312388829182,
test/geometry/477.json|128,test/geometry/477.json,128,8,9,R,0.0007333794043785985,0.0767824724316597,0.000344267173204571,0.00034412546665407717,0.006124834493461454,0.9995883791394831,0.2167985439300537,0.007622811209760324,
test/geometry/477.json|128,test/geometry/477.json,128,8,9,C,0.000358217984099674,0.07860713452100754,0.0004576282808557153,0.0002830979065038264,0.005038650116889912,0.6186197788210209,0.29518407583236694,0.010376481200792114,
test/geometry/477.json|128,test/geometry/477.json,128,8,10,R,0.0007333794043785985,0.07233616709709167,0.00042393917101435363,0.0004234719090163708,0.007347397757819789,0.9988978065042619,0.2648119032382965,0.007593485429078502,
test/geometry/477.json|128,test/geometry/477.json,128,8,10,C,0.000358217984099674,0.07397718727588654,0.0005154051468707621,0.0003299005329608917,0.0057238989991345674,0.6400800114701499,0.273893266916275,0.007867520085373553,
test/geometry/477.json|128,test/geometry/477.json,128,8,12,R,0.0007333794043785985,0.0627109482884407,0.0002779595088213682,0.0002775034517981112,0.0047169710699129725,0.9983592645434218,0.18791429698467255,0.005013919827174473,
test/geometry/477.json|128,test/geometry/477.json,128,8,12,C,0.000358217984099674,0.06360464543104172,0.0004287416231818497,0.00032857118640094995,0.005585014422767669,0.766361761650619,0.25539466738700867,0.006832620369174259,
test/geometry/477.json|128,test/geometry/477.json,128,8,13,R,0.0007333794043785985,0.06180164963006973,0.0005513873766176403,0.000551000062841922,0.006716108909504102,0.9992975632170042,0.20752577483654022,0.0062279574250886,
test/geometry/477.json|128,test/geometry/477.json,128,8,13,C,0.000358217984099674,0.06289805471897125,0.0005224055494181812,0.0002803076058626175,0.0034166537103931098,0.5365708799193148,0.25189408659935,0.007593447243867082,
test/geometry/477.json|128,test/geometry/477.json,128,8,14,R,0.0007333794043785985,0.06176871806383133,0.0005174294346943498,0.000517092237714678,0.006298570358865748,0.9993483208406587,0.23345649242401123,0.005566676425399972,
test/geometry/477.json|128,test/geometry/477.json,128,8,14,C,0.000358217984099674,0.06318934261798859,0.00041560790850780904,0.0002663805498741567,0.0032447144111676083,0.6409419642413027,0.24223613739013672,0.005753475446516356,
test/geometry/477.json|128,test/geometry/477.json,128,8,16,R,0.0007333794043785985,0.06258527934551239,0.00040470558451488614,0.00039967161137610674,0.005522665656938278,0.9875613919872765,0.21576790511608124,0.005639821908206987,
test/geometry/477.json|128,test/geometry/477.json,128,8,16,C,0.000358217984099674,0.06348329037427902,0.00039472171920351684,0.00027431576745584607,0.003790497560907413,0.6949599006469926,0.20522180199623108,0.005371656998511902,
test/geometry/477.json|128,test/geometry/477.json,128,8,17,R,0.0007333794043785985,0.055295828729867935,0.00033481509308330715,0.00033444800646975636,0.005366371079741692,0.9989036109182717,0.1611126810312271,0.0050186386631819934,
test/geometry/477.json|128,test/geometry/477.json,128,8,17,C,0.000358217984099674,0.056126728653907776,0.0004198032838758081,0.00035723799373954535,0.005732046838683124,0.8509652177810574,0.2396276891231537,0.007472012118403623,
test/geometry/477.json|128,test/geometry/477.json,128,8,18,R,0.0007333794043785985,0.04994409531354904,0.00042849150486290455,0.00042637731530703604,0.004103387892834049,0.9950659685736105,0.17402145266532898,0.003839348078322937,
test/geometry/477.json|128,test/geometry/477.json,128,8,18,C,0.000358217984099674,0.05124305933713913,0.0005652479012496769,0.00039595511043444276,0.003810609401422932,0.7004981510918452,0.23659977316856384,0.005219578266242352,
test/geometry/477.json|128,test/geometry/477.json,128,8,20,R,0.0007333794043785985,0.2166951298713684,0.0010818586451932788,0.0010801320895552635,0.003246155474520532,0.9984040829695353,0.17919278144836426,0.0039097767455163164,
test/geometry/477.json|128,test/geometry/477.json,128,8,20,C,0.000358217984099674,0.22271127998828888,0.0013246433809399605,0.0011963387951254845,0.003595395199097262,0.9031402801963408,0.30658456683158875,0.006695775950457413,
test/geometry/477.json|128,test/geometry/477.json,128,8,21,R,0.0007333794043785985,0.18656164407730103,0.0014417849015444517,0.001348618185147643,0.003705485662642138,0.9353809869749721,0.17779621481895447,0.003459427584200342,
test/geometry/477.json|128,test/geometry/477.json,128,8,21,C,0.000358217984099674,0.18737834692001343,0.0015154459979385138,0.0012357286177575588,0.0033953084174939605,0.8154224027930513,0.27665024995803833,0.005386374023968997,
test/geometry/477.json|128,test/geometry/477.json,128,8,22,R,0.0007333794043785985,0.06678752601146698,0.00042942981235682964,0.0004290378128644079,0.004280695466575518,0.9990871605085881,0.12642596662044525,0.00294771184098556,
test/geometry/477.json|128,test/geometry/477.json,128,8,22,C,0.000358217984099674,0.06844912469387054,0.0006616796599701047,0.0005427044816315174,0.005414796888647334,0.8201921770360073,0.31411290168762207,0.007334965318052319,
test/geometry/477.json|128,test/geometry/477.json,128,8,24,R,0.0007333794043785985,0.1834397315979004,0.0015451553044840693,0.0015311517054215074,0.0030071533197464323,0.9909370922049969,0.1584022343158722,0.003000113893959415,
test/geometry/477.json|128,test/geometry/477.json,128,8,24,C,0.000358217984099674,0.18636159598827362,0.001578912721015513,0.0014131873613223433,0.002775473553650455,0.8950383017488022,0.31943750381469727,0.006074436319951358,
test/geometry/477.json|128,test/geometry/477.json,128,8,25,R,0.0007333794043785985,0.17923425137996674,0.0007318503921851516,0.0007286699255928397,0.0018495203082647589,0.9956542107213062,0.13549235463142395,0.002751221155737215,
test/geometry/477.json|128,test/geometry/477.json,128,8,25,C,0.000358217984099674,0.1934790164232254,0.001292515778914094,0.0011642519384622574,0.0029551207322995312,0.9007641968902217,0.5450720191001892,0.011124003140544719,
test/geometry/477.json|128,test/geometry/477.json,128,8,26,R,0.0007333794043785985,0.3280399441719055,0.000391163193853572,0.00038955421769060194,0.0022203434195533275,0.9958866857001402,0.1756560504436493,0.0036990393474703666,
test/geometry/477.json|128,test/geometry/477.json,128,8,26,C,0.000358217984099674,0.3400322496891022,0.0013347296044230461,0.0008552469662390649,0.004874653866769486,0.640764213788449,0.4431803226470947,0.009175844916733273,
test/geometry/477.json|128,test/geometry/477.json,128,8,28,R,0.0007333794043785985,0.2159540206193924,0.0017703803023323417,0.0017583552980795503,0.003813727666162034,0.9932076711257141,0.12228640913963318,0.0027252733954875263,
test/geometry/477.json|128,test/geometry/477.json,128,8,28,C,0.000358217984099674,0.2196972519159317,0.0019118814961984754,0.0017790705896914005,0.003858657425704382,0.9305339228913059,0.6785058975219727,0.015124649398125495,
test/geometry/477.json|128,test/geometry/477.json,128,8,29,R,0.0007333794043785985,0.11629269272089005,0.000655517855193466,0.0006495369598269463,0.00333118060896439,0.990876074068752,0.13918855786323547,0.0028193782249357627,
test/geometry/477.json|128,test/geometry/477.json,128,8,29,C,0.000358217984099674,0.11773528903722763,0.0008962912252172828,0.00086528982501477,0.004437679246137663,0.9654114641584172,0.27701133489608765,0.005613917996117405,
test/geometry/477.json|128,test/geometry/477.json,128,8,30,R,0.0007333794043785985,0.15760467946529388,0.0010179264936596155,0.0010121739469468594,0.003964084223574606,0.9943487592248204,0.1712251454591751,0.003261302107089021,
test/geometry/477.json|128,test/geometry/477.json,128,8,30,C,0.000358217984099674,0.16013962030410767,0.001307779923081398,0.0011650779051706195,0.004562918218803631,0.8908822376891783,0.30592238903045654,0.005831822237529135,
test/geometry/477.json|256,test/geometry/477.json,256,1,0,R,0.0007347332020312984,2.2202308177948,0.052681468427181244,0.05267453193664551,0.008140656909260299,0.999868331469439,0.4232163727283478,0.007585671987892303,
test/geometry/477.json|256,test/geometry/477.json,256,1,0,C,0.0005071603297231891,2.2748608589172363,0.024261463433504105,0.0008052628836594522,0.00012445044344233918,0.033191026824631924,1.0460456609725952,0.018285729324060494,
test/geometry/477.json|256,test/geometry/477.json,256,1,1,R,0.0007347332020312984,0.056215569376945496,0.0008933678036555648,0.000893332005944103,0.009758909096977129,0.9999599283617843,0.21145738661289215,0.007567979609383039,
test/geometry/477.json|256,test/geometry/477.json,256,1,1,C,0.0005071603297231891,0.056357719004154205,0.0004209578619338572,0.0002734972513280809,0.002987729977460199,0.6497022039734509,0.14945103228092194,0.005347480681951886,
test/geometry/477.json|256,test/geometry/477.json,256,1,2,R,0.0007347332020312984,0.06567166745662689,0.0004299070860724896,0.00042987821507267654,0.006385790485596752,0.9999328413029669,0.22536695003509521,0.008171756512079133,
test/geometry/477.json|256,test/geometry/477.json,256,1,2,C,0.0005071603297231891,0.06646090745925903,0.00040453783003613353,0.00015056258416734636,0.002236589535713395,0.3721841880194835,0.21125543117523193,0.007641978073283662,
test/geometry/477.json|256,test/geometry/477.json,256,1,4,R,0.0007347332020312984,0.06034059450030327,0.0003556662704795599,0.0003555055591277778,0.007639251756946339,0.999548137215504,0.21720141172409058,0.007509588444323403,
test/geometry/477.json|256,test/geometry/477.json,256,1,4,C,0.0005071603297231891,0.06084985285997391,0.0005602913442999125,0.00023942734696902335,0.0051449147109868575,0.4273265132104848,0.30477389693260193,0.010528108941051944,
test/geometry/477.json|256,test/geometry/477.json,256,1,5,R,0.0007347332020312984,0.059643153101205826,0.000271599245024845,0.0002714857691898942,0.007607239786318501,0.9995821901694807,0.19219021499156952,0.008153774333858634,
test/geometry/477.json|256,test/geometry/477.json,256,1,5,C,0.0005071603297231891,0.059866342693567276,0.00031516567105427384,0.00018429156625643373,0.005163991244521855,0.5847450487078979,0.2265034317970276,0.009577139437444638,
test/geometry/477.json|256,test/geometry/477.json,256,1,6,R,0.0007347332020312984,0.060056865215301514,0.0004674128140322864,0.00046728469897061586,0.007693823919098211,0.9997259038315804,0.22567032277584076,0.007772269347846542,
test/geometry/477.json|256,test/geometry/477.json,256,1,6,C,0.0005071603297231891,0.060208503156900406,0.0003068416262976825,0.00019991857698187232,0.003291651391204506,0.6515366860179022,0.2111312597990036,0.007271383717149497,
test/geometry/477.json|256,test/geometry/477.json,256,1,8,R,0.0007347332020312984,0.2742648422718048,0.0004526879929471761,0.00045240146573632956,0.0056834882439078,0.9993670514467411,0.2544630765914917,0.007396991175714667,
test/geometry/477.json|256,test/geometry/477.json,256,1,8,C,0.0005071603297231891,0.2747410535812378,0.0022960042115300894,0.001961769536137581,0.024645574650707935,0.8544276728376742,1.9740058183670044,0.05516533176914366,
test/geometry/477.json|256,test/geometry/477.json,256,1,9,R,0.0007347332020312984,0.08535699546337128,0.0003312713233754039,0.0003306507715024054,0.007161049784323739,0.998126753427365,0.23805584013462067,0.007955084867468895,
test/geometry/477.json|256,test/geometry/477.json,256,1,9,C,0.0005071603297231891,0.08578935265541077,0.0006095906719565392,0.00033872193307615817,0.007335850495008135,0.5556547173422836,0.38265755772590637,0.012824201987625952,
test/geometry/477.json|256,test/geometry/477.json,256,1,10,R,0.0007347332020312984,0.08054601401090622,0.000470818136818707,0.0004700692370533943,0.008284949894203562,0.9984093629680829,0.3130549490451813,0.008221603307014453,
test/geometry/477.json|256,test/geometry/477.json,256,1,10,C,0.0005071603297231891,0.08077653497457504,0.0006346285808831453,0.00034016260178759694,0.0059953510877633585,0.5360026502087663,0.30667757987976074,0.008051463718916064,
test/geometry/477.json|256,test/geometry/477.json,256,1,12,R,0.0007347332020312984,0.06910670548677444,0.0004268184129614383,0.0004259644774720073,0.006986036217505181,0.9979992979180412,0.28861209750175476,0.007416844136995632,
test/geometry/477.json|256,test/geometry/477.json,256,1,12,C,0.0005071603297231891,0.06941274553537369,0.0004531829326879233,0.0003308839222881943,0.005426666276526315,0.7301332369149891,0.2932572066783905,0.0075337653962798045,
test/geometry/477.json|256,test/geometry/477.json,256,1,13,R,0.0007347332020312984,0.07016386836767197,0.0006603330257348716,0.000659992394503206,0.008751306870667186,0.9994841508483229,0.2898901104927063,0.008831802167334838,
test/geometry/477.json|256,test/geometry/477.json,256,1,13,C,0.0005071603297231891,0.07036320120096207,0.0004639259714167565,0.00032517206273041666,0.004311686817033303,0.7009136846477444,0.3040846586227417,0.009266069282357011,
test/geometry/477.json|256,test/geometry/477.json,256,1,14,R,0.0007347332020312984,0.06905972957611084,0.0006068171351216733,0.0006039258441887796,0.006752412059724721,0.9952353159448121,0.2904379963874817,0.006642978939670509,
test/geometry/477.json|256,test/geometry/477.json,256,1,14,C,0.0005071603297231891,0.06943027675151825,0.0006051033269613981,0.0003110721299890429,0.0034780548343708293,0.5140810099938623,0.2689155638217926,0.006134401200549644,
test/geometry/477.json|256,test/geometry/477.json,256,1,16,R,0.0007347332020312984,0.06948983669281006,0.0006304592243395746,0.0006270153680816293,0.007774554806323079,0.9945375416529271,0.32371842861175537,0.007658916682432941,
test/geometry/477.json|256,test/geometry/477.json,256,1,16,C,0.0005071603297231891,0.06960058957338333,0.0006844853051006794,0.0004195835499558598,0.005202544420791213,0.6129913180256702,0.2931312918663025,0.006908885450407171,
test/geometry/477.json|256,test/geometry/477.json,256,1,17,R,0.0007347332020312984,0.06801681220531464,0.0004091691807843745,0.00040872939280234277,0.006045106448891457,0.9989251659176437,0.24700194597244263,0.006575991060952223,
test/geometry/477.json|256,test/geometry/477.json,256,1,17,C,0.0005071603297231891,0.06828245520591736,0.0005470247706398368,0.0004703143786173314,0.006955948197640148,0.8597679721294015,0.36095502972602844,0.00960870589711484,
test/geometry/477.json|256,test/geometry/477.json,256,1,18,R,0.0007347332020312984,0.057231467217206955,0.0005301781930029392,0.0005245701759122312,0.004711303984904611,0.9894223901432715,0.24768716096878052,0.0050505577723600125,
test/geometry/477.json|256,test/geometry/477.json,256,1,18,C,0.0005071603297231891,0.05751361697912216,0.00043970378465019166,0.00035298382863402367,0.0031702414563663838,0.8027764148358767,0.20379087328910828,0.004149390648144592,
test/geometry/477.json|256,test/geometry/477.json,256,1,20,R,0.0007347332020312984,0.2605020999908447,0.001157923717983067,0.0011458374792709947,0.0036335832826426395,0.9895621451448572,0.23599235713481903,0.004804288089820927,
test/geometry/477.json|256,test/geometry/477.json,256,1,20,C,0.0005071603297231891,0.2621322572231293,0.001358758774586022,0.0012152388226240873,0.0038536629759349014,0.8943742218702245,0.3612154424190521,0.007349742050890062,
test/geometry/477.json|256,test/geometry/477.json,256,1,21,R,0.0007347332020312984,0.20248158276081085,0.0013057590695098042,0.001300083240494132,0.003151207469833134,0.995653233323161,0.24480929970741272,0.004554277248438787,
test/geometry/477.json|256,test/geometry/477.json,256,1,21,C,0.0005071603297231891,0.20289210975170135,0.0017476340290158987,0.0015350213507190347,0.003720662336129085,0.8783425616317795,0.38695061206817627,0.0072036203190541295,
test/geometry/477.json|256,test/geometry/477.json,256,1,22,R,0.0007347332020312984,0.09269902855157852,0.00040481111500412226,0.0004019890620838851,0.003754250078906112,0.9930287143591965,0.1867193877696991,0.0040793230620900026,
test/geometry/477.json|256,test/geometry/477.json,256,1,22,C,0.0005071603297231891,0.09333574026823044,0.0007508868002332747,0.0006444694590754807,0.006018819280913205,0.858277783038653,0.4051313102245331,0.008871118249345611,
test/geometry/477.json|256,test/geometry/477.json,256,1,24,R,0.0007347332020312984,0.203033447265625,0.0018554329872131348,0.001724264002405107,0.0034065602587906277,0.9293054577334268,0.2046428769826889,0.0038104468918704554,
test/geometry/477.json|256,test/geometry/477.json,256,1,24,C,0.0005071603297231891,0.20419810712337494,0.0019301414722576737,0.0016722755972296,0.0033038488209007483,0.8664005309450968,0.443624347448349,0.00827469469842433,
test/geometry/477.json|256,test/geometry/477.json,256,1,25,R,0.0007347332020312984,0.21828770637512207,0.001330381608568132,0.0012985855573788285,0.0033417860321577,0.97610005132315,0.212839737534523,0.004489197783139363,
test/geometry/477.json|256,test/geometry/477.json,256,1,25,C,0.0005071603297231891,0.2260025590658188,0.001305318670347333,0.001167038455605507,0.0030032621168261274,0.894064017640156,0.6556745767593384,0.013880580434218538,
test/geometry/477.json|256,test/geometry/477.json,256,1,26,R,0.0007347332020312984,0.37035703659057617,0.000820755900349468,0.0008172659436240792,0.004682268060082233,0.9957478737348697,0.22283804416656494,0.004676069592582683,
test/geometry/477.json|256,test/geometry/477.json,256,1,26,C,0.0005071603297231891,0.3743981122970581,0.00107729306910187,0.00089261494576931,0.005113956458278796,0.8285720669166685,0.5328890085220337,0.01114433357902172,
test/geometry/477.json|256,test/geometry/477.json,256,1,28,R,0.0007347332020312984,0.24748685956001282,0.0020672925747931004,0.001960205379873514,0.00404890668691097,0.9481993031980473,0.20290632545948029,0.0044749167740535285,
test/geometry/477.json|256,test/geometry/477.json,256,1,28,C,0.0005071603297231891,0.24876566231250763,0.002164623234421015,0.0017643262399360538,0.0036443080832838696,0.815073131926765,0.6491076350212097,0.014363714536854399,
test/geometry/477.json|256,test/geometry/477.json,256,1,29,R,0.0007347332020312984,0.13308003544807434,0.0007139283698052168,0.000711996341124177,0.003907497447046983,0.9972938045887423,0.195006862282753,0.00402025647578968,
test/geometry/477.json|256,test/geometry/477.json,256,1,29,C,0.0005071603297231891,0.13368569314479828,0.000988406827673316,0.0009504149202257395,0.005215959212028784,0.9615624787835886,0.3519746959209442,0.0072587968327849466,
test/geometry/477.json|256,test/geometry/477.json,256,1,30,R,0.0007347332020312984,0.17960460484027863,0.0009978796588256955,0.0009945278288796544,0.004847984312220468,0.9966410469308227,0.25549453496932983,0.004855015769303519,
test/geometry/477.json|256,test/geometry/477.json,256,1,30,C,0.0005071603297231891,0.18009234964847565,0.001262286095879972,0.0011433816980570555,0.005573596207262455,0.905802338220459,0.4172001779079437,0.007941582691448047,
test/geometry/477.json|256,test/geometry/477.json,256,2,0,R,0.0007347332020312984,2.17543625831604,0.0519709512591362,0.05196423456072807,0.007291858027905413,0.9998707605066818,0.3627106845378876,0.006391407544023078,
test/geometry/477.json|256,test/geometry/477.json,256,2,0,C,0.0005071603297231891,2.264702081680298,0.025399858132004738,0.0007757903658784926,0.0001088624369284562,0.030543098383310482,1.8502581119537354,0.031151105394800878,
test/geometry/477.json|256,test/geometry/477.json,256,2,1,R,0.0007347332020312984,0.054415442049503326,0.0006127918604761362,0.00061274558538571,0.0075265771409596905,0.9999244831837114,0.17675623297691345,0.0062371560749476035,
test/geometry/477.json|256,test/geometry/477.json,256,2,1,C,0.0005071603297231891,0.05453139543533325,0.0004017833562102169,0.00027540800510905683,0.0033829368095509072,0.6854639451005452,0.1117541715502739,0.00394187300234808,
test/geometry/477.json|256,test/geometry/477.json,256,2,2,R,0.0007347332020312984,0.06153568997979164,0.000332903116941452,0.00033286050893366337,0.00588759085566183,0.9998720077839699,0.17595545947551727,0.006786596956706071,
test/geometry/477.json|256,test/geometry/477.json,256,2,2,C,0.0005071603297231891,0.06248428672552109,0.00037789749330841005,0.00011321142665110528,0.0020024681282942896,0.2995823691773703,0.1771921068429947,0.006812527556003211,
test/geometry/477.json|256,test/geometry/477.json,256,2,4,R,0.0007347332020312984,0.05692734941840172,0.00029821530915796757,0.00029811562853865325,0.005409774588190109,0.9996657394308109,0.15454530715942383,0.006229885565342764,
test/geometry/477.json|256,test/geometry/477.json,256,2,4,C,0.0005071603297231891,0.057520803064107895,0.0005907360464334488,0.0002025772409979254,0.0036760810423400792,0.34292344589103035,0.257377028465271,0.010328191265249722,
test/geometry/477.json|256,test/geometry/477.json,256,2,5,R,0.0007347332020312984,0.05740118771791458,0.00028828930226154625,0.0002882172411773354,0.008151166551896436,0.9997500355254406,0.21531851589679718,0.008943702524304563,
test/geometry/477.json|256,test/geometry/477.json,256,2,5,C,0.0005071603297231891,0.05769326537847519,0.00030202307971194386,0.00017442881653551012,0.004933078705573761,0.57753472391692,0.2235022932291031,0.009255790491935418,
test/geometry/477.json|256,test/geometry/477.json,256,2,6,R,0.0007347332020312984,0.058935053646564484,0.00046277313958853483,0.0004626456939149648,0.008597468358115397,0.9997246022675215,0.22292813658714294,0.007289295876513068,
test/geometry/477.json|256,test/geometry/477.json,256,2,6,C,0.0005071603297231891,0.05915813893079758,0.00048446503933519125,0.00021957723947707564,0.004080462421667904,0.45323650046070346,0.2424764484167099,0.007948256946043616,
test/geometry/477.json|256,test/geometry/477.json,256,2,8,R,0.0007347332020312984,0.27326637506484985,0.000553089426830411,0.0005527566536329687,0.006821544071068657,0.9993983356385103,0.28532183170318604,0.008349171811789348,
test/geometry/477.json|256,test/geometry/477.json,256,2,8,C,0.0005071603297231891,0.2737722396850586,0.002223849995061755,0.0011716134613379836,0.014458827059332317,0.5268401481272609,1.7177889347076416,0.047006905236329485,
test/geometry/477.json|256,test/geometry/477.json,256,2,9,R,0.0007347332020312984,0.0836842805147171,0.00037271532346494496,0.0003723522531799972,0.006722107353064702,0.999025875081823,0.25719600915908813,0.008199985041072938,
test/geometry/477.json|256,test/geometry/477.json,256,2,9,C,0.0005071603297231891,0.08429793268442154,0.0005949948681518435,0.00034783832961693406,0.006279555375929022,0.5846072758791558,0.422204852104187,0.013480339880802463,
test/geometry/477.json|256,test/geometry/477.json,256,2,10,R,0.0007347332020312984,0.07792579382658005,0.00040801873547025025,0.0004066445108037442,0.008118441540639933,0.9966319545068092,0.2871657609939575,0.008431853862468166,
test/geometry/477.json|256,test/geometry/477.json,256,2,10,C,0.0005071603297231891,0.07839182019233704,0.0005632021347992122,0.0003071396495215595,0.006131879868548958,0.5453453209755905,0.29809752106666565,0.008757353402390465,
test/geometry/477.json|256,test/geometry/477.json,256,2,12,R,0.0007347332020312984,0.06791362166404724,0.00038929376751184464,0.00038860400673002005,0.006079739117755723,0.9982281715310745,0.2618924677371979,0.006759954971668537,
test/geometry/477.json|256,test/geometry/477.json,256,2,12,C,0.0005071603297231891,0.06828995794057846,0.00043622995144687593,0.00030321787926368415,0.004743866686488133,0.6950872528648981,0.26825428009033203,0.0069005054330556394,
test/geometry/477.json|256,test/geometry/477.json,256,2,13,R,0.0007347332020312984,0.06696069240570068,0.0006702367099933326,0.0006697852513752878,0.008936753417281973,0.999326417651197,0.2862789034843445,0.00876717154491968,
test/geometry/477.json|256,test/geometry/477.json,256,2,13,C,0.0005071603297231891,0.06735298782587051,0.0005052131600677967,0.0002947899920400232,0.003933298715274464,0.5834962640659792,0.2737196385860443,0.00838870891175295,
test/geometry/477.json|256,test/geometry/477.json,256,2,14,R,0.0007347332020312984,0.06576159596443176,0.0005326112732291222,0.0005192900425754488,0.007166095249029534,0.9749888290048798,0.2746145725250244,0.00692175779013973,
test/geometry/477.json|256,test/geometry/477.json,256,2,14,C,0.0005071603297231891,0.06620709598064423,0.000547036062926054,0.00031083659268915653,0.004289480728432525,0.5682195620857167,0.2947522699832916,0.007413497362683322,
test/geometry/477.json|256,test/geometry/477.json,256,2,16,R,0.0007347332020312984,0.06816402822732925,0.0004628328315448016,0.00045394100015982985,0.0061914333282423765,0.9807882419747933,0.2569350302219391,0.006153243734772996,
test/geometry/477.json|256,test/geometry/477.json,256,2,16,C,0.0005071603297231891,0.06840893626213074,0.0007210330222733319,0.0004275278188288212,0.005831176265892563,0.592937916890323,0.29254409670829773,0.006983806921134535,
test/geometry/477.json|256,test/geometry/477.json,256,2,17,R,0.0007347332020312984,0.06330012530088425,0.0003191749274265021,0.00031544832745566964,0.005596536788361935,0.9883242678577412,0.20131532847881317,0.006029305060781459,
test/geometry/477.json|256,test/geometry/477.json,256,2,17,C,0.0005071603297231891,0.06377039104700089,0.0005108815967105329,0.0004416182928252965,0.007834985343384625,0.8644239581233044,0.3645673990249634,0.010921470667642538,
test/geometry/477.json|256,test/geometry/477.json,256,2,18,R,0.0007347332020312984,0.05434981361031532,0.00047696667024865746,0.0004697525000665337,0.004237081040921391,0.9848748945849032,0.2118869572877884,0.004542289965978576,
test/geometry/477.json|256,test/geometry/477.json,256,2,18,C,0.0005071603297231891,0.054736752063035965,0.00037307219463400543,0.0003196134348399937,0.0028828543222068955,0.8567066604811893,0.19385536015033722,0.004152616385297215,
test/geometry/477.json|256,test/geometry/477.json,256,2,20,R,0.0007347332020312984,0.2557776868343353,0.001068429439328611,0.0010620180983096361,0.0033157932895477604,0.9939992836429116,0.20735593140125275,0.0043827005147072245,
test/geometry/477.json|256,test/geometry/477.json,256,2,20,C,0.0005071603297231891,0.25912410020828247,0.0012278789654374123,0.0011381600052118301,0.0035535207109179904,0.9269317549384414,0.3055395483970642,0.0064611043133281235,
test/geometry/477.json|256,test/geometry/477.json,256,2,21,R,0.0007347332020312984,0.19845591485500336,0.0015744201373308897,0.0014918578090146184,0.003394572583906641,0.9475601668790904,0.20674796402454376,0.003942044316939013,
test/geometry/477.json|256,test/geometry/477.json,256,2,21,C,0.0005071603297231891,0.1990722268819809,0.0011612866073846817,0.0010746336774900556,0.0024452209837343615,0.9253819597427736,0.3019249141216278,0.0057628674205443325,
test/geometry/477.json|256,test/geometry/477.json,256,2,22,R,0.0007347332020312984,0.08353394269943237,0.0003381933784112334,0.00033673481084406376,0.003106242249963889,0.9956871758704771,0.14857445657253265,0.003236674391286876,
test/geometry/477.json|256,test/geometry/477.json,256,2,22,C,0.0005071603297231891,0.08474770933389664,0.0007038044859655201,0.0006171849672682583,0.005693281358603084,0.8769267299350063,0.3444206118583679,0.007512183831636938,
test/geometry/477.json|256,test/geometry/477.json,256,2,24,R,0.0007347332020312984,0.19747625291347504,0.001554082497023046,0.0014587562764063478,0.0026297540457189904,0.9386607713953647,0.1590295433998108,0.0029200296139626006,
test/geometry/477.json|256,test/geometry/477.json,256,2,24,C,0.0005071603297231891,0.19938792288303375,0.0022927660029381514,0.0019105583196505904,0.0034442343467138985,0.8332984335815059,0.40859678387641907,0.007536023272724282,
test/geometry/477.json|256,test/geometry/477.json,256,2,25,R,0.0007347332020312984,0.20890653133392334,0.0008696324075572193,0.000866370857693255,0.002074130673836418,0.9962495063064917,0.13403920829296112,0.002833732250849916,
test/geometry/477.json|256,test/geometry/477.json,256,2,25,C,0.0005071603297231891,0.21875767409801483,0.0012646726099774241,0.0011134946253150702,0.00266575605239908,0.8804607735234232,0.6217458248138428,0.013197963972967268,
test/geometry/477.json|256,test/geometry/477.json,256,2,26,R,0.0007347332020312984,0.3663100004196167,0.00037546904059126973,0.0003750814648810774,0.0017442885632586395,0.9989677532172833,0.1724148690700531,0.0037198775362402713,
test/geometry/477.json|256,test/geometry/477.json,256,2,26,C,0.0005071603297231891,0.370604008436203,0.0008509096805937588,0.0007875408628024161,0.0036624004348512337,0.9255281492711981,0.5127913951873779,0.011037797205363523,
test/geometry/477.json|256,test/geometry/477.json,256,2,28,R,0.0007347332020312984,0.2437923550605774,0.0015325704589486122,0.0015211723512038589,0.003112324824888268,0.9925627505927945,0.15463505685329437,0.0033876410439297507,
test/geometry/477.json|256,test/geometry/477.json,256,2,28,C,0.0005071603297231891,0.24604478478431702,0.0023650836665183306,0.001957833068445325,0.004005734430478714,0.8278071069255949,0.6240374445915222,0.013716420325535189,
test/geometry/477.json|256,test/geometry/477.json,256,2,29,R,0.0007347332020312984,0.13004811108112335,0.0007002500351518393,0.000699260737746954,0.003889853513526197,0.99858722120127,0.19003427028656006,0.00392010003085028,
test/geometry/477.json|256,test/geometry/477.json,256,2,29,C,0.0005071603297231891,0.13080540299415588,0.0008770743734203279,0.0008479170501232147,0.0047168000983835055,0.9667561552959706,0.3340270519256592,0.006893293573705545,
test/geometry/477.json|256,test/geometry/477.json,256,2,30,R,0.0007347332020312984,0.17652255296707153,0.0009252735180780292,0.0009104066411964595,0.004286473591850635,0.9839324507023789,0.22312137484550476,0.004331722313048275,
test/geometry/477.json|256,test/geometry/477.json,256,2,30,C,0.0005071603297231891,0.17767515778541565,0.0012679581996053457,0.0011007703142240644,0.005182764128800302,0.8681440079795509,0.405841588973999,0.007903572696321914,
test/geometry/477.json|256,test/geometry/477.json,256,3,0,R,0.0007347332020312984,2.1228737831115723,0.04916779324412346,0.04916122928261757,0.0072911373343645764,0.9998664987368222,0.35194775462150574,0.00619591862253656,
test/geometry/477.json|256,test/geometry/477.json,256,3,0,C,0.0005071603297231891,2.2513537406921387,0.022669274359941483,0.0007868824759498239,0.00011670310693763673,0.0347114099649171,0.42254599928855896,0.007520333143274381,
test/geometry/477.json|256,test/geometry/477.json,256,3,1,R,0.0007347332020312984,0.053703539073467255,0.0007802107138559222,0.0007795167621225119,0.008043772338450087,0.9991105572889517,0.18601100146770477,0.006327256953455054,
test/geometry/477.json|256,test/geometry/477.json,256,3,1,C,0.0005071603297231891,0.05402456969022751,0.0003867878986056894,0.00028568506240844727,0.00294796175550141,0.7386090999736254,0.12098950892686844,0.0041133712985512655,
test/geometry/477.json|256,test/geometry/477.json,256,3,2,R,0.0007347332020312984,0.05698956549167633,0.0003068165387958288,0.0003067238430958241,0.005916867949915306,0.9996978758053058,0.1752871870994568,0.007118425073888102,
test/geometry/477.json|256,test/geometry/477.json,256,3,2,C,0.0005071603297231891,0.057885780930519104,0.00044494844041764736,0.00010881029447773471,0.0020990091201192316,0.24454584924728567,0.20978541672229767,0.0084548642121708,
test/geometry/477.json|256,test/geometry/477.json,256,3,4,R,0.0007347332020312984,0.05396391451358795,0.0003021564334630966,0.0003021166194230318,0.005337904329042398,0.9998682303749858,0.14421552419662476,0.005157782279576664,
test/geometry/477.json|256,test/geometry/477.json,256,3,4,C,0.0005071603297231891,0.05480654910206795,0.0004227653844282031,0.0001413549907738343,0.002497510460114317,0.3343580048084144,0.17085012793540955,0.006077021590512997,
test/geometry/477.json|256,test/geometry/477.json,256,3,5,R,0.0007347332020312984,0.05465489998459816,0.0002845122362487018,0.0002844094706233591,0.0077025287885852285,0.9996387971697228,0.19925634562969208,0.008454503711465472,
test/geometry/477.json|256,test/geometry/477.json,256,3,5,C,0.0005071603297231891,0.05512966215610504,0.00034569884883239865,0.00017431080050300807,0.004720777954732015,0.5042273082120963,0.23043404519557953,0.009780807291664145,
test/geometry/477.json|256,test/geometry/477.json,256,3,6,R,0.0007347332020312984,0.05697285383939743,0.0005481183179654181,0.0005480293766595423,0.008849673717783831,0.9998377315575884,0.23315732181072235,0.007655652141409842,
test/geometry/477.json|256,test/geometry/477.json,256,3,6,C,0.0005071603297231891,0.057255472987890244,0.0005133218364790082,0.00022840693418402225,0.003688354910331115,0.4449585377192583,0.19440123438835144,0.006385302444037878,
test/geometry/477.json|256,test/geometry/477.json,256,3,8,R,0.0007347332020312984,0.27220121026039124,0.0004917756887152791,0.0004916340694762766,0.006790095041519806,0.9997120226925319,0.28224092721939087,0.008024669745015103,
test/geometry/477.json|256,test/geometry/477.json,256,3,8,C,0.0005071603297231891,0.2726929187774658,0.0022877734154462814,0.0006541272159665823,0.00903433313803768,0.2859230775496432,0.9699584245681763,0.02522106706566361,
test/geometry/477.json|256,test/geometry/477.json,256,3,9,R,0.0007347332020312984,0.08172442764043808,0.00033531402004882693,0.0003350315964780748,0.006600310042716698,0.9991577311027176,0.2477954775094986,0.008521729170832888,
test/geometry/477.json|256,test/geometry/477.json,256,3,9,C,0.0005071603297231891,0.08265414088964462,0.0005147033371031284,0.0002945362066384405,0.005802528188551318,0.5722446015677982,0.37730833888053894,0.013001947878978327,
test/geometry/477.json|256,test/geometry/477.json,256,3,10,R,0.0007347332020312984,0.07540963590145111,0.0005165435140952468,0.0005161609151400626,0.009335127377298766,0.9992593074077918,0.3565627932548523,0.009581401924086609,
test/geometry/477.json|256,test/geometry/477.json,256,3,10,C,0.0005071603297231891,0.07616642862558365,0.0005208904040046036,0.0003088770026806742,0.005586254362479036,0.5929788679404535,0.2631482183933258,0.007070960999344448,
test/geometry/477.json|256,test/geometry/477.json,256,3,12,R,0.0007347332020312984,0.06581315398216248,0.00041103208786807954,0.00041038289782591164,0.006458430525847267,0.998420583064559,0.25510725378990173,0.006559373944241575,
test/geometry/477.json|256,test/geometry/477.json,256,3,12,C,0.0005071603297231891,0.0662640705704689,0.0005124371964484453,0.0003461232699919492,0.005447139986740782,0.6754452481501825,0.30717211961746216,0.007884505317956795,
test/geometry/477.json|256,test/geometry/477.json,256,3,13,R,0.0007347332020312984,0.06319104880094528,0.0006689054425805807,0.0006682696403004229,0.009728850890295808,0.999049487059405,0.27647337317466736,0.008784194520240499,
test/geometry/477.json|256,test/geometry/477.json,256,3,13,C,0.0005071603297231891,0.06388819962739944,0.0005019496311433613,0.00033243701909668744,0.0048397083963774455,0.6622915882558918,0.317207932472229,0.010102654580328725,
test/geometry/477.json|256,test/geometry/477.json,256,3,14,R,0.0007347332020312984,0.06291978806257248,0.0004739585565403104,0.0004738853021990508,0.0073068688027756725,0.999845439353095,0.2483263462781906,0.006604386611908856,
test/geometry/477.json|256,test/geometry/477.json,256,3,14,C,0.0005071603297231891,0.06383499503135681,0.0005382067174650729,0.0002913581265602261,0.004492470214878815,0.5413498504648152,0.31239259243011475,0.0082812238898978,
test/geometry/477.json|256,test/geometry/477.json,256,3,16,R,0.0007347332020312984,0.0668540969491005,0.0003941822797060013,0.0003921252500731498,0.006475695962063445,0.9947815243517105,0.243818998336792,0.006466689476972377,
test/geometry/477.json|256,test/geometry/477.json,256,3,16,C,0.0005071603297231891,0.06736025214195251,0.0007085662800818682,0.0003612561267800629,0.00596591227171402,0.5098409794895717,0.32029178738594055,0.008442647396029134,
test/geometry/477.json|256,test/geometry/477.json,256,3,17,R,0.0007347332020312984,0.06018174812197685,0.00024197387392632663,0.00024162523914128542,0.005118867514999373,0.9985592007188901,0.16857905685901642,0.005407659729583577,
test/geometry/477.json|256,test/geometry/477.json,256,3,17,C,0.0005071603297231891,0.060761984437704086,0.000451519968919456,0.0004041529318783432,0.008562041454924806,0.8950942567400456,0.3274569809436798,0.010503858770408388,
test/geometry/477.json|256,test/geometry/477.json,256,3,18,R,0.0007347332020312984,0.05212428793311119,0.00038474350003525615,0.0003834718663711101,0.00403865740425884,0.996694850827306,0.19216732680797577,0.004199682217166209,
test/geometry/477.json|256,test/geometry/477.json,256,3,18,C,0.0005071603297231891,0.05279218778014183,0.00040216976776719093,0.00031913217389956117,0.003361043221380328,0.7935260148415114,0.19387105107307434,0.004233881533370583,
test/geometry/477.json|256,test/geometry/477.json,256,3,20,R,0.0007347332020312984,0.2539439797401428,0.0010841457406058908,0.0010778541909530759,0.0035787020452492167,0.994196766715612,0.1841428279876709,0.003940229509759175,
test/geometry/477.json|256,test/geometry/477.json,256,3,20,C,0.0005071603297231891,0.25769078731536865,0.0012949900701642036,0.0011802358785644174,0.0039186307275571606,0.9113860444531273,0.3487987518310547,0.007469776701012504,
test/geometry/477.json|256,test/geometry/477.json,256,3,21,R,0.0007347332020312984,0.19714266061782837,0.0011615542462095618,0.0011597996344789863,0.002799638370881776,0.9984894267876074,0.1797136515378952,0.0033799184098637475,
test/geometry/477.json|256,test/geometry/477.json,256,3,21,C,0.0005071603297231891,0.19786271452903748,0.0015099456068128347,0.0012277421774342656,0.002963644760104629,0.8131035787525205,0.26963740587234497,0.005075936582585918,
test/geometry/477.json|256,test/geometry/477.json,256,3,22,R,0.0007347332020312984,0.08045069128274918,0.0002726520469877869,0.000271404511295259,0.002829140246812867,0.9954244367437,0.12738530337810516,0.002750216690722652,
test/geometry/477.json|256,test/geometry/477.json,256,3,22,C,0.0005071603297231891,0.08202669024467468,0.0007410264224745333,0.0006568891112692654,0.006847459585383384,0.8864584182966595,0.32885777950286865,0.007101310661564276,
test/geometry/477.json|256,test/geometry/477.json,256,3,24,R,0.0007347332020312984,0.19510941207408905,0.0012078413274139166,0.0012046804185956717,0.002197941428531842,0.9973830090560026,0.14449584484100342,0.0026402535511060145,
test/geometry/477.json|256,test/geometry/477.json,256,3,24,C,0.0005071603297231891,0.19736643135547638,0.0014820870710536838,0.001309367478825152,0.002388943144138552,0.883461912268623,0.3357905447483063,0.006160551044751015,
test/geometry/477.json|256,test/geometry/477.json,256,3,25,R,0.0007347332020312984,0.2041569948196411,0.0007481144275516272,0.0007466659881174564,0.0017067496389614007,0.9980638784938624,0.11889343708753586,0.0024255246377347123,
test/geometry/477.json|256,test/geometry/477.json,256,3,25,C,0.0005071603297231891,0.21453040838241577,0.0016279424307867885,0.0013971448643133044,0.003193632133634022,0.8582274391483448,0.634170413017273,0.012984612297709782,
test/geometry/477.json|256,test/geometry/477.json,256,3,26,R,0.0007347332020312984,0.36427998542785645,0.0003479360311757773,0.0003475361445453018,0.001580417542734939,0.9988506863518134,0.15638236701488495,0.0032168821949340974,
test/geometry/477.json|256,test/geometry/477.json,256,3,26,C,0.0005071603297231891,0.3684493601322174,0.000917324738111347,0.0008021885878406465,0.0036479455063985924,0.8744870312968579,0.4678244888782501,0.009604051872773859,
test/geometry/477.json|256,test/geometry/477.json,256,3,28,R,0.0007347332020312984,0.24106986820697784,0.0017731800908222795,0.0017670256784185767,0.0037493137694074707,0.9965291661957597,0.13257187604904175,0.002810361814096526,
test/geometry/477.json|256,test/geometry/477.json,256,3,28,C,0.0005071603297231891,0.2440253496170044,0.002208734629675746,0.0018424999434500933,0.003909456717285754,0.8341880087633678,0.6043263077735901,0.012852232753572196,
test/geometry/477.json|256,test/geometry/477.json,256,3,29,R,0.0007347332020312984,0.12859056890010834,0.0006362526910379529,0.0006336980732157826,0.0032681817758101277,0.9959848989966743,0.1587946116924286,0.0031327582976069177,
test/geometry/477.json|256,test/geometry/477.json,256,3,29,C,0.0005071603297231891,0.12975378334522247,0.000849287083838135,0.0008341674692928791,0.004302065978017154,0.9821972854466078,0.28205606341362,0.00556141922747848,
test/geometry/477.json|256,test/geometry/477.json,256,3,30,R,0.0007347332020312984,0.1750490367412567,0.0008427602588199079,0.0008340965141542256,0.003778235264565065,0.9897197980508315,0.2087564617395401,0.0039277969480177866,
test/geometry/477.json|256,test/geometry/477.json,256,3,30,C,0.0005071603297231891,0.17674951255321503,0.0012897138949483633,0.0011086494196206331,0.005021886870607117,0.8596088040172752,0.3988374173641205,0.007521144144616412,
test/geometry/477.json|256,test/geometry/477.json,256,4,0,R,0.0007347332020312984,2.0984528064727783,0.04580441862344742,0.045798350125551224,0.007073824304590922,0.9998675128060035,0.33876851201057434,0.006007249368541108,
test/geometry/477.json|256,test/geometry/477.json,256,4,0,C,0.0005071603297231891,2.239459753036499,0.02374199964106083,0.0008889735909178853,0.000137307195048191,0.03744307995620547,0.5431919097900391,0.009777489661918859,
test/geometry/477.json|256,test/geometry/477.json,256,4,1,R,0.0007347332020312984,0.05341225117444992,0.0007608533487655222,0.0007607548614032567,0.008964315447183529,0.9998705553937616,0.19395288825035095,0.007003041678965696,
test/geometry/477.json|256,test/geometry/477.json,256,4,1,C,0.0005071603297231891,0.05374879390001297,0.0005237701698206365,0.00037183528183959424,0.004381501755577538,0.7099206914685642,0.13605830073356628,0.004912928531542023,
test/geometry/477.json|256,test/geometry/477.json,256,4,2,R,0.0007347332020312984,0.05568377673625946,0.00030273623997345567,0.00030270792194642127,0.005396699947615447,0.9999064564356638,0.14355148375034332,0.0060242784163126286,
test/geometry/477.json|256,test/geometry/477.json,256,4,2,C,0.0005071603297231891,0.05674322322010994,0.000375904404791072,0.00012066775525454432,0.0021512739550183803,0.32100649366054934,0.19334331154823303,0.008078119397059238,
test/geometry/477.json|256,test/geometry/477.json,256,4,4,R,0.0007347332020312984,0.053241439163684845,0.00029990929760970175,0.00029979311511851847,0.006055110089691104,0.9996126045717093,0.17586030066013336,0.006248531026681527,
test/geometry/477.json|256,test/geometry/477.json,256,4,4,C,0.0005071603297231891,0.05418960750102997,0.0004259588895365596,0.00016043789219111204,0.0032404650099823714,0.3766511176442785,0.1547265201807022,0.005509787701557387,
test/geometry/477.json|256,test/geometry/477.json,256,4,5,R,0.0007347332020312984,0.05357621610164642,0.00024022746947593987,0.00024019673583097756,0.007123612554230343,0.999872060239816,0.15783056616783142,0.007839122126873307,
test/geometry/477.json|256,test/geometry/477.json,256,4,5,C,0.0005071603297231891,0.05414755269885063,0.00029097998049110174,0.0001581519900355488,0.0046903780677791,0.5435150185422125,0.19057339429855347,0.009442905629115077,
test/geometry/477.json|256,test/geometry/477.json,256,4,6,R,0.0007347332020312984,0.05590861290693283,0.0003466870402917266,0.00034657129435800016,0.007215893346681735,0.9996661342365288,0.18598000705242157,0.006888558488466518,
test/geometry/477.json|256,test/geometry/477.json,256,4,6,C,0.0005071603297231891,0.056290872395038605,0.00027808756567537785,0.00016704208974260837,0.0034779507813027183,0.6006816188859063,0.1822129189968109,0.006744669395768891,
test/geometry/477.json|256,test/geometry/477.json,256,4,8,R,0.0007347332020312984,0.2710636258125305,0.0004187201557215303,0.00041868045809678733,0.0070334073366711165,0.9999051905572117,0.23632651567459106,0.0073799248670323725,
test/geometry/477.json|256,test/geometry/477.json,256,4,8,C,0.0005071603297231891,0.27223625779151917,0.0025325780734419823,0.000757439061999321,0.012724208528776785,0.2990782671788754,0.988911509513855,0.02808943888276683,
test/geometry/477.json|256,test/geometry/477.json,256,4,9,R,0.0007347332020312984,0.07988370954990387,0.0002815714105963707,0.0002813534520100802,0.006414651074318162,0.9992259172014135,0.20421448349952698,0.0073444586639285795,
test/geometry/477.json|256,test/geometry/477.json,256,4,9,C,0.0005071603297231891,0.08146387338638306,0.00047845550579950213,0.00027218213654123247,0.00620555184982012,0.5688765886757596,0.3471452593803406,0.012504514356424667,
test/geometry/477.json|256,test/geometry/477.json,256,4,10,R,0.0007347332020312984,0.07401155680418015,0.0004242682771291584,0.00042393532930873334,0.007261075184227087,0.9992152398904458,0.28509655594825745,0.007685557655007109,
test/geometry/477.json|256,test/geometry/477.json,256,4,10,C,0.0005071603297231891,0.07506489753723145,0.0006072291289456189,0.00031299295369535685,0.0053608775013422195,0.515444563279412,0.2574666738510132,0.006925100002149346,
test/geometry/477.json|256,test/geometry/477.json,256,4,12,R,0.0007347332020312984,0.06502297520637512,0.0003943165938835591,0.00039260866469703615,0.005360684173917207,0.9956686322394641,0.2172699123620987,0.005360440463052518,
test/geometry/477.json|256,test/geometry/477.json,256,4,12,C,0.0005071603297231891,0.06553033739328384,0.0005192449316382408,0.0003438973508309573,0.004695579216200328,0.6623027577441019,0.2690502107143402,0.006628814479683408,
test/geometry/477.json|256,test/geometry/477.json,256,4,13,R,0.0007347332020312984,0.06186620518565178,0.0006366914021782577,0.0006359624094329774,0.007517924279336549,0.9988550281319314,0.2568616271018982,0.008092746009838173,
test/geometry/477.json|256,test/geometry/477.json,256,4,13,C,0.0005071603297231891,0.0627303272485733,0.0005046927253715694,0.0002826544805429876,0.0033413531215343516,0.5600526137459908,0.23681685328483582,0.007447895039056542,
test/geometry/477.json|256,test/geometry/477.json,256,4,14,R,0.0007347332020312984,0.061419300734996796,0.0004848261014558375,0.00048201633035205305,0.006645214471453945,0.9942045774978867,0.21946468949317932,0.005670042570562334,
test/geometry/477.json|256,test/geometry/477.json,256,4,14,C,0.0005071603297231891,0.06265523284673691,0.0006087429355829954,0.0002984067832585424,0.004113920939237408,0.4902016357406357,0.2828769385814667,0.007291007314646951,
test/geometry/477.json|256,test/geometry/477.json,256,4,16,R,0.0007347332020312984,0.06573540717363358,0.0004928070702590048,0.0004889109404757619,0.006532925819232432,0.9920940039003717,0.2381708174943924,0.006071724102881682,
test/geometry/477.json|256,test/geometry/477.json,256,4,16,C,0.0005071603297231891,0.06636586785316467,0.0006480124429799616,0.00035372571437619627,0.004726553777107084,0.5458625334471732,0.2965114116668701,0.007525892133294689,
test/geometry/477.json|256,test/geometry/477.json,256,4,17,R,0.0007347332020312984,0.05835374817252159,0.0002524718292988837,0.0002520458947401494,0.004674381207800958,0.9983129382861048,0.1612672060728073,0.0049385401707637555,
test/geometry/477.json|256,test/geometry/477.json,256,4,17,C,0.0005071603297231891,0.0589788444340229,0.0004380455648060888,0.0003819481935352087,0.007083517309635847,0.8719371301758299,0.29884305596351624,0.0091539265249941,
test/geometry/477.json|256,test/geometry/477.json,256,4,18,R,0.0007347332020312984,0.0509648472070694,0.00037943333154544234,0.00037894764682278037,0.0037233032993970903,0.9987199708591659,0.18028882145881653,0.003915180899917958,
test/geometry/477.json|256,test/geometry/477.json,256,4,18,C,0.0005071603297231891,0.05181790888309479,0.00044757325667887926,0.00031310151098296046,0.0030763402244697374,0.6995536610178834,0.19613194465637207,0.004258070760862927,
test/geometry/477.json|256,test/geometry/477.json,256,4,20,R,0.0007347332020312984,0.25224050879478455,0.0010220353724434972,0.0010119447251781821,0.0031535188563121667,0.9901269089823016,0.18578359484672546,0.003877524937159471,
test/geometry/477.json|256,test/geometry/477.json,256,4,20,C,0.0005071603297231891,0.2563336193561554,0.0012325942516326904,0.0011005790438503027,0.0034297295902528946,0.892896459235943,0.37027496099472046,0.007743688963167275,
test/geometry/477.json|256,test/geometry/477.json,256,4,21,R,0.0007347332020312984,0.19653384387493134,0.001103218994103372,0.001100636669434607,0.002931986333190268,0.9976592809947737,0.19631800055503845,0.0036721677293439655,
test/geometry/477.json|256,test/geometry/477.json,256,4,21,C,0.0005071603297231891,0.1973363757133484,0.001645173062570393,0.0013885402586311102,0.003698932785405238,0.8440086270423536,0.27152982354164124,0.005099182019041343,
test/geometry/477.json|256,test/geometry/477.json,256,4,22,R,0.0007347332020312984,0.07898392528295517,0.00031130152638070285,0.0003045322955586016,0.003165989436904818,0.9782550638955816,0.1331314593553543,0.0028723676078930708,
test/geometry/477.json|256,test/geometry/477.json,256,4,22,C,0.0005071603297231891,0.08066470921039581,0.000718141149263829,0.000621273647993803,0.0064589071033262545,0.8651135612623799,0.34849420189857483,0.0075237127131513115,
test/geometry/477.json|256,test/geometry/477.json,256,4,24,R,0.0007347332020312984,0.19432491064071655,0.001220337813720107,0.001216837321408093,0.002334382368142145,0.9971315374564403,0.14063818752765656,0.0026744300246017262,
test/geometry/477.json|256,test/geometry/477.json,256,4,24,C,0.0005071603297231891,0.19678418338298798,0.0015659205382689834,0.0013835623394697905,0.0026542278689696795,0.8835456875198003,0.3495763838291168,0.006664224255706864,
test/geometry/477.json|256,test/geometry/477.json,256,4,25,R,0.0007347332020312984,0.20167593657970428,0.000670475244987756,0.0006680559017695487,0.001652670039461324,0.9963915980005449,0.10539457201957703,0.0022137162968240485,
test/geometry/477.json|256,test/geometry/477.json,256,4,25,C,0.0005071603297231891,0.21271704137325287,0.0013846029760316014,0.0012645806418731809,0.003128382720324378,0.9133164256112377,0.6312492489814758,0.013330168793234128,
test/geometry/477.json|256,test/geometry/477.json,256,4,26,R,0.0007347332020312984,0.3633325397968292,0.00031394197139889,0.0003132014535367489,0.001778310533411306,0.9976412237698493,0.17092584073543549,0.0036525872356656954,
test/geometry/477.json|256,test/geometry/477.json,256,4,26,C,0.0005071603297231891,0.3673083484172821,0.0008682368788868189,0.0007267772452905774,0.0041265313942492315,0.8370725341514152,0.4619026780128479,0.009789917830448708,
test/geometry/477.json|256,test/geometry/477.json,256,4,28,R,0.0007347332020312984,0.23925723135471344,0.0015354438219219446,0.0013792563695460558,0.003070125454274596,0.8982786272970479,0.1287771463394165,0.0029394169738865958,
test/geometry/477.json|256,test/geometry/477.json,256,4,28,C,0.0005071603297231891,0.24267718195915222,0.0024352821055799723,0.0018999420572072268,0.004229134336641518,0.7801732916583701,0.7153545022010803,0.016348689436492137,
test/geometry/477.json|256,test/geometry/477.json,256,4,29,R,0.0007347332020312984,0.12789185345172882,0.0006641052314080298,0.0006558634922839701,0.0035486877821008177,0.987589707591709,0.13664333522319794,0.0028402017827012485,
test/geometry/477.json|256,test/geometry/477.json,256,4,29,C,0.0005071603297231891,0.12930892407894135,0.0008992255316115916,0.0008333196165040135,0.004508851577291868,0.9267081352592718,0.3580965995788574,0.007454325735672562,
test/geometry/477.json|256,test/geometry/477.json,256,4,30,R,0.0007347332020312984,0.17365257441997528,0.0007194282952696085,0.0007164969574660063,0.00352456864742909,0.9959254607876812,0.16937752068042755,0.0032887333390856483,
test/geometry/477.json|256,test/geometry/477.json,256,4,30,C,0.0005071603297231891,0.17568235099315643,0.0011620363220572472,0.00104511680547148,0.005141104769646967,0.8993839389820801,0.38967934250831604,0.007563675272151574,
test/geometry/477.json|256,test/geometry/477.json,256,5,0,R,0.0007347332020312984,2.0696730613708496,0.0457732118666172,0.04576706513762474,0.006637857502257578,0.9998657133781602,0.30574652552604675,0.005293037728841222,
test/geometry/477.json|256,test/geometry/477.json,256,5,0,C,0.0005071603297231891,2.2293570041656494,0.02247675135731697,0.0007687662728130817,0.00011149854062369857,0.03420273065967866,0.548958957195282,0.009342465480693465,
test/geometry/477.json|256,test/geometry/477.json,256,5,1,R,0.0007347332020312984,0.053224705159664154,0.0006117949960753322,0.0006117341690696776,0.008591849568003362,0.999900574529139,0.18279105424880981,0.006448634984864405,
test/geometry/477.json|256,test/geometry/477.json,256,5,1,C,0.0005071603297231891,0.05364205688238144,0.00028075926820747554,0.00017884690896607935,0.0025119174557076624,0.6370115917131663,0.159465029835701,0.005628769795315367,
test/geometry/477.json|256,test/geometry/477.json,256,5,2,R,0.0007347332020312984,0.05502128601074219,0.00035120194661431015,0.00035119522362947464,0.0050593377008741605,0.9999808543634762,0.13429014384746552,0.005238877576607893,
test/geometry/477.json|256,test/geometry/477.json,256,5,2,C,0.0005071603297231891,0.05620735138654709,0.0002340767387067899,0.00011549007467692718,0.001663756365622483,0.4933855231476344,0.17516697943210602,0.006792001423263655,
test/geometry/477.json|256,test/geometry/477.json,256,5,4,R,0.0007347332020312984,0.052910272032022476,0.0002845596754923463,0.0002844583068508655,0.005133380789756971,0.9996437666688044,0.14799745380878448,0.005143924068664972,
test/geometry/477.json|256,test/geometry/477.json,256,5,4,C,0.0005071603297231891,0.053890347480773926,0.00041140842949971557,0.00014519412070512772,0.0026201966757965663,0.3529196534178171,0.1513647735118866,0.005254085745130671,
test/geometry/477.json|256,test/geometry/477.json,256,5,5,R,0.0007347332020312984,0.05306142941117287,0.00028202353860251606,0.0002819924848154187,0.007125245228808915,0.9998898858331432,0.17688515782356262,0.007591515676422461,
test/geometry/477.json|256,test/geometry/477.json,256,5,5,C,0.0005071603297231891,0.053700171411037445,0.0002845700364559889,0.00014507609012071043,0.003665710168210566,0.509808029747853,0.1741459220647812,0.007445336446352484,
test/geometry/477.json|256,test/geometry/477.json,256,5,6,R,0.0007347332020312984,0.05513516068458557,0.00043000929872505367,0.00042981086880899966,0.007298344441047329,0.9995385427334226,0.18492946028709412,0.006051139537198405,
test/geometry/477.json|256,test/geometry/477.json,256,5,6,C,0.0005071603297231891,0.05558362603187561,0.0002775929751805961,0.00018167497182730585,0.0030849069135626397,0.6544653050195044,0.182716965675354,0.005971828892572815,
test/geometry/477.json|256,test/geometry/477.json,256,5,8,R,0.0007347332020312984,0.27038538455963135,0.00052163953660056,0.0005215727724134922,0.006492368968566962,0.9998720089597218,0.2396884709596634,0.00673901857775656,
test/geometry/477.json|256,test/geometry/477.json,256,5,8,C,0.0005071603297231891,0.2717536985874176,0.002204661024734378,0.0006686209235340357,0.00832277673468268,0.3032760663564216,0.6985587477684021,0.018088167432537328,
test/geometry/477.json|256,test/geometry/477.json,256,5,9,R,0.0007347332020312984,0.07917208969593048,0.0003282646939624101,0.0003279444936197251,0.0060869735457801215,0.9990245635683678,0.23643174767494202,0.0074914885977167564,
test/geometry/477.json|256,test/geometry/477.json,256,5,9,C,0.0005071603297231891,0.08088390529155731,0.0005480414838530123,0.0002650526585057378,0.004919638999744675,0.48363612213923246,0.3311344087123871,0.010510507969710259,
test/geometry/477.json|256,test/geometry/477.json,256,5,10,R,0.0007347332020312984,0.07318371534347534,0.00047585577704012394,0.0004753428802359849,0.008111979019182104,0.9989221570320078,0.31540244817733765,0.008502958896488545,
test/geometry/477.json|256,test/geometry/477.json,256,5,10,C,0.0005071603297231891,0.07436571270227432,0.00047767808428034186,0.0002932771167252213,0.00500492994972414,0.6139639346299537,0.240052729845047,0.006463548432404869,
test/geometry/477.json|256,test/geometry/477.json,256,5,12,R,0.0007347332020312984,0.06463957577943802,0.0003380381967872381,0.0003372645005583763,0.005598949274092995,0.9977112136027042,0.22902514040470123,0.005776291956757259,
test/geometry/477.json|256,test/geometry/477.json,256,5,12,C,0.0005071603297231891,0.06520649790763855,0.0004686679458245635,0.00030342856189236045,0.005037236719351248,0.647427595482528,0.28201866149902344,0.00709998514213366,
test/geometry/477.json|256,test/geometry/477.json,256,5,13,R,0.0007347332020312984,0.061279166489839554,0.000608342292252928,0.0006079673767089844,0.008210992728028669,0.9993837079090147,0.2445869743824005,0.007638910782685959,
test/geometry/477.json|256,test/geometry/477.json,256,5,13,C,0.0005071603297231891,0.062233153730630875,0.0004438076284714043,0.00029882084345445037,0.0040357688036974345,0.6733116413757014,0.3127719461917877,0.009779826467987553,
test/geometry/477.json|256,test/geometry/477.json,256,5,14,R,0.0007347332020312984,0.06066281720995903,0.00048824492841959,0.0004879392508883029,0.006217154236972954,0.9993739237975283,0.23256170749664307,0.005681326370474725,
test/geometry/477.json|256,test/geometry/477.json,256,5,14,C,0.0005071603297231891,0.06206033006310463,0.0005398619687184691,0.0002946060849353671,0.0037537694822858524,0.5457063128358537,0.25779131054878235,0.006291424712473902,
test/geometry/477.json|256,test/geometry/477.json,256,5,16,R,0.0007347332020312984,0.06528749316930771,0.0005121416761539876,0.0005083170253783464,0.006830382176060493,0.9925320434827818,0.2519078552722931,0.00623712311893044,
test/geometry/477.json|256,test/geometry/477.json,256,5,16,C,0.0005071603297231891,0.06599927693605423,0.0007067664409987628,0.000389499356970191,0.005233799641977418,0.5511005246212196,0.2851617634296417,0.0070205253915082595,
test/geometry/477.json|256,test/geometry/477.json,256,5,17,R,0.0007347332020312984,0.057697609066963196,0.0002881958498619497,0.000287895294604823,0.0050532682962360215,0.9989571110887691,0.1793288141489029,0.0051619279615514714,
test/geometry/477.json|256,test/geometry/477.json,256,5,17,C,0.0005071603297231891,0.058464523404836655,0.0004043285152874887,0.00034117160248570144,0.005988398125031918,0.8437980225048461,0.2777057886123657,0.007987932068848826,
test/geometry/477.json|256,test/geometry/477.json,256,5,18,R,0.0007347332020312984,0.050503987818956375,0.00038216772372834384,0.00038131416658870876,0.003805695963040481,0.9977665352555823,0.19358588755130768,0.004122179681113127,
test/geometry/477.json|256,test/geometry/477.json,256,5,18,C,0.0005071603297231891,0.05145153030753136,0.0003942020994145423,0.00028405030025169253,0.0028349565153562616,0.7205702353005874,0.19909889996051788,0.0042337142419249015,
test/geometry/477.json|256,test/geometry/477.json,256,5,20,R,0.0007347332020312984,0.25149181485176086,0.0011284940410405397,0.0011093105422332883,0.003408664138085429,0.9830007965548814,0.1860899180173874,0.003860095674325058,
test/geometry/477.json|256,test/geometry/477.json,256,5,20,C,0.0005071603297231891,0.25595608353614807,0.0013081025099381804,0.0011416968191042542,0.003508179951136227,0.8727884929182049,0.31546247005462646,0.0065528380718711645,
test/geometry/477.json|256,test/geometry/477.json,256,5,21,R,0.0007347332020312984,0.19629494845867157,0.000951229187194258,0.0009482376044616103,0.0025436018116002405,0.9968550337081995,0.19530849158763885,0.0036874578451020277,
test/geometry/477.json|256,test/geometry/477.json,256,5,21,C,0.0005071603297231891,0.19715078175067902,0.0013818485895171762,0.0011932604247704148,0.0032008637538480786,0.8635247254721449,0.32785192131996155,0.006225591175644187,
test/geometry/477.json|256,test/geometry/477.json,256,5,22,R,0.0007347332020312984,0.07849032431840897,0.0002651999529916793,0.00026206739130429924,0.0027510096168071574,0.9881879214523606,0.13434317708015442,0.0029421615581237755,
test/geometry/477.json|256,test/geometry/477.json,256,5,22,C,0.0005071603297231891,0.08029187470674515,0.0007070688880048692,0.0006179891643114388,0.0064872402691616236,0.8740154939940838,0.36618345975875854,0.008014158812624213,
test/geometry/477.json|256,test/geometry/477.json,256,5,24,R,0.0007347332020312984,0.19398905336856842,0.0010375722777098417,0.0010357355931773782,0.002212497948867237,0.9982298240130824,0.14349496364593506,0.0026700033621729845,
test/geometry/477.json|256,test/geometry/477.json,256,5,24,C,0.0005071603297231891,0.196575328707695,0.001640154980123043,0.0014239555457606912,0.0030417982591567725,0.8681835327449872,0.3680659532546997,0.006859887079679886,
test/geometry/477.json|256,test/geometry/477.json,256,5,25,R,0.0007347332020312984,0.20061957836151123,0.0006858976557850838,0.0006817869143560529,0.0017256459304172518,0.9940067699774648,0.12348413467407227,0.002611586696236585,
test/geometry/477.json|256,test/geometry/477.json,256,5,25,C,0.0005071603297231891,0.21209120750427246,0.0012099009472876787,0.001067439210601151,0.002701756356649157,0.8822533878594377,0.5829718708992004,0.01240030152571534,
test/geometry/477.json|256,test/geometry/477.json,256,5,26,R,0.0007347332020312984,0.3627754747867584,0.0003095660067629069,0.0003091303224209696,0.0018982658860265157,0.9985925930786593,0.15123729407787323,0.003234648462997646,
test/geometry/477.json|256,test/geometry/477.json,256,5,26,C,0.0005071603297231891,0.3670364320278168,0.000992752960883081,0.0008170231012627482,0.0050170655181170825,0.8229873217532351,0.4515080749988556,0.00960325108620247,
test/geometry/477.json|256,test/geometry/477.json,256,5,28,R,0.0007347332020312984,0.2385013848543167,0.001209400361403823,0.0012046393239870667,0.0030407269372216554,0.9960633066065128,0.1342284381389618,0.002896213320238498,
test/geometry/477.json|256,test/geometry/477.json,256,5,28,C,0.0005071603297231891,0.2421746402978897,0.002337111858651042,0.0019185056444257498,0.004842654291667304,0.8208873856436658,0.6095300912857056,0.013204980078402088,
test/geometry/477.json|256,test/geometry/477.json,256,5,29,R,0.0007347332020312984,0.12756258249282837,0.0006585760856978595,0.0006567746750079095,0.002996781818430532,0.9972646870629901,0.1432076394557953,0.0028758493746567724,
test/geometry/477.json|256,test/geometry/477.json,256,5,29,C,0.0005071603297231891,0.1290876865386963,0.0009433746454305947,0.0008611555094830692,0.00392934635250524,0.9128457212003582,0.33452653884887695,0.006717292247264101,
test/geometry/477.json|256,test/geometry/477.json,256,5,30,R,0.0007347332020312984,0.17315635085105896,0.0008354142773896456,0.0008308478281833231,0.003768439475347177,0.9945339093136824,0.18359757959842682,0.003467291615921561,
test/geometry/477.json|256,test/geometry/477.json,256,5,30,C,0.0005071603297231891,0.17547757923603058,0.0013007676461711526,0.0011636476265266538,0.005277904692590144,0.8945853081888215,0.3641436696052551,0.006884122422755203,
test/geometry/477.json|256,test/geometry/477.json,256,6,0,R,0.0007347332020312984,2.0482001304626465,0.04231606796383858,0.042310331016778946,0.0059938363759757625,0.9998644262490457,0.2747942805290222,0.004832220994690364,
test/geometry/477.json|256,test/geometry/477.json,256,6,0,C,0.0005071603297231891,2.2219648361206055,0.014962393790483475,0.0006540281465277076,9.265202141801198e-05,0.04371146459866451,0.2334737479686737,0.004092845253121034,
test/geometry/477.json|256,test/geometry/477.json,256,6,1,R,0.0007347332020312984,0.0530424527823925,0.0007802231120876968,0.0007802041945978999,0.009065253052399731,0.999975752461726,0.18733958899974823,0.00676826199444935,
test/geometry/477.json|256,test/geometry/477.json,256,6,1,C,0.0005071603297231891,0.05352123826742172,0.00034052954288199544,0.00029913856997154653,0.0034757142467333664,0.878451151584098,0.1501542627811432,0.005426768829918326,
test/geometry/477.json|256,test/geometry/477.json,256,6,2,R,0.0007347332020312984,0.05454801023006439,0.0003070636303164065,0.0003070494858548045,0.00543448671127558,0.9999539331260386,0.14369404315948486,0.005509607521883771,
test/geometry/477.json|256,test/geometry/477.json,256,6,2,C,0.0005071603297231891,0.05577534809708595,0.00022328495106194168,9.575067088007927e-05,0.0016946966937426324,0.4288272451674979,0.18336857855319977,0.007008017945720961,
test/geometry/477.json|256,test/geometry/477.json,256,6,4,R,0.0007347332020312984,0.05275678634643555,0.00028085807571187615,0.0002805468684528023,0.006006703961946284,0.9988919376550701,0.17377114295959473,0.006119515497913362,
test/geometry/477.json|256,test/geometry/477.json,256,6,4,C,0.0005071603297231891,0.05376485362648964,0.0004894062876701355,0.00015857908874750137,0.0033952888011711943,0.32402339818396814,0.17575803399085999,0.006213344140028659,
test/geometry/477.json|256,test/geometry/477.json,256,6,5,R,0.0007347332020312984,0.05291400104761124,0.00033928811899386346,0.0003154771402478218,0.007693699452283509,0.9298207678286162,0.1953503042459488,0.008049413232972487,
test/geometry/477.json|256,test/geometry/477.json,256,6,5,C,0.0005071603297231891,0.053574204444885254,0.0002423667028779164,0.00013545257388614118,0.003303349943832868,0.5588745141922242,0.1435920000076294,0.005900380357408394,
test/geometry/477.json|256,test/geometry/477.json,256,6,6,R,0.0007347332020312984,0.05494566261768341,0.00044036348117515445,0.00044006798998452723,0.008450359711958589,0.99932898116536,0.22625155746936798,0.007491327138796097,
test/geometry/477.json|256,test/geometry/477.json,256,6,6,C,0.0005071603297231891,0.05543609336018562,0.0002636384451761842,0.0001659335830481723,0.0031863223341932027,0.6293982742459432,0.15307393670082092,0.005066889426245242,
test/geometry/477.json|256,test/geometry/477.json,256,6,8,R,0.0007347332020312984,0.2701179087162018,0.0005158993881195784,0.0005156620754860342,0.008119259095253491,0.9995400001656346,0.2936570644378662,0.008511451605073554,
test/geometry/477.json|256,test/geometry/477.json,256,6,8,C,0.0005071603297231891,0.27167826890945435,0.0022474052384495735,0.0006964318454265594,0.01096553511303724,0.309882629621851,0.6761695742607117,0.01812547091136099,
test/geometry/477.json|256,test/geometry/477.json,256,6,9,R,0.0007347332020312984,0.07891211658716202,0.0002805866824928671,0.0002803296665661037,0.006555625180397618,0.9990840016940079,0.2121281772851944,0.007810443631213581,
test/geometry/477.json|256,test/geometry/477.json,256,6,9,C,0.0005071603297231891,0.08073323220014572,0.0004983457620255649,0.00025549533893354237,0.005974864158702924,0.512686889083545,0.35083675384521484,0.012981570844884513,
test/geometry/477.json|256,test/geometry/477.json,256,6,10,R,0.0007347332020312984,0.07287757098674774,0.0005025638965889812,0.0005018510855734348,0.009481304046448341,0.998581648982416,0.3657107949256897,0.010036599852190062,
test/geometry/477.json|256,test/geometry/477.json,256,6,10,C,0.0005071603297231891,0.07418931275606155,0.0004880985361523926,0.00029332723352126777,0.0055417329284858895,0.600959050671537,0.2552596926689148,0.006996760309901746,
test/geometry/477.json|256,test/geometry/477.json,256,6,12,R,0.0007347332020312984,0.06449835002422333,0.00044827311648987234,0.00044706847984343767,0.006619856289776026,0.9973127149511438,0.26828065514564514,0.006569749342350653,
test/geometry/477.json|256,test/geometry/477.json,256,6,12,C,0.0005071603297231891,0.06511445343494415,0.0005529370973818004,0.0004009933036286384,0.005937609477889641,0.7252060040864801,0.32761332392692566,0.008024344140645382,
test/geometry/477.json|256,test/geometry/477.json,256,6,13,R,0.0007347332020312984,0.06108221039175987,0.0005990925128571689,0.0005986979813314974,0.009192790543989877,0.9993414497485016,0.27307677268981934,0.008958783973911406,
test/geometry/477.json|256,test/geometry/477.json,256,6,13,C,0.0005071603297231891,0.062119919806718826,0.0005039514508098364,0.0003147980314679444,0.004833609695007169,0.6246594395896926,0.3141060769557953,0.01030487667332594,
test/geometry/477.json|256,test/geometry/477.json,256,6,14,R,0.0007347332020312984,0.06036500632762909,0.000509172969032079,0.0005090011400170624,0.006973386407885016,0.9996625311532037,0.2557585835456848,0.006629112615431906,
test/geometry/477.json|256,test/geometry/477.json,256,6,14,C,0.0005071603297231891,0.06185121089220047,0.0005589436623267829,0.0003225863620173186,0.004419478023536917,0.5771357351066712,0.32970333099365234,0.008511703643495487,
test/geometry/477.json|256,test/geometry/477.json,256,6,16,R,0.0007347332020312984,0.06509893387556076,0.00045418483205139637,0.00045380520168691874,0.007434779582838113,0.999164147860405,0.29429104924201965,0.007654439828968509,
test/geometry/477.json|256,test/geometry/477.json,256,6,16,C,0.0005071603297231891,0.06586043536663055,0.0005384940886870027,0.0003330491599626839,0.005456409678354121,0.6184824798286408,0.3296699821949005,0.008504777956156305,
test/geometry/477.json|256,test/geometry/477.json,256,6,17,R,0.0007347332020312984,0.057385049760341644,0.00034178150235675275,0.00034146642428822815,0.005901414041172891,0.9990781272086696,0.20088809728622437,0.006041713436197249,
test/geometry/477.json|256,test/geometry/477.json,256,6,17,C,0.0005071603297231891,0.058180760592222214,0.00044088863069191575,0.0003653282474260777,0.006313807436532976,0.8286179800647749,0.27065035700798035,0.008134083242728773,
test/geometry/477.json|256,test/geometry/477.json,256,6,18,R,0.0007347332020312984,0.05028347671031952,0.0003994186408817768,0.00039805073174647987,0.00443971602378704,0.9965752471420655,0.23677946627140045,0.005389806789273254,
test/geometry/477.json|256,test/geometry/477.json,256,6,18,C,0.0005071603297231891,0.051263101398944855,0.0004313871613703668,0.00036438502138480544,0.004064220686574358,0.8446821165993883,0.25545626878738403,0.005801487038838588,
test/geometry/477.json|256,test/geometry/477.json,256,6,20,R,0.0007347332020312984,0.2506413161754608,0.001044766278937459,0.0010402542538940907,0.003526488833020459,0.9956813058288612,0.2003883719444275,0.004162319829599393,
test/geometry/477.json|256,test/geometry/477.json,256,6,20,C,0.0005071603297231891,0.25565797090530396,0.0011518304236233234,0.0010498465271666646,0.0035590068875752797,0.9114592779661902,0.3072458803653717,0.0063892382058737575,
test/geometry/477.json|256,test/geometry/477.json,256,6,21,R,0.0007347332020312984,0.1961798071861267,0.001002666773274541,0.0009971056133508682,0.002732390022260095,0.9944536299931787,0.19095784425735474,0.0035332270558297127,
test/geometry/477.json|256,test/geometry/477.json,256,6,21,C,0.0005071603297231891,0.1970527023077011,0.00139244447927922,0.0012529372470453382,0.0034334509669840005,0.8998112777854473,0.3230935335159302,0.006021828053835834,
test/geometry/477.json|256,test/geometry/477.json,256,6,22,R,0.0007347332020312984,0.07829578220844269,0.00030311953742057085,0.00030230768606998026,0.0031422696956039525,0.997321675947315,0.13955876231193542,0.003035516710913401,
test/geometry/477.json|256,test/geometry/477.json,256,6,22,C,0.0005071603297231891,0.08017238229513168,0.0007263345760293305,0.0006267069838941097,0.006514165713464369,0.8628351227024159,0.3596899211406708,0.007830677348326055,
test/geometry/477.json|256,test/geometry/477.json,256,6,24,R,0.0007347332020312984,0.19389918446540833,0.0010559582151472569,0.001053249230608344,0.002163957321342164,0.997434571276128,0.13979856669902802,0.00255198852085902,
test/geometry/477.json|256,test/geometry/477.json,256,6,24,C,0.0005071603297231891,0.1964913010597229,0.0015006255125626922,0.0013026510132476687,0.0026763667281702445,0.8680720149526149,0.36130544543266296,0.0066100769496429445,
test/geometry/477.json|256,test/geometry/477.json,256,6,25,R,0.0007347332020312984,0.20020915567874908,0.00077569525456056,0.0007719607674516737,0.0018952493897284118,0.9951856246610823,0.1326359510421753,0.0027019324538849073,
test/geometry/477.json|256,test/geometry/477.json,256,6,25,C,0.0005071603297231891,0.21180404722690582,0.0010554937180131674,0.0009493725374341011,0.0023308149818760493,0.8994582538318805,0.5628321766853333,0.011537696361932089,
test/geometry/477.json|256,test/geometry/477.json,256,6,26,R,0.0007347332020312984,0.3625529706478119,0.0003356090164743364,0.0003353175416123122,0.001860921586294303,0.9991315016973688,0.1569449007511139,0.0032421322040972604,
test/geometry/477.json|256,test/geometry/477.json,256,6,26,C,0.0005071603297231891,0.3666822016239166,0.0009352576453238726,0.0008328738622367382,0.004622224478457598,0.8905287922642873,0.5709489583969116,0.011703248987172118,
test/geometry/477.json|256,test/geometry/477.json,256,6,28,R,0.0007347332020312984,0.2381996065378189,0.0014823831152170897,0.0014715016586706042,0.003518571947004142,0.9926594836196907,0.12708434462547302,0.0025677684548750875,
test/geometry/477.json|256,test/geometry/477.json,256,6,28,C,0.0005071603297231891,0.24192039668560028,0.0021648257970809937,0.0016863909550011158,0.0040324031379679924,0.7789961467089012,0.5161795020103455,0.010452262148656907,
test/geometry/477.json|256,test/geometry/477.json,256,6,29,R,0.0007347332020312984,0.1274256408214569,0.0006221800576895475,0.0006186757236719131,0.0027334531562861176,0.994367651343543,0.1353922039270401,0.0026139386260721625,
test/geometry/477.json|256,test/geometry/477.json,256,6,29,C,0.0005071603297231891,0.12892265617847443,0.0010498210322111845,0.0008973030489869416,0.003964493445518173,0.8547200147460162,0.2550590932369232,0.0049252476465817124,
test/geometry/477.json|256,test/geometry/477.json,256,6,30,R,0.0007347332020312984,0.17275764048099518,0.0007999592344276607,0.0007985493284650147,0.0035167966269702665,0.9982375264885938,0.1837754249572754,0.0034137760949966515,
test/geometry/477.json|256,test/geometry/477.json,256,6,30,C,0.0005071603297231891,0.17507876455783844,0.0011452287435531616,0.001047224854119122,0.004611959090523371,0.9144241786628591,0.3345937132835388,0.006213114518057194,
test/geometry/477.json|256,test/geometry/477.json,256,7,0,R,0.0007347332020312984,2.038536310195923,0.039087213575839996,0.03908181190490723,0.006180625801888099,0.9998618046302495,0.2891777753829956,0.005113027206851416,
test/geometry/477.json|256,test/geometry/477.json,256,7,0,C,0.0005071603297231891,2.215714931488037,0.02666706033051014,0.0008530056802555919,0.00013489929610665873,0.031987240800129345,0.20804749429225922,0.0036451115822714888,
test/geometry/477.json|256,test/geometry/477.json,256,7,1,R,0.0007347332020312984,0.052792660892009735,0.0008264024509117007,0.0008263784111477435,0.009099971022695124,0.9999709091328304,0.1836136132478714,0.006704526059266585,
test/geometry/477.json|256,test/geometry/477.json,256,7,1,C,0.0005071603297231891,0.053271517157554626,0.0002501792332623154,0.00024125575146172196,0.0026566767932756415,0.9643316407658477,0.09900888800621033,0.0036154789192608464,
test/geometry/477.json|256,test/geometry/477.json,256,7,2,R,0.0007347332020312984,0.054273173213005066,0.00030786413117311895,0.0003078554873354733,0.004546883132696969,0.999971919958377,0.13961102068424225,0.004760192590706502,
test/geometry/477.json|256,test/geometry/477.json,256,7,2,C,0.0005071603297231891,0.0555306039750576,0.000326210429193452,0.00011694068962242454,0.001727159888466557,0.35848237456133886,0.12233910709619522,0.004158259499633729,
test/geometry/477.json|256,test/geometry/477.json,256,7,4,R,0.0007347332020312984,0.052658163011074066,0.00032547468435950577,0.0003253952891100198,0.006574081087202245,0.9997560601390604,0.1931360810995102,0.006419157488022392,
test/geometry/477.json|256,test/geometry/477.json,256,7,4,C,0.0005071603297231891,0.05370204895734787,0.0003993478312622756,0.00016309673083014786,0.003295103430868859,0.40840770289453454,0.14257627725601196,0.004738755846694256,
test/geometry/477.json|256,test/geometry/477.json,256,7,5,R,0.0007347332020312984,0.052732910960912704,0.00025988437118940055,0.0002598390565253794,0.0071894084136643575,0.9998256314389381,0.17084433138370514,0.007645228721866713,
test/geometry/477.json|256,test/geometry/477.json,256,7,5,C,0.0005071603297231891,0.053443197160959244,0.0002636539866216481,0.00014265134814195335,0.003946977087534763,0.541055151218356,0.17115327715873718,0.007623789960911235,
test/geometry/477.json|256,test/geometry/477.json,256,7,6,R,0.0007347332020312984,0.054717957973480225,0.0004446186067070812,0.00044452905422076583,0.00805076061048953,0.9997985835843056,0.19602927565574646,0.006830931942357373,
test/geometry/477.json|256,test/geometry/477.json,256,7,6,C,0.0005071603297231891,0.055232979357242584,0.00027123792096972466,0.0001693373778834939,0.003066829218031185,0.6243130630620124,0.1590108573436737,0.005543141993000186,
test/geometry/477.json|256,test/geometry/477.json,256,7,8,R,0.0007347332020312984,0.2693590819835663,0.0004724023165181279,0.00047195347724482417,0.0065876986307338405,0.999049877071599,0.2480628341436386,0.007568189065859172,
test/geometry/477.json|256,test/geometry/477.json,256,7,8,C,0.0005071603297231891,0.27147147059440613,0.002196916611865163,0.0020476658828556538,0.028582066629611904,0.9320635434519929,1.6950531005859375,0.050864805016846884,
test/geometry/477.json|256,test/geometry/477.json,256,7,9,R,0.0007347332020312984,0.07854548841714859,0.00030048206099309027,0.00030007970053702593,0.0060484814863598635,0.9986609468352438,0.21311423182487488,0.006949678589083544,
test/geometry/477.json|256,test/geometry/477.json,256,7,9,C,0.0005071603297231891,0.08050522208213806,0.0005413179169408977,0.0002697646268643439,0.005437443280380888,0.4983478616235227,0.3370380997657776,0.011028352635387692,
test/geometry/477.json|256,test/geometry/477.json,256,7,10,R,0.0007347332020312984,0.07256272435188293,0.000453553453553468,0.0004531541489996016,0.007532568370041091,0.9991196064105399,0.2859407961368561,0.0075575327775140875,
test/geometry/477.json|256,test/geometry/477.json,256,7,10,C,0.0005071603297231891,0.07388415932655334,0.0004183956771157682,0.00027754122857004404,0.004613437357518041,0.663346308499032,0.23744022846221924,0.0062750560058743125,
test/geometry/477.json|256,test/geometry/477.json,256,7,12,R,0.0007347332020312984,0.06436140090227127,0.0003715639468282461,0.00037127386895008385,0.0054594178416908805,0.9992193029494445,0.22855570912361145,0.005548552674296496,
test/geometry/477.json|256,test/geometry/477.json,256,7,12,C,0.0005071603297231891,0.06500177085399628,0.00046593640581704676,0.0003251852176617831,0.004781704632694081,0.6979175975606245,0.28290408849716187,0.006858609223981366,
test/geometry/477.json|256,test/geometry/477.json,256,7,13,R,0.0007347332020312984,0.06073059141635895,0.0005806807312183082,0.0005803124513477087,0.008067433097131071,0.9993657773537747,0.24675671756267548,0.007428702962557566,
test/geometry/477.json|256,test/geometry/477.json,256,7,13,C,0.0005071603297231891,0.0617949441075325,0.00042074263910762966,0.0003106256481260061,0.004318279969161007,0.7382794575956109,0.25271284580230713,0.007618150844491136,
test/geometry/477.json|256,test/geometry/477.json,256,7,14,R,0.0007347332020312984,0.059868223965168,0.0004958798526786268,0.0004957098863087595,0.0056738947744010585,0.999657240824352,0.2176196277141571,0.00504096214353526,
test/geometry/477.json|256,test/geometry/477.json,256,7,14,C,0.0005071603297231891,0.06140806898474693,0.0005564850871451199,0.00030531262746080756,0.0034946079740470213,0.5486447596978345,0.24750137329101562,0.00572975280273825,
test/geometry/477.json|256,test/geometry/477.json,256,7,16,R,0.0007347332020312984,0.06492117047309875,0.0005142742884345353,0.0005088230245746672,0.006576330080876589,0.9894000828509978,0.24791960418224335,0.005941433547612906,
test/geometry/477.json|256,test/geometry/477.json,256,7,16,C,0.0005071603297231891,0.06571290642023087,0.0004965806729160249,0.0003282654797658324,0.004242697450458315,0.6610516619125301,0.24152407050132751,0.005783666229455211,
test/geometry/477.json|256,test/geometry/477.json,256,7,17,R,0.0007347332020312984,0.057095423340797424,0.0002963758888654411,0.0002942868450190872,0.0042291044355321945,0.9929513671057982,0.17177866399288177,0.004476044695526824,
test/geometry/477.json|256,test/geometry/477.json,256,7,17,C,0.0005071603297231891,0.0579105019569397,0.0004197090456727892,0.000359722034772858,0.005169453132428974,0.8570747703070173,0.26949357986450195,0.007020683032523594,
test/geometry/477.json|256,test/geometry/477.json,256,7,18,R,0.0007347332020312984,0.050027623772621155,0.0003776273224502802,0.00037667539436370134,0.0033686950054487106,0.9974791837680566,0.15899521112442017,0.0032593268952859295,
test/geometry/477.json|256,test/geometry/477.json,256,7,18,C,0.0005071603297231891,0.051056765019893646,0.0003981693007517606,0.00032876222394406796,0.002940196461867214,0.8256845078153097,0.17397965490818024,0.0035645862742890084,
test/geometry/477.json|256,test/geometry/477.json,256,7,20,R,0.0007347332020312984,0.24996314942836761,0.0011337774340063334,0.0011253957636654377,0.003470991708015792,0.9926073045007737,0.18243664503097534,0.003636254748698827,
test/geometry/477.json|256,test/geometry/477.json,256,7,20,C,0.0005071603297231891,0.2553062438964844,0.0012857444817200303,0.0011949670733883977,0.0036855663909501606,0.9293970065190633,0.357686847448349,0.0071363613980828374,
test/geometry/477.json|256,test/geometry/477.json,256,7,21,R,0.0007347332020312984,0.19596654176712036,0.0012668868293985724,0.0012558124726638198,0.003076262920120663,0.9912586053710349,0.1805189847946167,0.003249414073514182,
test/geometry/477.json|256,test/geometry/477.json,256,7,21,C,0.0005071603297231891,0.19688361883163452,0.0016088966513052583,0.0013314674142748117,0.0032615887523351765,0.8275655321720382,0.2513086497783661,0.0045361017073314155,
test/geometry/477.json|256,test/geometry/477.json,256,7,22,R,0.0007347332020312984,0.07767371833324432,0.000327507994370535,0.0003266897110734135,0.002944146111720964,0.9975014829906802,0.1257314532995224,0.0026422111404714376,
test/geometry/477.json|256,test/geometry/477.json,256,7,22,C,0.0005071603297231891,0.07969425618648529,0.0007474314188584685,0.0006296553765423596,0.0056744897856755684,0.8424256190107573,0.321930855512619,0.006781035513370621,
test/geometry/477.json|256,test/geometry/477.json,256,7,24,R,0.0007347332020312984,0.19337035715579987,0.0013120465446263552,0.001303626922890544,0.0023740072734437854,0.9935828322829875,0.1513735055923462,0.0027509008777925324,
test/geometry/477.json|256,test/geometry/477.json,256,7,24,C,0.0005071603297231891,0.19628921151161194,0.0017179135465994477,0.0014960707630962133,0.0027244626593794377,0.8708649892113431,0.3185003995895386,0.0058019035289520755,
test/geometry/477.json|256,test/geometry/477.json,256,7,25,R,0.0007347332020312984,0.19925947487354279,0.0007898182957433164,0.0007871696725487709,0.0018991541393275778,0.9966465398364831,0.1296052187681198,0.0025971153357756877,
test/geometry/477.json|256,test/geometry/477.json,256,7,25,C,0.0005071603297231891,0.21107217669487,0.001273622619919479,0.001113220350816846,0.0026857958467734573,0.8740582434168512,0.5660122036933899,0.011402911845195152,
test/geometry/477.json|256,test/geometry/477.json,256,7,26,R,0.0007347332020312984,0.3622848391532898,0.0004117826756555587,0.00041124815470539033,0.0020261940801622916,0.9987019319158599,0.18050000071525574,0.003717074042869249,
test/geometry/477.json|256,test/geometry/477.json,256,7,26,C,0.0005071603297231891,0.36644652485847473,0.0011448431760072708,0.0008130969945341349,0.004006078320528988,0.7102256543639871,0.5268973708152771,0.010619448277035285,
test/geometry/477.json|256,test/geometry/477.json,256,7,28,R,0.0007347332020312984,0.23773226141929626,0.001222467515617609,0.0012199791381135583,0.0029386743344738267,0.9979644624742785,0.13147200644016266,0.002857460605476311,
test/geometry/477.json|256,test/geometry/477.json,256,7,28,C,0.0005071603297231891,0.2415442019701004,0.002287713112309575,0.0019391803070902824,0.004671079381877797,0.8476501252750703,0.6065338850021362,0.0132197944747452,
test/geometry/477.json|256,test/geometry/477.json,256,7,29,R,0.0007347332020312984,0.1272772252559662,0.0006442182348109782,0.0006417882395908237,0.003110793289772603,0.9962279921848293,0.1492868810892105,0.002927892184053567,
test/geometry/477.json|256,test/geometry/477.json,256,7,29,C,0.0005071603297231891,0.12878070771694183,0.0009662488009780645,0.0008712675189599395,0.0042230956947814985,0.9017010082458231,0.32447564601898193,0.006390070159897654,
test/geometry/477.json|256,test/geometry/477.json,256,7,30,R,0.0007347332020312984,0.17214824259281158,0.0008570768986828625,0.000848455645609647,0.0036161586193936513,0.989941096211547,0.1932433843612671,0.003632342260640184,
test/geometry/477.json|256,test/geometry/477.json,256,7,30,C,0.0005071603297231891,0.17464348673820496,0.001252594287507236,0.0011101780692115426,0.004731632130465106,0.8863029948305,0.342570036649704,0.006441998835627,
test/geometry/477.json|256,test/geometry/477.json,256,8,0,R,0.0007347332020312984,2.008817195892334,0.04370306804776192,0.0436975322663784,0.0062936743598002295,0.9998733319505776,0.29681217670440674,0.005309994481256445,
test/geometry/477.json|256,test/geometry/477.json,256,8,0,C,0.0005071603297231891,2.203397274017334,0.020164262503385544,0.0006306330906227231,9.082891200123033e-05,0.031274790758430475,0.14554961025714874,0.0025932981058574677,
test/geometry/477.json|256,test/geometry/477.json,256,8,1,R,0.0007347332020312984,0.05252730846405029,0.0005752054858021438,0.0005738894687965512,0.007428505908624988,0.9977120906601413,0.17682050168514252,0.006560784110497863,
test/geometry/477.json|256,test/geometry/477.json,256,8,1,C,0.0005071603297231891,0.05301478132605553,0.0005495495861396194,0.00017274888523388654,0.002236085839594375,0.3143463106451169,0.07862001657485962,0.002918144812886617,
test/geometry/477.json|256,test/geometry/477.json,256,8,2,R,0.0007347332020312984,0.05366162210702896,0.0003330507024656981,0.0003330441832076758,0.004745486586339529,0.9999804226264817,0.12662950158119202,0.004667864681151069,
test/geometry/477.json|256,test/geometry/477.json,256,8,2,C,0.0005071603297231891,0.05496370047330856,0.00021138603915460408,0.00012620586494449526,0.001798284640323594,0.5970397328612168,0.1422530859708786,0.005221064272358327,
test/geometry/477.json|256,test/geometry/477.json,256,8,4,R,0.0007347332020312984,0.05240498483181,0.00031833257526159286,0.00031827425118535757,0.005705839299180059,0.9998167794294878,0.14117959141731262,0.005294745792534272,
test/geometry/477.json|256,test/geometry/477.json,256,8,4,C,0.0005071603297231891,0.053452011197805405,0.0005097774555906653,0.0001682311703916639,0.0030159524994335246,0.33000904260611125,0.16503585875034332,0.0061480292185243065,
test/geometry/477.json|256,test/geometry/477.json,256,8,5,R,0.0007347332020312984,0.05227617546916008,0.00031155580654740334,0.0003114948922302574,0.006667167412420979,0.9998044802386273,0.17802007496356964,0.007083945231955743,
test/geometry/477.json|256,test/geometry/477.json,256,8,5,C,0.0005071603297231891,0.05300034210085869,0.00027819338720291853,0.0001500610524090007,0.003211873399693914,0.5394127206917796,0.1597776710987091,0.006336297438598865,
test/geometry/477.json|256,test/geometry/477.json,256,8,6,R,0.0007347332020312984,0.05426255241036415,0.0004616946680471301,0.00046161285717971623,0.007723827584866474,0.9998228009268924,0.18388663232326508,0.005754572206307,
test/geometry/477.json|256,test/geometry/477.json,256,8,6,C,0.0005071603297231891,0.05481965094804764,0.00024885963648557663,0.00015122094191610813,0.0025302685235355058,0.6076555581451917,0.14167752861976624,0.004436748549158542,
test/geometry/477.json|256,test/geometry/477.json,256,8,8,R,0.0007347332020312984,0.2686917781829834,0.000593127915635705,0.0005930535262450576,0.0073730622255314595,0.9998745795155464,0.27168768644332886,0.00798653335777263,
test/geometry/477.json|256,test/geometry/477.json,256,8,8,C,0.0005071603297231891,0.27109596133232117,0.002237018197774887,0.0007925498648546636,0.009853274977401221,0.3542885191048991,0.8654407858848572,0.02343102115765032,
test/geometry/477.json|256,test/geometry/477.json,256,8,9,R,0.0007347332020312984,0.07773402333259583,0.0003257094358559698,0.0003255598130635917,0.005865621624873688,0.9995406218689199,0.2280392199754715,0.007201429665664908,
test/geometry/477.json|256,test/geometry/477.json,256,8,9,C,0.0005071603297231891,0.07976601272821426,0.0004940279759466648,0.00028270992334000766,0.005093593783289282,0.5722548854161937,0.3102058470249176,0.009795400360565342,
test/geometry/477.json|256,test/geometry/477.json,256,8,10,R,0.0007347332020312984,0.07188016921281815,0.0004142767866142094,0.0004141245153732598,0.0072049665781538635,0.9996324383950486,0.275432288646698,0.007414387145660119,
test/geometry/477.json|256,test/geometry/477.json,256,8,10,C,0.0005071603297231891,0.07318311184644699,0.0004961384693160653,0.0002854105841834098,0.004965592819926107,0.5752639661294332,0.24930375814437866,0.006700852148200985,
test/geometry/477.json|256,test/geometry/477.json,256,8,12,R,0.0007347332020312984,0.06401775777339935,0.0003406220057513565,0.0003402302972972393,0.005359318031777423,0.9988500171851694,0.22431893646717072,0.005821013253201934,
test/geometry/477.json|256,test/geometry/477.json,256,8,12,C,0.0005071603297231891,0.06469473242759705,0.0004698738921433687,0.000309066497720778,0.004868424909278947,0.6577647795096271,0.2891356647014618,0.0074919910738128325,
test/geometry/477.json|256,test/geometry/477.json,256,8,13,R,0.0007347332020312984,0.06000099331140518,0.0006802929565310478,0.000679945747833699,0.009991540593180996,0.9994896173868845,0.2567831575870514,0.008109544807923192,
test/geometry/477.json|256,test/geometry/477.json,256,8,13,C,0.0005071603297231891,0.06105726957321167,0.0004819287860300392,0.0003055186534766108,0.0044894788119656855,0.633949790298722,0.2853315472602844,0.009023283331511946,
test/geometry/477.json|256,test/geometry/477.json,256,8,14,R,0.0007347332020312984,0.059091441333293915,0.00043953623389825225,0.0004394163261167705,0.006261993081002392,0.9997271924998186,0.20707280933856964,0.005286271131662844,
test/geometry/477.json|256,test/geometry/477.json,256,8,14,C,0.0005071603297231891,0.060647785663604736,0.0005496145458891988,0.00028592682792805135,0.0040746592963016555,0.5202315505409897,0.276332825422287,0.0070279337213442995,
test/geometry/477.json|256,test/geometry/477.json,256,8,16,R,0.0007347332020312984,0.06444701552391052,0.00041013845475390553,0.0004090530565008521,0.006020804827396923,0.9973535784371688,0.22341908514499664,0.005689068711931571,
test/geometry/477.json|256,test/geometry/477.json,256,8,16,C,0.0005071603297231891,0.06523536145687103,0.0007109945872798562,0.00036132746026851237,0.005318337273079873,0.5082000147746405,0.28711897134780884,0.007264994891450424,
test/geometry/477.json|256,test/geometry/477.json,256,8,17,R,0.0007347332020312984,0.05631568282842636,0.00024810308241285384,0.0002476982190273702,0.004719376524422157,0.9983681606052033,0.15730908513069153,0.004601336449523327,
test/geometry/477.json|256,test/geometry/477.json,256,8,17,C,0.0005071603297231891,0.05711839348077774,0.0004136962234042585,0.00034724449506029487,0.006616024631332933,0.8393707135237767,0.27816492319107056,0.008141054207072644,
test/geometry/477.json|256,test/geometry/477.json,256,8,18,R,0.0007347332020312984,0.049429018050432205,0.00035482042585499585,0.00035394830047152936,0.003498400422631745,0.9975420626394126,0.16514773666858673,0.0035365178600604602,
test/geometry/477.json|256,test/geometry/477.json,256,8,18,C,0.0005071603297231891,0.05049801990389824,0.00044996943324804306,0.0003339240502100438,0.003300482123591064,0.7421038514939885,0.16955214738845825,0.0036320512365559873,
test/geometry/477.json|256,test/geometry/477.json,256,8,20,R,0.0007347332020312984,0.2490934431552887,0.001214986084960401,0.0011657075956463814,0.0038278410776679903,0.959441107282256,0.17723248898983002,0.0037496924118475103,
test/geometry/477.json|256,test/geometry/477.json,256,8,20,C,0.0005071603297231891,0.2547290623188019,0.001411700272001326,0.0011982386931777,0.00393466363925811,0.8487911464592983,0.3327128291130066,0.0070484163861630105,
test/geometry/477.json|256,test/geometry/477.json,256,8,21,R,0.0007347332020312984,0.19564765691757202,0.0011598337441682816,0.001156524522230029,0.0027657496282300787,0.9971468126772149,0.18105265498161316,0.003381895545926465,
test/geometry/477.json|256,test/geometry/477.json,256,8,21,C,0.0005071603297231891,0.19655074179172516,0.0013323667226359248,0.0011593789095059037,0.0027725757009983867,0.8701650145855108,0.3030301630496979,0.0056879713795753555,
test/geometry/477.json|256,test/geometry/477.json,256,8,22,R,0.0007347332020312984,0.07614400237798691,0.000302285683574155,0.00029979555984027684,0.003012240710621276,0.9917623464790067,0.12897460162639618,0.002786407784889894,
test/geometry/477.json|256,test/geometry/477.json,256,8,22,C,0.0005071603297231891,0.07817763835191727,0.0006148837856017053,0.0005479652318172157,0.005505762594230014,0.8911687765352698,0.27907490730285645,0.006038718278554577,
test/geometry/477.json|256,test/geometry/477.json,256,8,24,R,0.0007347332020312984,0.19282302260398865,0.0012738300720229745,0.0012662482913583517,0.002456930930230427,0.994048043121929,0.1506134569644928,0.002806872837441504,
test/geometry/477.json|256,test/geometry/477.json,256,8,24,C,0.0005071603297231891,0.1958453506231308,0.0013199858367443085,0.0011863911058753729,0.0023019821809580356,0.8987907839244454,0.3493254482746124,0.006540566668398238,
test/geometry/477.json|256,test/geometry/477.json,256,8,25,R,0.0007347332020312984,0.19816190004348755,0.0008303807117044926,0.0007969648577272892,0.0019328859398106387,0.9597583921857117,0.11830268800258636,0.002459621161743901,
test/geometry/477.json|256,test/geometry/477.json,256,8,25,C,0.0005071603297231891,0.21018767356872559,0.0014000973897054791,0.0013164017582312226,0.0031926808628465427,0.9402215638498661,0.6069875359535217,0.012671687323866325,
test/geometry/477.json|256,test/geometry/477.json,256,8,26,R,0.0007347332020312984,0.3618762791156769,0.0003495301934890449,0.00034892698749899864,0.0017599441406279549,0.9982742349600782,0.16417282819747925,0.0033787336547068006,
test/geometry/477.json|256,test/geometry/477.json,256,8,26,C,0.0005071603297231891,0.3659965693950653,0.0009783259592950344,0.0008166013285517693,0.004118835099901277,0.8346924866488326,0.47374871373176575,0.009699936149542053,
test/geometry/477.json|256,test/geometry/477.json,256,8,28,R,0.0007347332020312984,0.2368791103363037,0.0014246912905946374,0.0014144713059067726,0.003170814453179872,0.9928265261757685,0.12838608026504517,0.0028110964027981277,
test/geometry/477.json|256,test/geometry/477.json,256,8,28,C,0.0005071603297231891,0.24083292484283447,0.002309406641870737,0.0017955317161977291,0.004025035992662168,0.7774861658688964,0.6475032567977905,0.014216248426304298,
test/geometry/477.json|256,test/geometry/477.json,256,8,29,R,0.0007347332020312984,0.12679599225521088,0.0005946496385149658,0.0005894909845665097,0.0028109645550726636,0.9913248834176309,0.135339617729187,0.0026940914265980646,
test/geometry/477.json|256,test/geometry/477.json,256,8,29,C,0.0005071603297231891,0.1284734606742859,0.0008499189862050116,0.0008259052992798388,0.003938296908526125,0.9717459095670486,0.33200782537460327,0.0066189394498060595,
test/geometry/477.json|256,test/geometry/477.json,256,8,30,R,0.0007347332020312984,0.17130263149738312,0.0008400990045629442,0.0008385036489926279,0.003455497653105817,0.99810098981221,0.19015903770923615,0.0035892664229978393,
test/geometry/477.json|256,test/geometry/477.json,256,8,30,C,0.0005071603297231891,0.174048513174057,0.0012094313278794289,0.001092563266865909,0.00450248464518962,0.9033694107115604,0.3844694495201111,0.007274683509087776,
