heldout_unit,layer,head,top1_energy,top4_energy,effective_rank,rank1_relative_fro_error
test/algebra/1332.json|128,0,0,0.9984080975616784,0.9998920666593568,1.4416140677066405,0.03989865208652587
test/algebra/1332.json|128,0,1,0.9931867198984695,0.9997479714203845,1.73797431577549,0.08254259567962764
test/algebra/1332.json|128,0,2,0.8766523979500294,0.992779489328949,3.87186722375743,0.3512087727406174
test/algebra/1332.json|128,0,3,0.8675434192880579,0.9927397907147611,3.8630411454883498,0.3639458485983074
test/algebra/1332.json|128,0,4,0.9874599030062925,0.9997139980586441,1.9596034441762138,0.11198257450919542
test/algebra/1332.json|128,0,5,0.9951397073847325,0.9999228006811196,1.6331416887299584,0.06971579889284456
test/algebra/1332.json|128,0,6,0.984639853773668,0.9995509842959761,2.084251895871965,0.12393605700655469
test/algebra/1332.json|128,0,7,0.9881103979400846,0.9997496226450351,1.865109241394254,0.10903945185076548
test/algebra/1332.json|128,0,8,0.8150894534621946,0.9966473495045796,3.8105805333908553,0.430012263241184
test/algebra/1332.json|128,0,9,0.7584629175747606,0.9931831424206657,4.243391392795089,0.4914642229351384
test/algebra/1332.json|128,0,10,0.999915009751271,0.9999915221697029,1.1346094428577838,0.009219015605203674
test/algebra/1332.json|128,0,11,0.9996813243241869,0.9999856965395455,1.209289093556366,0.017851489456432428
test/algebra/1332.json|128,0,12,0.9998375189953896,0.9999978578641449,1.1430262611137174,0.012746803701726945
test/algebra/1332.json|128,0,13,0.9998171552512419,0.9999976289459014,1.148641357440706,0.01352200978989702
test/algebra/1332.json|128,0,14,0.6750054016173894,0.9941785480714859,4.088865784225378,0.5700829749980353
test/algebra/1332.json|128,0,15,0.7473654604767365,0.9942216746412812,4.116640889717699,0.5026276350572694
test/algebra/1332.json|128,0,16,0.5693535400856798,0.9641513186084839,5.233260062931683,0.6562365883691035
test/algebra/1332.json|128,0,17,0.5109765541377811,0.9607523685918321,6.012580344085159,0.6993021134404063
test/algebra/1332.json|128,0,18,0.9821793545020758,0.999585355445392,2.180810471763829,0.13349399049367042
test/algebra/1332.json|128,0,19,0.9816575487594703,0.9994416603413633,2.244960363841935,0.13543430599567338
test/algebra/1332.json|128,0,20,0.9999514452629077,0.9999935736377378,1.1111803537285143,0.006968122924598134
test/algebra/1332.json|128,0,21,0.99988978559685,0.9999948260004482,1.140946589396547,0.010498304775055601
test/algebra/1332.json|128,0,22,0.9117624827291781,0.9937772500252787,3.521640275532231,0.29704800499384243
test/algebra/1332.json|128,0,23,0.967230513755672,0.9962786400117003,2.9369327546843804,0.1810234411459686
test/algebra/1332.json|128,0,24,0.9758298960847953,0.9982420126158471,2.492524479010004,0.15546737251013373
test/algebra/1332.json|128,0,25,0.9639651306238456,0.9970539168286889,2.8822203945863656,0.18982852624448837
test/algebra/1332.json|128,0,26,0.8272331733650031,0.9950858982976526,4.023229092203222,0.4156522905446292
test/algebra/1332.json|128,0,27,0.6973368269086851,0.9783097198751609,4.965748773260663,0.5501483191752156
test/algebra/1332.json|128,0,28,0.6467125939920162,0.9975740942966999,4.138075668801914,0.5943798499343529
test/algebra/1332.json|128,0,29,0.79419187517254,0.997196690298387,3.8063464903823383,0.45366080371513257
test/algebra/1332.json|128,0,30,0.9903973455204048,0.9996926165519608,1.859439577320738,0.09799313485951547
test/algebra/1332.json|128,0,31,0.9923442616195587,0.9996464446353346,1.8452182897552951,0.08749707641082251
test/algebra/1332.json|128,1,0,0.974711391455314,0.9984479723286012,2.494072423307383,0.15902392444121718
test/algebra/1332.json|128,1,1,0.9660695344355394,0.9988437302527539,2.6478418946581583,0.18420224093224424
test/algebra/1332.json|128,1,2,0.8319798972508413,0.994627424524875,4.0457624737907265,0.4099025527477948
test/algebra/1332.json|128,1,3,0.895817355620876,0.9972041973034849,3.325763450408125,0.3227733638005527
test/algebra/1332.json|128,1,4,0.9201262900982722,0.9877542148184721,4.022643056012966,0.28261937283513994
test/algebra/1332.json|128,1,5,0.8236943638561287,0.959392659409066,5.181997483831734,0.4198876470484352
test/algebra/1332.json|128,1,6,0.6913998232603152,0.9938734668968267,4.386221106016217,0.555517935569757
test/algebra/1332.json|128,1,7,0.8599474839596088,0.9931391154103112,3.7005398449049403,0.37423590960835273
test/algebra/1332.json|128,1,8,0.8032753380307742,0.9947976397566172,3.810846282767012,0.44353653961001427
test/algebra/1332.json|128,1,9,0.7790151445468269,0.9968714255568962,3.4952807551161333,0.47009026309122076
test/algebra/1332.json|128,1,10,0.9086891916186339,0.9996417001109598,2.5864945281844287,0.3021767833261948
test/algebra/1332.json|128,1,11,0.8868327300580724,0.9988156061121221,2.947141097103652,0.3364034333087693
test/algebra/1332.json|128,1,12,0.687296636827044,0.9606870708729236,5.560690673855193,0.5591988583437524
test/algebra/1332.json|128,1,13,0.5835917706325054,0.997248743122873,3.8407557239655756,0.6452970086460146
test/algebra/1332.json|128,1,14,0.9424837042769563,0.996479075686135,3.1096662480760777,0.2398255526899578
test/algebra/1332.json|128,1,15,0.9446284656642138,0.9926078440163875,3.352892378795502,0.23531156863993372
test/algebra/1332.json|128,1,16,0.9479309351062869,0.9995460578642935,2.5554910638982538,0.2281864695675734
test/algebra/1332.json|128,1,17,0.7877043339428755,0.9992845404610723,3.181963942363114,0.46075553828155386
test/algebra/1332.json|128,1,18,0.8827410404648005,0.9894823764812073,3.9292618951626386,0.3424309558658497
test/algebra/1332.json|128,1,19,0.704097213755046,0.9720256200933396,5.189760281780071,0.5439694717950209
test/algebra/1332.json|128,1,20,0.8459072882802684,0.994809038831013,3.5592567821078083,0.39254644530263116
test/algebra/1332.json|128,1,21,0.7526381707580826,0.9961806850114165,3.5988153437138495,0.49735483232991456
test/algebra/1332.json|128,1,22,0.7415770863001678,0.9947429824719389,3.8264319896264856,0.5083531387724799
test/algebra/1332.json|128,1,23,0.8153535388430014,0.9665689548108846,5.0971906117594195,0.4297050862591675
test/algebra/1332.json|128,1,24,0.8964048277691269,0.9919161390520977,3.894788611939886,0.32186203912681766
test/algebra/1332.json|128,1,25,0.7596572574776117,0.9977480846974409,3.6855446824509484,0.49024763387739906
test/algebra/1332.json|128,1,26,0.9359541244879837,0.9991901116615212,2.7213415566327313,0.2530728660129654
test/algebra/1332.json|128,1,27,0.9331688834087862,0.9986342587184254,2.7968312678869762,0.2585171495108473
test/algebra/1332.json|128,1,28,0.7733742217008264,0.971019338387377,4.9059891005018965,0.47605228525779986
test/algebra/1332.json|128,1,29,0.8720121087584309,0.9931391755873098,3.941817353958932,0.35775395349537237
test/algebra/1332.json|128,1,30,0.7821443128383752,0.9796669339022375,4.819567954383318,0.4667501335421607
test/algebra/1332.json|128,1,31,0.6289689152874032,0.9843037580828706,4.865527491770842,0.6091232097963406
test/algebra/1332.json|128,2,0,0.9746570687120032,0.9994994718920103,2.209109878439593,0.15919463335174588
test/algebra/1332.json|128,2,1,0.9749184475489152,0.9994391720388471,2.2589657458877777,0.15837156452812098
test/algebra/1332.json|128,2,2,0.9987177015472769,0.9998322934674302,1.4818153141135266,0.035809195086221865
test/algebra/1332.json|128,2,3,0.9998744734177056,0.9999912363371705,1.156095138927124,0.011203864614246564
test/algebra/1332.json|128,2,4,0.9208832641571613,0.9971362529703575,3.197652843211141,0.2812769735382524
test/algebra/1332.json|128,2,5,0.9536284941571483,0.9976863463751249,2.947635806467872,0.2153404417262388
test/algebra/1332.json|128,2,6,0.9956391407463214,0.9997359234617824,1.7123329820033528,0.06603680226720986
test/algebra/1332.json|128,2,7,0.9975097257713483,0.9999220675072645,1.5132815939647137,0.0499026475114464
test/algebra/1332.json|128,2,8,0.8710496644505834,0.9898465392704927,4.024336655531619,0.35909655463317464
test/algebra/1332.json|128,2,9,0.847552672383532,0.9958573443130352,3.7712118401630947,0.39044503789453894
test/algebra/1332.json|128,2,10,0.8621071403219613,0.9950385573344428,3.4432153522377233,0.3713392783938142
test/algebra/1332.json|128,2,11,0.9871087023766453,0.9997369845967281,1.9237547482562543,0.11353985037578095
test/algebra/1332.json|128,2,12,0.9599901973953372,0.9988499370931175,2.634620508177859,0.20002450501041816
test/algebra/1332.json|128,2,13,0.7275933543577423,0.9983204353638535,3.6197551948521953,0.5219259005282816
test/algebra/1332.json|128,2,14,0.9889329027906094,0.9997202584362465,1.9676442737290833,0.10520027190739854
test/algebra/1332.json|128,2,15,0.9731973180938542,0.9996706811771521,2.2325521849889953,0.16371524640712534
test/algebra/1332.json|128,2,16,0.6764782827445626,0.9978325861233656,3.6779306942119425,0.5687896951030648
test/algebra/1332.json|128,2,17,0.6723619406751521,0.9897619351028568,4.471979829279123,0.572396767395526
test/algebra/1332.json|128,2,18,0.7530999089578353,0.9982100556240315,3.2917916769533275,0.4968904215641158
test/algebra/1332.json|128,2,19,0.750782609646292,0.9989084461293357,3.015825920177295,0.49921677691530764
test/algebra/1332.json|128,2,20,0.7876272378769624,0.9961074694236977,3.8131502205058445,0.4608391933451815
test/algebra/1332.json|128,2,21,0.9565089465993886,0.9965936202813274,3.056380124350412,0.20854508721284093
test/algebra/1332.json|128,2,22,0.9072232805342287,0.9965560801166841,3.2775040470083914,0.30459271078896694
test/algebra/1332.json|128,2,23,0.8438844208611049,0.9947177317437427,3.7910396302828517,0.395114640501836
test/algebra/1332.json|128,2,24,0.9913175849516576,0.9999583224909808,1.5873067714655913,0.09317947761359494
test/algebra/1332.json|128,2,25,0.7036876215296828,0.9999384571923295,2.2444461906527273,0.5443458261714856
test/algebra/1332.json|128,2,26,0.9157310570392204,0.995597443626618,3.417455879863775,0.2902911348298111
test/algebra/1332.json|128,2,27,0.7678323961606495,0.9977052593311936,3.1640529971734486,0.48183773600596136
test/algebra/1332.json|128,2,28,0.9843857436020141,0.999580004264438,2.0776041062018984,0.12495701820220367
test/algebra/1332.json|128,2,29,0.9961550914376001,0.9999255418000845,1.5665115397397629,0.06200732668322301
test/algebra/1332.json|128,2,30,0.9863070624233967,0.9998176756118424,1.8666051775483943,0.11701682604054547
test/algebra/1332.json|128,2,31,0.961706664222696,0.9998972094707456,2.062659854073109,0.19568683087347494
test/algebra/1332.json|128,4,0,0.814083453742997,0.9961769418981322,3.6597893845325156,0.431180410335399
test/algebra/1332.json|128,4,1,0.734544178217602,0.9957986221714762,4.03263651995101,0.5152240500815136
test/algebra/1332.json|128,4,2,0.746297015412139,0.997536013843663,3.8102348597993463,0.5036893731138875
test/algebra/1332.json|128,4,3,0.7584437306903132,0.9985229699795662,3.5879156670119188,0.4914837426707894
test/algebra/1332.json|128,4,4,0.9383574994479121,0.9981762492233321,2.9814975385382914,0.24827907795883217
test/algebra/1332.json|128,4,5,0.962985226495401,0.9964141104836238,2.9279225276019605,0.1923922386807717
test/algebra/1332.json|128,4,6,0.9882090842637635,0.9997458246598317,1.7986878226963403,0.10858598314808626
test/algebra/1332.json|128,4,7,0.8889416243836986,0.9980876277437615,3.310785250812933,0.3332542207029063
test/algebra/1332.json|128,4,8,0.9088049237419794,0.9996257969682478,2.6120613315653203,0.30198522523133575
test/algebra/1332.json|128,4,9,0.955489256551608,0.9997981337710344,2.0976552419076584,0.2109756939753772
test/algebra/1332.json|128,4,10,0.9994188009286453,0.9999920734233181,1.2528515255716042,0.024108070668443723
test/algebra/1332.json|128,4,11,0.9931897708211294,0.999966731776951,1.534093866598532,0.08252411271180467
test/algebra/1332.json|128,4,12,0.8648064745421781,0.997901331789154,3.050255733956777,0.367686721894906
test/algebra/1332.json|128,4,13,0.9588241265324098,0.99643538552605,3.0422825580511956,0.2029183911516899
test/algebra/1332.json|128,4,14,0.7663796250931577,0.9967003228472887,3.7713282789030314,0.4833429164752932
test/algebra/1332.json|128,4,15,0.7166016456879944,0.9979984581408323,3.785453411333193,0.5323517204931394
test/algebra/1332.json|128,4,16,0.9305379415362228,0.9990823904894272,2.855517552796652,0.2635565564803448
test/algebra/1332.json|128,4,17,0.8509202963896895,0.9994982431128502,2.9996767813219707,0.3861084091421871
test/algebra/1332.json|128,4,18,0.997421835354453,0.9999635905410001,1.395140610313797,0.0507756304298337
test/algebra/1332.json|128,4,19,0.9963996835551376,0.999896367740326,1.5177705234233998,0.06000263698257237
test/algebra/1332.json|128,4,20,0.8488121519616922,0.9997861256117373,2.420539253537243,0.3888288158538507
test/algebra/1332.json|128,4,21,0.8445481487545446,0.9998542337578169,2.7420582777382636,0.3942738277459656
test/algebra/1332.json|128,4,22,0.8936646637631791,0.9956509334693379,3.7516612751427814,0.3260909937990022
test/algebra/1332.json|128,4,23,0.8431631187909201,0.9950189978824341,3.8698617924896888,0.39602636428535903
test/algebra/1332.json|128,4,24,0.9126408354754282,0.9969597367132902,3.354691093034885,0.29556583788484725
test/algebra/1332.json|128,4,25,0.8982316581092485,0.9958634271166192,3.351842542011317,0.3190115074581973
test/algebra/1332.json|128,4,26,0.9742385508734761,0.9991533199643631,2.385586262999092,0.16050373555317612
test/algebra/1332.json|128,4,27,0.9628099749850183,0.9995200181798424,2.4540629874994235,0.19284715454209247
test/algebra/1332.json|128,4,28,0.9715479750647981,0.9999136940546606,2.079477952908216,0.1686772804357538
test/algebra/1332.json|128,4,29,0.9605141760795534,0.9999450632442501,2.0909799068892174,0.1987104021445446
test/algebra/1332.json|128,4,30,0.7300161560486796,0.9925782470033092,3.8881645831475526,0.519599695873006
test/algebra/1332.json|128,4,31,0.6802694601207889,0.9864518231247764,4.583933613214577,0.5654472034409677
test/algebra/1332.json|128,5,0,0.996122186789864,0.9999806495162022,1.432855872251502,0.062272090137846084
test/algebra/1332.json|128,5,1,0.9986845661348375,0.9999346139169751,1.410190269541946,0.036268910449068215
test/algebra/1332.json|128,5,2,0.8053594078045536,0.9963830327621538,3.9830719776211283,0.44118090642665664
test/algebra/1332.json|128,5,3,0.8188538669997851,0.9962738176958982,3.761664428053865,0.4256126560620758
test/algebra/1332.json|128,5,4,0.9751602943604802,0.9997930157868664,2.1480341393411946,0.15760617259333393
test/algebra/1332.json|128,5,5,0.9542762038624084,0.9996463261645896,2.33608365016379,0.21383123283933894
test/algebra/1332.json|128,5,6,0.8093487866588519,0.9875794227368424,4.466550290239722,0.4366362483133393
test/algebra/1332.json|128,5,7,0.8202585770994366,0.9889741026007274,4.389733639500278,0.42395922315779777
test/algebra/1332.json|128,5,8,0.6766303461644323,0.9837236711144389,4.751717497777034,0.5686560065941163
test/algebra/1332.json|128,5,9,0.7456454397828696,0.9843312909267743,4.849543620195357,0.5043357613902968
test/algebra/1332.json|128,5,10,0.6710392239698084,0.9980573524111063,3.3929385567140606,0.573551023039966
test/algebra/1332.json|128,5,11,0.7220809253014565,0.9833069829660306,4.584547861321173,0.5271803056815983
test/algebra/1332.json|128,5,12,0.9315464771369089,0.9951788707405949,3.3600477651915757,0.2616362414939703
test/algebra/1332.json|128,5,13,0.9220176733309579,0.9909765441089673,3.635120070796176,0.27925315874496776
test/algebra/1332.json|128,5,14,0.9091554295274511,0.9932455678441579,3.3245837890640084,0.30140433054710564
test/algebra/1332.json|128,5,15,0.8851164070957365,0.9971375348023596,3.4576865956459724,0.3389448228019769
test/algebra/1332.json|128,5,16,0.8921834882425136,0.9949934192136747,3.495746623147953,0.32835424735715907
test/algebra/1332.json|128,5,17,0.9156441978921375,0.9975896060154017,3.1309278793342483,0.29044070325603905
test/algebra/1332.json|128,5,18,0.881635765989412,0.992915507956715,3.7475413935102644,0.34404103535855723
test/algebra/1332.json|128,5,19,0.8957142288118367,0.9956311978777066,3.606001169702171,0.3229330754013334
test/algebra/1332.json|128,5,20,0.8354624220955091,0.9949797330858736,3.924610583060547,0.40563231861439597
test/algebra/1332.json|128,5,21,0.8131910693015071,0.9927214983988067,3.840478274608,0.4322139871620225
test/algebra/1332.json|128,5,22,0.9887387077241861,0.999513257969376,2.0115399648759587,0.10611923612528433
test/algebra/1332.json|128,5,23,0.9868796994915228,0.9998133818895883,1.945366041942221,0.11454388027510345
test/algebra/1332.json|128,5,24,0.8773307797958999,0.9891611091537038,4.202451273713537,0.3502416597209705
test/algebra/1332.json|128,5,25,0.784438816203436,0.9876665739946132,4.649140516365073,0.4642856704622317
test/algebra/1332.json|128,5,26,0.9145342145504133,0.9980759183193207,3.0301050188132064,0.2923453188432931
test/algebra/1332.json|128,5,27,0.8715684819706188,0.9990728192472668,3.0116828478007194,0.358373433766206
test/algebra/1332.json|128,5,28,0.9063462550959714,0.9972555877890094,3.347598991969402,0.3060289935676497
test/algebra/1332.json|128,5,29,0.8874526321882904,0.9963988993017026,3.409235232655,0.3354808009584298
test/algebra/1332.json|128,5,30,0.9818276501873251,0.9975921103739642,2.5255397000607918,0.13480485826807173
test/algebra/1332.json|128,5,31,0.9766914472822528,0.9971477668631303,2.702984607360848,0.1526713880127748
test/algebra/1332.json|128,6,0,0.8442226298784379,0.9881336222073348,4.1632494056825635,0.3946864199862495
test/algebra/1332.json|128,6,1,0.8624221017162227,0.9912777846954239,4.24415377974538,0.3709149475065373
test/algebra/1332.json|128,6,2,0.9413483371984387,0.995782373910388,3.335597131854164,0.2421810537625958
test/algebra/1332.json|128,6,3,0.9845555014504945,0.9981866143671455,2.3566030255556982,0.12427589689680565
test/algebra/1332.json|128,6,4,0.9800075148252891,0.99900851473326,2.4555934859160984,0.14139478482147375
test/algebra/1332.json|128,6,5,0.9801202026729664,0.9987873324641993,2.468277464351736,0.14099573513774663
test/algebra/1332.json|128,6,6,0.9566547475035438,0.99835216913439,2.80138566153681,0.20819522688202088
test/algebra/1332.json|128,6,7,0.9487381805341426,0.9986023031876107,2.7439836158481894,0.22641073178155094
test/algebra/1332.json|128,6,8,0.9270304588321635,0.9950401471531063,3.3603850442980043,0.27012874924346075
test/algebra/1332.json|128,6,9,0.9224795337582454,0.9930464926780711,3.4502636430553433,0.2784249741703401
test/algebra/1332.json|128,6,10,0.902437290581367,0.9884521874603156,4.057563503451,0.31235029921329194
test/algebra/1332.json|128,6,11,0.933377971483279,0.9961011365906874,3.4417736967106403,0.2581124338669508
test/algebra/1332.json|128,6,12,0.9308832232216186,0.993884237931211,3.3902009967146745,0.26290069756161044
test/algebra/1332.json|128,6,13,0.9632624653405251,0.9964316691037508,2.9682031987599826,0.1916703802351186
test/algebra/1332.json|128,6,14,0.9943704555556363,0.9997164728272934,1.7372136039010548,0.07503029017912498
test/algebra/1332.json|128,6,15,0.9947852416575977,0.9997839596138111,1.7124722015934164,0.07221328369768445
test/algebra/1332.json|128,6,16,0.8876065568082508,0.9896359280438701,3.9407743112160505,0.3352513134825114
test/algebra/1332.json|128,6,17,0.8932173638136088,0.9871417744990839,4.1335550990625896,0.3267761254840861
test/algebra/1332.json|128,6,18,0.9948841608088004,0.9998130463373991,1.6571689275193062,0.07152509483530674
test/algebra/1332.json|128,6,19,0.9814646713531978,0.9997368003055376,2.0227435432287195,0.13614451383292014
test/algebra/1332.json|128,6,20,0.958007552720125,0.9990743860167748,2.603094167406829,0.2049205877404097
test/algebra/1332.json|128,6,21,0.9954920694230303,0.9997545105367307,1.6785015824233287,0.06714112433501351
test/algebra/1332.json|128,6,22,0.9152551163152338,0.999388908998317,3.0087435455547533,0.2911097450872543
test/algebra/1332.json|128,6,23,0.8982562914056162,0.9987950151043855,3.2012838312488863,0.31897289633193565
test/algebra/1332.json|128,6,24,0.834050184800913,0.9984460752727774,3.2004527647460916,0.40736938421914703
test/algebra/1332.json|128,6,25,0.9840652473711429,0.9996236794148792,2.064291106473363,0.12623293004940164
test/algebra/1332.json|128,6,26,0.9691974595413673,0.9997303882626355,2.1805778084597924,0.17550652540185716
test/algebra/1332.json|128,6,27,0.9746557792413982,0.9996956202159368,2.110104264989939,0.15919868328162065
test/algebra/1332.json|128,6,28,0.7973692582181385,0.9933678537901978,3.8270254819049723,0.4501452452063239
test/algebra/1332.json|128,6,29,0.8065224920488223,0.9957961956837952,3.5637928536479846,0.4398607824655179
test/algebra/1332.json|128,6,30,0.9883362962896989,0.9997250289643469,1.8940788249373823,0.10799862827971993
test/algebra/1332.json|128,6,31,0.957880032987114,0.9987775149949684,2.627390006820605,0.20523149615223782
test/algebra/1332.json|128,8,0,0.7790029679307062,0.9938903060561821,3.9654378838497277,0.47010321427245505
test/algebra/1332.json|128,8,1,0.7481500073695977,0.9972165094641101,3.4719454822793603,0.5018465827625035
test/algebra/1332.json|128,8,2,0.724179029760449,0.983636136702528,4.911045302125112,0.5251866051600621
test/algebra/1332.json|128,8,3,0.6011219814786903,0.9834699342083052,4.947089124133973,0.6315679049170482
test/algebra/1332.json|128,8,4,0.9301421885503649,0.9926744594785464,3.632259852083303,0.264306283409296
test/algebra/1332.json|128,8,5,0.9403912737438734,0.9940751757704999,3.4634983841499687,0.24414898372945681
test/algebra/1332.json|128,8,6,0.9523640273847893,0.9978539667871985,2.9670923572575374,0.2182566668287837
test/algebra/1332.json|128,8,7,0.8815120732261897,0.9985104803346962,3.1337018754135895,0.34422075296793225
test/algebra/1332.json|128,8,8,0.9871076533146702,0.9986264293517289,2.3123388885161065,0.11354447007815832
test/algebra/1332.json|128,8,9,0.9068138838295059,0.992749626307218,3.8371193405095463,0.3052640106047454
test/algebra/1332.json|128,8,10,0.9733280579886189,0.9984898891554627,2.5078427577132203,0.16331546776524605
test/algebra/1332.json|128,8,11,0.96636397105775,0.9982600975340932,2.6811691879373063,0.18340127846405554
test/algebra/1332.json|128,8,12,0.982559703626549,0.9990858144279171,2.32782441955869,0.13206171426061003
test/algebra/1332.json|128,8,13,0.9759322300685032,0.9987248580953565,2.4250637689328722,0.1551379061722081
test/algebra/1332.json|128,8,14,0.9899600108527862,0.9996816206207585,1.937887464608272,0.10019974624326064
test/algebra/1332.json|128,8,15,0.9398137505998665,0.9996608386833885,2.4566790206091893,0.2453288596968027
test/algebra/1332.json|128,8,16,0.9341161845989923,0.9967049893019393,3.0066241929022763,0.25667842800088936
test/algebra/1332.json|128,8,17,0.9460981601912214,0.9968383058757372,2.9334956402350008,0.23216769759977077
test/algebra/1332.json|128,8,18,0.9931983339957283,0.999873200065133,1.6331627149166386,0.0824722135283859
test/algebra/1332.json|128,8,19,0.9909886561006073,0.9998790462478342,1.6819360857779675,0.09492809857672665
test/algebra/1332.json|128,8,20,0.9999651533808553,1.0,1.0550239539999946,0.005903102501622113
test/algebra/1332.json|128,8,21,0.9999392949781561,1.0,1.0742198747401026,0.007791342749735394
test/algebra/1332.json|128,8,22,0.8829677201514312,0.9887815764734197,3.899693259663207,0.34209980977569804
test/algebra/1332.json|128,8,23,0.8506466192148074,0.9880033093517656,3.9994836339270092,0.38646265121637896
test/algebra/1332.json|128,8,24,0.9117300757783805,0.9969252697036713,3.3165110300894187,0.2971025483256909
test/algebra/1332.json|128,8,25,0.8153108377545046,0.9904845886667455,4.240925071193855,0.4297547698926626
test/algebra/1332.json|128,8,26,0.8406165945057228,0.9946529523717191,3.789870223240271,0.39922851287737104
test/algebra/1332.json|128,8,27,0.9738833679769681,0.999009926152205,2.411038082782356,0.16160641083518915
test/algebra/1332.json|128,8,28,0.9628341879284816,0.9979475347387892,2.672852648777497,0.19278436677157815
test/algebra/1332.json|128,8,29,0.9587098713859102,0.9987036509850151,2.6932073022193976,0.20319972592031163
test/algebra/1332.json|128,8,30,0.9960340289533653,0.9997230055101908,1.712748632975115,0.06297595609940872
test/algebra/1332.json|128,8,31,0.954128675251412,0.9960542320490082,3.1238321373275584,0.2141759200951125
test/algebra/1332.json|128,9,0,0.9610973879655252,0.9956775280479127,2.96032769127264,0.19723745089225514
test/algebra/1332.json|128,9,1,0.9459518821686647,0.9979628453348078,2.919039810622807,0.23248251080744836
test/algebra/1332.json|128,9,2,0.9031780269394815,0.9869651927733689,4.059369554622169,0.31116229376407184
test/algebra/1332.json|128,9,3,0.9096506645671938,0.9889195443669254,4.01987085256209,0.30058166183718893
test/algebra/1332.json|128,9,4,0.9695759234444605,0.9996059008346876,2.403893128610456,0.17442498833464049
test/algebra/1332.json|128,9,5,0.97757634136854,0.9997087537620333,2.2798288518607457,0.14974531255254706
test/algebra/1332.json|128,9,6,0.7655818338505709,0.9889937342320446,4.367160328679066,0.4841674980308252
test/algebra/1332.json|128,9,7,0.6853592210321058,0.990825749284935,4.2133429519275785,0.5609284971971866
test/algebra/1332.json|128,9,8,0.8809534889539695,0.9969364763349596,3.2794397997536326,0.3450311740205955
test/algebra/1332.json|128,9,9,0.9805967652394831,0.9984032146043837,2.4803887887210543,0.1392954944013512
test/algebra/1332.json|128,9,10,0.8187332897101272,0.9873055038435569,4.578249169005036,0.42575428393601966
test/algebra/1332.json|128,9,11,0.8631464755779819,0.9748312805770205,4.670026545011214,0.3699371898336502
test/algebra/1332.json|128,9,12,0.882151461093997,0.9984400981547552,2.7930629612647877,0.3432907498112977
test/algebra/1332.json|128,9,13,0.9593829978072692,0.9991998978425364,2.5142525260513566,0.20153660261285242
test/algebra/1332.json|128,9,14,0.999942362407263,0.9999981907482101,1.1002524727638232,0.007591942619450268
test/algebra/1332.json|128,9,15,0.9996203061594094,0.9999661127153588,1.2550656935054805,0.019485734284100147
test/algebra/1332.json|128,9,16,0.8758089032015444,0.9929370407484044,3.831062392611062,0.35240757199364436
test/algebra/1332.json|128,9,17,0.8789686872025958,0.9944480570320043,3.8344535068039063,0.3478955486886893
test/algebra/1332.json|128,9,18,0.9955612136182811,0.9998292266835763,1.7197367724715034,0.0666242176818528
test/algebra/1332.json|128,9,19,0.9979025526389182,0.9998998961984539,1.5007316883939517,0.0457978969067549
test/algebra/1332.json|128,9,20,0.9913083716980602,0.9998676241473206,1.7910468281847198,0.09322890271766483
test/algebra/1332.json|128,9,21,0.9856920473871829,0.9999424112718219,1.889788792131078,0.11961585435391557
test/algebra/1332.json|128,9,22,0.9185599073938914,0.9942714585233207,3.5859089718515245,0.28537710596000626
test/algebra/1332.json|128,9,23,0.8263158386233481,0.9898955766653041,4.280926729737623,0.4167543177660573
test/algebra/1332.json|128,9,24,0.8670966948995054,0.9977166024871443,3.650685509788888,0.3645590557104495
test/algebra/1332.json|128,9,25,0.9013092018686524,0.9974069049760417,3.3240733664528026,0.31415091617142804
test/algebra/1332.json|128,9,26,0.9274548629364804,0.9969352228551618,3.294391648837866,0.2693420447377639
test/algebra/1332.json|128,9,27,0.7958242194348161,0.9971502224746274,3.612504063780969,0.45185814208132175
test/algebra/1332.json|128,9,28,0.975851631896588,0.9970062876459052,2.7993346166047655,0.1553974520492921
test/algebra/1332.json|128,9,29,0.9778338456557282,0.9977953317836118,2.6627129271308485,0.1488830223506758
test/algebra/1332.json|128,9,30,0.9884088165465892,0.9998853721119407,1.8795809595966015,0.10766235857258011
test/algebra/1332.json|128,9,31,0.9663362500891577,0.9999420359517172,2.0584439889031407,0.18347683753226812
test/algebra/1332.json|128,10,0,0.8274843079417279,0.9881266984913423,4.1370102843209615,0.4153500837345192
test/algebra/1332.json|128,10,1,0.8642692936509919,0.9916486103130786,3.8159645485304576,0.3684164849039848
test/algebra/1332.json|128,10,2,0.8329940132126573,0.981323997346298,4.630343978859706,0.40866365973419105
test/algebra/1332.json|128,10,3,0.8011110002031533,0.9693713226752407,4.973924591077696,0.44596972968672066
test/algebra/1332.json|128,10,4,0.9371947950161688,0.9977792161567521,3.082939299844793,0.25060966658098255
test/algebra/1332.json|128,10,5,0.8787879234219956,0.9973795667084192,3.2858633575679144,0.34815524781051965
test/algebra/1332.json|128,10,6,0.9462861287789739,0.9994205224938092,2.6777745742412633,0.2317625319611134
test/algebra/1332.json|128,10,7,0.96569509867638,0.9996138539266702,2.418881376033588,0.18521582363183758
test/algebra/1332.json|128,10,8,0.774618648785039,0.9995947445781812,2.783999237936334,0.4747434583171852
test/algebra/1332.json|128,10,9,0.9711702688612038,0.9998235381416696,2.03025744612221,0.169793201097088
test/algebra/1332.json|128,10,10,0.9890843814012256,0.9999845535442151,1.5442158654928198,0.1044778378354684
test/algebra/1332.json|128,10,11,0.9665877476976784,0.9999853744801321,1.7388827383975842,0.1827901865591301
test/algebra/1332.json|128,10,12,0.9989688839318571,0.9999883551501633,1.2668678435420728,0.032110996062764526
test/algebra/1332.json|128,10,13,0.9998563944417334,0.999998363743639,1.1129061540868914,0.01198355365768628
test/algebra/1332.json|128,10,14,0.9865462694699355,0.99925080521917,2.1911465828029675,0.11599021738950441
test/algebra/1332.json|128,10,15,0.9929205056292091,0.9990227853017953,2.052633008670762,0.08413973122604396
test/algebra/1332.json|128,10,16,0.8677505727607899,0.9987734654208337,3.073088396423486,0.3636611434277933
test/algebra/1332.json|128,10,17,0.9670999371425263,0.9994564544709762,2.4917783435102137,0.18138374474432298
test/algebra/1332.json|128,10,18,0.8925597914896951,0.9944031605831682,3.6494615097299112,0.32778073236586813
test/algebra/1332.json|128,10,19,0.885375394249658,0.9949302298273076,3.592090433052546,0.33856255810461666
test/algebra/1332.json|128,10,20,0.9822961093492594,0.9994090279039798,2.2745060761029636,0.13305596811395057
test/algebra/1332.json|128,10,21,0.9859993665515183,0.999786699577468,2.0351663246108846,0.11832427244011129
test/algebra/1332.json|128,10,22,0.9961764486146232,0.999997045727025,1.4041885174276494,0.061834871920113346
test/algebra/1332.json|128,10,23,0.9955734055589927,0.9999930881829027,1.4375549354101258,0.06653265695135997
test/algebra/1332.json|128,10,24,0.9705861245855667,0.9997797911975478,2.1665694543592,0.17150473875212108
test/algebra/1332.json|128,10,25,0.9660879920114062,0.9997145170347069,2.183870157021892,0.18415213272887676
test/algebra/1332.json|128,10,26,0.9935714749558575,0.9996606800623311,1.8176712954072725,0.08017808331547023
test/algebra/1332.json|128,10,27,0.9954993303470415,0.9996298376344841,1.741047269444545,0.06708703043777149
test/algebra/1332.json|128,10,28,0.9946831589498804,0.9997773334418556,1.7514219893719447,0.07291667196272501
test/algebra/1332.json|128,10,29,0.9924577806455067,0.9996943124473539,1.8556541158529114,0.0868459518601373
test/algebra/1332.json|128,10,30,0.9400250625638252,0.9943787456126626,3.4723242105953505,0.24489781019064824
test/algebra/1332.json|128,10,31,0.9211420894226651,0.9937254514060282,3.504798347666544,0.2808165069530902
test/algebra/1332.json|128,12,0,0.9921387631870164,0.9999278383772373,1.7293833456162968,0.08866361606083728
test/algebra/1332.json|128,12,1,0.987017503318432,0.9999538067621675,1.8433527021343932,0.11394075952690519
test/algebra/1332.json|128,12,2,0.9124622569387184,0.9997259734998674,2.651609140196432,0.295867779694379
test/algebra/1332.json|128,12,3,0.9232234395376548,0.9995805482551829,2.8235285211272934,0.2770858359107249
test/algebra/1332.json|128,12,4,0.9950108420057394,0.9998954599456499,1.6286563153003943,0.07063397195585552
test/algebra/1332.json|128,12,5,0.9974066272887718,0.9999317627349876,1.5113044252679246,0.0509251677584686
test/algebra/1332.json|128,12,6,0.9859255938017055,0.9992724195625353,2.1706911807600306,0.11863560257483617
test/algebra/1332.json|128,12,7,0.9881747153809807,0.9994941786492276,2.105005098482927,0.10874412452642822
test/algebra/1332.json|128,12,8,0.9859619353415227,0.9996172932963243,2.006485348632108,0.11848233901505044
test/algebra/1332.json|128,12,9,0.9357195106564454,0.9994530677733774,2.426310646008104,0.25353597248428983
test/algebra/1332.json|128,12,10,0.9936307817684746,0.9999853763803749,1.459459399343623,0.07980738206159481
test/algebra/1332.json|128,12,11,0.9923088950054796,0.9999740935809184,1.4945472853898703,0.08769894523037558
test/algebra/1332.json|128,12,12,0.9595249957165805,0.9984174189042679,2.8234706280982214,0.2011840060328344
test/algebra/1332.json|128,12,13,0.9193092194517095,0.9971344431973533,3.329899134989084,0.28406122675981405
test/algebra/1332.json|128,12,14,0.9826311349059124,0.999464514779111,2.2024768115357407,0.13179099018554963
test/algebra/1332.json|128,12,15,0.9885246044370612,0.9998373605745664,1.941047540267875,0.10712327274191519
test/algebra/1332.json|128,12,16,0.9625627112650995,0.9939405245175575,3.224152586071895,0.1934871797688428
test/algebra/1332.json|128,12,17,0.9507475693586322,0.9916336739652263,3.527768142424578,0.22192888645097048
test/algebra/1332.json|128,12,18,0.9983195703622726,0.9999173619071813,1.4439072592070854,0.040993043772418386
test/algebra/1332.json|128,12,19,0.9979164619301941,0.9997972817827466,1.5776155427714518,0.04564578917935234
test/algebra/1332.json|128,12,20,0.9976097465067292,0.999746310215897,1.6055046706996703,0.04889021878935317
test/algebra/1332.json|128,12,21,0.9980649358498767,0.9997169157966975,1.5742317713489877,0.04398936405681883
test/algebra/1332.json|128,12,22,0.8910481014586586,0.9995938631821522,2.6095851509939334,0.33007862478709726
test/algebra/1332.json|128,12,23,0.9320228926402139,0.9994051546731423,2.444808639030361,0.260724197879265
test/algebra/1332.json|128,12,24,0.9200308396718742,0.998004351798476,3.2284567054127447,0.2827881898667726
test/algebra/1332.json|128,12,25,0.8708662443729841,0.9981372163704633,3.1393436910182064,0.3593518549096636
test/algebra/1332.json|128,12,26,0.9348923791578192,0.9956568775101989,3.38011446568462,0.25516195022412885
test/algebra/1332.json|128,12,27,0.9658832949072904,0.9971667673227784,2.9917705485212718,0.18470707916241214
test/algebra/1332.json|128,12,28,0.6704457961906739,0.9886388761302108,4.485128345796117,0.5740681177432919
test/algebra/1332.json|128,12,29,0.8663888634626792,0.9846344718380273,4.117717227248768,0.365528571437748
test/algebra/1332.json|128,12,30,0.9963203953849822,0.9999499630741351,1.467325460474621,0.06065974460066426
test/algebra/1332.json|128,12,31,0.9874480514296522,0.9998716223573917,1.8922715470507407,0.11203547906956887
test/algebra/1332.json|128,13,0,0.9968308001031385,0.9998996339937014,1.5352411248107851,0.056295647228373574
test/algebra/1332.json|128,13,1,0.9972773258972664,0.9997927916668836,1.6248482802133004,0.052179249733333995
test/algebra/1332.json|128,13,2,0.9775913857082563,0.9988451482523538,2.519344711785558,0.1496950710335637
test/algebra/1332.json|128,13,3,0.9772848812179477,0.9985899631441008,2.550249813420708,0.15071535682223078
test/algebra/1332.json|128,13,4,0.820868666791922,0.9787169496644457,4.772141529908946,0.4232390969748399
test/algebra/1332.json|128,13,5,0.8204362953963761,0.9874368362834006,4.489425933880558,0.4237495777031806
test/algebra/1332.json|128,13,6,0.9971190342197377,0.9997587211132448,1.6261700248124504,0.05367462883208707
test/algebra/1332.json|128,13,7,0.9970695496416553,0.9998555747312952,1.6011612900064152,0.054133634261378724
test/algebra/1332.json|128,13,8,0.8871964596335009,0.9957985607721215,3.577789339324308,0.3358623830775026
test/algebra/1332.json|128,13,9,0.8524171615789774,0.9961898229819819,3.649266177636026,0.3841651186938015
test/algebra/1332.json|128,13,10,0.978537693352392,0.9986843813665353,2.468242449849343,0.14650019333641834
test/algebra/1332.json|128,13,11,0.9835388947489241,0.998968937906354,2.3020453060528063,0.1283008388556985
test/algebra/1332.json|128,13,12,0.9918863139688976,0.9997597978580081,1.7727158441436768,0.09007600141603982
test/algebra/1332.json|128,13,13,0.9933727782367924,0.9998823253601368,1.7311824988762274,0.0814077500193171
test/algebra/1332.json|128,13,14,0.9403493461288289,0.9996598105593771,2.614084229021936,0.24423483345168248
test/algebra/1332.json|128,13,15,0.9669461492163841,0.9991831628034823,2.485685578370983,0.18180718023118858
test/algebra/1332.json|128,13,16,0.9977845521425713,0.9998456622380767,1.5658173374563242,0.04706854424590445
test/algebra/1332.json|128,13,17,0.9975926755579582,0.9999087865250083,1.5534948176609602,0.04906449268097894
test/algebra/1332.json|128,13,18,0.9684349213593243,0.9992773514182838,2.5272950834540153,0.17766563719716794
test/algebra/1332.json|128,13,19,0.9737182192589533,0.9997816671748969,2.2218136239751103,0.1621165652888276
test/algebra/1332.json|128,13,20,0.9874954327499771,0.9997099050674716,1.9015807853913593,0.11182382237261841
test/algebra/1332.json|128,13,21,0.9870448454205691,0.9997682750039156,1.9197001254526513,0.11382071243596598
test/algebra/1332.json|128,13,22,0.9668233935054984,0.9968674169804222,2.9355511968782944,0.18214446600020986
test/algebra/1332.json|128,13,23,0.9486057146414257,0.9955019416644576,3.190835296829217,0.22670307752338578
test/algebra/1332.json|128,13,24,0.9985958558610812,0.9999844539561181,1.3270567028274585,0.03747191133260701
test/algebra/1332.json|128,13,25,0.9993251484528229,0.999947322589741,1.3213203192529994,0.025977904980522538
test/algebra/1332.json|128,13,26,0.9878271764638338,0.9995444364603489,2.0100892534484127,0.11033051951371489
test/algebra/1332.json|128,13,27,0.9827604713691859,0.9996281873882917,2.059639363950176,0.13129938549290368
test/algebra/1332.json|128,13,28,0.9732917610997914,0.9987437701140657,2.6402158101236544,0.1634265550643731
test/algebra/1332.json|128,13,29,0.981097090007783,0.999000125737457,2.3542967446940977,0.13748785398069532
test/algebra/1332.json|128,13,30,0.9818943562307554,0.9997602213722504,2.1506522120719644,0.1345572137391549
test/algebra/1332.json|128,13,31,0.9587005315648739,0.9996323774497006,2.6025902678625616,0.20322270649493404
test/algebra/1332.json|128,14,0,0.9874570824420202,0.9997608272577103,1.9892190291932277,0.1119951675653006
test/algebra/1332.json|128,14,1,0.9828536090960796,0.9995559149961926,2.1306256418288436,0.13094422821919433
test/algebra/1332.json|128,14,2,0.9424842318215971,0.998717396019654,2.9069653558621344,0.23982445283665899
test/algebra/1332.json|128,14,3,0.9748020916610749,0.9995717995107877,2.2780363737041847,0.15873849041403001
test/algebra/1332.json|128,14,4,0.9982837327882594,0.9999657823458442,1.3612717142129391,0.04142785550496867
test/algebra/1332.json|128,14,5,0.9947586377257855,0.9998821946196477,1.5961231633105342,0.07239725322285685
test/algebra/1332.json|128,14,6,0.9171976227916826,0.9933903016060583,3.6274818212120308,0.2877540220541103
test/algebra/1332.json|128,14,7,0.9440319105365315,0.9985162081093217,3.087993093759826,0.23657575840197267
test/algebra/1332.json|128,14,8,0.9867800586624698,0.997710650689053,2.46604091798023,0.11497800371171105
test/algebra/1332.json|128,14,9,0.9444215177026658,0.9969790701855507,3.174821794302597,0.23575089034261185
test/algebra/1332.json|128,14,10,0.9995795228901406,0.9999344833131506,1.2951885245401775,0.020505538516687974
test/algebra/1332.json|128,14,11,0.9996613451326274,0.9999624171949423,1.2554868756586273,0.018402577737170734
test/algebra/1332.json|128,14,12,0.9649253050145704,0.9971317263376895,2.9148048778437077,0.18728239368779326
test/algebra/1332.json|128,14,13,0.926326259799109,0.9973086001940079,3.2343689748184503,0.271429070294416
test/algebra/1332.json|128,14,14,0.9975547517886768,0.9996348565712521,1.660129286119334,0.04944945107201082
test/algebra/1332.json|128,14,15,0.995312113701825,0.9993756305096649,1.8389779488973266,0.06846814075301709
test/algebra/1332.json|128,14,16,0.9667975598255176,0.9985038862684882,2.7056113385361744,0.18221536755850856
test/algebra/1332.json|128,14,17,0.9823578846260049,0.9990789284834694,2.367053933296526,0.13282362505968232
test/algebra/1332.json|128,14,18,0.9911557317321023,0.9992668881908655,1.9521981258355794,0.09404396986462103
test/algebra/1332.json|128,14,19,0.9775541798538978,0.9985616089546877,2.4284135995760856,0.14981929163529706
test/algebra/1332.json|128,14,20,0.9891845147264743,0.9999553606733868,1.7661757258275237,0.1039975253240466
test/algebra/1332.json|128,14,21,0.9994443140050865,0.9999964993256288,1.2305509157168373,0.02357299291378829
test/algebra/1332.json|128,14,22,0.8441012922136296,0.9893282421736597,4.012753763905782,0.39484010407552367
test/algebra/1332.json|128,14,23,0.8845292810908116,0.9959112518671722,3.678316983224247,0.3398098275641662
test/algebra/1332.json|128,14,24,0.9568678628767722,0.9985671486520677,2.7663896025659533,0.20768278003538915
test/algebra/1332.json|128,14,25,0.9200828020905292,0.9992023414303485,2.8952266065326087,0.2826962997802957
test/algebra/1332.json|128,14,26,0.8937728995250396,0.9947636739675435,3.5744794808140816,0.32592499209934855
test/algebra/1332.json|128,14,27,0.8592861470682036,0.9919373493611956,3.903623937318794,0.3751184518679352
test/algebra/1332.json|128,14,28,0.9915540025455362,0.9995560673272572,1.9610343170901945,0.09190210799793352
test/algebra/1332.json|128,14,29,0.9741385311873093,0.9985260595337769,2.5019484110502166,0.16081501426387615
test/algebra/1332.json|128,14,30,0.9546037471998818,0.9965617153879819,3.0744987652576343,0.21306396410495643
test/algebra/1332.json|128,14,31,0.929725092871071,0.9957759401245726,3.3255450070764803,0.2650941476700854
test/algebra/1332.json|128,16,0,0.9786529947801602,0.9999326884713401,1.9882158523047513,0.14610614367588992
test/algebra/1332.json|128,16,1,0.9626080869208491,0.9998486956484628,2.2389539185944938,0.19336988669167418
test/algebra/1332.json|128,16,2,0.9485874754917518,0.9984815781054139,2.9036550388390894,0.22674330091151135
test/algebra/1332.json|128,16,3,0.9467997439301371,0.9990544473795236,2.9058334390159284,0.23065180699457546
test/algebra/1332.json|128,16,4,0.9359541806100139,0.9949086134209506,3.343933593710722,0.2530727551317725
test/algebra/1332.json|128,16,5,0.9584366594052985,0.9972258344671784,2.939061492340913,0.20387089197504743
test/algebra/1332.json|128,16,6,0.9134232078141127,0.9988980603368607,3.0863557733923668,0.2942393450677311
test/algebra/1332.json|128,16,7,0.9482275263352336,0.9991230384947739,2.7791603440872663,0.22753565361227776
test/algebra/1332.json|128,16,8,0.892985416385494,0.9936812273489463,3.8686076572237686,0.32713083562163014
test/algebra/1332.json|128,16,9,0.9148330173848029,0.9933907499628474,3.7027996060089703,0.29183382705779165
test/algebra/1332.json|128,16,10,0.9841203254015504,0.9999155771608303,1.8554274988081352,0.12601458089621864
test/algebra/1332.json|128,16,11,0.9899730415448573,0.9999419858396392,1.723354258428049,0.10013470155317125
test/algebra/1332.json|128,16,12,0.9776102015121957,0.9994742296439167,2.214178783231837,0.1496322107295228
test/algebra/1332.json|128,16,13,0.993623589816473,0.9997338112856058,1.7839272395927073,0.07985242753684431
test/algebra/1332.json|128,16,14,0.8813149018063807,0.9962477137264706,3.5003085738916133,0.34450703649362413
test/algebra/1332.json|128,16,15,0.9227321166654026,0.9971568946301469,3.192922728693945,0.2779710116803503
test/algebra/1332.json|128,16,16,0.9645889938573011,0.9973696099587148,2.754418536298823,0.1881781234434515
test/algebra/1332.json|128,16,17,0.9422194930352444,0.9975760585018337,3.216745095700578,0.24037576201596442
test/algebra/1332.json|128,16,18,0.9962162849022713,0.9995501608954472,1.781273614733438,0.061511910210370474
test/algebra/1332.json|128,16,19,0.995008063843117,0.9994198185665246,1.8733738051835709,0.0706536351285833
test/algebra/1332.json|128,16,20,0.931466570737262,0.9978907567567322,2.988628357855749,0.26178890210002786
test/algebra/1332.json|128,16,21,0.9752180641907086,0.9988702144940592,2.474046181213802,0.15742279316951355
test/algebra/1332.json|128,16,22,0.9886072959196078,0.9995425263993855,2.038305335751748,0.10673661077808387
test/algebra/1332.json|128,16,23,0.9892562186420264,0.9995358945347298,2.0333949458599436,0.10365221347358484
test/algebra/1332.json|128,16,24,0.9868036079265108,0.9997316318292239,1.9663948097803783,0.11487555037295454
test/algebra/1332.json|128,16,25,0.982840858609164,0.9996359893956156,2.213694882545699,0.13099290587980694
test/algebra/1332.json|128,16,26,0.9650002629647114,0.9979994998946566,2.704182890104926,0.18708216653462345
test/algebra/1332.json|128,16,27,0.9949544331504636,0.9995231331780516,1.8021739182770977,0.07103215363155187
test/algebra/1332.json|128,16,28,0.907021363600632,0.9965199298096652,3.4526767814413817,0.3049239846246405
test/algebra/1332.json|128,16,29,0.9314435265148907,0.9985211530362401,3.112203990671913,0.261832911386459
test/algebra/1332.json|128,16,30,0.9985480252585303,0.9999524189640465,1.424918588886046,0.038104786332818365
test/algebra/1332.json|128,16,31,0.9987538277642644,0.9999833715172567,1.3650048361812313,0.035301164792902275
test/algebra/1332.json|128,17,0,0.9660264141774437,0.9983826752910696,2.6989059547588763,0.18431924973414002
test/algebra/1332.json|128,17,1,0.9739073287450052,0.9985558468667458,2.5524664263328942,0.16153226072520255
test/algebra/1332.json|128,17,2,0.9991851746184888,0.9999713852249272,1.3252767915926253,0.02854514637396751
test/algebra/1332.json|128,17,3,0.9995422553738557,0.9999656812371106,1.2814264343852084,0.021394967308793457
test/algebra/1332.json|128,17,4,0.9992357398260697,0.9999589844460396,1.324302262254191,0.027645255902781506
test/algebra/1332.json|128,17,5,0.999210336765444,0.9999617904886505,1.3145188429658867,0.028100947218127396
test/algebra/1332.json|128,17,6,0.9987238563571683,0.9998314509876705,1.4667110118679587,0.03572315275604442
test/algebra/1332.json|128,17,7,0.9976858338445791,0.9996655390180543,1.6012782041707982,0.04810578089399344
test/algebra/1332.json|128,17,8,0.9729323128481336,0.9992150779034334,2.4321790103279968,0.16452260377184152
test/algebra/1332.json|128,17,9,0.9784759633085864,0.9996516513288671,2.1256992340330614,0.14671072452760078
test/algebra/1332.json|128,17,10,0.9337758234251744,0.9981615216072129,3.0940217407442097,0.2573405847798314
test/algebra/1332.json|128,17,11,0.9124393703069765,0.9983516233571632,3.0177355463224984,0.295906454294298
test/algebra/1332.json|128,17,12,0.9971992378585312,0.9999386150910743,1.5235139329093532,0.05292222729127005
test/algebra/1332.json|128,17,13,0.9976449504802246,0.9999350929091112,1.5142194088088552,0.04852885244651255
test/algebra/1332.json|128,17,14,0.9526066550304007,0.9986048732191938,2.7354978352961825,0.21770012625076576
test/algebra/1332.json|128,17,15,0.9785175985576833,0.9992313601608986,2.318542756522973,0.14656876011727984
test/algebra/1332.json|128,17,16,0.9862200300675013,0.9992474653614423,2.102492720497157,0.11738811665794263
test/algebra/1332.json|128,17,17,0.9704096772566888,0.9982310000320155,2.6654363551531763,0.1720183790858151
test/algebra/1332.json|128,17,18,0.9997303812698646,0.999980162409491,1.2073677454294132,0.01642007095403134
test/algebra/1332.json|128,17,19,0.9998528931774614,0.9999730443464382,1.1921723027420825,0.012128760140203976
test/algebra/1332.json|128,17,20,0.9998084366840896,0.999980484659792,1.1964183560919812,0.01384064001086708
test/algebra/1332.json|128,17,21,0.9998055473333651,0.9999775130817646,1.1998126433887284,0.013944628594368158
test/algebra/1332.json|128,17,22,0.9935491429321023,0.9998430192010143,1.6550336043749991,0.08031722771546414
test/algebra/1332.json|128,17,23,0.9935085494875435,0.9997923451963278,1.7200950623158704,0.08056953836566569
test/algebra/1332.json|128,17,24,0.9616506485589211,0.9998418540852602,2.289290227278911,0.19582990435855008
test/algebra/1332.json|128,17,25,0.9615954886501611,0.9997184109817457,2.371889981816482,0.19597069002746026
test/algebra/1332.json|128,17,26,0.9988666326035789,0.9998902327293803,1.4220553196579488,0.03366552236964569
test/algebra/1332.json|128,17,27,0.9988010288175507,0.9999110740010383,1.4164343793527034,0.03462616326492542
test/algebra/1332.json|128,17,28,0.9188514775919272,0.9942189937927485,3.501721315484373,0.2848657971889093
test/algebra/1332.json|128,17,29,0.8862035839144096,0.9896109413131476,3.9116440654478946,0.3373372438459626
test/algebra/1332.json|128,17,30,0.9494855011203971,0.9986795943546408,2.716861426822667,0.2247543078110026
test/algebra/1332.json|128,17,31,0.9814263791586799,0.9994414679794353,2.273396832570946,0.13628507196798953
test/algebra/1332.json|128,18,0,0.9803710989816443,0.9967133859475675,2.6833938684400276,0.14010317990094187
test/algebra/1332.json|128,18,1,0.9909922670409017,0.9985944268667704,2.2049024542849383,0.09490907732718874
test/algebra/1332.json|128,18,2,0.9971853345770634,0.99971452294067,1.6257026116964164,0.053053420464062674
test/algebra/1332.json|128,18,3,0.9796177510498896,0.9995328155088444,2.1611373870448713,0.14276641394288234
test/algebra/1332.json|128,18,4,0.9645616846390135,0.9991442457611077,2.5243468501847213,0.18825067160832792
test/algebra/1332.json|128,18,5,0.9732145238631298,0.9996079466854082,2.1896767529079835,0.1636626901186407
test/algebra/1332.json|128,18,6,0.9831927199675499,0.9970559888639186,2.594612112037826,0.1296428942613136
test/algebra/1332.json|128,18,7,0.9586484748526684,0.9941104287682121,3.239212232254629,0.20335074415239215
test/algebra/1332.json|128,18,8,0.9543402996307284,0.9994123718579782,2.364745176918687,0.2136813056148609
test/algebra/1332.json|128,18,9,0.957123282841864,0.9997355920532763,2.1693388999934875,0.2070669388341268
test/algebra/1332.json|128,18,10,0.9154785599476274,0.9935579689965655,3.832680816179377,0.2907257127472089
test/algebra/1332.json|128,18,11,0.9526149210050971,0.9977141694261431,3.09880481265091,0.2176811406505002
test/algebra/1332.json|128,18,12,0.9726515005721225,0.9996693698894991,2.11134310554204,0.16537381723803057
test/algebra/1332.json|128,18,13,0.9720223882141917,0.9996707327335883,2.080858555784277,0.1672650943437042
test/algebra/1332.json|128,18,14,0.9998165979451629,0.999990646376803,1.1713039055188292,0.013542601479669038
test/algebra/1332.json|128,18,15,0.9995660441327717,0.9999770754595352,1.2516402171161396,0.020831607408653686
test/algebra/1332.json|128,18,16,0.968115033728244,0.9999494600925378,1.909086628584243,0.1785636196758902
test/algebra/1332.json|128,18,17,0.973792816063333,0.999836004641011,2.136215797823938,0.16188633029588073
test/algebra/1332.json|128,18,18,0.9490550709500092,0.9990411168853669,2.55652140587707,0.22570983374676173
test/algebra/1332.json|128,18,19,0.8657924646133734,0.9973246678327693,3.0379676915489435,0.366343466417277
test/algebra/1332.json|128,18,20,0.970764138324915,0.9998628175820145,1.9365662830110995,0.17098497499805346
test/algebra/1332.json|128,18,21,0.9461171747445447,0.9997769750610287,2.2648266167127464,0.23212674394704133
test/algebra/1332.json|128,18,22,0.9252789252384628,0.9958893032547343,3.4249629867366864,0.2733515589155058
test/algebra/1332.json|128,18,23,0.8842708811082943,0.9960271455795492,3.6718046078182245,0.3401898277310856
test/algebra/1332.json|128,18,24,0.9986821790124377,0.9999440002166948,1.3819697577649255,0.036301804191558845
test/algebra/1332.json|128,18,25,0.9986443101918081,0.9999334670786381,1.400071065529803,0.036819693211539606
test/algebra/1332.json|128,18,26,0.9846470199152806,0.999870327367993,1.9426658682948732,0.12390714299312777
test/algebra/1332.json|128,18,27,0.9622833468464425,0.9996710404308295,2.296024757328074,0.19420775770694007
test/algebra/1332.json|128,18,28,0.8953620248856108,0.9928278723585302,3.5884897036093393,0.3234779360549792
test/algebra/1332.json|128,18,29,0.9513447451341392,0.9939093630985066,3.1827617516101503,0.22057936183120294
test/algebra/1332.json|128,18,30,0.9403188353875573,0.9957977818131928,3.288669949834912,0.24429728736202264
test/algebra/1332.json|128,18,31,0.9569968724684231,0.9970035256363613,3.030353546071263,0.20737195454442933
test/algebra/1332.json|128,20,0,0.9997367114903576,0.9999809354137837,1.2108354243820951,0.01622616743542393
test/algebra/1332.json|128,20,1,0.9989506635815957,0.9999587913951637,1.3665879329488235,0.032393462587446915
test/algebra/1332.json|128,20,2,0.9934941084750654,0.9999246921711578,1.6258470951616628,0.0806591068939809
test/algebra/1332.json|128,20,3,0.9953707032728134,0.9999298400822073,1.5635594013843306,0.06803893537663999
test/algebra/1332.json|128,20,4,0.9794617129493054,0.9993745978524113,2.1940782178273097,0.14331185244317585
test/algebra/1332.json|128,20,5,0.9585856672153492,0.999462104959447,2.344106283386503,0.20350511734266238
test/algebra/1332.json|128,20,6,0.9819457058694873,0.9978222500114019,2.5227432758484585,0.1343662685740463
test/algebra/1332.json|128,20,7,0.9836928159068595,0.998414281886622,2.4384799796751784,0.12769958532877257
test/algebra/1332.json|128,20,8,0.9086301303863411,0.9992806167002921,2.7737858700106828,0.3022744938192088
test/algebra/1332.json|128,20,9,0.7781472592809272,0.9983450775123659,3.435877531734008,0.4710124634434558
test/algebra/1332.json|128,20,10,0.9989179536515524,0.9999981390065046,1.2039355438115784,0.03289447291639663
test/algebra/1332.json|128,20,11,0.9956075114937132,0.9999898190327074,1.36905869795627,0.06627585160740537
test/algebra/1332.json|128,20,12,0.8702580950647602,0.9977959214893107,3.263258202201868,0.3601970362665965
test/algebra/1332.json|128,20,13,0.8820825815158253,0.9970869974241494,3.30362725591129,0.34339105766483596
test/algebra/1332.json|128,20,14,0.9860411795708924,0.9995727956060532,1.9568809429097802,0.11814745206354459
test/algebra/1332.json|128,20,15,0.9751891938650596,0.9996575320815033,2.0609435311279882,0.15751446325636373
test/algebra/1332.json|128,20,16,0.9466969296847981,0.9997883225019352,2.340448904613843,0.2308745770222479
test/algebra/1332.json|128,20,17,0.9664600146386442,0.9993135996806114,2.4573613302917887,0.1831392512853425
test/algebra/1332.json|128,20,18,0.9921105101063127,0.9997004323082991,1.8624707304182826,0.08882280052828394
test/algebra/1332.json|128,20,19,0.995704448019927,0.9998355547767376,1.6954803314876001,0.06554046063366531
test/algebra/1332.json|128,20,20,0.9999993494124834,1.0,1.0118936649589407,0.0008065900548837556
test/algebra/1332.json|128,20,21,0.9999992427414879,1.0,1.0116147805004365,0.0008702060170548679
test/algebra/1332.json|128,20,22,0.8579977090396178,0.999629686745985,2.642723103225154,0.376831913404879
test/algebra/1332.json|128,20,23,0.7792739374956181,0.9995755505131002,2.6566901949428496,0.46981492367141964
test/algebra/1332.json|128,20,24,0.997112853783117,0.9999541451993329,1.4647337059122072,0.053732171153630284
test/algebra/1332.json|128,20,25,0.999158274082491,0.999966611641418,1.2982313892933444,0.029012513119496784
test/algebra/1332.json|128,20,26,0.8175299606984339,0.9948631176302308,3.9050076628131904,0.4271651194814087
test/algebra/1332.json|128,20,27,0.9209410098992996,0.9992686877995165,2.618337757828388,0.28117430554853406
test/algebra/1332.json|128,20,28,0.9789006466615358,0.9999607605122001,1.814780873884109,0.14525616454548235
test/algebra/1332.json|128,20,29,0.9701467591211339,0.9999534674823615,1.8917807565783211,0.17278090426568005
test/algebra/1332.json|128,20,30,0.955202352060126,0.9991804811547724,2.486887581734236,0.21165454859245042
test/algebra/1332.json|128,20,31,0.9657138628077607,0.9994967765615514,2.3707918885812065,0.18516516192912552
test/algebra/1332.json|128,21,0,0.9971794264889063,0.9997322232274821,1.6475075739361649,0.05310907183423243
test/algebra/1332.json|128,21,1,0.9987515582926475,0.9998340030451855,1.481328778021099,0.03533329460087891
test/algebra/1332.json|128,21,2,0.8469492626873818,0.9838426812775988,4.365100776215097,0.39121699517354586
test/algebra/1332.json|128,21,3,0.9302922063802925,0.9960394709453954,3.2651329940576157,0.26402233545612663
test/algebra/1332.json|128,21,4,0.9242291661011728,0.9975470927513049,3.2914699147193027,0.27526502483756854
test/algebra/1332.json|128,21,5,0.9476107342851521,0.9956029129026275,3.30315824594447,0.22888701517309348
test/algebra/1332.json|128,21,6,0.932612898001634,0.9925747944143044,3.6297584119225577,0.25959025790342355
test/algebra/1332.json|128,21,7,0.9049099048394631,0.9948545835210391,3.5113171393863056,0.30836681916272524
test/algebra/1332.json|128,21,8,0.998322874150991,0.9998915621463778,1.510304589429078,0.040952727003327034
test/algebra/1332.json|128,21,9,0.9928188269506929,0.9997356282749352,1.8557077603464267,0.08474180225430127
test/algebra/1332.json|128,21,10,0.9991762179793471,0.9999821567318484,1.2985495787026147,0.028701603102490963
test/algebra/1332.json|128,21,11,0.9962416689773128,0.9999703620783779,1.4826490976252862,0.061305228347076475
test/algebra/1332.json|128,21,12,0.9997056664210231,0.9999958567450931,1.176307375093907,0.017156152802330186
test/algebra/1332.json|128,21,13,0.9997016986821333,0.9999926856489257,1.1950166651012193,0.017271401734273863
test/algebra/1332.json|128,21,14,0.8913960975226728,0.9966880661255335,3.483713181231395,0.3295510620182056
test/algebra/1332.json|128,21,15,0.858068716021234,0.9926768954455873,3.7292874531012736,0.37673768590196277
test/algebra/1332.json|128,21,16,0.9998727219931496,0.9999944472383666,1.140901910515848,0.01128175548620061
test/algebra/1332.json|128,21,17,0.9999284911197445,0.99999223485417,1.121404519699974,0.008456292346858229
test/algebra/1332.json|128,21,18,0.9896474368814794,0.999882581301021,1.881461568580795,0.10174754600736383
test/algebra/1332.json|128,21,19,0.9804130497890735,0.9997230279446672,2.1977573167959683,0.13995338585016973
test/algebra/1332.json|128,21,20,0.9516087198271723,0.9988423544146687,2.73825931113084,0.21998018131828984
test/algebra/1332.json|128,21,21,0.9366113292061362,0.99893287949338,3.097003003251686,0.25177106822243056
test/algebra/1332.json|128,21,22,0.9997945298547687,0.9999713297471771,1.2043328735544145,0.014334229844372956
test/algebra/1332.json|128,21,23,0.9995125019203255,0.9999756250960162,1.2569072389411264,0.022079358678968007
test/algebra/1332.json|128,21,24,0.9993222790968324,0.9999802747016773,1.2888770877638234,0.026033073256295433
test/algebra/1332.json|128,21,25,0.9990621581398991,0.9999721736636933,1.3124402967659188,0.030624203828033304
test/algebra/1332.json|128,21,26,0.7777658899187445,0.9883647220682386,4.439848505460658,0.47141712960101
test/algebra/1332.json|128,21,27,0.7888064303775576,0.9769729116296267,4.546380131316217,0.45955801551321285
test/algebra/1332.json|128,21,28,0.9405344831438083,0.9996809722749715,2.330400750873089,0.243855524555405
test/algebra/1332.json|128,21,29,0.9869241141033782,0.9997685425211978,1.8757172638909518,0.1143498399501363
test/algebra/1332.json|128,21,30,0.9848728004672538,0.9996792090843016,2.0930383463750153,0.1229926808096572
test/algebra/1332.json|128,21,31,0.9868695968812689,0.999877939339043,1.8174741242956478,0.11458797109090967
test/algebra/1332.json|128,22,0,0.9960493997754556,0.9999487473404046,1.5470064875027063,0.062853800398579
test/algebra/1332.json|128,22,1,0.9961276400529953,0.9998680374937011,1.6304817255581536,0.06222828896092793
test/algebra/1332.json|128,22,2,0.9903322131936767,0.9995517838133503,1.928054542712082,0.09832490430365695
test/algebra/1332.json|128,22,3,0.993558692133316,0.9995808521198426,1.848715117408236,0.08025775891889801
test/algebra/1332.json|128,22,4,0.7861756984966473,0.9943274239868866,3.9647232001068184,0.46241139854392943
test/algebra/1332.json|128,22,5,0.8202322773351803,0.9981100410783333,3.4814721616734654,0.42399023887917475
test/algebra/1332.json|128,22,6,0.9339473566012492,0.9998402746347553,2.17023295356588,0.257007088226669
test/algebra/1332.json|128,22,7,0.9528998866962309,0.9995580129227724,2.4223010639934026,0.21702560518005487
test/algebra/1332.json|128,22,8,0.9893868473461855,0.9998005336299856,1.8621059810154421,0.10302015654139951
test/algebra/1332.json|128,22,9,0.9927386388578539,0.9998776413495852,1.7522625537430228,0.08521362063746704
test/algebra/1332.json|128,22,10,0.9485696774437212,0.9976522560733442,3.0566610502645988,0.2267825446463611
test/algebra/1332.json|128,22,11,0.982423305920008,0.9989838595386015,2.324934266722094,0.13257712502536764
test/algebra/1332.json|128,22,12,0.9999959636233005,0.9999997818174757,1.0297649536279692,0.0020090735923667617
test/algebra/1332.json|128,22,13,0.9999922693198523,0.999999208670536,1.0487607652041335,0.0027804100682632246
test/algebra/1332.json|128,22,14,0.8598171960102081,0.9902545680639412,4.142078242470272,0.3744099410937053
test/algebra/1332.json|128,22,15,0.9634931764670047,0.9989008317783621,2.6141823921489697,0.19106758891291659
test/algebra/1332.json|128,22,16,0.9998051968797806,0.9999973439387582,1.138479751446289,0.013957188836558587
test/algebra/1332.json|128,22,17,0.9998309825265941,0.999998218705185,1.1335103950602132,0.0130006720367033
test/algebra/1332.json|128,22,18,0.9892744236307746,0.9999907933386245,1.4879564335236943,0.10356435858549717
test/algebra/1332.json|128,22,19,0.9793638382751256,0.9999807885177309,1.6240243084310757,0.14365292104539457
test/algebra/1332.json|128,22,20,0.812136357193096,0.998649451328536,3.6998212996906057,0.43343239704353437
test/algebra/1332.json|128,22,21,0.9310190653624729,0.9988517651678418,2.986276817717189,0.262642217926835
test/algebra/1332.json|128,22,22,0.9969262580430239,0.9999947781266167,1.3866773167938302,0.055441337979670664
test/algebra/1332.json|128,22,23,0.9944015171292985,0.9999885853650818,1.4794922087206883,0.07482301030232295
test/algebra/1332.json|128,22,24,0.9996223278822464,0.9999729936512575,1.2543047554709543,0.019433788044373537
test/algebra/1332.json|128,22,25,0.9998000190812739,0.9999635182851225,1.2162968083010826,0.01414146098273031
test/algebra/1332.json|128,22,26,0.9998957181672816,0.999998277756685,1.1128273930943204,0.010211847664275946
test/algebra/1332.json|128,22,27,0.9999340434695233,0.9999984205811667,1.0989254721921118,0.008121362599754814
test/algebra/1332.json|128,22,28,0.9998911079632407,0.9999927216260153,1.1368414825379287,0.010435134726458729
test/algebra/1332.json|128,22,29,0.9984707780972523,0.9999681998821636,1.344685666726544,0.03910526694382401
test/algebra/1332.json|128,22,30,0.9993292914180438,0.9999470086068466,1.329025268125805,0.025898042048698774
test/algebra/1332.json|128,22,31,0.9986418604810392,0.9997011986076048,1.5191180721266992,0.03685294450869291
test/algebra/1332.json|128,24,0,0.8919354902399699,0.9971414525049218,3.520114169010178,0.3287316683254446
test/algebra/1332.json|128,24,1,0.8900150753165795,0.9971270410956523,3.407099391407802,0.3316397513619567
test/algebra/1332.json|128,24,2,0.9998397264821494,0.9999931175373787,1.1476193827112846,0.01265991776634587
test/algebra/1332.json|128,24,3,0.999633913098135,0.9999794373557697,1.2194972566632332,0.019133397551533152
test/algebra/1332.json|128,24,4,0.7500293838289084,0.9916428424916184,4.396114123027451,0.4999706153076315
test/algebra/1332.json|128,24,5,0.8566398974722725,0.98880371759643,4.198133618320328,0.3786292415117029
test/algebra/1332.json|128,24,6,0.9985141099756913,0.99982112488529,1.4980870892112306,0.038547244055945895
test/algebra/1332.json|128,24,7,0.9995947902262531,0.9999726043846205,1.2646268430528396,0.020129822993432342
test/algebra/1332.json|128,24,8,0.8583868609605355,0.9991801227559625,2.7231776830013734,0.37631521234128246
test/algebra/1332.json|128,24,9,0.9700293669986039,0.9994363731522993,2.3017615678985357,0.1731202847773655
test/algebra/1332.json|128,24,10,0.9963713747323968,0.9998665220528977,1.5889154502813143,0.060238071579385856
test/algebra/1332.json|128,24,11,0.9984240555428809,0.9999674387200472,1.4105731029130872,0.03969816692391553
test/algebra/1332.json|128,24,12,0.9968380271821168,0.9998010924299642,1.6205314822376096,0.05623142197991456
test/algebra/1332.json|128,24,13,0.9958847637781832,0.9998705569853722,1.606014617481771,0.06415010695093777
test/algebra/1332.json|128,24,14,0.9838295053077366,0.999309056333167,2.214473635771419,0.12716325999384961
test/algebra/1332.json|128,24,15,0.9742189797074565,0.9987935574755581,2.5051697036600866,0.16056469192367132
test/algebra/1332.json|128,24,16,0.9783034749427183,0.9996762100694727,1.993237157363155,0.14729740343020886
test/algebra/1332.json|128,24,17,0.9844060349759124,0.9999633724020754,1.6335075440591589,0.1248757983921929
test/algebra/1332.json|128,24,18,0.8946006983143845,0.9941126328577123,3.68694691869894,0.3246525861372669
test/algebra/1332.json|128,24,19,0.9488863162349811,0.9932863814028049,3.2580872941705867,0.2260833557894497
test/algebra/1332.json|128,24,20,0.9999802529820566,0.9999994861370796,1.0577706870755985,0.004443761688410328
test/algebra/1332.json|128,24,21,0.9999940604259185,0.9999997744465539,1.0372018216346026,0.002437124141577404
test/algebra/1332.json|128,24,22,0.999990572619115,0.9999996692147057,1.0441388900020885,0.0030704040263541893
test/algebra/1332.json|128,24,23,0.9999789045220471,1.0,1.0502367580259508,0.004592981379553589
test/algebra/1332.json|128,24,24,0.9999963847346705,0.9999996501356133,1.0345325753660846,0.0019013851081641714
test/algebra/1332.json|128,24,25,0.9999745225885687,0.9999982939233416,1.0739703206620002,0.005047515372074604
test/algebra/1332.json|128,24,26,0.9896128751444296,0.9998058712946509,1.809840592508045,0.10191724513334513
test/algebra/1332.json|128,24,27,0.9957569524676296,0.9999602671020198,1.4770530071677659,0.0651386792341568
test/algebra/1332.json|128,24,28,0.8201797887988138,0.999984293806341,2.171386986133924,0.4240521326454876
test/algebra/1332.json|128,24,29,0.8888127140182998,0.9999808451519049,1.9654698011655347,0.3334475760621154
test/algebra/1332.json|128,24,30,0.9746495646845644,0.9995045384028938,2.1970455968412415,0.15921820032720999
test/algebra/1332.json|128,24,31,0.7382006905781512,0.9760890555231928,5.070202010101146,0.5116632773825466
test/algebra/1332.json|128,25,0,0.9999895730915025,0.9999985819404443,1.0535713090632124,0.0032290723896356475
test/algebra/1332.json|128,25,1,0.9999913460106036,0.9999990727868504,1.0477960274401907,0.00294176637352854
test/algebra/1332.json|128,25,2,0.9495798637248738,0.9999131952016073,1.9701111772518753,0.22454428577705157
test/algebra/1332.json|128,25,3,0.9527932947093115,0.9997810387163973,2.0601954374877165,0.21727104107701167
test/algebra/1332.json|128,25,4,0.9996702498019245,0.9999596638140396,1.2491614533474817,0.018159025251248
test/algebra/1332.json|128,25,5,0.9998227900175644,0.9999667688896313,1.2058051259361857,0.013312023979682591
test/algebra/1332.json|128,25,6,0.9999755239900656,0.9999987052992226,1.0684791554547979,0.004947323512201536
test/algebra/1332.json|128,25,7,0.9999289198057043,0.999998453177119,1.0946257128305565,0.008430907086173575
test/algebra/1332.json|128,25,8,0.9999984588073496,1.0,1.021688955428085,0.001241447804134122
test/algebra/1332.json|128,25,9,0.9999996520349691,1.0,1.0137213264099447,0.0005898856083175593
test/algebra/1332.json|128,25,10,0.998829152780214,0.9999233744772386,1.4171491418739401,0.03421764486030559
test/algebra/1332.json|128,25,11,0.9984566847496723,0.9998791507778991,1.4605102754922916,0.03928505123234145
test/algebra/1332.json|128,25,12,0.9999736738842439,0.9999967092355305,1.0825947851455777,0.005130898143224815
test/algebra/1332.json|128,25,13,0.9999700139027313,0.999996204291485,1.0849820821925371,0.005475956288053709
test/algebra/1332.json|128,25,14,0.8686920762286859,0.9989146226558462,3.1689273314393374,0.3623643522358595
test/algebra/1332.json|128,25,15,0.9128743299644764,0.9955961776650389,3.3746204020879484,0.29517057786223144
test/algebra/1332.json|128,25,16,0.9709228321709343,0.9999733500842859,1.8218247604984301,0.17052028568198466
test/algebra/1332.json|128,25,17,0.9712969317477649,0.9999422354704288,1.8778210929316128,0.16941979887910125
test/algebra/1332.json|128,25,18,0.9997258604639448,0.9999910582374758,1.1941018532962153,0.016557159661462206
test/algebra/1332.json|128,25,19,0.9999293169741994,0.9999938185947018,1.117110754168576,0.008407319775088832
test/algebra/1332.json|128,25,20,0.9551120403025173,0.9986163923382243,2.653797113683184,0.21186778824890468
test/algebra/1332.json|128,25,21,0.9578995866364538,0.9982387607644413,2.716601529470264,0.2051838525896865
test/algebra/1332.json|128,25,22,0.9197299240627274,0.9910148329749359,3.6895361508464237,0.283319741524082
test/algebra/1332.json|128,25,23,0.9600218417765692,0.9992834141363086,2.4568876914804627,0.1999453881024285
test/algebra/1332.json|128,25,24,0.8499883983548339,0.9911285465390599,3.940717468620393,0.38731331199064944
test/algebra/1332.json|128,25,25,0.8100450182035054,0.9925563654586104,3.9641437958171135,0.43583825187389713
test/algebra/1332.json|128,25,26,0.9999694528272391,0.9999979172382208,1.0857787852594332,0.005526949679602037
test/algebra/1332.json|128,25,27,0.9997947511200732,0.999992483255669,1.1521880724370566,0.014326509691016487
test/algebra/1332.json|128,25,28,0.9999732347251626,0.9999977958008958,1.0809769071093445,0.00517351667991505
test/algebra/1332.json|128,25,29,0.999987806915408,0.9999989990751454,1.0563064058227027,0.003491859761215183
test/algebra/1332.json|128,25,30,0.996931737394967,0.9999999001931362,1.2579108972740436,0.055391900175323576
test/algebra/1332.json|128,25,31,0.9970315371177804,0.9999995374064388,1.2609421283219624,0.05448360195709931
test/algebra/1332.json|128,26,0,0.9905560104149793,0.9999505427977999,1.6219140986550051,0.0971801913201486
test/algebra/1332.json|128,26,1,0.9814808400481277,0.9999575496512821,1.7378477317659555,0.13608512024417752
test/algebra/1332.json|128,26,2,0.999996975077326,0.9999997759316538,1.0273702605761552,0.0017392304832916448
test/algebra/1332.json|128,26,3,0.999993329247771,0.9999995625736243,1.0424366476370572,0.0025827799420475666
test/algebra/1332.json|128,26,4,0.9898220989355756,0.9998149754920184,1.7741888571325652,0.10088558402677957
test/algebra/1332.json|128,26,5,0.9969882200937449,0.9997743197943558,1.6332673631590147,0.05487968573393181
test/algebra/1332.json|128,26,6,0.8703716958350435,0.9997498978017603,2.423243184851867,0.3600393091940886
test/algebra/1332.json|128,26,7,0.8272018494044842,0.9992802373663247,2.7336843604360017,0.4156899693227103
test/algebra/1332.json|128,26,8,0.9773987421516139,0.9990298923320302,2.387407584553807,0.15033714726702135
test/algebra/1332.json|128,26,9,0.9459097851087702,0.9976923872784141,2.8836775735882085,0.2325730313067914
test/algebra/1332.json|128,26,10,0.9986700151065973,0.9999927278695435,1.3451871755676537,0.03646895794237542
test/algebra/1332.json|128,26,11,0.9997813721772559,0.9999796017103182,1.202372170532941,0.014786068535755755
test/algebra/1332.json|128,26,12,0.9999730340222467,0.9999991917554352,1.0653071120545607,0.005192877598529804
test/algebra/1332.json|128,26,13,0.9999922288295543,0.999999917327974,1.0350845558413084,0.0027876819125759052
test/algebra/1332.json|128,26,14,0.993035031775673,0.9999500365251949,1.5993680382136697,0.08345638516211337
test/algebra/1332.json|128,26,15,0.9904304875949298,0.9997540491647156,1.8577207148175077,0.09782388463494078
test/algebra/1332.json|128,26,16,0.9999991549476211,1.0,1.0156142099649759,0.0009192673054398132
test/algebra/1332.json|128,26,17,0.9999991610754091,1.0,1.0175007044905564,0.0009159282673369362
test/algebra/1332.json|128,26,18,0.9985640671083247,0.9999103178407686,1.4527388933226444,0.03789370517216966
test/algebra/1332.json|128,26,19,0.9994062293487457,0.9999392451879557,1.3118803852919956,0.02436740961313536
test/algebra/1332.json|128,26,20,0.9986236091643453,0.9999345367788542,1.3795700873497825,0.03709974171951419
test/algebra/1332.json|128,26,21,0.9997469829543256,0.9999884447191549,1.189050865875568,0.01590650953774508
test/algebra/1332.json|128,26,22,0.9932391372579908,0.9998958150591992,1.773430052437981,0.08222446559272462
test/algebra/1332.json|128,26,23,0.9953686672381793,0.9995953357913924,1.7639045694300848,0.06805389600765488
test/algebra/1332.json|128,26,24,0.9996749547390182,0.9999788556013108,1.2340765360737203,0.018029011647390993
test/algebra/1332.json|128,26,25,0.9997566998696512,0.9999751340061795,1.2143457422721127,0.015598080982889824
test/algebra/1332.json|128,26,26,0.9999543639838967,0.9999980071608688,1.091436180188373,0.006755443442387844
test/algebra/1332.json|128,26,27,0.9999886159474753,0.9999992925165098,1.0528704564914655,0.0033740261594502295
test/algebra/1332.json|128,26,28,0.9999737777329318,0.9999996853327952,1.0559623419216275,0.005120768210743926
test/algebra/1332.json|128,26,29,0.9999780181758063,0.9999997686123769,1.0529773745584468,0.004688477812004875
test/algebra/1332.json|128,26,30,0.9963679990726961,0.9997608724322878,1.6896089164488508,0.0602660843866919
test/algebra/1332.json|128,26,31,0.9952518489702227,0.9996404481689767,1.7828014502394696,0.06890682861500248
test/algebra/1332.json|128,28,0,0.9965259878544148,0.9999651514160928,1.5136997222856339,0.05894075114541027
test/algebra/1332.json|128,28,1,0.9990896353463858,0.9999947246474801,1.2536317755205548,0.03017224972742602
test/algebra/1332.json|128,28,2,0.9882815851721454,0.9999408272352512,1.851227768660504,0.10825162736815844
test/algebra/1332.json|128,28,3,0.9906865423856366,0.9999511115324928,1.8164118268834983,0.09650625686639917
test/algebra/1332.json|128,28,4,0.8269542025696841,0.9984692081811017,3.06680841573089,0.41598773711530956
test/algebra/1332.json|128,28,5,0.7808966014211266,0.9957834632941606,4.011399284043571,0.46808481985519823
test/algebra/1332.json|128,28,6,0.9863976713461071,0.9997158741648352,1.9367338922214394,0.1166290214907631
test/algebra/1332.json|128,28,7,0.995259872319184,0.9999390815278302,1.5879159930404654,0.06884858517657423
test/algebra/1332.json|128,28,8,0.9992416365822846,0.9999683147152626,1.3197797106972353,0.027538398967903017
test/algebra/1332.json|128,28,9,0.9997451324756671,0.9999885473223731,1.199602463081291,0.015964570909764608
test/algebra/1332.json|128,28,10,0.9999210611198444,0.9999969028764724,1.1191524154619594,0.008884755492169914
test/algebra/1332.json|128,28,11,0.9999649364366608,0.999998396695911,1.0845145463074146,0.0059214494289113835
test/algebra/1332.json|128,28,12,0.9999995529986282,1.0,1.0116963721449532,0.0006685816119263888
test/algebra/1332.json|128,28,13,0.9999997101449275,1.0,1.0100446883382546,0.0005383819020913095
test/algebra/1332.json|128,28,14,0.9999599804883411,0.9999989694546354,1.077361391430642,0.006326097664349182
test/algebra/1332.json|128,28,15,0.9998698280751388,0.9999986011375239,1.108221235557022,0.011409291163836599
test/algebra/1332.json|128,28,16,0.9986944019647711,0.999969502802454,1.3882092155577068,0.036133060142048506
test/algebra/1332.json|128,28,17,0.9998717029297788,0.9999949159669143,1.1381505487305505,0.011326829663291365
test/algebra/1332.json|128,28,18,0.9601360769435356,0.9986111375112309,2.7145711381714603,0.19965951782087513
test/algebra/1332.json|128,28,19,0.7953285374311831,0.9980142357923066,3.6061842984768604,0.4524063025299458
test/algebra/1332.json|128,28,20,1.0,1.0,1.0046177164108858,0.0
test/algebra/1332.json|128,28,21,1.0,1.0,1.004945677779609,0.0
test/algebra/1332.json|128,28,22,0.7305528720977758,0.9992794176446808,3.3570513939954894,0.519082968225913
test/algebra/1332.json|128,28,23,0.8109122926163431,0.9916801915865876,4.232902895798878,0.4348421637602049
test/algebra/1332.json|128,28,24,1.0,1.0,1.001889176947871,0.0
test/algebra/1332.json|128,28,25,1.0,1.0,1.0025848711048377,0.0
test/algebra/1332.json|128,28,26,0.9707170459847194,0.9986380650764933,2.587550171430664,0.17112262858920962
test/algebra/1332.json|128,28,27,0.9802692377422373,0.9982026719991667,2.4038219179168,0.14046623173475792
test/algebra/1332.json|128,28,28,1.0,1.0,1.0026844086208124,0.0
test/algebra/1332.json|128,28,29,1.0,1.0,1.0022920226475054,0.0
test/algebra/1332.json|128,28,30,0.9953446076980266,0.9999585786753501,1.660901286610974,0.06823043530546634
test/algebra/1332.json|128,28,31,0.9958848326938607,0.9999599739159496,1.5929363793589317,0.06414956980478713
test/algebra/1332.json|128,29,0,0.9997350571702869,0.9999995361374443,1.1215758042771196,0.016277064529979655
test/algebra/1332.json|128,29,1,0.999485631184502,0.9999948676332423,1.1977733572533784,0.0226797005160572
test/algebra/1332.json|128,29,2,0.9999975041441191,1.0,1.0232848791204994,0.0015798278010142224
test/algebra/1332.json|128,29,3,0.9999979185935576,0.9999998612395705,1.0243086569013111,0.001442708023968254
test/algebra/1332.json|128,29,4,0.9946372718255924,0.9998575839395819,1.6355802419007763,0.07323065051197919
test/algebra/1332.json|128,29,5,0.9991392490631305,0.9999636779455405,1.3353572320738325,0.02933855717088943
test/algebra/1332.json|128,29,6,0.9836392299409432,0.9989696579750905,2.2153367736153275,0.12790922585590447
test/algebra/1332.json|128,29,7,0.9575080194252439,0.9993836148176951,2.521818236001725,0.20613583040014202
test/algebra/1332.json|128,29,8,0.9702574559199167,0.9999995219283607,1.6975690814870354,0.17246026812017676
test/algebra/1332.json|128,29,9,0.9984169850758909,0.9999963811722679,1.301912370883324,0.039787120078098905
test/algebra/1332.json|128,29,10,0.9993966697632443,0.9999705870800553,1.3000277065399604,0.024562781535399023
test/algebra/1332.json|128,29,11,0.999037228988347,0.99996035312405,1.3422992912341303,0.031028551555832982
test/algebra/1332.json|128,29,12,0.9991956014202991,0.9999701164904233,1.3182882003951455,0.028361921297770674
test/algebra/1332.json|128,29,13,0.9992010341660326,0.9999910644846719,1.2823415518834713,0.028265983690072338
test/algebra/1332.json|128,29,14,0.9995404671594446,0.9999773515957154,1.2634719823149259,0.02143671711236222
test/algebra/1332.json|128,29,15,0.9992828492830397,0.999963467104167,1.3302722781832386,0.026779669844124745
test/algebra/1332.json|128,29,16,0.9998719854731113,0.999998554250723,1.111731901005399,0.011314350484615055
test/algebra/1332.json|128,29,17,0.9999827376825805,0.9999993699884153,1.053286803058007,0.004154794509900275
test/algebra/1332.json|128,29,18,0.9846484178239145,0.9999228244404078,1.7654707528510776,0.12390150191214575
test/algebra/1332.json|128,29,19,0.9725852581249408,0.9999096945357541,1.877975334477828,0.1655739770466942
test/algebra/1332.json|128,29,20,0.999563693653327,0.9999984842955699,1.1734989059705443,0.02088794740210299
test/algebra/1332.json|128,29,21,0.9997137690734016,0.9999980997116906,1.1599818343080013,0.01691836063566466
test/algebra/1332.json|128,29,22,0.6866461468288959,0.9944516468618992,3.6565697397518946,0.5597801829031679
test/algebra/1332.json|128,29,23,0.9744330397337652,0.9995840837877704,2.2380410258062904,0.159896717496748
test/algebra/1332.json|128,29,24,0.8434414120528728,0.9990375109583355,2.7183625167235257,0.3956748512947559
test/algebra/1332.json|128,29,25,0.9413369187419616,0.9990005338014459,2.5162127240310403,0.24220462683036925
test/algebra/1332.json|128,29,26,0.9652647251093922,0.9974627107291612,2.783415856539786,0.186374018818632
test/algebra/1332.json|128,29,27,0.9464217979156156,0.998931167453857,2.58756297255306,0.23146965694100027
test/algebra/1332.json|128,29,28,0.9996993701135262,0.9999799414985137,1.2140059807712364,0.017338681797467635
test/algebra/1332.json|128,29,29,0.9997774279215871,0.999978843364606,1.2043085031896479,0.014918849768427835
test/algebra/1332.json|128,29,30,0.9186170260997631,0.9990158720386678,2.6516714119266593,0.2852770125689009
test/algebra/1332.json|128,29,31,0.9715560142871557,0.9993015128031929,2.342391991895435,0.16865344856493253
test/algebra/1332.json|128,30,0,0.8806102177580698,0.9817820127282763,4.3003180039865185,0.3455282654746645
test/algebra/1332.json|128,30,1,0.7270211642878611,0.9856596839795475,4.711053792930448,0.522473765573104
test/algebra/1332.json|128,30,2,0.9997002871696,0.9999922036027082,1.189049802781726,0.01731221621861218
test/algebra/1332.json|128,30,3,0.9997283207640668,0.9999984658113735,1.156811666194523,0.016482695044597123
test/algebra/1332.json|128,30,4,0.8908527994177506,0.9991430633677214,2.8742889603100727,0.33037433402467775
test/algebra/1332.json|128,30,5,0.9581704815720055,0.9999560117436076,2.070997270349547,0.20452265993770602
test/algebra/1332.json|128,30,6,0.9869192069410945,0.9994356076659402,2.106828185901066,0.11437129473301212
test/algebra/1332.json|128,30,7,0.9956510785487531,0.9997738484453553,1.714887890011089,0.06594635282748303
test/algebra/1332.json|128,30,8,0.9883323741248868,0.9986816327110705,2.262507524784206,0.10801678515449885
test/algebra/1332.json|128,30,9,0.9525713374485665,0.9946865201153482,3.2578997051379486,0.21778122635212044
test/algebra/1332.json|128,30,10,0.9996844664002558,0.9999967388297998,1.160711718766527,0.017763265458361908
test/algebra/1332.json|128,30,11,0.9995846519423358,0.9999971942712631,1.162574065450713,0.020380089736411585
test/algebra/1332.json|128,30,12,0.9909548241084896,0.99959914217453,1.9232532701511502,0.09510612962112609
test/algebra/1332.json|128,30,13,0.9296813967953957,0.9977468297816696,2.922850204037586,0.26517655100819953
test/algebra/1332.json|128,30,14,0.9884626246494235,0.999393238325246,2.0175245223366334,0.10741217505746976
test/algebra/1332.json|128,30,15,0.960946675147402,0.999068379848998,2.4366143220216068,0.19761914090643662
test/algebra/1332.json|128,30,16,0.9955089313574127,0.999822415531793,1.6565060825523297,0.06701543585314733
test/algebra/1332.json|128,30,17,0.9910222740505802,0.9998536393893813,1.7846624527590094,0.09475086252599399
test/algebra/1332.json|128,30,18,0.9705037073945543,0.9983510477059988,2.6351039081563767,0.17174484739125576
test/algebra/1332.json|128,30,19,0.9962925638181344,0.9998376584437946,1.6082039244983954,0.06088871966025926
test/algebra/1332.json|128,30,20,0.9999749222890695,1.0,1.0533614206647912,0.005007765063431105
test/algebra/1332.json|128,30,21,0.9999538191305256,1.0,1.0621200527083596,0.006795650776370734
test/algebra/1332.json|128,30,22,0.9999887095234192,0.9999991998874864,1.0545125336379813,0.0033601304410352854
test/algebra/1332.json|128,30,23,0.9999641180233132,0.9999993428209398,1.070077570931833,0.005990156649604614
test/algebra/1332.json|128,30,24,0.9988096888125415,0.9999998057427683,1.1788300564381289,0.034500886763364394
test/algebra/1332.json|128,30,25,0.9992013066825035,0.9999997628582786,1.15506031892843,0.02826116270602628
test/algebra/1332.json|128,30,26,0.8824961862132777,0.9982218261091106,2.9769391827063396,0.3427882929545906
test/algebra/1332.json|128,30,27,0.9769002011890979,0.997789756229199,2.522616519469255,0.15198617967072556
test/algebra/1332.json|128,30,28,0.9619663226550985,0.9982737139480323,2.5353284216332024,0.19502224833311066
test/algebra/1332.json|128,30,29,0.9703355672846474,0.9979660534317764,2.586437486991017,0.17223365732443985
test/algebra/1332.json|128,30,30,0.9921067054390428,0.9997551792922519,1.8100927137218084,0.08884421512376155
test/algebra/1332.json|128,30,31,0.9769874698056088,0.9990962364923853,2.454904789867412,0.15169881408366778
test/algebra/1332.json|256,0,0,0.9985226524661052,0.9999208544722303,1.4312566625012573,0.03843627887679601
test/algebra/1332.json|256,0,1,0.9931213570610851,0.9997857292868926,1.6845418264108083,0.08293758459778616
test/algebra/1332.json|256,0,2,0.833461276233541,0.9860982242635024,4.373965260931346,0.40809156296897264
test/algebra/1332.json|256,0,3,0.8640642659586036,0.9891691356981093,3.989072985161289,0.3686946352218816
test/algebra/1332.json|256,0,4,0.9922891338677478,0.9997311840512224,1.8220341325401934,0.08781153758050389
test/algebra/1332.json|256,0,5,0.9963203110355245,0.9998913250189574,1.5910899830910437,0.0606604398638475
test/algebra/1332.json|256,0,6,0.982132607486861,0.9993015019589654,2.25899738764933,0.13366896615571977
test/algebra/1332.json|256,0,7,0.9803601621756645,0.9996362365919901,2.2016252455253214,0.1401422057209588
test/algebra/1332.json|256,0,8,0.8096295554218693,0.9947354974402279,3.913902096095927,0.4363146165075503
test/algebra/1332.json|256,0,9,0.7558271494044903,0.9940014862357436,4.165143709694637,0.4941384933351274
test/algebra/1332.json|256,0,10,0.9999128556480931,0.9999917435849162,1.1364430328064907,0.009335113920404587
test/algebra/1332.json|256,0,11,0.9997417000431932,0.999987524705174,1.1977543847522965,0.016071712939410593
test/algebra/1332.json|256,0,12,0.999840011300874,0.9999974316195458,1.1432464603960326,0.012648663926519458
test/algebra/1332.json|256,0,13,0.9998081276135689,0.9999973812692665,1.1536389021091495,0.013851800837116691
test/algebra/1332.json|256,0,14,0.6742662636848159,0.9921981484487463,4.2423636266797065,0.5707308790622635
test/algebra/1332.json|256,0,15,0.8133850231921866,0.9932660133673878,4.134959205502375,0.4319895563642868
test/algebra/1332.json|256,0,16,0.5752192255381703,0.973893703640553,5.103206682573806,0.6517520805197554
test/algebra/1332.json|256,0,17,0.5101450681056097,0.9440279416365,6.186101506980818,0.6998963722540575
test/algebra/1332.json|256,0,18,0.9842949620509287,0.999566851149793,2.151290174447796,0.12531974285431366
test/algebra/1332.json|256,0,19,0.9846965417896183,0.9994869041237343,2.1779064303351188,0.12370714696565313
test/algebra/1332.json|256,0,20,0.9999498850764573,0.9999936521096846,1.1117226571621157,0.007079189469330283
test/algebra/1332.json|256,0,21,0.9999026669327914,0.9999931151367162,1.1379001992606421,0.009865752237341296
test/algebra/1332.json|256,0,22,0.9722691162215887,0.99481075876829,2.88144502203547,0.16652592524412307
test/algebra/1332.json|256,0,23,0.9653880355499395,0.9964292045841032,2.9426984109727328,0.1860429102386343
test/algebra/1332.json|256,0,24,0.9719867346323192,0.9981816836046729,2.541449099173512,0.16737163848060035
test/algebra/1332.json|256,0,25,0.9639130817383293,0.9969305285938702,2.9018985502107713,0.18996557125350544
test/algebra/1332.json|256,0,26,0.8575635871056044,0.9830202875266729,4.220806752117513,0.37740748918694705
test/algebra/1332.json|256,0,27,0.732787841132764,0.9628246357367041,5.351404790780996,0.5169256802164466
test/algebra/1332.json|256,0,28,0.672715871550321,0.9924139861798955,4.460998115906372,0.5720875181732941
test/algebra/1332.json|256,0,29,0.7839724481402026,0.9976303206990587,3.785002628225043,0.46478764168144293
test/algebra/1332.json|256,0,30,0.9911259388484431,0.9998221496012579,1.7697864609535534,0.09420223538513758
test/algebra/1332.json|256,0,31,0.9934386518743556,0.9997782438578026,1.7371481640617783,0.08100214889522593
test/algebra/1332.json|256,1,0,0.9741600984203104,0.9983479575299908,2.5023915088163498,0.16074794424716488
test/algebra/1332.json|256,1,1,0.9647875406673343,0.9988171494410223,2.6794781311496267,0.18764983168834898
test/algebra/1332.json|256,1,2,0.7959305348285713,0.9844163743468548,4.1995211130455266,0.45174048431752123
test/algebra/1332.json|256,1,3,0.8810069173410052,0.9958137966310042,3.3853103504856072,0.34495373988260336
test/algebra/1332.json|256,1,4,0.9229200568279058,0.9891766486953482,3.9281392899275085,0.27763274873849847
test/algebra/1332.json|256,1,5,0.7930341041515556,0.9596397979871165,5.336383990800866,0.4549350457465817
test/algebra/1332.json|256,1,6,0.6764613965710286,0.9801156285643073,4.828909204178298,0.568804538861085
test/algebra/1332.json|256,1,7,0.6805814116288958,0.9915596932963034,4.208765745581588,0.5651712911773776
test/algebra/1332.json|256,1,8,0.8216395028843362,0.9954918598607222,3.7652544396631957,0.4223274761552507
test/algebra/1332.json|256,1,9,0.7917069594248579,0.9975007282931161,3.3799021224245247,0.4563913239481466
test/algebra/1332.json|256,1,10,0.8992248469422006,0.9996389540515731,2.693502047138803,0.3174510246601818
test/algebra/1332.json|256,1,11,0.8817194798078665,0.9990375434573918,2.92808972041071,0.3439193512905802
test/algebra/1332.json|256,1,12,0.668493347079746,0.9694657458169765,5.486441166866176,0.575766144298407
test/algebra/1332.json|256,1,13,0.5805860961418847,0.9974648225745083,3.8095740337175776,0.6476217289885472
test/algebra/1332.json|256,1,14,0.9470445425336107,0.996342740765925,3.142424439578319,0.23012052812904218
test/algebra/1332.json|256,1,15,0.9405535942457264,0.9944918524629522,3.2511428365260024,0.24381633611034684
test/algebra/1332.json|256,1,16,0.9401230134863234,0.99904867435201,2.866334589914883,0.24469774521575913
test/algebra/1332.json|256,1,17,0.7838020329786103,0.9988520990828547,3.297641455086144,0.4649709313724781
test/algebra/1332.json|256,1,18,0.872338608011993,0.9909482403162687,3.9024984222239847,0.35729734394199875
test/algebra/1332.json|256,1,19,0.7011429864324699,0.9809646115348539,4.920101065190359,0.5466781626949536
test/algebra/1332.json|256,1,20,0.9177440613623993,0.9949076020580075,3.4077005581269493,0.28680296134733463
test/algebra/1332.json|256,1,21,0.8080502011544068,0.995805598691778,3.5763595513957736,0.4381207582911282
test/algebra/1332.json|256,1,22,0.7407036362385186,0.9945042961310824,3.873081785260106,0.5092115118116256
test/algebra/1332.json|256,1,23,0.7922822095060498,0.9625416523620284,5.2417675945434485,0.4557606723862319
test/algebra/1332.json|256,1,24,0.8768550750610414,0.9879168588414202,4.081787112165816,0.3509201119043458
test/algebra/1332.json|256,1,25,0.8554538042392814,0.9974650779739234,3.549096681648859,0.3801923141789147
test/algebra/1332.json|256,1,26,0.9393604312068695,0.9990203742550188,2.743306912154032,0.24625102800421053
test/algebra/1332.json|256,1,27,0.9385687068738736,0.9983074705929449,2.822844314884766,0.2478533702133711
test/algebra/1332.json|256,1,28,0.7408276607542466,0.9629230291775202,5.282798677595379,0.5090897163032794
test/algebra/1332.json|256,1,29,0.8755048197090987,0.9897704211803328,4.123014666420492,0.35283874545024296
test/algebra/1332.json|256,1,30,0.7529883897661531,0.9709940477436976,5.090316244307003,0.49700262598284817
test/algebra/1332.json|256,1,31,0.6207852538931786,0.9765590398174121,5.152255479756021,0.6158041458993446
test/algebra/1332.json|256,2,0,0.9752817631370762,0.9995202959307333,2.2316009337707943,0.15722034493959058
test/algebra/1332.json|256,2,1,0.9745451915893676,0.9994870198960737,2.287758925784217,0.15954563112361433
test/algebra/1332.json|256,2,2,0.9985809842941953,0.999816017123401,1.5004891180291993,0.03766982487090584
test/algebra/1332.json|256,2,3,0.9998614548145578,0.9999904690616644,1.16705630505211,0.011770521884870147
test/algebra/1332.json|256,2,4,0.9351932907275787,0.9986057123159054,2.8560911915160796,0.25457161914168924
test/algebra/1332.json|256,2,5,0.9590007812330255,0.9988601044919083,2.5900701279727114,0.2024826381865234
test/algebra/1332.json|256,2,6,0.9962767661988751,0.9997147220780687,1.6779566176296106,0.061018307098156505
test/algebra/1332.json|256,2,7,0.9976092859251621,0.9999222430590495,1.5040375264413204,0.048894928927629394
test/algebra/1332.json|256,2,8,0.8692167880052281,0.9915275357885872,4.03357500967629,0.3616396161854671
test/algebra/1332.json|256,2,9,0.8428424371267768,0.9953188833656275,3.885656438069863,0.3964310316728791
test/algebra/1332.json|256,2,10,0.8750000151844959,0.9935290359752291,3.4253561900762644,0.3535533691191531
test/algebra/1332.json|256,2,11,0.9854525179704359,0.9995853402512237,1.9612970961175282,0.12061294304329087
test/algebra/1332.json|256,2,12,0.9539366490756673,0.9990176019493449,2.6249952043760945,0.21462374268550222
test/algebra/1332.json|256,2,13,0.7126942913678603,0.9929933832836231,3.929097488616087,0.5360090564833206
test/algebra/1332.json|256,2,14,0.9890389783992393,0.9995038401209089,2.024569478484186,0.10469489768255535
test/algebra/1332.json|256,2,15,0.9729031229538381,0.9992189141770235,2.310747406720592,0.1646112907614843
test/algebra/1332.json|256,2,16,0.6721693632981718,0.9908007537979128,4.161392672709656,0.5725649628660736
test/algebra/1332.json|256,2,17,0.6810518978624321,0.9756164011648966,4.977340493535611,0.5647549044829694
test/algebra/1332.json|256,2,18,0.7466777335600462,0.997091161171112,3.511242632648157,0.5033113017208672
test/algebra/1332.json|256,2,19,0.7546833613184675,0.9981691595815022,3.07081353049663,0.4952944969223185
test/algebra/1332.json|256,2,20,0.7813517258612689,0.996365949486276,3.7846245352471786,0.46759841118071727
test/algebra/1332.json|256,2,21,0.9508618865162027,0.992698894632244,3.339978356435631,0.2216711832507718
test/algebra/1332.json|256,2,22,0.9090666891291151,0.9965253399989104,3.3011931451094334,0.30155150616583704
test/algebra/1332.json|256,2,23,0.82532094178146,0.9954935983258645,3.802210522107321,0.41794623843090156
test/algebra/1332.json|256,2,24,0.9911823469638219,0.9999575322972324,1.5935140905602825,0.09390235905544704
test/algebra/1332.json|256,2,25,0.7065754231996244,0.999923155390348,2.2659998849890006,0.5416867884676306
test/algebra/1332.json|256,2,26,0.9136939298220664,0.9943818031742587,3.625806975975437,0.293778947812694
test/algebra/1332.json|256,2,27,0.7819139725551287,0.9965925876504286,3.341338337507264,0.466996817381951
test/algebra/1332.json|256,2,28,0.9860348809907968,0.999549770972295,2.0515546856080977,0.11817410464735142
test/algebra/1332.json|256,2,29,0.9964295558765076,0.9999468893251009,1.5358787441947168,0.0597531934166902
test/algebra/1332.json|256,2,30,0.9878005816147905,0.9997459276187226,1.8653423777213747,0.11045097729404457
test/algebra/1332.json|256,2,31,0.9624856617560995,0.999925810279598,2.0461309488628383,0.1936861849588155
test/algebra/1332.json|256,4,0,0.8249117284706937,0.9964874292586366,3.555101952191219,0.4184355046232409
test/algebra/1332.json|256,4,1,0.7857231487983045,0.9967408283847577,3.6335110019635852,0.46290047656239836
test/algebra/1332.json|256,4,2,0.7294115001343796,0.9951005253221386,3.9990450244247944,0.5201812182937985
test/algebra/1332.json|256,4,3,0.7309575200263484,0.9955753483520494,3.808055703530732,0.5186930498605622
test/algebra/1332.json|256,4,4,0.9377131354319334,0.9957853729529472,3.2270422625262496,0.24957336510146
test/algebra/1332.json|256,4,5,0.9628259946684891,0.9960229088739201,2.982773777319334,0.19280561540450772
test/algebra/1332.json|256,4,6,0.9823319335069889,0.9997689540892777,1.9511484911501782,0.1329212793085107
test/algebra/1332.json|256,4,7,0.8836232870778767,0.9978170279264474,3.3847159581426234,0.3411403126605287
test/algebra/1332.json|256,4,8,0.9121873514253017,0.9996400419156224,2.6092499765024,0.29633199046795183
test/algebra/1332.json|256,4,9,0.9504098191536834,0.999741469898133,2.1737662095905,0.22268852877127868
test/algebra/1332.json|256,4,10,0.9995078747397047,0.9999903889446973,1.248404764711062,0.022183896418242113
test/algebra/1332.json|256,4,11,0.9928374686626076,0.9999791786879727,1.5289590744193293,0.08463173953897213
test/algebra/1332.json|256,4,12,0.8672589244139451,0.9985156462452691,3.072122141636887,0.3643364867619696
test/algebra/1332.json|256,4,13,0.9647589535114623,0.9950977896003436,3.024372160886604,0.18772598778149405
test/algebra/1332.json|256,4,14,0.783224627215806,0.9944231454015005,3.9115680585838133,0.4655914225844308
test/algebra/1332.json|256,4,15,0.7297171420847621,0.9953940584150502,3.9594455277997294,0.519887351178347
test/algebra/1332.json|256,4,16,0.9305188170461836,0.9963132900976056,2.9194943035218475,0.2635928355509998
test/algebra/1332.json|256,4,17,0.8495568584695954,0.9988926665875993,3.2117711743390664,0.3878700059690161
test/algebra/1332.json|256,4,18,0.9973826887617422,0.9999644944451508,1.3940024079675533,0.05115966417264497
test/algebra/1332.json|256,4,19,0.9955171217670281,0.9999045827001496,1.5384220135343911,0.06695429958540293
test/algebra/1332.json|256,4,20,0.9248885120140898,0.9998592271733625,2.1835857567030907,0.2740647514473727
test/algebra/1332.json|256,4,21,0.8453531042866758,0.9998912048003957,2.7013443565445487,0.39325169511818286
test/algebra/1332.json|256,4,22,0.7640094109517231,0.9968108564567468,3.800468594363629,0.4857886258943048
test/algebra/1332.json|256,4,23,0.7807929742639945,0.9934596568901967,4.304751016290995,0.46819549948286077
test/algebra/1332.json|256,4,24,0.9147702975401962,0.9972278978662772,3.288275581234286,0.2919412654281744
test/algebra/1332.json|256,4,25,0.8981184527362006,0.9961520141749283,3.314977392171205,0.3191888896308883
test/algebra/1332.json|256,4,26,0.9765203337167969,0.9989337450133089,2.4299696695226016,0.15323076154350693
test/algebra/1332.json|256,4,27,0.9619325557372332,0.9992201625727141,2.5281359369145804,0.19510880108997328
test/algebra/1332.json|256,4,28,0.8718479265182186,0.9999344237369823,2.3524346402819094,0.3579833424641171
test/algebra/1332.json|256,4,29,0.9560488989267901,0.999944721771706,2.1028030315840276,0.20964517898871388
test/algebra/1332.json|256,4,30,0.7136354055408836,0.9916976598477643,4.120314258072146,0.5351304462083207
test/algebra/1332.json|256,4,31,0.6393244290512171,0.9870708931418728,4.735416501077167,0.6005627119200649
test/algebra/1332.json|256,5,0,0.9960421595788523,0.9999750018719117,1.4342705758347825,0.06291136956979766
test/algebra/1332.json|256,5,1,0.9986507279826146,0.9998915733209641,1.4246549001531175,0.03673243821726838
test/algebra/1332.json|256,5,2,0.8030157564441985,0.9960240532089955,4.070282436862606,0.4438290702013574
test/algebra/1332.json|256,5,3,0.8085461687191585,0.9936542667582905,3.9842649020069185,0.43755437522762985
test/algebra/1332.json|256,5,4,0.9756022356177203,0.9998806774205534,2.1232825098328996,0.15619783731626918
test/algebra/1332.json|256,5,5,0.9600603371656085,0.9997671863777676,2.232279274116559,0.19984910015907387
test/algebra/1332.json|256,5,6,0.8080086667195655,0.977785095269231,4.542936669968096,0.43816815639710116
test/algebra/1332.json|256,5,7,0.8117720864314216,0.9875703424322924,4.504967678787504,0.4338524098914035
test/algebra/1332.json|256,5,8,0.6857216741139849,0.9667610435261121,4.932575160050959,0.5606053209576369
test/algebra/1332.json|256,5,9,0.7504833078883971,0.9799015351000055,4.926846579558078,0.4995164582990263
test/algebra/1332.json|256,5,10,0.6404939522346332,0.9981469205761925,3.8375960020353115,0.5995882318436268
test/algebra/1332.json|256,5,11,0.7585526302250434,0.991242173161987,4.232111754829272,0.4913729436741065
test/algebra/1332.json|256,5,12,0.9109448890394449,0.9943260001920351,3.596225471257952,0.29842102968885265
test/algebra/1332.json|256,5,13,0.917634425127067,0.990451733478524,3.79552811410785,0.2869940328176406
test/algebra/1332.json|256,5,14,0.8996854527755285,0.9930818124858098,3.5380645679954807,0.3167247183667096
test/algebra/1332.json|256,5,15,0.8906058530974028,0.9964400594977393,3.551368530324898,0.3307478600121204
test/algebra/1332.json|256,5,16,0.8676956876358751,0.9963061432778147,3.5401871301193646,0.3637365975044646
test/algebra/1332.json|256,5,17,0.910456833411156,0.9976651447685415,3.175769620257987,0.29923764233271855
test/algebra/1332.json|256,5,18,0.8842041111704949,0.9941034740863535,3.6746127359445477,0.34028794987408106
test/algebra/1332.json|256,5,19,0.8941422444904227,0.9963892174739357,3.5052755129087636,0.3253578883469361
test/algebra/1332.json|256,5,20,0.8470090967373107,0.990472603630194,4.013545045259455,0.39114051600759703
test/algebra/1332.json|256,5,21,0.7698268874733544,0.9898057513555932,4.250935787289866,0.4797636006687519
test/algebra/1332.json|256,5,22,0.9885899646180693,0.9996106330256772,2.0016109313193224,0.10681776716413216
test/algebra/1332.json|256,5,23,0.9855381504461415,0.9997486375379144,2.01337858778228,0.1202574303478107
test/algebra/1332.json|256,5,24,0.874249551647998,0.9880084997163422,4.198941933417074,0.3546130967011822
test/algebra/1332.json|256,5,25,0.8058270379716792,0.9814615651404622,4.697563262869551,0.44065061219555884
test/algebra/1332.json|256,5,26,0.91702181563016,0.9983265753928724,2.919132373882465,0.2880593417506885
test/algebra/1332.json|256,5,27,0.8821594211956464,0.9987007629401747,2.8624361263574296,0.34327915579649404
test/algebra/1332.json|256,5,28,0.8888330410274061,0.9962131763880364,3.568458918881138,0.3334170946016324
test/algebra/1332.json|256,5,29,0.8765345931622238,0.9956882452077345,3.679253716167841,0.35137644604864476
test/algebra/1332.json|256,5,30,0.9780790119217052,0.9975955973903631,2.672252578679239,0.14805738103281035
test/algebra/1332.json|256,5,31,0.9746156947649106,0.9966658346782558,2.7842557918923068,0.15932452803975095
test/algebra/1332.json|256,6,0,0.8198794990364034,0.9854785697806077,4.420078855346747,0.4244060566999446
test/algebra/1332.json|256,6,1,0.8339298265876798,0.9849945089546542,4.516738166047688,0.4075170835834005
test/algebra/1332.json|256,6,2,0.9302768617709897,0.9961218688614077,3.437887970555201,0.2640513931586242
test/algebra/1332.json|256,6,3,0.9855558312790144,0.9984208840428755,2.3084579327783574,0.12018389543106697
test/algebra/1332.json|256,6,4,0.9824748965813693,0.9985034899464988,2.4413078464576414,0.13238241355493816
test/algebra/1332.json|256,6,5,0.9832098152365463,0.9985086588558769,2.4068824403563194,0.1295769453392606
test/algebra/1332.json|256,6,6,0.9249521617783707,0.9980981972155919,3.111420529642534,0.2739486050733409
test/algebra/1332.json|256,6,7,0.9351828239656028,0.9981842265300347,3.0405465974957577,0.2545921759096245
test/algebra/1332.json|256,6,8,0.9433368508272589,0.9947285434614831,3.270332237844436,0.2380402259550706
test/algebra/1332.json|256,6,9,0.9292325262736879,0.9936840946694624,3.397530775906001,0.26602156628046547
test/algebra/1332.json|256,6,10,0.8840748370615202,0.983464279306553,4.342543869430109,0.3404778450038706
test/algebra/1332.json|256,6,11,0.9278135542985683,0.9934835960721556,3.6729226975771616,0.268675353729053
test/algebra/1332.json|256,6,12,0.9375946668849117,0.9955937815044771,3.315908557818443,0.24981059448127563
test/algebra/1332.json|256,6,13,0.9568039106695,0.9973173190211624,3.002259687725,0.20783668908664804
test/algebra/1332.json|256,6,14,0.9938232203347028,0.9996825051584409,1.79789046318716,0.07859249115085469
test/algebra/1332.json|256,6,15,0.9948539033533568,0.9997495634940042,1.7360894582162905,0.07173629936540654
test/algebra/1332.json|256,6,16,0.8681957957560777,0.9853668793863093,4.331915640023682,0.3630484874557698
test/algebra/1332.json|256,6,17,0.8870852251808166,0.9833748748588607,4.383176397144176,0.33602793755755406
test/algebra/1332.json|256,6,18,0.9945227174750562,0.999777577805489,1.7125150720748736,0.07400866520174404
test/algebra/1332.json|256,6,19,0.9803872823730313,0.9997874756257221,2.039320658093503,0.14004541273090204
test/algebra/1332.json|256,6,20,0.9488633388716203,0.998931345092301,2.888626131432966,0.22613416621196292
test/algebra/1332.json|256,6,21,0.9671810209092337,0.9998082113768584,2.070270700330622,0.18116009243419548
test/algebra/1332.json|256,6,22,0.9407795083183074,0.9992028434271072,2.8685130313280642,0.24335260771500403
test/algebra/1332.json|256,6,23,0.8964516205704831,0.9987205442152868,3.255124805155577,0.3217893401427662
test/algebra/1332.json|256,6,24,0.8168662476628409,0.9977265436110967,3.256772844784519,0.4279412954333329
test/algebra/1332.json|256,6,25,0.9764889589760483,0.9995385603936014,2.1650526187507575,0.1533331047880781
test/algebra/1332.json|256,6,26,0.9618057818597994,0.9995827311830012,2.3044069848861075,0.19543341101306252
test/algebra/1332.json|256,6,27,0.9742897835982706,0.9995504732359966,2.2085870659990645,0.16034405633427587
test/algebra/1332.json|256,6,28,0.8631583596523176,0.9942699811373062,3.7253968666072423,0.36992112719832915
test/algebra/1332.json|256,6,29,0.8461518563989063,0.9955887392236703,3.4480564722639913,0.3922348067179832
test/algebra/1332.json|256,6,30,0.9726300310907755,0.9996936324215376,2.284116216050615,0.1654387164759945
test/algebra/1332.json|256,6,31,0.8939531266434435,0.998834296984858,2.9930408375266513,0.32564838915087
test/algebra/1332.json|256,8,0,0.7955106407146139,0.9930740501511384,3.919397520447685,0.45220499697082756
test/algebra/1332.json|256,8,1,0.7498043452851927,0.9965853112907358,3.5224745412456544,0.5001956164490122
test/algebra/1332.json|256,8,2,0.7335222894726622,0.9807380045434797,4.864093323426004,0.5162147910776461
test/algebra/1332.json|256,8,3,0.714968231636493,0.9819766649060064,4.8110051974962085,0.5338836655709809
test/algebra/1332.json|256,8,4,0.8700655020518352,0.9928556981748022,3.7390580026899873,0.360464281098925
test/algebra/1332.json|256,8,5,0.9059691678967793,0.9953669380639214,3.4719450683912307,0.30664447182889293
test/algebra/1332.json|256,8,6,0.957605256026289,0.9986569181000164,2.7521722097941304,0.20589983966412168
test/algebra/1332.json|256,8,7,0.9703739281668725,0.9988720874706797,2.5190343405807027,0.17212225838957462
test/algebra/1332.json|256,8,8,0.9888798426965342,0.9985694272020988,2.290744315559873,0.10545215646664523
test/algebra/1332.json|256,8,9,0.9138660663728311,0.9930803991681827,3.719492774062708,0.29348583207229767
test/algebra/1332.json|256,8,10,0.9496543261217386,0.9989712037250442,2.62572864377737,0.2243784166943456
test/algebra/1332.json|256,8,11,0.9359166205523267,0.9989902954944494,2.804332325773401,0.2531469522780657
test/algebra/1332.json|256,8,12,0.9758270341362223,0.9993619582964154,2.362967481864733,0.1554765765759515
test/algebra/1332.json|256,8,13,0.9793400753296017,0.9992247182075513,2.3642320343937646,0.14373560682864334
test/algebra/1332.json|256,8,14,0.9903133261350155,0.9997375371880256,1.9109309238338512,0.09842090156559455
test/algebra/1332.json|256,8,15,0.9437323312151933,0.9994770830185169,2.47207521696936,0.23720807065697977
test/algebra/1332.json|256,8,16,0.9404551969781336,0.9976528943149038,2.911636268476205,0.24401803831247063
test/algebra/1332.json|256,8,17,0.9558166568126211,0.9973673805952985,2.829897597012831,0.21019834249436634
test/algebra/1332.json|256,8,18,0.9834804641140278,0.999873776581167,1.9739934019300063,0.12852834662428445
test/algebra/1332.json|256,8,19,0.9613246661399217,0.999858144610119,2.192526048793903,0.19666045321842993
test/algebra/1332.json|256,8,20,0.9999718897255673,1.0,1.0474859409123214,0.005301912337329277
test/algebra/1332.json|256,8,21,0.9999502983615912,0.999999924119636,1.066318523684077,0.007049938893975137
test/algebra/1332.json|256,8,22,0.8940541673777397,0.987923775984304,3.8546450473026517,0.32549321440278955
test/algebra/1332.json|256,8,23,0.853144140865878,0.9852981231016549,4.0405623651040115,0.383217769856934
test/algebra/1332.json|256,8,24,0.9087621096230809,0.9969233277421837,3.377718621849708,0.3020561046840787
test/algebra/1332.json|256,8,25,0.8041406784735595,0.9911947698937859,4.309835389329032,0.44255996376360174
test/algebra/1332.json|256,8,26,0.8634256982403622,0.9948473352462589,3.6622534555866584,0.36955960515137176
test/algebra/1332.json|256,8,27,0.9727134763152787,0.9989110960435741,2.4812943426329497,0.1651863301993276
test/algebra/1332.json|256,8,28,0.9600374752032172,0.9986942796135544,2.6810979135635624,0.19990629003806445
test/algebra/1332.json|256,8,29,0.961824903224981,0.9988955587412857,2.686032620771734,0.19538448447872966
test/algebra/1332.json|256,8,30,0.9954860035641067,0.999715767013168,1.7386914193524956,0.0671862816049031
test/algebra/1332.json|256,8,31,0.9518846198205975,0.9957475602814188,3.146301380956527,0.21935218298298864
test/algebra/1332.json|256,9,0,0.9684496315506126,0.9959978205147508,2.84030978653962,0.1776242338460251
test/algebra/1332.json|256,9,1,0.9531454632555962,0.9982000057508291,2.755740799841325,0.21645908792287694
test/algebra/1332.json|256,9,2,0.8961014057677321,0.9943949932986752,3.8009565617881367,0.32233304861938666
test/algebra/1332.json|256,9,3,0.9222725134748497,0.9952492022906871,3.675887676672867,0.27879649661563227
test/algebra/1332.json|256,9,4,0.9646867855810346,0.9996418109955177,2.489552999571583,0.18791810561775413
test/algebra/1332.json|256,9,5,0.9777581163093453,0.9996941570531834,2.251984583082873,0.14913713048954214
test/algebra/1332.json|256,9,6,0.779626468512718,0.9936434951681969,4.163174465358466,0.46943959301201044
test/algebra/1332.json|256,9,7,0.6885155063313613,0.9958491807269444,3.9797486808945615,0.5581079587934925
test/algebra/1332.json|256,9,8,0.8667034252495065,0.9952235508336037,3.424415517087725,0.36509803443800337
test/algebra/1332.json|256,9,9,0.9709108376684412,0.998657679940401,2.640805065876149,0.17055545236537817
test/algebra/1332.json|256,9,10,0.7375724434338047,0.9914849503918428,4.491523799304965,0.5122768358672831
test/algebra/1332.json|256,9,11,0.7413059333199807,0.9834659234548845,4.477798683268906,0.5086197663088009
test/algebra/1332.json|256,9,12,0.8969030276436308,0.9991685181464303,2.589050338739464,0.32108717251919167
test/algebra/1332.json|256,9,13,0.96551912083467,0.9995234006163878,2.2690419482929975,0.18569027751966458
test/algebra/1332.json|256,9,14,0.9999340343010776,0.9999959280432764,1.111692051975036,0.008121927044880765
test/algebra/1332.json|256,9,15,0.9996049056599355,0.9999624476378728,1.264787106056207,0.019876980154552183
test/algebra/1332.json|256,9,16,0.8671893646754114,0.9937312399906595,3.8944376207487417,0.36443193510529315
test/algebra/1332.json|256,9,17,0.8568911899073636,0.9927022750157182,4.0684681354531085,0.378297250971556
test/algebra/1332.json|256,9,18,0.9958136672898431,0.9998142856749649,1.7020949486664434,0.0647018756309034
test/algebra/1332.json|256,9,19,0.9985003077188632,0.9998595652678758,1.4680747415885027,0.03872586062486898
test/algebra/1332.json|256,9,20,0.9920664615947019,0.9999410383297535,1.7203447304038466,0.08907041262561935
test/algebra/1332.json|256,9,21,0.9869855188057121,0.9999515131189538,1.776057912862609,0.11408102907270753
test/algebra/1332.json|256,9,22,0.9291277311433124,0.9951508819371888,3.2981875293834824,0.26621846077364286
test/algebra/1332.json|256,9,23,0.8359982735172308,0.9933890359085104,3.96026784186187,0.40497126624338325
test/algebra/1332.json|256,9,24,0.8815937878960393,0.9972914268655751,3.567706477204349,0.3441020373435193
test/algebra/1332.json|256,9,25,0.9013271262922709,0.9965665559075775,3.3793558128496657,0.3141223865115779
test/algebra/1332.json|256,9,26,0.9420830197390548,0.997493453349865,3.0198587713561307,0.24065946950191916
test/algebra/1332.json|256,9,27,0.8132883847394147,0.9980671995310326,3.380081424680498,0.4321013946524419
test/algebra/1332.json|256,9,28,0.9801493511926429,0.9975673129376424,2.668130761916207,0.1408923305483911
test/algebra/1332.json|256,9,29,0.982896787875804,0.9979574985225513,2.495392263486082,0.1307792495933356
test/algebra/1332.json|256,9,30,0.9853389344916631,0.9999330229922848,1.9275352846205018,0.12108288693426872
test/algebra/1332.json|256,9,31,0.9693741441444936,0.9999376413495071,2.059900499685635,0.1750024452843627
test/algebra/1332.json|256,10,0,0.8238905882324992,0.9938763720034801,3.8573423923478924,0.419653919042228
test/algebra/1332.json|256,10,1,0.8571306364159015,0.9933097916765563,3.774050102832912,0.37798063916568336
test/algebra/1332.json|256,10,2,0.8988993502710165,0.9885823304877828,4.100595538495265,0.3179632836177527
test/algebra/1332.json|256,10,3,0.8717657495931729,0.9838726283647349,4.413451556369906,0.35809810165208517
test/algebra/1332.json|256,10,4,0.9493526930279255,0.9982427781554255,2.788337280228975,0.22504956558961525
test/algebra/1332.json|256,10,5,0.8753697232282434,0.9983158132493625,3.0234680786355477,0.35303013578412346
test/algebra/1332.json|256,10,6,0.9775017311247405,0.999380606744222,2.3659160547546394,0.1499942294732018
test/algebra/1332.json|256,10,7,0.9795517216180849,0.9996682715243689,2.2519618985398777,0.14299747683758304
test/algebra/1332.json|256,10,8,0.8041777265706791,0.9996753639685572,2.7074959157028835,0.4425181051994606
test/algebra/1332.json|256,10,9,0.9740968658267655,0.9998707016753815,1.971679579471164,0.16094450650219327
test/algebra/1332.json|256,10,10,0.9869579224186095,0.9999882734538477,1.5613073270063138,0.11420191583940495
test/algebra/1332.json|256,10,11,0.9662782574341383,0.9999906049451714,1.7346647234625268,0.18363480760972767
test/algebra/1332.json|256,10,12,0.9991399398716229,0.9999792515496828,1.2736091586946092,0.02932678175963292
test/algebra/1332.json|256,10,13,0.9998388344507478,0.9999980773232721,1.116944254164888,0.012695099418758501
test/algebra/1332.json|256,10,14,0.9881167778208518,0.9993317549996932,2.0937546862780696,0.10901019300573762
test/algebra/1332.json|256,10,15,0.9929332712767823,0.999228722686099,2.022872792941869,0.08406383719065931
test/algebra/1332.json|256,10,16,0.8769118665720259,0.9988666962484015,3.128193629586205,0.3508391845674797
test/algebra/1332.json|256,10,17,0.9674960621158384,0.999563723344407,2.3589562775486264,0.18028848516797077
test/algebra/1332.json|256,10,18,0.8979247410962873,0.9966741377843076,3.352756884616969,0.3194921891122109
test/algebra/1332.json|256,10,19,0.8853912299635452,0.9957946308628406,3.31519553655555,0.3385391706087417
test/algebra/1332.json|256,10,20,0.9863606229565194,0.9996386679329822,2.0815899583062,0.11678774354991459
test/algebra/1332.json|256,10,21,0.9871969637082106,0.999807859105843,1.92076776037838,0.11315050283489403
test/algebra/1332.json|256,10,22,0.9955147865316446,0.9999887809168235,1.422101939028294,0.06697173633970825
test/algebra/1332.json|256,10,23,0.9958542060419228,0.9999911746998743,1.4027335026688348,0.0643878401414214
test/algebra/1332.json|256,10,24,0.9797533855344841,0.9996728547531878,2.122452075399453,0.1422905986547105
test/algebra/1332.json|256,10,25,0.9854186775622064,0.9995899595269853,2.069220851763583,0.12075314669934545
test/algebra/1332.json|256,10,26,0.9845069459137231,0.9993383585094926,2.102859057892382,0.12447109739323776
test/algebra/1332.json|256,10,27,0.9897727042094437,0.9995032058530829,1.9754529150012032,0.10113009339734765
test/algebra/1332.json|256,10,28,0.9951350331547552,0.9997514407780902,1.7131104702613704,0.06974931429945992
test/algebra/1332.json|256,10,29,0.995818832402582,0.9996405712206383,1.7083233419976762,0.06466194860517309
test/algebra/1332.json|256,10,30,0.9565182830423195,0.9950920885235004,3.2355779527192983,0.20852270130055517
test/algebra/1332.json|256,10,31,0.9467429030812127,0.9930650000890625,3.482558448454234,0.23077499197007315
test/algebra/1332.json|256,12,0,0.993155219419271,0.9999108026077782,1.6922313857257678,0.08273318911252615
test/algebra/1332.json|256,12,1,0.988504299634379,0.9999486013979791,1.8105939318428965,0.10721800392481189
test/algebra/1332.json|256,12,2,0.9303795226362482,0.9998412434937188,2.428355991856864,0.2638569259347796
test/algebra/1332.json|256,12,3,0.940791456730971,0.9996777039594158,2.547496482738736,0.24332805688828615
test/algebra/1332.json|256,12,4,0.9981570949827486,0.9999515277586608,1.4351022847327397,0.042929069606169816
test/algebra/1332.json|256,12,5,0.9989249137966609,0.9999603518133741,1.364787864631311,0.03278850718375374
test/algebra/1332.json|256,12,6,0.9881990815445657,0.9991963258130081,2.153375769244063,0.10863203236354503
test/algebra/1332.json|256,12,7,0.9903174632757799,0.999223841940311,2.0781772929628417,0.09839988172868984
test/algebra/1332.json|256,12,8,0.988804048349905,0.9996942200208124,1.8607964247909947,0.10581092405841193
test/algebra/1332.json|256,12,9,0.945408779951543,0.9995529596095963,2.2870898999152147,0.2336476407936895
test/algebra/1332.json|256,12,10,0.9883980624469486,0.9999881141309299,1.504125921594572,0.10771229063134527
test/algebra/1332.json|256,12,11,0.9916364513429554,0.9999850657082937,1.4739423400948286,0.0914524393170821
test/algebra/1332.json|256,12,12,0.9787082845714425,0.9992346982213323,2.3521174929998643,0.14591680995881678
test/algebra/1332.json|256,12,13,0.9539078193615299,0.999083751546881,2.7222876982778934,0.2146908955649263
test/algebra/1332.json|256,12,14,0.9850582062184493,0.9996697388441783,2.0745880705817377,0.12223663027730555
test/algebra/1332.json|256,12,15,0.9936548781932993,0.9998971541756251,1.7360952530497071,0.07965627286473213
test/algebra/1332.json|256,12,16,0.9611950874576913,0.9952297523149792,3.227490461477218,0.1969896254687253
test/algebra/1332.json|256,12,17,0.934084654631626,0.9920485096996795,3.67595954216854,0.25673983985422666
test/algebra/1332.json|256,12,18,0.9982044481231918,0.9999195327827414,1.4546405272720593,0.042373952810756794
test/algebra/1332.json|256,12,19,0.9978988209999419,0.9998186765174167,1.5718345608886155,0.04583861908978202
test/algebra/1332.json|256,12,20,0.9977266165491274,0.9998100329419352,1.575657811562837,0.04768001102005513
test/algebra/1332.json|256,12,21,0.9982806631621822,0.9998476779320383,1.5116493388231773,0.04146488680579962
test/algebra/1332.json|256,12,22,0.8935815041087802,0.9996365942260584,2.6456768081912836,0.326218478770317
test/algebra/1332.json|256,12,23,0.928878082608647,0.9997583628999692,2.443357824771799,0.26668692767241703
test/algebra/1332.json|256,12,24,0.9198517205952763,0.9981611323627934,3.2418614918889204,0.28310471455757086
test/algebra/1332.json|256,12,25,0.9371917116264246,0.9974282628982699,3.0599940499346,0.2506158182828359
test/algebra/1332.json|256,12,26,0.9447563900948945,0.9943774741673539,3.225763410386447,0.23503959220757992
test/algebra/1332.json|256,12,27,0.9747408903077167,0.9962066456442483,2.850366102386601,0.15893114764665636
test/algebra/1332.json|256,12,28,0.6947811267599757,0.9888044916201799,4.4787275832513505,0.5524661738423668
test/algebra/1332.json|256,12,29,0.8538611838689124,0.9874172036606749,4.20143342345631,0.382281069543193
test/algebra/1332.json|256,12,30,0.9992579439275314,0.999952426787038,1.3226185935314978,0.027240706166848497
test/algebra/1332.json|256,12,31,0.9930844753790313,0.9995463814204046,1.8618591552473611,0.08315963336239929
test/algebra/1332.json|256,13,0,0.9966146970746291,0.9999183174110601,1.5286240148667103,0.05818335608548952
test/algebra/1332.json|256,13,1,0.9969586134563616,0.9998301390149983,1.636084577248876,0.05514876738095233
test/algebra/1332.json|256,13,2,0.9712746480182324,0.9989563455209075,2.5686812486586517,0.1694855509527807
test/algebra/1332.json|256,13,3,0.9751961619631682,0.9982775352708967,2.568433229993071,0.15749234278793314
test/algebra/1332.json|256,13,4,0.8236869027701603,0.9727897173084428,4.923063304897127,0.41989653157633927
test/algebra/1332.json|256,13,5,0.8302000960099153,0.9825702986795213,4.70070363385018,0.41206783906304156
test/algebra/1332.json|256,13,6,0.9967881869677667,0.999852032673703,1.6077801032491377,0.05667285974991274
test/algebra/1332.json|256,13,7,0.9974103767523637,0.9999079439091799,1.5412573298167598,0.050888340979406484
test/algebra/1332.json|256,13,8,0.9058323192100894,0.9961279693018992,3.509925631289441,0.30686752970933656
test/algebra/1332.json|256,13,9,0.8864056037896739,0.9948847636167029,3.5867328082168313,0.33703767773103066
test/algebra/1332.json|256,13,10,0.9791424996122375,0.9993661255804712,2.33753597187886,0.14442126016540108
test/algebra/1332.json|256,13,11,0.983841500012418,0.9991335853268833,2.2440188061086737,0.1271160886260351
test/algebra/1332.json|256,13,12,0.9922142122712321,0.9998181949654529,1.7352639956161169,0.08823711083647244
test/algebra/1332.json|256,13,13,0.9944772398880097,0.9999067860428228,1.6149021430912611,0.07431527509193696
test/algebra/1332.json|256,13,14,0.9472035257290453,0.9996443885726968,2.4274438588158755,0.22977483385034725
test/algebra/1332.json|256,13,15,0.9613141939927413,0.9994275723165302,2.541152665854573,0.19668707636054455
test/algebra/1332.json|256,13,16,0.9983417194548186,0.999863214464202,1.5035054722836403,0.04072199092850639
test/algebra/1332.json|256,13,17,0.9976770203900467,0.9999023495202326,1.5186058917040797,0.04819729878274625
test/algebra/1332.json|256,13,18,0.9769624733292546,0.9993439506813508,2.3532570107980013,0.1517811802258285
test/algebra/1332.json|256,13,19,0.9884156335599871,0.999782648437906,1.9928551132652819,0.10763069469260582
test/algebra/1332.json|256,13,20,0.9887459460564014,0.999806620355486,1.8212136143219877,0.10608512593006889
test/algebra/1332.json|256,13,21,0.9887926489500259,0.9998482583101614,1.8187594795351187,0.10586477719229402
test/algebra/1332.json|256,13,22,0.9689791628299743,0.9977473936693453,2.7745779162701982,0.17612733226284238
test/algebra/1332.json|256,13,23,0.9474598879220497,0.9960008179854551,3.148085711814002,0.22921629976498242
test/algebra/1332.json|256,13,24,0.9987038299522072,0.9999797552511083,1.305785745416438,0.036002361697433274
test/algebra/1332.json|256,13,25,0.9993947301144814,0.9999539973448875,1.2969401623853745,0.024602233344120747
test/algebra/1332.json|256,13,26,0.9875419106332695,0.9996653593090387,1.9313194516239383,0.1116158114548765
test/algebra/1332.json|256,13,27,0.9806325701360985,0.9996481099134247,2.015722722437973,0.1391669136824608
test/algebra/1332.json|256,13,28,0.9511066047383908,0.9970522044111556,3.078628425492387,0.22111850954094545
test/algebra/1332.json|256,13,29,0.957733840140271,0.9983662840667454,2.9047487093994397,0.2055873533555239
test/algebra/1332.json|256,13,30,0.9760921714901262,0.9998221065665155,2.0719021674879357,0.15462156547478695
test/algebra/1332.json|256,13,31,0.9577319793939851,0.9997519422272051,2.3586050730272095,0.2055918787452823
test/algebra/1332.json|256,14,0,0.9930825984185689,0.9998722281359081,1.7933983619746878,0.08317091788258117
test/algebra/1332.json|256,14,1,0.9910737605845127,0.9998121669461314,1.9093870589570268,0.09447877759310455
test/algebra/1332.json|256,14,2,0.9592477901446703,0.9981704534701343,2.8316186055367503,0.20187176586964725
test/algebra/1332.json|256,14,3,0.9822447723393191,0.9992231044466768,2.2726012863765725,0.1332487435613595
test/algebra/1332.json|256,14,4,0.9973355251337169,0.9999503251413268,1.4457745391202552,0.05161855157095241
test/algebra/1332.json|256,14,5,0.9941265931208086,0.9998696750904393,1.651580202686557,0.07663815550488774
test/algebra/1332.json|256,14,6,0.9110271474812386,0.9899763791154302,3.81393033027969,0.298283175051429
test/algebra/1332.json|256,14,7,0.9486055262832136,0.9967938723424951,3.096906276581946,0.2267034929523284
test/algebra/1332.json|256,14,8,0.9807427271637126,0.998544719030413,2.4425006191315983,0.13877057626272013
test/algebra/1332.json|256,14,9,0.9254207581967921,0.9941090906283278,3.4467085234208863,0.2730920024519353
test/algebra/1332.json|256,14,10,0.9996730543310033,0.9999611011799598,1.2601400154509048,0.01808163900194654
test/algebra/1332.json|256,14,11,0.9997788598102075,0.9999635569993353,1.228858105894021,0.01487078309277854
test/algebra/1332.json|256,14,12,0.9738798219152404,0.9976537175700332,2.7028415450785763,0.16161738175320017
test/algebra/1332.json|256,14,13,0.9570949899612929,0.9967893492821979,3.009862087042589,0.2071352457664003
test/algebra/1332.json|256,14,14,0.998063770817836,0.9997284475919926,1.603881825287286,0.04400260426570184
test/algebra/1332.json|256,14,15,0.9962408833143361,0.9995205233097996,1.7647543854085748,0.06131163580972103
test/algebra/1332.json|256,14,16,0.9747072945945323,0.9989417290484253,2.559446956523776,0.15903680519133828
test/algebra/1332.json|256,14,17,0.9782845963014705,0.9993574441067888,2.377932568555141,0.1473614729111023
test/algebra/1332.json|256,14,18,0.989116159431472,0.9995077603049769,1.9477268819381022,0.10432564674387589
test/algebra/1332.json|256,14,19,0.9802217991967052,0.9985287001368208,2.4008731845327156,0.14063499139010477
test/algebra/1332.json|256,14,20,0.9917126354901135,0.9999487627394245,1.726310913942272,0.09103496311795013
test/algebra/1332.json|256,14,21,0.9994328073124394,0.9999946200416505,1.2297912433692573,0.023815807514349755
test/algebra/1332.json|256,14,22,0.8838202923753228,0.9963307241037145,3.7277322420617853,0.3408514450969472
test/algebra/1332.json|256,14,23,0.8939222596634641,0.9964533966841219,3.5316560981728964,0.3256957788128915
test/algebra/1332.json|256,14,24,0.9365327340988358,0.9992836141745576,2.7999433637888034,0.2519271043400536
test/algebra/1332.json|256,14,25,0.922927830048772,0.9994228715563713,2.8015733483951304,0.2776187492789851
test/algebra/1332.json|256,14,26,0.9074710032982533,0.9969499994697342,3.4340942366760294,0.3041857930636254
test/algebra/1332.json|256,14,27,0.8770567759201745,0.9967866159589572,3.659185621584867,0.35063260555719217
test/algebra/1332.json|256,14,28,0.9936907083806382,0.9996646742079303,1.8403034116905213,0.07943104946657685
test/algebra/1332.json|256,14,29,0.976423239415543,0.9993502331026494,2.303726362168312,0.15354725847261816
test/algebra/1332.json|256,14,30,0.9628705064757355,0.9972334424630408,2.8368792212327505,0.19269014900680453
test/algebra/1332.json|256,14,31,0.9339858260822238,0.9956802761728993,3.218540984162868,0.25693223604245574
test/algebra/1332.json|256,16,0,0.9748655185413997,0.9999484937567933,2.0058800457775576,0.15853858034749874
test/algebra/1332.json|256,16,1,0.957972778840289,0.9998844249504614,2.2498260120447986,0.205005417391129
test/algebra/1332.json|256,16,2,0.9402808002668616,0.9989875544048035,2.9053973511959263,0.24437512093733774
test/algebra/1332.json|256,16,3,0.9327620177156213,0.9986978589231418,3.087425508800657,0.25930287750886744
test/algebra/1332.json|256,16,4,0.9352964543588717,0.9966943548598468,3.2129211476622284,0.25436891642087156
test/algebra/1332.json|256,16,5,0.9528492495262549,0.9983319302281054,2.8494943342835706,0.21714223558245196
test/algebra/1332.json|256,16,6,0.9172553755599266,0.99886238960657,3.1009484798371982,0.28765365361850237
test/algebra/1332.json|256,16,7,0.9482476999656777,0.9989485777011302,2.835796229915879,0.22749131859111085
test/algebra/1332.json|256,16,8,0.9019324128289042,0.9942084398170088,3.745536059790886,0.3131574478933812
test/algebra/1332.json|256,16,9,0.9192960346156885,0.993843989084133,3.607337879609679,0.28408443354804125
test/algebra/1332.json|256,16,10,0.9835962942663351,0.9999188521486148,1.8561703840117394,0.12807695239060343
test/algebra/1332.json|256,16,11,0.9895918668954834,0.9999404099411596,1.7399593262786246,0.10202025830449854
test/algebra/1332.json|256,16,12,0.9747938596979426,0.9992546288371498,2.2979865722185666,0.15876441761949486
test/algebra/1332.json|256,16,13,0.9914960500013025,0.9996251033777929,1.9054190491642264,0.09221686396043581
test/algebra/1332.json|256,16,14,0.8943529147788762,0.9969833415786633,3.34772070897588,0.32503397548736923
test/algebra/1332.json|256,16,15,0.926365997537987,0.9978274654191053,3.122808977726427,0.27135585945767415
test/algebra/1332.json|256,16,16,0.9700432328016044,0.9981539336168603,2.606285519161522,0.17308023341328024
test/algebra/1332.json|256,16,17,0.947812166286735,0.998242436670497,3.075844513551999,0.22844656642914327
test/algebra/1332.json|256,16,18,0.9954594548939855,0.9995466785731159,1.8184259432823031,0.06738356703243409
test/algebra/1332.json|256,16,19,0.9949987516040881,0.9992559445394128,1.8971390798285566,0.07071950505986219
test/algebra/1332.json|256,16,20,0.9284732427399496,0.9977162838414797,3.0568862468781446,0.267444867701832
test/algebra/1332.json|256,16,21,0.9644039472705835,0.9986535090980551,2.6790226788185243,0.1886691621050363
test/algebra/1332.json|256,16,22,0.9884112381231027,0.9996313902670928,2.039579703952477,0.107651111823786
test/algebra/1332.json|256,16,23,0.9886428084685904,0.9997050597501278,2.032448838123942,0.10657012494789321
test/algebra/1332.json|256,16,24,0.9844159566302694,0.9995528404190905,2.071586908758739,0.12483606598147279
test/algebra/1332.json|256,16,25,0.9783815515694557,0.9991263625690175,2.3997804111092167,0.14703213400663231
test/algebra/1332.json|256,16,26,0.955911767399155,0.9973677645979864,2.905651583478287,0.20997198051369864
test/algebra/1332.json|256,16,27,0.9933303772423354,0.9993570271854468,1.92271112384204,0.08166775837296249
test/algebra/1332.json|256,16,28,0.9254829581643707,0.9924033904544821,3.55959284077792,0.27297809772146436
test/algebra/1332.json|256,16,29,0.9507635682446027,0.994901139853305,3.1221318959385616,0.2218928384499988
test/algebra/1332.json|256,16,30,0.9985654881525531,0.9999492804563765,1.4138934103554948,0.03787495013127962
test/algebra/1332.json|256,16,31,0.9987581932763477,0.9999832423281085,1.3646425447098864,0.035239278137502494
test/algebra/1332.json|256,17,0,0.9662365667507097,0.9984410759454022,2.6393354766649977,0.1837482877451932
test/algebra/1332.json|256,17,1,0.9746948489276688,0.9986208948588949,2.50484092314655,0.15907592863890885
test/algebra/1332.json|256,17,2,0.9991084407275113,0.9999613520410704,1.342237087021175,0.02985898981025212
test/algebra/1332.json|256,17,3,0.9995041015300191,0.9999480394072492,1.300110001070965,0.022268777918441823
test/algebra/1332.json|256,17,4,0.9993563598101014,0.9999608236220104,1.312856024616328,0.02537006483828131
test/algebra/1332.json|256,17,5,0.9991975919202615,0.9999624460941045,1.3230291469771425,0.0283268084989913
test/algebra/1332.json|256,17,6,0.9988053402833961,0.9998725460930347,1.435838491781932,0.034563849852178356
test/algebra/1332.json|256,17,7,0.9981052607156958,0.9997027923129439,1.5588605741877366,0.04352860305941565
test/algebra/1332.json|256,17,8,0.9069284376699472,0.9983456889369106,2.801028022638461,0.30507632213931773
test/algebra/1332.json|256,17,9,0.9334050146345215,0.9994962589164095,2.468238330528776,0.2580600421713491
test/algebra/1332.json|256,17,10,0.9241576285309184,0.9950426310297853,3.3801821604578857,0.27539493726116604
test/algebra/1332.json|256,17,11,0.9088022402298784,0.9976721091648956,3.268756048295645,0.3019896683168508
test/algebra/1332.json|256,17,12,0.9963383450205747,0.9998976856277307,1.6043567826690288,0.060511610286169686
test/algebra/1332.json|256,17,13,0.9971900892768738,0.9998982439356994,1.5870428291236307,0.05300859103132431
test/algebra/1332.json|256,17,14,0.9472698053869053,0.9984443756604784,2.8033229140425555,0.22963056114788966
test/algebra/1332.json|256,17,15,0.9740607457609128,0.9991215231887963,2.4132312177709374,0.16105668020633968
test/algebra/1332.json|256,17,16,0.9832308157098194,0.9989700250146265,2.2228440390136055,0.12949588522490046
test/algebra/1332.json|256,17,17,0.959449753914727,0.997897520836669,2.852008101215025,0.2013709166818114
test/algebra/1332.json|256,17,18,0.9999268692501956,0.9999812692074643,1.1500624433614335,0.008551651875773334
test/algebra/1332.json|256,17,19,0.999881910358123,0.9999750290647758,1.1736087962585846,0.010866905809704246
test/algebra/1332.json|256,17,20,0.999537984489081,0.999975015027119,1.2551267942183146,0.0214945460738057
test/algebra/1332.json|256,17,21,0.9995154392824004,0.9999721578372208,1.2605690052405005,0.022012739893062235
test/algebra/1332.json|256,17,22,0.9942122712297314,0.9998973395850933,1.598598054458217,0.07607712383015386
test/algebra/1332.json|256,17,23,0.9940804392301508,0.999810730009711,1.6704025125722113,0.07693868188271248
test/algebra/1332.json|256,17,24,0.9664808936113937,0.999566477704033,2.262973365211451,0.1830822394133476
test/algebra/1332.json|256,17,25,0.9616751383718924,0.9996721205058967,2.342521700090726,0.19576736609585255
test/algebra/1332.json|256,17,26,0.9990174867717848,0.9999280484629578,1.3848547075828046,0.031345067047546527
test/algebra/1332.json|256,17,27,0.9990361837775822,0.9999337942580407,1.370829918093031,0.031045389712770762
test/algebra/1332.json|256,17,28,0.9148804119360594,0.9939142022706102,3.5587816017812206,0.2917526144937532
test/algebra/1332.json|256,17,29,0.8885046659776199,0.9907680174914676,3.9496918255832703,0.33390917031788764
test/algebra/1332.json|256,17,30,0.9342779864432798,0.9990755155327702,2.81192188281956,0.256363050295319
test/algebra/1332.json|256,17,31,0.9818490078532579,0.9992512910331331,2.283600969376986,0.1347256180046768
test/algebra/1332.json|256,18,0,0.9796863756529038,0.9960965568278934,2.7408399442415066,0.14252587255335838
test/algebra/1332.json|256,18,1,0.9921546357034835,0.9981393468178253,2.217561384832819,0.08857406108176648
test/algebra/1332.json|256,18,2,0.99651297458177,0.9996886004488577,1.6892134802962901,0.05905104078871077
test/algebra/1332.json|256,18,3,0.981435618926843,0.9995208005973276,2.1476504592744954,0.13625116907079018
test/algebra/1332.json|256,18,4,0.9656941616783223,0.9988704735738569,2.553651406571899,0.18521835309082538
test/algebra/1332.json|256,18,5,0.9794989672917175,0.999602455360902,2.1400613890510343,0.143181816961102
test/algebra/1332.json|256,18,6,0.9827113770779233,0.9973904022998015,2.5550802922029465,0.1314862081059328
test/algebra/1332.json|256,18,7,0.9603509621119097,0.9942828097755856,3.162027033697517,0.19912066163030462
test/algebra/1332.json|256,18,8,0.9532964246451764,0.9992708756295859,2.3981611946468164,0.21611010007591874
test/algebra/1332.json|256,18,9,0.9465148745887558,0.9997338157212153,2.2375916542762186,0.23126851366159676
test/algebra/1332.json|256,18,10,0.9165870181841422,0.9935236958652326,3.7404333340032183,0.2888130568652632
test/algebra/1332.json|256,18,11,0.9539976542165169,0.9983525468064777,2.9550452836102403,0.21448157446149788
test/algebra/1332.json|256,18,12,0.9751752007374527,0.9995777723751672,2.147118899775677,0.15755887554354825
test/algebra/1332.json|256,18,13,0.9731122155738997,0.9995704385732844,2.16133589826771,0.16397495060557357
test/algebra/1332.json|256,18,14,0.9998479237635118,0.9999925226434698,1.1570982979788695,0.012331919416220792
test/algebra/1332.json|256,18,15,0.9997449308171356,0.9999725986686844,1.2237532986709385,0.015970885475277898
test/algebra/1332.json|256,18,16,0.9676076453111159,0.999850545563472,1.9557527840346984,0.1799787617717272
test/algebra/1332.json|256,18,17,0.9752054791546401,0.9992918906848405,2.230753663854265,0.15746276018589264
test/algebra/1332.json|256,18,18,0.9487665827599314,0.9992516648955637,2.4590719644160495,0.22634800030057384
test/algebra/1332.json|256,18,19,0.8817261209394787,0.9980722282713823,2.9254443773151952,0.34390969608390126
test/algebra/1332.json|256,18,20,0.9709777954339313,0.9998713288286705,1.9299410889447433,0.1703590460353331
test/algebra/1332.json|256,18,21,0.944382386682068,0.999790978515279,2.2682763178159604,0.2358338680468351
test/algebra/1332.json|256,18,22,0.9152770191333969,0.9927252761969756,3.6858843165482975,0.2910721231354922
test/algebra/1332.json|256,18,23,0.8888024712901444,0.9942529813110125,3.8222983460468978,0.3334629345367421
test/algebra/1332.json|256,18,24,0.998365537079913,0.99993358123436,1.4138352620672539,0.040428491439663615
test/algebra/1332.json|256,18,25,0.998457878708826,0.9999150377679317,1.4280293355639417,0.039269852191904625
test/algebra/1332.json|256,18,26,0.9810689427379916,0.9997716244715691,1.9865662099617964,0.13759017865388645
test/algebra/1332.json|256,18,27,0.9495855097335946,0.9995792552619396,2.362954383424161,0.2245317132754423
test/algebra/1332.json|256,18,28,0.8894299294248467,0.9947047045441648,3.452327358240918,0.3325207821703079
test/algebra/1332.json|256,18,29,0.9353758293263735,0.9975716449887514,3.083176723678952,0.25421284521759807
test/algebra/1332.json|256,18,30,0.9427042371011851,0.9976171207988761,3.132696022631191,0.23936533353602998
test/algebra/1332.json|256,18,31,0.9616658827595103,0.9972694655928196,2.9248791241548155,0.1957910039825368
test/algebra/1332.json|256,20,0,0.9997334114897427,0.9999714342101907,1.2240851904799892,0.016327538401648085
test/algebra/1332.json|256,20,1,0.9990038795463778,0.9999562935577837,1.360255960161509,0.03156137597796054
test/algebra/1332.json|256,20,2,0.993201885720535,0.9999392273435465,1.6121479245904442,0.0824506778593419
test/algebra/1332.json|256,20,3,0.9952134139467429,0.9999430990767543,1.5531781733025547,0.06918515775263581
test/algebra/1332.json|256,20,4,0.9775912629452631,0.9995586303689098,2.1493695524053025,0.1496954810765405
test/algebra/1332.json|256,20,5,0.9560051355069362,0.9997023166626839,2.318326904548326,0.20974952799246957
test/algebra/1332.json|256,20,6,0.9837705007603456,0.997849719343642,2.45683160486602,0.12739505186487599
test/algebra/1332.json|256,20,7,0.9862022910759657,0.9986691881389954,2.3246935711398486,0.1174636493730478
test/algebra/1332.json|256,20,8,0.9128615682248344,0.9980196679412612,3.0358693721245205,0.29519219463794355
test/algebra/1332.json|256,20,9,0.727149699847309,0.996586261845941,3.81622566915877,0.5223507443784214
test/algebra/1332.json|256,20,10,0.9988965859317859,0.9999988682932633,1.19944856516011,0.033217677044220385
test/algebra/1332.json|256,20,11,0.9973057093382046,0.9999942931795103,1.3056949199202645,0.051906557021202865
test/algebra/1332.json|256,20,12,0.8842084514069853,0.9982684236685607,3.354637905381059,0.34028157251460833
test/algebra/1332.json|256,20,13,0.9072743824036823,0.9975188097201863,3.2363282474942494,0.30450881365950266
test/algebra/1332.json|256,20,14,0.9837338785404572,0.999627642318986,1.962637957365665,0.12753870573101625
test/algebra/1332.json|256,20,15,0.9640219672479268,0.9996973567871985,2.1176498327652267,0.1896787619953094
test/algebra/1332.json|256,20,16,0.9438438014706333,0.9997130156507857,2.6330029099424253,0.2369729911390045
test/algebra/1332.json|256,20,17,0.9550514498921867,0.9988392412319524,2.781882326015605,0.21201073111475582
test/algebra/1332.json|256,20,18,0.9908749856565469,0.9996970847407747,1.8581660086148637,0.09552494094974957
test/algebra/1332.json|256,20,19,0.995319656652693,0.9998780951144066,1.6855353405424063,0.06841303492249885
test/algebra/1332.json|256,20,20,0.999999362878949,1.0,1.012279244788046,0.0007981986288061944
test/algebra/1332.json|256,20,21,0.9999990396678019,1.0,1.0131723705300184,0.000979965406581609
test/algebra/1332.json|256,20,22,0.8734557075695949,0.9997041888965189,2.6211153158733094,0.3557306458971522
test/algebra/1332.json|256,20,23,0.7945828721128647,0.9996845051745646,2.623558338699387,0.4532296635119278
test/algebra/1332.json|256,20,24,0.9971456140851229,0.9999439783899186,1.4797085854763914,0.053426453324894006
test/algebra/1332.json|256,20,25,0.9992511187927964,0.9999645253507714,1.300248022708047,0.027365693983592343
test/algebra/1332.json|256,20,26,0.8329680252842424,0.9959660273859233,3.600741694949675,0.40869545472852714
test/algebra/1332.json|256,20,27,0.9821444035965979,0.9996929685545265,2.2181226792226463,0.1336248345308688
test/algebra/1332.json|256,20,28,0.9778733170145212,0.9999675205498748,1.795035027461498,0.1487504049926548
test/algebra/1332.json|256,20,29,0.9724085928308376,0.9999541687841849,1.8674422504060895,0.16610661386339323
test/algebra/1332.json|256,20,30,0.9552229299142085,0.9986471245151265,2.605241953512105,0.2116059311214869
test/algebra/1332.json|256,20,31,0.9659085161654655,0.9990071688541741,2.5541284756548848,0.1846387928755345
test/algebra/1332.json|256,21,0,0.9971170387902734,0.9996818094477908,1.6798608639004502,0.053693213814472326
test/algebra/1332.json|256,21,1,0.9984570882813062,0.9998033020337324,1.5272325316508044,0.03927991495273134
test/algebra/1332.json|256,21,2,0.8787900958117792,0.9853659408053046,4.123906838427629,0.3481521279386653
test/algebra/1332.json|256,21,3,0.9383369536161185,0.9959660904326119,3.1934023535368556,0.24832045099806327
test/algebra/1332.json|256,21,4,0.9251306715630899,0.9968239992236358,3.3001087466103063,0.27362260220403956
test/algebra/1332.json|256,21,5,0.9480687815473636,0.9951780366203787,3.3014115630884184,0.22788422159648608
test/algebra/1332.json|256,21,6,0.9362721032984744,0.9940694799688012,3.5297540834501295,0.2524438486109843
test/algebra/1332.json|256,21,7,0.9321810054709105,0.9940287101849504,3.4595996786923253,0.26042080279633856
test/algebra/1332.json|256,21,8,0.9988239552622468,0.9999238283094292,1.422655385308624,0.03429350868244943
test/algebra/1332.json|256,21,9,0.9953737072300025,0.9997900847812745,1.7160546653565947,0.06801685651364289
test/algebra/1332.json|256,21,10,0.9991644002716455,0.9999824910926652,1.3088693437484125,0.02890674191870216
test/algebra/1332.json|256,21,11,0.9844995597301658,0.99988778163318,1.8806047604432194,0.1245007641335354
test/algebra/1332.json|256,21,12,0.9996953389631,0.9999967267822482,1.175902697686056,0.017454542013469358
test/algebra/1332.json|256,21,13,0.9996991983453839,0.9999945023196284,1.193289109217839,0.017343634411970888
test/algebra/1332.json|256,21,14,0.875868119713427,0.9949370198492712,3.8196332471449677,0.352323544893856
test/algebra/1332.json|256,21,15,0.8481398826451785,0.9901989902604185,4.032874487200606,0.38969233679252857
test/algebra/1332.json|256,21,16,0.9998454681777954,0.999993296768846,1.1425337045642296,0.012431082905547508
test/algebra/1332.json|256,21,17,0.9999381646233422,0.999994067454638,1.1126402264747925,0.007863547332967872
test/algebra/1332.json|256,21,18,0.988471794845593,0.9997888841059608,1.9866515843775898,0.1073694796225026
test/algebra/1332.json|256,21,19,0.9770696178310635,0.9994822783584327,2.3640825238389556,0.15142781174188744
test/algebra/1332.json|256,21,20,0.9511583815661075,0.9976471430857672,3.0121435064223525,0.22100139916727327
test/algebra/1332.json|256,21,21,0.9322215111120619,0.9981555787745519,3.2957699989100564,0.2603430215848663
test/algebra/1332.json|256,21,22,0.9996594824960406,0.9999664747887078,1.2472856085134931,0.01845311637527274
test/algebra/1332.json|256,21,23,0.9995226705329845,0.9999757955363916,1.257813186860975,0.0218478709950308
test/algebra/1332.json|256,21,24,0.9996023430398983,0.9999850446161511,1.223527073656215,0.019941337971704515
test/algebra/1332.json|256,21,25,0.999475709653829,0.9999775669381534,1.2569658445291807,0.022897387321940545
test/algebra/1332.json|256,21,26,0.7777880440515541,0.9846848661101739,4.637362198358916,0.4713936316375582
test/algebra/1332.json|256,21,27,0.7940766912041857,0.9768782210105474,4.636421399859927,0.4537877353959826
test/algebra/1332.json|256,21,28,0.9396687358310941,0.9995469602916769,2.3710673181752338,0.24562423367596667
test/algebra/1332.json|256,21,29,0.9836924725059752,0.9997330334523202,2.0341718636562325,0.12770092988707935
test/algebra/1332.json|256,21,30,0.9841103147151826,0.9997620649964938,2.0784193471220522,0.1260542949875861
test/algebra/1332.json|256,21,31,0.9877664231014318,0.9998911552778805,1.7994620465501379,0.11060550121295137
test/algebra/1332.json|256,22,0,0.9969539348870473,0.9999644073913432,1.4649294129911188,0.05519116879495024
test/algebra/1332.json|256,22,1,0.9960528687640089,0.9998988609434519,1.5945130796232994,0.06282619864348875
test/algebra/1332.json|256,22,2,0.9908584766962384,0.9996685909145697,1.8883863791920767,0.09561131368076485
test/algebra/1332.json|256,22,3,0.9941646232304229,0.9997571424203305,1.7769839112537726,0.07638963784164138
test/algebra/1332.json|256,22,4,0.7959139915486515,0.9954934898725878,3.884565277162073,0.4517587945478743
test/algebra/1332.json|256,22,5,0.8283304066976545,0.9964529816919953,3.6139047896998107,0.41433029493671536
test/algebra/1332.json|256,22,6,0.9447850133339991,0.9998399813873786,2.131250168663635,0.23497869406820884
test/algebra/1332.json|256,22,7,0.9652651941137931,0.9996430534405112,2.350609175330558,0.18637276057999175
test/algebra/1332.json|256,22,8,0.9943112361022748,0.9996433969680638,1.8252212270849615,0.0754238947398317
test/algebra/1332.json|256,22,9,0.994222032740592,0.9997180696711729,1.7855882544744834,0.07601294139426552
test/algebra/1332.json|256,22,10,0.9453772393643521,0.9976701725947577,3.0619141229520457,0.23371512710059625
test/algebra/1332.json|256,22,11,0.9844316482036941,0.9990898276177549,2.2300203589576664,0.12477320143486698
test/algebra/1332.json|256,22,12,0.9999964462790419,0.999999901285529,1.0274812109611875,0.0018851315492719606
test/algebra/1332.json|256,22,13,0.9999921589935579,0.9999992036477832,1.0490926456958476,0.0028001797160419964
test/algebra/1332.json|256,22,14,0.9027691717017644,0.9914286826154278,3.9129322100052253,0.3118185823491531
test/algebra/1332.json|256,22,15,0.9629622776307972,0.9983614437464734,2.7971246825531444,0.19245187026683522
test/algebra/1332.json|256,22,16,0.9998247065111712,0.9999972256757287,1.135793634807741,0.013239844743380927
test/algebra/1332.json|256,22,17,0.9998049453596937,0.9999984611073743,1.1369603585444152,0.013966196343540922
test/algebra/1332.json|256,22,18,0.9912089679231563,0.999992668233791,1.4596498341005857,0.09376050382140515
test/algebra/1332.json|256,22,19,0.9814156104009201,0.999981173811543,1.5982340638814927,0.13632457445039
test/algebra/1332.json|256,22,20,0.9291850628933399,0.998591241726829,3.068578391829714,0.2661107609749371
test/algebra/1332.json|256,22,21,0.9411545331616163,0.9990801343489718,2.9030092084795815,0.24258084598414537
test/algebra/1332.json|256,22,22,0.9973597347189181,0.9999913274223579,1.3939973395466485,0.0513835117628394
test/algebra/1332.json|256,22,23,0.9947510466134275,0.9999870176888382,1.485560919759534,0.07244966105215743
test/algebra/1332.json|256,22,24,0.9996252241366015,0.9999694231016487,1.2601904905148182,0.019359128683866772
test/algebra/1332.json|256,22,25,0.9997671488885954,0.9999559743778957,1.2307208897483497,0.015259459735016379
test/algebra/1332.json|256,22,26,0.9998928338070842,0.999997745694971,1.1167101425197385,0.010352110553691061
test/algebra/1332.json|256,22,27,0.999934060458632,0.9999988323846356,1.0968401963109027,0.008120316580529408
test/algebra/1332.json|256,22,28,0.9998905317404514,0.9999954658117347,1.134084551292466,0.01046270804087576
test/algebra/1332.json|256,22,29,0.9986580710421967,0.9999568126023751,1.3531367480379788,0.036632348516076246
test/algebra/1332.json|256,22,30,0.9809080194096739,0.9999011512877111,1.7868540415001575,0.13817373335886285
test/algebra/1332.json|256,22,31,0.9826029003095194,0.9996205740407866,1.9382649785576724,0.13189806552971367
test/algebra/1332.json|256,24,0,0.865305001278126,0.9975294541555314,3.5194814233791543,0.36700817255460944
test/algebra/1332.json|256,24,1,0.8826510577034227,0.9977362519572505,3.367132121159496,0.3425623188510046
test/algebra/1332.json|256,24,2,0.9999560120796901,0.999993799059692,1.1059094580825624,0.006632338977307097
test/algebra/1332.json|256,24,3,0.999907328642821,0.9999747259934966,1.1637910338339919,0.009626596344453876
test/algebra/1332.json|256,24,4,0.7475665503816502,0.9874850823768879,4.594536007684311,0.5024275565873649
test/algebra/1332.json|256,24,5,0.7953592118005541,0.9875292018591241,4.363141018035527,0.4523723999090195
test/algebra/1332.json|256,24,6,0.997530601344768,0.999866559166945,1.5733951103828,0.04969304433451417
test/algebra/1332.json|256,24,7,0.9996365596472113,0.9999735122407245,1.2526733991858576,0.019064111644361503
test/algebra/1332.json|256,24,8,0.7221858263007268,0.9989680994143345,3.073768399957299,0.5270808037666267
test/algebra/1332.json|256,24,9,0.9409419935410837,0.9986251172237729,2.727314310987475,0.2430185311018819
test/algebra/1332.json|256,24,10,0.9961885129983952,0.9998808157149728,1.5809504713784086,0.061737241609945856
test/algebra/1332.json|256,24,11,0.9985803932792126,0.9999702298693869,1.3784993908999386,0.037677668728139845
test/algebra/1332.json|256,24,12,0.9967191321103523,0.9996938555535657,1.669036160997819,0.05727886075724319
test/algebra/1332.json|256,24,13,0.9954586743955501,0.9998198550979915,1.6441017735236394,0.0673893582433448
test/algebra/1332.json|256,24,14,0.9796572368797402,0.9987715045508055,2.4076416141835337,0.1426280586710057
test/algebra/1332.json|256,24,15,0.9778706428385892,0.9982653782124634,2.518168446460085,0.14875939352326914
test/algebra/1332.json|256,24,16,0.9798847210761226,0.9997324770325761,1.9727875285348,0.1418283431612928
test/algebra/1332.json|256,24,17,0.983998934579002,0.9999644712550386,1.6558006692200369,0.1264953177829045
test/algebra/1332.json|256,24,18,0.7289574624266072,0.9811275861198926,4.746698581009087,0.5206174579990502
test/algebra/1332.json|256,24,19,0.8426860699884107,0.9724400015016819,4.6518026462349615,0.39662820123081177
test/algebra/1332.json|256,24,20,0.9999856278872882,0.9999997005809852,1.0446667728922994,0.0037910569386154823
test/algebra/1332.json|256,24,21,0.9999963055754447,0.9999998427904444,1.0301089067390539,0.0019220885919432416
test/algebra/1332.json|256,24,22,0.9999966508003917,0.9999997767200262,1.0299012772359442,0.0018300818583647292
test/algebra/1332.json|256,24,23,0.99998896447463,0.9999999194487199,1.0367287088550177,0.0033219761242312277
test/algebra/1332.json|256,24,24,0.9999983010960007,0.999999811232889,1.0249198135117332,0.0013034201161784948
test/algebra/1332.json|256,24,25,0.9999949136240438,0.999999608740311,1.0374075007894337,0.0022552995269360778
test/algebra/1332.json|256,24,26,0.9934415512251438,0.9998760814540689,1.6820725331995157,0.08098425016542556
test/algebra/1332.json|256,24,27,0.9978104033091132,0.9999855000041359,1.345937142154588,0.04679312653463977
test/algebra/1332.json|256,24,28,0.84748010098634,0.9999738177549313,2.155097518407893,0.3905379610404858
test/algebra/1332.json|256,24,29,0.9089146359787568,0.999980415803996,1.9240705608105355,0.3018035189013594
test/algebra/1332.json|256,24,30,0.9849832342881544,0.9994577364838259,2.078855090875512,0.12254291375614351
test/algebra/1332.json|256,24,31,0.6533782324110721,0.9628807273956479,5.432752944582554,0.5887459278746036
test/algebra/1332.json|256,25,0,0.9999907577551056,0.9999987585044172,1.051188200400689,0.003040106066308041
test/algebra/1332.json|256,25,1,0.9999943058668173,0.9999995571229747,1.0389327089799414,0.0023862382912741855
test/algebra/1332.json|256,25,2,0.9707904830387419,0.9999301388024762,1.8448728636643683,0.1709079195393182
test/algebra/1332.json|256,25,3,0.9655332346977414,0.9998254861811948,1.9541816758280386,0.1856522698548514
test/algebra/1332.json|256,25,4,0.999690412413788,0.9999572280308523,1.247672870839845,0.01759510119925496
test/algebra/1332.json|256,25,5,0.9998942431975435,0.9999867912621418,1.158430275486735,0.01028381264203615
test/algebra/1332.json|256,25,6,0.9999778075744093,0.9999991033363398,1.0645532458673146,0.00471088373775561
test/algebra/1332.json|256,25,7,0.9999314808110267,0.999998886470385,1.0902563526347944,0.00827763184572291
test/algebra/1332.json|256,25,8,0.9999990582783582,1.0,1.0169785172098353,0.0009704234342689869
test/algebra/1332.json|256,25,9,0.9999997249466511,1.0,1.0115033239793658,0.0005244552877747525
test/algebra/1332.json|256,25,10,0.9993083694592694,0.9999490264535535,1.3313025403794303,0.026298869571345182
test/algebra/1332.json|256,25,11,0.9993292260803841,0.999937187503246,1.330555771590069,0.02589930345812213
test/algebra/1332.json|256,25,12,0.9999871481108606,0.9999974492433769,1.0649472783524676,0.003584953157204937
test/algebra/1332.json|256,25,13,0.9999643401293552,0.9999956076568517,1.093378047174783,0.005971588619856503
test/algebra/1332.json|256,25,14,0.9303435776733004,0.9971173541723258,3.2320714273817677,0.26392503164099373
test/algebra/1332.json|256,25,15,0.9394379587227419,0.9980227140427478,3.057402293912003,0.24609356203943666
test/algebra/1332.json|256,25,16,0.9743188348765595,0.9999592163583059,1.8189327213927873,0.16025344028581895
test/algebra/1332.json|256,25,17,0.963192543630607,0.9999184882608803,1.9357694142811395,0.19185269445434686
test/algebra/1332.json|256,25,18,0.9996784237353337,0.9999918331911656,1.2017899278691349,0.017932547634575923
test/algebra/1332.json|256,25,19,0.9998876046681527,0.9999938714479548,1.1345549529110746,0.010601666465573195
test/algebra/1332.json|256,25,20,0.9542424876715893,0.9983268837817499,2.78385321519461,0.21391005663224613
test/algebra/1332.json|256,25,21,0.9440403838494816,0.9983055455040662,2.853802430821001,0.2365578494798225
test/algebra/1332.json|256,25,22,0.9280059890430205,0.9873765846858726,3.751341517264399,0.26831699714512974
test/algebra/1332.json|256,25,23,0.9634436910163148,0.9988785339250337,2.413504960415046,0.191197042298476
test/algebra/1332.json|256,25,24,0.8389269957884937,0.991585130862627,4.0483720349980885,0.4013390140660465
test/algebra/1332.json|256,25,25,0.8246118602975487,0.991938794653239,3.950419811236906,0.4187936719942784
test/algebra/1332.json|256,25,26,0.999959179687058,0.9999967947098383,1.0945926750052983,0.006389077628417666
test/algebra/1332.json|256,25,27,0.9997904555888735,0.9999922626955058,1.161957245437978,0.014475648901742804
test/algebra/1332.json|256,25,28,0.9999752956657386,0.9999980157161236,1.0786594913842307,0.0049703454871249
test/algebra/1332.json|256,25,29,0.9999923245574132,0.9999992721563065,1.0464695199589726,0.0027704589126786973
test/algebra/1332.json|256,25,30,0.9986825481829277,0.999999934380046,1.19131230168906,0.036296719095151336
test/algebra/1332.json|256,25,31,0.9984501955793319,0.9999997303593771,1.2057206618129102,0.03936755543170162
test/algebra/1332.json|256,26,0,0.995063524605387,0.9999490110278003,1.5385570892887819,0.07026005546975429
test/algebra/1332.json|256,26,1,0.983169009439805,0.9999461101279178,1.7404253561695426,0.12973430756817947
test/algebra/1332.json|256,26,2,0.9999975210711535,0.9999998967112981,1.0235271110360282,0.001574461446504065
test/algebra/1332.json|256,26,3,0.99999400963384,0.9999997781345866,1.0367798870093639,0.0024475224534215166
test/algebra/1332.json|256,26,4,0.9888268723361071,0.9998480827601783,1.7609251955582115,0.10570301634245302
test/algebra/1332.json|256,26,5,0.9964374433270204,0.9997525063011349,1.6623677886218826,0.05968715668365813
test/algebra/1332.json|256,26,6,0.942001616956439,0.999921769878274,2.2015095062736427,0.2408285345293638
test/algebra/1332.json|256,26,7,0.8054147768331322,0.9995900982988869,2.5886445104594467,0.44111815102857393
test/algebra/1332.json|256,26,8,0.9829824912808115,0.9995417780210099,2.036225474657415,0.1304511736980105
test/algebra/1332.json|256,26,9,0.9468486110562063,0.9991324314435316,2.646562884949139,0.23054584998171984
test/algebra/1332.json|256,26,10,0.9975486028078542,0.999983077661221,1.3725520927102248,0.049511586443435854
test/algebra/1332.json|256,26,11,0.9996685221909556,0.9999829008671254,1.235869586528128,0.018206532043319273
test/algebra/1332.json|256,26,12,0.9999774492566452,0.999999665419238,1.0536882410254198,0.004748762297144035
test/algebra/1332.json|256,26,13,0.9999920003323943,0.9999999183707388,1.0339223192332019,0.002828368364565288
test/algebra/1332.json|256,26,14,0.9967614942042579,0.9999701867239522,1.4919103831066962,0.05690787112291358
test/algebra/1332.json|256,26,15,0.9955743476932496,0.9998527541095024,1.639057192467252,0.06652557633534943
test/algebra/1332.json|256,26,16,0.9999992396205352,1.0,1.014454388801561,0.000871997399558611
test/algebra/1332.json|256,26,17,0.9999993273953554,1.0,1.0153341119250021,0.000820124773828363
test/algebra/1332.json|256,26,18,0.9986345524749058,0.999912837121974,1.419376936241891,0.03695196239841877
test/algebra/1332.json|256,26,19,0.9992743198701445,0.9999331868448144,1.3409130414756725,0.02693845076940249
test/algebra/1332.json|256,26,20,0.9986012191879977,0.9999605396281471,1.3474043175489325,0.03740027823428974
test/algebra/1332.json|256,26,21,0.9997495048389476,0.9999883414605338,1.188814829213171,0.01582703892243762
test/algebra/1332.json|256,26,22,0.995157316279494,0.9999148702930964,1.6339223700755678,0.06958939373572673
test/algebra/1332.json|256,26,23,0.9956470928070523,0.9998663650512224,1.6768802122215032,0.06597656548311434
test/algebra/1332.json|256,26,24,0.9997719459723097,0.9999890926331645,1.1831076034781942,0.015101457800170404
test/algebra/1332.json|256,26,25,0.9998117382705135,0.9999823337334416,1.1807395782460863,0.01372085017360419
test/algebra/1332.json|256,26,26,0.9999598093649812,0.9999984640521649,1.0863171414266422,0.0063396084278771365
test/algebra/1332.json|256,26,27,0.9999868341713182,0.9999994703402254,1.0536684655768898,0.0036284747045869053
test/algebra/1332.json|256,26,28,0.9999845034970777,0.9999997316622871,1.046253422622564,0.003936559782642534
test/algebra/1332.json|256,26,29,0.9999877630168773,0.9999997154189971,1.0436595803308224,0.003498139951844861
test/algebra/1332.json|256,26,30,0.9963771175533257,0.9997610277267482,1.6866818433993807,0.06019038500187802
test/algebra/1332.json|256,26,31,0.9975524460772844,0.9997537091805474,1.5792866451588985,0.04947275940065969
test/algebra/1332.json|256,28,0,0.9984064041405066,0.999973992805886,1.4171291651740037,0.03991986797940805
test/algebra/1332.json|256,28,1,0.999103899139349,0.9999913736348685,1.251383849553993,0.029934943805708908
test/algebra/1332.json|256,28,2,0.9903781266481572,0.9999651579646063,1.7708166350614312,0.09809114818291625
test/algebra/1332.json|256,28,3,0.9899343343341985,0.9999648080333339,1.8102255311021584,0.10032779109400082
test/algebra/1332.json|256,28,4,0.8235566456367058,0.9984776519578115,3.1229891605587925,0.42005160916641443
test/algebra/1332.json|256,28,5,0.8547595341169746,0.9979915164078187,3.478043264420354,0.3811042716672504
test/algebra/1332.json|256,28,6,0.9948697895796762,0.9998848467555962,1.652528469837758,0.07162548722573411
test/algebra/1332.json|256,28,7,0.9971799085371156,0.9999346754280775,1.5150943179269574,0.05310453335530237
test/algebra/1332.json|256,28,8,0.999320259307366,0.9999842118643019,1.2717298584076608,0.026071837154945373
test/algebra/1332.json|256,28,9,0.9998089375867568,0.99998751132235,1.1777876279535922,0.013822532808540608
test/algebra/1332.json|256,28,10,0.9999169816595952,0.9999974630854882,1.115724325282006,0.009111440084026548
test/algebra/1332.json|256,28,11,0.9999703128829365,0.9999992931638795,1.0732820108349552,0.005448588538651639
test/algebra/1332.json|256,28,12,0.999999856254727,1.0,1.0082165785040775,0.00037913753839203266
test/algebra/1332.json|256,28,13,0.9999998495053051,1.0,1.008099888522856,0.00038793645733319147
test/algebra/1332.json|256,28,14,0.9999711982672878,0.9999994041020818,1.0610380021475536,0.005366724579503494
test/algebra/1332.json|256,28,15,0.9998919585853697,0.9999992769118932,1.0940039844062999,0.01039429721675678
test/algebra/1332.json|256,28,16,0.9989061844566078,0.9999703480047607,1.3632580843865925,0.03307288229640958
test/algebra/1332.json|256,28,17,0.9999061711074672,0.9999960964867514,1.1235026864937654,0.009686531501669905
test/algebra/1332.json|256,28,18,0.9666454787796863,0.9984511931194605,2.6525759393241026,0.18263220203543976
test/algebra/1332.json|256,28,19,0.7968563252856636,0.9967266663490042,3.6898981462109472,0.4507146266922523
test/algebra/1332.json|256,28,20,1.0,1.0,1.0041096925302133,0.0
test/algebra/1332.json|256,28,21,1.0,1.0,1.0037812712986927,0.0
test/algebra/1332.json|256,28,22,0.8722144125959169,0.9982637347672784,3.228793862155082,0.35747110009633376
test/algebra/1332.json|256,28,23,0.84938450858528,0.9955111100820004,3.6742877187227507,0.3880921171767342
test/algebra/1332.json|256,28,24,1.0,1.0,1.0023839614287549,0.0
test/algebra/1332.json|256,28,25,1.0,1.0,1.0034308016946223,0.0
test/algebra/1332.json|256,28,26,0.9767101135952493,0.9986278019847453,2.456833215690874,0.15261024344633853
test/algebra/1332.json|256,28,27,0.9836449159270603,0.9988851564839673,2.2360011055410833,0.12788699727861205
test/algebra/1332.json|256,28,28,1.0,1.0,1.002967727702704,0.0
test/algebra/1332.json|256,28,29,1.0,1.0,1.0026250024529493,0.0
test/algebra/1332.json|256,28,30,0.9953033984012911,0.9999653758265018,1.588104162760112,0.06853175613326191
test/algebra/1332.json|256,28,31,0.9970403689098662,0.9999686492530685,1.4909199564767022,0.054402491580200184
test/algebra/1332.json|256,29,0,0.9997220266522383,0.9999993457526384,1.1230710146675735,0.01667253273386186
test/algebra/1332.json|256,29,1,0.9995031876514539,0.9999966017296605,1.1819376070744416,0.022289287753226875
test/algebra/1332.json|256,29,2,0.9999995916675684,1.0,1.0140850482358073,0.0006390089448865832
test/algebra/1332.json|256,29,3,0.9999992850409475,1.0,1.0175734995780248,0.0008455525131633394
test/algebra/1332.json|256,29,4,0.993872156757595,0.999896191017867,1.6108619646878028,0.07828054191435446
test/algebra/1332.json|256,29,5,0.9993119481642552,0.9999808151442745,1.2915641979671608,0.026230742188219334
test/algebra/1332.json|256,29,6,0.9925259146425292,0.999418962094508,1.9662825293850523,0.08645279265281632
test/algebra/1332.json|256,29,7,0.9825580008069621,0.9995053929016917,2.141196314725921,0.13206816116323383
test/algebra/1332.json|256,29,8,0.9668667247782888,0.99999902800154,1.7202053834584958,0.1820254795947841
test/algebra/1332.json|256,29,9,0.9984753151673843,0.999996877851988,1.2926021947590003,0.03904721286616622
test/algebra/1332.json|256,29,10,0.9995412909882025,0.9999757771497779,1.2631221837213056,0.021417493125887855
test/algebra/1332.json|256,29,11,0.9994040682900212,0.9999557491355278,1.281288730506393,0.02441171255727151
test/algebra/1332.json|256,29,12,0.9995229807111862,0.9999834020933825,1.2287064784406263,0.021840771250435025
test/algebra/1332.json|256,29,13,0.9995991133672378,0.999995936959803,1.1779141731590785,0.020022153549560176
test/algebra/1332.json|256,29,14,0.9997884436045096,0.9999834869004413,1.1990656934760147,0.014544978359915832
test/algebra/1332.json|256,29,15,0.9994761188677842,0.9999614995493384,1.290956173651362,0.022888449755625602
test/algebra/1332.json|256,29,16,0.9999407121894667,0.9999983332744027,1.1006242356938383,0.007699857825526787
test/algebra/1332.json|256,29,17,0.9999837995577984,0.9999994130274564,1.055615594097182,0.004024977292063946
test/algebra/1332.json|256,29,18,0.99014613634926,0.9999675111156525,1.6135648395712487,0.0992666290892364
test/algebra/1332.json|256,29,19,0.9694356152810566,0.9999700346800248,1.8297488677033429,0.17482672770186888
test/algebra/1332.json|256,29,20,0.9997105983631985,0.9999991834039593,1.126968185873908,0.017011808745735046
test/algebra/1332.json|256,29,21,0.9993781124996938,0.9999983668308001,1.1723595147686423,0.024937672311309018
test/algebra/1332.json|256,29,22,0.8805147437242518,0.9904538778051576,3.914880623002683,0.3456663944842603
test/algebra/1332.json|256,29,23,0.9785045684616871,0.9995395733723947,2.071308612094681,0.14661320383346413
test/algebra/1332.json|256,29,24,0.8857560085592749,0.9992016133414939,2.5862603589793522,0.33799998733835046
test/algebra/1332.json|256,29,25,0.9648577650968625,0.9995850440435708,2.1326626017129944,0.18746262268286312
test/algebra/1332.json|256,29,26,0.9686605943060619,0.9983392736860989,2.616354141943613,0.17702939217524902
test/algebra/1332.json|256,29,27,0.971908981273931,0.9989768427818527,2.4586966218882704,0.16760375510730363
test/algebra/1332.json|256,29,28,0.9997450516336518,0.9999834272846756,1.1969824785453256,0.01596710262847354
test/algebra/1332.json|256,29,29,0.9998395247840847,0.9999846651002217,1.1761788993356643,0.012667881271757105
test/algebra/1332.json|256,29,30,0.9239737809348261,0.9989235231761816,2.581506950390751,0.2757285242138976
test/algebra/1332.json|256,29,31,0.9737259770396134,0.9994656936156711,2.258307024693815,0.1620926369715374
test/algebra/1332.json|256,30,0,0.8912823541510233,0.9856421192690646,4.199157176674152,0.32972359007049634
test/algebra/1332.json|256,30,1,0.747065131328967,0.9903662076637826,4.439699782748335,0.5029263054076939
test/algebra/1332.json|256,30,2,0.999733538867296,0.999993022688173,1.1798326543726765,0.016323637238802206
test/algebra/1332.json|256,30,3,0.9997805509267419,0.999998539093188,1.14745840649306,0.014813813596036117
test/algebra/1332.json|256,30,4,0.8869739987684151,0.9989609391332543,2.931442920771653,0.3361933985544405
test/algebra/1332.json|256,30,5,0.9457886671394071,0.9999277353754467,2.1745911868350416,0.2328332726665003
test/algebra/1332.json|256,30,6,0.9893773577722241,0.9994802591714136,1.9971138855617425,0.1030662031306862
test/algebra/1332.json|256,30,7,0.9963949264666321,0.9995867814668868,1.7307961084932593,0.06004226455895813
test/algebra/1332.json|256,30,8,0.9878138964488201,0.9983036386991461,2.3321832762034354,0.11039068598020343
test/algebra/1332.json|256,30,9,0.9553317811566502,0.9935130532341935,3.2632512000169265,0.2113485718980609
test/algebra/1332.json|256,30,10,0.9997306923270526,0.9999986029530135,1.1381015360656659,0.016410596361723616
test/algebra/1332.json|256,30,11,0.9996464518075785,0.9999975121011843,1.1503179541001067,0.018802877237845926
test/algebra/1332.json|256,30,12,0.9959868585183591,0.9997898270625212,1.6797696502152473,0.06334936054642455
test/algebra/1332.json|256,30,13,0.9487009633573606,0.9989349615475936,2.6312713415815403,0.22649290638481231
test/algebra/1332.json|256,30,14,0.9877498234085069,0.9993979044842338,2.0555335661336684,0.11068051586206616
test/algebra/1332.json|256,30,15,0.9657675111830603,0.9993523427787657,2.332645943894952,0.1850202389387165
test/algebra/1332.json|256,30,16,0.9876878843338859,0.9998292461022753,1.8092252707958134,0.11095997326114548
test/algebra/1332.json|256,30,17,0.9909405659414534,0.999850238952072,1.724025972127811,0.09518105934768004
test/algebra/1332.json|256,30,18,0.9754206706475744,0.9980656407660672,2.5516007509423124,0.15677796194754406
test/algebra/1332.json|256,30,19,0.9965394334678545,0.9998744202221614,1.5934170705844979,0.05882658015000998
test/algebra/1332.json|256,30,20,0.9999843419759142,1.0,1.034699880467254,0.003957022123486662
test/algebra/1332.json|256,30,21,0.9999597477875359,1.0,1.0500980791228198,0.006344463134423963
test/algebra/1332.json|256,30,22,0.9999929205957361,0.9999993753466826,1.0441050266447518,0.002660714991110672
test/algebra/1332.json|256,30,23,0.9999878488542757,0.9999994056504808,1.049418661556965,0.0034858493547888403
test/algebra/1332.json|256,30,24,0.9990761786538509,1.0,1.1589325691838939,0.03039442952498205
test/algebra/1332.json|256,30,25,0.999126279411723,0.9999999384920388,1.1571529567529781,0.029558764999183397
test/algebra/1332.json|256,30,26,0.9667754856251312,0.9985476409886771,2.4966898846025707,0.18227592922508676
test/algebra/1332.json|256,30,27,0.9822616591252729,0.9993994126141279,2.2671997069569594,0.1331853628396422
test/algebra/1332.json|256,30,28,0.9613195440790648,0.9989761828062945,2.51275945354411,0.19667347538734134
test/algebra/1332.json|256,30,29,0.967021210593152,0.9986468148468872,2.5774359989569704,0.18160063162568557
test/algebra/1332.json|256,30,30,0.9917651663110912,0.9997880848792089,1.7872927886295786,0.0907459844230518
test/algebra/1332.json|256,30,31,0.9870432577164866,0.9990992476389859,2.1478525964860578,0.1138276868055984
test/algebra/1332.json|64,0,0,0.9993482831505899,0.9999806306244667,1.2915767462938292,0.025528745551047397
test/algebra/1332.json|64,0,1,0.9982620948207206,0.9999384456207674,1.426134523433534,0.0416881899256781
test/algebra/1332.json|64,0,2,0.8015465575156483,0.9876958172437648,4.291768025913772,0.4454811359466882
test/algebra/1332.json|64,0,3,0.8575044070990556,0.9937450457100991,3.788825382259237,0.37748588437310393
test/algebra/1332.json|64,0,4,0.9877684679726348,0.9998277677160063,1.8593840517008138,0.11059625684156384
test/algebra/1332.json|64,0,5,0.9966293870511823,0.9999221047379868,1.49401671835231,0.05805698019030688
test/algebra/1332.json|64,0,6,0.9843739465062542,0.999491209369497,2.1487979908463126,0.12500421390395525
test/algebra/1332.json|64,0,7,0.9823112887530419,0.9996001553072248,2.1640181655706816,0.13299891445781858
test/algebra/1332.json|64,0,8,0.8588046216284869,0.998230520185668,3.179931438395787,0.3757597348991947
test/algebra/1332.json|64,0,9,0.8489113803476761,0.9975297290836117,3.2588338734856195,0.38870119584627455
test/algebra/1332.json|64,0,10,0.9998810669872797,0.9999901943526747,1.1495749058299467,0.010905641325490998
test/algebra/1332.json|64,0,11,0.9996996622254779,0.9999845084773896,1.2073269960912258,0.017330256043177693
test/algebra/1332.json|64,0,12,0.999838530157711,0.9999991628264819,1.1309792015468925,0.012707078432473826
test/algebra/1332.json|64,0,13,0.999834984488092,0.9999988004324442,1.134827851572329,0.012845836364672836
test/algebra/1332.json|64,0,14,0.6629132568451208,0.994077306219691,4.145494098801541,0.5805917181246036
test/algebra/1332.json|64,0,15,0.7520333927707735,0.9954185958848936,3.964147576321041,0.49796245564221653
test/algebra/1332.json|64,0,16,0.5964460730109833,0.974160520427054,5.030893515967391,0.6352589448319612
test/algebra/1332.json|64,0,17,0.5561630183408162,0.9538593289688223,5.998677768286974,0.666210913794711
test/algebra/1332.json|64,0,18,0.9879322003171818,0.9997934426287479,1.9264992548433149,0.10985353741604426
test/algebra/1332.json|64,0,19,0.9886170893993798,0.9996517727137884,1.9703326584876888,0.1066907240608116
test/algebra/1332.json|64,0,20,0.9999458598268574,0.9999953118844486,1.1107095226325459,0.007358000621272547
test/algebra/1332.json|64,0,21,0.999896354036855,0.99999526528077,1.136710812896526,0.010180666144464676
test/algebra/1332.json|64,0,22,0.9126802330263,0.9951040264502203,3.3144182651484106,0.2954991826954857
test/algebra/1332.json|64,0,23,0.9773864470301493,0.9967236835424887,2.726363497251306,0.15037803353499035
test/algebra/1332.json|64,0,24,0.9754068076652647,0.9991715811284346,2.309329347580198,0.1568221678677327
test/algebra/1332.json|64,0,25,0.9630394160531515,0.9980487855372051,2.7246327300056086,0.19225135616387348
test/algebra/1332.json|64,0,26,0.8113212453084411,0.9943656209423223,4.1059727591488775,0.43437167804952354
test/algebra/1332.json|64,0,27,0.6736483566293454,0.9801059885373523,4.956549314748913,0.5712719522002236
test/algebra/1332.json|64,0,28,0.6232959936790359,0.9960021008978482,4.15549998547926,0.6137621740714917
test/algebra/1332.json|64,0,29,0.8092546838754452,0.998343198946515,3.5173968532090134,0.43674399380478585
test/algebra/1332.json|64,0,30,0.9951801344789433,0.9998251287572708,1.6717157765659005,0.06942525132152373
test/algebra/1332.json|64,0,31,0.995929784643083,0.9997739791964725,1.6667832148832167,0.06379823944998
test/algebra/1332.json|64,1,0,0.9824161287088783,0.9991726541726283,2.1934941136026067,0.1326041903226354
test/algebra/1332.json|64,1,1,0.9748146602422694,0.9991150976174469,2.3255920456328276,0.15869889652335528
test/algebra/1332.json|64,1,2,0.8298856290199776,0.9831269021855614,4.209415026481199,0.4124492344277322
test/algebra/1332.json|64,1,3,0.8159760775840887,0.9877783148779432,4.1585630217495595,0.4289800955940861
test/algebra/1332.json|64,1,4,0.8223826617775667,0.9762231030837896,4.924145034124182,0.4214467205026435
test/algebra/1332.json|64,1,5,0.7376857796294817,0.9568756713100146,5.495601367675867,0.5121662038542941
test/algebra/1332.json|64,1,6,0.6401844775715522,0.9815411709806645,4.646258353831482,0.5998462489908959
test/algebra/1332.json|64,1,7,0.762139945216408,0.9953906580607902,3.752125531590064,0.48770898575235616
test/algebra/1332.json|64,1,8,0.8794189897484801,0.9940715293845384,3.4046892909518482,0.3472477649338004
test/algebra/1332.json|64,1,9,0.7771143708403209,0.9971233597491062,3.3352261598094155,0.4721076457331306
test/algebra/1332.json|64,1,10,0.8062758215630089,0.9995737537762232,2.724871144760567,0.4401410892395654
test/algebra/1332.json|64,1,11,0.8249302012077396,0.999379886636235,2.9863971454163294,0.41841343046353136
test/algebra/1332.json|64,1,12,0.6507891897240276,0.9727253514431735,5.299121999050714,0.5909406148471879
test/algebra/1332.json|64,1,13,0.6102220862230158,0.9992472525122711,3.3884515071277286,0.6243219632345031
test/algebra/1332.json|64,1,14,0.9770846975412861,0.9991143633075118,2.454983220638447,0.15137801180724322
test/algebra/1332.json|64,1,15,0.9556109268464592,0.9951651060227408,3.110188609800105,0.21068714520240858
test/algebra/1332.json|64,1,16,0.9453117267382283,0.9997021529753293,2.6812061043331044,0.23385523997073857
test/algebra/1332.json|64,1,17,0.8095113986063807,0.9986340695554001,3.295401884912554,0.436449998732523
test/algebra/1332.json|64,1,18,0.8845306251556775,0.9895383536486647,4.014416400658087,0.3398078498862593
test/algebra/1332.json|64,1,19,0.6902603731888273,0.9746487604561923,5.021393190611609,0.5565425651387077
test/algebra/1332.json|64,1,20,0.8483223619676435,0.9949077594548457,3.536686913157111,0.3894581338633929
test/algebra/1332.json|64,1,21,0.759101821010868,0.9969942476590699,3.4816639079598195,0.4908137925824131
test/algebra/1332.json|64,1,22,0.7559070373741494,0.9954112289058928,3.942673137011834,0.49405765111558647
test/algebra/1332.json|64,1,23,0.7628636063904516,0.9725006282990201,5.188313419903167,0.4869665220623985
test/algebra/1332.json|64,1,24,0.8154179852343074,0.9937242002716618,4.065436080873093,0.42963009061946833
test/algebra/1332.json|64,1,25,0.7512816389863494,0.9973808485443011,3.6304131474602994,0.4987167141911835
test/algebra/1332.json|64,1,26,0.9537905147510027,0.9989873480209617,2.63102966841447,0.21496391615570568
test/algebra/1332.json|64,1,27,0.9408887655126583,0.9982947642412422,2.7735603683462546,0.2431280207778233
test/algebra/1332.json|64,1,28,0.7170085502344179,0.9660184244934077,5.318739801287129,0.5319694067947724
test/algebra/1332.json|64,1,29,0.9090461450826453,0.9905097881666718,3.8069128148306484,0.30158556815165205
test/algebra/1332.json|64,1,30,0.8044010207725136,0.9813794163260908,4.728711538402969,0.44226573372519645
test/algebra/1332.json|64,1,31,0.6249103834319669,0.9818806281118962,4.922249963508486,0.6124456029461173
test/algebra/1332.json|64,2,0,0.9781723526507656,0.9994924317446205,2.2728113908139624,0.14774182667489383
test/algebra/1332.json|64,2,1,0.975989941237934,0.9993845636161893,2.356999168698771,0.15495179496238812
test/algebra/1332.json|64,2,2,0.9983254138515685,0.9997996316551652,1.5310087081491344,0.04092170754540336
test/algebra/1332.json|64,2,3,0.9998455184651562,0.9999911668753901,1.172042450958544,0.012429060094945413
test/algebra/1332.json|64,2,4,0.9199728415104517,0.9980351811544257,3.0228464086007976,0.28289071828101453
test/algebra/1332.json|64,2,5,0.9394281583529641,0.9985782687310721,2.9145515818942203,0.24611347311156268
test/algebra/1332.json|64,2,6,0.9957305369692661,0.9998267977612691,1.6677886219260392,0.0653411281715731
test/algebra/1332.json|64,2,7,0.9972950289990087,0.9999334164474533,1.5051116193596161,0.05200933570995998
test/algebra/1332.json|64,2,8,0.8598870766970346,0.9909008178656448,3.998890092348303,0.37431660837179725
test/algebra/1332.json|64,2,9,0.807217580915368,0.9969323095827943,3.806371446816501,0.4390699478268036
test/algebra/1332.json|64,2,10,0.8852052504639077,0.997142484176028,3.1382107000327113,0.33881373870622816
test/algebra/1332.json|64,2,11,0.9852358955595911,0.9998083043523295,1.9202870909622924,0.1215076312023606
test/algebra/1332.json|64,2,12,0.8675859207943013,0.9921717843985771,3.9870562775256895,0.3638874540372321
test/algebra/1332.json|64,2,13,0.8419541632766172,0.9927019032978887,3.9765438212908166,0.39754979150212466
test/algebra/1332.json|64,2,14,0.9933845423027148,0.9997104424935406,1.8317053862498323,0.08133546395813589
test/algebra/1332.json|64,2,15,0.98442139476034,0.99967586381728,2.127407984022381,0.12481428299541698
test/algebra/1332.json|64,2,16,0.8771591605291188,0.992599522684726,3.816640587463403,0.35048657530764454
test/algebra/1332.json|64,2,17,0.7853057273908001,0.9848250094988812,4.3433877560740575,0.46335113316921966
test/algebra/1332.json|64,2,18,0.7537936335244034,0.99727392299823,3.4845014926767894,0.4961918645802212
test/algebra/1332.json|64,2,19,0.8011849769571846,0.9986820945522664,3.003699495579444,0.44588678276308596
test/algebra/1332.json|64,2,20,0.7481516323879501,0.9950021372987377,4.017658009568582,0.5018449637209184
test/algebra/1332.json|64,2,21,0.932390945546221,0.9916584530403626,3.5839046807251145,0.2600174118280908
test/algebra/1332.json|64,2,22,0.9045163925316684,0.9975097024610465,3.153656052329503,0.30900421917561516
test/algebra/1332.json|64,2,23,0.8619045140704064,0.9958754457168412,3.545878462538826,0.3716120099372377
test/algebra/1332.json|64,2,24,0.9878295130922471,0.9999640920059713,1.6674393389755258,0.11031992978493464
test/algebra/1332.json|64,2,25,0.6827119400767917,0.9999457401132082,2.265729907900869,0.5632832856771167
test/algebra/1332.json|64,2,26,0.889953864313543,0.9932959424400833,3.8483457298292967,0.33173202390854134
test/algebra/1332.json|64,2,27,0.7757312440983803,0.9965250606521758,3.4012091070365122,0.47357022277759364
test/algebra/1332.json|64,2,28,0.984637196664074,0.9996298254481966,2.0700089902467798,0.12394677622240116
test/algebra/1332.json|64,2,29,0.9962664601893426,0.999942794640831,1.5532888989025821,0.06110269888194287
test/algebra/1332.json|64,2,30,0.9776958421724875,0.9996550069978789,2.065472025768132,0.1493457660180311
test/algebra/1332.json|64,2,31,0.9179273685624724,0.9998542874130011,2.29559015098739,0.2864832131862662
test/algebra/1332.json|64,4,0,0.9019029628250981,0.9939023985452011,3.6892397193685285,0.3132044654453412
test/algebra/1332.json|64,4,1,0.7580276400810425,0.9960336740205649,4.058343785377187,0.4919068610204146
test/algebra/1332.json|64,4,2,0.7659234378615648,0.9958536627599412,3.6935966671825944,0.48381459479684485
test/algebra/1332.json|64,4,3,0.7483651945898103,0.9979568217753277,3.499270561818455,0.5016321415242345
test/algebra/1332.json|64,4,4,0.948824817799332,0.9979775562450334,2.8321428773562114,0.22621932322564306
test/algebra/1332.json|64,4,5,0.9684255770813788,0.9985955180793364,2.66696005894965,0.1776919326210991
test/algebra/1332.json|64,4,6,0.9854166823483178,0.9998281103792008,1.903586994793496,0.12076140795669034
test/algebra/1332.json|64,4,7,0.8552470659363991,0.998061457259041,3.2835691566983325,0.3804641035151686
test/algebra/1332.json|64,4,8,0.9423913699057012,0.9996563972705516,2.497969569098017,0.2400179786897199
test/algebra/1332.json|64,4,9,0.9689418308764717,0.999937379892072,1.9512360651425018,0.17623328040846406
test/algebra/1332.json|64,4,10,0.9987160279062043,0.9999793433199832,1.3586418938158142,0.035832556339113114
test/algebra/1332.json|64,4,11,0.9899262334911084,0.9999538276488883,1.6118612130394538,0.10036815485447353
test/algebra/1332.json|64,4,12,0.9391487093798903,0.9988471403516231,2.630025261084049,0.24668054365942552
test/algebra/1332.json|64,4,13,0.9614468679067816,0.997610394145729,2.9443872813228387,0.19634951513364737
test/algebra/1332.json|64,4,14,0.8129247661290696,0.994483482326174,3.8133370504463864,0.4325219461147959
test/algebra/1332.json|64,4,15,0.8090661065228066,0.9942767882133282,3.6643911120453283,0.4369598305075575
test/algebra/1332.json|64,4,16,0.8953288654721501,0.9963588469835215,3.312502933069751,0.3235291865162244
test/algebra/1332.json|64,4,17,0.7996904817257643,0.9984644756180705,3.494666637587317,0.44755951366744035
test/algebra/1332.json|64,4,18,0.9960215172601646,0.999952839123341,1.484333333907228,0.06307521494085744
test/algebra/1332.json|64,4,19,0.9964160216687638,0.999931013823222,1.5131092342339207,0.059866337212462296
test/algebra/1332.json|64,4,20,0.9787165057417598,0.9999640974433347,1.8460183737451898,0.1458886364945542
test/algebra/1332.json|64,4,21,0.8510223743687931,0.9998936851587085,2.736698460849486,0.38597619827031676
test/algebra/1332.json|64,4,22,0.763071568516218,0.9976924796313728,3.3424725429316893,0.4867529470725185
test/algebra/1332.json|64,4,23,0.8115404932331823,0.9970499115085201,3.645051032675009,0.43411923104927946
test/algebra/1332.json|64,4,24,0.9214271562560327,0.9981269940065424,3.0086212415090694,0.28030847961481176
test/algebra/1332.json|64,4,25,0.9519080834547943,0.9977365333509879,2.9014696246653324,0.21929869252963122
test/algebra/1332.json|64,4,26,0.9769973868720733,0.9995779946619817,2.2837923525899972,0.1516661238639886
test/algebra/1332.json|64,4,27,0.9646753350031967,0.9997727868150031,2.318445883208712,0.18794857008448698
test/algebra/1332.json|64,4,28,0.7940483485349891,0.9999320462533068,2.5000900750515953,0.4538189633157818
test/algebra/1332.json|64,4,29,0.9504451480716145,0.9999247989707527,2.1985075310232354,0.22260919102405788
test/algebra/1332.json|64,4,30,0.7108724047981269,0.9955559279149148,3.7852291411546672,0.5377058630904754
test/algebra/1332.json|64,4,31,0.6443175615644197,0.9926271286033971,4.516452803374155,0.5963911790390434
test/algebra/1332.json|64,5,0,0.9986531283492995,0.9999299065149255,1.426987243300339,0.03669975000869168
test/algebra/1332.json|64,5,1,0.998739693251614,0.9999641985342332,1.3901732017631663,0.035500799264044085
test/algebra/1332.json|64,5,2,0.8409381475207518,0.9971787772924833,3.530647511329088,0.39882559155506586
test/algebra/1332.json|64,5,3,0.8091292822403263,0.9945368978004048,3.771870957823242,0.4368875344521444
test/algebra/1332.json|64,5,4,0.9671729639079284,0.999832668522718,2.220162168648439,0.1811823283106595
test/algebra/1332.json|64,5,5,0.9567368627369719,0.9997566619031967,2.2668108199609147,0.20799792610270926
test/algebra/1332.json|64,5,6,0.8132201498378405,0.9903403475984361,4.453167971033917,0.4321803444884548
test/algebra/1332.json|64,5,7,0.8198155767645838,0.9893172297145159,4.372490941359743,0.42448135793626574
test/algebra/1332.json|64,5,8,0.8015319986531168,0.9812689282200133,4.683598790571081,0.4454974762519797
test/algebra/1332.json|64,5,9,0.7688622158946514,0.9863342420821494,4.596676414429032,0.48076791085236603
test/algebra/1332.json|64,5,10,0.8821481428456585,0.9979399953210966,3.1606010030565934,0.34329558277720607
test/algebra/1332.json|64,5,11,0.7608216446270393,0.9927156440605565,4.343078139353186,0.4890586420593759
test/algebra/1332.json|64,5,12,0.9142766578903226,0.9942803228119071,3.5507221243657825,0.2927854882156514
test/algebra/1332.json|64,5,13,0.927468502210878,0.9897230709622162,3.6507455672792735,0.2693167239313631
test/algebra/1332.json|64,5,14,0.8805487147074905,0.9992124703236647,3.314547468455718,0.34561725259672654
test/algebra/1332.json|64,5,15,0.8723871660127368,0.9982255895412033,3.2745566927472556,0.3572293856715363
test/algebra/1332.json|64,5,16,0.8811918150581838,0.9985500891840559,3.1669269388262578,0.344685632050157
test/algebra/1332.json|64,5,17,0.9305916589503015,0.9994365966624829,2.753422495626241,0.26345462806657716
test/algebra/1332.json|64,5,18,0.8644978914835922,0.9959937431232863,3.6576618249902038,0.36810611040351904
test/algebra/1332.json|64,5,19,0.8921016884681948,0.9960561771324336,3.583601784101471,0.3284787839903898
test/algebra/1332.json|64,5,20,0.8187653934240953,0.9906738957414801,4.049487485453837,0.42571658010453944
test/algebra/1332.json|64,5,21,0.7806204407429259,0.9919147461200931,4.079181298049352,0.4683797169573786
test/algebra/1332.json|64,5,22,0.9951747569963646,0.9997173758265061,1.7913218494306584,0.06946396910366845
test/algebra/1332.json|64,5,23,0.9942649682457315,0.9998310776384419,1.717251712879003,0.0757299924354181
test/algebra/1332.json|64,5,24,0.9068827175303878,0.9879490984168359,3.9319247399360853,0.30515124523686965
test/algebra/1332.json|64,5,25,0.8143448107406641,0.9875653619636096,4.597013426198413,0.4308772322359768
test/algebra/1332.json|64,5,26,0.9230252366923329,0.9990926161649769,2.7890117926876434,0.2774432614205417
test/algebra/1332.json|64,5,27,0.8806887233300763,0.9991290455961738,2.907772553224514,0.34541464455046444
test/algebra/1332.json|64,5,28,0.8658367406427137,0.9966446829762124,3.578538788367247,0.36628303176271537
test/algebra/1332.json|64,5,29,0.8794981587103649,0.9941250122389216,3.68528898894405,0.3471337512971551
test/algebra/1332.json|64,5,30,0.979504040239958,0.9979032769540515,2.585150848655573,0.14316410080757688
test/algebra/1332.json|64,5,31,0.9702219067857876,0.9977910902075583,2.7659952145918036,0.17256330204945788
test/algebra/1332.json|64,6,0,0.820812919540448,0.9870779633771966,4.383592861657359,0.4233049497224808
test/algebra/1332.json|64,6,1,0.8061928601942216,0.988365191613592,4.613781153172971,0.4402353232145035
test/algebra/1332.json|64,6,2,0.929115471857482,0.9973731083410804,3.232140395553618,0.2662414846385101
test/algebra/1332.json|64,6,3,0.9794559364683687,0.9989870732673739,2.391126800507177,0.14333200456154688
test/algebra/1332.json|64,6,4,0.9795005172628198,0.9988383679365844,2.436376441110266,0.14317640426124748
test/algebra/1332.json|64,6,5,0.9767332667583793,0.998845193777599,2.4811826831611445,0.1525343674114809
test/algebra/1332.json|64,6,6,0.8908261637966872,0.998919834836151,3.018146759569378,0.33041464284034505
test/algebra/1332.json|64,6,7,0.9044898826405673,0.9992076543664169,2.9033649857828143,0.30904711187686695
test/algebra/1332.json|64,6,8,0.9433701125821795,0.9949828290722114,3.2686247334622927,0.23797034987119822
test/algebra/1332.json|64,6,9,0.9224733529648628,0.9950360578521652,3.4045326285079454,0.27843607351623323
test/algebra/1332.json|64,6,10,0.9201497017841431,0.9886922735614616,3.8272481222713943,0.2825779506894635
test/algebra/1332.json|64,6,11,0.9442390367513508,0.9962962070492335,3.276160674385591,0.2361375938910389
test/algebra/1332.json|64,6,12,0.8576648828672696,0.9914475866936234,4.007866493530069,0.3772732658600797
test/algebra/1332.json|64,6,13,0.9004976763353832,0.9949991061214315,3.5751830595732796,0.31543988914627896
test/algebra/1332.json|64,6,14,0.9942783562192148,0.9997599658288331,1.7387607519373025,0.07564154797983191
test/algebra/1332.json|64,6,15,0.9952998062630357,0.9998107455687401,1.6880740102486471,0.06855795896148227
test/algebra/1332.json|64,6,16,0.8770895473040978,0.9918437245188958,3.8666251173195185,0.35058587064498503
test/algebra/1332.json|64,6,17,0.9019608629356777,0.9900632859541725,3.8894162489820663,0.3131120199933601
test/algebra/1332.json|64,6,18,0.9909531554607196,0.9998300696205519,1.7920322316250261,0.09511490177296299
test/algebra/1332.json|64,6,19,0.9798285340125267,0.9998185705274785,2.01699499396173,0.1420262862553032
test/algebra/1332.json|64,6,20,0.9571960129337802,0.9994060252100946,2.6320032400991438,0.20689124453736507
test/algebra/1332.json|64,6,21,0.9739841219427469,0.9999096173887311,1.9738028032678847,0.16129438321669215
test/algebra/1332.json|64,6,22,0.9638615058718853,0.999471172344028,2.442804909442384,0.19010127334690488
test/algebra/1332.json|64,6,23,0.9214553041000394,0.9992471599944027,2.8070066826699382,0.2802582664257392
test/algebra/1332.json|64,6,24,0.8150114092435482,0.9984851220249099,3.1600513390513205,0.4301030001714145
test/algebra/1332.json|64,6,25,0.9799740562783938,0.9996422416915224,2.120986606829019,0.14151305141790335
test/algebra/1332.json|64,6,26,0.9664811573582242,0.9997040200299668,2.236387906094864,0.1830815191158732
test/algebra/1332.json|64,6,27,0.9717626132305783,0.9996772314705743,2.147613336711944,0.16803983685252039
test/algebra/1332.json|64,6,28,0.8690242590030804,0.9955768941204197,3.5136996767602833,0.3619057073284691
test/algebra/1332.json|64,6,29,0.8417763477192197,0.9973335611586683,3.331775275271016,0.39777336798833113
test/algebra/1332.json|64,6,30,0.9620882056807357,0.9997359829726093,2.3114663380778437,0.19470951265735395
test/algebra/1332.json|64,6,31,0.8637020001289702,0.9987478210514954,3.063785363621068,0.36918559000999723
test/algebra/1332.json|64,8,0,0.765259481786943,0.995735847530611,3.7837132969137692,0.4845002767935814
test/algebra/1332.json|64,8,1,0.7273050041120893,0.99787184936663,3.455569008351523,0.5222020642317595
test/algebra/1332.json|64,8,2,0.7660130237503894,0.9856426309000539,4.52345908801564,0.483722003065408
test/algebra/1332.json|64,8,3,0.6403282932342527,0.9803896088351917,4.84846325174992,0.5997263599057051
test/algebra/1332.json|64,8,4,0.8168368933665151,0.99212169926739,3.9894320299087793,0.42797559116553
test/algebra/1332.json|64,8,5,0.8817758576203392,0.9949369158128413,3.7048717138364737,0.3438373778105877
test/algebra/1332.json|64,8,6,0.9479372205092866,0.9964039430879447,3.160622479190565,0.22817269663724746
test/algebra/1332.json|64,8,7,0.8738880778551906,0.9987750289417541,3.1058896162032443,0.3551224044534636
test/algebra/1332.json|64,8,8,0.9854624470132451,0.9984836079105923,2.3966837772792426,0.12057177524924667
test/algebra/1332.json|64,8,9,0.9078259323377142,0.9914837837054621,3.8952924045769444,0.3036018242077701
test/algebra/1332.json|64,8,10,0.9337996350510569,0.9973861296074176,3.059152254157473,0.2572943158115684
test/algebra/1332.json|64,8,11,0.9215286899748102,0.9966007644779888,3.2367028813559755,0.28012731038795524
test/algebra/1332.json|64,8,12,0.9596519340759175,0.9995548444101058,2.563030995593724,0.2008682800346597
test/algebra/1332.json|64,8,13,0.9747803861196552,0.9996407097716433,2.366047488659446,0.15880684456390654
test/algebra/1332.json|64,8,14,0.990775566889527,0.9998873753632875,1.8195615393089344,0.0960439124071539
test/algebra/1332.json|64,8,15,0.941165754940059,0.9996035540758904,2.462880655747026,0.24255771490501174
test/algebra/1332.json|64,8,16,0.9163451217035598,0.9965775406887348,3.1965887380383853,0.2892315306055691
test/algebra/1332.json|64,8,17,0.9257153708587043,0.9961024424631286,3.284699023642973,0.2725520668446595
test/algebra/1332.json|64,8,18,0.9802340386775109,0.9998772460213755,2.023547991668605,0.14059146959360333
test/algebra/1332.json|64,8,19,0.9528620947681778,0.99987241116235,2.2434405285787253,0.2171126556233472
test/algebra/1332.json|64,8,20,0.9999545259183673,1.0,1.0624548585812224,0.00674344731073732
test/algebra/1332.json|64,8,21,0.9999165859340959,0.9999999309486209,1.0863812453698203,0.009133130126307402
test/algebra/1332.json|64,8,22,0.8880173857875823,0.9959553966180565,3.7375842626099214,0.3346380346171333
test/algebra/1332.json|64,8,23,0.8422885077886773,0.9944624138429365,3.8483663740198866,0.39712906241085244
test/algebra/1332.json|64,8,24,0.8995340251722391,0.9967907636291525,3.3346000144350234,0.31696368061303315
test/algebra/1332.json|64,8,25,0.8111480621443754,0.9929847781986856,4.082472284080091,0.43457098137775446
test/algebra/1332.json|64,8,26,0.823066273707098,0.9951755495288225,3.7452449513485315,0.4206349085524192
test/algebra/1332.json|64,8,27,0.974695079902074,0.9992930200984107,2.368880026211212,0.15907520264933173
test/algebra/1332.json|64,8,28,0.9718878048895329,0.9992384750844291,2.3609931131873685,0.16766691716157706
test/algebra/1332.json|64,8,29,0.9678631232229186,0.9993613720786968,2.3915418613584047,0.1792676121810112
test/algebra/1332.json|64,8,30,0.995483627677379,0.9997557910349223,1.7259985494980639,0.0672039606170725
test/algebra/1332.json|64,8,31,0.9557233074863236,0.9964945705467916,2.96543889369057,0.21042027590913473
test/algebra/1332.json|64,9,0,0.9655134393878414,0.9978315349746506,2.8339463300473957,0.18570557507021324
test/algebra/1332.json|64,9,1,0.9707893925671446,0.9979045024622096,2.657555249322557,0.17091110974086915
test/algebra/1332.json|64,9,2,0.8968769829452874,0.9940945556968933,3.8386131083748003,0.3211277270101612
test/algebra/1332.json|64,9,3,0.9239484187610717,0.994451528123236,3.6524711187894208,0.2757745115831561
test/algebra/1332.json|64,9,4,0.9625177405672898,0.9986851469269792,2.694097896393797,0.19360335594382194
test/algebra/1332.json|64,9,5,0.9777208776634283,0.9986930100757645,2.4097777963341085,0.1492619252742363
test/algebra/1332.json|64,9,6,0.8003897121785083,0.9953119600621518,3.8506025659237952,0.44677767157893167
test/algebra/1332.json|64,9,7,0.6982226502002811,0.9968002225111309,3.939060937642341,0.5493426524490147
test/algebra/1332.json|64,9,8,0.8670216374673649,0.9974390797536694,3.3891847282842833,0.364661983942164
test/algebra/1332.json|64,9,9,0.9733601242383387,0.9987867728214419,2.5608967913667136,0.16321726551336802
test/algebra/1332.json|64,9,10,0.7579030407873892,0.9892793496287792,4.48289452066185,0.49203349399467794
test/algebra/1332.json|64,9,11,0.8249627711517554,0.9864608827132444,4.302912734018865,0.41837450788527325
test/algebra/1332.json|64,9,12,0.8865813441788652,0.9984765506617962,2.8151383581772045,0.33677686354786124
test/algebra/1332.json|64,9,13,0.9623993931619997,0.99906803869184,2.4732642997841805,0.19390875905435592
test/algebra/1332.json|64,9,14,0.9999736366358354,0.999998097489184,1.080513826218228,0.00513452667386358
test/algebra/1332.json|64,9,15,0.9997594863094187,0.9999688921902814,1.2234559892540142,0.01550850381504651
test/algebra/1332.json|64,9,16,0.8878112064749915,0.9889293354577597,4.0559927523568,0.33494595612577344
test/algebra/1332.json|64,9,17,0.8486931901742545,0.9921424498018309,4.114203115615809,0.38898176027385334
test/algebra/1332.json|64,9,18,0.9933297255232594,0.9998492293365049,1.8216353907454852,0.08167174833894902
test/algebra/1332.json|64,9,19,0.997744187482723,0.9998802502556001,1.51843880842546,0.04749539469545466
test/algebra/1332.json|64,9,20,0.9870934186195454,0.9998955690526066,1.8958387859454473,0.11360713613349577
test/algebra/1332.json|64,9,21,0.9853906050209297,0.9999469946898378,1.8899185580846707,0.12086933018375805
test/algebra/1332.json|64,9,22,0.9291151760014863,0.9932732281530997,3.5910333367822416,0.26624204025381437
test/algebra/1332.json|64,9,23,0.8370579974093689,0.9887152784706674,4.209099907013479,0.4036607518580808
test/algebra/1332.json|64,9,24,0.8992028892286624,0.9990463597693395,3.1533962849662767,0.31748560718769214
test/algebra/1332.json|64,9,25,0.891714974060849,0.9980929444366604,3.303778881268105,0.3290669019198847
test/algebra/1332.json|64,9,26,0.924424684785816,0.9959702188966063,3.38945422187472,0.27490964918348
test/algebra/1332.json|64,9,27,0.794017690423819,0.9965937995461277,3.632607133975506,0.45385273996769154
test/algebra/1332.json|64,9,28,0.9783052463265713,0.9976904089560159,2.6517298917865566,0.14729139035744301
test/algebra/1332.json|64,9,29,0.976033102873104,0.9979820196342553,2.6496582787682175,0.15481245791891568
test/algebra/1332.json|64,9,30,0.982115465088685,0.9999251238325004,2.042267162585234,0.13373307336375334
test/algebra/1332.json|64,9,31,0.9843731586288013,0.9999459127683208,1.93212969008101,0.1250073652678063
test/algebra/1332.json|64,10,0,0.8133007823006502,0.9883690553846298,4.1682257797665985,0.4320870487521581
test/algebra/1332.json|64,10,1,0.8721791593248384,0.9912145438969512,3.905506259266809,0.35752040595630574
test/algebra/1332.json|64,10,2,0.8695265934258914,0.9853431615174237,4.290275382413624,0.3612110277581632
test/algebra/1332.json|64,10,3,0.8424645419634637,0.9773082470933442,4.676585299645214,0.3969073670726412
test/algebra/1332.json|64,10,4,0.9420953984691914,0.997997897157943,3.014903547139213,0.24063374977506494
test/algebra/1332.json|64,10,5,0.8725990088548984,0.9978698121785167,3.253251493857683,0.356932754374128
test/algebra/1332.json|64,10,6,0.940497141061742,0.9985052863778883,2.844127257957525,0.2439320785346979
test/algebra/1332.json|64,10,7,0.9519852294789889,0.998694299105401,2.722338973234005,0.21912272935734237
test/algebra/1332.json|64,10,8,0.8028586071968838,0.999653135813048,2.714894921377574,0.44400607293495004
test/algebra/1332.json|64,10,9,0.9692130472594004,0.9998846705961806,2.015836143865246,0.17546211198033498
test/algebra/1332.json|64,10,10,0.9820928479743389,0.9999868962670003,1.6177317926407824,0.13381760730808584
test/algebra/1332.json|64,10,11,0.9585034390573044,0.9999838375140889,1.790746765833218,0.20370704686558
test/algebra/1332.json|64,10,12,0.9992130717938623,0.9999846344228704,1.2649635620733781,0.028052240661624206
test/algebra/1332.json|64,10,13,0.9998931568774823,0.9999982052044636,1.10631873216568,0.010336494691999862
test/algebra/1332.json|64,10,14,0.9835154068718084,0.9990438696976784,2.264553269982889,0.12839234061341673
test/algebra/1332.json|64,10,15,0.9901180432457327,0.9985551056352056,2.205545072160401,0.09940803163863213
test/algebra/1332.json|64,10,16,0.875743383981759,0.9987634682047564,3.096055064511801,0.3525005191744276
test/algebra/1332.json|64,10,17,0.965605433256816,0.9994614384454105,2.5084844039810092,0.18545772225276566
test/algebra/1332.json|64,10,18,0.8655430795407788,0.9945685361043474,3.6688074961330703,0.36668367901942567
test/algebra/1332.json|64,10,19,0.8485105705609082,0.9945328363820156,3.799961210935455,0.3892164300734128
test/algebra/1332.json|64,10,20,0.9852683487491043,0.9992644962800507,2.2112821052724696,0.12137401390287669
test/algebra/1332.json|64,10,21,0.9880329935802515,0.9996748088676004,2.012958368123417,0.10939381344366993
test/algebra/1332.json|64,10,22,0.9951339833643726,0.9999890558114448,1.4685317152154271,0.06975683934659997
test/algebra/1332.json|64,10,23,0.995015662965236,0.9999902600696414,1.4737262355670233,0.07059983735649802
test/algebra/1332.json|64,10,24,0.9649947093562343,0.9996607577414891,2.140473567340965,0.18709700864462178
test/algebra/1332.json|64,10,25,0.9588746635562027,0.9993323093877318,2.2669809329228685,0.20279382743021876
test/algebra/1332.json|64,10,26,0.9844147631738549,0.9993366776426883,2.13121548909807,0.1248408459845779
test/algebra/1332.json|64,10,27,0.9892085384349161,0.9995688320176705,1.9727296764315456,0.10388195976724701
test/algebra/1332.json|64,10,28,0.9934593602731246,0.999715253581652,1.8512636300842513,0.0808742216461794
test/algebra/1332.json|64,10,29,0.9922855038442657,0.9996567610137481,1.8983533638311159,0.08783220454784381
test/algebra/1332.json|64,10,30,0.9387411719496428,0.9941855525514356,3.4825044789410233,0.24750520812774265
test/algebra/1332.json|64,10,31,0.9216918527205888,0.9939351224853122,3.560948429723262,0.2798359292146224
test/algebra/1332.json|64,12,0,0.9911913509088984,0.9998388770190613,1.823523018193688,0.0938544036851845
test/algebra/1332.json|64,12,1,0.9869939178635997,0.9999394009340783,1.8521751847949497,0.11404421132350519
test/algebra/1332.json|64,12,2,0.9134397597054537,0.9995720307273602,2.678043367270033,0.2942112171460265
test/algebra/1332.json|64,12,3,0.9283810725222403,0.9987762442558935,2.892230290212089,0.2676171285208771
test/algebra/1332.json|64,12,4,0.9953498243082286,0.9999053655745515,1.6110681217726908,0.06819219670733152
test/algebra/1332.json|64,12,5,0.9977076499811521,0.9999223580643528,1.4938831933409313,0.047878492236575976
test/algebra/1332.json|64,12,6,0.98590974707379,0.999611996694782,2.1412413669116224,0.11870237119034321
test/algebra/1332.json|64,12,7,0.9874930710919037,0.9994995506777955,2.1288040400741504,0.11183438160108164
test/algebra/1332.json|64,12,8,0.9863715707265089,0.9996314742482801,1.972655482416432,0.11674086376882373
test/algebra/1332.json|64,12,9,0.9354477782743786,0.9994971187761165,2.3830699391084726,0.254071292604303
test/algebra/1332.json|64,12,10,0.9903722874280231,0.9999892168181437,1.5077682595875204,0.09812090792474823
test/algebra/1332.json|64,12,11,0.9897764681275797,0.9999776547553805,1.5302381148413935,0.10111148239651277
test/algebra/1332.json|64,12,12,0.9657274045826919,0.9982271775219056,2.7474986817768894,0.1851285915716643
test/algebra/1332.json|64,12,13,0.9193866751035068,0.9971235458400384,3.2962041669772,0.28392485783476795
test/algebra/1332.json|64,12,14,0.9855943004550085,0.9995567976119124,2.1229652538851957,0.12002374575471093
test/algebra/1332.json|64,12,15,0.9891296939024644,0.9998730030074456,1.9173655996555066,0.10426076010434408
test/algebra/1332.json|64,12,16,0.9440033025218618,0.9874427393224551,3.6891869447484913,0.23663621337009721
test/algebra/1332.json|64,12,17,0.9072238385918419,0.9874350643396613,4.081002322882649,0.3045917947157443
test/algebra/1332.json|64,12,18,0.9983664544149394,0.9999156934515715,1.4481203537326996,0.040417144692080485
test/algebra/1332.json|64,12,19,0.9975989493756752,0.9998129789508325,1.6016979724939884,0.04900051657202024
test/algebra/1332.json|64,12,20,0.9974872191972686,0.9997530127990651,1.600066814993706,0.050127645094612504
test/algebra/1332.json|64,12,21,0.9980127651786914,0.9998014449495596,1.5561931691842603,0.044578412054587374
test/algebra/1332.json|64,12,22,0.9008689389685707,0.9995284403908268,2.61789628690504,0.31485085521787826
test/algebra/1332.json|64,12,23,0.9261586028732459,0.9994639231007154,2.434042867851201,0.27173773592704065
test/algebra/1332.json|64,12,24,0.877946211724141,0.9944314970985737,3.8088020796968105,0.3493619731394059
test/algebra/1332.json|64,12,25,0.8390452786109964,0.9977066975213402,3.4601210123234174,0.40119162676831077
test/algebra/1332.json|64,12,26,0.919999844542167,0.9943752117303298,3.519720577785888,0.2828429872877053
test/algebra/1332.json|64,12,27,0.9567404549057114,0.9954945402838685,3.180595272146853,0.20798929081635104
test/algebra/1332.json|64,12,28,0.6821749940887322,0.988642288255449,4.537435044002378,0.5637597058244477
test/algebra/1332.json|64,12,29,0.8495928448830853,0.9865382314735747,4.234826873252834,0.3878236134080991
test/algebra/1332.json|64,12,30,0.9956790664514567,0.9999463538500054,1.5046906614959292,0.06573380826137604
test/algebra/1332.json|64,12,31,0.9876294628512607,0.9994980316917094,1.9845513264955374,0.11122291647290705
test/algebra/1332.json|64,13,0,0.9968702996109796,0.9999737531321014,1.451055650719915,0.05594372519791996
test/algebra/1332.json|64,13,1,0.996339990619789,0.9998062782493546,1.642842907808538,0.060498011374019965
test/algebra/1332.json|64,13,2,0.9612810397272357,0.9973942318608277,2.8467452221479537,0.19677134006954453
test/algebra/1332.json|64,13,3,0.9679147421809642,0.9972371147141904,2.806778145644748,0.17912358253182584
test/algebra/1332.json|64,13,4,0.8033166400395155,0.9750124193725229,4.837743730012236,0.4434899772942839
test/algebra/1332.json|64,13,5,0.8205955581967024,0.9844230206304497,4.511938935066557,0.42356161512027696
test/algebra/1332.json|64,13,6,0.9962444722620684,0.9997529531638703,1.6832319305054004,0.06128236074052338
test/algebra/1332.json|64,13,7,0.9962062244780706,0.9998460855308033,1.6606313425553039,0.06159363215405784
test/algebra/1332.json|64,13,8,0.9117034903506709,0.9954270533347125,3.4236926319864684,0.2971472861214268
test/algebra/1332.json|64,13,9,0.8819816932914171,0.9944652658286037,3.6062014941445866,0.3435379261574811
test/algebra/1332.json|64,13,10,0.980117824195119,0.9992107584851387,2.362230701796557,0.14100416945920802
test/algebra/1332.json|64,13,11,0.9829100318527453,0.999287107461549,2.2304865566181116,0.13072860493118835
test/algebra/1332.json|64,13,12,0.9913044344592594,0.9997381647727114,1.799000474659833,0.09325001630423761
test/algebra/1332.json|64,13,13,0.9934502845914324,0.9998875252590627,1.7258600818966643,0.08093031205035377
test/algebra/1332.json|64,13,14,0.9417351399571023,0.9995240111874681,2.6556562053374795,0.24138115096854115
test/algebra/1332.json|64,13,15,0.9517971333973907,0.9990094780634728,2.7109707040330924,0.21955151241248444
test/algebra/1332.json|64,13,16,0.9975445035089647,0.9996844861068254,1.6312009992723133,0.04955296652103958
test/algebra/1332.json|64,13,17,0.9970425537735195,0.999830143521403,1.6355638639686514,0.054382407325168414
test/algebra/1332.json|64,13,18,0.9473804358703709,0.9988212152321123,2.8155263276929197,0.2293895466877885
test/algebra/1332.json|64,13,19,0.9706799731720533,0.9994558278967494,2.341091676851003,0.1712309166825508
test/algebra/1332.json|64,13,20,0.9865814357851914,0.9997299638438016,1.9165280816716794,0.11583852647029218
test/algebra/1332.json|64,13,21,0.9887403377657712,0.9998082656109916,1.9079879568699294,0.10611155561120007
test/algebra/1332.json|64,13,22,0.9593262039106728,0.9958689082598399,3.1360057585980186,0.20167745558025865
test/algebra/1332.json|64,13,23,0.9390541881702966,0.993469619734127,3.388480186626774,0.24687205558690392
test/algebra/1332.json|64,13,24,0.9984895969056502,0.9999823231069918,1.334546221769253,0.038863904774865315
test/algebra/1332.json|64,13,25,0.9992802320761662,0.9999335679953096,1.333172389140487,0.026828490897435314
test/algebra/1332.json|64,13,26,0.9876481043263288,0.9995315693964055,2.0284628941821015,0.11113908256626573
test/algebra/1332.json|64,13,27,0.9830700819807469,0.9996069486089424,2.075519278647127,0.13011501842313647
test/algebra/1332.json|64,13,28,0.9362474134257575,0.9965668654129592,3.216876627192492,0.2524927455873585
test/algebra/1332.json|64,13,29,0.9618755890181038,0.9981027120226017,2.8164568668999816,0.19525473357103593
test/algebra/1332.json|64,13,30,0.9743570314949388,0.9997576254312109,2.238473009050706,0.16013422028117913
test/algebra/1332.json|64,13,31,0.9454858728341756,0.9996028282533193,2.7300167559460458,0.2334826057029182
test/algebra/1332.json|64,14,0,0.9852259102758355,0.9996398736420758,2.078183114814905,0.12154871337930524
test/algebra/1332.json|64,14,1,0.9818984367953393,0.9992100089215155,2.21648136563646,0.13454204994967453
test/algebra/1332.json|64,14,2,0.9344264999058092,0.9981958916048113,2.9965270013420233,0.2560732318970314
test/algebra/1332.json|64,14,3,0.971256857644372,0.9994303526424277,2.3085215024581824,0.16953802628209408
test/algebra/1332.json|64,14,4,0.9980604991461249,0.9999380179883273,1.4143333079858285,0.044039764462075234
test/algebra/1332.json|64,14,5,0.993399649317963,0.9998512316445394,1.6750914649360833,0.08124254231643059
test/algebra/1332.json|64,14,6,0.902903441699213,0.9941160270887494,3.6828853710349936,0.3116032064995272
test/algebra/1332.json|64,14,7,0.9360662300079777,0.9981871465887265,3.0476279024999733,0.2528512803843838
test/algebra/1332.json|64,14,8,0.9848223940264405,0.9981716363859956,2.4515017585989347,0.12319742681387282
test/algebra/1332.json|64,14,9,0.9096667833904905,0.99516595888963,3.6870515255437,0.3005548479221547
test/algebra/1332.json|64,14,10,0.999493729673707,0.9999421177906372,1.3111019197671432,0.02250045169086664
test/algebra/1332.json|64,14,11,0.9996189972810549,0.9999498680632967,1.2702227101139096,0.019519290943708606
test/algebra/1332.json|64,14,12,0.9565256025326594,0.9940401216919726,3.151933942258508,0.20850514973817938
test/algebra/1332.json|64,14,13,0.9318118865622866,0.9964485430446283,3.177525586749969,0.261128538152599
test/algebra/1332.json|64,14,14,0.9968930603555317,0.999630175711696,1.7087991299974847,0.0557399286370936
test/algebra/1332.json|64,14,15,0.9959607922968299,0.9993594712789339,1.7971527999026495,0.06355476145160269
test/algebra/1332.json|64,14,16,0.950243845558643,0.9975377019022971,2.973937357857022,0.22306087608847264
test/algebra/1332.json|64,14,17,0.9722119651286703,0.9985798904602159,2.61107583787473,0.16669743510723178
test/algebra/1332.json|64,14,18,0.9901234101624735,0.9990497779757835,2.0370113659214573,0.0993810335905523
test/algebra/1332.json|64,14,19,0.9732008290944357,0.9981956179831072,2.5537765258336287,0.16370452316770076
test/algebra/1332.json|64,14,20,0.9896233950522235,0.9999610604292722,1.7358106047208866,0.10186562201143465
test/algebra/1332.json|64,14,21,0.9994327864608905,0.9999937662059358,1.2379533867973949,0.023816245277320482
test/algebra/1332.json|64,14,22,0.8624533228805541,0.9900054028093954,3.9399626203270763,0.37087285842920065
test/algebra/1332.json|64,14,23,0.8257685999709303,0.9955874372523982,3.8561148388233173,0.4174103496908883
test/algebra/1332.json|64,14,24,0.9539922392883121,0.9987048182799922,2.7305905728823774,0.21449419738465628
test/algebra/1332.json|64,14,25,0.9235484441893649,0.9993416056867058,2.735800795955641,0.2764987446818432
test/algebra/1332.json|64,14,26,0.8936442240536753,0.9937178118659237,3.5741449992044556,0.32612233279296393
test/algebra/1332.json|64,14,27,0.8502622812709356,0.9942583127764972,3.78235406503742,0.38695958281074316
test/algebra/1332.json|64,14,28,0.9936395473488706,0.9996188108419359,1.849261199443444,0.0797524460510735
test/algebra/1332.json|64,14,29,0.9716202428959504,0.998858526234344,2.4463836718335443,0.1684629250133382
test/algebra/1332.json|64,14,30,0.9416092119099396,0.9970539022386975,3.0336039759860354,0.2416418591429481
test/algebra/1332.json|64,14,31,0.9278470475306786,0.9970160469637833,3.1582718974262587,0.26861301619489963
test/algebra/1332.json|64,16,0,0.9817122327975946,0.9999168161078604,1.9873655101799483,0.1352322713053561
test/algebra/1332.json|64,16,1,0.9695940447964538,0.9998383074343518,2.201909501752617,0.17437303462274825
test/algebra/1332.json|64,16,2,0.9482177375787769,0.9987176438386005,2.8593759157385548,0.22755716297498324
test/algebra/1332.json|64,16,3,0.9317273792200783,0.9985458115084219,3.090716522644229,0.26129029981980134
test/algebra/1332.json|64,16,4,0.9431950341708438,0.9951309021671343,3.3074440291681153,0.2383379236067063
test/algebra/1332.json|64,16,5,0.956201247054885,0.9976372705174877,2.9211374713304985,0.20928151601399259
test/algebra/1332.json|64,16,6,0.9045779413822145,0.9987949797511396,3.158396896355715,0.3089046108716824
test/algebra/1332.json|64,16,7,0.9459209131947631,0.9990037937174924,2.8324977358307444,0.2325491062232596
test/algebra/1332.json|64,16,8,0.883853604983505,0.994021530800579,3.851631843334467,0.3408025748384173
test/algebra/1332.json|64,16,9,0.9092839900232073,0.9915214608921542,3.7759401636425705,0.3011909858823679
test/algebra/1332.json|64,16,10,0.9824503431666746,0.9999182658481687,1.8433496257102362,0.13247511778943785
test/algebra/1332.json|64,16,11,0.9882829977628635,0.9999496233056981,1.740866918698224,0.10824510260116368
test/algebra/1332.json|64,16,12,0.9740180843466804,0.9992377068315761,2.3241594739329607,0.16118906803291483
test/algebra/1332.json|64,16,13,0.991941009340331,0.9996462451697207,1.910878872078762,0.08977188123053328
test/algebra/1332.json|64,16,14,0.8643703969597647,0.9978687571966182,3.410601052205202,0.3682792460080194
test/algebra/1332.json|64,16,15,0.9152455269764171,0.9984000919241158,3.0455810000768824,0.2911262149370662
test/algebra/1332.json|64,16,16,0.9579895089569014,0.9961262431781397,2.9957408767833305,0.20496460924534904
test/algebra/1332.json|64,16,17,0.9038892342552777,0.9958432736864463,3.669273747184189,0.3100173636181082
test/algebra/1332.json|64,16,18,0.9955917933556776,0.9993884093689553,1.844993387039919,0.06639432689863192
test/algebra/1332.json|64,16,19,0.9936068907946628,0.9991563252401167,1.9778446088896289,0.07995692093457075
test/algebra/1332.json|64,16,20,0.9239008556535838,0.9977086724385811,3.0829506928309582,0.27586073360740593
test/algebra/1332.json|64,16,21,0.9707054702896082,0.998734527503848,2.596116373602479,0.17115644805379612
test/algebra/1332.json|64,16,22,0.9926201408497088,0.9994659982978782,1.887487603586789,0.08590610659488158
test/algebra/1332.json|64,16,23,0.993275427144623,0.9994595627829711,1.861872139420703,0.08200349294619697
test/algebra/1332.json|64,16,24,0.9860229886296179,0.9996248339705094,2.012529959179927,0.11822441105956966
test/algebra/1332.json|64,16,25,0.9819430218432148,0.9992911759401362,2.309324392302319,0.13437625592635477
test/algebra/1332.json|64,16,26,0.969689497062487,0.9979762787368315,2.727538653842905,0.17409911814111245
test/algebra/1332.json|64,16,27,0.9959049999045183,0.9996233209245955,1.752750056966105,0.06399218776914642
test/algebra/1332.json|64,16,28,0.9333912194550079,0.9956291756049928,3.247688355692373,0.2580867694109717
test/algebra/1332.json|64,16,29,0.9503550603095665,0.9975905725946704,2.962782412138797,0.22281144425373103
test/algebra/1332.json|64,16,30,0.9983225506706812,0.9999120680233297,1.4809523399213895,0.040956676248431
test/algebra/1332.json|64,16,31,0.9981080779471477,0.999958381183072,1.4572893384577892,0.04349623032921667
test/algebra/1332.json|64,17,0,0.9636081019276657,0.9983605438385442,2.700876655228669,0.19076660628195474
test/algebra/1332.json|64,17,1,0.9728891848523628,0.9985444528571048,2.558411165662133,0.1646536217264511
test/algebra/1332.json|64,17,2,0.9990953087662995,0.99995613095076,1.3473936763098204,0.030078085605645125
test/algebra/1332.json|64,17,3,0.9994892957217388,0.9999523797644027,1.3000095358037274,0.022598767184542717
test/algebra/1332.json|64,17,4,0.9992465264678116,0.9999406780963046,1.331308452102774,0.02744947234808628
test/algebra/1332.json|64,17,5,0.9989396948691502,0.9999515672842615,1.3614230046385398,0.032562326864795134
test/algebra/1332.json|64,17,6,0.99861707747025,0.9999155822344252,1.4447641041459667,0.037187666366014824
test/algebra/1332.json|64,17,7,0.9966800189339016,0.9997935730754431,1.6669917594254682,0.057619276861988054
test/algebra/1332.json|64,17,8,0.9111761608755548,0.9984397329731212,2.7635836150909365,0.2980332852626452
test/algebra/1332.json|64,17,9,0.9459224693284779,0.9993623444747908,2.435122068924902,0.232545760381741
test/algebra/1332.json|64,17,10,0.8648014698465935,0.9928427493653025,3.861701292662375,0.36769352748370016
test/algebra/1332.json|64,17,11,0.8672429933546462,0.9953092633010118,3.781367191784001,0.3643583492186694
test/algebra/1332.json|64,17,12,0.9963207310083728,0.9999027791999755,1.5996541007493839,0.06065697809508138
test/algebra/1332.json|64,17,13,0.996847127784908,0.9999022737385375,1.59432875944944,0.05615044269720385
test/algebra/1332.json|64,17,14,0.9468228916363303,0.9992746944907264,2.640557952769504,0.23060162263884817
test/algebra/1332.json|64,17,15,0.9794433068003614,0.9994526538645565,2.24307309755152,0.14337605518230231
test/algebra/1332.json|64,17,16,0.9866541237057496,0.9980228567709978,2.398822819372757,0.11552435368462546
test/algebra/1332.json|64,17,17,0.9663740103189399,0.9982997190433492,2.6423584728887115,0.1833739067617313
test/algebra/1332.json|64,17,18,0.9997225029366847,0.999977425145037,1.212471228951451,0.016658243104098865
test/algebra/1332.json|64,17,19,0.9998421017904119,0.999969935079279,1.1997131352188684,0.01256575543244871
test/algebra/1332.json|64,17,20,0.9994353366334771,0.9999732061696669,1.2750704490320635,0.02376264645452909
test/algebra/1332.json|64,17,21,0.9994705721166216,0.9999655039091389,1.2772158543336043,0.023009299932383803
test/algebra/1332.json|64,17,22,0.9948763523786448,0.9999243259826966,1.581662507253234,0.07157965927101916
test/algebra/1332.json|64,17,23,0.9943884636396773,0.9998877714372788,1.6552685011928063,0.07491018862826834
test/algebra/1332.json|64,17,24,0.9714501366062849,0.9996643482076482,2.164099427982861,0.1689670482482165
test/algebra/1332.json|64,17,25,0.9659691207468912,0.9995661263982766,2.3094964567872336,0.1844746032740246
test/algebra/1332.json|64,17,26,0.9989250432949874,0.9999099430944469,1.3923057249812425,0.0327865323724935
test/algebra/1332.json|64,17,27,0.9990937697862764,0.999943709838289,1.3556396732745923,0.030103657813023356
test/algebra/1332.json|64,17,28,0.9347131108278824,0.991358997508039,3.6537858535798358,0.2555129921787101
test/algebra/1332.json|64,17,29,0.8973526794837617,0.9876195372805564,4.089946561087523,0.3203862052527204
test/algebra/1332.json|64,17,30,0.9569054367305119,0.9990208625208855,2.5463131444146248,0.207592300602619
test/algebra/1332.json|64,17,31,0.9847852879457671,0.9994553129214264,2.1440425886665837,0.12334793088752181
test/algebra/1332.json|64,18,0,0.9783571784916203,0.9970339231952319,2.6976971466874984,0.14711499416571958
test/algebra/1332.json|64,18,1,0.9905884808581122,0.9984848980585027,2.2051863450029603,0.09701298439841834
test/algebra/1332.json|64,18,2,0.9969778889801276,0.9996549762424797,1.6705331453178622,0.05497373027066997
test/algebra/1332.json|64,18,3,0.9873737897878262,0.999414707171165,2.0878499974478357,0.1123664105156599
test/algebra/1332.json|64,18,4,0.9484882751924099,0.9992511907052111,2.4770210029448885,0.22696194572568798
test/algebra/1332.json|64,18,5,0.9631156471690095,0.9996769273017199,2.1522582487382595,0.19205299485035493
test/algebra/1332.json|64,18,6,0.9850542800502805,0.9979240923928435,2.467112248484615,0.12225268892633608
test/algebra/1332.json|64,18,7,0.9557179976967773,0.9950698018231201,3.1492710725133,0.2104328926361624
test/algebra/1332.json|64,18,8,0.9529759026083314,0.9994239284942674,2.3402570977386845,0.2168504032545676
test/algebra/1332.json|64,18,9,0.9459889669611782,0.9997257906239269,2.1835520476332633,0.23240273887977703
test/algebra/1332.json|64,18,10,0.8964912210664963,0.9940294444610088,3.913968350092021,0.3217278025497699
test/algebra/1332.json|64,18,11,0.9414962301815493,0.9982762319896265,3.159696877198695,0.24187552546392688
test/algebra/1332.json|64,18,12,0.9738308194411374,0.9995847105881479,2.1456445847149945,0.16176891097755045
test/algebra/1332.json|64,18,13,0.9700055962417037,0.9996030436088604,2.1403741831404806,0.173188925045155
test/algebra/1332.json|64,18,14,0.9998685980794626,0.9999906880528753,1.1597645985280223,0.011463067675687845
test/algebra/1332.json|64,18,15,0.9997088477818019,0.9999834536444303,1.22216286155013,0.017063183120335064
test/algebra/1332.json|64,18,16,0.980310341557865,0.9997792206138016,1.893054910230428,0.14031984336555894
test/algebra/1332.json|64,18,17,0.9769919329153217,0.9991721253351482,2.249684138633327,0.15168410293988716
test/algebra/1332.json|64,18,18,0.9679227321266894,0.9988221921288298,2.523584570307261,0.17910127825705363
test/algebra/1332.json|64,18,19,0.8935571448553905,0.9967924579543042,3.0999527706667807,0.3262558124303834
test/algebra/1332.json|64,18,20,0.9695211796126733,0.99991650648703,1.9469389981904748,0.17458184438058486
test/algebra/1332.json|64,18,21,0.9336977298561854,0.99981382989876,2.3441075408634413,0.2574922720079471
test/algebra/1332.json|64,18,22,0.8941745874792086,0.9934994443096483,3.8601134094076897,0.3253081808390182
test/algebra/1332.json|64,18,23,0.8550446962191891,0.9949924641378446,3.9691651173581386,0.380729961758739
test/algebra/1332.json|64,18,24,0.9984432269414426,0.9999274189494848,1.4166885246148873,0.039455963536040944
test/algebra/1332.json|64,18,25,0.9983258577312927,0.9999035530835366,1.4474545457779282,0.040916283661976485
test/algebra/1332.json|64,18,26,0.9857211583014405,0.9997655995084598,1.975235332063927,0.11949410738006928
test/algebra/1332.json|64,18,27,0.9637739660978699,0.9995632045872698,2.3155890434818662,0.19033137918412213
test/algebra/1332.json|64,18,28,0.9132873639254475,0.9918651004743365,3.578407399498819,0.2944700936844903
test/algebra/1332.json|64,18,29,0.9455156470538884,0.9952542409160018,3.1784931651471804,0.23341883588543502
test/algebra/1332.json|64,18,30,0.9365591966701428,0.9959989268669314,3.317446976702843,0.25187457857008366
test/algebra/1332.json|64,18,31,0.9469256282965101,0.9967470617865136,3.189625926547082,0.23037875705778504
test/algebra/1332.json|64,20,0,0.9997103300360252,0.9999745571293723,1.2225529261781793,0.017019693416005965
test/algebra/1332.json|64,20,1,0.999013403838937,0.99995830945875,1.3563286485331183,0.03141012831974748
test/algebra/1332.json|64,20,2,0.9934398138688744,0.9999390660669039,1.5989542652419846,0.0809949759622511
test/algebra/1332.json|64,20,3,0.9952360207523149,0.9999399073430728,1.546334108983971,0.06902158537504861
test/algebra/1332.json|64,20,4,0.9787265490774386,0.9996134865764527,2.063765294772437,0.1458542111924143
test/algebra/1332.json|64,20,5,0.9552165743040958,0.9997348026413572,2.2554991492955105,0.21162094814999816
test/algebra/1332.json|64,20,6,0.9794255137530558,0.9977502240376646,2.5514483640620425,0.14343809203605662
test/algebra/1332.json|64,20,7,0.9828229650363812,0.9984839032822693,2.4185254302859964,0.13106118786131452
test/algebra/1332.json|64,20,8,0.9094248740229119,0.9980114024667517,3.033603614352282,0.30095701682646986
test/algebra/1332.json|64,20,9,0.7359711486215643,0.9962880659437969,3.8217415780604367,0.5138373783391353
test/algebra/1332.json|64,20,10,0.9988821524285234,0.9999983820414365,1.2045802660493876,0.03343422754418881
test/algebra/1332.json|64,20,11,0.9975333492884841,0.9999923930210064,1.3058012338565006,0.049665387459636924
test/algebra/1332.json|64,20,12,0.8821277085569971,0.9968782087764378,3.4528138440135017,0.3433253434324401
test/algebra/1332.json|64,20,13,0.9166637574839427,0.9967879255184865,3.269526898692351,0.28868017340312324
test/algebra/1332.json|64,20,14,0.9864147700119061,0.9994838527667357,2.001930098463382,0.11655569479049001
test/algebra/1332.json|64,20,15,0.9682353343971929,0.999547142820768,2.142830285754676,0.1782264447348011
test/algebra/1332.json|64,20,16,0.9466047731077082,0.999746098274855,2.5076497876497466,0.23107407230646154
test/algebra/1332.json|64,20,17,0.9573067294545369,0.9988191658762978,2.7329763136671934,0.20662349949960465
test/algebra/1332.json|64,20,18,0.9938653994479226,0.9998428223864926,1.7785664783961013,0.07832369087369015
test/algebra/1332.json|64,20,19,0.9961322881979306,0.9998896672122362,1.6320564822016081,0.062190930223541045
test/algebra/1332.json|64,20,20,0.999999232262906,1.0,1.0129620396664543,0.0008762060796465455
test/algebra/1332.json|64,20,21,0.9999989559156255,1.0,1.0135080857407326,0.0010218044698047553
test/algebra/1332.json|64,20,22,0.8667427722922342,0.9996265563239558,2.625256508765145,0.3650441448753367
test/algebra/1332.json|64,20,23,0.7814033538792484,0.9995910914576412,2.641305186522558,0.46754320241101954
test/algebra/1332.json|64,20,24,0.9971722274458267,0.9999473561349084,1.4725247981336742,0.053176804663060795
test/algebra/1332.json|64,20,25,0.9993175263691446,0.9999710433531478,1.2840681233023306,0.026124196271950353
test/algebra/1332.json|64,20,26,0.73214757224451,0.990956144499846,4.1569165016942735,0.5175446142657558
test/algebra/1332.json|64,20,27,0.9683380771490796,0.9994456834917397,2.5441103670058967,0.17793797472973666
test/algebra/1332.json|64,20,28,0.9802523319501941,0.9999689649726772,1.775696856669581,0.1405263962741729
test/algebra/1332.json|64,20,29,0.9749970362431268,0.9999606879917347,1.8445700504394975,0.15812325495281573
test/algebra/1332.json|64,20,30,0.9549209008702341,0.999120924300464,2.5513825150627047,0.212318390936268
test/algebra/1332.json|64,20,31,0.9647036661822121,0.9995729187586854,2.432736045641941,0.18787318546771875
test/algebra/1332.json|64,21,0,0.9966387689551653,0.9997750222178681,1.6929786566191143,0.05797612478283329
test/algebra/1332.json|64,21,1,0.9989845417776881,0.9998989284139497,1.427772730320096,0.031866255228875894
test/algebra/1332.json|64,21,2,0.8357370599147832,0.9820646035920297,4.417167031746459,0.4052936467368034
test/algebra/1332.json|64,21,3,0.8934284125171934,0.9971281871139553,3.4222036677147023,0.3264530402413287
test/algebra/1332.json|64,21,4,0.9284967634800398,0.9955805549493216,3.382854769102185,0.2674008910231231
test/algebra/1332.json|64,21,5,0.9423086250053665,0.9949035144826083,3.3530590561362352,0.2401902891347473
test/algebra/1332.json|64,21,6,0.9158476209378934,0.9902305223266711,3.8157248245918547,0.29009029467065356
test/algebra/1332.json|64,21,7,0.8807255977174926,0.9945999239230323,3.5741863283581585,0.3453612634365751
test/algebra/1332.json|64,21,8,0.9983156935406364,0.9999036057356554,1.5054929421404029,0.04104030286637236
test/algebra/1332.json|64,21,9,0.9919594853894274,0.9997510166940808,1.8793329376555226,0.0896689166354353
test/algebra/1332.json|64,21,10,0.9989259704702625,0.9999634814329375,1.3693011189221438,0.032772389747124826
test/algebra/1332.json|64,21,11,0.9844346971461081,0.9998704121395365,1.8979261549484738,0.12476098289886908
test/algebra/1332.json|64,21,12,0.9990672274019791,0.9999920196764708,1.2458193662031276,0.030541326068475427
test/algebra/1332.json|64,21,13,0.9996823965134514,0.9999942709630386,1.1862502579807144,0.01782143334719838
test/algebra/1332.json|64,21,14,0.8692730245851098,0.9941172382089045,3.9175612751217845,0.36156185558613646
test/algebra/1332.json|64,21,15,0.8104238034099382,0.9883248314550709,4.139759634216644,0.4354034871128868
test/algebra/1332.json|64,21,16,0.9998422347004341,0.9999937533076599,1.153216435536288,0.012560465738415277
test/algebra/1332.json|64,21,17,0.999923657967671,0.9999938741941272,1.1201556246936966,0.008737392764948813
test/algebra/1332.json|64,21,18,0.9890451864658606,0.9997737401493947,1.9727014565090064,0.10466524511096989
test/algebra/1332.json|64,21,19,0.9708498879443075,0.9995921543637113,2.378723869566962,0.17073403894857203
test/algebra/1332.json|64,21,20,0.9525573213940485,0.9982845677506827,2.8865105248685703,0.21781340318252118
test/algebra/1332.json|64,21,21,0.9327550020512039,0.9983848641473116,3.1872021018565753,0.25931640508999065
test/algebra/1332.json|64,21,22,0.9998072726055145,0.9999586295734307,1.2137580993673835,0.01388262923532511
test/algebra/1332.json|64,21,23,0.9994646050357828,0.99996512152954,1.2882231437647003,0.02313860333332963
test/algebra/1332.json|64,21,24,0.9991942869961976,0.9999698112979137,1.319422069405001,0.028385084178180423
test/algebra/1332.json|64,21,25,0.9985623298493358,0.9999483188086589,1.4167271569980628,0.037916621034372315
test/algebra/1332.json|64,21,26,0.7771280976978696,0.9842310072182068,4.614961616121942,0.47209310766217544
test/algebra/1332.json|64,21,27,0.7918955823286954,0.9763411342273467,4.551876866991238,0.45618463112133073
test/algebra/1332.json|64,21,28,0.9241180988711917,0.9994417610276137,2.4969153484674624,0.2754666969504813
test/algebra/1332.json|64,21,29,0.9828521451019133,0.999534546258803,2.151635004179396,0.13094981824380925
test/algebra/1332.json|64,21,30,0.98435007096181,0.9995180645222311,2.2100539136591406,0.12509967641121203
test/algebra/1332.json|64,21,31,0.9914214314586888,0.9998475093162519,1.7850723595090692,0.09262056219496417
test/algebra/1332.json|64,22,0,0.9958733649265686,0.9999467054611532,1.5411702891489818,0.06423889066158725
test/algebra/1332.json|64,22,1,0.9950081651457606,0.9998270732330894,1.6891770327305657,0.07065291822875665
test/algebra/1332.json|64,22,2,0.9926967022509935,0.9995398162481655,1.8440484354528723,0.0854593338904915
test/algebra/1332.json|64,22,3,0.9956211813044701,0.9996522030691388,1.7263316990894568,0.06617264310521319
test/algebra/1332.json|64,22,4,0.7977902002815341,0.9945811576482724,3.8851867752242106,0.44967743963697565
test/algebra/1332.json|64,22,5,0.8308634022470696,0.9964118807350262,3.589224279290168,0.41126220073443465
test/algebra/1332.json|64,22,6,0.9399110976531705,0.9998222328678642,2.165220257543257,0.24513037826191494
test/algebra/1332.json|64,22,7,0.9503201804080675,0.9996455279611126,2.459031950555324,0.22288970274988582
test/algebra/1332.json|64,22,8,0.9862451894683193,0.9997371885846195,1.9352726481004718,0.11728090437782575
test/algebra/1332.json|64,22,9,0.9939939044982251,0.9997113598932262,1.7360239572478424,0.07749900323084735
test/algebra/1332.json|64,22,10,0.9603202501468616,0.9977154373759544,2.8726454343237746,0.1991977656830979
test/algebra/1332.json|64,22,11,0.9858317092251389,0.9990069087275558,2.2256786526586128,0.11903062956592789
test/algebra/1332.json|64,22,12,0.9999987419207724,0.9999998427400966,1.0216590152758973,0.0011216413096765507
test/algebra/1332.json|64,22,13,0.9999909990120706,0.999998957780345,1.0511487358829292,0.003000164650388659
test/algebra/1332.json|64,22,14,0.8453548532649346,0.985785352839462,4.349435917722003,0.39324947137290006
test/algebra/1332.json|64,22,15,0.9595509482413971,0.9987817976806609,2.787568887250211,0.20111949621705727
test/algebra/1332.json|64,22,16,0.999807102674611,0.9999971265784536,1.1406369163966448,0.01388874815773413
test/algebra/1332.json|64,22,17,0.9998017170067943,0.999997575343833,1.1410842242655725,0.014081299414673294
test/algebra/1332.json|64,22,18,0.9882853315391297,0.999985625432596,1.513724127948393,0.10823432200956555
test/algebra/1332.json|64,22,19,0.9774324878797678,0.9999791569523176,1.6430134951648918,0.1502248718429549
test/algebra/1332.json|64,22,20,0.7945738927027965,0.9948639145202628,3.9856881404668294,0.45323956943012317
test/algebra/1332.json|64,22,21,0.9170136833923975,0.9947688623690123,3.396767404199062,0.2880734569647167
test/algebra/1332.json|64,22,22,0.9972255565753944,0.9999914502882276,1.395995516772922,0.05267298571949044
test/algebra/1332.json|64,22,23,0.9951683204872628,0.9999871972934252,1.4772571842291728,0.06951028350350198
test/algebra/1332.json|64,22,24,0.9996210585802283,0.9999708442521609,1.259113433319764,0.019466417743685748
test/algebra/1332.json|64,22,25,0.99971102303116,0.9999560914249129,1.2450895632076742,0.01699932259944509
test/algebra/1332.json|64,22,26,0.9998830988357164,0.9999973115513369,1.1210115222055919,0.010812084178531207
test/algebra/1332.json|64,22,27,0.9999514531663107,0.9999983840166317,1.0906367073389829,0.00696755579017972
test/algebra/1332.json|64,22,28,0.9998571356329357,0.999990702477699,1.1536499900731438,0.011952588299792798
test/algebra/1332.json|64,22,29,0.9987275801835884,0.9999576265399666,1.3513096544912406,0.035670994048548385
test/algebra/1332.json|64,22,30,0.9803431923972885,0.9998917038069761,1.8009991491151425,0.14020273750077597
test/algebra/1332.json|64,22,31,0.9841253703509936,0.9995949108299442,1.948560612152358,0.1259945619818825
test/algebra/1332.json|64,24,0,0.888517749908342,0.9973600386872166,3.4948582773361325,0.33388957769247307
test/algebra/1332.json|64,24,1,0.9042711524114544,0.9971965905794579,3.3964195903768375,0.30940078795721515
test/algebra/1332.json|64,24,2,0.9998369495917449,0.9999942608610812,1.141355751130602,0.01276911932183069
test/algebra/1332.json|64,24,3,0.9996492549631437,0.9999779160532349,1.2204416718521498,0.018728188296156183
test/algebra/1332.json|64,24,4,0.8064289117218595,0.988422720890131,4.41886711821397,0.43996714454393127
test/algebra/1332.json|64,24,5,0.8130557110186584,0.9870991786704452,4.360028129015887,0.4323705459225242
test/algebra/1332.json|64,24,6,0.9974306756506771,0.9998615777432085,1.56166360580367,0.05068850312766089
test/algebra/1332.json|64,24,7,0.9995028393818038,0.9999645180660113,1.2873588834265517,0.02229709887398263
test/algebra/1332.json|64,24,8,0.8940063763216485,0.9996442370539519,2.48283560860253,0.3255666194165973
test/algebra/1332.json|64,24,9,0.9846266839186302,0.9995319628864116,2.067847970242535,0.12398917727515504
test/algebra/1332.json|64,24,10,0.9956244890049195,0.9998399374697867,1.654014493040987,0.066147645423556
test/algebra/1332.json|64,24,11,0.998348166025212,0.9999689618730677,1.4196405788674509,0.04064276042283501
test/algebra/1332.json|64,24,12,0.9965486105866433,0.9996295028008555,1.7052152458119267,0.05874852690371609
test/algebra/1332.json|64,24,13,0.9957522861202346,0.9998119745627495,1.6505144214646381,0.06517448795169328
test/algebra/1332.json|64,24,14,0.9788122205886987,0.9991149675093037,2.3863627577829556,0.14556022606227756
test/algebra/1332.json|64,24,15,0.9696293339601182,0.998147355832242,2.6522276550109747,0.17427181653922647
test/algebra/1332.json|64,24,16,0.9784452145527108,0.99969622386018,2.001534100175229,0.1468154809524158
test/algebra/1332.json|64,24,17,0.9716552886976406,0.999911421799064,1.8620786776348928,0.16835887651786996
test/algebra/1332.json|64,24,18,0.8851782444786401,0.9946867608097286,3.6956006258166654,0.33885359009660776
test/algebra/1332.json|64,24,19,0.9549625614264222,0.9947797895272165,3.098358601945159,0.21222025957381585
test/algebra/1332.json|64,24,20,0.9999876617239533,0.9999995708425723,1.0463881595581186,0.003512588226186162
test/algebra/1332.json|64,24,21,0.9999958771260762,0.9999997368378346,1.0320839632286583,0.0020304861299249234
test/algebra/1332.json|64,24,22,0.9999949248294743,0.9999997824926917,1.0343605115160015,0.0022528139128045405
test/algebra/1332.json|64,24,23,0.9998477716183719,0.9999997780927381,1.0857566359350794,0.012338086627516216
test/algebra/1332.json|64,24,24,0.9999974156572834,0.9999997846381069,1.0291823711405468,0.0016075891006737434
test/algebra/1332.json|64,24,25,0.9999836972248601,0.9999996081063668,1.0574933435625429,0.00403766951840598
test/algebra/1332.json|64,24,26,0.9914921104993143,0.9998575960788105,1.7289249097521528,0.09223822147399474
test/algebra/1332.json|64,24,27,0.9966608404549882,0.9999769336241258,1.4264951995294721,0.05778546136366698
test/algebra/1332.json|64,24,28,0.8363499394725278,0.9999727538981975,2.1724500823381483,0.4045368469342097
test/algebra/1332.json|64,24,29,0.892210046555846,0.999979532204622,1.9639326768209724,0.32831380331042126
test/algebra/1332.json|64,24,30,0.9442767135226984,0.9939844537005961,3.3220340436072724,0.23605780325441822
test/algebra/1332.json|64,24,31,0.7474965491364158,0.9828646102837049,4.767682997654582,0.5024972147819171
test/algebra/1332.json|64,25,0,0.9999909650355264,0.9999985156844079,1.05230289940742,0.003005821763440979
test/algebra/1332.json|64,25,1,0.9999937632158997,0.9999993831751989,1.0402997591099827,0.0024973554212961964
test/algebra/1332.json|64,25,2,0.9672452301771741,0.9999169752591075,1.8808711117454076,0.18098278874751014
test/algebra/1332.json|64,25,3,0.9644892793629082,0.999801985481744,2.0137177553246994,0.18844288428351924
test/algebra/1332.json|64,25,4,0.999641942513292,0.9999566891864148,1.2593503478025265,0.018922407000908473
test/algebra/1332.json|64,25,5,0.999858924492768,0.999966707844901,1.1923971724087596,0.011877521089519023
test/algebra/1332.json|64,25,6,0.9999756048367969,0.9999990143368402,1.065399909392674,0.004939145999367963
test/algebra/1332.json|64,25,7,0.9999207082001206,0.999998223605298,1.1020594833340391,0.008904594313017399
test/algebra/1332.json|64,25,8,0.9999991024404464,1.0,1.0162671021394487,0.0009473961967254507
test/algebra/1332.json|64,25,9,0.9999997110795225,1.0,1.0106441595190696,0.0005375132347602949
test/algebra/1332.json|64,25,10,0.9989919304516874,0.9999198296674958,1.4019814284871515,0.03175011099685421
test/algebra/1332.json|64,25,11,0.9985481784148229,0.9998606622845472,1.4669757956816898,0.03810277660718564
test/algebra/1332.json|64,25,12,0.999967776447053,0.9999962701390327,1.089785382889428,0.0056765793350365395
test/algebra/1332.json|64,25,13,0.9999519568549121,0.999994434025874,1.1049451702117337,0.006931316259404397
test/algebra/1332.json|64,25,14,0.8861720110048584,0.9991110769614759,2.8436143270281766,0.3373840378487719
test/algebra/1332.json|64,25,15,0.902982867109245,0.9972851975952695,3.4195704934397,0.31147573403197076
test/algebra/1332.json|64,25,16,0.9775235684688441,0.9999698967174386,1.7625009197057941,0.1499214178533403
test/algebra/1332.json|64,25,17,0.9768914220299535,0.9999373536228243,1.825158346586988,0.1520150583660925
test/algebra/1332.json|64,25,18,0.9996591193280236,0.9999927472197452,1.208737236641752,0.018462954042523946
test/algebra/1332.json|64,25,19,0.9999021068376821,0.9999923533412672,1.1345029506740063,0.009894097347302426
test/algebra/1332.json|64,25,20,0.9552489779970175,0.9985093919508483,2.7057798678025553,0.2115443736027563
test/algebra/1332.json|64,25,21,0.9579187862504824,0.9986487299690563,2.6937616612908113,0.20513706088739198
test/algebra/1332.json|64,25,22,0.9372184715170981,0.9919549453094234,3.5586348178284575,0.25056242432356424
test/algebra/1332.json|64,25,23,0.9644234421636215,0.9991849509752914,2.442249207844298,0.18861749080183013
test/algebra/1332.json|64,25,24,0.8262461347340646,0.9941239269157902,3.9884182278180202,0.4168379364524484
test/algebra/1332.json|64,25,25,0.7805256033308818,0.9922656030474141,4.029106639816724,0.4684809458976087
test/algebra/1332.json|64,25,26,0.9999533841135723,0.9999982241567075,1.0950984806805206,0.006827582766084687
test/algebra/1332.json|64,25,27,0.9997569411677483,0.9999943522451314,1.166136779912833,0.015590344199270592
test/algebra/1332.json|64,25,28,0.9999772277957525,0.9999982021944015,1.073746408362722,0.004772023077009586
test/algebra/1332.json|64,25,29,0.9999899282363233,0.9999991344578091,1.0520904731211482,0.003173604209212823
test/algebra/1332.json|64,25,30,0.9969652397606955,0.9999999299681488,1.252349898190728,0.055088657991500305
test/algebra/1332.json|64,25,31,0.9977737249821885,0.999999717465838,1.2323962302095006,0.047183418886421045
test/algebra/1332.json|64,26,0,0.9919512046676892,0.9999370019999195,1.6070304950404466,0.08971507862288726
test/algebra/1332.json|64,26,1,0.9810749257463854,0.9999512028968387,1.7715845641957928,0.13756843480106387
test/algebra/1332.json|64,26,2,0.9999947506498333,0.9999995776384923,1.0344942178704364,0.002291146037828753
test/algebra/1332.json|64,26,3,0.9999944122673827,0.9999997206133692,1.0386820427317494,0.0023638385345183255
test/algebra/1332.json|64,26,4,0.990133600127605,0.9998093120990607,1.7853145391582106,0.09932975320816526
test/algebra/1332.json|64,26,5,0.9969501408339365,0.9997708553795079,1.6314596440108966,0.055225530020666026
test/algebra/1332.json|64,26,6,0.8976414516440202,0.999901953052939,2.3092758036130783,0.31993522525033063
test/algebra/1332.json|64,26,7,0.9230285617432493,0.9993435252490462,2.5385347396585263,0.2774372690478889
test/algebra/1332.json|64,26,8,0.9913169327112951,0.9995847343618469,1.9046370405186568,0.0931829774621145
test/algebra/1332.json|64,26,9,0.9578540631230218,0.9991335161309824,2.3978769007639515,0.20529475608738332
test/algebra/1332.json|64,26,10,0.9986208539619297,0.9999892165536118,1.3563343884328616,0.03713685552211337
test/algebra/1332.json|64,26,11,0.9997502700356774,0.9999707950394768,1.2226279844100432,0.01580284671578504
test/algebra/1332.json|64,26,12,0.9999755095764719,0.9999995224708504,1.0598692988788854,0.004948780004015649
test/algebra/1332.json|64,26,13,0.9999930782592669,0.9999997933808736,1.0367546587331629,0.002630920130512244
test/algebra/1332.json|64,26,14,0.992771745265283,0.9999389913617452,1.6118101983323863,0.08501914334264371
test/algebra/1332.json|64,26,15,0.9890710236948959,0.9997824841703957,1.8869690358757205,0.10454174431825855
test/algebra/1332.json|64,26,16,0.9999993459419733,1.0,1.0144787153986985,0.0008087385404065406
test/algebra/1332.json|64,26,17,0.9999992893679497,1.0,1.0154376324257839,0.0008429899467466094
test/algebra/1332.json|64,26,18,0.998453635338684,0.9998609473946475,1.4854462566863642,0.03932384341994013
test/algebra/1332.json|64,26,19,0.9991630621475057,0.9998823881112222,1.3935825808450302,0.02892987819701769
test/algebra/1332.json|64,26,20,0.9987101086353515,0.9999349873040198,1.3775663949229757,0.035915057631145754
test/algebra/1332.json|64,26,21,0.999740744213106,0.9999871632855296,1.1954931009368404,0.016101421890442103
test/algebra/1332.json|64,26,22,0.9932370547718379,0.999912302078295,1.7469118745597991,0.08223712803936017
test/algebra/1332.json|64,26,23,0.9951188085688589,0.9995664413611941,1.7699867930408961,0.06986552390944388
test/algebra/1332.json|64,26,24,0.9996114544601434,0.9999799928993908,1.2472160987957983,0.019711558534437765
test/algebra/1332.json|64,26,25,0.9997089713525156,0.9999827405006582,1.2184259291991777,0.017059561761206703
test/algebra/1332.json|64,26,26,0.9999554445699365,0.999998492839575,1.090155282297968,0.006674985398002157
test/algebra/1332.json|64,26,27,0.9999883256109682,0.9999995622104113,1.0510153514548692,0.003416780506825662
test/algebra/1332.json|64,26,28,0.9999890831286053,0.999999706929627,1.0456494031383996,0.0033040689149366398
test/algebra/1332.json|64,26,29,0.9999892728518491,0.9999997896637618,1.0428880211694782,0.003275232533862079
test/algebra/1332.json|64,26,30,0.9955900267744763,0.9997462678164548,1.7138938279563996,0.06640762927197237
test/algebra/1332.json|64,26,31,0.9958712140562774,0.999712788696067,1.7231314733264635,0.06425562966559871
test/algebra/1332.json|64,28,0,0.9965677714926778,0.9999603746015348,1.507278098474427,0.05858522430888326
test/algebra/1332.json|64,28,1,0.9995883903773773,0.9999800360525404,1.2505693868256231,0.02028816459472505
test/algebra/1332.json|64,28,2,0.990927534987531,0.9999509369341989,1.7459906196162893,0.09524948825305601
test/algebra/1332.json|64,28,3,0.9905773088932784,0.9999384888621764,1.7853929672905011,0.09707054706099867
test/algebra/1332.json|64,28,4,0.7885684700437225,0.9996127803132617,2.9341926749967424,0.4598168439240536
test/algebra/1332.json|64,28,5,0.775678165004245,0.9971078392919862,3.8665882424846965,0.47362626088061777
test/algebra/1332.json|64,28,6,0.9883153803004138,0.9997394951116889,1.8748957031246523,0.10809541942000239
test/algebra/1332.json|64,28,7,0.9950803692437359,0.9999382655135904,1.5877549590488798,0.07014007952849864
test/algebra/1332.json|64,28,8,0.9994156844443984,0.9999830789703553,1.2598771947244196,0.0241726199573312
test/algebra/1332.json|64,28,9,0.999815872561742,0.9999918937605798,1.1654511195823272,0.013569356589684691
test/algebra/1332.json|64,28,10,0.999921981893015,0.9999975646521788,1.1116893600841447,0.008832785913008703
test/algebra/1332.json|64,28,11,0.9999746401122047,0.9999991451723215,1.0704228524732924,0.005035860184247008
test/algebra/1332.json|64,28,12,0.9999996715206606,1.0,1.0114718491662547,0.0005731311711950357
test/algebra/1332.json|64,28,13,0.9999997232650008,1.0,1.0104611791543774,0.0005260560799471917
test/algebra/1332.json|64,28,14,0.9999632847428216,0.9999991026821056,1.0738560464278772,0.006059311609284522
test/algebra/1332.json|64,28,15,0.9998887790869668,0.9999987408953241,1.1024878267962661,0.010546132610259178
test/algebra/1332.json|64,28,16,0.998886641499689,0.9999715357578445,1.362148125603697,0.03336702714224064
test/algebra/1332.json|64,28,17,0.9998871269919395,0.9999951341485748,1.1278134324648128,0.010624170935207605
test/algebra/1332.json|64,28,18,0.9552605515393278,0.9982889682238774,2.800908152030227,0.21151701695294456
test/algebra/1332.json|64,28,19,0.8117119793740778,0.9965701713788349,3.5157011677661125,0.4339216756811328
test/algebra/1332.json|64,28,20,1.0,1.0,1.004937824901407,0.0
test/algebra/1332.json|64,28,21,1.0,1.0,1.0046551111576,0.0
test/algebra/1332.json|64,28,22,0.7797373036047175,0.99884456354856,3.359549118806787,0.469321527734753
test/algebra/1332.json|64,28,23,0.8180187324857339,0.9952936488923652,4.03328218898233,0.4265926247771592
test/algebra/1332.json|64,28,24,1.0,1.0,1.0025925632014547,0.0
test/algebra/1332.json|64,28,25,1.0,1.0,1.003844554063026,0.0
test/algebra/1332.json|64,28,26,0.9734249085638984,0.9981413441576445,2.5984018143770666,0.16301868431594457
test/algebra/1332.json|64,28,27,0.9812333315391089,0.998031597674133,2.4089843494173295,0.13699149046890155
test/algebra/1332.json|64,28,28,1.0,1.0,1.0028939653718738,0.0
test/algebra/1332.json|64,28,29,1.0,1.0,1.002686976169407,0.0
test/algebra/1332.json|64,28,30,0.9946314938858338,0.999956505362607,1.6742091830442982,0.07327009017441
test/algebra/1332.json|64,28,31,0.9968294941789099,0.9999638780137011,1.5449507230295074,0.05630724483661166
test/algebra/1332.json|64,29,0,0.999726652599494,0.9999995676251179,1.1200154655881418,0.016533221117072033
test/algebra/1332.json|64,29,1,0.9998734728373607,0.999991914499106,1.148457476889373,0.011248429340991493
test/algebra/1332.json|64,29,2,0.9999973951703177,0.9999999035248266,1.0240946865473302,0.0016139484757217257
test/algebra/1332.json|64,29,3,0.9999980864944261,0.9999999264036318,1.0242574151723196,0.0013832951868204386
test/algebra/1332.json|64,29,4,0.9935398628402974,0.999870879654126,1.668812042407733,0.08037497844293719
test/algebra/1332.json|64,29,5,0.9990549822559346,0.9999565392131853,1.3557555488986002,0.030741140903769542
test/algebra/1332.json|64,29,6,0.984014569763068,0.9989824555697931,2.240947645254398,0.12643350124445654
test/algebra/1332.json|64,29,7,0.9591625483112589,0.9995622929428398,2.4756745790809336,0.20208278424631101
test/algebra/1332.json|64,29,8,0.9696190347349708,0.9999995065244169,1.581187812462081,0.17430136334816548
test/algebra/1332.json|64,29,9,0.9982448045608621,0.9999980154825436,1.2957996621575072,0.041895052680930425
test/algebra/1332.json|64,29,10,0.9992561785902756,0.9999631396032577,1.3333092716440165,0.02727308947890574
test/algebra/1332.json|64,29,11,0.9989574035683326,0.9999610774075891,1.3513309183621718,0.03228926186315468
test/algebra/1332.json|64,29,12,0.9992035549076888,0.9999779223212644,1.311945952737273,0.028221358796330993
test/algebra/1332.json|64,29,13,0.9992040874023526,0.9999932073380424,1.263278114687783,0.02821192296968502
test/algebra/1332.json|64,29,14,0.9995550450309659,0.9999781052644939,1.2602644791951945,0.021093955746470897
test/algebra/1332.json|64,29,15,0.9992914960067539,0.9999528192147621,1.3359117158438165,0.026617738319512946
test/algebra/1332.json|64,29,16,0.9998499863527408,0.9999980750461193,1.1345025787550178,0.012248005848267508
test/algebra/1332.json|64,29,17,0.9999804131068525,0.9999990672908025,1.06308176945611,0.0044257082085826975
test/algebra/1332.json|64,29,18,0.9882507590297454,0.9999398575017757,1.693627022671562,0.10839391574371067
test/algebra/1332.json|64,29,19,0.972117917045297,0.9999006576616816,1.8861477183121476,0.16697928899927367
test/algebra/1332.json|64,29,20,0.9998866467778308,0.9999975841171745,1.1173547981625362,0.010646747022880283
test/algebra/1332.json|64,29,21,0.9998792529297053,0.9999979825050912,1.1101358772715229,0.010988497180904522
test/algebra/1332.json|64,29,22,0.6853898176584593,0.9937699366090035,3.7913573483758225,0.5609012233375327
test/algebra/1332.json|64,29,23,0.9625435075951261,0.9984985266600397,2.592609227997302,0.19353679858071932
test/algebra/1332.json|64,29,24,0.8811993897842643,0.9993447873208008,2.554708567997162,0.34467464399885256
test/algebra/1332.json|64,29,25,0.9610152237041986,0.9994366387267665,2.2525712390820436,0.197445628707757
test/algebra/1332.json|64,29,26,0.9612952872790681,0.9977109448703326,2.7640735429891374,0.19673513341783133
test/algebra/1332.json|64,29,27,0.9441759008451724,0.9991349588273045,2.592319033984605,0.2362712406426723
test/algebra/1332.json|64,29,28,0.9998771140611974,0.9999840449731915,1.160142890543633,0.01108539303780467
test/algebra/1332.json|64,29,29,0.9998169392517483,0.999989840128472,1.1799081490719052,0.013529994392153143
test/algebra/1332.json|64,29,30,0.8891338524131243,0.9987055980232866,2.927147771171131,0.33296568529936493
test/algebra/1332.json|64,29,31,0.9805107589273281,0.998657410416067,2.4021452795004326,0.13960387198309335
test/algebra/1332.json|64,30,0,0.9042331108165388,0.9854876489382732,4.138285325363632,0.30946225809209954
test/algebra/1332.json|64,30,1,0.7325082763101687,0.9907341334357057,4.560111058607767,0.5171960205665076
test/algebra/1332.json|64,30,2,0.9996874384379474,0.9999950126944738,1.1877979787507487,0.017679410681711527
test/algebra/1332.json|64,30,3,0.9997701796359428,0.9999991031983713,1.1423329624709917,0.015159827309608938
test/algebra/1332.json|64,30,4,0.960134433620678,0.997798369583805,2.692613896826861,0.19966363309156238
test/algebra/1332.json|64,30,5,0.9451135570701428,0.9995962668521452,2.4764272581659346,0.2342785584082701
test/algebra/1332.json|64,30,6,0.9872642569584137,0.9994030721838286,2.0873689463495695,0.11285274937539763
test/algebra/1332.json|64,30,7,0.9957208746826389,0.9997217510070535,1.7343459888168065,0.06541502363647878
test/algebra/1332.json|64,30,8,0.9882728392722957,0.9979020544804438,2.3294459903842855,0.10829201599242809
test/algebra/1332.json|64,30,9,0.9512559526437728,0.9943614200323511,3.2876566825437137,0.22078054116300008
test/algebra/1332.json|64,30,10,0.9999627911292749,0.9999972630953232,1.086433089772275,0.006099907435782441
test/algebra/1332.json|64,30,11,0.9999701811374726,0.999996838989838,1.0812789224271178,0.005460665026111529
test/algebra/1332.json|64,30,12,0.9923184128596375,0.9996003254306365,1.886415079545331,0.08764466407239227
test/algebra/1332.json|64,30,13,0.9266826927499235,0.9979470988398598,2.9474755790027722,0.27077168842047805
test/algebra/1332.json|64,30,14,0.9864227714583087,0.9996782132788431,1.992832425760992,0.11652136517262103
test/algebra/1332.json|64,30,15,0.9778961428171778,0.9992184640511085,2.2386448649718225,0.14867366001690466
test/algebra/1332.json|64,30,16,0.9849222334847197,0.9997872067024077,1.8399880781450932,0.12279155718240671
test/algebra/1332.json|64,30,17,0.9723075465347487,0.9998390151782995,2.0173911652440175,0.16641049686017792
test/algebra/1332.json|64,30,18,0.9744310721639364,0.9977045520193221,2.6280351405565394,0.15990287000571182
test/algebra/1332.json|64,30,19,0.9977749337402495,0.9998541966852654,1.5220263536066752,0.047170608007004705
test/algebra/1332.json|64,30,20,0.9999888885027705,1.0,1.031028168336047,0.0033333912505950167
test/algebra/1332.json|64,30,21,0.9999950156331108,1.0,1.0258535828064628,0.0022325695709712783
test/algebra/1332.json|64,30,22,0.9999901719564566,0.9999994436956485,1.051661706065392,0.003134971059425611
test/algebra/1332.json|64,30,23,0.9999314795361701,0.9999992482080771,1.086976540428616,0.008277708851480568
test/algebra/1332.json|64,30,24,0.9989752049245334,0.999999908048894,1.168389456012575,0.03201242064365955
test/algebra/1332.json|64,30,25,0.9991381447553613,0.9999998654822468,1.158484979917755,0.0293573712147165
test/algebra/1332.json|64,30,26,0.8819307502095993,0.9986784663955994,2.9244994441619045,0.34361206292911295
test/algebra/1332.json|64,30,27,0.9748828085822686,0.9978138402997225,2.5363857078904126,0.15848404152384363
test/algebra/1332.json|64,30,28,0.9582336623821627,0.9989344059313067,2.5086180760281493,0.2043681423750711
test/algebra/1332.json|64,30,29,0.9729249876639126,0.9985975386141848,2.4720501680781894,0.16454486420453068
test/algebra/1332.json|64,30,30,0.990878785354864,0.9997596472802454,1.8403000112840977,0.09550505036455426
test/algebra/1332.json|64,30,31,0.9791391513242453,0.9989613072061119,2.437656304871268,0.14443285178848564
test/counting_and_probability/119.json|128,0,0,0.9985489132213484,0.9999149700400936,1.4208991399194086,0.038093132959256294
test/counting_and_probability/119.json|128,0,1,0.9935824715143494,0.9999216973495497,1.6116601418311258,0.08010947812619042
test/counting_and_probability/119.json|128,0,2,0.8418905293575357,0.9890405610785412,4.214139124489903,0.3976298160883616
test/counting_and_probability/119.json|128,0,3,0.8601470072194137,0.9934829354966843,3.8228916529077415,0.373969240420367
test/counting_and_probability/119.json|128,0,4,0.9874119399594299,0.9997103679300213,1.9509309106364274,0.11219652419112686
test/counting_and_probability/119.json|128,0,5,0.9958865251942937,0.9998570562148906,1.6410015556108992,0.06413637661815906
test/counting_and_probability/119.json|128,0,6,0.9831431566887218,0.9993469383123158,2.2277649247335534,0.1298339066318126
test/counting_and_probability/119.json|128,0,7,0.982153696247109,0.9995173993053456,2.209193229153644,0.13359005858555112
test/counting_and_probability/119.json|128,0,8,0.819643741445512,0.9965347859796884,3.6923723651475737,0.42468371590453996
test/counting_and_probability/119.json|128,0,9,0.7690273528721929,0.9961052714664642,3.9388054984002343,0.4805961372377093
test/counting_and_probability/119.json|128,0,10,0.9999202724725744,0.9999944808634137,1.1243874041065136,0.008929027238483322
test/counting_and_probability/119.json|128,0,11,0.9999019794745835,0.9999918486049549,1.139869496546124,0.009900531572421758
test/counting_and_probability/119.json|128,0,12,0.9998361773563823,0.9999987032508421,1.1388533238693708,0.012799321998359712
test/counting_and_probability/119.json|128,0,13,0.9998163378552044,0.9999971036581989,1.1485560197860738,0.013552200736249197
test/counting_and_probability/119.json|128,0,14,0.6737387182269217,0.9911807769095506,4.308971310758369,0.5711928586502797
test/counting_and_probability/119.json|128,0,15,0.7555028010046038,0.9932914569338366,4.164643740215077,0.4944665802613926
test/counting_and_probability/119.json|128,0,16,0.6753525627767529,0.9720594545253203,4.9277041499695695,0.5697784106328065
test/counting_and_probability/119.json|128,0,17,0.5585289664493921,0.9573959746594537,5.898502445312797,0.6644328660975524
test/counting_and_probability/119.json|128,0,18,0.9828650444438467,0.9995803203565684,2.1346293662110822,0.13090055598107023
test/counting_and_probability/119.json|128,0,19,0.9833872391908769,0.999389212803785,2.198327225642957,0.12889049929736135
test/counting_and_probability/119.json|128,0,20,0.9999497015573341,0.9999952059296834,1.1095757139396722,0.007092139498480561
test/counting_and_probability/119.json|128,0,21,0.9999074965093647,0.9999930007583773,1.1373298395218652,0.009617873498610605
test/counting_and_probability/119.json|128,0,22,0.9084148876624591,0.9941832599607423,3.5180447412276616,0.30263032289831904
test/counting_and_probability/119.json|128,0,23,0.9642579718789241,0.9953334520531704,3.095259802445382,0.1890556217653309
test/counting_and_probability/119.json|128,0,24,0.9770418249739089,0.9983082352720588,2.454528035181185,0.15151955327973712
test/counting_and_probability/119.json|128,0,25,0.9649223180751965,0.9970093707459322,2.8788733926269043,0.18729036794454632
test/counting_and_probability/119.json|128,0,26,0.8393285785441085,0.9806598844701977,4.4381779107049475,0.4008383981804781
test/counting_and_probability/119.json|128,0,27,0.7574522883986206,0.9707862349575096,5.185590900286495,0.49249133149871727
test/counting_and_probability/119.json|128,0,28,0.7458676924792137,0.9932510613999971,4.233268747584874,0.5041153712403404
test/counting_and_probability/119.json|128,0,29,0.7687077766765774,0.9912683375606988,4.305738461507332,0.48092850125920233
test/counting_and_probability/119.json|128,0,30,0.9912530446150057,0.9997444157026777,1.789238676194574,0.09352515910167841
test/counting_and_probability/119.json|128,0,31,0.9927840365640473,0.9997642821394099,1.7514604063751467,0.08494682710939035
test/counting_and_probability/119.json|128,1,0,0.9749074864243263,0.998670450488768,2.436747940533773,0.15840616646984945
test/counting_and_probability/119.json|128,1,1,0.9664676028007533,0.9991152128037031,2.5236736189565643,0.18311853319434032
test/counting_and_probability/119.json|128,1,2,0.8397376331249722,0.9963911034017666,3.800820178326272,0.40032782425785474
test/counting_and_probability/119.json|128,1,3,0.896890425640369,0.9963788992293651,3.271390082751546,0.32110679587892715
test/counting_and_probability/119.json|128,1,4,0.9137676952331366,0.9865109215821665,4.139591848363277,0.29365337520087076
test/counting_and_probability/119.json|128,1,5,0.7607797584053294,0.9574073978433166,5.466253681691779,0.4891014634967581
test/counting_and_probability/119.json|128,1,6,0.7208486663006012,0.981120328808367,4.717527885167285,0.5283477393719016
test/counting_and_probability/119.json|128,1,7,0.6907835050538691,0.9934477392165857,4.1479919496807245,0.5560723828299072
test/counting_and_probability/119.json|128,1,8,0.821441083181218,0.9969785868635077,3.5825578627468784,0.4225623229995571
test/counting_and_probability/119.json|128,1,9,0.7911262895250686,0.9981383315716493,3.232419750966537,0.4570270347309133
test/counting_and_probability/119.json|128,1,10,0.9012561590741598,0.99974532471529,2.515858650968598,0.31423532730398124
test/counting_and_probability/119.json|128,1,11,0.8955346561471824,0.9992078186030878,2.6648492274845053,0.32321098968447465
test/counting_and_probability/119.json|128,1,12,0.6429567043703447,0.9684205861166516,5.484134217406551,0.5975309997227385
test/counting_and_probability/119.json|128,1,13,0.5879890862168075,0.9978103195748742,3.6163948732631925,0.6418807629016409
test/counting_and_probability/119.json|128,1,14,0.9467087683767181,0.9981751930783979,2.8806413557992663,0.230848936803447
test/counting_and_probability/119.json|128,1,15,0.9477798816308655,0.9937014347155921,3.217946335127145,0.22851721678931444
test/counting_and_probability/119.json|128,1,16,0.9753207628750432,0.999730147506586,2.214278954780638,0.15709626706245056
test/counting_and_probability/119.json|128,1,17,0.8293606094678218,0.9989650670518043,2.9206886415696665,0.4130852097717591
test/counting_and_probability/119.json|128,1,18,0.8558345325103607,0.9913754892320352,3.973722856504603,0.37969127918565543
test/counting_and_probability/119.json|128,1,19,0.7440699097563628,0.9690001949997562,5.106235945826585,0.5058953352657417
test/counting_and_probability/119.json|128,1,20,0.9421099723413586,0.9948780097368878,3.2928411542946017,0.24060346559981502
test/counting_and_probability/119.json|128,1,21,0.9090288995734762,0.995283597227298,3.4701711833960274,0.30161415819971676
test/counting_and_probability/119.json|128,1,22,0.7817466680611564,0.994951282061044,3.9345837608373397,0.4671759111286064
test/counting_and_probability/119.json|128,1,23,0.7824177639946404,0.9695297799486332,5.146015951321291,0.4664571105743374
test/counting_and_probability/119.json|128,1,24,0.8702309567132439,0.9958570707554858,3.7445989678835603,0.36023470583323325
test/counting_and_probability/119.json|128,1,25,0.7569448112337104,0.9980153675332866,3.5553049587513903,0.4930062765992839
test/counting_and_probability/119.json|128,1,26,0.9648515863110543,0.9992719112230194,2.4602311832420023,0.18747910200591886
test/counting_and_probability/119.json|128,1,27,0.9543703176256398,0.9990476061976541,2.5812963112220944,0.21361105396107233
test/counting_and_probability/119.json|128,1,28,0.7516468829999365,0.9697051573390268,5.101197699245602,0.4983503958060668
test/counting_and_probability/119.json|128,1,29,0.8835678814334504,0.9941507312017331,3.802923111731095,0.3412215095309051
test/counting_and_probability/119.json|128,1,30,0.7729303878852175,0.9816928156714462,4.969877657545639,0.47651821803031047
test/counting_and_probability/119.json|128,1,31,0.6612952900754335,0.9814498537653221,4.703285395471466,0.5819834275342954
test/counting_and_probability/119.json|128,2,0,0.9839918175427881,0.9996779320252284,2.0917612469294,0.1265234462746408
test/counting_and_probability/119.json|128,2,1,0.9836938345342178,0.9996647456423504,2.1328072653063703,0.12769559689269724
test/counting_and_probability/119.json|128,2,2,0.9984166452406602,0.9998211064064302,1.5256966244795362,0.039791390517796614
test/counting_and_probability/119.json|128,2,3,0.9998227644122403,0.9999895289920167,1.183249689577296,0.013312985681646608
test/counting_and_probability/119.json|128,2,4,0.9558872787996945,0.9982159352247787,2.5906830899259665,0.21003028638819096
test/counting_and_probability/119.json|128,2,5,0.9632175534939558,0.9984277163693309,2.6237896293867027,0.19178750351898383
test/counting_and_probability/119.json|128,2,6,0.9968793341251659,0.9998302258178557,1.5967926354915347,0.05586292039299468
test/counting_and_probability/119.json|128,2,7,0.9974823907802542,0.999923747679082,1.489983472364519,0.05017578320012308
test/counting_and_probability/119.json|128,2,8,0.8792447983008137,0.9897555383509223,4.047609110675398,0.3474984916502319
test/counting_and_probability/119.json|128,2,9,0.8315278004624723,0.9959160797133836,3.78318379683619,0.41045365090047337
test/counting_and_probability/119.json|128,2,10,0.8872223815369672,0.9967930599116714,3.144837829679834,0.33582379079367325
test/counting_and_probability/119.json|128,2,11,0.9851798519821263,0.9998303475647164,1.9016780362125987,0.12173803028583008
test/counting_and_probability/119.json|128,2,12,0.9674613460626362,0.9988940082265626,2.383220224322397,0.180384738648711
test/counting_and_probability/119.json|128,2,13,0.7221661472139084,0.9940923632712018,3.7685306979469884,0.5270994714340849
test/counting_and_probability/119.json|128,2,14,0.9911143569043924,0.9996781280239395,1.86065978608855,0.09426368916824535
test/counting_and_probability/119.json|128,2,15,0.980590277936158,0.9996345054485339,2.0656419269380137,0.1393187785757611
test/counting_and_probability/119.json|128,2,16,0.7424022118790498,0.9944959810796709,3.9480677617223687,0.5075409226071828
test/counting_and_probability/119.json|128,2,17,0.6645825342774394,0.9774336884659593,4.875795896273117,0.5791523683130033
test/counting_and_probability/119.json|128,2,18,0.7456571945026241,0.9967702100933103,3.578991434357868,0.5043241075909181
test/counting_and_probability/119.json|128,2,19,0.7833180433110837,0.9981027248253445,3.1209779569636216,0.4654910919544179
test/counting_and_probability/119.json|128,2,20,0.821405240670839,0.9980147213919092,3.259162546905988,0.4226047317874719
test/counting_and_probability/119.json|128,2,21,0.9630545823317372,0.9974655495898755,2.89047933439229,0.1922119082374002
test/counting_and_probability/119.json|128,2,22,0.8901751170851956,0.996685711165426,3.3828003283989037,0.3313983749429143
test/counting_and_probability/119.json|128,2,23,0.8267023967392481,0.994121896369287,3.8826671283733383,0.4162902872524796
test/counting_and_probability/119.json|128,2,24,0.9898118257098137,0.9999811588324706,1.5970997036205448,0.10093648641688623
test/counting_and_probability/119.json|128,2,25,0.6995484630811287,0.9999631881063226,2.246276503863497,0.5481345974474439
test/counting_and_probability/119.json|128,2,26,0.9097378418538287,0.995617202493889,3.5600520025190434,0.3004366125261223
test/counting_and_probability/119.json|128,2,27,0.7696406409010754,0.9973622925525947,3.299233932932439,0.47995766386101657
test/counting_and_probability/119.json|128,2,28,0.9873586169096109,0.9996000653444318,2.01077037258927,0.1124339054306533
test/counting_and_probability/119.json|128,2,29,0.9964912280701754,0.9999358460014891,1.5018893120619023,0.05923488777590933
test/counting_and_probability/119.json|128,2,30,0.9934026207435287,0.9997829379468562,1.7440509122826406,0.08122425288342948
test/counting_and_probability/119.json|128,2,31,0.9950717505483386,0.9999500188952957,1.6562912481310093,0.07020149180509892
test/counting_and_probability/119.json|128,4,0,0.8086892279945276,0.9960128756409541,3.7746228713230865,0.43739086868094584
test/counting_and_probability/119.json|128,4,1,0.7218384049894372,0.9950268585885272,4.1466659685198985,0.5274102719994774
test/counting_and_probability/119.json|128,4,2,0.750731715942849,0.9957030697411232,3.85640399134671,0.4992677478639602
test/counting_and_probability/119.json|128,4,3,0.7318758654976989,0.9956380523825444,3.8209348184736265,0.5178070436970716
test/counting_and_probability/119.json|128,4,4,0.9408099722640999,0.995970366363946,3.1924001718929276,0.24329000747235818
test/counting_and_probability/119.json|128,4,5,0.9409006730335036,0.9971982287691067,3.1315445254082572,0.24310353137397336
test/counting_and_probability/119.json|128,4,6,0.980855006435333,0.9997835915327042,1.9630762221306681,0.1383654348624216
test/counting_and_probability/119.json|128,4,7,0.8856939119899904,0.9978026351033337,3.374077761771258,0.33809183369316925
test/counting_and_probability/119.json|128,4,8,0.9000388584962188,0.9998335750171069,2.605767334015044,0.31616631936969697
test/counting_and_probability/119.json|128,4,9,0.9636901479515178,0.9999557209631844,2.0031817245141097,0.19055144200053237
test/counting_and_probability/119.json|128,4,10,0.9995025588514724,0.9999904984229782,1.2519890933740585,0.022303388722962402
test/counting_and_probability/119.json|128,4,11,0.9929085997975088,0.9999789626201825,1.5216107320565972,0.08421045186015341
test/counting_and_probability/119.json|128,4,12,0.8736378108276678,0.9978055892508673,3.071173397899166,0.3554745970844221
test/counting_and_probability/119.json|128,4,13,0.9622919152099944,0.994615820144812,3.0740465266456667,0.1941856966668906
test/counting_and_probability/119.json|128,4,14,0.8805583348274874,0.9940745613403674,3.6238291994509093,0.34560333501358553
test/counting_and_probability/119.json|128,4,15,0.7269367485907784,0.995978324943826,3.839346708606756,0.5225545439561516
test/counting_and_probability/119.json|128,4,16,0.9310677567690001,0.9973457986739616,2.842105226318231,0.26254950624786916
test/counting_and_probability/119.json|128,4,17,0.9275351183302227,0.9992997615651585,2.5505631185435473,0.2691930193555867
test/counting_and_probability/119.json|128,4,18,0.9972108697556075,0.9999570127063562,1.410735506424281,0.05281221681005764
test/counting_and_probability/119.json|128,4,19,0.9964417946885687,0.9999007720934852,1.5174195552576208,0.05965069414039748
test/counting_and_probability/119.json|128,4,20,0.9189577586409916,0.9998262303060752,2.2477785655204,0.284679190245807
test/counting_and_probability/119.json|128,4,21,0.8524678808193307,0.9998712333271922,2.72981271058632,0.38409910072879544
test/counting_and_probability/119.json|128,4,22,0.7569080758279383,0.9978781783995845,3.671631277474857,0.493043531721147
test/counting_and_probability/119.json|128,4,23,0.7595411481562581,0.9935070911250621,4.243286682790666,0.4903660386321038
test/counting_and_probability/119.json|128,4,24,0.9136615566346373,0.9971838407596302,3.24236122318844,0.2938340405149864
test/counting_and_probability/119.json|128,4,25,0.8923112551419864,0.9961197765509092,3.320256401632162,0.32815963319398933
test/counting_and_probability/119.json|128,4,26,0.9809434686104185,0.9993702901926397,2.231971407899011,0.1380453961187461
test/counting_and_probability/119.json|128,4,27,0.9678881581578522,0.9996672589027465,2.348073622317512,0.17919777298322592
test/counting_and_probability/119.json|128,4,28,0.8830197657431286,0.9999459817738228,2.1560795146310348,0.3420237334701664
test/counting_and_probability/119.json|128,4,29,0.9527079178243365,0.9999626976769209,1.9417335040711479,0.21746742784992767
test/counting_and_probability/119.json|128,4,30,0.7199704157116507,0.9946661845711002,3.8833744275739135,0.5291782159994394
test/counting_and_probability/119.json|128,4,31,0.6454100840948149,0.9889034548297253,4.692568540961313,0.5954745300222211
test/counting_and_probability/119.json|128,5,0,0.9960075833925202,0.9999701726756444,1.4902668474076897,0.06318557277955027
test/counting_and_probability/119.json|128,5,1,0.9983718595879199,0.9999475454576302,1.4510720838477227,0.04035022195825133
test/counting_and_probability/119.json|128,5,2,0.7980327131381376,0.996266821354461,4.028418418756635,0.449407706722818
test/counting_and_probability/119.json|128,5,3,0.8044320691644404,0.9941354685502531,3.8745216562883282,0.4422306308201181
test/counting_and_probability/119.json|128,5,4,0.9796150127201083,0.9998709124753336,1.8573753838430973,0.14277600386581663
test/counting_and_probability/119.json|128,5,5,0.9612364216798227,0.9997908293919228,2.083400962399592,0.19688468279725901
test/counting_and_probability/119.json|128,5,6,0.8207459862094019,0.980050638366015,4.472905389317455,0.4233840027570694
test/counting_and_probability/119.json|128,5,7,0.8074531854045608,0.9867172576669423,4.5521932289468685,0.43880156630923645
test/counting_and_probability/119.json|128,5,8,0.6752723980486431,0.966897317339394,4.975577383874136,0.5698487535753297
test/counting_and_probability/119.json|128,5,9,0.7373675374390876,0.979072939994661,4.976631496494149,0.512476792216889
test/counting_and_probability/119.json|128,5,10,0.6430077378057877,0.9988863423401083,3.683417079767386,0.5974882946085324
test/counting_and_probability/119.json|128,5,11,0.758004704175114,0.9965366249977173,4.036097802046525,0.4919301737288393
test/counting_and_probability/119.json|128,5,12,0.9073835789599902,0.9970527763994846,3.3323341523780834,0.3043294613408465
test/counting_and_probability/119.json|128,5,13,0.9248827876633324,0.9930374104864745,3.504823416027458,0.27407519467596403
test/counting_and_probability/119.json|128,5,14,0.8985761843926865,0.9932056747569352,3.507737162681311,0.31847105929316954
test/counting_and_probability/119.json|128,5,15,0.8966172948297053,0.9974174108514976,3.443133260565154,0.32153181051070934
test/counting_and_probability/119.json|128,5,16,0.841716745109291,0.9947047780110518,3.725928938692359,0.39784828124639304
test/counting_and_probability/119.json|128,5,17,0.9066745024907203,0.9973052273207321,3.206785829958709,0.30549222168376017
test/counting_and_probability/119.json|128,5,18,0.9132763287707157,0.9978535088804749,3.259338552328892,0.2944888303981736
test/counting_and_probability/119.json|128,5,19,0.9151494272302573,0.9981041377500379,3.2331064899176196,0.29129121643081296
test/counting_and_probability/119.json|128,5,20,0.8291443319415949,0.9901842149414383,4.04848400057093,0.4133469100627282
test/counting_and_probability/119.json|128,5,21,0.7816156970293643,0.9853219613913836,4.308625625113342,0.4673160632490988
test/counting_and_probability/119.json|128,5,22,0.9877629647973367,0.9994603952729958,2.0646119001651364,0.11062113361678808
test/counting_and_probability/119.json|128,5,23,0.9820091506291092,0.9997063000971216,2.1312416575092117,0.13412997193353465
test/counting_and_probability/119.json|128,5,24,0.857221221304595,0.9859141088180898,4.429203353635494,0.37786079274701817
test/counting_and_probability/119.json|128,5,25,0.8065871937357049,0.9788181191517695,4.7512343414588525,0.4397872284006155
test/counting_and_probability/119.json|128,5,26,0.9255595417402873,0.9984331554966256,2.934282220817289,0.2728377874483531
test/counting_and_probability/119.json|128,5,27,0.8844509339388581,0.9990313956990814,2.9038925024093905,0.3399250888962771
test/counting_and_probability/119.json|128,5,28,0.8620229394952194,0.9917779039781032,3.8873873623876105,0.37145263561426056
test/counting_and_probability/119.json|128,5,29,0.8721325146602203,0.992972503743056,3.843242674711631,0.35758563357576273
test/counting_and_probability/119.json|128,5,30,0.9776004066419656,0.9980326084204265,2.6091233835112204,0.14966493696933303
test/counting_and_probability/119.json|128,5,31,0.9741643637818371,0.9984489310699302,2.6324734503115894,0.16073467646454784
test/counting_and_probability/119.json|128,6,0,0.8213222033499925,0.9791725218098843,4.677441128796342,0.42270296503574173
test/counting_and_probability/119.json|128,6,1,0.828979147001797,0.9767738087578253,4.738467507485422,0.4135466757189604
test/counting_and_probability/119.json|128,6,2,0.9414669368594217,0.9972675795846748,3.1533782411396216,0.2419360724252964
test/counting_and_probability/119.json|128,6,3,0.9830529254458965,0.9986379838507771,2.2973794614348506,0.1301809300708191
test/counting_and_probability/119.json|128,6,4,0.9765259430210305,0.9981945476336777,2.632557240327423,0.1532124569967127
test/counting_and_probability/119.json|128,6,5,0.9775847561812417,0.9979951118222821,2.629799533892478,0.1497172128339232
test/counting_and_probability/119.json|128,6,6,0.8819448997313324,0.9988222378617914,3.1161621462331133,0.34359147292776
test/counting_and_probability/119.json|128,6,7,0.8983752653164224,0.9987065062734446,3.0408231681215376,0.3187863464510009
test/counting_and_probability/119.json|128,6,8,0.9518722516158833,0.9972137558906493,3.0163566102150154,0.2193803737441358
test/counting_and_probability/119.json|128,6,9,0.921665715767477,0.9977466427309148,3.273111127451322,0.2798826258139704
test/counting_and_probability/119.json|128,6,10,0.9014381734155432,0.9857266900705066,4.171785039767934,0.3139455790172188
test/counting_and_probability/119.json|128,6,11,0.9231214754889084,0.9954716534115524,3.5607001069745845,0.27726976847664364
test/counting_and_probability/119.json|128,6,12,0.91746085495479,0.9921616473456524,3.5871368863937017,0.28729626702275474
test/counting_and_probability/119.json|128,6,13,0.9467929296169484,0.9954442820261512,3.181805769995928,0.2306665783832838
test/counting_and_probability/119.json|128,6,14,0.9945611684014748,0.9997415257104715,1.7347855953467846,0.07374843454965811
test/counting_and_probability/119.json|128,6,15,0.9951646181857534,0.999776731934154,1.6993545844327675,0.0695369097260339
test/counting_and_probability/119.json|128,6,16,0.8702253689554563,0.9848381996548023,4.259046971713433,0.3602424614680281
test/counting_and_probability/119.json|128,6,17,0.8700293655894789,0.984979639180423,4.418796004834874,0.36051440250081707
test/counting_and_probability/119.json|128,6,18,0.9916693804929017,0.99981662920394,1.7805488185801615,0.09127222746870127
test/counting_and_probability/119.json|128,6,19,0.981969499180227,0.9996654641594697,2.062835917549355,0.13427770038160833
test/counting_and_probability/119.json|128,6,20,0.9440060085006629,0.9989420066103384,2.9318888595577586,0.23663049570868322
test/counting_and_probability/119.json|128,6,21,0.9732561004212474,0.9996944533704099,2.0724448755511515,0.16353562174264225
test/counting_and_probability/119.json|128,6,22,0.9427277923460434,0.9995846744955491,2.787069478919178,0.23931612493510873
test/counting_and_probability/119.json|128,6,23,0.8939892468361265,0.9987476818897255,3.196967918282925,0.32559292554334396
test/counting_and_probability/119.json|128,6,24,0.8061887931463475,0.997533056271569,3.219698754861133,0.4402399423651294
test/counting_and_probability/119.json|128,6,25,0.9785572588458039,0.9996147787128692,2.149159074024158,0.1464334017708941
test/counting_and_probability/119.json|128,6,26,0.9618884409971941,0.9988448627554276,2.440158998431772,0.19522181999665392
test/counting_and_probability/119.json|128,6,27,0.969966679034203,0.9994262642020497,2.300999846350098,0.17330124340522496
test/counting_and_probability/119.json|128,6,28,0.8752255619125567,0.9912445210534095,3.8257487435677913,0.35323425384218227
test/counting_and_probability/119.json|128,6,29,0.860442368654563,0.9959261831757722,3.4018214002822043,0.3735741309906736
test/counting_and_probability/119.json|128,6,30,0.9659486137444913,0.9997495525452221,2.318162610721765,0.18453017708632033
test/counting_and_probability/119.json|128,6,31,0.8498511870043796,0.9989588496170277,3.0858771436239394,0.38749040374649335
test/counting_and_probability/119.json|128,8,0,0.8487898600618186,0.9927704627411288,3.9449199225459837,0.38885748023945926
test/counting_and_probability/119.json|128,8,1,0.7470097467481686,0.9971609137104712,3.5317049352314323,0.5029813647162601
test/counting_and_probability/119.json|128,8,2,0.7319882961602548,0.9842426584011872,4.792733336174921,0.5176984680677983
test/counting_and_probability/119.json|128,8,3,0.6904540816813687,0.979471728250743,4.908247685451963,0.5563685094599005
test/counting_and_probability/119.json|128,8,4,0.857338454485356,0.9922173277545477,3.940129360306624,0.37770563341661195
test/counting_and_probability/119.json|128,8,5,0.8927219460467191,0.9942994673717374,3.670973922107893,0.32753328678667293
test/counting_and_probability/119.json|128,8,6,0.9236915572185174,0.9972269063914316,3.2332548786089523,0.27623982837650807
test/counting_and_probability/119.json|128,8,7,0.8859997043475735,0.9984562120633679,3.1704678560216353,0.3376392981458564
test/counting_and_probability/119.json|128,8,8,0.9889665244226452,0.9991472434353947,2.209976721532868,0.10504035213837962
test/counting_and_probability/119.json|128,8,9,0.9099312504942026,0.9940424859555242,3.6761747088515118,0.3001145606360967
test/counting_and_probability/119.json|128,8,10,0.9356612649323762,0.9973367840196368,3.0813263310720176,0.253650813260324
test/counting_and_probability/119.json|128,8,11,0.9221222455798551,0.9964511474343815,3.2123692775855712,0.27906586036300624
test/counting_and_probability/119.json|128,8,12,0.9573904562026905,0.999339098434133,2.5386980067384597,0.2064207930352694
test/counting_and_probability/119.json|128,8,13,0.9777995286737563,0.9990107834148795,2.4043916625367183,0.1489982259164306
test/counting_and_probability/119.json|128,8,14,0.9904695982750656,0.999733921110374,1.8717316455736095,0.09762377643245705
test/counting_and_probability/119.json|128,8,15,0.9741056239211006,0.9995646215277014,2.185197891776041,0.16091729577301328
test/counting_and_probability/119.json|128,8,16,0.9313984345607961,0.996511659411746,3.0695932972890256,0.2619190054944542
test/counting_and_probability/119.json|128,8,17,0.9484451277020443,0.9973685952411653,2.964127669492775,0.2270569802889921
test/counting_and_probability/119.json|128,8,18,0.9842169095072516,0.9998413975974265,1.965330279122853,0.12563077048537272
test/counting_and_probability/119.json|128,8,19,0.9606026976977893,0.9998127778504112,2.240740619940839,0.19848753689390858
test/counting_and_probability/119.json|128,8,20,0.9999768955151496,1.0,1.0481525063449801,0.004806712478444451
test/counting_and_probability/119.json|128,8,21,0.9999507555582944,0.999999908297129,1.0698372927860271,0.0070174384005575975
test/counting_and_probability/119.json|128,8,22,0.9219814697828853,0.9982928469922634,3.3053364961738545,0.279317973315565
test/counting_and_probability/119.json|128,8,23,0.9121338266482235,0.9978603115050103,3.403150577476294,0.2964222888916697
test/counting_and_probability/119.json|128,8,24,0.9294181228362066,0.9980533450873498,2.915807158850771,0.2656724998259951
test/counting_and_probability/119.json|128,8,25,0.8398783004285526,0.9957925972077,3.7853523301713365,0.4001520955479896
test/counting_and_probability/119.json|128,8,26,0.8315333007894405,0.9980688400020956,3.5577198879011274,0.4104469505436232
test/counting_and_probability/119.json|128,8,27,0.9732416546592635,0.999187845848411,2.4232635504908884,0.16357978279951502
test/counting_and_probability/119.json|128,8,28,0.9619855815110753,0.9982749465369486,2.6707568929034924,0.19497286603249367
test/counting_and_probability/119.json|128,8,29,0.9603846993141952,0.9988502417556898,2.6317445583216488,0.19903592812807633
test/counting_and_probability/119.json|128,8,30,0.9950915887244902,0.9997265949254912,1.7543985647992504,0.07006005477809579
test/counting_and_probability/119.json|128,8,31,0.9479613184232345,0.9965747053937808,3.1545200925069783,0.22811988422048066
test/counting_and_probability/119.json|128,9,0,0.9572880573201893,0.995799190161759,2.9509536980228948,0.20666867851663132
test/counting_and_probability/119.json|128,9,1,0.9466448419944827,0.9985629283994617,2.874557946822424,0.23098735464418235
test/counting_and_probability/119.json|128,9,2,0.903574244205926,0.9884215623144569,3.9409828976823587,0.310524968068711
test/counting_and_probability/119.json|128,9,3,0.924672525816875,0.9903641730042843,3.8902583367868955,0.27445851085933737
test/counting_and_probability/119.json|128,9,4,0.9679247511693033,0.9983859430958197,2.664016255576919,0.17909564157370408
test/counting_and_probability/119.json|128,9,5,0.9806505446270586,0.9985279200453043,2.4160397404380536,0.1391023197971242
test/counting_and_probability/119.json|128,9,6,0.7189251501495895,0.9910075146008922,4.288235730531887,0.530164927027817
test/counting_and_probability/119.json|128,9,7,0.6705414052119122,0.9909623143844772,4.109349532705,0.5739848384653446
test/counting_and_probability/119.json|128,9,8,0.8761832397650615,0.9947509024760027,3.5393385431988134,0.3518760580587126
test/counting_and_probability/119.json|128,9,9,0.9676632252390311,0.9973618335124899,2.814202551446677,0.1798242885735096
test/counting_and_probability/119.json|128,9,10,0.7312406950083437,0.9785826814894647,4.759732136896014,0.5184200082863858
test/counting_and_probability/119.json|128,9,11,0.735796165861819,0.9860915250026,4.378946587589305,0.5140076207004922
test/counting_and_probability/119.json|128,9,12,0.8973837232853268,0.9985990091754261,2.7304362846661565,0.3203377541200431
test/counting_and_probability/119.json|128,9,13,0.9752821596156831,0.9990308448395017,2.394163596362693,0.15721908403344964
test/counting_and_probability/119.json|128,9,14,0.9999479074140084,0.9999982380448855,1.0952571625728256,0.007217519379370738
test/counting_and_probability/119.json|128,9,15,0.9996730959118766,0.9999761763912612,1.2259109993890327,0.018080489156087957
test/counting_and_probability/119.json|128,9,16,0.857691339140974,0.9885866067261575,4.180390499415229,0.37723820174927414
test/counting_and_probability/119.json|128,9,17,0.8528699511575253,0.9927308722985132,4.115862156089025,0.38357534962830275
test/counting_and_probability/119.json|128,9,18,0.9959076979979569,0.9998687642678354,1.6696593349990536,0.06397110286717851
test/counting_and_probability/119.json|128,9,19,0.9980733979412755,0.9998935066293227,1.5008404642401947,0.04389307529354174
test/counting_and_probability/119.json|128,9,20,0.9913799691557306,0.9999432010331472,1.7535825834001944,0.0928441212154514
test/counting_and_probability/119.json|128,9,21,0.985882157571542,0.9999329991571967,1.9142651870249414,0.11881852729460182
test/counting_and_probability/119.json|128,9,22,0.9278872141237117,0.994540963067316,3.536713052821635,0.26853823913232233
test/counting_and_probability/119.json|128,9,23,0.8530343778843607,0.9907472267503984,4.087069509026559,0.38336095538752946
test/counting_and_probability/119.json|128,9,24,0.8787843251404627,0.998648947672986,3.4261782656097206,0.34816041541154175
test/counting_and_probability/119.json|128,9,25,0.9332581444173101,0.9976001881658764,3.0790523409545236,0.25834445142617224
test/counting_and_probability/119.json|128,9,26,0.9349864217848539,0.9952188336818087,3.3418107767269936,0.2549776033598757
test/counting_and_probability/119.json|128,9,27,0.809899675086374,0.9970650081385667,3.3278463202581676,0.4360049597351228
test/counting_and_probability/119.json|128,9,28,0.977016335414684,0.9972435000515508,2.759423883848246,0.15160364304763913
test/counting_and_probability/119.json|128,9,29,0.9813256631596138,0.9979045158399502,2.6120599303468057,0.13665407729148157
test/counting_and_probability/119.json|128,9,30,0.9765877911612398,0.9999473317739239,2.0652139997077255,0.15301048604184017
test/counting_and_probability/119.json|128,9,31,0.9608451668778535,0.9998995464574826,2.1322157065881684,0.1978758022653263
test/counting_and_probability/119.json|128,10,0,0.8274174983862922,0.991515921489974,3.937653410352716,0.41543050154473227
test/counting_and_probability/119.json|128,10,1,0.8832778655185402,0.9927786086145581,3.6629660146988376,0.3416462124500429
test/counting_and_probability/119.json|128,10,2,0.8786583012363964,0.9879669919907176,4.276222577385452,0.3483413537948137
test/counting_and_probability/119.json|128,10,3,0.8519612967614989,0.9795087248510395,4.591791150809663,0.3847579800842357
test/counting_and_probability/119.json|128,10,4,0.9403118420157479,0.9978177719134661,3.0593601284589513,0.24431160018356085
test/counting_and_probability/119.json|128,10,5,0.8793316074182843,0.9974973852216199,3.2735672857944405,0.3473735634467823
test/counting_and_probability/119.json|128,10,6,0.9436669385832513,0.9981833026251132,2.89327171543236,0.23734586875854538
test/counting_and_probability/119.json|128,10,7,0.960129143908399,0.9983634261562534,2.6998188703572015,0.19967687921139246
test/counting_and_probability/119.json|128,10,8,0.7790814460691193,0.9995692619473266,2.6803122631418783,0.4700197378098931
test/counting_and_probability/119.json|128,10,9,0.9713182049178234,0.9998282935249511,1.991978803125535,0.1693570048216979
test/counting_and_probability/119.json|128,10,10,0.9846815586008679,0.9999836452127132,1.5919713991161115,0.12376769125717776
test/counting_and_probability/119.json|128,10,11,0.9510424368607747,0.9999824171425972,1.8298139785959668,0.22126356035105574
test/counting_and_probability/119.json|128,10,12,0.999305935710448,0.9999816134439791,1.2554198646305343,0.026345099915392002
test/counting_and_probability/119.json|128,10,13,0.9999107834077411,0.999998470026285,1.0971912358366769,0.009445453523198961
test/counting_and_probability/119.json|128,10,14,0.9861942796228849,0.9992443629422001,2.2082922074969766,0.11749774626398218
test/counting_and_probability/119.json|128,10,15,0.9914467846761709,0.9992194211907917,2.0927779992857802,0.09248359489027842
test/counting_and_probability/119.json|128,10,16,0.8727157451206423,0.9984869022538458,3.1438126620392377,0.35676918992446316
test/counting_and_probability/119.json|128,10,17,0.9644783658890635,0.9994850654373142,2.46723048060231,0.18847183903951395
test/counting_and_probability/119.json|128,10,18,0.946351175563482,0.9907909541753744,3.51454002171191,0.23162215877700038
test/counting_and_probability/119.json|128,10,19,0.947239342506015,0.994428869655289,3.251819210289729,0.22969688176809225
test/counting_and_probability/119.json|128,10,20,0.9817326290034952,0.9994544151957412,2.244896537348263,0.13515683851179996
test/counting_and_probability/119.json|128,10,21,0.9881390690958362,0.9997564938831348,1.9994925942397308,0.1089079010180797
test/counting_and_probability/119.json|128,10,22,0.9947797917860882,0.999995171931289,1.4760597746480644,0.0722510083937365
test/counting_and_probability/119.json|128,10,23,0.9953000941733228,0.9999940355342367,1.456333787651811,0.06855585917102368
test/counting_and_probability/119.json|128,10,24,0.9729210738413994,0.9994968796354301,2.2624297142348677,0.16455675664827815
test/counting_and_probability/119.json|128,10,25,0.9669013151888735,0.9992217294233029,2.300985445615922,0.1819304394847837
test/counting_and_probability/119.json|128,10,26,0.986939715254493,0.9996546873937762,2.042122797557964,0.11428160283049509
test/counting_and_probability/119.json|128,10,27,0.9907699237857648,0.9995385215174157,1.9411701813181994,0.09607328564296745
test/counting_and_probability/119.json|128,10,28,0.9938978674490401,0.9996345938802793,1.86944876802524,0.07811614782463308
test/counting_and_probability/119.json|128,10,29,0.9936901498214017,0.9996097511568451,1.8688225371055933,0.07943456538937133
test/counting_and_probability/119.json|128,10,30,0.9433403743287172,0.9944384178594757,3.402155977922052,0.23803282477692608
test/counting_and_probability/119.json|128,10,31,0.923190227948318,0.9934465778320629,3.629998568878448,0.27714575957730625
test/counting_and_probability/119.json|128,12,0,0.9927503165257029,0.9999328581842404,1.7139805606227514,0.08514507310641707
test/counting_and_probability/119.json|128,12,1,0.9918475954232043,0.9999353141024461,1.614909458538643,0.09029066716331023
test/counting_and_probability/119.json|128,12,2,0.9245121431006973,0.9995307356190178,2.4168981757612213,0.2747505357579903
test/counting_and_probability/119.json|128,12,3,0.9398696754170672,0.9988992471306054,2.5908466224203788,0.24521485391984876
test/counting_and_probability/119.json|128,12,4,0.9950442922995433,0.9999136903256207,1.6278314797264213,0.07039678757199595
test/counting_and_probability/119.json|128,12,5,0.9975680780445706,0.9999233203499792,1.5076196219484739,0.04931452073608143
test/counting_and_probability/119.json|128,12,6,0.986935199118247,0.9994270451529255,2.129073818096748,0.11430135992958698
test/counting_and_probability/119.json|128,12,7,0.9894503985521792,0.9992805747472926,2.0815397095785384,0.10271125278089446
test/counting_and_probability/119.json|128,12,8,0.9884443187910364,0.9996201930969758,1.9519116683477569,0.10749735442774186
test/counting_and_probability/119.json|128,12,9,0.9440789967486716,0.9993098103531197,2.4253209282365424,0.23647622132326207
test/counting_and_probability/119.json|128,12,10,0.9931397695120596,0.9999895414458556,1.459086953300901,0.08282650836501788
test/counting_and_probability/119.json|128,12,11,0.9928752582688167,0.999979668041813,1.469337749590093,0.0844081852143693
test/counting_and_probability/119.json|128,12,12,0.9674363111179577,0.9982299734103254,2.742908294390214,0.1804541184956506
test/counting_and_probability/119.json|128,12,13,0.9300532286300023,0.9970752108122741,3.1873996789113703,0.2644745193208558
test/counting_and_probability/119.json|128,12,14,0.9833489227668869,0.9996990328042039,2.1537788297220732,0.12903905313165118
test/counting_and_probability/119.json|128,12,15,0.9893428576180775,0.9999034229586162,1.8691352364070084,0.1032334363562625
test/counting_and_probability/119.json|128,12,16,0.9602753131422508,0.9922867668908565,3.310087931134314,0.19931052871775043
test/counting_and_probability/119.json|128,12,17,0.9349592065683257,0.9916046120142404,3.70321455288109,0.25503096563294886
test/counting_and_probability/119.json|128,12,18,0.9984427825266023,0.9999446744913453,1.4104748627000958,0.0394615949170539
test/counting_and_probability/119.json|128,12,19,0.9983518877855824,0.9998393646247901,1.4981972807624055,0.040596948338731446
test/counting_and_probability/119.json|128,12,20,0.9977221203393524,0.9997891589180872,1.5872475461744997,0.04772713757022969
test/counting_and_probability/119.json|128,12,21,0.9982628103907998,0.9997438970881349,1.54173428050159,0.041679606634422765
test/counting_and_probability/119.json|128,12,22,0.9505794535176092,0.9995758819014571,2.4185219705600915,0.2223073244011335
test/counting_and_probability/119.json|128,12,23,0.9725996530504303,0.999460696179663,2.243311359283817,0.16553050156865265
test/counting_and_probability/119.json|128,12,24,0.9032402970954814,0.9971308426379777,3.603952567089058,0.31106221709574217
test/counting_and_probability/119.json|128,12,25,0.8579402359071473,0.9972114684493293,3.545593150402644,0.37690816400398214
test/counting_and_probability/119.json|128,12,26,0.932955522084867,0.9950215726786582,3.4671770432842055,0.25892948444534664
test/counting_and_probability/119.json|128,12,27,0.9648632765161463,0.996049797488844,3.0944145761627113,0.18744792205797764
test/counting_and_probability/119.json|128,12,28,0.6991983292341617,0.9930312950555509,4.299110911286367,0.5484538911939985
test/counting_and_probability/119.json|128,12,29,0.8913600314430903,0.9932622392167001,3.8841832580275297,0.3296057774932195
test/counting_and_probability/119.json|128,12,30,0.9967372119115468,0.9999493428978127,1.4580793815472408,0.05712082009611863
test/counting_and_probability/119.json|128,12,31,0.9888449736867323,0.9998554448875078,1.814442659785985,0.10561735801120808
test/counting_and_probability/119.json|128,13,0,0.995887814792811,0.9999162084802837,1.5629924567681195,0.06412632226464444
test/counting_and_probability/119.json|128,13,1,0.995989372045001,0.999782775075916,1.6947597354187094,0.06332951882810225
test/counting_and_probability/119.json|128,13,2,0.9613009416268877,0.9972627220417912,2.8616913204166954,0.19672076243526576
test/counting_and_probability/119.json|128,13,3,0.968035705590183,0.997578642384106,2.7592992150084275,0.17878561018666173
test/counting_and_probability/119.json|128,13,4,0.8422111062198064,0.9838802221999624,4.360665916094164,0.3972265018603285
test/counting_and_probability/119.json|128,13,5,0.8416142169155456,0.9884301866399333,4.224549400414079,0.397977113769692
test/counting_and_probability/119.json|128,13,6,0.9960740054089093,0.9997857959399362,1.6722678845352492,0.06265775762896933
test/counting_and_probability/119.json|128,13,7,0.9963476445190316,0.9998745822110003,1.6430829788458543,0.060434720823119785
test/counting_and_probability/119.json|128,13,8,0.9030258886253199,0.9965399458067248,3.4270401661070786,0.3114066655912814
test/counting_and_probability/119.json|128,13,9,0.8802955339926667,0.995722095190614,3.51513584160561,0.3459833319790613
test/counting_and_probability/119.json|128,13,10,0.9774265258132816,0.9990727401135049,2.4358701138484613,0.1502447143387028
test/counting_and_probability/119.json|128,13,11,0.9813124067149553,0.9992180562968551,2.273370951261237,0.1367025723424569
test/counting_and_probability/119.json|128,13,12,0.9861472473011951,0.9997912805298876,1.8466055939766535,0.11769771747491506
test/counting_and_probability/119.json|128,13,13,0.9942142220878923,0.9998636885909019,1.7182719951697067,0.07606430116754942
test/counting_and_probability/119.json|128,13,14,0.9454642613330654,0.9993714985372143,2.6869751348135447,0.23352888186889137
test/counting_and_probability/119.json|128,13,15,0.9351507002008157,0.9987159299002999,2.9014883023606104,0.2546552567672309
test/counting_and_probability/119.json|128,13,16,0.9980247050851878,0.9997487774322713,1.576563614949939,0.04444429001359102
test/counting_and_probability/119.json|128,13,17,0.9971933348358726,0.9998422394201849,1.6134508750845222,0.052977968667432124
test/counting_and_probability/119.json|128,13,18,0.9538335881730211,0.9991626103008895,2.713363238561596,0.2148637052342226
test/counting_and_probability/119.json|128,13,19,0.971370034355987,0.9995930523868749,2.3137349372448597,0.1692039173423978
test/counting_and_probability/119.json|128,13,20,0.9902452235611762,0.9997288777225378,1.8519585961049714,0.09876627176735908
test/counting_and_probability/119.json|128,13,21,0.993035281118727,0.9997924946653185,1.8253649465296196,0.08345489129627476
test/counting_and_probability/119.json|128,13,22,0.9647458782014569,0.9959230543807571,3.051020520193974,0.1877608100710666
test/counting_and_probability/119.json|128,13,23,0.9461968668486687,0.9944313173957283,3.294357089475397,0.23195502398381315
test/counting_and_probability/119.json|128,13,24,0.9985369557500465,0.9999877813693054,1.3228010284776661,0.038249761436556326
test/counting_and_probability/119.json|128,13,25,0.9993232286655512,0.9999714317777307,1.3032741482124706,0.026014829125880625
test/counting_and_probability/119.json|128,13,26,0.9877047780880411,0.9995527461408792,1.9962605707323977,0.11088382168720044
test/counting_and_probability/119.json|128,13,27,0.9842710784077847,0.9996662265707282,2.017066527480909,0.1254149974772367
test/counting_and_probability/119.json|128,13,28,0.9494963945572612,0.9959953563433098,3.1221802806397503,0.22473007240407056
test/counting_and_probability/119.json|128,13,29,0.9644929491557468,0.9979494170790256,2.797387448172647,0.1884331468830609
test/counting_and_probability/119.json|128,13,30,0.9747248329813406,0.9997863092660494,2.2046293753923987,0.15898165623322522
test/counting_and_probability/119.json|128,13,31,0.9596689449151007,0.9997397440046359,2.5058931129585984,0.20082593230183027
test/counting_and_probability/119.json|128,14,0,0.9880077286531713,0.9997078661703868,2.0133739075258146,0.1095092295052279
test/counting_and_probability/119.json|128,14,1,0.9858112554800638,0.9994208725765136,2.1309409942072706,0.11911651657069323
test/counting_and_probability/119.json|128,14,2,0.9359551386476035,0.9979564087779567,3.029224139428162,0.2530708623140888
test/counting_and_probability/119.json|128,14,3,0.9761870790464571,0.9991845154897074,2.3532175966495315,0.15431435757421577
test/counting_and_probability/119.json|128,14,4,0.9982151020200769,0.9999386279016602,1.4033370835652064,0.04224805297197842
test/counting_and_probability/119.json|128,14,5,0.9926144862365519,0.9998323536004663,1.7120322287600802,0.08593901188312612
test/counting_and_probability/119.json|128,14,6,0.9033600250613321,0.9903692606618767,3.9429236567100747,0.31086970733519204
test/counting_and_probability/119.json|128,14,7,0.9325559081088266,0.9964535283687495,3.3636241656296373,0.25970000364107315
test/counting_and_probability/119.json|128,14,8,0.9821295457905032,0.9982180062735944,2.487650194020983,0.13368041819764345
test/counting_and_probability/119.json|128,14,9,0.9252335075095313,0.9929671527324827,3.5491478753386456,0.27343462196742524
test/counting_and_probability/119.json|128,14,10,0.999607301720255,0.9999573752581321,1.27770619370388,0.019816616253663846
test/counting_and_probability/119.json|128,14,11,0.9996922859855991,0.9999550728256501,1.2497354534548426,0.01754177911162046
test/counting_and_probability/119.json|128,14,12,0.9684766256665949,0.9961025451165112,2.8984540629792677,0.17754823100612727
test/counting_and_probability/119.json|128,14,13,0.9385913398662072,0.9956433307678403,3.196625701370121,0.2478077079789746
test/counting_and_probability/119.json|128,14,14,0.9974008590864235,0.9997211296518902,1.6322668111069034,0.050981770404493525
test/counting_and_probability/119.json|128,14,15,0.996493399268033,0.9995865196337642,1.7292584180414319,0.059216557920626876
test/counting_and_probability/119.json|128,14,16,0.9620617633033179,0.9981666252228085,2.814818558459791,0.19477740294161963
test/counting_and_probability/119.json|128,14,17,0.9763348575024461,0.9989883126943747,2.465142547112602,0.15383478962040387
test/counting_and_probability/119.json|128,14,18,0.9957915033446932,0.9997077463124749,1.7424978107336124,0.06487292698273109
test/counting_and_probability/119.json|128,14,19,0.9901286710330042,0.9990098670692839,2.1406672458317817,0.09935456188316584
test/counting_and_probability/119.json|128,14,20,0.9906259611438292,0.999962617376986,1.703915273787841,0.0968196202025748
test/counting_and_probability/119.json|128,14,21,0.9996992721653415,0.9999935524386612,1.2044978979460454,0.017341506124281987
test/counting_and_probability/119.json|128,14,22,0.8710612420879309,0.9910871095011075,3.9462496029910326,0.3590804337638979
test/counting_and_probability/119.json|128,14,23,0.8830849319100511,0.9973709904985407,3.5492904600033888,0.3419284546362717
test/counting_and_probability/119.json|128,14,24,0.9587721287189116,0.998907500633537,2.7089048009550254,0.20304647566773573
test/counting_and_probability/119.json|128,14,25,0.8608892185033731,0.9987910668760245,3.0368564443035733,0.37297557761417427
test/counting_and_probability/119.json|128,14,26,0.8966384477381893,0.9929548036162671,3.7364442618585576,0.32149891486879184
test/counting_and_probability/119.json|128,14,27,0.8226611899357031,0.9888148348042521,4.180682537665064,0.42111614795006
test/counting_and_probability/119.json|128,14,28,0.9911279776661824,0.9995410896058,1.9493885410291443,0.0941914132700936
test/counting_and_probability/119.json|128,14,29,0.9738270171229317,0.9987490671393945,2.441610969451363,0.1617806628650911
test/counting_and_probability/119.json|128,14,30,0.9563306771724298,0.9968161917807876,3.0192745556340985,0.20897206231353077
test/counting_and_probability/119.json|128,14,31,0.9412643138610485,0.9964854658609557,3.199538001667799,0.24235446383128892
test/counting_and_probability/119.json|128,16,0,0.9780465508249602,0.9999278433350451,1.9738763345218435,0.14816696384498074
test/counting_and_probability/119.json|128,16,1,0.9615944571269668,0.99984848722812,2.2339678381836565,0.195973321840074
test/counting_and_probability/119.json|128,16,2,0.9518465985703133,0.9987241089380577,2.901924841257972,0.21943883300292752
test/counting_and_probability/119.json|128,16,3,0.9543520434818127,0.998480904121432,2.9998673824943127,0.21365382401957453
test/counting_and_probability/119.json|128,16,4,0.940399767952372,0.9955854931492857,3.2680543350045306,0.2441315875662713
test/counting_and_probability/119.json|128,16,5,0.9544211934590603,0.9976434469271451,2.9367356495561907,0.21349193554075926
test/counting_and_probability/119.json|128,16,6,0.9065508081356811,0.9987772888040523,3.1250035228495103,0.3056946055531875
test/counting_and_probability/119.json|128,16,7,0.9365773126998608,0.9990588808576907,2.8770447791773557,0.25183861360033577
test/counting_and_probability/119.json|128,16,8,0.9118033154709965,0.9969897878171834,3.504817566727207,0.2969792661601202
test/counting_and_probability/119.json|128,16,9,0.9305463119831693,0.9965072941016323,3.4012520856145083,0.26354067620925375
test/counting_and_probability/119.json|128,16,10,0.9894094321579109,0.9999307067712221,1.7023088245307245,0.10291048460720179
test/counting_and_probability/119.json|128,16,11,0.9910095705909818,0.9999501085024795,1.6503885020111364,0.09481787494464414
test/counting_and_probability/119.json|128,16,12,0.9903981992680095,0.9988744716109994,2.1248574689594597,0.09798877860240152
test/counting_and_probability/119.json|128,16,13,0.995320486388953,0.9997476441498424,1.7603968046696972,0.0684069704858139
test/counting_and_probability/119.json|128,16,14,0.8851452051953274,0.9985872511584954,3.247361226513591,0.33890233815167553
test/counting_and_probability/119.json|128,16,15,0.9143711699942416,0.9981881626207846,3.176722652210955,0.2926240420843072
test/counting_and_probability/119.json|128,16,16,0.9720856719686002,0.9974611223029606,2.66638864744353,0.1670758152199169
test/counting_and_probability/119.json|128,16,17,0.9410568496364005,0.9978755770131594,3.188785342076257,0.24278210470213726
test/counting_and_probability/119.json|128,16,18,0.9960288984744617,0.9994024331230925,1.8222068174214663,0.06301667656690772
test/counting_and_probability/119.json|128,16,19,0.9949200930268068,0.9992037776443208,1.9164440073098472,0.07127346612304722
test/counting_and_probability/119.json|128,16,20,0.9135357241567288,0.9977595185237548,3.06884287883256,0.29404808423669626
test/counting_and_probability/119.json|128,16,21,0.9731725820100553,0.9987321087825841,2.5342276196665234,0.16379077504531414
test/counting_and_probability/119.json|128,16,22,0.9902962773107031,0.9996761919974931,1.9702930812755264,0.09850747529653203
test/counting_and_probability/119.json|128,16,23,0.9902213169752497,0.9997218535742685,1.9685064760023272,0.09888722376905051
test/counting_and_probability/119.json|128,16,24,0.9869845623736682,0.9996747723146768,1.9949102939663523,0.11408522089355763
test/counting_and_probability/119.json|128,16,25,0.9827846719454926,0.9992385251296123,2.31299448254808,0.13120719513238377
test/counting_and_probability/119.json|128,16,26,0.9601396334043061,0.997274101691562,2.9099391260868965,0.1996506113080897
test/counting_and_probability/119.json|128,16,27,0.9886896410645557,0.9989918030516546,2.158179528941915,0.10635017129955315
test/counting_and_probability/119.json|128,16,28,0.9200850638915121,0.9937186181310179,3.4331200601549177,0.2826922993441595
test/counting_and_probability/119.json|128,16,29,0.9507072679856193,0.996211862806644,3.0266375182628877,0.22201966582800872
test/counting_and_probability/119.json|128,16,30,0.99818402371188,0.9999062790697224,1.4909689223114408,0.04261427329099987
test/counting_and_probability/119.json|128,16,31,0.9982008067731528,0.9999575733448276,1.454248941038414,0.04241689789278778
test/counting_and_probability/119.json|128,17,0,0.9771695590243169,0.9987755646181569,2.43894803463012,0.15109745522570225
test/counting_and_probability/119.json|128,17,1,0.9845032986775154,0.9990402813170078,2.2995048455884968,0.1244857474672687
test/counting_and_probability/119.json|128,17,2,0.9992220404641817,0.9999560970916581,1.3331559800769024,0.027891925996930963
test/counting_and_probability/119.json|128,17,3,0.999558019775584,0.9999522814368241,1.2898518799065717,0.021023325722063915
test/counting_and_probability/119.json|128,17,4,0.99928314408913,0.9999390543437726,1.3393477923545243,0.02677416498922061
test/counting_and_probability/119.json|128,17,5,0.9988566950966452,0.9999315519938123,1.3736119474129929,0.03381279200768241
test/counting_and_probability/119.json|128,17,6,0.9987570298442564,0.999888325559479,1.455011925047042,0.03525578187678717
test/counting_and_probability/119.json|128,17,7,0.9979077168484498,0.9998724508620243,1.5464721377651298,0.04574148173758902
test/counting_and_probability/119.json|128,17,8,0.9224493930531353,0.998248119644641,2.7746447296780024,0.2784790960680257
test/counting_and_probability/119.json|128,17,9,0.9460343606818301,0.9993765689642057,2.4242795942265576,0.23230505659190867
test/counting_and_probability/119.json|128,17,10,0.9314774297316334,0.9940807109996839,3.399037774122616,0.2617681612961489
test/counting_and_probability/119.json|128,17,11,0.9172269868016405,0.9966656917062229,3.4015557893455064,0.2877029947677978
test/counting_and_probability/119.json|128,17,12,0.997348415344167,0.9999132768751281,1.5396362869755342,0.051493539942725236
test/counting_and_probability/119.json|128,17,13,0.9978114846627034,0.9999081286284559,1.5305890372471875,0.04678157048771003
test/counting_and_probability/119.json|128,17,14,0.9705502518856634,0.998756376663499,2.5770384425379516,0.17160928912601628
test/counting_and_probability/119.json|128,17,15,0.987602377915235,0.9991633206103842,2.1631444649989144,0.11134460959006963
test/counting_and_probability/119.json|128,17,16,0.9866766686624098,0.9989933454771022,2.1615699871650023,0.11542673580063774
test/counting_and_probability/119.json|128,17,17,0.9671365454572302,0.9976581089339934,2.8168698669990615,0.18128280266691002
test/counting_and_probability/119.json|128,17,18,0.9997544059820581,0.9999812057532282,1.1959243722761346,0.015671439561887282
test/counting_and_probability/119.json|128,17,19,0.9998591265127484,0.9999701539221925,1.1929411069783682,0.01186901374384402
test/counting_and_probability/119.json|128,17,20,0.9995173626373627,0.9999740170940171,1.2625989655825607,0.021969009140999442
test/counting_and_probability/119.json|128,17,21,0.9995573169370566,0.9999651331678118,1.2657168396861893,0.02104003476573582
test/counting_and_probability/119.json|128,17,22,0.9942949410597884,0.9998779378838677,1.6098492784098626,0.07553184057211608
test/counting_and_probability/119.json|128,17,23,0.993511096107242,0.9998170944073996,1.6856217432891867,0.08055373295358834
test/counting_and_probability/119.json|128,17,24,0.9726269662212917,0.9996085548818647,2.207793012303705,0.16544797907109127
test/counting_and_probability/119.json|128,17,25,0.9704699553901369,0.9995588479256935,2.2684353183581822,0.17184308135582033
test/counting_and_probability/119.json|128,17,26,0.9991954199994298,0.9999224881836726,1.362037467644666,0.028365119435147003
test/counting_and_probability/119.json|128,17,27,0.999033306628859,0.9999165753941275,1.386393765373566,0.031091692960354696
test/counting_and_probability/119.json|128,17,28,0.93607600644286,0.9945030290043015,3.410712862253205,0.2528319472636715
test/counting_and_probability/119.json|128,17,29,0.9092697511710525,0.9915187699150945,3.786883276833106,0.3012146225350747
test/counting_and_probability/119.json|128,17,30,0.9527060809359771,0.9987166857488036,2.6828384448000944,0.21747165117325734
test/counting_and_probability/119.json|128,17,31,0.9847207499352493,0.9991588589594381,2.2647237534790166,0.12360926366883158
test/counting_and_probability/119.json|128,18,0,0.9789955205335812,0.9957527779660492,2.7715749598915185,0.1449292222652796
test/counting_and_probability/119.json|128,18,1,0.9913957663070165,0.9983799375867037,2.2197376882490234,0.09275900868909426
test/counting_and_probability/119.json|128,18,2,0.9974146134063853,0.9996864784502116,1.6356299128823544,0.05084669697841479
test/counting_and_probability/119.json|128,18,3,0.97956686621687,0.9995211797483321,2.1703021601102086,0.14294451295215935
test/counting_and_probability/119.json|128,18,4,0.9729650873945508,0.9992199406049913,2.361910966814513,0.16442296860672845
test/counting_and_probability/119.json|128,18,5,0.9870776329981407,0.9995659640080281,1.9957506601476351,0.11367658950663209
test/counting_and_probability/119.json|128,18,6,0.982895407973293,0.9970070957226432,2.5844438401185523,0.13078452518056943
test/counting_and_probability/119.json|128,18,7,0.9634560397305223,0.996051653760618,3.0323670790722836,0.19116474640863493
test/counting_and_probability/119.json|128,18,8,0.9953168607090139,0.9994210538123689,1.843673227739188,0.0684334661622957
test/counting_and_probability/119.json|128,18,9,0.9962797060818877,0.9997173179827069,1.7117768289948372,0.06099421216896198
test/counting_and_probability/119.json|128,18,10,0.9290395641605158,0.9944256064289112,3.5260035660346185,0.26638400071979584
test/counting_and_probability/119.json|128,18,11,0.9498753182573983,0.998092509996163,2.9486384799970877,0.22388542101396788
test/counting_and_probability/119.json|128,18,12,0.9766566975363017,0.9996983365207665,2.0577887908330053,0.1527851513194208
test/counting_and_probability/119.json|128,18,13,0.9769242667773069,0.9997333448466581,2.0186700246547478,0.15190698872235298
test/counting_and_probability/119.json|128,18,14,0.9998416712374673,0.9999913692967792,1.164271085517641,0.012582875765608771
test/counting_and_probability/119.json|128,18,15,0.999714844313679,0.9999803979409537,1.225317595528477,0.01688655341746909
test/counting_and_probability/119.json|128,18,16,0.9826824665167952,0.9998114121275362,1.841197278275173,0.1315960998024058
test/counting_and_probability/119.json|128,18,17,0.9811568265982322,0.9992124543605102,2.1919628699227562,0.1372704389217423
test/counting_and_probability/119.json|128,18,18,0.9552739039899666,0.9991068807533316,2.5330036410109154,0.21148545105995686
test/counting_and_probability/119.json|128,18,19,0.8831883646894598,0.9977625462609319,3.0718624987314476,0.34177717201495506
test/counting_and_probability/119.json|128,18,20,0.9700990254219578,0.9998678831075468,1.9352120896476526,0.17291898270011363
test/counting_and_probability/119.json|128,18,21,0.9454377762624636,0.9997776979871402,2.2686665380124946,0.23358558118500464
test/counting_and_probability/119.json|128,18,22,0.9291838710738554,0.9932156592404651,3.495373257065838,0.26611300029525925
test/counting_and_probability/119.json|128,18,23,0.926087246117578,0.9951778208794293,3.4306584268669083,0.27186900132678243
test/counting_and_probability/119.json|128,18,24,0.998787680080326,0.9999722877412813,1.337784489957474,0.03481838479415674
test/counting_and_probability/119.json|128,18,25,0.9989489377269836,0.9999734851297638,1.3404515560779169,0.03242009057693137
test/counting_and_probability/119.json|128,18,26,0.984924359791264,0.9998643417258075,1.9146075149199635,0.12278289868192546
test/counting_and_probability/119.json|128,18,27,0.9608731221658847,0.9996633765570294,2.2307208221659294,0.197805151181953
test/counting_and_probability/119.json|128,18,28,0.8969393592330277,0.991427114607263,3.708720085651111,0.32103059163726483
test/counting_and_probability/119.json|128,18,29,0.939556069212982,0.9938141979742929,3.309873279376999,0.24585347422198053
test/counting_and_probability/119.json|128,18,30,0.9442563687939025,0.9960384105843588,3.292791694971971,0.2361008920061453
test/counting_and_probability/119.json|128,18,31,0.9611839495853921,0.9968175060687059,3.029335724985497,0.1970178936406739
test/counting_and_probability/119.json|128,20,0,0.999776799910644,0.9999781672722348,1.203163723858455,0.014939882508103805
test/counting_and_probability/119.json|128,20,1,0.9990694161788645,0.9999562757601771,1.3575238394559883,0.030505471986768756
test/counting_and_probability/119.json|128,20,2,0.9935657634084738,0.9999382984599968,1.5973807902929085,0.08021369329189498
test/counting_and_probability/119.json|128,20,3,0.9958222444857742,0.9999437253198757,1.5271795075074472,0.06463555920873458
test/counting_and_probability/119.json|128,20,4,0.9839290016468557,0.9994286488073196,2.1217084651496187,0.12677144139412588
test/counting_and_probability/119.json|128,20,5,0.9633475438513738,0.9995841724843917,2.3068902971898866,0.19144831195031786
test/counting_and_probability/119.json|128,20,6,0.9856857158815584,0.9986298215325916,2.3116170678903565,0.1196423174234
test/counting_and_probability/119.json|128,20,7,0.984709409968938,0.9987302112119787,2.2871373401782327,0.1236551253732009
test/counting_and_probability/119.json|128,20,8,0.9059191281472101,0.9982371765236614,3.000535118513396,0.3067260534300761
test/counting_and_probability/119.json|128,20,9,0.7682280148253753,0.9967654995931702,3.71934955923652,0.4814270299584608
test/counting_and_probability/119.json|128,20,10,0.9987514957203648,0.9999978501151553,1.2151348571273888,0.03533418004758548
test/counting_and_probability/119.json|128,20,11,0.9967639991977874,0.9999908382396236,1.335292842490069,0.056885857664384795
test/counting_and_probability/119.json|128,20,12,0.8921219043240065,0.9971479002210349,3.421723126381134,0.3284480106135421
test/counting_and_probability/119.json|128,20,13,0.9190676417857009,0.9978051805954118,3.1420584706478154,0.2844861300912562
test/counting_and_probability/119.json|128,20,14,0.9852471693882962,0.9998232616256612,1.9110109974637752,0.12146123089983836
test/counting_and_probability/119.json|128,20,15,0.960392425531626,0.9997303782074758,2.1100284258277,0.1990165180792138
test/counting_and_probability/119.json|128,20,16,0.9442041809487893,0.999768311574801,2.593271325694897,0.2362113863707901
test/counting_and_probability/119.json|128,20,17,0.9548856037231639,0.9987158053730264,2.772345223436089,0.21240149782154577
test/counting_and_probability/119.json|128,20,18,0.992241468530491,0.9998500801853734,1.7838171910755825,0.08808252647096926
test/counting_and_probability/119.json|128,20,19,0.9960537091693508,0.999811352613775,1.6703315251280333,0.06281950995231685
test/counting_and_probability/119.json|128,20,20,0.9999995218480273,1.0,1.0105756295285662,0.0006914853380098806
test/counting_and_probability/119.json|128,20,21,0.9999994672896678,1.0,1.0107405683033757,0.0007298700789726195
test/counting_and_probability/119.json|128,20,22,0.8646247790123672,0.999677952656801,2.632633814808991,0.36793371819885273
test/counting_and_probability/119.json|128,20,23,0.7883135161824251,0.9996453965161471,2.594438599492712,0.46009399454630456
test/counting_and_probability/119.json|128,20,24,0.9975928297333672,0.9999783490674323,1.4015498837328475,0.049062921505275664
test/counting_and_probability/119.json|128,20,25,0.9993213000288341,0.999969156031412,1.2852517302495998,0.026051870780538482
test/counting_and_probability/119.json|128,20,26,0.8219702645022187,0.9968964816734839,3.805246754770788,0.4219357006675085
test/counting_and_probability/119.json|128,20,27,0.9247509971201151,0.9998318305920769,2.4209011232432283,0.2743155170235269
test/counting_and_probability/119.json|128,20,28,0.9777963970191275,0.9999891732300018,1.768191154625738,0.1490087345791264
test/counting_and_probability/119.json|128,20,29,0.9660114250417864,0.9999684631437461,1.8734308652222098,0.18435990604850505
test/counting_and_probability/119.json|128,20,30,0.9616956870994283,0.9995168306199108,2.412472438356048,0.19571487654384292
test/counting_and_probability/119.json|128,20,31,0.971468832588277,0.9993757124387548,2.389671378705014,0.16891171484453946
test/counting_and_probability/119.json|128,21,0,0.9969082254577405,0.9997567788534963,1.6667965275712542,0.05560372777305049
test/counting_and_probability/119.json|128,21,1,0.9989704456647946,0.9998709782954568,1.4370840452154807,0.03208666911982843
test/counting_and_probability/119.json|128,21,2,0.8896437702245272,0.9911154836142232,3.895174460182386,0.332199081539177
test/counting_and_probability/119.json|128,21,3,0.9532132251509875,0.9983528154451113,2.8185782486660953,0.21630250772705456
test/counting_and_probability/119.json|128,21,4,0.9347948394290005,0.9984693908084742,3.072674459330675,0.25535301167403424
test/counting_and_probability/119.json|128,21,5,0.953418172600636,0.9973717109412007,3.06434385375122,0.21582823587140773
test/counting_and_probability/119.json|128,21,6,0.9410413565832261,0.9932914602474848,3.4745647262288024,0.24281400992688607
test/counting_and_probability/119.json|128,21,7,0.9026269740532852,0.9951196036733365,3.441663330094388,0.3120465124732446
test/counting_and_probability/119.json|128,21,8,0.9990563760629755,0.9999299173339862,1.3807970338442959,0.030718462478198972
test/counting_and_probability/119.json|128,21,9,0.9970516063390463,0.9998182003908691,1.6020880571111047,0.05429911289287952
test/counting_and_probability/119.json|128,21,10,0.9990257091622364,0.9999791821057682,1.3365822997741976,0.031213632242396424
test/counting_and_probability/119.json|128,21,11,0.9846164170109232,0.9998804930184328,1.899544874789974,0.1240305727999223
test/counting_and_probability/119.json|128,21,12,0.9995982433117573,0.9999950136581246,1.1900448313184793,0.020043869093633492
test/counting_and_probability/119.json|128,21,13,0.9997286225059449,0.9999924242857112,1.1844030356582578,0.01647353920853522
test/counting_and_probability/119.json|128,21,14,0.8858038079342606,0.9957435932440171,3.6934672180068775,0.33792927080343216
test/counting_and_probability/119.json|128,21,15,0.8531786073184527,0.9904953780761293,4.0208960047813065,0.3831727974185371
test/counting_and_probability/119.json|128,21,16,0.9999276806184058,0.9999975993566276,1.1114229365523722,0.008504080290909979
test/counting_and_probability/119.json|128,21,17,0.9999742447485563,0.9999960230861742,1.0841537741014404,0.005074963196286242
test/counting_and_probability/119.json|128,21,18,0.990236783295058,0.9998772468606706,1.8920830873984082,0.09880899101267028
test/counting_and_probability/119.json|128,21,19,0.9757233809965556,0.999547389455396,2.352751269386762,0.15580956005150762
test/counting_and_probability/119.json|128,21,20,0.949971389069103,0.9974014740595027,2.9823712943203162,0.22367076458691926
test/counting_and_probability/119.json|128,21,21,0.9286575735457311,0.9981047966102224,3.228299300679685,0.2671000308016997
test/counting_and_probability/119.json|128,21,22,0.9998129808729305,0.9999587598848001,1.2095580331074995,0.013675493668220247
test/counting_and_probability/119.json|128,21,23,0.9994608055735228,0.9999677122705094,1.2782135967342874,0.023220560425562677
test/counting_and_probability/119.json|128,21,24,0.9993954682540455,0.9999764152240469,1.2859767132163498,0.02458722729293687
test/counting_and_probability/119.json|128,21,25,0.9992295434812779,0.9999671979992029,1.316267319995142,0.027757098528522317
test/counting_and_probability/119.json|128,21,26,0.7862021395457623,0.9866516304291584,4.477884091315383,0.46238280726497355
test/counting_and_probability/119.json|128,21,27,0.7972888340177886,0.97725716278936,4.607380232528613,0.4502345677335442
test/counting_and_probability/119.json|128,21,28,0.9371233056903789,0.9994921702473516,2.4203319386913535,0.25075225683853986
test/counting_and_probability/119.json|128,21,29,0.9861139311394408,0.9996229596453285,2.0319072781866887,0.11783916522344856
test/counting_and_probability/119.json|128,21,30,0.9852830193655464,0.9996505450140298,2.097979344691661,0.12131356327490175
test/counting_and_probability/119.json|128,21,31,0.9878545251521513,0.9998424971216463,1.8312634864160153,0.1102065100066628
test/counting_and_probability/119.json|128,22,0,0.9967333748039993,0.9999490079342358,1.5015975960882009,0.057154397871036475
test/counting_and_probability/119.json|128,22,1,0.9962265604978826,0.9999001628815203,1.5877876093463443,0.06142832817289913
test/counting_and_probability/119.json|128,22,2,0.9927054837647155,0.9996584561547207,1.8038009598539,0.08540794011849567
test/counting_and_probability/119.json|128,22,3,0.9952620190836335,0.9997069142764469,1.7251136181590463,0.06883299293483074
test/counting_and_probability/119.json|128,22,4,0.7972274736323115,0.9934220764501424,4.0353073658592296,0.4503027052635688
test/counting_and_probability/119.json|128,22,5,0.8323317921525121,0.9963292620921296,3.6129821102960475,0.40947308562039575
test/counting_and_probability/119.json|128,22,6,0.9978774933070033,0.9998629535065399,1.4917162284657481,0.046070670637583945
test/counting_and_probability/119.json|128,22,7,0.9910726496279488,0.9996889318869935,1.8407278536808551,0.09448465680760643
test/counting_and_probability/119.json|128,22,8,0.9909353198806686,0.9996533447971425,1.897355071677906,0.09520861368243616
test/counting_and_probability/119.json|128,22,9,0.9926939027946653,0.9997735804932388,1.8183689328073631,0.08547571120110499
test/counting_and_probability/119.json|128,22,10,0.9616639350574153,0.9977970884736815,2.872177348753017,0.1957959778508861
test/counting_and_probability/119.json|128,22,11,0.9866064620990473,0.99908695182892,2.209391018630031,0.11573045364532474
test/counting_and_probability/119.json|128,22,12,0.9999967622871204,0.9999999047731506,1.0255472583293233,0.0017993645766153034
test/counting_and_probability/119.json|128,22,13,0.9999953022331775,0.9999992953349766,1.0397785916427866,0.002167433233700142
test/counting_and_probability/119.json|128,22,14,0.87347399130526,0.9944326211342746,3.7920570547790047,0.35570494612071385
test/counting_and_probability/119.json|128,22,15,0.981774430031072,0.998985554315547,2.3654998015582867,0.13500211097952503
test/counting_and_probability/119.json|128,22,16,0.9998298613268299,0.9999967515289132,1.1396911470342816,0.01304372159968395
test/counting_and_probability/119.json|128,22,17,0.9998145183452061,0.9999975809370095,1.1427426894934223,0.013619164981522497
test/counting_and_probability/119.json|128,22,18,0.9904298859672633,0.9999959026113381,1.4499745005349878,0.09782695964168908
test/counting_and_probability/119.json|128,22,19,0.981190914527762,0.9999861386873141,1.5874406987823007,0.1371462193144165
test/counting_and_probability/119.json|128,22,20,0.8478023232271018,0.9968198582782727,3.640142481993648,0.3901252065336181
test/counting_and_probability/119.json|128,22,21,0.9415188001415148,0.9966418408721198,3.1183899376707522,0.24182886481659963
test/counting_and_probability/119.json|128,22,22,0.9974076305130294,0.9999926393612295,1.3850240564866216,0.050915316820880276
test/counting_and_probability/119.json|128,22,23,0.9950106050916118,0.9999912418953473,1.4682207056388534,0.07063564899106
test/counting_and_probability/119.json|128,22,24,0.9996420295868143,0.9999795630847026,1.2427665801748584,0.018920106056408578
test/counting_and_probability/119.json|128,22,25,0.999794292607783,0.9999609847998184,1.216982532584489,0.014342502996933139
test/counting_and_probability/119.json|128,22,26,0.9999525987331834,0.9999992139093397,1.0850678056261749,0.006884857792036907
test/counting_and_probability/119.json|128,22,27,0.9999423314617373,0.999998320333837,1.0943713366960732,0.007593980396519528
test/counting_and_probability/119.json|128,22,28,0.9999027760452228,0.999994174597751,1.1374761061557643,0.009860220828013
test/counting_and_probability/119.json|128,22,29,0.9989652436851122,0.9999619622289231,1.3266325245236898,0.032167628369026646
test/counting_and_probability/119.json|128,22,30,0.9820143132381015,0.9999021645080204,1.7738707899577175,0.13411072575263505
test/counting_and_probability/119.json|128,22,31,0.9828138500042591,0.999686646898717,1.9125945928544068,0.131095957205937
test/counting_and_probability/119.json|128,24,0,0.8889691185532865,0.9975954409275845,3.508485739736508,0.3332129671046934
test/counting_and_probability/119.json|128,24,1,0.8982630624084768,0.9973898610979853,3.399711683328453,0.3189622823964038
test/counting_and_probability/119.json|128,24,2,0.9998682950819976,0.9999940723524949,1.137428800485432,0.011476276312567878
test/counting_and_probability/119.json|128,24,3,0.999685170102236,0.9999769601756636,1.2168341292712102,0.017743446614567046
test/counting_and_probability/119.json|128,24,4,0.8419983172675088,0.9892273834790626,4.100514393670719,0.39749425496790664
test/counting_and_probability/119.json|128,24,5,0.7857897934127145,0.9946402896232396,4.0268138268023685,0.4628284850647003
test/counting_and_probability/119.json|128,24,6,0.9979181755129592,0.9997804218213208,1.5710397669388843,0.04562701488198358
test/counting_and_probability/119.json|128,24,7,0.9995483547496926,0.999969740311352,1.2773399680311968,0.021251946976862765
test/counting_and_probability/119.json|128,24,8,0.8593489111416672,0.9989330711829326,2.7971393540944547,0.37503478353125164
test/counting_and_probability/119.json|128,24,9,0.9676911327328217,0.9990949194433191,2.4252753921404206,0.1797466752604295
test/counting_and_probability/119.json|128,24,10,0.9961517480239954,0.9998439136926056,1.6229589934858497,0.06203428065194743
test/counting_and_probability/119.json|128,24,11,0.9982564184433587,0.9999644106198948,1.4319934146721989,0.04175621578449534
test/counting_and_probability/119.json|128,24,12,0.9972603795354261,0.999842358369083,1.5811198624567506,0.0523413838618533
test/counting_and_probability/119.json|128,24,13,0.9964955068578314,0.9998748349126806,1.5716427451017763,0.05919875963370016
test/counting_and_probability/119.json|128,24,14,0.9822049330478537,0.9994378586480122,2.2379988725489253,0.13339815198175076
test/counting_and_probability/119.json|128,24,15,0.9713421043071766,0.9991172208774575,2.497582483561569,0.16928643091761195
test/counting_and_probability/119.json|128,24,16,0.9804398559522922,0.9997711961975146,1.9324787834064843,0.1398575848772879
test/counting_and_probability/119.json|128,24,17,0.9859620002095743,0.9999685450853151,1.619765743262463,0.11848206526907669
test/counting_and_probability/119.json|128,24,18,0.8986246348851865,0.9945923955875033,3.5988445166630743,0.31839498286689993
test/counting_and_probability/119.json|128,24,19,0.9513286808620496,0.9956003159895799,3.100901902791984,0.22061577264092072
test/counting_and_probability/119.json|128,24,20,0.999984441400054,0.9999996490541365,1.0512814832117174,0.003944439116776032
test/counting_and_probability/119.json|128,24,21,0.9999952017884578,0.9999998685421495,1.0349401590715916,0.0021904820342109007
test/counting_and_probability/119.json|128,24,22,0.9999945411940436,0.9999998885957968,1.0355394351330198,0.002336408773389395
test/counting_and_probability/119.json|128,24,23,0.9999779563543123,1.0,1.0505757940874911,0.0046950661004609
test/counting_and_probability/119.json|128,24,24,0.9999982188683797,0.9999998091644693,1.0254994616524398,0.001334590431669673
test/counting_and_probability/119.json|128,24,25,0.9999907294052974,0.9999995925013317,1.0440610168124995,0.0030447651309371358
test/counting_and_probability/119.json|128,24,26,0.9928678322325882,0.9998077392558363,1.742830716917128,0.08445216259760177
test/counting_and_probability/119.json|128,24,27,0.9976932141424145,0.9999697949898267,1.393638650169365,0.048029010583037005
test/counting_and_probability/119.json|128,24,28,0.8408159806130502,0.9999791368470414,2.1483717884007327,0.3989787204688363
test/counting_and_probability/119.json|128,24,29,0.8918860676087493,0.9999854098765723,1.9375910960699128,0.32880683142424316
test/counting_and_probability/119.json|128,24,30,0.9777131030584725,0.9994493867271376,2.1496282269227547,0.14928796649940518
test/counting_and_probability/119.json|128,24,31,0.7138604705218409,0.9709862706403131,5.204992535754638,0.5349201150435073
test/counting_and_probability/119.json|128,25,0,0.999995047416652,0.9999990713906223,1.0409758827390727,0.0022254400346860713
test/counting_and_probability/119.json|128,25,1,0.9999973078822711,0.9999995403701438,1.0313339169214486,0.0016407674207068554
test/counting_and_probability/119.json|128,25,2,0.9707083832987602,0.9999396807550739,1.83221608363263,0.17114793805722525
test/counting_and_probability/119.json|128,25,3,0.9683311338774883,0.9998189486191648,1.93894579847629,0.17795748403062947
test/counting_and_probability/119.json|128,25,4,0.9997171942594623,0.9999769306315075,1.2245301885183035,0.016816829086892075
test/counting_and_probability/119.json|128,25,5,0.9999259703652873,0.9999888694091098,1.1382251571811324,0.008604047577315126
test/counting_and_probability/119.json|128,25,6,0.9999841284484665,0.9999993386853527,1.05597116539623,0.003983911587056894
test/counting_and_probability/119.json|128,25,7,0.9999846453533697,0.9999989287455839,1.058041974254908,0.0039185005589220355
test/counting_and_probability/119.json|128,25,8,0.9999997464066241,1.0,1.0124842061515122,0.0005035805554765458
test/counting_and_probability/119.json|128,25,9,0.9999997295764897,1.0,1.0109378103015731,0.0005200226055195151
test/counting_and_probability/119.json|128,25,10,0.9991496347915683,0.9999554105458671,1.3529503309270252,0.029161022074538745
test/counting_and_probability/119.json|128,25,11,0.9987477734100618,0.9999478657557724,1.3854453103645221,0.03538681378618562
test/counting_and_probability/119.json|128,25,12,0.9999802613122625,0.9999976971530973,1.0718230208724775,0.0044428242973951785
test/counting_and_probability/119.json|128,25,13,0.999970906507628,0.9999970327532656,1.0817064665561793,0.005393838370957373
test/counting_and_probability/119.json|128,25,14,0.8945420889043125,0.998608416963886,3.1387142842394535,0.32474283840554125
test/counting_and_probability/119.json|128,25,15,0.9343879300186532,0.9973434983706735,3.1477697410184398,0.25614853109347874
test/counting_and_probability/119.json|128,25,16,0.9769053127634673,0.9999707365199869,1.7608508859270628,0.15196936282202653
test/counting_and_probability/119.json|128,25,17,0.9770259907007438,0.9999382502940128,1.8203673163549654,0.15157179585680244
test/counting_and_probability/119.json|128,25,18,0.9997116491421926,0.9999939947083695,1.1856468648610268,0.01698089684932539
test/counting_and_probability/119.json|128,25,19,0.9999147640858437,0.9999963077530273,1.1162108544720049,0.009232329833596882
test/counting_and_probability/119.json|128,25,20,0.9583243880958086,0.999002180204749,2.6067449199038264,0.20414605532361246
test/counting_and_probability/119.json|128,25,21,0.9614896410259127,0.9991025261499221,2.47707755045986,0.1962405640383437
test/counting_and_probability/119.json|128,25,22,0.9279032841974508,0.9938171493399777,3.5028828197843547,0.26850831607708014
test/counting_and_probability/119.json|128,25,23,0.9650569799963743,0.9994562512069615,2.3352500212194136,0.18693052186206965
test/counting_and_probability/119.json|128,25,24,0.8358512419831536,0.9910421019245669,4.108609891593079,0.4051527588661422
test/counting_and_probability/119.json|128,25,25,0.8871536817350117,0.9955874127026864,3.564169704180451,0.33592606071126463
test/counting_and_probability/119.json|128,25,26,0.9999666796141065,0.9999976401992994,1.0843031629887048,0.005772381301814936
test/counting_and_probability/119.json|128,25,27,0.999932890911134,0.9999949299452093,1.1096984688973226,0.008192013724718714
test/counting_and_probability/119.json|128,25,28,0.9999732137315156,0.9999980910935103,1.0794679425910425,0.005175545235470582
test/counting_and_probability/119.json|128,25,29,0.9999953470022243,0.9999992791130207,1.0392095244701085,0.002157080845899104
test/counting_and_probability/119.json|128,25,30,0.9980363280261988,0.999999936877689,1.2174511263666923,0.04431333855399756
test/counting_and_probability/119.json|128,25,31,0.9980168449944632,0.9999999107691786,1.220817052197955,0.04453262854960178
test/counting_and_probability/119.json|128,26,0,0.9925263419603391,0.9999627065167886,1.5749674416050572,0.08645032122358444
test/counting_and_probability/119.json|128,26,1,0.9849652890294386,0.999956082578555,1.69456700870467,0.12261611219803625
test/counting_and_probability/119.json|128,26,2,0.9999993186623161,0.9999999026660451,1.0161725861127726,0.0008254318166503779
test/counting_and_probability/119.json|128,26,3,0.9999937453157267,0.9999997843212319,1.0392149482556428,0.002500936679184024
test/counting_and_probability/119.json|128,26,4,0.9902997742683971,0.9998763286727307,1.7254222229368448,0.09848972398988078
test/counting_and_probability/119.json|128,26,5,0.9972300868139399,0.9999142713033207,1.5581066557323533,0.05262996471650085
test/counting_and_probability/119.json|128,26,6,0.8880110496986539,0.999937865607512,2.2029804509353053,0.33464750156148804
test/counting_and_probability/119.json|128,26,7,0.8306675571261691,0.9995748016245302,2.625361820222509,0.41150023435452726
test/counting_and_probability/119.json|128,26,8,0.9592665406136563,0.998915701678176,2.6226890307311557,0.2018253189923
test/counting_and_probability/119.json|128,26,9,0.9329166742613533,0.998006425978772,2.8672012561600395,0.2590044898040316
test/counting_and_probability/119.json|128,26,10,0.9994858689293077,0.999993162645532,1.226807969217699,0.02267445855345424
test/counting_and_probability/119.json|128,26,11,0.9997799939205738,0.9999892627584468,1.1877042101348012,0.014832601910190358
test/counting_and_probability/119.json|128,26,12,0.9999953559739589,0.9999994756744792,1.036496459528842,0.00215500024154437
test/counting_and_probability/119.json|128,26,13,0.9999921336609406,0.9999999189037211,1.0321217622712802,0.0028046994597209847
test/counting_and_probability/119.json|128,26,14,0.9952462634614384,0.9999770073202487,1.5027834758861733,0.06894734613138923
test/counting_and_probability/119.json|128,26,15,0.995086949324788,0.9998466541625284,1.6548012067351834,0.07009315712116249
test/counting_and_probability/119.json|128,26,16,0.9999993141354868,1.0,1.0134090100338442,0.0008281693746954977
test/counting_and_probability/119.json|128,26,17,0.9999995347714169,1.0,1.0131283982890649,0.0006820766695188597
test/counting_and_probability/119.json|128,26,18,0.9990948302567123,0.999919902541246,1.374788893852561,0.030086039009608635
test/counting_and_probability/119.json|128,26,19,0.9994521354421427,0.9999582018335276,1.3034237319325201,0.02340650674187136
test/counting_and_probability/119.json|128,26,20,0.9997292458083131,0.9999595045904608,1.2306799574007963,0.016454610043597898
test/counting_and_probability/119.json|128,26,21,0.9998414232730215,0.9999979278144343,1.1395382109067471,0.012592725160921237
test/counting_and_probability/119.json|128,26,22,0.9943870502739502,0.9999504028149206,1.5815535768984066,0.07491962176926519
test/counting_and_probability/119.json|128,26,23,0.9957791629358081,0.9996925528922538,1.6927803812764752,0.06496796952492706
test/counting_and_probability/119.json|128,26,24,0.9996051143958504,0.9999793148047751,1.2388358893572726,0.0198717287660026
test/counting_and_probability/119.json|128,26,25,0.9997616390247714,0.999984662838889,1.1982531954819766,0.01543894346218541
test/counting_and_probability/119.json|128,26,26,0.9999840805389455,0.9999987627361875,1.0618933616333806,0.00398991993083862
test/counting_and_probability/119.json|128,26,27,0.9999943227342002,0.9999996376213319,1.0389659943162248,0.002382701366056669
test/counting_and_probability/119.json|128,26,28,0.9999852582853701,0.9999996051326439,1.0484312198612338,0.0038394940591040894
test/counting_and_probability/119.json|128,26,29,0.9999883604359956,0.999999718397645,1.0435873566631466,0.0034116805249622168
test/counting_and_probability/119.json|128,26,30,0.9960593691052698,0.9996952750519882,1.713318479616508,0.06277444459913747
test/counting_and_probability/119.json|128,26,31,0.9966876127015897,0.9997238478362014,1.6787606227740044,0.05755334306893323
test/counting_and_probability/119.json|128,28,0,0.9966341899314293,0.9999598315148339,1.5256678881508758,0.05801560194094972
test/counting_and_probability/119.json|128,28,1,0.9991257345789772,0.9999880033534155,1.2755190426404994,0.02956797965743952
test/counting_and_probability/119.json|128,28,2,0.9908986491804176,0.9999580257024137,1.7643190678043679,0.09540100009739107
test/counting_and_probability/119.json|128,28,3,0.9902641209493842,0.9999660060089015,1.7423271755266792,0.09867055817525201
test/counting_and_probability/119.json|128,28,4,0.8235303064322914,0.998468367003137,3.1145381073227387,0.4200829603396317
test/counting_and_probability/119.json|128,28,5,0.791840562664649,0.9980820924146777,3.80558653189042,0.4562449312982568
test/counting_and_probability/119.json|128,28,6,0.9910398768567542,0.9998834571613563,1.7386080995450657,0.09465792699634717
test/counting_and_probability/119.json|128,28,7,0.9951207488478585,0.999966236347183,1.5572084401088684,0.06985163671769971
test/counting_and_probability/119.json|128,28,8,0.9986021551191733,0.9999499313883126,1.4061580962942575,0.03738776378478294
test/counting_and_probability/119.json|128,28,9,0.9997274693896324,0.9999833050255634,1.2072021659507506,0.016508501154483494
test/counting_and_probability/119.json|128,28,10,0.9999401608473224,0.9999974400362491,1.1057719795356875,0.007735577074633719
test/counting_and_probability/119.json|128,28,11,0.9999714176349838,0.9999987922944359,1.0762180993773558,0.00534624775110906
test/counting_and_probability/119.json|128,28,12,0.9999996510071967,1.0,1.0114920572929897,0.000590756128468339
test/counting_and_probability/119.json|128,28,13,0.9999997733980831,1.0,1.0097635401803482,0.00047602722285314025
test/counting_and_probability/119.json|128,28,14,0.9999927911402354,0.9999994308794923,1.0430615657254427,0.0026849319850926648
test/counting_and_probability/119.json|128,28,15,0.9999910812513739,0.9999992130515918,1.0496304936385705,0.002986427401775313
test/counting_and_probability/119.json|128,28,16,0.9995544403979074,0.9999753305983022,1.2799620176813131,0.021108282784077493
test/counting_and_probability/119.json|128,28,17,0.9998919670247012,0.9999947497993312,1.1311957062376083,0.010393891249133879
test/counting_and_probability/119.json|128,28,18,0.9572733021639215,0.9986263281965782,2.697442137426777,0.20670437304536768
test/counting_and_probability/119.json|128,28,19,0.8023016052305982,0.9990014611619965,3.3837360238228102,0.44463287639287513
test/counting_and_probability/119.json|128,28,20,1.0,1.0,1.004635983215683,0.0
test/counting_and_probability/119.json|128,28,21,1.0,1.0,1.0044657728774768,0.0
test/counting_and_probability/119.json|128,28,22,0.7229354636043535,0.9963919180073865,3.562509651498393,0.5263692016024936
test/counting_and_probability/119.json|128,28,23,0.8267740167436592,0.9928869859316596,4.11575274281555,0.41620425665331773
test/counting_and_probability/119.json|128,28,24,1.0,1.0,1.0024911857220522,0.0
test/counting_and_probability/119.json|128,28,25,1.0,1.0,1.003456345660878,0.0
test/counting_and_probability/119.json|128,28,26,0.974793936546344,0.9985307182804598,2.523872184691707,0.15876417559908138
test/counting_and_probability/119.json|128,28,27,0.9836981294059858,0.998239988589414,2.3291597079361774,0.1276787789494175
test/counting_and_probability/119.json|128,28,28,1.0,1.0,1.002701561921877,0.0
test/counting_and_probability/119.json|128,28,29,1.0,1.0,1.002278097196563,0.0
test/counting_and_probability/119.json|128,28,30,0.9951009528136339,0.9999569499371902,1.6568275963966053,0.06999319385744684
test/counting_and_probability/119.json|128,28,31,0.997105106070141,0.9999611710223809,1.5288898148605485,0.05380421851359777
test/counting_and_probability/119.json|128,29,0,0.9997699947838222,0.9999998659252601,1.113611711065705,0.015165922859416616
test/counting_and_probability/119.json|128,29,1,0.9995696639694445,0.9999969511918245,1.1703168037980733,0.020744542187176213
test/counting_and_probability/119.json|128,29,2,0.9999980947875216,0.9999999237915008,1.0220127259169753,0.0013802943448583686
test/counting_and_probability/119.json|128,29,3,0.9999984061781998,0.9999998861555857,1.0229040268731837,0.0012624665540937696
test/counting_and_probability/119.json|128,29,4,0.9955471914111697,0.9998780824376193,1.5866110611259008,0.06672936826338421
test/counting_and_probability/119.json|128,29,5,0.999408387036827,0.9999789548509209,1.274889581572806,0.024323095263000655
test/counting_and_probability/119.json|128,29,6,0.9863646096633852,0.999259611164764,2.143516904915829,0.11677067412931537
test/counting_and_probability/119.json|128,29,7,0.96422022376102,0.999636619931048,2.2137881706847495,0.18915542878537742
test/counting_and_probability/119.json|128,29,8,0.9914501377980441,0.9999985295544844,1.570881287088013,0.0924654649150474
test/counting_and_probability/119.json|128,29,9,0.9987738839005059,0.9999966398869268,1.2765025819836866,0.03501594064842581
test/counting_and_probability/119.json|128,29,10,0.9996001913721573,0.9999768332170016,1.2540178689246466,0.01999521512369206
test/counting_and_probability/119.json|128,29,11,0.9992044126239049,0.9999686792331879,1.2805430725379352,0.028206158478160156
test/counting_and_probability/119.json|128,29,12,0.9994039977314051,0.9999834633890268,1.2663954391368424,0.024413157694057285
test/counting_and_probability/119.json|128,29,13,0.9993234418301237,0.9999943682727258,1.2578281625088874,0.026010731821237344
test/counting_and_probability/119.json|128,29,14,0.9996156619861706,0.9999861937578817,1.2286660341866458,0.01960454064316279
test/counting_and_probability/119.json|128,29,15,0.9993993465056903,0.9999652248664461,1.294423281513101,0.024508233194371863
test/counting_and_probability/119.json|128,29,16,0.9998898888039703,0.9999983721681686,1.1221083330391637,0.01049338820542063
test/counting_and_probability/119.json|128,29,17,0.9999818798400913,0.9999989743305712,1.062202592792712,0.004256778113626811
test/counting_and_probability/119.json|128,29,18,0.988047244573538,0.9999709029293381,1.5811847494655666,0.10932865784624822
test/counting_and_probability/119.json|128,29,19,0.9708423636587232,0.9999677028892959,1.7967042429663445,0.17075607263367465
test/counting_and_probability/119.json|128,29,20,0.9996066798252273,0.9999991594089912,1.1546058291024042,0.019832301297950047
test/counting_and_probability/119.json|128,29,21,0.9997128948304104,0.9999990508920014,1.1558979219954657,0.01694417804408434
test/counting_and_probability/119.json|128,29,22,0.6347503225834049,0.9913792395829636,4.002076703124519,0.6043588978550701
test/counting_and_probability/119.json|128,29,23,0.9736117261353445,0.9995690615857334,2.2229696448164735,0.16244467939780446
test/counting_and_probability/119.json|128,29,24,0.8852952420024056,0.9994525821567062,2.4892424409293312,0.3386809088177165
test/counting_and_probability/119.json|128,29,25,0.9659931058902953,0.9996025941114867,2.1258742160721336,0.18440958247798486
test/counting_and_probability/119.json|128,29,26,0.9762961647371348,0.9984677738038299,2.5310805997180776,0.15396049903421732
test/counting_and_probability/119.json|128,29,27,0.9530992187914045,0.9991728064676556,2.5181418798673993,0.21656588191263076
test/counting_and_probability/119.json|128,29,28,0.9997393830735393,0.9999845005889398,1.1965353671270136,0.0161436342395612
test/counting_and_probability/119.json|128,29,29,0.9998035813694223,0.9999832112987409,1.1916873881383818,0.014014943117177917
test/counting_and_probability/119.json|128,29,30,0.9210381285722998,0.9987945752640258,2.722194562062173,0.28100155057881826
test/counting_and_probability/119.json|128,29,31,0.972785380404894,0.9992047684767419,2.309351921758422,0.1649685412286414
test/counting_and_probability/119.json|128,30,0,0.9017854835873381,0.9857363628769527,4.177705800153486,0.31339195333106734
test/counting_and_probability/119.json|128,30,1,0.7352895897066061,0.9803034262669849,4.891021957260456,0.5145001557758695
test/counting_and_probability/119.json|128,30,2,0.9997194419984871,0.9999972796573867,1.166720803701624,0.01674986571626599
test/counting_and_probability/119.json|128,30,3,0.9997801441469718,0.9999988522001029,1.144111877654639,0.014827536984549883
test/counting_and_probability/119.json|128,30,4,0.8881483007439492,0.9990284496613951,2.8958092579395074,0.3344423706052371
test/counting_and_probability/119.json|128,30,5,0.9460478038990691,0.9999289401802771,2.172687447020208,0.23227612038462098
test/counting_and_probability/119.json|128,30,6,0.9921942536827704,0.9996667242272492,1.863194335542326,0.08835013478897265
test/counting_and_probability/119.json|128,30,7,0.9959981044722648,0.9997996490931926,1.6730613855297263,0.06326053689098142
test/counting_and_probability/119.json|128,30,8,0.9879659663335592,0.9985596300732107,2.269102133311662,0.10969974323780729
test/counting_and_probability/119.json|128,30,9,0.9587994654242408,0.994295719625789,3.163319081247863,0.2029791481304403
test/counting_and_probability/119.json|128,30,10,0.9997535270272119,0.9999975311555314,1.1438269629108615,0.01569945772274079
test/counting_and_probability/119.json|128,30,11,0.9996509690606097,0.9999967272821193,1.1557185628721678,0.01868236974771444
test/counting_and_probability/119.json|128,30,12,0.991978831272991,0.999797335828688,1.8441435133857975,0.08956097770239546
test/counting_and_probability/119.json|128,30,13,0.9435074011740607,0.9989054965228016,2.7385331961967423,0.23768171748356934
test/counting_and_probability/119.json|128,30,14,0.990289767072926,0.9996693633999832,1.924685133360418,0.09854051414049939
test/counting_and_probability/119.json|128,30,15,0.9805046729928283,0.9993151721951573,2.166056838729071,0.13962566743679944
test/counting_and_probability/119.json|128,30,16,0.9913079828125657,0.9998117044037159,1.7588939357207103,0.0932309883431163
test/counting_and_probability/119.json|128,30,17,0.988000737051572,0.9998553351499155,1.8200952128067327,0.10954114728460723
test/counting_and_probability/119.json|128,30,18,0.9859785133282851,0.9985482089161741,2.3489786128214316,0.11841235861055584
test/counting_and_probability/119.json|128,30,19,0.9977289866706271,0.9999183864800067,1.4748154701292533,0.04765515008236624
test/counting_and_probability/119.json|128,30,20,0.9999771594817101,1.0,1.0513301878037369,0.0047791754822285966
test/counting_and_probability/119.json|128,30,21,0.9999578691589217,1.0,1.0598290425643717,0.006490827457134543
test/counting_and_probability/119.json|128,30,22,0.9999924825112558,0.9999994891027068,1.0442969996606224,0.0027418039215393736
test/counting_and_probability/119.json|128,30,23,0.999968035751875,0.9999993853029207,1.064610616240217,0.005653693317205662
test/counting_and_probability/119.json|128,30,24,0.9991699158490849,0.9999999135779124,1.1555070155112175,0.028811181005212586
test/counting_and_probability/119.json|128,30,25,0.9995184386898877,0.9999999322508005,1.1289900687784498,0.021944505237355978
test/counting_and_probability/119.json|128,30,26,0.8632473824857928,0.998697692268413,2.8131785201519763,0.3698007808458592
test/counting_and_probability/119.json|128,30,27,0.984476114349085,0.9982738307416683,2.3397236085672963,0.12459488613468453
test/counting_and_probability/119.json|128,30,28,0.9620345470266414,0.9983820600530543,2.5208163044524503,0.19484725549352402
test/counting_and_probability/119.json|128,30,29,0.969882134130604,0.998357971420051,2.531801984048743,0.17354499667059267
test/counting_and_probability/119.json|128,30,30,0.9924035773500238,0.9997882434450002,1.7834915510335536,0.08715745894630118
test/counting_and_probability/119.json|128,30,31,0.9817851433027881,0.9991421329693897,2.335151614727057,0.13496242698326041
test/counting_and_probability/119.json|256,0,0,0.9986008001894973,0.9998912654198974,1.4265885183309717,0.03740587935743174
test/counting_and_probability/119.json|256,0,1,0.9931870962854297,0.9997498051314103,1.736001503298244,0.08254031569221387
test/counting_and_probability/119.json|256,0,2,0.8212313300936847,0.9937745834406198,4.062744809377551,0.42281044204976226
test/counting_and_probability/119.json|256,0,3,0.8668362738138091,0.9945354905031079,3.605988273660104,0.36491605361533613
test/counting_and_probability/119.json|256,0,4,0.987550259988557,0.9998237058496243,1.87058422801336,0.11157840297944287
test/counting_and_probability/119.json|256,0,5,0.9959615246627322,0.9999386063586919,1.578496644861023,0.06354899949855823
test/counting_and_probability/119.json|256,0,6,0.9888022997661533,0.9992295573586392,2.0601654751845944,0.10581918651098532
test/counting_and_probability/119.json|256,0,7,0.985878248348999,0.9993648593219203,2.0676931698373453,0.11883497654731559
test/counting_and_probability/119.json|256,0,8,0.7903037218621194,0.9971064577477884,3.8009873733475508,0.4579260618679402
test/counting_and_probability/119.json|256,0,9,0.7798906904925889,0.9960811501759546,3.9321122331881635,0.4691580858382504
test/counting_and_probability/119.json|256,0,10,0.9999139723013812,0.9999959746397705,1.1265784174647135,0.009275111784704401
test/counting_and_probability/119.json|256,0,11,0.9997587140538886,0.9999907307973177,1.186176354810003,0.01553338167017702
test/counting_and_probability/119.json|256,0,12,0.999842648351165,0.999997663597209,1.141655684239351,0.012543988553686323
test/counting_and_probability/119.json|256,0,13,0.9998309007049857,0.9999968642826342,1.146826809284856,0.013003818478212338
test/counting_and_probability/119.json|256,0,14,0.7151917136525525,0.9940590641177222,3.6389116057713857,0.5336743261085805
test/counting_and_probability/119.json|256,0,15,0.7361466149304148,0.9951860438018815,3.7441017213466172,0.5136666088715376
test/counting_and_probability/119.json|256,0,16,0.6164277552454742,0.9543508401686638,5.372427090007126,0.6193320956922269
test/counting_and_probability/119.json|256,0,17,0.5810797831581269,0.9599128105266074,5.872641664674426,0.6472404629207549
test/counting_and_probability/119.json|256,0,18,0.9829849024920213,0.9996929881633304,2.1066027877006013,0.13044193155568762
test/counting_and_probability/119.json|256,0,19,0.9813949272336905,0.9995958431847398,2.1759436289565977,0.13640041336561087
test/counting_and_probability/119.json|256,0,20,0.9999543631187527,0.9999949012587848,1.1049213621272633,0.006755507475183296
test/counting_and_probability/119.json|256,0,21,0.9999091988100173,0.9999938175255789,1.1331082669373678,0.009528965840148944
test/counting_and_probability/119.json|256,0,22,0.9129110363491434,0.9950358981012919,3.3102063112202886,0.2951083930539025
test/counting_and_probability/119.json|256,0,23,0.9646468607480574,0.9964589449316693,2.9686476518000084,0.18802430495003195
test/counting_and_probability/119.json|256,0,24,0.9797617244358573,0.998827735192453,2.28805607582611,0.14226129327453305
test/counting_and_probability/119.json|256,0,25,0.972659341619043,0.9985727006715345,2.434138042362773,0.16535010849998558
test/counting_and_probability/119.json|256,0,26,0.8170189529879992,0.9825648615128303,4.437197648494321,0.427762839681056
test/counting_and_probability/119.json|256,0,27,0.6984612420601174,0.9695603295039461,5.14595276605993,0.5491254482719614
test/counting_and_probability/119.json|256,0,28,0.6497548314431577,0.9976788871441779,3.698226795483357,0.5918151472857401
test/counting_and_probability/119.json|256,0,29,0.9226110556917885,0.9978602586106746,3.074690088811005,0.2781886847235371
test/counting_and_probability/119.json|256,0,30,0.9907599457765256,0.9997124653893955,1.8403365385592743,0.09612520077208891
test/counting_and_probability/119.json|256,0,31,0.9931107391215158,0.9996907146145716,1.8032747511110454,0.08300157154225565
test/counting_and_probability/119.json|256,1,0,0.9751627015061775,0.9987140672417,2.4372769674785673,0.15759853582385386
test/counting_and_probability/119.json|256,1,1,0.9666260311760392,0.999056251612468,2.559035091363923,0.1826854368141063
test/counting_and_probability/119.json|256,1,2,0.8321430203666692,0.9969029066175167,3.6279506051115282,0.40970352650829206
test/counting_and_probability/119.json|256,1,3,0.9298067606807962,0.9970589964779374,2.971721010060663,0.26494006740997833
test/counting_and_probability/119.json|256,1,4,0.9253525715707943,0.9918267433701474,3.804097453356491,0.2732168157877653
test/counting_and_probability/119.json|256,1,5,0.8027505317488705,0.9759638913947388,5.035847918253876,0.444127761180417
test/counting_and_probability/119.json|256,1,6,0.6642475794004734,0.9759168758878859,4.990886571082128,0.5794414729716252
test/counting_and_probability/119.json|256,1,7,0.7253711898883456,0.9887809282443629,4.32760787065012,0.5240503889051648
test/counting_and_probability/119.json|256,1,8,0.8264923752690719,0.9957538984974433,3.678060475779164,0.41654246449903287
test/counting_and_probability/119.json|256,1,9,0.8033060934943766,0.9984102073659948,3.176580644816165,0.44350186753341114
test/counting_and_probability/119.json|256,1,10,0.8955820824463278,0.9996225931451498,2.686887370650148,0.3231376139567665
test/counting_and_probability/119.json|256,1,11,0.8791781353055764,0.9989550968445563,2.9823641838015296,0.3475943968110297
test/counting_and_probability/119.json|256,1,12,0.7298997420443528,0.9737770523644481,5.174394335900253,0.5197117065793758
test/counting_and_probability/119.json|256,1,13,0.8926418514682567,0.9985987215837155,3.284676704420493,0.3276555333452242
test/counting_and_probability/119.json|256,1,14,0.95644952053541,0.9989027060798445,2.7612415963346626,0.2086875163122845
test/counting_and_probability/119.json|256,1,15,0.9452568815757479,0.9950452930683723,3.1682372288856153,0.23397247364647847
test/counting_and_probability/119.json|256,1,16,0.9510173461086401,0.9993732282335974,2.658154237184531,0.2213202518780419
test/counting_and_probability/119.json|256,1,17,0.808762344794643,0.9989944947976417,3.2112187361742355,0.43730727778686346
test/counting_and_probability/119.json|256,1,18,0.8713279842607858,0.990024726012062,4.008111121753116,0.35870881748183187
test/counting_and_probability/119.json|256,1,19,0.7101256953243897,0.9775898244144454,4.826990941055222,0.5383997628859157
test/counting_and_probability/119.json|256,1,20,0.8652155886064218,0.9976114388379248,3.2264945055959138,0.36712996526240976
test/counting_and_probability/119.json|256,1,21,0.7612297120296547,0.9960398978420021,3.6097111254405534,0.4886412671585826
test/counting_and_probability/119.json|256,1,22,0.8582418182587562,0.9975375452060137,3.457527906767975,0.37650787739600317
test/counting_and_probability/119.json|256,1,23,0.8017671758268767,0.9780224067436001,4.858428059398811,0.44523344907264467
test/counting_and_probability/119.json|256,1,24,0.8830586808433382,0.9959436781786654,3.6704181941510114,0.34196683926466004
test/counting_and_probability/119.json|256,1,25,0.7811673555485126,0.9981943153110621,3.2137596660565437,0.46779551563849714
test/counting_and_probability/119.json|256,1,26,0.9370606208931209,0.9990446079690428,2.7465968194610855,0.25087721918675493
test/counting_and_probability/119.json|256,1,27,0.9382703944468201,0.998274618665279,2.8315193660345903,0.24845443355508845
test/counting_and_probability/119.json|256,1,28,0.7922096425425035,0.9752934305177419,4.855309073499327,0.45584027625638407
test/counting_and_probability/119.json|256,1,29,0.8730696593088226,0.9931569619255086,3.9816795763985446,0.35627284585157115
test/counting_and_probability/119.json|256,1,30,0.7986548361100713,0.986628169459393,4.541638194084157,0.4487150141124417
test/counting_and_probability/119.json|256,1,31,0.7510235063573703,0.9805874574828798,4.66060482853719,0.498975443927484
test/counting_and_probability/119.json|256,2,0,0.9786739725978938,0.9994939088312909,2.197397105821897,0.14603433638054514
test/counting_and_probability/119.json|256,2,1,0.9779531260411063,0.9994678338433569,2.244771967175934,0.1484818977481555
test/counting_and_probability/119.json|256,2,2,0.998563659999603,0.999831818053181,1.5001881956614262,0.03789907651113747
test/counting_and_probability/119.json|256,2,3,0.9998723244122704,0.9999939917370481,1.148213671761014,0.011299362270926466
test/counting_and_probability/119.json|256,2,4,0.9365882164060819,0.9980563157114525,2.97831714104199,0.2518169644680796
test/counting_and_probability/119.json|256,2,5,0.9550099667105971,0.9977169315499006,2.9155030323250912,0.21210854129290238
test/counting_and_probability/119.json|256,2,6,0.9964693130345387,0.9997070646373112,1.674696930953826,0.059419584022957675
test/counting_and_probability/119.json|256,2,7,0.9977797789431292,0.9999463155862663,1.4739231002360993,0.04711922173456187
test/counting_and_probability/119.json|256,2,8,0.8690045399161774,0.9906967726312387,4.041768653246197,0.36193294970729395
test/counting_and_probability/119.json|256,2,9,0.8541748847845164,0.9972935588566935,3.5980256188775623,0.38187054771935947
test/counting_and_probability/119.json|256,2,10,0.9023507636132347,0.9987015361556146,2.957776628701166,0.31248877801733177
test/counting_and_probability/119.json|256,2,11,0.9894889500505066,0.9999030869668314,1.751924922097989,0.10252341171407323
test/counting_and_probability/119.json|256,2,12,0.9575502083845209,0.9985697501101882,2.7038136476737384,0.20603347207548373
test/counting_and_probability/119.json|256,2,13,0.7390347931412564,0.9966586012709456,3.5687269268200406,0.5108475377827945
test/counting_and_probability/119.json|256,2,14,0.9887582021845273,0.9996010916121085,1.98698885511263,0.10602734465916207
test/counting_and_probability/119.json|256,2,15,0.9822631844383193,0.9996805849182748,2.1376375101289993,0.13317963643771039
test/counting_and_probability/119.json|256,2,16,0.6212857769065927,0.9931493171149192,3.9690397315799024,0.6153976138184217
test/counting_and_probability/119.json|256,2,17,0.7001760932424338,0.9821530955652978,4.549290361329253,0.5475617835071821
test/counting_and_probability/119.json|256,2,18,0.7418864383210493,0.9965479814714953,3.535703443277769,0.508048778838165
test/counting_and_probability/119.json|256,2,19,0.7461657587186983,0.9976362406264486,3.238920320401882,0.5038196515433888
test/counting_and_probability/119.json|256,2,20,0.9302450808012204,0.997676243964496,3.1823690815507097,0.26411156581789375
test/counting_and_probability/119.json|256,2,21,0.9611262710418533,0.9966068090621764,2.955827071582672,0.19716421825003305
test/counting_and_probability/119.json|256,2,22,0.8939197255147809,0.9961120754541349,3.389815061686552,0.3256996691512275
test/counting_and_probability/119.json|256,2,23,0.8197582206576656,0.993208307620149,3.9004078451680124,0.42454891277959295
test/counting_and_probability/119.json|256,2,24,0.9981574275988047,0.9999889530349327,1.3401366385548121,0.042925195412430464
test/counting_and_probability/119.json|256,2,25,0.998264019209862,0.9999607104230257,1.3865393354625675,0.04166510278564108
test/counting_and_probability/119.json|256,2,26,0.9270008854465174,0.9961170342521776,3.336607673309927,0.27018348312486207
test/counting_and_probability/119.json|256,2,27,0.9750977559480228,0.9978266054489534,2.5542898529485467,0.15780444877118377
test/counting_and_probability/119.json|256,2,28,0.9898487314592587,0.9996075294031099,1.9432591608223546,0.10075350386334626
test/counting_and_probability/119.json|256,2,29,0.996630252589059,0.999949945363725,1.5209574597198519,0.05804952550142836
test/counting_and_probability/119.json|256,2,30,0.9876722405099034,0.9996941811897514,1.901800003479674,0.11103044397865194
test/counting_and_probability/119.json|256,2,31,0.96343420238191,0.9999029930261427,2.059739910179802,0.19122185444684398
test/counting_and_probability/119.json|256,4,0,0.8448855114707193,0.9985332897311506,3.154497905747155,0.39384576743857574
test/counting_and_probability/119.json|256,4,1,0.758099187106329,0.9988959023410756,3.5387027638048445,0.4918341314850679
test/counting_and_probability/119.json|256,4,2,0.753333909449142,0.9957968079951481,3.776016686032483,0.49665490086261904
test/counting_and_probability/119.json|256,4,3,0.7315532456919989,0.9966707941177003,3.7050956397516632,0.5181184751656721
test/counting_and_probability/119.json|256,4,4,0.937936133573552,0.9983861490080611,3.002301919896875,0.24912620582035927
test/counting_and_probability/119.json|256,4,5,0.9658818818030045,0.9976997574189453,2.808297948448778,0.18471090438031942
test/counting_and_probability/119.json|256,4,6,0.9779430012099549,0.9997402877443019,2.0294237183299786,0.1485159883313749
test/counting_and_probability/119.json|256,4,7,0.8821694313651447,0.9977293232454522,3.407012474726317,0.3432645752693617
test/counting_and_probability/119.json|256,4,8,0.9522433999996962,0.9998406958221285,2.2355202972484833,0.21853283506215673
test/counting_and_probability/119.json|256,4,9,0.9736500461211995,0.9999418751713451,1.9332513664750923,0.16232668874464376
test/counting_and_probability/119.json|256,4,10,0.9997657471441128,0.9999949116435165,1.178671148120404,0.015305321162497205
test/counting_and_probability/119.json|256,4,11,0.9996528639663314,0.9999790730817364,1.2339117800790436,0.018631586987389162
test/counting_and_probability/119.json|256,4,12,0.8699578689179605,0.9983326711941746,3.043375474030434,0.3606135481121578
test/counting_and_probability/119.json|256,4,13,0.9687554468242245,0.9970025849335303,2.8325237357733637,0.17676128867989013
test/counting_and_probability/119.json|256,4,14,0.7931370940259621,0.992759584950538,3.983558697016727,0.4548218398164691
test/counting_and_probability/119.json|256,4,15,0.6990857170985318,0.9977484567593764,3.7492782810578564,0.5485565448533708
test/counting_and_probability/119.json|256,4,16,0.9638623241000346,0.9994040230028488,2.541330188451374,0.19009912124985065
test/counting_and_probability/119.json|256,4,17,0.8695419765328415,0.9997341056638245,2.759614022898065,0.3611897333357615
test/counting_and_probability/119.json|256,4,18,0.9974510607096683,0.9999728936064671,1.3728061786708345,0.05048702100868827
test/counting_and_probability/119.json|256,4,19,0.9968047769584989,0.9999174903090782,1.4879427311185716,0.05652630397877704
test/counting_and_probability/119.json|256,4,20,0.9344151544973393,0.9998984540210965,2.1007298550778364,0.25609538360279116
test/counting_and_probability/119.json|256,4,21,0.8372544392959914,0.9998695642707371,2.819493663223137,0.4034173530030762
test/counting_and_probability/119.json|256,4,22,0.7623917231934543,0.9972132576192466,3.7161054258214787,0.4874507942413734
test/counting_and_probability/119.json|256,4,23,0.7524380959886279,0.9933708573874391,4.221668752135187,0.4975559305358264
test/counting_and_probability/119.json|256,4,24,0.9138237738407473,0.9980745621721809,3.169366325442724,0.2935578753146519
test/counting_and_probability/119.json|256,4,25,0.910484630283556,0.9985281536219017,2.9942831100444764,0.29919119257833116
test/counting_and_probability/119.json|256,4,26,0.9741495721896681,0.9988099846521818,2.443085210371642,0.16078068232947598
test/counting_and_probability/119.json|256,4,27,0.964869109891479,0.9992712193478812,2.411991924787876,0.18743236142278366
test/counting_and_probability/119.json|256,4,28,0.868645784274679,0.9999426439655394,2.3383725075204813,0.36242822148022774
test/counting_and_probability/119.json|256,4,29,0.9701556008926957,0.9999395355984002,1.9962906745191353,0.1727553157135962
test/counting_and_probability/119.json|256,4,30,0.7103626534049684,0.9958893339574285,3.82969162982599,0.5381796601461557
test/counting_and_probability/119.json|256,4,31,0.6586011095488361,0.9926869219120704,4.263126915336455,0.584293496841411
test/counting_and_probability/119.json|256,5,0,0.995920366086748,0.9999669033041574,1.5016280271415967,0.06387201197122215
test/counting_and_probability/119.json|256,5,1,0.9984871740733803,0.9998789871633731,1.4537894796605833,0.03889506301087223
test/counting_and_probability/119.json|256,5,2,0.8577898731200965,0.996571190924029,3.6007987845695353,0.3771075799820305
test/counting_and_probability/119.json|256,5,3,0.8834841165183049,0.9953964710313673,3.645348259170326,0.3413442301866183
test/counting_and_probability/119.json|256,5,4,0.9801225639897369,0.9998702546461741,2.039594049076926,0.140987361172068
test/counting_and_probability/119.json|256,5,5,0.9707040069384497,0.9998543641530787,2.100931332869093,0.17116072289386455
test/counting_and_probability/119.json|256,5,6,0.8381112637409802,0.9941136654295788,4.0748217308720465,0.4023539937157575
test/counting_and_probability/119.json|256,5,7,0.8021203547708469,0.9896341669939447,4.42502565981137,0.4448366500516264
test/counting_and_probability/119.json|256,5,8,0.7090044648997943,0.9898428237982091,4.547305911595116,0.5394400199282638
test/counting_and_probability/119.json|256,5,9,0.7904013099894671,0.9877668831938254,4.416957989457633,0.45781949500925895
test/counting_and_probability/119.json|256,5,10,0.6386710291733078,0.9984447613411593,3.7711718292252505,0.6011064554857919
test/counting_and_probability/119.json|256,5,11,0.7531920636951953,0.9953485290710761,4.068078214785664,0.496797681460778
test/counting_and_probability/119.json|256,5,12,0.90898714816157,0.9963558466341286,3.474434255554824,0.3016833635426886
test/counting_and_probability/119.json|256,5,13,0.9237460471115163,0.9921251264712647,3.606532096798063,0.2761411828910778
test/counting_and_probability/119.json|256,5,14,0.9001189328518616,0.9934524405576776,3.5555592630728747,0.31603966072019885
test/counting_and_probability/119.json|256,5,15,0.8955968009962401,0.997014589223761,3.5447986242738394,0.32311483872419094
test/counting_and_probability/119.json|256,5,16,0.8422699913675205,0.9969562369800028,3.5994923886757917,0.39715237457741526
test/counting_and_probability/119.json|256,5,17,0.8750447104562343,0.998239920712181,3.318687404028545,0.3534901548045796
test/counting_and_probability/119.json|256,5,18,0.8838912901372968,0.9944918736630911,3.672215643535284,0.34074728151916805
test/counting_and_probability/119.json|256,5,19,0.9108581288038506,0.996527277089383,3.407841522700673,0.2985663597864792
test/counting_and_probability/119.json|256,5,20,0.8449984732580673,0.9914779859779231,4.021315918170877,0.39370233266000937
test/counting_and_probability/119.json|256,5,21,0.7819961310365748,0.9866562616834001,4.3331748173738704,0.4669088443833819
test/counting_and_probability/119.json|256,5,22,0.9880585242580004,0.9995814707311752,2.0386041076190025,0.10927705954133078
test/counting_and_probability/119.json|256,5,23,0.9858117273401263,0.9997386971016431,2.0351161048090507,0.11911453588825194
test/counting_and_probability/119.json|256,5,24,0.873128356168282,0.9893644002468057,4.199599711423792,0.3561904600515264
test/counting_and_probability/119.json|256,5,25,0.8637395456785432,0.9896194478467187,4.292918298685024,0.3691347373540681
test/counting_and_probability/119.json|256,5,26,0.9290511377315863,0.9983642772731769,2.92328960842325,0.2663622763613753
test/counting_and_probability/119.json|256,5,27,0.8852958722824046,0.999076391152557,2.8960246753468235,0.33867997832407426
test/counting_and_probability/119.json|256,5,28,0.8864394987795047,0.9965649478938663,3.5964706980111414,0.3369873902989477
test/counting_and_probability/119.json|256,5,29,0.8970125152351586,0.994208671081691,3.5887254188514306,0.32091663211002547
test/counting_and_probability/119.json|256,5,30,0.9801331109624549,0.9975211483578588,2.633092523752379,0.14094995224385526
test/counting_and_probability/119.json|256,5,31,0.968591134789694,0.9961720394737912,2.907559728044275,0.1772254643393718
test/counting_and_probability/119.json|256,6,0,0.821329758741688,0.9820729743852676,4.577580649775858,0.42269402794256744
test/counting_and_probability/119.json|256,6,1,0.8218945735357114,0.9760951917844697,4.7725352135989425,0.4220253860424615
test/counting_and_probability/119.json|256,6,2,0.9428498478920971,0.9967491009634051,3.212395317900752,0.23906097989404893
test/counting_and_probability/119.json|256,6,3,0.9854550165041666,0.9984589705467732,2.2837990227067015,0.12060258494673089
test/counting_and_probability/119.json|256,6,4,0.9698817076040065,0.9976463894420583,2.7916222861721653,0.1735462255308179
test/counting_and_probability/119.json|256,6,5,0.9700686632582559,0.9978271951077299,2.7617857607652656,0.17300675345703728
test/counting_and_probability/119.json|256,6,6,0.8825903697869597,0.9985762408822095,3.1801842930524025,0.3426508867828016
test/counting_and_probability/119.json|256,6,7,0.896949234819667,0.9988816119304154,3.0636820048000875,0.32101521020090773
test/counting_and_probability/119.json|256,6,8,0.9491117972398649,0.9960630299013838,3.0519954186858977,0.2255841367652767
test/counting_and_probability/119.json|256,6,9,0.9412279981407061,0.9979585740631627,3.089475490364978,0.24242937499258185
test/counting_and_probability/119.json|256,6,10,0.8907393062237565,0.982492382221727,4.402210516348244,0.330546053941419
test/counting_and_probability/119.json|256,6,11,0.9254090241391871,0.99315308949483,3.7184921591875657,0.2731134853148282
test/counting_and_probability/119.json|256,6,12,0.9280377699976373,0.9920393548308015,3.528581145196469,0.2682577678322898
test/counting_and_probability/119.json|256,6,13,0.9498218133175399,0.9948312018971489,3.253740568861285,0.22400488093445664
test/counting_and_probability/119.json|256,6,14,0.9935526306723838,0.9997209137822934,1.7781175792192645,0.08029551249986669
test/counting_and_probability/119.json|256,6,15,0.9948118557552612,0.9997776088998315,1.7163746421287456,0.07202877372785678
test/counting_and_probability/119.json|256,6,16,0.8760362795306671,0.9869566933595775,4.172585297202243,0.35208481999275815
test/counting_and_probability/119.json|256,6,17,0.8797160248651449,0.9841593536675468,4.352871253918657,0.3468198021088979
test/counting_and_probability/119.json|256,6,18,0.9953390407738757,0.9997880923495376,1.687552592614652,0.0682712181385707
test/counting_and_probability/119.json|256,6,19,0.9794986634170797,0.9996508879513293,2.10351857591224,0.14318287810670766
test/counting_and_probability/119.json|256,6,20,0.9444839437798563,0.9989929524479447,2.9419278109080036,0.23561845475289847
test/counting_and_probability/119.json|256,6,21,0.9727038334259602,0.9997903622282339,2.0212383683605646,0.16521551553664618
test/counting_and_probability/119.json|256,6,22,0.9341078485482242,0.9992917587213825,2.932508603421291,0.2566946658031207
test/counting_and_probability/119.json|256,6,23,0.8918673694822262,0.9987012185318175,3.243715870694111,0.3288352634949205
test/counting_and_probability/119.json|256,6,24,0.8203215197647463,0.9974790170518565,3.332559398011306,0.4238849846777468
test/counting_and_probability/119.json|256,6,25,0.9757109206993742,0.9994970583478727,2.2431868770736285,0.1558495405852255
test/counting_and_probability/119.json|256,6,26,0.9697998824064245,0.9989606583366943,2.3588955370782227,0.17378181030699258
test/counting_and_probability/119.json|256,6,27,0.9865436034112086,0.9994552257392241,2.117178068360783,0.11600170942185027
test/counting_and_probability/119.json|256,6,28,0.8799134067709,0.9917143799195249,3.7349804568544265,0.34653512553433885
test/counting_and_probability/119.json|256,6,29,0.8751235056620813,0.9963965577281347,3.3741220064167634,0.35337868404576794
test/counting_and_probability/119.json|256,6,30,0.9709403002935358,0.9997377886964051,2.2491439483456377,0.17046905791510716
test/counting_and_probability/119.json|256,6,31,0.8739133197692772,0.9985270389831985,3.0112735921571736,0.35508686293739844
test/counting_and_probability/119.json|256,8,0,0.7944661990429082,0.9936491209029588,3.88844223275764,0.45335835820804254
test/counting_and_probability/119.json|256,8,1,0.7474755557957143,0.9968781034958819,3.493797308362494,0.5025181033597552
test/counting_and_probability/119.json|256,8,2,0.7209537596091911,0.9827998146055278,5.016345967019966,0.5282482753315991
test/counting_and_probability/119.json|256,8,3,0.631605925608764,0.9758276601571324,5.120329971165761,0.6069547548139284
test/counting_and_probability/119.json|256,8,4,0.853456701115359,0.991835887875689,3.9854144743767974,0.3828097424108235
test/counting_and_probability/119.json|256,8,5,0.8969589061077377,0.9932201077047225,3.705515702971889,0.3210001462495965
test/counting_and_probability/119.json|256,8,6,0.9593028677048331,0.9983792024315967,2.817502243827263,0.20173530255056232
test/counting_and_probability/119.json|256,8,7,0.898613263335102,0.99874797015151,3.008487107304558,0.31841283998120734
test/counting_and_probability/119.json|256,8,8,0.9897412718694802,0.9988806437213941,2.208917248932908,0.10128537964839622
test/counting_and_probability/119.json|256,8,9,0.9250653033923384,0.9954794991862893,3.4391865514298057,0.2737420256512719
test/counting_and_probability/119.json|256,8,10,0.9337654643039331,0.9971587416293755,3.0003938336342086,0.257360711251867
test/counting_and_probability/119.json|256,8,11,0.9172721995743959,0.9961856018048247,3.186338985755398,0.28762440860539656
test/counting_and_probability/119.json|256,8,12,0.9661088290090893,0.9992704873058986,2.4234244595010943,0.18409554853638002
test/counting_and_probability/119.json|256,8,13,0.9757811816212103,0.9990382313906985,2.3517534292374185,0.15562396466736636
test/counting_and_probability/119.json|256,8,14,0.9905716755471562,0.9998044814963123,1.877807661756543,0.09709955948841274
test/counting_and_probability/119.json|256,8,15,0.9492059705810288,0.999706089199374,2.327453017722022,0.22537530791764024
test/counting_and_probability/119.json|256,8,16,0.9421227035571654,0.9978507675442729,2.9041580276761256,0.2405770073029311
test/counting_and_probability/119.json|256,8,17,0.956741924123153,0.9975957199749168,2.8226171802691558,0.20798575883181772
test/counting_and_probability/119.json|256,8,18,0.9828608305293127,0.9998657397703988,1.9519022445873742,0.13091665085346202
test/counting_and_probability/119.json|256,8,19,0.9624947069927915,0.9998041998314198,2.160758965158596,0.19366283331400608
test/counting_and_probability/119.json|256,8,20,0.9999649452003807,1.0,1.056138526406489,0.005920709384802976
test/counting_and_probability/119.json|256,8,21,0.9999305505011754,0.9999998888808019,1.0806104440523125,0.008333636590624284
test/counting_and_probability/119.json|256,8,22,0.8967209161804497,0.9889942812781672,3.735800241687072,0.3213706331007087
test/counting_and_probability/119.json|256,8,23,0.8642904871240025,0.9879563800068352,3.814391833963451,0.36838772085399035
test/counting_and_probability/119.json|256,8,24,0.9018185039699192,0.9971096818682507,3.408711813526449,0.3133392666584907
test/counting_and_probability/119.json|256,8,25,0.8121736350736419,0.9923920557534177,4.205185461817925,0.4333893918018276
test/counting_and_probability/119.json|256,8,26,0.8545014772851003,0.9936505164663777,3.8078378110695508,0.38144268601573644
test/counting_and_probability/119.json|256,8,27,0.9733988453826078,0.9987923838995095,2.487503553867598,0.1630986039713161
test/counting_and_probability/119.json|256,8,28,0.9624996229602147,0.9987115429609321,2.6573251002578044,0.19365014082046328
test/counting_and_probability/119.json|256,8,29,0.963158077587541,0.9990240127849209,2.644200094901542,0.19194249767172195
test/counting_and_probability/119.json|256,8,30,0.9961642070954683,0.9997326841768592,1.7099899952065656,0.061933778380878164
test/counting_and_probability/119.json|256,8,31,0.9501999770333789,0.9964796634628963,3.113049622801692,0.22315918750215308
test/counting_and_probability/119.json|256,9,0,0.963147765639532,0.9973627068684259,2.8370787558399875,0.191969357868562
test/counting_and_probability/119.json|256,9,1,0.951795535476167,0.9985660056533269,2.72279270131758,0.21955515143998097
test/counting_and_probability/119.json|256,9,2,0.9002414261301578,0.9875423915770599,4.020199601284659,0.315845807111385
test/counting_and_probability/119.json|256,9,3,0.9070780402366219,0.987636108201152,4.021317835684188,0.304831034777265
test/counting_and_probability/119.json|256,9,4,0.948981150324156,0.9988218612488126,2.7973324254096865,0.22587352584099807
test/counting_and_probability/119.json|256,9,5,0.9719915492391719,0.9988961225983116,2.493923918086267,0.1673572548795783
test/counting_and_probability/119.json|256,9,6,0.7787408640592621,0.9865250203593198,4.33041626065178,0.47038190435085603
test/counting_and_probability/119.json|256,9,7,0.6864460245885324,0.9932282106490161,4.077800993205935,0.5599589051095335
test/counting_and_probability/119.json|256,9,8,0.8905079525041101,0.9974825009553778,3.086865755800652,0.33089582574564147
test/counting_and_probability/119.json|256,9,9,0.9740509667079147,0.9987277111866161,2.562111188460615,0.16108703638743035
test/counting_and_probability/119.json|256,9,10,0.7338266385236496,0.9782683890493794,4.80053788074014,0.5159199176968752
test/counting_and_probability/119.json|256,9,11,0.7306255462429094,0.986000271530456,4.399715873681431,0.5190129610684984
test/counting_and_probability/119.json|256,9,12,0.90555798947911,0.998566723707127,2.727083809796733,0.3073141886097841
test/counting_and_probability/119.json|256,9,13,0.9713453148557619,0.9990800670470454,2.4045432923774683,0.1692769480592029
test/counting_and_probability/119.json|256,9,14,0.9999336740313775,0.9999962918136983,1.1100309956865244,0.008144075676376617
test/counting_and_probability/119.json|256,9,15,0.9996370754908456,0.9999671121376517,1.2500448488736822,0.019050577659336935
test/counting_and_probability/119.json|256,9,16,0.8623607445773267,0.9878992239184602,4.192060971040346,0.3709976488101687
test/counting_and_probability/119.json|256,9,17,0.8606158378211619,0.9916246815590019,4.1465221235736,0.3733418837725525
test/counting_and_probability/119.json|256,9,18,0.9951884893945228,0.9998237350910774,1.7418560681844246,0.06936505320027689
test/counting_and_probability/119.json|256,9,19,0.9982163060563354,0.9999128238474466,1.470917347283913,0.042233800961606824
test/counting_and_probability/119.json|256,9,20,0.991663708437871,0.9998673654676111,1.77892673965499,0.09130329436624401
test/counting_and_probability/119.json|256,9,21,0.9855620073596855,0.9999379405355663,1.9165817723922165,0.12015819838993315
test/counting_and_probability/119.json|256,9,22,0.9231850636115958,0.9945538631794608,3.545698818887343,0.27715507642546294
test/counting_and_probability/119.json|256,9,23,0.8282281236630966,0.9898687102153072,4.229380730789372,0.41445370831602335
test/counting_and_probability/119.json|256,9,24,0.8767901252856238,0.9952182468407013,3.7054300079753015,0.3510126418156135
test/counting_and_probability/119.json|256,9,25,0.8805910307057991,0.9964837355536863,3.5283720934826093,0.345556029167776
test/counting_and_probability/119.json|256,9,26,0.9392993276478627,0.9971435747991753,3.1832269481083033,0.24637506438789067
test/counting_and_probability/119.json|256,9,27,0.8177389145749642,0.9977753878932679,3.4643283747585882,0.4269204673297309
test/counting_and_probability/119.json|256,9,28,0.975027983160415,0.9972581623398815,2.79024322351559,0.15802536770906453
test/counting_and_probability/119.json|256,9,29,0.9780039127766018,0.9978739498458986,2.638955269701223,0.14831077918815674
test/counting_and_probability/119.json|256,9,30,0.9809955037250078,0.9999196796607269,2.021701166559199,0.13785679625971378
test/counting_and_probability/119.json|256,9,31,0.9608270883702932,0.9998734461649829,2.12761202047223,0.19792147844462668
test/counting_and_probability/119.json|256,10,0,0.8575489779610473,0.9893645425560251,4.097588875981016,0.3774268432941047
test/counting_and_probability/119.json|256,10,1,0.8733423470500069,0.990738439100298,3.900087497543704,0.3558899449970357
test/counting_and_probability/119.json|256,10,2,0.8580646002910409,0.9833260085782853,4.51569587200915,0.3767431481911238
test/counting_and_probability/119.json|256,10,3,0.8360087628610698,0.9760059909162394,4.756451968690331,0.40495831531026766
test/counting_and_probability/119.json|256,10,4,0.941087745888086,0.9969036299734526,3.2046843684672077,0.24271846677151293
test/counting_and_probability/119.json|256,10,5,0.8672427870505142,0.9971587419956195,3.4045236997775037,0.364358632324645
test/counting_and_probability/119.json|256,10,6,0.9464644720851487,0.9993023922294562,2.6935152118800585,0.23137745766355736
test/counting_and_probability/119.json|256,10,7,0.9625574240292192,0.9993358125619404,2.5346314131256404,0.19350084229992598
test/counting_and_probability/119.json|256,10,8,0.7707425645927058,0.9996506063862016,2.803308878428108,0.4788083493500235
test/counting_and_probability/119.json|256,10,9,0.9722236912805629,0.9998192353092991,2.0295924688419182,0.16666225943337365
test/counting_and_probability/119.json|256,10,10,0.9885970026617416,0.9999820938046369,1.5528901940972057,0.1067848179202383
test/counting_and_probability/119.json|256,10,11,0.9661219528292693,0.9999829729628488,1.7448474821705013,0.18405990103966352
test/counting_and_probability/119.json|256,10,12,0.9991811103160907,0.9999766544607658,1.2767533653455192,0.028616248599516104
test/counting_and_probability/119.json|256,10,13,0.999884872706019,0.9999976936101372,1.1105469802394574,0.010729738765738841
test/counting_and_probability/119.json|256,10,14,0.986187580795113,0.9991189855077944,2.2380196822856107,0.11752624900373092
test/counting_and_probability/119.json|256,10,15,0.9913645198408705,0.9985751013151263,2.172341444525704,0.09292728425564536
test/counting_and_probability/119.json|256,10,16,0.8652645823654372,0.9991015688763425,3.1176576937884826,0.36706323383657313
test/counting_and_probability/119.json|256,10,17,0.9674575266614767,0.9994869431818202,2.4805611792911098,0.18039532515706536
test/counting_and_probability/119.json|256,10,18,0.9000288726780503,0.9960683449155227,3.3679932201510328,0.31618211100875027
test/counting_and_probability/119.json|256,10,19,0.8766183605847254,0.9937953005833637,3.660806496602189,0.3512572268513127
test/counting_and_probability/119.json|256,10,20,0.9803078966787584,0.9993372059519551,2.2822722104713806,0.1403285549032755
test/counting_and_probability/119.json|256,10,21,0.9860491122096078,0.9997456586258997,2.0578135670436795,0.11811387636680214
test/counting_and_probability/119.json|256,10,22,0.9954002475644101,0.999988720191875,1.4550260180039944,0.06782147473765116
test/counting_and_probability/119.json|256,10,23,0.9956109460272227,0.9999902555693482,1.455656524749902,0.06624993564357126
test/counting_and_probability/119.json|256,10,24,0.9679571708184473,0.9995204473436529,2.28872974972496,0.17900510937275688
test/counting_and_probability/119.json|256,10,25,0.965722547778882,0.9993072051813873,2.305577120437257,0.18514170848600808
test/counting_and_probability/119.json|256,10,26,0.9808939885008937,0.9991854519508722,2.251862438241071,0.13822449674028944
test/counting_and_probability/119.json|256,10,27,0.9861185571806449,0.9993401636843952,2.1265087576251327,0.11781953496494164
test/counting_and_probability/119.json|256,10,28,0.9939809559309398,0.9997106702595306,1.8257716870961127,0.0775824984713703
test/counting_and_probability/119.json|256,10,29,0.9935481963299514,0.9996189767394248,1.8614762183426639,0.0803231203953669
test/counting_and_probability/119.json|256,10,30,0.9495254435645712,0.9961543409656418,3.2363513956005017,0.2246654322218457
test/counting_and_probability/119.json|256,10,31,0.9282908429712662,0.9956596339290398,3.3301289798141696,0.2677856550092514
test/counting_and_probability/119.json|256,12,0,0.9904671841214849,0.9998139228275721,1.8401052113938963,0.09763614022745402
test/counting_and_probability/119.json|256,12,1,0.9876876114475301,0.9999558711687115,1.8360921683379257,0.11096120291556799
test/counting_and_probability/119.json|256,12,2,0.922032519383082,0.9994914226141217,2.6603958167889705,0.27922657577121496
test/counting_and_probability/119.json|256,12,3,0.9341994150500967,0.9988959643626318,2.851988382103342,0.2565162469511498
test/counting_and_probability/119.json|256,12,4,0.9958710609644991,0.9999451615461542,1.5554579242772575,0.06425682092588252
test/counting_and_probability/119.json|256,12,5,0.9983238993618797,0.9999588937950086,1.4140967796247663,0.04094020808594275
test/counting_and_probability/119.json|256,12,6,0.9871044372510311,0.9991773609353837,2.1709925353279913,0.11355863132747268
test/counting_and_probability/119.json|256,12,7,0.9900848982305629,0.9993408174961685,2.058919478500618,0.09957460403856551
test/counting_and_probability/119.json|256,12,8,0.9893807940597197,0.9996190177096668,1.9311342394890931,0.10304953148986326
test/counting_and_probability/119.json|256,12,9,0.9471114476587735,0.9993568850682882,2.3858565853471205,0.22997511243877342
test/counting_and_probability/119.json|256,12,10,0.9940317750936356,0.9999851251165102,1.4569734584646217,0.07725428730086373
test/counting_and_probability/119.json|256,12,11,0.9940066403483925,0.9999724279791503,1.4637563042263202,0.07741679179356066
test/counting_and_probability/119.json|256,12,12,0.9773318441596086,0.9982740135044952,2.5601558248595686,0.15055947608965498
test/counting_and_probability/119.json|256,12,13,0.9463206902871144,0.9970891379887256,3.0541041558881004,0.23168795763458572
test/counting_and_probability/119.json|256,12,14,0.9785764663707256,0.9995657165505539,2.2592416500348884,0.14636780257035495
test/counting_and_probability/119.json|256,12,15,0.9884524092620844,0.999902337791743,1.9063355670075508,0.10745971681479324
test/counting_and_probability/119.json|256,12,16,0.9588404341367064,0.98957416745056,3.4675721994453275,0.20287820450529823
test/counting_and_probability/119.json|256,12,17,0.9360344118133651,0.9899224970623545,3.758600241097379,0.2529141913508115
test/counting_and_probability/119.json|256,12,18,0.9990588677776144,0.9999517852042862,1.3426169576889964,0.03067787838794537
test/counting_and_probability/119.json|256,12,19,0.9985985474510253,0.9998711539923094,1.4616854874165046,0.03743597933772702
test/counting_and_probability/119.json|256,12,20,0.9976936955619486,0.9997441854458737,1.5895709561060103,0.04802399856375304
test/counting_and_probability/119.json|256,12,21,0.9981804636594932,0.9998054970541003,1.543750615047685,0.04265602349618164
test/counting_and_probability/119.json|256,12,22,0.8969431127512433,0.9994691751335217,2.643740711550573,0.3210247455395872
test/counting_and_probability/119.json|256,12,23,0.9380697732916337,0.9994767228462138,2.4185647850165055,0.24885784437780206
test/counting_and_probability/119.json|256,12,24,0.9006816538560102,0.9950737828674054,3.685338193188925,0.3151481336514462
test/counting_and_probability/119.json|256,12,25,0.8552219609829484,0.997165952878651,3.5194268816673686,0.38049709462366665
test/counting_and_probability/119.json|256,12,26,0.9406143771861999,0.9951945807640055,3.398205196522446,0.2436916551993525
test/counting_and_probability/119.json|256,12,27,0.968387956220755,0.9961046028836812,3.0433667668758155,0.17779776089491392
test/counting_and_probability/119.json|256,12,28,0.6977545040115829,0.9890884062062328,4.568360145599007,0.5497685840318789
test/counting_and_probability/119.json|256,12,29,0.8539777004250906,0.988083635192155,4.212714659483091,0.3821286427041415
test/counting_and_probability/119.json|256,12,30,0.9967400922517907,0.9999370255579351,1.4663092717598487,0.057095601828943694
test/counting_and_probability/119.json|256,12,31,0.9925588059523727,0.9994342601746188,1.8758545611099613,0.08626235591280434
test/counting_and_probability/119.json|256,13,0,0.9963450091444614,0.9999129471404756,1.5516341150278035,0.06045652037240114
test/counting_and_probability/119.json|256,13,1,0.9961580667290788,0.9997859163689397,1.6811478950572585,0.061983330589128506
test/counting_and_probability/119.json|256,13,2,0.9656017179496383,0.9976549851672669,2.784124027075801,0.18546773857024748
test/counting_and_probability/119.json|256,13,3,0.9726243369982178,0.997472705315564,2.7232497513880687,0.165455924649987
test/counting_and_probability/119.json|256,13,4,0.8421505397310504,0.9835014760054822,4.473939939976007,0.3973027312628868
test/counting_and_probability/119.json|256,13,5,0.8505234691470825,0.9908038284229076,4.215276128782061,0.3866219482296853
test/counting_and_probability/119.json|256,13,6,0.9975157183255513,0.9998449642711494,1.538597256668264,0.04984256889897125
test/counting_and_probability/119.json|256,13,7,0.997842755378557,0.999905759838591,1.5015066198668008,0.04644614754145875
test/counting_and_probability/119.json|256,13,8,0.9065860857187887,0.9974028004885833,3.273044406453258,0.30563689941041355
test/counting_and_probability/119.json|256,13,9,0.8826651278150986,0.9971524343467062,3.3885658226318114,0.34254178166305693
test/counting_and_probability/119.json|256,13,10,0.9801215432976185,0.9987947411796818,2.4475002925822245,0.14099098092566606
test/counting_and_probability/119.json|256,13,11,0.9847643447652481,0.9990509322008111,2.250591987965651,0.12343279643089959
test/counting_and_probability/119.json|256,13,12,0.9928450836131819,0.9997699790472196,1.7378909267459963,0.08458673883545866
test/counting_and_probability/119.json|256,13,13,0.9961180584183443,0.9998783801290215,1.6189259181235933,0.062305229167828824
test/counting_and_probability/119.json|256,13,14,0.9338706538457514,0.9991887876283051,2.830476886386829,0.25715626796609214
test/counting_and_probability/119.json|256,13,15,0.953577619448552,0.9989490283756511,2.7352747942101936,0.21545853557343228
test/counting_and_probability/119.json|256,13,16,0.9978509242441945,0.9997551531791805,1.5766608304440866,0.04635812502469738
test/counting_and_probability/119.json|256,13,17,0.9971332810954492,0.9998503111171458,1.6195478063196727,0.053541749173433004
test/counting_and_probability/119.json|256,13,18,0.9666299588956832,0.9992765698297604,2.5308502406290647,0.1826746865450078
test/counting_and_probability/119.json|256,13,19,0.9710240499164252,0.999652090483856,2.210953150242702,0.17022323602720865
test/counting_and_probability/119.json|256,13,20,0.986286161990494,0.9997112772029464,1.9475919858825648,0.11710609723454192
test/counting_and_probability/119.json|256,13,21,0.987432062009014,0.9997900258610777,1.9350372305421424,0.11210681509607696
test/counting_and_probability/119.json|256,13,22,0.965578672711059,0.9966919555533105,2.969913079526108,0.18552985551910772
test/counting_and_probability/119.json|256,13,23,0.9498207405746713,0.9958565758194793,3.148786064165997,0.2240072753848159
test/counting_and_probability/119.json|256,13,24,0.9986116657216486,0.9999888971543407,1.2995099207076166,0.03726035800084842
test/counting_and_probability/119.json|256,13,25,0.9994139631423806,0.9999658791394808,1.2883376339195924,0.024208198148961364
test/counting_and_probability/119.json|256,13,26,0.9872163620944748,0.9995298958025359,2.0115948785087734,0.11306475094177305
test/counting_and_probability/119.json|256,13,27,0.9824954893488802,0.9995326085707807,2.074675743889515,0.132304613113526
test/counting_and_probability/119.json|256,13,28,0.949527490644095,0.996806567559983,3.1573823642092127,0.22466087633565612
test/counting_and_probability/119.json|256,13,29,0.9591446671122632,0.9978823119915576,2.9445705081445657,0.20212702166641847
test/counting_and_probability/119.json|256,13,30,0.9795320532588785,0.9998171740176877,2.132389064340263,0.1430662320085404
test/counting_and_probability/119.json|256,13,31,0.9770118464015478,0.9997556974786523,2.2896029973849465,0.15161844742132202
test/counting_and_probability/119.json|256,14,0,0.9880932565951547,0.999765356010057,1.9544846593837586,0.10911802511430145
test/counting_and_probability/119.json|256,14,1,0.985693412200298,0.9995071476949474,2.058420309324552,0.11961014923367479
test/counting_and_probability/119.json|256,14,2,0.9435276178584078,0.9982067771816076,2.924938050445237,0.23763918477724214
test/counting_and_probability/119.json|256,14,3,0.9755054457316538,0.9993362548754239,2.3031619384370736,0.15650736170655435
test/counting_and_probability/119.json|256,14,4,0.9975950244584445,0.9999218477144984,1.4570716370891108,0.04904054997199255
test/counting_and_probability/119.json|256,14,5,0.9912142174136437,0.999795598078622,1.7746858454922139,0.09373250549492591
test/counting_and_probability/119.json|256,14,6,0.9026747971932124,0.9944145959089807,3.736500385057156,0.31196987483856126
test/counting_and_probability/119.json|256,14,7,0.9385691417856606,0.9970843060615218,3.2218657525744887,0.24785249285480135
test/counting_and_probability/119.json|256,14,8,0.9781607094092056,0.9980474296774973,2.5732789778516496,0.14778122543406644
test/counting_and_probability/119.json|256,14,9,0.9227005973398414,0.9928313078450971,3.5779437377282797,0.2780277012460423
test/counting_and_probability/119.json|256,14,10,0.9993846519326306,0.9999365508973076,1.3351856395276303,0.02480621025810681
test/counting_and_probability/119.json|256,14,11,0.9996242733552743,0.9999484890890296,1.2759233225007973,0.019383669537157765
test/counting_and_probability/119.json|256,14,12,0.9686028568359704,0.9967683694431739,2.761446015769064,0.17719239025429293
test/counting_and_probability/119.json|256,14,13,0.9342762077797844,0.9956821676901723,3.193966956666622,0.2563665193043265
test/counting_and_probability/119.json|256,14,14,0.9974696206353605,0.9997752982840074,1.6139412199896033,0.050302876305828796
test/counting_and_probability/119.json|256,14,15,0.9962755002411255,0.9995333923830217,1.7541297351483265,0.061028679806091626
test/counting_and_probability/119.json|256,14,16,0.9637391738692213,0.9983587095162916,2.7919760614967264,0.19042275633647032
test/counting_and_probability/119.json|256,14,17,0.9786496365069087,0.9989834933984084,2.4399319696447654,0.14611763580448212
test/counting_and_probability/119.json|256,14,18,0.9912528366534755,0.999281287961783,1.9643996827207708,0.09352627088965153
test/counting_and_probability/119.json|256,14,19,0.980397622583222,0.9985290464747391,2.409152638856649,0.1400084905167467
test/counting_and_probability/119.json|256,14,20,0.9862472933044483,0.9999446024112503,1.808780277156192,0.11727193481627107
test/counting_and_probability/119.json|256,14,21,0.9995560617001013,0.9999926155077317,1.232094856519098,0.021069843376227304
test/counting_and_probability/119.json|256,14,22,0.893380236290667,0.9933927060878789,3.6322884301374105,0.3265268192803357
test/counting_and_probability/119.json|256,14,23,0.9396688895170582,0.9983175657480532,3.202219707055941,0.2456239208280452
test/counting_and_probability/119.json|256,14,24,0.9670209030198899,0.9984407010550953,2.6661944430971785,0.18160147846344793
test/counting_and_probability/119.json|256,14,25,0.9400355996553424,0.9993258671850933,2.8005198599102794,0.24487629600403865
test/counting_and_probability/119.json|256,14,26,0.8901075485618186,0.9921209566185669,3.801805330318312,0.3315003038281886
test/counting_and_probability/119.json|256,14,27,0.8286754339521629,0.990682753654815,4.086036253137787,0.4139137181198964
test/counting_and_probability/119.json|256,14,28,0.9929499104156233,0.9995082902373116,1.9228626343341764,0.08396481158423864
test/counting_and_probability/119.json|256,14,29,0.9780032799691443,0.9985450065156195,2.4219864795432016,0.14831291255604057
test/counting_and_probability/119.json|256,14,30,0.9566561290640759,0.9966287066055075,3.0530099347276916,0.20819190891080294
test/counting_and_probability/119.json|256,14,31,0.9398086423944709,0.9961582927945363,3.2471641906384905,0.24533927041044423
test/counting_and_probability/119.json|256,16,0,0.9781222117697675,0.999939083625139,1.972263746659198,0.1479114202157239
test/counting_and_probability/119.json|256,16,1,0.9559100137520983,0.9998469044794583,2.2744411384602814,0.2099761563794845
test/counting_and_probability/119.json|256,16,2,0.952063908956528,0.9987179110320781,2.8922551145303275,0.21894312285036943
test/counting_and_probability/119.json|256,16,3,0.945319658844783,0.9985364672345988,3.052980819094901,0.23383827991844497
test/counting_and_probability/119.json|256,16,4,0.9267221331334041,0.995563588975818,3.366827075972838,0.27069884903079267
test/counting_and_probability/119.json|256,16,5,0.9467695722539312,0.9978063088122373,2.895857242160697,0.23071720296949855
test/counting_and_probability/119.json|256,16,6,0.9119760510943865,0.9992035200030819,3.045433600655702,0.2966883026100178
test/counting_and_probability/119.json|256,16,7,0.9461944760959367,0.9991611601966469,2.808027797854438,0.23196017740996697
test/counting_and_probability/119.json|256,16,8,0.8825888556813631,0.9950293118952658,3.9072008455860594,0.3426530961754714
test/counting_and_probability/119.json|256,16,9,0.902846784098115,0.99426431426598,3.7896104541946904,0.31169410629956573
test/counting_and_probability/119.json|256,16,10,0.9811714237940373,0.9999112258653154,1.899118529730062,0.13721725914025057
test/counting_and_probability/119.json|256,16,11,0.9862893369298527,0.9999390420457489,1.8027387028484534,0.11709254062555541
test/counting_and_probability/119.json|256,16,12,0.9777315637275369,0.9990962957625428,2.3046323927729913,0.14922612463125587
test/counting_and_probability/119.json|256,16,13,0.9930291939494537,0.9997069493310212,1.8771101562082393,0.08349135314837304
test/counting_and_probability/119.json|256,16,14,0.8951881687877787,0.9962552418771908,3.3476943698386123,0.3237465539773686
test/counting_and_probability/119.json|256,16,15,0.926180237078373,0.9974982316105998,3.107846638231381,0.27169792586920305
test/counting_and_probability/119.json|256,16,16,0.9579258639095066,0.9971336838246514,2.8337335034202957,0.2051198091128533
test/counting_and_probability/119.json|256,16,17,0.9439915927564834,0.997612311695105,3.199277124681772,0.2366609542013989
test/counting_and_probability/119.json|256,16,18,0.9961285032636867,0.9993728843780209,1.8242633503450019,0.06222135273612478
test/counting_and_probability/119.json|256,16,19,0.99451826300659,0.9992546445608729,1.9184929987546255,0.07403875332155475
test/counting_and_probability/119.json|256,16,20,0.9161901399255677,0.9969242025416991,3.124352036760629,0.28949932655264027
test/counting_and_probability/119.json|256,16,21,0.970316151953752,0.9984120094755745,2.68403931500252,0.17229001145234166
test/counting_and_probability/119.json|256,16,22,0.9893379666176925,0.9993310785696,2.050416554249978,0.10325712267106582
test/counting_and_probability/119.json|256,16,23,0.9881984171671472,0.9993393146000129,2.064123161878944,0.10863509024644302
test/counting_and_probability/119.json|256,16,24,0.9840508370073517,0.9996301901225373,2.0144165533128566,0.1262899956158375
test/counting_and_probability/119.json|256,16,25,0.9794305458009412,0.9994049062395944,2.3129812475253537,0.14342055012814153
test/counting_and_probability/119.json|256,16,26,0.9586355193938909,0.9963359286991531,3.02852799615469,0.20338259661561284
test/counting_and_probability/119.json|256,16,27,0.993412328625858,0.9993660376859052,1.9096234535061658,0.08116447113202893
test/counting_and_probability/119.json|256,16,28,0.9189355868424305,0.9939478360483897,3.469062293530553,0.28471812930962004
test/counting_and_probability/119.json|256,16,29,0.9493704552120277,0.9968700544337769,3.043296022168004,0.22501009930216984
test/counting_and_probability/119.json|256,16,30,0.9979259350160001,0.9999233612712062,1.504528068561789,0.045541903605359625
test/counting_and_probability/119.json|256,16,31,0.9982817159057178,0.9999653463115887,1.4372855671635216,0.04145219046422285
test/counting_and_probability/119.json|256,17,0,0.9569355649505634,0.9986637216110871,2.7748789200670205,0.2075197220734371
test/counting_and_probability/119.json|256,17,1,0.9634100418837859,0.9984561494942755,2.6857271673024394,0.19128501801294875
test/counting_and_probability/119.json|256,17,2,0.9991187271144037,0.9999621481771442,1.3418213328958795,0.029686240678069218
test/counting_and_probability/119.json|256,17,3,0.9993904585380923,0.999943094288699,1.3224368931562023,0.02468889349298031
test/counting_and_probability/119.json|256,17,4,0.9992351298564542,0.999929455224407,1.349510807853709,0.027656285787244814
test/counting_and_probability/119.json|256,17,5,0.9991170898806021,0.9999359101729979,1.3554455189612127,0.029713803516175693
test/counting_and_probability/119.json|256,17,6,0.9986084428141195,0.9998150810034571,1.4870168917284532,0.0373035814082303
test/counting_and_probability/119.json|256,17,7,0.997831798742877,0.9996694591363853,1.6005703122049404,0.04656394804054985
test/counting_and_probability/119.json|256,17,8,0.9215681731866472,0.9982987818060997,2.7880574170901085,0.28005682782848346
test/counting_and_probability/119.json|256,17,9,0.946919584186889,0.9993903047380837,2.4289085322368797,0.2303918744511424
test/counting_and_probability/119.json|256,17,10,0.9237687670725881,0.9971574966063268,3.2801146310789058,0.27610004152011974
test/counting_and_probability/119.json|256,17,11,0.9147050837718206,0.9975873081357443,3.16366678380839,0.29205293394893234
test/counting_and_probability/119.json|256,17,12,0.9969384827837499,0.9999231550474793,1.5424523736524494,0.055330978811603745
test/counting_and_probability/119.json|256,17,13,0.9980933797889192,0.9999117641210797,1.4957335258778874,0.04366486243057213
test/counting_and_probability/119.json|256,17,14,0.9484016543749259,0.9985568950499968,2.779770668880411,0.22715269231306537
test/counting_and_probability/119.json|256,17,15,0.9728584725081708,0.9991980590065977,2.3960227425273204,0.16474685882234352
test/counting_and_probability/119.json|256,17,16,0.9859999551782607,0.9990032893044634,2.174607518479007,0.11832178506825923
test/counting_and_probability/119.json|256,17,17,0.9650689842704243,0.9977087609811957,2.783836622185861,0.18689841018471956
test/counting_and_probability/119.json|256,17,18,0.9997339777620466,0.9999799228499658,1.2032934438131189,0.016310188164253534
test/counting_and_probability/119.json|256,17,19,0.9998616506065965,0.9999664028126581,1.195051621020346,0.01176220189435269
test/counting_and_probability/119.json|256,17,20,0.9994800004283136,0.999970888054867,1.277621795248179,0.022803499110582968
test/counting_and_probability/119.json|256,17,21,0.9993476903489853,0.9999656601395085,1.291232250472935,0.025540353384687225
test/counting_and_probability/119.json|256,17,22,0.9957916595751155,0.9998942209958724,1.5850524252697238,0.06487172284504623
test/counting_and_probability/119.json|256,17,23,0.9940341606925854,0.9998217648614115,1.6991169760516183,0.07723884584465622
test/counting_and_probability/119.json|256,17,24,0.9653330530141133,0.99966499838597,2.2795619826856446,0.18619062002659179
test/counting_and_probability/119.json|256,17,25,0.9595800514644095,0.9996028432191263,2.367899762310994,0.20104713013517628
test/counting_and_probability/119.json|256,17,26,0.9989674915889262,0.9999023197422802,1.4093688400718765,0.03213266890679685
test/counting_and_probability/119.json|256,17,27,0.9988728421780462,0.9999190974206947,1.400410250410427,0.033573171163204525
test/counting_and_probability/119.json|256,17,28,0.9222000661138353,0.9930192619325955,3.4993214539465596,0.2789263951048102
test/counting_and_probability/119.json|256,17,29,0.892422295183075,0.9909842258127106,3.8970596762839613,0.32799040354395276
test/counting_and_probability/119.json|256,17,30,0.9801594695280594,0.9994800810561624,2.2825961304680455,0.14085641792953763
test/counting_and_probability/119.json|256,17,31,0.9898873263792163,0.9996679607422251,1.979861651791862,0.10056179006354113
test/counting_and_probability/119.json|256,18,0,0.9758828815413455,0.9951712636513798,2.876739894590414,0.15529687201825573
test/counting_and_probability/119.json|256,18,1,0.9899786092831295,0.997888512981471,2.314866484240024,0.10010689645009714
test/counting_and_probability/119.json|256,18,2,0.997503233594744,0.9997842517069652,1.5884173235682797,0.04996765358965717
test/counting_and_probability/119.json|256,18,3,0.9784828532028239,0.999701760918246,2.049128208850368,0.14668724142602207
test/counting_and_probability/119.json|256,18,4,0.9532946625600054,0.9992801599318137,2.544915403686759,0.2161141768602759
test/counting_and_probability/119.json|256,18,5,0.968927506729469,0.9996408070540024,2.1695782524474647,0.17627391545696988
test/counting_and_probability/119.json|256,18,6,0.9848770279302932,0.9975845073741216,2.498675261260937,0.12297549377704002
test/counting_and_probability/119.json|256,18,7,0.9638297671987816,0.9958742659977761,3.015000228502528,0.19018473335475286
test/counting_and_probability/119.json|256,18,8,0.9576131099937332,0.9993354749182074,2.358463509371444,0.2058807664796953
test/counting_and_probability/119.json|256,18,9,0.9549481340796022,0.9997069647770787,2.203529911562776,0.2122542482976437
test/counting_and_probability/119.json|256,18,10,0.9133352881635296,0.9925728686762797,3.851472062345846,0.29438870874486744
test/counting_and_probability/119.json|256,18,11,0.95182595818075,0.9977498662752619,3.1074069046103174,0.21948585790262207
test/counting_and_probability/119.json|256,18,12,0.9713334709805005,0.9997671237426028,2.059588908534334,0.1693119281666224
test/counting_and_probability/119.json|256,18,13,0.9709491229739378,0.9997715201230625,2.0657000412702384,0.1704431782913656
test/counting_and_probability/119.json|256,18,14,0.9998555252747618,0.9999928282330637,1.1545877812324745,0.012019763942696748
test/counting_and_probability/119.json|256,18,15,0.9997681227516252,0.9999815350430085,1.1947293458940753,0.015227516159072436
test/counting_and_probability/119.json|256,18,16,0.9709888924358204,0.9998390001504216,1.887076899720689,0.17032647346839414
test/counting_and_probability/119.json|256,18,17,0.9722002617246991,0.9995896704304228,2.1745957233905067,0.16673253514326744
test/counting_and_probability/119.json|256,18,18,0.9384631332037632,0.9991932169957553,2.6297722598354443,0.24806625485187786
test/counting_and_probability/119.json|256,18,19,0.8835216545221205,0.997911230764295,2.944477840280967,0.3412892402023238
test/counting_and_probability/119.json|256,18,20,0.9782456488003513,0.9999128035518279,1.8258171762924376,0.14749356324819313
test/counting_and_probability/119.json|256,18,21,0.9599226760967494,0.9998378714249122,2.127163140753007,0.20019321642665763
test/counting_and_probability/119.json|256,18,22,0.9082539434258313,0.9929192165939164,3.7492550397922804,0.3028961151519918
test/counting_and_probability/119.json|256,18,23,0.8576402610090826,0.996406862849177,3.862049333449916,0.37730589578075424
test/counting_and_probability/119.json|256,18,24,0.9982118919348603,0.9999347808020697,1.4170750647854449,0.04228602683085439
test/counting_and_probability/119.json|256,18,25,0.9982381893294059,0.9999229694892238,1.4323893814260116,0.041973928462726844
test/counting_and_probability/119.json|256,18,26,0.9829700993281147,0.9998213999843067,1.9602956150848059,0.13049866157124085
test/counting_and_probability/119.json|256,18,27,0.9583697075454254,0.9996555350922819,2.283575108010753,0.20403502751874397
test/counting_and_probability/119.json|256,18,28,0.8944558491009439,0.9936161158287519,3.5305145138639724,0.3248755929568365
test/counting_and_probability/119.json|256,18,29,0.9392157079275572,0.9951067598484965,3.2069624475634098,0.24654470603207615
test/counting_and_probability/119.json|256,18,30,0.9510111036916099,0.9971543506298637,2.9910002905153594,0.22133435410796512
test/counting_and_probability/119.json|256,18,31,0.9671605498688538,0.9975788697415654,2.7527474020098337,0.1812165834882288
test/counting_and_probability/119.json|256,20,0,0.9997337768177477,0.9999810446012057,1.2106854614682732,0.01631634708665926
test/counting_and_probability/119.json|256,20,1,0.998989044886779,0.9999570470056334,1.364193139222913,0.031795520332603834
test/counting_and_probability/119.json|256,20,2,0.9928991450506766,0.9999655475314555,1.575927609874457,0.08426657076992894
test/counting_and_probability/119.json|256,20,3,0.9953760758768275,0.9999612421342295,1.5124555100387198,0.06799944207986175
test/counting_and_probability/119.json|256,20,4,0.9792383150197503,0.9994948383841008,2.156971189158737,0.14408915635900454
test/counting_and_probability/119.json|256,20,5,0.9614274836031947,0.9994460656788156,2.3370221866829324,0.19639887066071754
test/counting_and_probability/119.json|256,20,6,0.9787990336461722,0.9982039698124751,2.549443545174477,0.14560551622046414
test/counting_and_probability/119.json|256,20,7,0.9790239386797371,0.9983956538465282,2.4888191761350034,0.14483114761770985
test/counting_and_probability/119.json|256,20,8,0.9044862223204749,0.9981499456947818,3.0394673790228053,0.30905303376528287
test/counting_and_probability/119.json|256,20,9,0.7717357903279113,0.9966101295166748,3.75329626746715,0.47777003848304334
test/counting_and_probability/119.json|256,20,10,0.9988323406468848,0.9999981707252177,1.2084496618124982,0.03417103090506997
test/counting_and_probability/119.json|256,20,11,0.9954741671782015,0.9999909774275492,1.361894429371864,0.06727431026624149
test/counting_and_probability/119.json|256,20,12,0.8863764273569509,0.9971855455268092,3.3609455152027685,0.33708095858865883
test/counting_and_probability/119.json|256,20,13,0.9093750191099907,0.9974407469704581,3.1748240651129125,0.3010398327298387
test/counting_and_probability/119.json|256,20,14,0.9801224898714976,0.9997066159052271,1.9775860958108482,0.14098762402601997
test/counting_and_probability/119.json|256,20,15,0.9586993863707353,0.9996718157101757,2.151011299046426,0.20322552405951555
test/counting_and_probability/119.json|256,20,16,0.9423320262158785,0.9997803963894409,2.61533585121785,0.24014157029577674
test/counting_and_probability/119.json|256,20,17,0.9514254729061707,0.9992911995014567,2.7289218586644086,0.22039629555378026
test/counting_and_probability/119.json|256,20,18,0.9922260952986188,0.9997934024606835,1.806959392100949,0.08816974935532693
test/counting_and_probability/119.json|256,20,19,0.9960319987843039,0.9998230871406795,1.6743361215549966,0.06299207264169096
test/counting_and_probability/119.json|256,20,20,0.9999990595513998,1.0,1.0138792057004375,0.0009697672917856935
test/counting_and_probability/119.json|256,20,21,0.9999987977219519,1.0,1.0141151394945866,0.0010964844039556654
test/counting_and_probability/119.json|256,20,22,0.8368237344491651,0.9997075278489451,2.3998982773642172,0.4039508207082081
test/counting_and_probability/119.json|256,20,23,0.7726288637983291,0.9997441931205341,2.425751611880928,0.476834495607932
test/counting_and_probability/119.json|256,20,24,0.9965682003804244,0.9999416560107853,1.5000728953435742,0.058581563819819854
test/counting_and_probability/119.json|256,20,25,0.9991211008686013,0.9999698394277359,1.3012207504371631,0.029646233005201753
test/counting_and_probability/119.json|256,20,26,0.8128316948825683,0.9951171199788641,3.964960468387825,0.43262952409357325
test/counting_and_probability/119.json|256,20,27,0.9145762113791303,0.9995916667842877,2.6122886502983182,0.29227348258244323
test/counting_and_probability/119.json|256,20,28,0.9784347296043766,0.9999665597304214,1.7994658005244162,0.14685118452237078
test/counting_and_probability/119.json|256,20,29,0.969003226873914,0.9999557314738052,1.8957110993445012,0.1760590046719734
test/counting_and_probability/119.json|256,20,30,0.9427436364297045,0.999440882941022,2.5719326592150407,0.23928301981188618
test/counting_and_probability/119.json|256,20,31,0.9544267134384137,0.9994667684366048,2.5459616645135865,0.21347900730888347
test/counting_and_probability/119.json|256,21,0,0.9972744136129025,0.9997142048423321,1.6600515121278998,0.052207148812183975
test/counting_and_probability/119.json|256,21,1,0.998905052749661,0.9998841136997931,1.4459453047247488,0.033089987161360225
test/counting_and_probability/119.json|256,21,2,0.9306888572142294,0.9903555375967606,3.7055174698998874,0.26327009474258667
test/counting_and_probability/119.json|256,21,3,0.9627211223066542,0.9981382366283018,2.769786104667677,0.19307738783541126
test/counting_and_probability/119.json|256,21,4,0.9364876758894687,0.9984566609574009,2.9958865853445165,0.25201651555112675
test/counting_and_probability/119.json|256,21,5,0.9640599743706559,0.9966733021144836,3.0514235374768215,0.18957854738694477
test/counting_and_probability/119.json|256,21,6,0.951698538388917,0.9955810944470275,3.2420643897407895,0.21977593501355636
test/counting_and_probability/119.json|256,21,7,0.9091787567079126,0.9966335839618591,3.262344544015033,0.30136563057536503
test/counting_and_probability/119.json|256,21,8,0.998305245517323,0.9999010103675693,1.5072205565560208,0.041167395869510306
test/counting_and_probability/119.json|256,21,9,0.9931666924479275,0.9997355907280148,1.8410165389274749,0.08266382251065126
test/counting_and_probability/119.json|256,21,10,0.9995356677224043,0.9999850885659735,1.2298716208386076,0.02154837064828059
test/counting_and_probability/119.json|256,21,11,0.9835398870590475,0.9999718981025197,1.8261575106128902,0.12829697167490942
test/counting_and_probability/119.json|256,21,12,0.9999400056840058,0.9999962751217283,1.1044861564648558,0.007745599782730737
test/counting_and_probability/119.json|256,21,13,0.9999151978739549,0.9999951124523163,1.1263824256897796,0.009208806982726575
test/counting_and_probability/119.json|256,21,14,0.9406742014849092,0.997918449508596,2.9945522596975382,0.24356887837958852
test/counting_and_probability/119.json|256,21,15,0.8729351125921646,0.9970278168740914,3.3817721685579376,0.356461621227076
test/counting_and_probability/119.json|256,21,16,0.9998778990034156,0.9999953793378776,1.1391611716275134,0.01104993197193469
test/counting_and_probability/119.json|256,21,17,0.9999314048522064,0.9999931404852206,1.115941850739264,0.008282218772379765
test/counting_and_probability/119.json|256,21,18,0.9884458390891785,0.9998391146456073,1.8727852167609988,0.10749028286697132
test/counting_and_probability/119.json|256,21,19,0.9795925445044851,0.9996272289600572,2.1332232595879366,0.14285466564139557
test/counting_and_probability/119.json|256,21,20,0.9517078102062658,0.9987693214512483,2.8498313229141843,0.21975484020547573
test/counting_and_probability/119.json|256,21,21,0.9340741342475946,0.9986558030268627,2.950008613594361,0.2567603274503393
test/counting_and_probability/119.json|256,21,22,0.9998357085032765,0.999979294538736,1.1865204741512925,0.012817624457109
test/counting_and_probability/119.json|256,21,23,0.9994793077561394,0.9999761624014941,1.2674430674518882,0.022818681904541355
test/counting_and_probability/119.json|256,21,24,0.9995387718988098,0.9999865017029625,1.2475169885487685,0.021476221762456334
test/counting_and_probability/119.json|256,21,25,0.9991840034830097,0.9999706187833489,1.308410385785103,0.028565652749241867
test/counting_and_probability/119.json|256,21,26,0.8530518114238973,0.9890491250251467,4.135265323599098,0.38333821695221404
test/counting_and_probability/119.json|256,21,27,0.8466016579124763,0.995664424445432,3.886860034520811,0.3916610040424291
test/counting_and_probability/119.json|256,21,28,0.9383538194376515,0.9995954948599652,2.2395064782667577,0.24828648888400773
test/counting_and_probability/119.json|256,21,29,0.9879631680986375,0.9998062094893813,1.865166827915276,0.10971249655970149
test/counting_and_probability/119.json|256,21,30,0.9863280228606679,0.9997413458467898,1.962495478049602,0.11692723010202587
test/counting_and_probability/119.json|256,21,31,0.9877778919962374,0.9998466010709042,1.8244795274757195,0.11055364310488622
test/counting_and_probability/119.json|256,22,0,0.9984318742432664,0.9999567928888242,1.381546554998086,0.039599567633164835
test/counting_and_probability/119.json|256,22,1,0.9987020888330581,0.9999173698436276,1.4472157562380603,0.036026534206635666
test/counting_and_probability/119.json|256,22,2,0.9925205202103021,0.9996120385233772,1.8139788671089374,0.08648398574127972
test/counting_and_probability/119.json|256,22,3,0.9953245827020428,0.9997373988148286,1.7025113617420171,0.06837702317267969
test/counting_and_probability/119.json|256,22,4,0.8004674971300102,0.9959402061363085,3.756435838294698,0.4466906120235681
test/counting_and_probability/119.json|256,22,5,0.8277662089190498,0.9967979425965214,3.512173661833657,0.4150105915286382
test/counting_and_probability/119.json|256,22,6,0.9431171396101672,0.9998622931687688,2.078746053446234,0.2385012796398225
test/counting_and_probability/119.json|256,22,7,0.9631393420113217,0.9997099951303959,2.324675003834372,0.19199129664825518
test/counting_and_probability/119.json|256,22,8,0.9907425449851839,0.9996359888195265,1.8730678768881355,0.09621566927905308
test/counting_and_probability/119.json|256,22,9,0.992485785574099,0.9997159098200933,1.847939748700873,0.08668456855692912
test/counting_and_probability/119.json|256,22,10,0.9725012297082717,0.9992746417194401,2.452332742795241,0.1658275317663756
test/counting_and_probability/119.json|256,22,11,0.9898909067546389,0.999747441133753,1.9479764991051514,0.10054398661959418
test/counting_and_probability/119.json|256,22,12,0.999996590565605,0.9999998934551751,1.0259960391045686,0.001846465378779066
test/counting_and_probability/119.json|256,22,13,0.9999926300678957,0.9999992981017044,1.0458098414401116,0.0027147618872125703
test/counting_and_probability/119.json|256,22,14,0.8523232515967198,0.9855448149754497,4.365099735494097,0.3842873253221867
test/counting_and_probability/119.json|256,22,15,0.9613609742779534,0.9985691196991052,2.783968373400296,0.1965681198008634
test/counting_and_probability/119.json|256,22,16,0.9998217454661512,0.9999974351865634,1.1348069337824718,0.01335119971571047
test/counting_and_probability/119.json|256,22,17,0.9997946702530652,0.9999979971198584,1.14232465572244,0.01432933169881862
test/counting_and_probability/119.json|256,22,18,0.9891460053889872,0.9999957453717622,1.48146868659053,0.10418250626190932
test/counting_and_probability/119.json|256,22,19,0.9799408824562532,0.9999840995995277,1.6156393409587142,0.14163021409200363
test/counting_and_probability/119.json|256,22,20,0.8152722231221875,0.9972988069266,3.762903631349583,0.42979969390148764
test/counting_and_probability/119.json|256,22,21,0.9307551631029701,0.9975838137634094,3.12333540881855,0.2631441371131606
test/counting_and_probability/119.json|256,22,22,0.9973691863442545,0.9999939326807501,1.3824670846998446,0.05129145792181645
test/counting_and_probability/119.json|256,22,23,0.9945132636164751,0.9999869864299775,1.4902233673106342,0.07407250760926706
test/counting_and_probability/119.json|256,22,24,0.9997925323793923,0.9999784764480961,1.2024732252015462,0.014403736341927
test/counting_and_probability/119.json|256,22,25,0.9998458209200937,0.9999706286384596,1.1953989742226807,0.012416886884655745
test/counting_and_probability/119.json|256,22,26,0.999924483363603,0.9999992612502961,1.0961377028105834,0.008690030862836096
test/counting_and_probability/119.json|256,22,27,0.9999712427959145,0.9999988404353192,1.0669222845853197,0.00536257438973681
test/counting_and_probability/119.json|256,22,28,0.999887542986764,0.9999948154771768,1.1268923422337045,0.010604575108698775
test/counting_and_probability/119.json|256,22,29,0.9986504336872609,0.9999714649045527,1.319325695090456,0.03673644393159307
test/counting_and_probability/119.json|256,22,30,0.9802731869535645,0.9999181497116832,1.7791289547365,0.1404521735197983
test/counting_and_probability/119.json|256,22,31,0.9829487241315168,0.9996849464436293,1.9177347721738416,0.13058053403353506
test/counting_and_probability/119.json|256,24,0,0.884796641832252,0.9980507561341082,3.4668162339505497,0.3394162019817969
test/counting_and_probability/119.json|256,24,1,0.8993194187207404,0.9983058877358632,3.204512842419799,0.3173020347858797
test/counting_and_probability/119.json|256,24,2,0.999817246481594,0.999993840717062,1.1488031329987252,0.013518635966916938
test/counting_and_probability/119.json|256,24,3,0.9996418297924062,0.9999813785774168,1.2147921233615289,0.018925385269361533
test/counting_and_probability/119.json|256,24,4,0.7520040486311638,0.9907608872403816,4.3488464309433095,0.49799191897945116
test/counting_and_probability/119.json|256,24,5,0.7810898927660469,0.9890904947335886,4.255282384606167,0.46787830387180074
test/counting_and_probability/119.json|256,24,6,0.9980535367332127,0.9998602781679028,1.5249704252519805,0.04411874053944954
test/counting_and_probability/119.json|256,24,7,0.9996752378926702,0.9999773507571671,1.2299147988665073,0.018021157213946894
test/counting_and_probability/119.json|256,24,8,0.8233006927977419,0.999453583080984,2.80853933174363,0.4203561670800824
test/counting_and_probability/119.json|256,24,9,0.9696672685757829,0.9992311125301737,2.4158254672408703,0.17416294503773502
test/counting_and_probability/119.json|256,24,10,0.9965751980052612,0.9998749406404748,1.576376906594721,0.05852180785603623
test/counting_and_probability/119.json|256,24,11,0.9959554714793633,0.9999348395512702,1.5475678641301445,0.06359660777617583
test/counting_and_probability/119.json|256,24,12,0.9970068989161431,0.9997057142819229,1.63916031322865,0.054709241302149894
test/counting_and_probability/119.json|256,24,13,0.9961453888080904,0.9998726431037505,1.5862023848700262,0.06208551515377441
test/counting_and_probability/119.json|256,24,14,0.9777830265731968,0.9994489519670301,2.3236554153836786,0.14905359246527128
test/counting_and_probability/119.json|256,24,15,0.972270994311882,0.9987735356958565,2.5181094599984117,0.16652028611589034
test/counting_and_probability/119.json|256,24,16,0.9810810730379051,0.999711403000233,1.9498720784454373,0.1375460903191903
test/counting_and_probability/119.json|256,24,17,0.9858897257298189,0.9999670903476179,1.6034490600866886,0.11878667547406602
test/counting_and_probability/119.json|256,24,18,0.9535803271473055,0.9959620122162576,3.0771402288109213,0.21545225190908204
test/counting_and_probability/119.json|256,24,19,0.9491849999737341,0.9955760584001984,3.0968191513282157,0.22542182686303014
test/counting_and_probability/119.json|256,24,20,0.9999814734463665,0.9999994953856987,1.0571577382517783,0.004304248323871034
test/counting_and_probability/119.json|256,24,21,0.9999935675041497,0.9999997203262674,1.0404750668135663,0.00253623655251357
test/counting_and_probability/119.json|256,24,22,0.9999943383418248,0.9999996603005095,1.037144065996092,0.002379423916659486
test/counting_and_probability/119.json|256,24,23,0.999974790049043,0.9999999289860536,1.0550001800616025,0.0050209512004206775
test/counting_and_probability/119.json|256,24,24,0.9999973806702487,0.9999996362042012,1.031234532540613,0.0016184343518718465
test/counting_and_probability/119.json|256,24,25,0.9999871557880206,0.9999989678758231,1.0557137256951161,0.0035838822496624873
test/counting_and_probability/119.json|256,24,26,0.9934449497644817,0.9999053052122222,1.5994275250925198,0.08096326472863034
test/counting_and_probability/119.json|256,24,27,0.9977626091143293,0.9999887641942423,1.3365830964395669,0.047301066432699525
test/counting_and_probability/119.json|256,24,28,0.8663522450077447,0.9999804737364433,2.0179799750013223,0.3655786577362734
test/counting_and_probability/119.json|256,24,29,0.8915908545117679,0.9999872547033498,1.9343687362530322,0.3292554410913085
test/counting_and_probability/119.json|256,24,30,0.9744839680516637,0.9994872325423386,2.1869041544059122,0.1597373843166849
test/counting_and_probability/119.json|256,24,31,0.7584154783886654,0.984507936382103,4.697894230497093,0.4915124836780187
test/counting_and_probability/119.json|256,25,0,0.999991782974814,0.9999989908916438,1.0486056048143562,0.0028665353976625677
test/counting_and_probability/119.json|256,25,1,0.9999930491243866,0.9999993049124387,1.0434905777094399,0.002636451329613477
test/counting_and_probability/119.json|256,25,2,0.969353490324891,0.9999436287524234,1.8431973491315647,0.17506144542733834
test/counting_and_probability/119.json|256,25,3,0.9658473254596632,0.9998118903231008,1.9920765212907938,0.18480442240470538
test/counting_and_probability/119.json|256,25,4,0.9997113478654535,0.9999704940405081,1.2257320275148036,0.016989765582448184
test/counting_and_probability/119.json|256,25,5,0.9998753453153457,0.9999762937406728,1.172166108219257,0.011164886235617429
test/counting_and_probability/119.json|256,25,6,0.9999820868786387,0.9999990872294847,1.0599909615221983,0.004232389556898789
test/counting_and_probability/119.json|256,25,7,0.9999352036913133,0.9999987112336394,1.0902625667802661,0.008049615437194558
test/counting_and_probability/119.json|256,25,8,0.9999988229737862,1.0,1.0185881993658321,0.0010849083896015178
test/counting_and_probability/119.json|256,25,9,0.9999996965807993,1.0,1.0116513427757818,0.0005508350031120619
test/counting_and_probability/119.json|256,25,10,0.9988270290127043,0.9999222496909624,1.4167473391428407,0.034248664022056986
test/counting_and_probability/119.json|256,25,11,0.9986236344906199,0.9999383993154657,1.3922770529611128,0.03709940039111333
test/counting_and_probability/119.json|256,25,12,0.9999783571962153,0.9999977173605383,1.0741163056404648,0.004652182690382424
test/counting_and_probability/119.json|256,25,13,0.9999686094471416,0.9999969051567604,1.0829029244528354,0.0056027272696777064
test/counting_and_probability/119.json|256,25,14,0.8786573599280725,0.9990306889513529,3.1209950712905337,0.3483427049213569
test/counting_and_probability/119.json|256,25,15,0.9319871978400004,0.9962313606960069,3.2882795011665813,0.2607926420741191
test/counting_and_probability/119.json|256,25,16,0.9730054621408452,0.9999629138185847,1.8298744018319368,0.16430014564556797
test/counting_and_probability/119.json|256,25,17,0.9750492513109317,0.9999322739806547,1.8743230590695592,0.15795805990536957
test/counting_and_probability/119.json|256,25,18,0.9997226110802521,0.9999912435559234,1.1965744327828645,0.01665499684022588
test/counting_and_probability/119.json|256,25,19,0.9999178340186312,0.9999928744948406,1.1259298831510525,0.009064545292996606
test/counting_and_probability/119.json|256,25,20,0.9603062741788446,0.9984277643465551,2.7232851370147917,0.19923284322911064
test/counting_and_probability/119.json|256,25,21,0.9588978540984607,0.9986990205472882,2.6721895050720006,0.20273664173389888
test/counting_and_probability/119.json|256,25,22,0.9282147369653251,0.9922516330308692,3.6036295038517654,0.2679277197952368
test/counting_and_probability/119.json|256,25,23,0.9567212680584491,0.9991750728131417,2.3383681868107304,0.20803541030687744
test/counting_and_probability/119.json|256,25,24,0.8333449652423798,0.9967072560551467,3.79803422436724,0.40823404409434083
test/counting_and_probability/119.json|256,25,25,0.8363309132707298,0.9948376914478128,3.5993949858984817,0.4045603622814155
test/counting_and_probability/119.json|256,25,26,0.9999635900410184,0.9999970452651088,1.0890568496358535,0.006034066537715327
test/counting_and_probability/119.json|256,25,27,0.9997811124827772,0.9999923687175117,1.163867860711132,0.01479484765797761
test/counting_and_probability/119.json|256,25,28,0.9999680590252727,0.9999976645308801,1.0857737858472507,0.005651634695134801
test/counting_and_probability/119.json|256,25,29,0.9999911787862567,0.999999185734116,1.0488477685149071,0.002970052818275888
test/counting_and_probability/119.json|256,25,30,0.9976415344899021,0.9999999218844227,1.2312755728806242,0.04856403515048852
test/counting_and_probability/119.json|256,25,31,0.9973799629720634,0.9999996624823478,1.2425957387140498,0.05118629726730154
test/counting_and_probability/119.json|256,26,0,0.9923945445695307,0.9999386098910995,1.621367598134892,0.08720926229747222
test/counting_and_probability/119.json|256,26,1,0.9919523472538544,0.999929701293152,1.6389480703138155,0.0897087105366341
test/counting_and_probability/119.json|256,26,2,0.999997698700843,0.9999999079480337,1.0229650842653628,0.0015170033477269669
test/counting_and_probability/119.json|256,26,3,0.9999928562051295,0.999999648665826,1.042359573177542,0.0026727878461534327
test/counting_and_probability/119.json|256,26,4,0.9879452684965796,0.999816901262276,1.802722262828615,0.1097940412928698
test/counting_and_probability/119.json|256,26,5,0.9965648164313083,0.9998838512936729,1.6184447183247,0.05861043907608659
test/counting_and_probability/119.json|256,26,6,0.8831139011166701,0.9997871952916731,2.3760414311459073,0.3418860905087101
test/counting_and_probability/119.json|256,26,7,0.8306849918082798,0.9993333336929742,2.7092149897284945,0.41147904951737235
test/counting_and_probability/119.json|256,26,8,0.9783825591805492,0.9992645155993293,2.271114990078319,0.1470287074671162
test/counting_and_probability/119.json|256,26,9,0.9472574353822226,0.9978777964368579,2.794893836984621,0.22965749414677802
test/counting_and_probability/119.json|256,26,10,0.9978585173919691,0.9999843611928558,1.3691392417534562,0.046276155934032934
test/counting_and_probability/119.json|256,26,11,0.9996440382277098,0.999981203338757,1.2454177768813288,0.01886694920463421
test/counting_and_probability/119.json|256,26,12,0.9999741760212085,0.9999994729800247,1.057146018175614,0.005081729901467874
test/counting_and_probability/119.json|256,26,13,0.9999937736016509,1.0,1.0275471714151465,0.002495275205088514
test/counting_and_probability/119.json|256,26,14,0.9835064110152679,0.9999663045984369,1.709751816935449,0.12842736851906636
test/counting_and_probability/119.json|256,26,15,0.9887717427969913,0.9997212482882786,1.929346112622821,0.10596347107852161
test/counting_and_probability/119.json|256,26,16,0.9999992183268481,1.0,1.0142282562735643,0.0008841228149260884
test/counting_and_probability/119.json|256,26,17,0.9999992060629651,1.0,1.0156170835052123,0.0008910314443907438
test/counting_and_probability/119.json|256,26,18,0.9983720870779591,0.999857877179018,1.4909694110892224,0.040347402915688356
test/counting_and_probability/119.json|256,26,19,0.9992224961677993,0.9999289346745752,1.3505372940702784,0.027883755704722676
test/counting_and_probability/119.json|256,26,20,0.998835920857016,0.9999559069452073,1.343220490898007,0.03411860405972082
test/counting_and_probability/119.json|256,26,21,0.9997692586429489,0.9999980240987503,1.166141002480966,0.015190173042172534
test/counting_and_probability/119.json|256,26,22,0.993200999844149,0.999921959222368,1.7414407230402826,0.0824560498438471
test/counting_and_probability/119.json|256,26,23,0.995576954696493,0.9998536455646027,1.680521434800793,0.06650597945679029
test/counting_and_probability/119.json|256,26,24,0.9996218946058554,0.9999764992955024,1.2477482999492309,0.019444932351248313
test/counting_and_probability/119.json|256,26,25,0.9997445613316069,0.9999733685112937,1.2132209977488493,0.01598244876084575
test/counting_and_probability/119.json|256,26,26,0.999950960911777,0.9999977617013674,1.0953509855805579,0.0070027914593365865
test/counting_and_probability/119.json|256,26,27,0.9999875720256787,0.9999992816199814,1.0548673522047844,0.00352533322131786
test/counting_and_probability/119.json|256,26,28,0.9999830355588882,0.9999997160762993,1.0486122417414863,0.004118791219735036
test/counting_and_probability/119.json|256,26,29,0.9999873308344724,0.9999999010221443,1.0436664425584976,0.0035593771263462393
test/counting_and_probability/119.json|256,26,30,0.9954821766099485,0.9996947716408873,1.7559195713890232,0.06721475574642422
test/counting_and_probability/119.json|256,26,31,0.9967644212748782,0.9997177409192861,1.6639720522097885,0.05688214768380157
test/counting_and_probability/119.json|256,28,0,0.996381695447085,0.9999171265291928,1.5403180097413423,0.06015234453381687
test/counting_and_probability/119.json|256,28,1,0.9977080110413443,0.99998907998908,1.3651684622112141,0.04787472149951034
test/counting_and_probability/119.json|256,28,2,0.9867286855798428,0.9999384101597313,1.829694664925135,0.11520119105355277
test/counting_and_probability/119.json|256,28,3,0.9850983536930913,0.9999376603985163,1.9009877537166218,0.12207229950692627
test/counting_and_probability/119.json|256,28,4,0.8043212148509848,0.9992417106045853,3.0030543247511843,0.4423559484725114
test/counting_and_probability/119.json|256,28,5,0.7787291746562842,0.9957901186885304,4.058333141960997,0.47039432962538547
test/counting_and_probability/119.json|256,28,6,0.9946696041026015,0.9998553633975648,1.685236481478297,0.07300956031506063
test/counting_and_probability/119.json|256,28,7,0.9923147211913133,0.9999446925401582,1.5961774395233974,0.08766572197094338
test/counting_and_probability/119.json|256,28,8,0.9991403657918506,0.9999834257019288,1.3199459403116485,0.029319519234622258
test/counting_and_probability/119.json|256,28,9,0.9996263367107104,0.9999792362200327,1.2428900502483602,0.019330372197388253
test/counting_and_probability/119.json|256,28,10,0.9999174526722087,0.9999971433502316,1.121884882905721,0.009085555997919884
test/counting_and_probability/119.json|256,28,11,0.9999432872487186,0.9999986334276799,1.1005192195956275,0.007530786896559001
test/counting_and_probability/119.json|256,28,12,0.9999995863575423,1.0,1.0118655139952553,0.0006431504161007498
test/counting_and_probability/119.json|256,28,13,0.9999997272552468,1.0,1.0101304996367633,0.0005222497039031394
test/counting_and_probability/119.json|256,28,14,0.9999693465530728,0.9999994404036058,1.0680871823420621,0.005536555511074468
test/counting_and_probability/119.json|256,28,15,0.999894239762874,0.9999993026797552,1.0969133962197888,0.010283979634657554
test/counting_and_probability/119.json|256,28,16,0.999049430027535,0.9999743281927916,1.3487491225603323,0.03083131480272954
test/counting_and_probability/119.json|256,28,17,0.9999305273836221,0.9999944703416775,1.1204961270534348,0.008335023477945819
test/counting_and_probability/119.json|256,28,18,0.9651226632989266,0.9987741240148454,2.623927725433843,0.18675475014326517
test/counting_and_probability/119.json|256,28,19,0.8000759647774255,0.9967016571212417,3.7107256141863147,0.44712865623059156
test/counting_and_probability/119.json|256,28,20,0.9999999331129226,1.0,1.0050940947239078,0.00025862536115450524
test/counting_and_probability/119.json|256,28,21,1.0,1.0,1.00491996627814,0.0
test/counting_and_probability/119.json|256,28,22,0.7445906883750731,0.9991728007966899,3.3171484099136026,0.5053803633155198
test/counting_and_probability/119.json|256,28,23,0.8976302010919422,0.9948962062464322,3.558694209450035,0.31995280731391895
test/counting_and_probability/119.json|256,28,24,1.0,1.0,1.0026128269016288,0.0
test/counting_and_probability/119.json|256,28,25,1.0,1.0,1.0037790674060099,0.0
test/counting_and_probability/119.json|256,28,26,0.9736622399782155,0.998952964328924,2.5086173284018143,0.16228912477977214
test/counting_and_probability/119.json|256,28,27,0.9771716209534843,0.9983639291878856,2.4629633050420483,0.15109063189528227
test/counting_and_probability/119.json|256,28,28,1.0,1.0,1.0030193127878366,0.0
test/counting_and_probability/119.json|256,28,29,1.0,1.0,1.0027419237054183,0.0
test/counting_and_probability/119.json|256,28,30,0.990773766932556,0.9999572114417721,1.8277031453313382,0.09605328243971659
test/counting_and_probability/119.json|256,28,31,0.9941873674574664,0.999965186685483,1.6846121124390998,0.07624062265310806
test/counting_and_probability/119.json|256,29,0,0.9999058368798336,0.9999995562529681,1.085749711330331,0.009703768348760846
test/counting_and_probability/119.json|256,29,1,0.9996035503861029,0.9999936741373083,1.192035237798154,0.019911042511557883
test/counting_and_probability/119.json|256,29,2,0.9999975074616627,0.9999999002984665,1.0243361256449823,0.0015787774818777486
test/counting_and_probability/119.json|256,29,3,0.999997955669756,0.9999999295058537,1.0251255050259032,0.001429800770729144
test/counting_and_probability/119.json|256,29,4,0.9992003949056197,0.9999504873767261,1.338446241165886,0.028277289374695418
test/counting_and_probability/119.json|256,29,5,0.9994147410902581,0.9999790437104581,1.266852080675511,0.024192124953007453
test/counting_and_probability/119.json|256,29,6,0.9849353819605485,0.9987962884007423,2.233031822513515,0.12273800568467565
test/counting_and_probability/119.json|256,29,7,0.9586068002131732,0.9996052803928368,2.4470357012849067,0.20345318819528674
test/counting_and_probability/119.json|256,29,8,0.9506497451435355,0.9999985271166915,1.8191697360429147,0.2221491725315773
test/counting_and_probability/119.json|256,29,9,0.9975262404200386,0.9999971497262033,1.3345142450006524,0.04973690360247039
test/counting_and_probability/119.json|256,29,10,0.999426021886586,0.9999666956695098,1.305902574816681,0.02395784033284251
test/counting_and_probability/119.json|256,29,11,0.9990237871564122,0.9999687648870312,1.3310639905224775,0.03124440499654046
test/counting_and_probability/119.json|256,29,12,0.9992622953160586,0.9999749558266917,1.3069984076091823,0.027160719503382256
test/counting_and_probability/119.json|256,29,13,0.99926075265381,0.9999959095457397,1.2631604305784707,0.027189103445866315
test/counting_and_probability/119.json|256,29,14,0.9994000463412481,0.9999759624478267,1.2769148035899853,0.024493951472799827
test/counting_and_probability/119.json|256,29,15,0.9990264032125913,0.9999380494586241,1.3675568167846723,0.031202512517563626
test/counting_and_probability/119.json|256,29,16,0.9998297325606201,0.9999976741612143,1.1443664926587231,0.013048656612075726
test/counting_and_probability/119.json|256,29,17,0.9999769616934833,0.9999992673330083,1.0660942288955115,0.004799823592251247
test/counting_and_probability/119.json|256,29,18,0.9993618537941721,0.9999733534750609,1.283518843229244,0.02526155588691869
test/counting_and_probability/119.json|256,29,19,0.9989791235088964,0.9999665149845444,1.3596349666656764,0.031951157899262526
test/counting_and_probability/119.json|256,29,20,0.9994507509667495,0.9999990207877851,1.1824536527376877,0.023436062665270534
test/counting_and_probability/119.json|256,29,21,0.9996570602676424,0.9999979676674243,1.170955527361856,0.018518632032565204
test/counting_and_probability/119.json|256,29,22,0.6743291179873225,0.9904812426653502,4.097360766532937,0.5706758116590167
test/counting_and_probability/119.json|256,29,23,0.9766276930046324,0.9996332423895332,2.1832441348141596,0.15288004119363532
test/counting_and_probability/119.json|256,29,24,0.918963721450713,0.9993028598828128,2.4755196441402174,0.2846687171947191
test/counting_and_probability/119.json|256,29,25,0.9577585607834729,0.9994341856825847,2.287175920198084,0.20552722256802655
test/counting_and_probability/119.json|256,29,26,0.9644585902682754,0.9979863484337778,2.7309955395414107,0.18852429480500543
test/counting_and_probability/119.json|256,29,27,0.9420116976407253,0.9989475891570119,2.6453065671171703,0.24080760444652627
test/counting_and_probability/119.json|256,29,28,0.999725094194271,0.999973662156086,1.2157362643037293,0.016580283644406554
test/counting_and_probability/119.json|256,29,29,0.9998116945233235,0.9999823657459489,1.1937313076952802,0.013722444267566759
test/counting_and_probability/119.json|256,29,30,0.988749703880667,0.9989920749998978,2.1271871039718224,0.10606741308871936
test/counting_and_probability/119.json|256,29,31,0.9709218793210349,0.9994263834417572,2.2686477420845845,0.17052307960790847
test/counting_and_probability/119.json|256,30,0,0.8788227375352252,0.9833417107236229,4.251802419887547,0.3481052462471297
test/counting_and_probability/119.json|256,30,1,0.7409467768876183,0.9904552949204006,4.543206374979646,0.5089727135243909
test/counting_and_probability/119.json|256,30,2,0.9997492466073674,0.9999960907043465,1.1735346314263988,0.015835194745647607
test/counting_and_probability/119.json|256,30,3,0.9997871057285774,0.9999985030036164,1.1455012092916157,0.014590896868341236
test/counting_and_probability/119.json|256,30,4,0.9015623812686047,0.9985526287291524,2.7267665367800267,0.313747699165102
test/counting_and_probability/119.json|256,30,5,0.9555060676153061,0.9999680223361054,1.91515125741779,0.21093584897947978
test/counting_and_probability/119.json|256,30,6,0.9830952927566086,0.9995048687774329,2.189120308067329,0.13001810352174592
test/counting_and_probability/119.json|256,30,7,0.9940140552883134,0.9997056172433697,1.7783281820308199,0.07736888723308978
test/counting_and_probability/119.json|256,30,8,0.98544069813598,0.9982249346534685,2.385642998290429,0.12066193212451055
test/counting_and_probability/119.json|256,30,9,0.9557960369241486,0.995376676964668,3.143769938358716,0.21024738541977495
test/counting_and_probability/119.json|256,30,10,0.9996716915135422,0.9999980619333739,1.1559196074934466,0.018119284932298457
test/counting_and_probability/119.json|256,30,11,0.9995401704309906,0.9999966427347681,1.1664740600838723,0.021443637028483818
test/counting_and_probability/119.json|256,30,12,0.9927987231653659,0.9997613291106235,1.8044833785620626,0.08486033722908552
test/counting_and_probability/119.json|256,30,13,0.9359115441326369,0.9989358733573629,2.7116585031823117,0.25315697870563064
test/counting_and_probability/119.json|256,30,14,0.9863713454258104,0.9993708818512976,2.0911669880618367,0.11674182872556692
test/counting_and_probability/119.json|256,30,15,0.9640318096989441,0.9991926205224644,2.4068887526650036,0.18965281516775837
test/counting_and_probability/119.json|256,30,16,0.9857614665464164,0.9995622035838994,2.002720897638742,0.11932532611974547
test/counting_and_probability/119.json|256,30,17,0.9855036525138515,0.9998646803493665,1.844974912142944,0.12040077859444463
test/counting_and_probability/119.json|256,30,18,0.9681335345108492,0.9975706091994219,2.7507785317726396,0.17851180770232214
test/counting_and_probability/119.json|256,30,19,0.9961223489466268,0.9999077679273738,1.5919328272497197,0.06227078812230685
test/counting_and_probability/119.json|256,30,20,0.9999719407670747,1.0,1.0551338265023493,0.005297096650549182
test/counting_and_probability/119.json|256,30,21,0.9999486471793065,1.0,1.063460444395455,0.007166088242092902
test/counting_and_probability/119.json|256,30,22,0.9999929446888642,0.9999993172279547,1.0474606316188486,0.0026561835659008686
test/counting_and_probability/119.json|256,30,23,0.9999602319902929,0.9999994625944634,1.068458107333187,0.006306188207393121
test/counting_and_probability/119.json|256,30,24,0.9987912121956455,1.0,1.1769918632591014,0.03476762580842293
test/counting_and_probability/119.json|256,30,25,0.998992347506566,0.999999927735765,1.1665094326198109,0.03174354254701327
test/counting_and_probability/119.json|256,30,26,0.8672777818484935,0.9986767352795868,2.876411039568231,0.36431060669641024
test/counting_and_probability/119.json|256,30,27,0.9749100245748821,0.9990755334460912,2.3969827882745323,0.1583981547402555
test/counting_and_probability/119.json|256,30,28,0.9738773368337238,0.9982457660718412,2.63736865048055,0.16162506973324467
test/counting_and_probability/119.json|256,30,29,0.963701056841869,0.9976428303665956,2.888215349818453,0.19052281532176396
test/counting_and_probability/119.json|256,30,30,0.977707519593076,0.9996715215344371,2.04766466882872,0.14930666564800113
test/counting_and_probability/119.json|256,30,31,0.9765561224722681,0.9984941864410442,2.5140749468852737,0.15311393642556484
test/counting_and_probability/119.json|64,0,0,0.9974946397247575,0.9999485398606497,1.4911137852854157,0.05005357405063606
test/counting_and_probability/119.json|64,0,1,0.9889484181971554,0.9997221679973946,1.7771707577731948,0.10512650380776772
test/counting_and_probability/119.json|64,0,2,0.6892590079421148,0.954111139011234,5.341846830830248,0.5574414696251843
test/counting_and_probability/119.json|64,0,3,0.7657904441910255,0.9688470562729868,5.045525957671513,0.48395201808544464
test/counting_and_probability/119.json|64,0,4,0.9918969143947692,0.999646253953613,1.8486843740936687,0.09001714061905523
test/counting_and_probability/119.json|64,0,5,0.9972477450190202,0.9998833968801605,1.5228494503978083,0.052461938402805434
test/counting_and_probability/119.json|64,0,6,0.9891375856619467,0.9995922379037647,1.8908374252088915,0.10422290697372315
test/counting_and_probability/119.json|64,0,7,0.9832949082693673,0.9997381642747551,2.0603865188184756,0.1292481788290757
test/counting_and_probability/119.json|64,0,8,0.9192844491431906,0.9974509300736587,3.160714413764321,0.28410482371267365
test/counting_and_probability/119.json|64,0,9,0.871423005728524,0.9960755030137722,3.443047066415386,0.3585763437142444
test/counting_and_probability/119.json|64,0,10,0.999891769670323,0.9999936995103138,1.1390998262645196,0.01040338068499826
test/counting_and_probability/119.json|64,0,11,0.9997003404503197,0.9999899289677118,1.2040569322251795,0.017310677331642845
test/counting_and_probability/119.json|64,0,12,0.9998881517724991,0.9999989917094751,1.1050072860422073,0.01057583223679711
test/counting_and_probability/119.json|64,0,13,0.9998934344074377,0.9999982932437628,1.1059579001490119,0.010323061201130211
test/counting_and_probability/119.json|64,0,14,0.7884334526307629,0.9886893264729956,4.021555135014383,0.4599636370075759
test/counting_and_probability/119.json|64,0,15,0.8875106913737689,0.9913093745279132,3.955568509100499,0.33539425848727805
test/counting_and_probability/119.json|64,0,16,0.6397678157547728,0.9733214568326657,4.922326832016359,0.6001934556834381
test/counting_and_probability/119.json|64,0,17,0.5317533821113916,0.9554655580123369,5.948760386333787,0.6842854798171655
test/counting_and_probability/119.json|64,0,18,0.9851341822751019,0.9996527389960492,1.9563802749110955,0.12192545970755306
test/counting_and_probability/119.json|64,0,19,0.9831125544275809,0.9995102177057544,2.037210011100953,0.1299517047691913
test/counting_and_probability/119.json|64,0,20,0.9999523116928831,0.9999927106270889,1.110577727665811,0.006905672097404977
test/counting_and_probability/119.json|64,0,21,0.999889968024041,0.9999918158034411,1.1433958902837837,0.010489612764971176
test/counting_and_probability/119.json|64,0,22,0.6844459695095199,0.9769556685000875,4.725835256345703,0.5617419607706728
test/counting_and_probability/119.json|64,0,23,0.8981395992205227,0.9905659900521075,3.955846727786355,0.3191557625666147
test/counting_and_probability/119.json|64,0,24,0.9717746563604485,0.9988424478921121,2.4192066602342974,0.16800399887964435
test/counting_and_probability/119.json|64,0,25,0.944362709323925,0.9968291275000691,2.9671454134776862,0.23587558304342363
test/counting_and_probability/119.json|64,0,26,0.7807781520537438,0.9904610450562342,4.564020728686778,0.4682113282976569
test/counting_and_probability/119.json|64,0,27,0.7357813403857156,0.9741771855396647,4.8660669366232625,0.5140220419537321
test/counting_and_probability/119.json|64,0,28,0.7288981059916403,0.9957387523314106,4.034768149183536,0.520674460683794
test/counting_and_probability/119.json|64,0,29,0.8138596922927837,0.9983105017028664,3.3218748484598715,0.4314398077452014
test/counting_and_probability/119.json|64,0,30,0.9911539579697883,0.9997767470033813,1.8073742046246681,0.0940533998865095
test/counting_and_probability/119.json|64,0,31,0.9943263176361257,0.9996997769432907,1.7606553658199051,0.07532384990077401
test/counting_and_probability/119.json|64,1,0,0.9831084184958079,0.9991482395749478,2.2075107596767496,0.1299676171367011
test/counting_and_probability/119.json|64,1,1,0.9747975030381074,0.9992459420614465,2.3073194789048284,0.15875294315978078
test/counting_and_probability/119.json|64,1,2,0.8116802503997798,0.9967518786340519,3.816449956017932,0.4339582348570197
test/counting_and_probability/119.json|64,1,3,0.8542716632670436,0.996703951475211,3.4264817442312028,0.3817438103400714
test/counting_and_probability/119.json|64,1,4,0.9393142406064179,0.9907100529601892,3.701170285840508,0.24634479778063534
test/counting_and_probability/119.json|64,1,5,0.8352292675395367,0.969259963411985,5.018185737049502,0.40591961329857323
test/counting_and_probability/119.json|64,1,6,0.6954086361723304,0.9816984742861916,4.647804482172202,0.5518979650512127
test/counting_and_probability/119.json|64,1,7,0.7331230965979404,0.9964647908814604,3.9395009517950306,0.5166013002326452
test/counting_and_probability/119.json|64,1,8,0.8489338292836153,0.9977463580878988,3.2795625571133646,0.3886723179188154
test/counting_and_probability/119.json|64,1,9,0.968043256906209,0.9983472612735631,2.5826418357178436,0.17876449058409513
test/counting_and_probability/119.json|64,1,10,0.9684696618838041,0.9996418589980975,2.412602575945231,0.1775678408839728
test/counting_and_probability/119.json|64,1,11,0.9330172723481495,0.9990412416798412,2.7948075453938155,0.25881021550906863
test/counting_and_probability/119.json|64,1,12,0.6258781182439196,0.9772073842293683,5.340598216361545,0.6116550349307037
test/counting_and_probability/119.json|64,1,13,0.7865552566526313,0.9987624045975896,3.4317914507242753,0.46200080448779385
test/counting_and_probability/119.json|64,1,14,0.9609942854031339,0.999308934655317,2.6264926588558355,0.19749864454437677
test/counting_and_probability/119.json|64,1,15,0.96041299288744,0.9961908542879926,2.918231224871767,0.1989648388850654
test/counting_and_probability/119.json|64,1,16,0.8868973195796159,0.9989092459584258,3.2193069005292796,0.3363074195143248
test/counting_and_probability/119.json|64,1,17,0.7949132931247318,0.9992689593035766,3.156816325433543,0.4528649985097857
test/counting_and_probability/119.json|64,1,18,0.8977335091531983,0.9925507452485212,3.7347248953315564,0.3197913239079537
test/counting_and_probability/119.json|64,1,19,0.7389720410918434,0.9848951173165941,4.791496548284447,0.510908953638666
test/counting_and_probability/119.json|64,1,20,0.8613496858981103,0.9973725513437062,3.2566323058140396,0.3723577770127672
test/counting_and_probability/119.json|64,1,21,0.7632774973512867,0.9973595206365498,3.3146347921976025,0.48654136786989993
test/counting_and_probability/119.json|64,1,22,0.7592723271337649,0.998260429090016,3.7088425532196743,0.49064006447316866
test/counting_and_probability/119.json|64,1,23,0.8233203338206593,0.9728236458249744,4.9414561980619585,0.4203328040723692
test/counting_and_probability/119.json|64,1,24,0.8548930851189873,0.98655396388207,4.098273280524331,0.38092901554097014
test/counting_and_probability/119.json|64,1,25,0.7554692164474343,0.9980990548280688,3.495305338728786,0.4945005394866276
test/counting_and_probability/119.json|64,1,26,0.943846630604596,0.9992258150456105,2.5973535098470513,0.23696702174649545
test/counting_and_probability/119.json|64,1,27,0.9480055141351035,0.9986637220993608,2.6584215361011676,0.22802299415825703
test/counting_and_probability/119.json|64,1,28,0.7498293836882982,0.9634111985984214,5.29117606529043,0.500170587211705
test/counting_and_probability/119.json|64,1,29,0.8079123484340275,0.9777228253677058,4.809926533878187,0.4382780527997866
test/counting_and_probability/119.json|64,1,30,0.7800781889277106,0.9751113409695046,4.853456694722837,0.46895821889832506
test/counting_and_probability/119.json|64,1,31,0.6513452409770957,0.9811924580391651,4.9169413145165235,0.5904699476035206
test/counting_and_probability/119.json|64,2,0,0.9733791214552188,0.9996827068159371,2.242871490668874,0.16315905903375771
test/counting_and_probability/119.json|64,2,1,0.9757823672723328,0.9996123152672508,2.269092530651091,0.15562015527452475
test/counting_and_probability/119.json|64,2,2,0.9983987808968424,0.9998264477631502,1.522849949626843,0.04001523588781629
test/counting_and_probability/119.json|64,2,3,0.9999104530855243,0.9999935322167571,1.1335580107212007,0.009462923146454973
test/counting_and_probability/119.json|64,2,4,0.9175153677650731,0.9977089282703437,3.11072811729737,0.287201379235767
test/counting_and_probability/119.json|64,2,5,0.9375954930703401,0.9978284980689709,2.9970310724836375,0.24980894085212388
test/counting_and_probability/119.json|64,2,6,0.9983934875507255,0.9998395970294327,1.498475385266014,0.04008132294815698
test/counting_and_probability/119.json|64,2,7,0.9993067354306626,0.9999514834595391,1.3268007639775339,0.02632991776169044
test/counting_and_probability/119.json|64,2,8,0.887507304907016,0.9933635898535391,3.850771032736779,0.3353993069357538
test/counting_and_probability/119.json|64,2,9,0.877968165907541,0.9979124477282174,3.453953361526507,0.34933055132991014
test/counting_and_probability/119.json|64,2,10,0.9691102554981726,0.9986951407737761,2.630483515514197,0.175754785146315
test/counting_and_probability/119.json|64,2,11,0.9904123755540029,0.9999019084507141,1.7466704275478013,0.09791641561044372
test/counting_and_probability/119.json|64,2,12,0.9643168173699355,0.9990959135970886,2.557806601610719,0.18889992755441845
test/counting_and_probability/119.json|64,2,13,0.8377352830356021,0.9980347314689942,3.3181082692757315,0.40282094901382415
test/counting_and_probability/119.json|64,2,14,0.9862724349953452,0.9996704593334743,2.0387368011562024,0.11716469180028075
test/counting_and_probability/119.json|64,2,15,0.9683193943495055,0.9994810681290922,2.3200517940273926,0.177990465054998
test/counting_and_probability/119.json|64,2,16,0.6477900181213645,0.9960608270120656,3.7329742794775016,0.5934728147764103
test/counting_and_probability/119.json|64,2,17,0.7008001396742274,0.9839286054568743,4.575156790448049,0.5469916455721903
test/counting_and_probability/119.json|64,2,18,0.9365481648968748,0.9974836487612679,3.067734234524218,0.251896476956557
test/counting_and_probability/119.json|64,2,19,0.9536319599809975,0.9967620988862407,2.865274510409707,0.21533239426292208
test/counting_and_probability/119.json|64,2,20,0.7741859013325337,0.9979826352009298,3.734210263521966,0.475199009539652
test/counting_and_probability/119.json|64,2,21,0.9553433722525203,0.9940868190469095,3.0867535230035164,0.2113211483677857
test/counting_and_probability/119.json|64,2,22,0.9565597959348151,0.9959722302275672,3.186074247432843,0.2084231370678047
test/counting_and_probability/119.json|64,2,23,0.9012035268079042,0.994979656415552,3.5171255724430543,0.31431906272463944
test/counting_and_probability/119.json|64,2,24,0.9883575680429305,0.9999794386642149,1.5733668823573699,0.10790010174726199
test/counting_and_probability/119.json|64,2,25,0.6586791554093864,0.9999542997030644,2.2270007445817015,0.5842267065023762
test/counting_and_probability/119.json|64,2,26,0.9411382385774242,0.9961212842210209,3.105362053489143,0.24261442954320714
test/counting_and_probability/119.json|64,2,27,0.7866754283761042,0.9983908581459118,3.0118289727186123,0.4618707304256201
test/counting_and_probability/119.json|64,2,28,0.9928187288247795,0.9997102659360599,1.7906560418303241,0.08474238122226974
test/counting_and_probability/119.json|64,2,29,0.9981772190730738,0.9999629218589887,1.3744033613520537,0.04269403854083408
test/counting_and_probability/119.json|64,2,30,0.9822349004487928,0.9996921860865441,2.0123403174687313,0.133285781504282
test/counting_and_probability/119.json|64,2,31,0.9495078689546772,0.9999401252528752,2.052502102131588,0.22470454166599035
test/counting_and_probability/119.json|64,4,0,0.8483328041087723,0.9976414403798781,3.7047100715870664,0.38944472764594934
test/counting_and_probability/119.json|64,4,1,0.8195110187113903,0.9981201705731017,3.695173317095324,0.42483994784931617
test/counting_and_probability/119.json|64,4,2,0.8472245158610737,0.9943858808553647,3.8275967082016487,0.39086504594159643
test/counting_and_probability/119.json|64,4,3,0.8368033365269982,0.9955888818792353,3.562175865320035,0.40397606794586455
test/counting_and_probability/119.json|64,4,4,0.9681638297764152,0.9978388874589491,2.821453864651299,0.17842693245019026
test/counting_and_probability/119.json|64,4,5,0.9741429771252074,0.9982173866356603,2.6897655427618363,0.16080119052666442
test/counting_and_probability/119.json|64,4,6,0.9840622800943293,0.9998856590811163,1.8714624612415913,0.12624468268275985
test/counting_and_probability/119.json|64,4,7,0.9568398331724148,0.9985624708994525,2.71261421299633,0.20775025108910258
test/counting_and_probability/119.json|64,4,8,0.9178516332713487,0.9997462050238571,2.4199245741929736,0.2866153637344853
test/counting_and_probability/119.json|64,4,9,0.9503210582370247,0.9997876870739416,2.127043709053151,0.22288773354084623
test/counting_and_probability/119.json|64,4,10,0.9996268822258576,0.9999940471878298,1.1956736083959811,0.019316256732151683
test/counting_and_probability/119.json|64,4,11,0.9924149679244799,0.9999794393602193,1.4856287477974206,0.08709208962655611
test/counting_and_probability/119.json|64,4,12,0.880233498750985,0.9991330242929234,2.849753526637945,0.3460729709888003
test/counting_and_probability/119.json|64,4,13,0.9658078753637656,0.9974852705344875,2.842321731179591,0.18491112631811651
test/counting_and_probability/119.json|64,4,14,0.7689160349554294,0.9938264459503483,4.038847493097059,0.480711935616925
test/counting_and_probability/119.json|64,4,15,0.6294027233635295,0.9942467766168633,4.065951283440473,0.6087670134267054
test/counting_and_probability/119.json|64,4,16,0.8590575100705301,0.9989181195771043,3.2810813752878594,0.3754230812423097
test/counting_and_probability/119.json|64,4,17,0.7956220472077392,0.9997010415067508,3.3146604760889247,0.45208179878453497
test/counting_and_probability/119.json|64,4,18,0.9961863024950995,0.9999688576872574,1.4336063077362935,0.061755141526033765
test/counting_and_probability/119.json|64,4,19,0.9958761040337075,0.9999475842037926,1.490097375460404,0.06421756742739855
test/counting_and_probability/119.json|64,4,20,0.9364461567943196,0.9999576395122493,2.0100307866986418,0.25209887585167917
test/counting_and_probability/119.json|64,4,21,0.8353594341137422,0.999872500521955,2.5853268219963708,0.405759246211664
test/counting_and_probability/119.json|64,4,22,0.7997186601254125,0.9964484873730005,3.6532462281298934,0.44752803250141493
test/counting_and_probability/119.json|64,4,23,0.7143638631276085,0.9910090495930454,4.276733392879037,0.5344493772775786
test/counting_and_probability/119.json|64,4,24,0.9022181605080501,0.9960161379176927,3.5628222328148333,0.3127008786235655
test/counting_and_probability/119.json|64,4,25,0.9059470016461207,0.9966676761843122,3.2337301536802427,0.3066806129410192
test/counting_and_probability/119.json|64,4,26,0.9854483128295076,0.9995279104336962,2.098729649658494,0.12063037416211714
test/counting_and_probability/119.json|64,4,27,0.983874301867291,0.9997375581388109,2.093017387672352,0.12698699985710754
test/counting_and_probability/119.json|64,4,28,0.9393120189479425,0.9999475174642452,2.1893838970466817,0.24634930698513752
test/counting_and_probability/119.json|64,4,29,0.9514596560907352,0.9999263167939944,2.1904424871990815,0.22031873254279755
test/counting_and_probability/119.json|64,4,30,0.9068661396371731,0.9932988520371825,3.569505114712015,0.3051784074321558
test/counting_and_probability/119.json|64,4,31,0.7999056966747516,0.9910962106224582,4.2330653805510945,0.44731901739725793
test/counting_and_probability/119.json|64,5,0,0.9963445964649092,0.9999778928388054,1.4721418226429668,0.06045993330372397
test/counting_and_probability/119.json|64,5,1,0.9987667052352501,0.9999433738825574,1.4086070373222088,0.035118296723358755
test/counting_and_probability/119.json|64,5,2,0.8201805005889328,0.996542804881168,3.6855741190964384,0.4240512933727089
test/counting_and_probability/119.json|64,5,3,0.819989307562529,0.9966037827484806,3.649063460951046,0.4242766696832045
test/counting_and_probability/119.json|64,5,4,0.9845803465821646,0.9999226207206805,1.9294872203160585,0.12417589708890915
test/counting_and_probability/119.json|64,5,5,0.9854411943774306,0.999832190503733,1.990858295967986,0.12065987577720023
test/counting_and_probability/119.json|64,5,6,0.8521820514728652,0.9919320088628775,4.211899676292536,0.3844709982913338
test/counting_and_probability/119.json|64,5,7,0.7609778867122995,0.9867302436931592,4.514107051911922,0.4888988783866256
test/counting_and_probability/119.json|64,5,8,0.6973492040731174,0.9796764384445419,5.084043845294255,0.5501370701260574
test/counting_and_probability/119.json|64,5,9,0.6712467722970957,0.979183396460253,4.980952309050572,0.5733700617427668
test/counting_and_probability/119.json|64,5,10,0.6428517274053175,0.9987063434450387,3.6526348360496956,0.597618835542089
test/counting_and_probability/119.json|64,5,11,0.7541537493698975,0.9908859101335727,4.287803790370358,0.495828852155764
test/counting_and_probability/119.json|64,5,12,0.8597303210185644,0.9930167223411417,4.0079835500941945,0.37452593899680114
test/counting_and_probability/119.json|64,5,13,0.9211488000241544,0.9901567539814559,3.7382749363024663,0.2808045583245499
test/counting_and_probability/119.json|64,5,14,0.8968864571914442,0.9988907371911464,3.2604725192823563,0.32111297514824244
test/counting_and_probability/119.json|64,5,15,0.9295516729688272,0.9984768459696243,2.8979748626815796,0.26542103728071886
test/counting_and_probability/119.json|64,5,16,0.8672951786199612,0.9956270848674077,3.5597142030953837,0.3642867296238484
test/counting_and_probability/119.json|64,5,17,0.9294495919542125,0.9980914807296313,2.9463837342928882,0.2656132678270939
test/counting_and_probability/119.json|64,5,18,0.8906260028911905,0.9941613517469701,3.6793655611792886,0.33071739765063685
test/counting_and_probability/119.json|64,5,19,0.8661211722258213,0.9942518224680718,3.7950566777656727,0.36589455827352596
test/counting_and_probability/119.json|64,5,20,0.9237529539754573,0.9953533707666703,3.38252612188075,0.27612867657044005
test/counting_and_probability/119.json|64,5,21,0.8789481962715127,0.9941515752843256,3.565364673028738,0.3479249972745381
test/counting_and_probability/119.json|64,5,22,0.9889065464523716,0.9996649157193258,1.939069115774944,0.10532546485835399
test/counting_and_probability/119.json|64,5,23,0.990721802259983,0.9998353842112573,1.7996817208520748,0.09632340182955042
test/counting_and_probability/119.json|64,5,24,0.8819302930366034,0.9891466716364531,4.0939260072095855,0.3436127281743163
test/counting_and_probability/119.json|64,5,25,0.8335660589883026,0.9904576140164092,4.335606405747417,0.4079631613414346
test/counting_and_probability/119.json|64,5,26,0.9710442910363655,0.9988159819686745,2.500054460246853,0.17016377100791616
test/counting_and_probability/119.json|64,5,27,0.9755208898343577,0.9989653422165071,2.3532745439943414,0.15645801406652937
test/counting_and_probability/119.json|64,5,28,0.8813889929661605,0.992791040118796,3.6925937748240836,0.344399487563265
test/counting_and_probability/119.json|64,5,29,0.8996573083948757,0.9939371495604298,3.65149549869295,0.3167691456015316
test/counting_and_probability/119.json|64,5,30,0.9787479036464745,0.9976821838142601,2.6279832922015682,0.1457809876270755
test/counting_and_probability/119.json|64,5,31,0.970627183509257,0.9970272490179422,2.8223244559447442,0.1713849949404643
test/counting_and_probability/119.json|64,6,0,0.8328720268867696,0.989685280012684,4.21472140520551,0.4088128827632886
test/counting_and_probability/119.json|64,6,1,0.8415839292739938,0.9923274361932974,4.314915994363002,0.39801516393977526
test/counting_and_probability/119.json|64,6,2,0.9648306949759422,0.9976298917896176,2.777028572862324,0.18753481016616033
test/counting_and_probability/119.json|64,6,3,0.9925768454028784,0.9992826657697537,1.971764666699992,0.08615773091906273
test/counting_and_probability/119.json|64,6,4,0.9818709438545195,0.9991834908449446,2.341451578011914,0.1346441834817997
test/counting_and_probability/119.json|64,6,5,0.9805714412388308,0.998968120634894,2.373926382248357,0.13938636504755128
test/counting_and_probability/119.json|64,6,6,0.8887661727572606,0.9985170457714478,3.0223315103468034,0.3335173567338579
test/counting_and_probability/119.json|64,6,7,0.902961436762261,0.9991067876172168,2.9005829183962715,0.3115101334431016
test/counting_and_probability/119.json|64,6,8,0.9354393581711618,0.9960274221951585,3.252717124821939,0.2540878624193573
test/counting_and_probability/119.json|64,6,9,0.9157376873591426,0.9938842460479059,3.6076608452339363,0.29027971448390494
test/counting_and_probability/119.json|64,6,10,0.9100233389718715,0.987843539352763,4.04757871249534,0.299961099191426
test/counting_and_probability/119.json|64,6,11,0.9495260208915502,0.9941646554593405,3.3276801028374288,0.22466414735878476
test/counting_and_probability/119.json|64,6,12,0.9384938162793848,0.9941792961296377,3.335732330209886,0.2480044026234519
test/counting_and_probability/119.json|64,6,13,0.9529482046752674,0.9958064052729602,3.107638062631873,0.2169142580024019
test/counting_and_probability/119.json|64,6,14,0.9936246096716246,0.9998021706885667,1.7355284857543403,0.07984604140704421
test/counting_and_probability/119.json|64,6,15,0.9946659081094298,0.9998504383301645,1.6816116039378983,0.07303486763574103
test/counting_and_probability/119.json|64,6,16,0.8797796751534519,0.990165316378191,3.9497318471823353,0.3467280272007847
test/counting_and_probability/119.json|64,6,17,0.9125185199301074,0.9885922217273087,3.9326597646545665,0.295772683102907
test/counting_and_probability/119.json|64,6,18,0.9953093925659509,0.9999149098104094,1.598058171957364,0.06848800941806633
test/counting_and_probability/119.json|64,6,19,0.9820214406686061,0.999851246403062,1.898381538558993,0.1340841501870893
test/counting_and_probability/119.json|64,6,20,0.9511305315061368,0.9990688949082872,2.7772788561282407,0.22106439897428803
test/counting_and_probability/119.json|64,6,21,0.9684663928120457,0.9998114032434708,1.9793581716287802,0.17757704578000583
test/counting_and_probability/119.json|64,6,22,0.9515939003570799,0.9996764654993853,2.4895906906431318,0.2200138623880779
test/counting_and_probability/119.json|64,6,23,0.9388506520813309,0.9993282306069242,2.691678549736041,0.24728394189406863
test/counting_and_probability/119.json|64,6,24,0.8341786405443277,0.9995080844831228,2.9345123940984004,0.40721168875128366
test/counting_and_probability/119.json|64,6,25,0.9786132490952146,0.99983503903699,2.067038107898328,0.14624209689684214
test/counting_and_probability/119.json|64,6,26,0.9917228832388609,0.9988679136657954,2.0665537223184436,0.0909786610208079
test/counting_and_probability/119.json|64,6,27,0.9822111731222315,0.9994953495293927,2.1555569182334384,0.13337476102234824
test/counting_and_probability/119.json|64,6,28,0.8749420495543249,0.9961023129380254,3.5295369679178887,0.3536353354031171
test/counting_and_probability/119.json|64,6,29,0.8567298779571836,0.9981481728324096,3.1900464920142437,0.3785103988569091
test/counting_and_probability/119.json|64,6,30,0.977184131747478,0.9997661878670826,1.979203507280464,0.1510492246008632
test/counting_and_probability/119.json|64,6,31,0.8754038770103437,0.9990164620844044,2.894775891512478,0.35298176013734234
test/counting_and_probability/119.json|64,8,0,0.8766951468350098,0.9930010099814066,3.7947128647726,0.35114790781804495
test/counting_and_probability/119.json|64,8,1,0.9494069280577041,0.9966135650906939,3.1327449445003896,0.2249290375702877
test/counting_and_probability/119.json|64,8,2,0.7027421831552628,0.980359169767704,4.987838332116964,0.5452135515967456
test/counting_and_probability/119.json|64,8,3,0.7006619769911987,0.97476470545721,5.0726722520897995,0.547117924225483
test/counting_and_probability/119.json|64,8,4,0.8703076935195178,0.9930235995512967,3.737063890873087,0.36012818062529106
test/counting_and_probability/119.json|64,8,5,0.9089605884322416,0.9938139267191946,3.5638901426979714,0.3017273795461035
test/counting_and_probability/119.json|64,8,6,0.9618469138640762,0.9985670615274406,2.6174396012396195,0.19532814988097294
test/counting_and_probability/119.json|64,8,7,0.8893116637992952,0.9987780567282044,3.0701996933056432,0.33269856657446667
test/counting_and_probability/119.json|64,8,8,0.9920513702244214,0.9991658701872456,2.0616959516699995,0.0891550883325155
test/counting_and_probability/119.json|64,8,9,0.9176465994036804,0.9964237068286843,3.564714444706,0.28697282205170505
test/counting_and_probability/119.json|64,8,10,0.9474794712455247,0.9979145106457938,2.834568010446855,0.22917357778434086
test/counting_and_probability/119.json|64,8,11,0.9308031516865002,0.9970982679659851,2.9968903098550697,0.26305293823392245
test/counting_and_probability/119.json|64,8,12,0.9599540026055495,0.9995218983651386,2.464170917527786,0.20011496044636562
test/counting_and_probability/119.json|64,8,13,0.9780055061912624,0.9994135088868766,2.291043082375907,0.14830540721341767
test/counting_and_probability/119.json|64,8,14,0.9911065267675261,0.9998744072886463,1.8090175862868016,0.09430521317760707
test/counting_and_probability/119.json|64,8,15,0.9519324768080231,0.999647537313112,2.2776536376736103,0.21924306874329444
test/counting_and_probability/119.json|64,8,16,0.968024532942869,0.9993979074807519,2.5714898161505353,0.17881685339232134
test/counting_and_probability/119.json|64,8,17,0.9719627112751499,0.999390641055122,2.475590617895216,0.16744338961228095
test/counting_and_probability/119.json|64,8,18,0.9813644126527228,0.999869284762249,2.0109090452714544,0.13651222416793748
test/counting_and_probability/119.json|64,8,19,0.9564125053692376,0.9998544498060437,2.251474303230349,0.2087761831022935
test/counting_and_probability/119.json|64,8,20,0.9999774493730332,1.0,1.0455618354963885,0.004748750042565554
test/counting_and_probability/119.json|64,8,21,0.9999541251771608,0.999999908797569,1.0620464130580054,0.0067730955138136425
test/counting_and_probability/119.json|64,8,22,0.8893252081229345,0.9922055733906224,3.8032971387270855,0.3326782107037753
test/counting_and_probability/119.json|64,8,23,0.8591327207887726,0.9929307084567334,3.9062256352194615,0.3753228999291509
test/counting_and_probability/119.json|64,8,24,0.9389237707268068,0.9976436639053168,3.029567214928918,0.2471360541750095
test/counting_and_probability/119.json|64,8,25,0.8727985352743037,0.9932932211620026,3.8519973443108366,0.3566531434400884
test/counting_and_probability/119.json|64,8,26,0.8723612836292559,0.9975928069069788,3.172661475923578,0.3572656103947651
test/counting_and_probability/119.json|64,8,27,0.9872955195929953,0.9994172494540982,2.0633697325347224,0.11271415353452587
test/counting_and_probability/119.json|64,8,28,0.9615762045637878,0.9991181253153533,2.5333785490694103,0.19601988530812944
test/counting_and_probability/119.json|64,8,29,0.9600888509732868,0.9995575263632108,2.552780764560496,0.19977774907810233
test/counting_and_probability/119.json|64,8,30,0.9968705266930749,0.9998072357063378,1.5966623445104449,0.05594169560287877
test/counting_and_probability/119.json|64,8,31,0.9552745876783525,0.997066551207184,2.9805981006370166,0.2114838346579887
test/counting_and_probability/119.json|64,9,0,0.9578186654770552,0.9985545157150921,2.8426802371483118,0.20538094975665297
test/counting_and_probability/119.json|64,9,1,0.9478984192045682,0.998963151866717,2.8072988222419246,0.2282577069792646
test/counting_and_probability/119.json|64,9,2,0.9247611328366175,0.993803930929337,3.5636462878230315,0.27429704184220155
test/counting_and_probability/119.json|64,9,3,0.9403732257405625,0.9943751650491762,3.4866526042565873,0.244185941977497
test/counting_and_probability/119.json|64,9,4,0.961970106043197,0.9986349579016007,2.6483446107812973,0.19501254820345024
test/counting_and_probability/119.json|64,9,5,0.9784939568225389,0.9986959239809953,2.4052587186335264,0.14664938860241142
test/counting_and_probability/119.json|64,9,6,0.8261058674175987,0.9943053109867851,3.8641092167092137,0.4170061541301294
test/counting_and_probability/119.json|64,9,7,0.8173977410259735,0.9960821121379424,3.7455266832460765,0.427319855581304
test/counting_and_probability/119.json|64,9,8,0.9702413298123007,0.9973839004166132,2.740551780371133,0.1725070148941755
test/counting_and_probability/119.json|64,9,9,0.9804647488106134,0.9991020700428646,2.339499788550118,0.1397685629509962
test/counting_and_probability/119.json|64,9,10,0.7447088479457871,0.9921331070327549,4.30699978506188,0.5052634481675999
test/counting_and_probability/119.json|64,9,11,0.7426165136300725,0.9891567907249794,4.3196055538591285,0.5073297609739916
test/counting_and_probability/119.json|64,9,12,0.9730246110015162,0.9986506046178254,2.366321661848201,0.1642418612853734
test/counting_and_probability/119.json|64,9,13,0.9786727658907423,0.9992363542123388,2.2740039760774042,0.14603846790917022
test/counting_and_probability/119.json|64,9,14,0.9999462168947114,0.9999980049543633,1.094643051767308,0.007333696563710902
test/counting_and_probability/119.json|64,9,15,0.9996998597507242,0.9999786207675446,1.2179396825181539,0.017324556250473674
test/counting_and_probability/119.json|64,9,16,0.8684529729035717,0.9902415337840154,4.054707297651299,0.36269412332767165
test/counting_and_probability/119.json|64,9,17,0.8895462831397495,0.993506682308443,3.813077036576619,0.33234577906188384
test/counting_and_probability/119.json|64,9,18,0.9965690598704205,0.9998848169229402,1.6205738380337935,0.058574227520125706
test/counting_and_probability/119.json|64,9,19,0.9983690308317326,0.9999216229108424,1.4405475511252597,0.04038525929429496
test/counting_and_probability/119.json|64,9,20,0.9973353170354708,0.9999622231582395,1.4572664941377316,0.05162056726276022
test/counting_and_probability/119.json|64,9,21,0.9958659164051781,0.9999531539646476,1.5246939921923999,0.06429683969544635
test/counting_and_probability/119.json|64,9,22,0.9196719699767352,0.9956774993627946,3.478484028162212,0.2834219998928538
test/counting_and_probability/119.json|64,9,23,0.8878078882321627,0.9945368766609777,3.739155618932339,0.33495090948949113
test/counting_and_probability/119.json|64,9,24,0.9159407265348691,0.9991430138381472,2.9207802125614513,0.28992977333335546
test/counting_and_probability/119.json|64,9,25,0.8946383557252009,0.9987740904559886,3.0988395370395607,0.3245945844816255
test/counting_and_probability/119.json|64,9,26,0.9550129086971643,0.9974187112635801,2.989251899354659,0.2121016060826408
test/counting_and_probability/119.json|64,9,27,0.9405093552520346,0.9968313804112816,3.0840402037979406,0.2439070412021051
test/counting_and_probability/119.json|64,9,28,0.9852403472447698,0.9979651161634489,2.4936296095438593,0.12148931127975897
test/counting_and_probability/119.json|64,9,29,0.9864160353269864,0.9983681049843821,2.40559894686988,0.11655026672218985
test/counting_and_probability/119.json|64,9,30,0.9809324970994733,0.9999083269543004,1.9820636243022656,0.13808512917952723
test/counting_and_probability/119.json|64,9,31,0.9612908925326117,0.9998839826872229,2.010030067855744,0.19674630229660814
test/counting_and_probability/119.json|64,10,0,0.8772341253001547,0.9939240258203358,3.6693323607955564,0.3503796151317102
test/counting_and_probability/119.json|64,10,1,0.8582020015826066,0.9931256265382339,3.7783094757083413,0.3765607499692359
test/counting_and_probability/119.json|64,10,2,0.8808223246191536,0.9854295796622937,4.29551778104736,0.3452211977570996
test/counting_and_probability/119.json|64,10,3,0.8616748797856698,0.977234039252316,4.544966349507765,0.37192085208324926
test/counting_and_probability/119.json|64,10,4,0.9655861481042972,0.997731534433155,2.877884493392114,0.18550970835970496
test/counting_and_probability/119.json|64,10,5,0.9496354789146507,0.9968431409355559,3.1308629369980463,0.22442041147219494
test/counting_and_probability/119.json|64,10,6,0.9339879936285019,0.9990739919219234,2.77139522948917,0.2569280178795183
test/counting_and_probability/119.json|64,10,7,0.9594563653969648,0.9996285869867853,2.4551118466739936,0.20135449983309345
test/counting_and_probability/119.json|64,10,8,0.9699954497551271,0.9995009226193374,2.357132636170771,0.17321821568435844
test/counting_and_probability/119.json|64,10,9,0.9961533093269809,0.9998869912639956,1.61501004930068,0.062021695180147454
test/counting_and_probability/119.json|64,10,10,0.9852074278343506,0.9999855493808045,1.5716428387789865,0.12162471856349531
test/counting_and_probability/119.json|64,10,11,0.99099213910483,0.9999864141113874,1.4979933345488383,0.09490975131760712
test/counting_and_probability/119.json|64,10,12,0.9988734174188448,0.9999865952034015,1.2849392118022038,0.03356460309843044
test/counting_and_probability/119.json|64,10,13,0.9998707780972352,0.9999985903065153,1.1062368767726936,0.01136758121874502
test/counting_and_probability/119.json|64,10,14,0.9937968030487329,0.9992749585514219,1.9674121888369775,0.07876037678469512
test/counting_and_probability/119.json|64,10,15,0.9938025261243776,0.9989802763807916,1.9993158595260252,0.07872403620002227
test/counting_and_probability/119.json|64,10,16,0.9224377381568548,0.9989828830570407,2.9250492814122,0.27850002126237833
test/counting_and_probability/119.json|64,10,17,0.9770856001961564,0.9994463382782733,2.340918932781543,0.15137503031822513
test/counting_and_probability/119.json|64,10,18,0.8906611120345034,0.9947463380913839,3.642223813332251,0.33066431311149475
test/counting_and_probability/119.json|64,10,19,0.8834940536856241,0.9936099534326281,3.7370531990628275,0.3413296739434999
test/counting_and_probability/119.json|64,10,20,0.9819075562965481,0.9995091533306277,2.2076253669979367,0.1345081547842058
test/counting_and_probability/119.json|64,10,21,0.990473226640732,0.999789349707796,1.894714648421094,0.09760519125163371
test/counting_and_probability/119.json|64,10,22,0.9985771728853969,0.9999969244150391,1.3266237869350932,0.0377203806264341
test/counting_and_probability/119.json|64,10,23,0.9988640003207442,0.9999946419467027,1.3025460904673136,0.03370459433453868
test/counting_and_probability/119.json|64,10,24,0.9721054731268718,0.999782713226138,2.076067760148346,0.16701654670459515
test/counting_and_probability/119.json|64,10,25,0.9687244047658331,0.9996944003285818,2.0999959831823634,0.1768490747337031
test/counting_and_probability/119.json|64,10,26,0.9839071460213666,0.9997698746365323,2.067008662095818,0.1268576130101515
test/counting_and_probability/119.json|64,10,27,0.9891037474963157,0.9997944540791727,1.9474380625545962,0.10438511629386783
test/counting_and_probability/119.json|64,10,28,0.9940473647106093,0.999783548814334,1.7996378482064679,0.07715332325564932
test/counting_and_probability/119.json|64,10,29,0.9941334518595868,0.9997041695992938,1.7993642314667313,0.07659339488763511
test/counting_and_probability/119.json|64,10,30,0.9478038559889145,0.9957635876445857,3.276579760035829,0.22846475441758082
test/counting_and_probability/119.json|64,10,31,0.9253969290076425,0.994562049479042,3.4702754314754953,0.2731356274680356
test/counting_and_probability/119.json|64,12,0,0.9975179489130289,0.9999443554356241,1.4742530678407657,0.04982018754451936
test/counting_and_probability/119.json|64,12,1,0.9948094804212508,0.9999665064831091,1.5129083079576513,0.07204526062656144
test/counting_and_probability/119.json|64,12,2,0.9829453479448191,0.9998235123430174,1.9977614341977579,0.1305934609970226
test/counting_and_probability/119.json|64,12,3,0.9794354612154944,0.999678851180751,2.193600671277282,0.14340341273660678
test/counting_and_probability/119.json|64,12,4,0.9972832258535537,0.9999512604630741,1.461038043774723,0.052122683607488327
test/counting_and_probability/119.json|64,12,5,0.9986847916350869,0.9999540228579566,1.3741747803024147,0.03626580158928045
test/counting_and_probability/119.json|64,12,6,0.9913492198216596,0.9997092604044485,1.9309232643369145,0.09300957035886373
test/counting_and_probability/119.json|64,12,7,0.9931007690116022,0.9996824326344094,1.883462380799732,0.08306160959431164
test/counting_and_probability/119.json|64,12,8,0.9954996293059294,0.999701279802674,1.741222034480141,0.06708480225856382
test/counting_and_probability/119.json|64,12,9,0.9932998164606479,0.9994824885451729,1.909763118731971,0.08185464885607957
test/counting_and_probability/119.json|64,12,10,0.9926469252494835,0.9999882195786859,1.4730776291596348,0.08575007143155332
test/counting_and_probability/119.json|64,12,11,0.9939304176988218,0.9999801425478828,1.4567247631004356,0.07790752403444841
test/counting_and_probability/119.json|64,12,12,0.9711014795806057,0.9982871919643198,2.6791418043845243,0.16999564823663674
test/counting_and_probability/119.json|64,12,13,0.9373321698041736,0.9971366956582467,3.173413826237055,0.25033543535789426
test/counting_and_probability/119.json|64,12,14,0.9835950148254005,0.9995998211456176,2.1200183192962574,0.1280819471065284
test/counting_and_probability/119.json|64,12,15,0.9890412756153615,0.9998904225471397,1.8219286833436987,0.10468392610443363
test/counting_and_probability/119.json|64,12,16,0.9598998500892453,0.9908546402470007,3.3722163924685358,0.20025021825395029
test/counting_and_probability/119.json|64,12,17,0.9347708987638096,0.9899051410020787,3.7785036072280183,0.25539988495727717
test/counting_and_probability/119.json|64,12,18,0.9985661030691634,0.9999477690642478,1.413327114109121,0.037866831539443854
test/counting_and_probability/119.json|64,12,19,0.9981962695653479,0.9998501878281515,1.5341870916138127,0.042470347710515576
test/counting_and_probability/119.json|64,12,20,0.9983469713013353,0.9998118911846832,1.5251713171413424,0.04065745563441818
test/counting_and_probability/119.json|64,12,21,0.9985759472870697,0.9998012086234715,1.4953841773856886,0.03773662296669291
test/counting_and_probability/119.json|64,12,22,0.9215563598036398,0.9998216519082939,2.2995961301392063,0.28007791808059446
test/counting_and_probability/119.json|64,12,23,0.9409822728335409,0.999863538319956,2.2205715091858274,0.24293564408389962
test/counting_and_probability/119.json|64,12,24,0.9153888776630462,0.9981559248978032,3.3259216424676152,0.2908799105076763
test/counting_and_probability/119.json|64,12,25,0.8689154375980681,0.9982317116579698,3.151785904251543,0.3620560210822793
test/counting_and_probability/119.json|64,12,26,0.9610192747534286,0.9957629250373393,3.1288399489250627,0.19743536979622311
test/counting_and_probability/119.json|64,12,27,0.9719442119319832,0.9968841432130152,2.881873735702648,0.1674986210928818
test/counting_and_probability/119.json|64,12,28,0.8736118035465903,0.9945354021744884,3.8347913204151545,0.3555111762707464
test/counting_and_probability/119.json|64,12,29,0.8633396410801177,0.9959259290604696,3.8540220027822047,0.36967601885959855
test/counting_and_probability/119.json|64,12,30,0.9965738684355067,0.9999363938312882,1.4744891557580568,0.05853316636312562
test/counting_and_probability/119.json|64,12,31,0.9888096087428786,0.9998126701170343,1.9103206292862023,0.10578464565862761
test/counting_and_probability/119.json|64,13,0,0.995867923282805,0.9999693541899837,1.5362712499284794,0.06428123145362848
test/counting_and_probability/119.json|64,13,1,0.9967783808763916,0.9998393182836669,1.5773227035083754,0.05675930869565282
test/counting_and_probability/119.json|64,13,2,0.9692502553856323,0.9978490332902683,2.7035691792308567,0.1753560509773408
test/counting_and_probability/119.json|64,13,3,0.9731075143831834,0.9982607355372115,2.6470533671865017,0.16398928506709384
test/counting_and_probability/119.json|64,13,4,0.8712192725529533,0.9849306400750898,4.2322661367979215,0.35886031745937963
test/counting_and_probability/119.json|64,13,5,0.8974542052082671,0.9921438418292603,3.8370928102255744,0.32022772333408744
test/counting_and_probability/119.json|64,13,6,0.9964753025163906,0.9998664096315509,1.6150688183821682,0.05936916273293229
test/counting_and_probability/119.json|64,13,7,0.9969343243045594,0.9998729800572731,1.601572722537448,0.0553685442777809
test/counting_and_probability/119.json|64,13,8,0.9134029446910745,0.996099556329384,3.302557018232998,0.2942737761149054
test/counting_and_probability/119.json|64,13,9,0.9105943834989549,0.9962392640061055,3.364200817459237,0.2990077198017554
test/counting_and_probability/119.json|64,13,10,0.9881626676350066,0.9993042161337347,2.1706351585241364,0.10879950535270555
test/counting_and_probability/119.json|64,13,11,0.9905265955895343,0.9990906691130731,2.0905954521636443,0.0973314153316684
test/counting_and_probability/119.json|64,13,12,0.9901729661786428,0.9997613925749522,1.8199841264011518,0.09913139674874549
test/counting_and_probability/119.json|64,13,13,0.9943296945393726,0.9998496826240187,1.7270408076876083,0.07530143066786588
test/counting_and_probability/119.json|64,13,14,0.942210346454917,0.999436465351244,2.6957731136334613,0.24039478685088625
test/counting_and_probability/119.json|64,13,15,0.9668023463388615,0.9987597726686149,2.6605726303859467,0.1822022328654028
test/counting_and_probability/119.json|64,13,16,0.9979749040356741,0.9997357868540703,1.5923701721667949,0.0450010662576552
test/counting_and_probability/119.json|64,13,17,0.9976898474742669,0.9998661759033408,1.5784647971620933,0.04806404608158866
test/counting_and_probability/119.json|64,13,18,0.9736607159451605,0.9991518118279333,2.4474934361197085,0.16229382013755034
test/counting_and_probability/119.json|64,13,19,0.9742613944830649,0.99959358493618,2.2673979595982976,0.16043255753410862
test/counting_and_probability/119.json|64,13,20,0.9942365101954439,0.9997791917596717,1.7508251725616322,0.07591765146891795
test/counting_and_probability/119.json|64,13,21,0.9932130421761985,0.9998683416988337,1.7752578875282197,0.0823829947489253
test/counting_and_probability/119.json|64,13,22,0.965983254244679,0.997021520117957,2.9155297941863942,0.18443629186068827
test/counting_and_probability/119.json|64,13,23,0.9530121673377385,0.9961213939324726,3.1171485697143804,0.2167667701984358
test/counting_and_probability/119.json|64,13,24,0.9997555780447932,0.9999879946238425,1.1874601066399912,0.015633999974632124
test/counting_and_probability/119.json|64,13,25,0.9997179178590406,0.9999776446828529,1.219587937941309,0.01679530115715024
test/counting_and_probability/119.json|64,13,26,0.9912399162371218,0.9996367878181657,1.9214277749734097,0.09359531912910057
test/counting_and_probability/119.json|64,13,27,0.9900370298663066,0.9996839955395915,1.9270768129405516,0.09981467894900732
test/counting_and_probability/119.json|64,13,28,0.9587556990670555,0.9984251913160527,2.8507178068552435,0.2030869294980465
test/counting_and_probability/119.json|64,13,29,0.9739433775318495,0.9987912093861838,2.525408136861973,0.16142063829681305
test/counting_and_probability/119.json|64,13,30,0.9807518561679901,0.9997815894151469,2.0450508000982306,0.13873767992874142
test/counting_and_probability/119.json|64,13,31,0.966567070790627,0.9997165087141024,2.346559086255413,0.1828467369393641
test/counting_and_probability/119.json|64,14,0,0.9884959790327301,0.999666390494404,2.0131144703265536,0.10725679916569336
test/counting_and_probability/119.json|64,14,1,0.9854940799487892,0.9993277301788718,2.1599134871317403,0.12044052495406504
test/counting_and_probability/119.json|64,14,2,0.946430224517441,0.998617527621739,2.7107696979467137,0.23145145383548368
test/counting_and_probability/119.json|64,14,3,0.9725405593337023,0.9994001749838921,2.251933174061826,0.1657089034008061
test/counting_and_probability/119.json|64,14,4,0.9990326069195141,0.9999382693347101,1.3557682360224421,0.031102943276897103
test/counting_and_probability/119.json|64,14,5,0.9965126584288795,0.9998410962331354,1.6043376573598,0.059053717674000146
test/counting_and_probability/119.json|64,14,6,0.9444491111824189,0.9941891645437676,3.341820337737995,0.23569236054140805
test/counting_and_probability/119.json|64,14,7,0.9611696504518933,0.9979910065213591,2.9322869766391126,0.19705417922009855
test/counting_and_probability/119.json|64,14,8,0.9841450525132979,0.9982463636774592,2.4484793591635126,0.12591643056687293
test/counting_and_probability/119.json|64,14,9,0.9016771567173489,0.9962346043522466,3.588754510009055,0.3135647353939072
test/counting_and_probability/119.json|64,14,10,0.9995758071210333,0.9999504456012223,1.2864661027705449,0.020595943264795306
test/counting_and_probability/119.json|64,14,11,0.9996833953707269,0.9999595408302779,1.2491030441186233,0.01779338723439346
test/counting_and_probability/119.json|64,14,12,0.968895442830137,0.9986973418081622,2.666663767991627,0.17636484108195444
test/counting_and_probability/119.json|64,14,13,0.936621727909224,0.998869734282808,2.95227598753668,0.251750416267334
test/counting_and_probability/119.json|64,14,14,0.9971647143321445,0.9997335519201392,1.6580442060061389,0.05324740057369481
test/counting_and_probability/119.json|64,14,15,0.9971578505216769,0.9996649420851226,1.6862288976988535,0.053311813684427056
test/counting_and_probability/119.json|64,14,16,0.9658280110329062,0.9988135477077166,2.6313630922374145,0.1848566714162457
test/counting_and_probability/119.json|64,14,17,0.9805894764493801,0.9991524295313012,2.3403285178072752,0.1393216549952659
test/counting_and_probability/119.json|64,14,18,0.9945373806906482,0.9997327368663808,1.7667027974750615,0.07390953463086998
test/counting_and_probability/119.json|64,14,19,0.9875330985736243,0.9993047842499913,2.141423754992443,0.11165527943799049
test/counting_and_probability/119.json|64,14,20,0.9936779445902078,0.9999692790985154,1.6501779035225477,0.07951135396779663
test/counting_and_probability/119.json|64,14,21,0.9994820477133844,0.999993321716116,1.2286644413437735,0.022758565126465086
test/counting_and_probability/119.json|64,14,22,0.867311643827205,0.9932410519857486,3.8291944956781694,0.36426412968173927
test/counting_and_probability/119.json|64,14,23,0.8843348378177316,0.9977224144713904,3.5331408781132403,0.34009581323837024
test/counting_and_probability/119.json|64,14,24,0.9693250469870004,0.998745989370786,2.5813612397980394,0.1751426647422027
test/counting_and_probability/119.json|64,14,25,0.9501340270277415,0.9994478185587722,2.647048476114075,0.2233069031003262
test/counting_and_probability/119.json|64,14,26,0.9039186807416042,0.9954070481691945,3.569134933101667,0.3099698683072208
test/counting_and_probability/119.json|64,14,27,0.8543242045003185,0.9928743686389266,4.000357182215171,0.38167498673567996
test/counting_and_probability/119.json|64,14,28,0.9922270823428039,0.9996080075582524,1.8699915003229879,0.08816415176927707
test/counting_and_probability/119.json|64,14,29,0.9677699632087979,0.9986620119301624,2.4719361251586047,0.17952725918701612
test/counting_and_probability/119.json|64,14,30,0.960940620491598,0.9975466997932714,2.8133814184612898,0.19763445931416412
test/counting_and_probability/119.json|64,14,31,0.9470949265120234,0.9968962266513307,2.9991987224752825,0.23001102905725318
test/counting_and_probability/119.json|64,16,0,0.977670836647932,0.9999302711897988,1.9494138711830222,0.14942945945183642
test/counting_and_probability/119.json|64,16,1,0.9625485415148128,0.9998756900086755,2.194549851284145,0.19352379307255002
test/counting_and_probability/119.json|64,16,2,0.944158266090193,0.9985548002154558,2.9548075117037045,0.23630855657340671
test/counting_and_probability/119.json|64,16,3,0.9384297892398505,0.9985102041336822,3.096438191723835,0.24813345352884092
test/counting_and_probability/119.json|64,16,4,0.9500499908394483,0.9979446187221507,2.966442318735601,0.22349498688013497
test/counting_and_probability/119.json|64,16,5,0.9600950444020108,0.9990922443241141,2.6387223275814904,0.19976224767955839
test/counting_and_probability/119.json|64,16,6,0.9378950509796682,0.9988402043872512,2.6595513966354494,0.24920864555695457
test/counting_and_probability/119.json|64,16,7,0.9575513058248527,0.9991662854697576,2.4842196870399844,0.20603080880088612
test/counting_and_probability/119.json|64,16,8,0.9082983975935081,0.9976875161454001,3.4009451656037224,0.302822724389191
test/counting_and_probability/119.json|64,16,9,0.9306990751331325,0.9978142879598615,3.2237840165073655,0.2632506882552588
test/counting_and_probability/119.json|64,16,10,0.9854637882895378,0.9999350359371905,1.786596424960459,0.1205662129722177
test/counting_and_probability/119.json|64,16,11,0.9903439410383899,0.999949285670527,1.7027195049911406,0.098265247985288
test/counting_and_probability/119.json|64,16,12,0.9778852533894856,0.9994384637771289,2.1602452778506374,0.14871027742060863
test/counting_and_probability/119.json|64,16,13,0.9926506033824949,0.9997006302308963,1.864419230831971,0.08572862192701519
test/counting_and_probability/119.json|64,16,14,0.8758476493532015,0.9966939533390929,3.376632432163252,0.3523525942103996
test/counting_and_probability/119.json|64,16,15,0.9238077640212358,0.9977126545700374,3.041001158065954,0.2760294114379195
test/counting_and_probability/119.json|64,16,16,0.9725050851492227,0.9982494896318141,2.5305476527574524,0.1658159065071179
test/counting_and_probability/119.json|64,16,17,0.9583655975428753,0.9982041387968849,2.750672616183273,0.20404509907646565
test/counting_and_probability/119.json|64,16,18,0.9964948111118874,0.9995457264836648,1.7570184365442632,0.05920463569782839
test/counting_and_probability/119.json|64,16,19,0.9953949329853421,0.9993706743870651,1.864928155601625,0.06786064407782985
test/counting_and_probability/119.json|64,16,20,0.9442781542482571,0.9988652895923484,2.7286762585257622,0.2360547515974692
test/counting_and_probability/119.json|64,16,21,0.9763648516567538,0.9987389414913124,2.4942927446400196,0.15373727050798777
test/counting_and_probability/119.json|64,16,22,0.9884204039232811,0.9994409577789733,2.0573930251803687,0.10760853161677693
test/counting_and_probability/119.json|64,16,23,0.9887857832767437,0.9994337675728001,2.0627589494043894,0.10589719884518328
test/counting_and_probability/119.json|64,16,24,0.9951874812146326,0.9996336041313516,1.7667566084814974,0.06937232002295562
test/counting_and_probability/119.json|64,16,25,0.9885395100031105,0.9994236157890284,2.0785723488102392,0.10705367811004689
test/counting_and_probability/119.json|64,16,26,0.9634717107569548,0.9978469337420229,2.7864093871342797,0.19112375373837023
test/counting_and_probability/119.json|64,16,27,0.9949962355767916,0.9995282464733006,1.806189909115329,0.0707372916021555
test/counting_and_probability/119.json|64,16,28,0.9257400029018699,0.9970336209803101,3.2466536562493284,0.27250687532267903
test/counting_and_probability/119.json|64,16,29,0.9564185604514402,0.9983970898823629,2.813041697818135,0.20876168122660765
test/counting_and_probability/119.json|64,16,30,0.9985638709358066,0.9999056542108367,1.465133748078233,0.03789629354163065
test/counting_and_probability/119.json|64,16,31,0.9984881519396384,0.999957579670681,1.4272899013230558,0.03888249040842989
test/counting_and_probability/119.json|64,17,0,0.9682729472041609,0.9993175086721481,2.4924854064487447,0.1781208937655521
test/counting_and_probability/119.json|64,17,1,0.9752559399475629,0.9993878038512096,2.3906194750761514,0.15730244770008228
test/counting_and_probability/119.json|64,17,2,0.9992251342765315,0.9999588646753559,1.3261923165481977,0.02783641003198007
test/counting_and_probability/119.json|64,17,3,0.9995615394864802,0.9999587388841656,1.287361914366593,0.020939448739635234
test/counting_and_probability/119.json|64,17,4,0.9992470983432779,0.9999420371391132,1.343202356936597,0.02743905349537679
test/counting_and_probability/119.json|64,17,5,0.9990218745673543,0.999941229406064,1.353922377221679,0.031274996924792
test/counting_and_probability/119.json|64,17,6,0.998348949009922,0.9998818383106027,1.4943911774083287,0.04063312675733935
test/counting_and_probability/119.json|64,17,7,0.9975946913107792,0.9998216781720484,1.6025903276751718,0.04904394650944031
test/counting_and_probability/119.json|64,17,8,0.9004189255417292,0.9996203009946055,2.704253005123243,0.31556469139983134
test/counting_and_probability/119.json|64,17,9,0.9425030152703043,0.9998460124502637,2.334005004652707,0.23978528881000116
test/counting_and_probability/119.json|64,17,10,0.917270434039339,0.9982511219667325,3.2085956653814596,0.2876274777566652
test/counting_and_probability/119.json|64,17,11,0.9058255196692844,0.9985650608332104,3.1855152166814293,0.3068786084606023
test/counting_and_probability/119.json|64,17,12,0.9969258592937171,0.9999229274589929,1.547446847052609,0.055444934000166944
test/counting_and_probability/119.json|64,17,13,0.9976341376447762,0.9999065895833976,1.544719557822312,0.04864013111848946
test/counting_and_probability/119.json|64,17,14,0.9568029728520553,0.9994927506387288,2.567504444505982,0.20783894521466545
test/counting_and_probability/119.json|64,17,15,0.9801743638913369,0.999479703355012,2.2146091966436003,0.14080353727326264
test/counting_and_probability/119.json|64,17,16,0.9862737824839292,0.9992210402881313,2.139722495346707,0.11715894125533415
test/counting_and_probability/119.json|64,17,17,0.9546239712535345,0.997757440754034,2.9226711160436314,0.2130164987658597
test/counting_and_probability/119.json|64,17,18,0.9997455053330184,0.9999797780366823,1.2024111221599412,0.015952888985433802
test/counting_and_probability/119.json|64,17,19,0.9998557533122608,0.9999717240899977,1.1927280603787125,0.012010274257449658
test/counting_and_probability/119.json|64,17,20,0.9995829452012691,0.999983733917147,1.2428226374384745,0.020421919565282963
test/counting_and_probability/119.json|64,17,21,0.9995184055749878,0.9999822531146718,1.250012195959163,0.021945259738999814
test/counting_and_probability/119.json|64,17,22,0.9956940972519536,0.9999384821552527,1.5376680355769556,0.06561937783952565
test/counting_and_probability/119.json|64,17,23,0.9954030746657949,0.9999045320729838,1.5885250697057247,0.06780062930537653
test/counting_and_probability/119.json|64,17,24,0.9746726337709414,0.9997354515340412,2.1674478972309057,0.15914573895979314
test/counting_and_probability/119.json|64,17,25,0.9658648087037168,0.9996257292437751,2.311482595482355,0.1847571143319877
test/counting_and_probability/119.json|64,17,26,0.9990927234670821,0.999921119403968,1.3729952088768953,0.030121031405280413
test/counting_and_probability/119.json|64,17,27,0.9991166208316404,0.9999298830221403,1.3611421833722974,0.02972169524706769
test/counting_and_probability/119.json|64,17,28,0.922858711289754,0.9948180537129009,3.4525874673178762,0.2777432064160093
test/counting_and_probability/119.json|64,17,29,0.889316229530152,0.9898472884629129,3.967637573362049,0.33269170484075494
test/counting_and_probability/119.json|64,17,30,0.9528432937212051,0.9987355836699002,2.7011881787687546,0.2171559492134509
test/counting_and_probability/119.json|64,17,31,0.9841663920323694,0.999171395936139,2.240928678268519,0.12583166520248612
test/counting_and_probability/119.json|64,18,0,0.9780743071290988,0.9966798965635094,2.732251187618481,0.14807326858991524
test/counting_and_probability/119.json|64,18,1,0.9907707419046864,0.9985754896022345,2.2009078127119945,0.09606902776292477
test/counting_and_probability/119.json|64,18,2,0.9975716775151874,0.9997905804872926,1.5717602675523883,0.04927801218406255
test/counting_and_probability/119.json|64,18,3,0.979989523320913,0.9997785553034337,2.0874932425178208,0.141458392041925
test/counting_and_probability/119.json|64,18,4,0.9625014153942635,0.9993070011932862,2.4239154857958534,0.1936455127436123
test/counting_and_probability/119.json|64,18,5,0.9644978663345247,0.9997269780377376,2.1534896197660793,0.18842009888935754
test/counting_and_probability/119.json|64,18,6,0.9846039797939149,0.9975902775991734,2.505282442608247,0.12408070037715416
test/counting_and_probability/119.json|64,18,7,0.9629464739593645,0.9954405598895943,3.0646024958294364,0.19249292465084397
test/counting_and_probability/119.json|64,18,8,0.9591936796238746,0.9993508912397077,2.3075499855996244,0.20200574342361016
test/counting_and_probability/119.json|64,18,9,0.9570490679789624,0.9997515047545108,2.1468715320510334,0.20724606635841755
test/counting_and_probability/119.json|64,18,10,0.9180980117352328,0.9939320342603056,3.7693497585121047,0.2861852341836791
test/counting_and_probability/119.json|64,18,11,0.9531120054954014,0.9980182106516209,3.033123041192328,0.21653635838952906
test/counting_and_probability/119.json|64,18,12,0.9689457471769405,0.999670775380204,2.0837185158150446,0.17622216893188983
test/counting_and_probability/119.json|64,18,13,0.9703249217706685,0.999700535988811,2.02832748419447,0.1722645588312682
test/counting_and_probability/119.json|64,18,14,0.9998690475711185,0.9999923717031719,1.1531191423379248,0.011443444799600485
test/counting_and_probability/119.json|64,18,15,0.9997093615811866,0.9999792981014533,1.2217235845577687,0.01704812068274338
test/counting_and_probability/119.json|64,18,16,0.9719045671747005,0.9998275272400553,1.931667592602457,0.16761692284879673
test/counting_and_probability/119.json|64,18,17,0.9693554014037379,0.9992682405224302,2.291633083748253,0.17505598703346914
test/counting_and_probability/119.json|64,18,18,0.9470593858705203,0.9989223554592664,2.5543528842075194,0.23008827464579698
test/counting_and_probability/119.json|64,18,19,0.8721019532971178,0.9974391266736379,3.011594889044903,0.35762836395185743
test/counting_and_probability/119.json|64,18,20,0.9661259886782066,0.9999098451886506,1.9674276681292844,0.18404893730145075
test/counting_and_probability/119.json|64,18,21,0.9375044109797457,0.9998189477631966,2.3211825564275506,0.2499911778848492
test/counting_and_probability/119.json|64,18,22,0.8734319709727796,0.9900967789696524,4.069539639752245,0.3557640074926361
test/counting_and_probability/119.json|64,18,23,0.8248587530964563,0.9961454622956594,3.985784118094831,0.4184988015556839
test/counting_and_probability/119.json|64,18,24,0.9987272334772985,0.9999809869137923,1.3346033761858689,0.03567585349646836
test/counting_and_probability/119.json|64,18,25,0.9988423304862452,0.9999783718088128,1.3318681215179031,0.03402454281478069
test/counting_and_probability/119.json|64,18,26,0.9845354613033416,0.999837031542092,1.920600731574965,0.12435649840944552
test/counting_and_probability/119.json|64,18,27,0.9569536572134073,0.9996185175723142,2.2959180138921873,0.207476125823172
test/counting_and_probability/119.json|64,18,28,0.9111308192279148,0.9925325839788505,3.5784389665139353,0.2981093436510925
test/counting_and_probability/119.json|64,18,29,0.9458063848251802,0.9958723189761679,3.149848525048566,0.23279522154636206
test/counting_and_probability/119.json|64,18,30,0.940421110500193,0.9974375696172969,3.131986181331015,0.2440878724963759
test/counting_and_probability/119.json|64,18,31,0.9622267379879714,0.9975004686379139,2.872228707745382,0.19435344610278607
test/counting_and_probability/119.json|64,20,0,0.9997574373796632,0.9999787348762518,1.208917852331596,0.015574421990457277
test/counting_and_probability/119.json|64,20,1,0.9988234549219417,0.9999572028377784,1.3746152249309114,0.034300802877750704
test/counting_and_probability/119.json|64,20,2,0.9926978403991451,0.9999397952206222,1.6134665988198242,0.08545267462668969
test/counting_and_probability/119.json|64,20,3,0.9951459284233923,0.9999442924236309,1.5467886596156781,0.06967116746981972
test/counting_and_probability/119.json|64,20,4,0.9822756009168492,0.9996311888128689,2.0633669038490026,0.13313301274721767
test/counting_and_probability/119.json|64,20,5,0.964735305611552,0.9995934078548057,2.2517388236687492,0.18778896237118953
test/counting_and_probability/119.json|64,20,6,0.9854623886754483,0.9989436856355999,2.2818625127673795,0.12057201717045157
test/counting_and_probability/119.json|64,20,7,0.9859459115240615,0.9989313732568988,2.2685501139425988,0.11854994085168695
test/counting_and_probability/119.json|64,20,8,0.9005102938349824,0.9992220167050371,2.84081162319162,0.31541988866432885
test/counting_and_probability/119.json|64,20,9,0.7611677344033051,0.9981965418376443,3.560941213262323,0.48870468137382816
test/counting_and_probability/119.json|64,20,10,0.9987361574432007,0.9999977360634899,1.2168983009659406,0.035550563382305826
test/counting_and_probability/119.json|64,20,11,0.9947998150517332,0.9999890865602924,1.384959335767191,0.07211230788337587
test/counting_and_probability/119.json|64,20,12,0.8795178347157996,0.998514003422063,3.2927944426926277,0.34710540947124463
test/counting_and_probability/119.json|64,20,13,0.9191733400221811,0.9978466219364271,2.979635352555471,0.28430029894078357
test/counting_and_probability/119.json|64,20,14,0.9851448811664543,0.999675494181667,1.9251117102312736,0.12188157708835956
test/counting_and_probability/119.json|64,20,15,0.9529190943659863,0.9995228044781557,2.197339215601793,0.2169813485855724
test/counting_and_probability/119.json|64,20,16,0.9417410519477514,0.9997615358028616,2.5958216095055278,0.24136890448491627
test/counting_and_probability/119.json|64,20,17,0.9445018546844023,0.9989528756361973,2.861476410167666,0.23558044340648845
test/counting_and_probability/119.json|64,20,18,0.9921478178314589,0.999660310671228,1.83963310465808,0.08861253956715782
test/counting_and_probability/119.json|64,20,19,0.9958233244736173,0.9997904512454686,1.696362094016352,0.06462720422842597
test/counting_and_probability/119.json|64,20,20,0.9999994367387568,1.0,1.011589462697586,0.0007505073238834631
test/counting_and_probability/119.json|64,20,21,0.9999992226328125,1.0,1.0120047356523962,0.0008816842901571859
test/counting_and_probability/119.json|64,20,22,0.8061314829733968,0.9995885201451874,2.7064255368495544,0.4403050272556552
test/counting_and_probability/119.json|64,20,23,0.7651529195189114,0.9997967227714946,2.5078690661687175,0.48461023563384276
test/counting_and_probability/119.json|64,20,24,0.9974855300583702,0.9999740001732004,1.4041347018294668,0.05014449064084557
test/counting_and_probability/119.json|64,20,25,0.9993864480854784,0.9999714431246117,1.2769509563770718,0.024769980107412583
test/counting_and_probability/119.json|64,20,26,0.8167148918766932,0.9956726999749769,3.878664152336249,0.42811810067235745
test/counting_and_probability/119.json|64,20,27,0.922542304196781,0.9990513117851444,2.6244981719600253,0.2783122271895704
test/counting_and_probability/119.json|64,20,28,0.9789589487990241,0.999968943389833,1.7895702722409277,0.1450553384090909
test/counting_and_probability/119.json|64,20,29,0.9709818354655274,0.9999644459131201,1.8546091872042343,0.17034718822003664
test/counting_and_probability/119.json|64,20,30,0.9523651767484445,0.999259867006884,2.5432058388599765,0.21825403375781063
test/counting_and_probability/119.json|64,20,31,0.958457375153834,0.9990141340999703,2.56004931424462,0.20382007959513213
test/counting_and_probability/119.json|64,21,0,0.9972243558358149,0.9997009315695491,1.6578689947523924,0.05268438254535281
test/counting_and_probability/119.json|64,21,1,0.9987657635550546,0.99987958421818,1.4688458549204368,0.0351317014240039
test/counting_and_probability/119.json|64,21,2,0.8795308676288645,0.9914096592348759,3.9475816139732554,0.34708663525283645
test/counting_and_probability/119.json|64,21,3,0.9363412627163471,0.9980626892547789,3.062142261830315,0.25230683162303175
test/counting_and_probability/119.json|64,21,4,0.9303106863252716,0.9959672606350565,3.288424149935892,0.263987336201433
test/counting_and_probability/119.json|64,21,5,0.9488008179285615,0.994476408073552,3.3376722344911034,0.22627236258862565
test/counting_and_probability/119.json|64,21,6,0.9329358856727752,0.9925516733013294,3.597629749270942,0.2589674001244651
test/counting_and_probability/119.json|64,21,7,0.9029484858792566,0.9936277385770907,3.568629080319075,0.3115309200075386
test/counting_and_probability/119.json|64,21,8,0.998526448673675,0.9999139077610758,1.4695462908310384,0.0383868639813802
test/counting_and_probability/119.json|64,21,9,0.9927961198843973,0.9997809309862662,1.8310553457446008,0.0848756744633154
test/counting_and_probability/119.json|64,21,10,0.9988540103170178,0.999971085146185,1.3583800657962186,0.03385246937790779
test/counting_and_probability/119.json|64,21,11,0.9814671307432614,0.9998758066225807,1.8861031992643122,0.1361354812557644
test/counting_and_probability/119.json|64,21,12,0.9997769887892157,0.9999958729933577,1.1582717352681466,0.014933559883171665
test/counting_and_probability/119.json|64,21,13,0.9995072934014793,0.9999903178103628,1.2204951944180829,0.022196995258834975
test/counting_and_probability/119.json|64,21,14,0.8747392219079002,0.9977795462771996,3.5122373023367373,0.3539219943604802
test/counting_and_probability/119.json|64,21,15,0.8467006601905556,0.9919076347686363,3.8132588625934676,0.3915345959292032
test/counting_and_probability/119.json|64,21,16,0.9998989054155212,0.9999968943400954,1.1232553832447547,0.01005458027362766
test/counting_and_probability/119.json|64,21,17,0.9999399985238575,0.9999960706997925,1.1065574257788844,0.007746061976416824
test/counting_and_probability/119.json|64,21,18,0.9906707493578093,0.9997753841369129,1.9106652127715291,0.09658804606259877
test/counting_and_probability/119.json|64,21,19,0.9745206958483766,0.9996877875916572,2.319619967469598,0.15962237985828728
test/counting_and_probability/119.json|64,21,20,0.9495338257200919,0.9979296762141763,2.960881440899592,0.22464677669601243
test/counting_and_probability/119.json|64,21,21,0.9328891984804422,0.9984927882253407,3.1835719052306306,0.25905752550265326
test/counting_and_probability/119.json|64,21,22,0.999819807039575,0.9999631602012035,1.2026970628601708,0.01342359714923838
test/counting_and_probability/119.json|64,21,23,0.9995312099996864,0.9999715553325363,1.2616209126073537,0.021651558842578397
test/counting_and_probability/119.json|64,21,24,0.9993641399862906,0.9999861607564403,1.272489744077698,0.025216264864357105
test/counting_and_probability/119.json|64,21,25,0.9992185245171706,0.9999767418011063,1.3202102751326386,0.027954882987223602
test/counting_and_probability/119.json|64,21,26,0.7960336748953193,0.9894435322946055,4.142599207015145,0.4516263113511886
test/counting_and_probability/119.json|64,21,27,0.8372869437370944,0.9950720706587962,3.974505019897003,0.4033770646218071
test/counting_and_probability/119.json|64,21,28,0.9260349647137931,0.9994577869771668,2.4851272320576343,0.27196513615941087
test/counting_and_probability/119.json|64,21,29,0.9869606397883681,0.9996417534503205,2.0047775295870496,0.11419001800346595
test/counting_and_probability/119.json|64,21,30,0.9841613849299731,0.9997420514793538,1.9882930017931912,0.12585155966465783
test/counting_and_probability/119.json|64,21,31,0.9873524366049281,0.9998745780378632,1.719938512764815,0.11246138624021977
test/counting_and_probability/119.json|64,22,0,0.9966330176328106,0.999943867497184,1.5167764901372294,0.05802570436616304
test/counting_and_probability/119.json|64,22,1,0.9958845766555147,0.9998906057649743,1.6232255227575165,0.06415156540946866
test/counting_and_probability/119.json|64,22,2,0.9940245569407272,0.9996873858137678,1.7917185479956066,0.077300990027766
test/counting_and_probability/119.json|64,22,3,0.9957862355443265,0.9998004385548117,1.7040779827019046,0.06491351520040686
test/counting_and_probability/119.json|64,22,4,0.9012686597968248,0.9981669085933949,3.2613491073694103,0.314215435972161
test/counting_and_probability/119.json|64,22,5,0.9227266560222278,0.9975688329147583,3.2041980835349677,0.27798083383170896
test/counting_and_probability/119.json|64,22,6,0.9355103394310355,0.9999191242795691,2.136385278625454,0.2539481454332056
test/counting_and_probability/119.json|64,22,7,0.964202272646259,0.999662344126988,2.344477827304285,0.1892028735345766
test/counting_and_probability/119.json|64,22,8,0.9883112259067847,0.9996711259553912,1.9307334869633095,0.10811463403820658
test/counting_and_probability/119.json|64,22,9,0.9908049142386914,0.9998844024328728,1.802032454407574,0.09589100980440535
test/counting_and_probability/119.json|64,22,10,0.9655295483861995,0.9992843682309214,2.562925892984958,0.18566219758960215
test/counting_and_probability/119.json|64,22,11,0.9884649587274791,0.9997848582647746,2.001199370322194,0.10740130945440525
test/counting_and_probability/119.json|64,22,12,0.999996308628991,0.9999997890645138,1.0287738491114038,0.0019212940974701542
test/counting_and_probability/119.json|64,22,13,0.9999932146928328,0.9999992857571403,1.0446334917152753,0.002604862216556806
test/counting_and_probability/119.json|64,22,14,0.8467192812411163,0.9875224796947413,4.249657446677954,0.3915108156346178
test/counting_and_probability/119.json|64,22,15,0.9631723913341155,0.9983581248402172,2.816236289218817,0.19190520750069429
test/counting_and_probability/119.json|64,22,16,0.9998082439500474,0.9999972736106642,1.1393792171353612,0.013847600873529861
test/counting_and_probability/119.json|64,22,17,0.999794429362709,0.9999980807720585,1.1420699334157165,0.014337734733596728
test/counting_and_probability/119.json|64,22,18,0.9817237613469401,0.9999736305887995,1.613315666902325,0.13518963959216676
test/counting_and_probability/119.json|64,22,19,0.9773383529418512,0.9999829382058376,1.6270978350624057,0.15053785921869878
test/counting_and_probability/119.json|64,22,20,0.8513286447682111,0.9987648178694913,3.258408123634233,0.3855792463706895
test/counting_and_probability/119.json|64,22,21,0.9578305132751641,0.9987219522145412,2.726253321814487,0.20535210426201114
test/counting_and_probability/119.json|64,22,22,0.9974295776843092,0.999994893112852,1.3567528197802072,0.05069933249748781
test/counting_and_probability/119.json|64,22,23,0.9938609190165012,0.9999886954164527,1.4607518245573485,0.07835228767240177
test/counting_and_probability/119.json|64,22,24,0.9996225546727043,0.9999768119315396,1.2472830994054895,0.019427952215703714
test/counting_and_probability/119.json|64,22,25,0.9997588558294408,0.999951029784134,1.2383579759094203,0.015528817423075214
test/counting_and_probability/119.json|64,22,26,0.9997786985744725,0.9999970240639598,1.148392773135834,0.014876203330401669
test/counting_and_probability/119.json|64,22,27,0.9998659890953846,0.9999978171028285,1.1283976248377954,0.011576307900855105
test/counting_and_probability/119.json|64,22,28,0.9998471681129677,0.9999951983851584,1.1477650570936733,0.012362519445173822
test/counting_and_probability/119.json|64,22,29,0.9988193028211788,0.9999558487692557,1.3462534628543814,0.03436127440624385
test/counting_and_probability/119.json|64,22,30,0.9600104390925606,0.9999106996528774,1.9245556186421426,0.1999739005656474
test/counting_and_probability/119.json|64,22,31,0.9804945557725683,0.9997075822677415,1.9179038380516622,0.1396618925384864
test/counting_and_probability/119.json|64,24,0,0.8780898243058942,0.9974994592187699,3.465787327680182,0.34915637713509656
test/counting_and_probability/119.json|64,24,1,0.9042068941818167,0.9970474982018498,3.375483013718192,0.30950461356526393
test/counting_and_probability/119.json|64,24,2,0.9998500394189398,0.999992782987368,1.1472285064994037,0.012245839336697362
test/counting_and_probability/119.json|64,24,3,0.9996799642823592,0.9999820238457071,1.2105625028520268,0.01788954213055303
test/counting_and_probability/119.json|64,24,4,0.7570077281037876,0.9908321756582714,4.171043110977835,0.4929424630686754
test/counting_and_probability/119.json|64,24,5,0.7853420324348819,0.9957095799876092,4.063484913038464,0.46331195491279753
test/counting_and_probability/119.json|64,24,6,0.9978861337488948,0.9998089523755196,1.5606707788175376,0.04597680122741481
test/counting_and_probability/119.json|64,24,7,0.9995626415788827,0.999971329773041,1.269595333038282,0.02091311600688073
test/counting_and_probability/119.json|64,24,8,0.8551254849208924,0.9989166038861259,2.7875020949249905,0.38062384985587494
test/counting_and_probability/119.json|64,24,9,0.961958148865128,0.9991266397513721,2.444033666829757,0.1950432032521821
test/counting_and_probability/119.json|64,24,10,0.9957746297934311,0.9998621545084815,1.6248252304327075,0.06500284768045843
test/counting_and_probability/119.json|64,24,11,0.9983690107825336,0.9999827731973624,1.4006994653962723,0.04038550751775202
test/counting_and_probability/119.json|64,24,12,0.9962185214429176,0.9996191998046224,1.7113766126868832,0.06149372778651852
test/counting_and_probability/119.json|64,24,13,0.9969124359548044,0.999820338985489,1.5973659373968883,0.05556585323015937
test/counting_and_probability/119.json|64,24,14,0.9780666401485865,0.9990943969062442,2.394218823165408,0.14809915547164182
test/counting_and_probability/119.json|64,24,15,0.9691537765302906,0.998030529537989,2.6929353820837965,0.17563092970689828
test/counting_and_probability/119.json|64,24,16,0.9717567943045515,0.9997119108144885,2.0435123387779774,0.16805715008725
test/counting_and_probability/119.json|64,24,17,0.9799087182098962,0.9999614835480827,1.7117577495192502,0.14174371869717464
test/counting_and_probability/119.json|64,24,18,0.8934318862183475,0.9929228068481876,3.793056665580858,0.32644771982915205
test/counting_and_probability/119.json|64,24,19,0.9475116781142605,0.9928431365660878,3.3893968466313122,0.22910329959592352
test/counting_and_probability/119.json|64,24,20,0.9999848177833893,0.999999646925195,1.0497966228886597,0.003896436398900451
test/counting_and_probability/119.json|64,24,21,0.9999953309626238,0.99999986062575,1.0318748535357565,0.002160795542426542
test/counting_and_probability/119.json|64,24,22,0.9999939394271383,0.9999996503515657,1.0392132371082563,0.002461823076843041
test/counting_and_probability/119.json|64,24,23,0.9999797529452112,1.0,1.0496561212599704,0.004499672742406705
test/counting_and_probability/119.json|64,24,24,0.9999976206360053,0.99999974277146,1.0295669263835543,0.0015425187177859631
test/counting_and_probability/119.json|64,24,25,0.9999886465389721,0.9999992032658928,1.0522734517744867,0.0033694897281152628
test/counting_and_probability/119.json|64,24,26,0.991221811589321,0.9998537632846054,1.7512184350748559,0.09369198690752059
test/counting_and_probability/119.json|64,24,27,0.9969396903106972,0.9999665598037734,1.4265584175676724,0.055320065883030366
test/counting_and_probability/119.json|64,24,28,0.8381952467974632,0.9999729721274533,2.1640771127625777,0.4022496155405706
test/counting_and_probability/119.json|64,24,29,0.8902640966351596,0.9999787759934811,1.972040755382445,0.33126409911857396
test/counting_and_probability/119.json|64,24,30,0.9738293424640361,0.999525931516969,2.1779198011500935,0.16177347599641892
test/counting_and_probability/119.json|64,24,31,0.7550175385645393,0.9763196606812912,5.009977180243338,0.49495702988790924
test/counting_and_probability/119.json|64,25,0,0.9999909897759102,0.9999987427594293,1.0499590078342949,0.0030017035313024774
test/counting_and_probability/119.json|64,25,1,0.9999926327208757,0.999999386060073,1.0428039518461776,0.002714273222119527
test/counting_and_probability/119.json|64,25,2,0.9617885784627205,0.9999201512034416,1.9282480793992829,0.19547741950741912
test/counting_and_probability/119.json|64,25,3,0.952920731084764,0.9997526377614735,2.0820178040081903,0.2169775769871992
test/counting_and_probability/119.json|64,25,4,0.999672603350546,0.9999416947002765,1.2661762364613065,0.01809410537865926
test/counting_and_probability/119.json|64,25,5,0.9998965443921207,0.999985207663084,1.1592866295281794,0.010171312986988307
test/counting_and_probability/119.json|64,25,6,0.9999829614515695,0.9999991032342931,1.0584679089677131,0.004127777662434408
test/counting_and_probability/119.json|64,25,7,0.999931103949086,0.9999991842232938,1.0883456047322801,0.00830036450488653
test/counting_and_probability/119.json|64,25,8,0.9999989492187178,1.0,1.0173980879561546,0.0010250762323886138
test/counting_and_probability/119.json|64,25,9,0.9999997187911883,1.0,1.010116791013861,0.0005302912517485396
test/counting_and_probability/119.json|64,25,10,0.9990799454578224,0.999931859210665,1.38119535025907,0.030332400864052686
test/counting_and_probability/119.json|64,25,11,0.9986621764786436,0.999886546194158,1.4426966802810268,0.03657626992130776
test/counting_and_probability/119.json|64,25,12,0.9999709084287276,0.9999967799405843,1.0859330340985964,0.005393660285223696
test/counting_and_probability/119.json|64,25,13,0.9999612018778605,0.9999955232935993,1.0962998106794055,0.006228813862965545
test/counting_and_probability/119.json|64,25,14,0.9122342656702004,0.99874682884887,3.03608217903543,0.29625282164023287
test/counting_and_probability/119.json|64,25,15,0.928041032529308,0.9955582316016095,3.3174422310602707,0.2682516867993414
test/counting_and_probability/119.json|64,25,16,0.9715548807532114,0.9999692625698554,1.7751918610598574,0.16865680907330308
test/counting_and_probability/119.json|64,25,17,0.9730988626242629,0.9999458624133348,1.815599900771463,0.16401566198304682
test/counting_and_probability/119.json|64,25,18,0.9996085255976256,0.9999907577712761,1.217933675308127,0.01978571207650648
test/counting_and_probability/119.json|64,25,19,0.9999177213469832,0.9999931871179031,1.1226163230532715,0.009070758128006638
test/counting_and_probability/119.json|64,25,20,0.9547881794798865,0.9983407845508884,2.799064660909375,0.21263071396229077
test/counting_and_probability/119.json|64,25,21,0.9555212036777366,0.9981284131995646,2.792850208534312,0.21089996757293106
test/counting_and_probability/119.json|64,25,22,0.912587239760521,0.9897555554335088,3.788046794942514,0.2956564902711912
test/counting_and_probability/119.json|64,25,23,0.9675675080345831,0.9993767156625826,2.3428836364992542,0.18009023284291922
test/counting_and_probability/119.json|64,25,24,0.8254620059755526,0.991418735150834,4.123383800682378,0.4177774455669518
test/counting_and_probability/119.json|64,25,25,0.8150996600295537,0.9931791137102772,3.925887553520114,0.43000039531429074
test/counting_and_probability/119.json|64,25,26,0.9999560135287604,0.9999983311365925,1.088147475969539,0.0066322297336264486
test/counting_and_probability/119.json|64,25,27,0.9997630398317804,0.9999946829428807,1.1628609293962446,0.015393510587894276
test/counting_and_probability/119.json|64,25,28,0.9999747685161544,0.9999979975012822,1.0785091524106682,0.0050230950464419
test/counting_and_probability/119.json|64,25,29,0.9999911986487525,0.9999991998771594,1.049214517476244,0.002966707138812032
test/counting_and_probability/119.json|64,25,30,0.9977576350877264,0.9999999275604938,1.229771287260361,0.047353615619861456
test/counting_and_probability/119.json|64,25,31,0.9976766190606713,0.9999996907519048,1.2370007659917952,0.04820146200405867
test/counting_and_probability/119.json|64,26,0,0.9891473144491642,0.9999378718187601,1.6777479013765046,0.10417622353894314
test/counting_and_probability/119.json|64,26,1,0.9863898933115786,0.9999399831426555,1.7114274124263746,0.1166623619185787
test/counting_and_probability/119.json|64,26,2,0.9999976016907122,0.9999999040676285,1.023044215647102,0.0015486475673413026
test/counting_and_probability/119.json|64,26,3,0.9999948496102634,0.9999997808344793,1.0342436015018297,0.0022694470111870113
test/counting_and_probability/119.json|64,26,4,0.9809547118314517,0.9997555842819139,1.9147453762400575,0.13800466719842608
test/counting_and_probability/119.json|64,26,5,0.9934505180890773,0.9996861563901418,1.8270531094404467,0.08092886945288899
test/counting_and_probability/119.json|64,26,6,0.8497276687736942,0.9997554147363936,2.4711250104191804,0.38764975329065515
test/counting_and_probability/119.json|64,26,7,0.8651659238354379,0.9995374968487574,2.623574132749473,0.3671975982554381
test/counting_and_probability/119.json|64,26,8,0.9767561842207406,0.9990731992037062,2.356203297532785,0.15245922661242703
test/counting_and_probability/119.json|64,26,9,0.9286335610853903,0.9978309235593936,2.934545277469582,0.2671449773336749
test/counting_and_probability/119.json|64,26,10,0.998612406298488,0.999991919334101,1.3484425032317064,0.037250418809886957
test/counting_and_probability/119.json|64,26,11,0.9997870535743872,0.9999764237885929,1.2069240025398003,0.01459268397563515
test/counting_and_probability/119.json|64,26,12,0.9999728409853857,0.9999994168309745,1.0625470512170043,0.005211431148374991
test/counting_and_probability/119.json|64,26,13,0.9999923520233709,0.9999999177636921,1.0344105554450744,0.00276549753735389
test/counting_and_probability/119.json|64,26,14,0.995221439965433,0.9999444857538489,1.5532737616177374,0.06912712951198685
test/counting_and_probability/119.json|64,26,15,0.9880239165978011,0.999807197761743,1.879111717156702,0.10943529322023546
test/counting_and_probability/119.json|64,26,16,0.9999991432877687,1.0,1.0155312553663463,0.0009255875060022618
test/counting_and_probability/119.json|64,26,17,0.9999990976516158,1.0,1.0162304118490746,0.0009499201988773565
test/counting_and_probability/119.json|64,26,18,0.9985283883632172,0.999834470456747,1.4848040857572447,0.03836159064458586
test/counting_and_probability/119.json|64,26,19,0.999227914181306,0.9999193375800968,1.3516737236342844,0.02778643227717504
test/counting_and_probability/119.json|64,26,20,0.9980661302347061,0.9999216595364524,1.440055852865068,0.04397578612479669
test/counting_and_probability/119.json|64,26,21,0.9998135538483626,0.9999962657423134,1.1609813939875608,0.013654528612787466
test/counting_and_probability/119.json|64,26,22,0.9931190376299701,0.9999137320467402,1.697571611063972,0.08295156641094782
test/counting_and_probability/119.json|64,26,23,0.9956705886772692,0.9997448833881326,1.69002700931528,0.065798262307836
test/counting_and_probability/119.json|64,26,24,0.9996662422599966,0.9999904823970329,1.21868622270202,0.018269037741584462
test/counting_and_probability/119.json|64,26,25,0.9997425998010772,0.9999917077605819,1.196874787032623,0.01604369654795432
test/counting_and_probability/119.json|64,26,26,0.9999592838918764,0.999997709718918,1.0899225304449565,0.006380917498574744
test/counting_and_probability/119.json|64,26,27,0.9999879833112226,0.9999993445442485,1.054178702937217,0.0034665095957420993
test/counting_and_probability/119.json|64,26,28,0.9999904694087448,0.9999997067510383,1.0435328335738765,0.0030871655697729088
test/counting_and_probability/119.json|64,26,29,0.9999911091467919,0.9999997857625733,1.0406326720709838,0.0029817533781483175
test/counting_and_probability/119.json|64,26,30,0.9970253222078441,0.9997026536692517,1.6715775787897844,0.05454060681873532
test/counting_and_probability/119.json|64,26,31,0.9975577400231546,0.9997436701880407,1.6135905668454043,0.04941922679327794
test/counting_and_probability/119.json|64,28,0,0.9952525985874989,0.9999358330232672,1.6389894909382474,0.0689013890462382
test/counting_and_probability/119.json|64,28,1,0.9993146627524536,0.9999889357526616,1.2694463401109486,0.02617894664699824
test/counting_and_probability/119.json|64,28,2,0.9886211377756282,0.9999691819812102,1.8063381593121266,0.10667174988895509
test/counting_and_probability/119.json|64,28,3,0.9907804712351483,0.9999667241909276,1.7806091008611447,0.09601837722463163
test/counting_and_probability/119.json|64,28,4,0.7989902399507022,0.9993999276784158,2.710505859685985,0.4483411201856214
test/counting_and_probability/119.json|64,28,5,0.7430222614785376,0.9980333476252181,3.7383529236083124,0.5069297175363291
test/counting_and_probability/119.json|64,28,6,0.9892002960447277,0.9996817189809962,1.9088401744215313,0.10392162409851137
test/counting_and_probability/119.json|64,28,7,0.9967514678058803,0.9999555875859982,1.5252001804804824,0.05699589629192343
test/counting_and_probability/119.json|64,28,8,0.9993786498951258,0.9999764810153488,1.2803800117487618,0.024926895211281035
test/counting_and_probability/119.json|64,28,9,0.9997471920017362,0.9999811150138443,1.209296914179938,0.015899937052195237
test/counting_and_probability/119.json|64,28,10,0.9999389120544535,0.999997949085761,1.1054485447579556,0.007815877784771821
test/counting_and_probability/119.json|64,28,11,0.9999670434132409,0.9999983593041224,1.0817346423800034,0.00574078276536037
test/counting_and_probability/119.json|64,28,12,0.9999996728058113,1.0,1.0116022859211369,0.0005720089061743967
test/counting_and_probability/119.json|64,28,13,0.9999997231050811,1.0,1.010165111632946,0.0005262080566491715
test/counting_and_probability/119.json|64,28,14,0.9999607043453469,0.9999991639222414,1.0765809232051384,0.0062686246221243976
test/counting_and_probability/119.json|64,28,15,0.9998782836373706,0.999999162502092,1.0967300746697923,0.011032513885301251
test/counting_and_probability/119.json|64,28,16,0.9988415231192016,0.9999676411475168,1.3419567038156817,0.03403640522732091
test/counting_and_probability/119.json|64,28,17,0.9998821973505296,0.9999939403413622,1.1361318056797354,0.010853692895524849
test/counting_and_probability/119.json|64,28,18,0.9624547246263514,0.9988896313926456,2.450632931652388,0.19376603255898234
test/counting_and_probability/119.json|64,28,19,0.8832565360892847,0.9987669158541149,3.076767925279228,0.341677426691778
test/counting_and_probability/119.json|64,28,20,1.0,1.0,1.0049281030661108,0.0
test/counting_and_probability/119.json|64,28,21,1.0,1.0,1.004546378145886,0.0
test/counting_and_probability/119.json|64,28,22,0.7237884675396676,0.9961707518648996,3.615932324108899,0.525558305481259
test/counting_and_probability/119.json|64,28,23,0.8257597610933363,0.9919785519501986,4.234946519819584,0.41742093731228164
test/counting_and_probability/119.json|64,28,24,1.0,1.0,1.002630242768724,0.0
test/counting_and_probability/119.json|64,28,25,1.0,1.0,1.0037100361308229,0.0
test/counting_and_probability/119.json|64,28,26,0.9789988730114773,0.9992066877304839,2.360799622652105,0.1449176558895525
test/counting_and_probability/119.json|64,28,27,0.9828831017913079,0.9989253952638646,2.293590599383457,0.13083156426754253
test/counting_and_probability/119.json|64,28,28,1.0,1.0,1.0029854131515958,0.0
test/counting_and_probability/119.json|64,28,29,1.0,1.0,1.0025864049908428,0.0
test/counting_and_probability/119.json|64,28,30,0.9946384251401088,0.9999543971834196,1.6770482363357933,0.07322277555440788
test/counting_and_probability/119.json|64,28,31,0.9966849075584593,0.9999561177772397,1.5556110001746568,0.05757683945425202
test/counting_and_probability/119.json|64,29,0,0.9998098719098896,0.9999994962159775,1.1157398952538244,0.013788694285915209
test/counting_and_probability/119.json|64,29,1,0.999265257165049,0.9999937633666224,1.2211955323446084,0.027106140170651515
test/counting_and_probability/119.json|64,29,2,0.9999980119251644,0.9999999135619637,1.0221746344035492,0.0014099910764419764
test/counting_and_probability/119.json|64,29,3,0.9999981744684019,0.9999998696048858,1.023996161898156,0.0013511223475724617
test/counting_and_probability/119.json|64,29,4,0.9946654209531196,0.9999018329423093,1.6085211926238279,0.07303820265368251
test/counting_and_probability/119.json|64,29,5,0.9990674789458701,0.999967268943692,1.33858737520335,0.03053720770027749
test/counting_and_probability/119.json|64,29,6,0.9796222238902107,0.9989572486155535,2.332493425804741,0.14275074819344838
test/counting_and_probability/119.json|64,29,7,0.9545740035230496,0.9990055439471066,2.563139310785788,0.213133752552125
test/counting_and_probability/119.json|64,29,8,0.9661124960034175,0.9999994030001234,1.717950640703032,0.18408558878028033
test/counting_and_probability/119.json|64,29,9,0.9984003356553363,0.99999658701868,1.2996690267700126,0.03999580408822584
test/counting_and_probability/119.json|64,29,10,0.9993958257961383,0.9999636335018641,1.3135905106127195,0.02457995532668272
test/counting_and_probability/119.json|64,29,11,0.9990148235413706,0.999965408449593,1.3394748499733828,0.03138752074677751
test/counting_and_probability/119.json|64,29,12,0.9993223971383097,0.9999740417147811,1.2997212788469037,0.026030806013073702
test/counting_and_probability/119.json|64,29,13,0.9992915443484753,0.9999929953556248,1.2666244754203302,0.026616830230601546
test/counting_and_probability/119.json|64,29,14,0.9995390225593025,0.9999802127161418,1.2629707134504626,0.021470385201423553
test/counting_and_probability/119.json|64,29,15,0.9992468851309786,0.9999384637783924,1.3580438970764428,0.027442938418132442
test/counting_and_probability/119.json|64,29,16,0.9998350687794096,0.9999978458727578,1.140912128020328,0.012842555064719737
test/counting_and_probability/119.json|64,29,17,0.9999727165179121,0.9999991054596037,1.0700716631780436,0.005223359272337506
test/counting_and_probability/119.json|64,29,18,0.988963763918441,0.9999634851146294,1.6542112842918049,0.10505349152483708
test/counting_and_probability/119.json|64,29,19,0.9609772226831451,0.9999558397269128,1.9374860035396686,0.19754183687729263
test/counting_and_probability/119.json|64,29,20,0.9995488967833198,0.9999989526625152,1.1711061882404592,0.021239190584393323
test/counting_and_probability/119.json|64,29,21,0.9997154806387559,0.9999991014502465,1.1526396010016744,0.01686770171790079
test/counting_and_probability/119.json|64,29,22,0.6868138625884267,0.9941467317660334,3.6969679051012543,0.559630357835932
test/counting_and_probability/119.json|64,29,23,0.9747173810240083,0.9997323095653327,2.183121033894183,0.15900509103796553
test/counting_and_probability/119.json|64,29,24,0.8740667945158003,0.9992187223228892,2.6272269864396245,0.3548706883981822
test/counting_and_probability/119.json|64,29,25,0.9584829453263382,0.9991954664676047,2.3535933904226933,0.20375734262514775
test/counting_and_probability/119.json|64,29,26,0.9622529530194643,0.9972682101601142,2.7732786823461977,0.19428599275433023
test/counting_and_probability/119.json|64,29,27,0.9490638593991683,0.9989977136534384,2.5700188187708597,0.22569036443949425
test/counting_and_probability/119.json|64,29,28,0.99956985550916,0.9999593470548194,1.2624654295189812,0.0207399250442233
test/counting_and_probability/119.json|64,29,29,0.9997953572301221,0.9999837788375984,1.193655355425785,0.01430534060684543
test/counting_and_probability/119.json|64,29,30,0.910737971167426,0.9987246999783346,2.812410657406655,0.2987675163610896
test/counting_and_probability/119.json|64,29,31,0.9708063191533618,0.9993162244769201,2.3642248475249485,0.17086158388191947
test/counting_and_probability/119.json|64,30,0,0.8903182378723783,0.9882478627971232,4.091364142525195,0.3311823698925136
test/counting_and_probability/119.json|64,30,1,0.7954720082977019,0.9916440113350246,4.302033119541264,0.45224771055506524
test/counting_and_probability/119.json|64,30,2,0.9997635058035035,0.9999972205587535,1.154476816258888,0.015378367809898333
test/counting_and_probability/119.json|64,30,3,0.9998085286652881,0.9999993691224557,1.1160193021998166,0.013837316745376176
test/counting_and_probability/119.json|64,30,4,0.8867314528449266,0.9989309030387252,2.9185839967874143,0.3365539290441777
test/counting_and_probability/119.json|64,30,5,0.9506440500435246,0.999926246709718,2.123582725444396,0.22216199035045445
test/counting_and_probability/119.json|64,30,6,0.9851037181840061,0.999659222565793,2.083260643302173,0.12205032493194722
test/counting_and_probability/119.json|64,30,7,0.995904398484439,0.999729969831058,1.716115116755117,0.06399688676459962
test/counting_and_probability/119.json|64,30,8,0.9876938857347769,0.9979226432556162,2.3292035782302234,0.11093292687576174
test/counting_and_probability/119.json|64,30,9,0.9545688170350874,0.9940820713760808,3.263165229970946,0.21314591941886327
test/counting_and_probability/119.json|64,30,10,0.999670473365135,0.9999970223496849,1.1599688705732207,0.018152868502387242
test/counting_and_probability/119.json|64,30,11,0.9996018776551404,0.9999970636958289,1.1603666812175726,0.019953003404489914
test/counting_and_probability/119.json|64,30,12,0.9925344727000233,0.9996899760571323,1.8505527104595294,0.08640328292360619
test/counting_and_probability/119.json|64,30,13,0.9353640937924462,0.9982712375097275,2.7877057999042916,0.25423592627233815
test/counting_and_probability/119.json|64,30,14,0.9884159737809256,0.9993937046845063,2.0035994255323266,0.107629114179549
test/counting_and_probability/119.json|64,30,15,0.9723080953564118,0.9991677699306158,2.3280129872874613,0.166408847852475
test/counting_and_probability/119.json|64,30,16,0.9879328279650935,0.9998830012312382,1.7842634878429162,0.10985068063014668
test/counting_and_probability/119.json|64,30,17,0.9826321811054636,0.9998421072575925,1.9351536092832937,0.13178702096388864
test/counting_and_probability/119.json|64,30,18,0.9717104820615714,0.9981071800791578,2.63952961255492,0.16819488083300455
test/counting_and_probability/119.json|64,30,19,0.9973648306926223,0.9998888114216297,1.522059784234908,0.05133390017695643
test/counting_and_probability/119.json|64,30,20,0.999975559710631,1.0,1.053325755332003,0.0049437121041771516
test/counting_and_probability/119.json|64,30,21,0.9999544909439737,1.0,1.0626420506145893,0.006746040025547866
test/counting_and_probability/119.json|64,30,22,0.9999909116740556,0.9999992232200048,1.0517968769591628,0.00301468504895172
test/counting_and_probability/119.json|64,30,23,0.999966441322073,0.9999993909495839,1.0670670173629886,0.005792985234486742
test/counting_and_probability/119.json|64,30,24,0.998802731310128,0.9999999050916615,1.1765803756976623,0.03460157062724208
test/counting_and_probability/119.json|64,30,25,0.9989722066495957,0.9999997704281103,1.1686018468811956,0.032059216309889116
test/counting_and_probability/119.json|64,30,26,0.8889560951185285,0.9988079286214911,2.875067548241919,0.33323250874047616
test/counting_and_probability/119.json|64,30,27,0.9786785435895942,0.998762344981994,2.3794977051933417,0.14601868514134017
test/counting_and_probability/119.json|64,30,28,0.9686675145096503,0.9985275597815204,2.4927531326268775,0.177009845744099
test/counting_and_probability/119.json|64,30,29,0.9744669448468685,0.9987073787394378,2.4777333301491806,0.1597906604064566
test/counting_and_probability/119.json|64,30,30,0.9920395385962603,0.9998542220031003,1.767444291032098,0.08922141785322478
test/counting_and_probability/119.json|64,30,31,0.9804643732955627,0.9993072345017517,2.2994090418268107,0.1397699062904362
test/geometry/477.json|128,0,0,0.9979862831260768,0.9998477134101146,1.4883095911370188,0.04487445680922673
test/geometry/477.json|128,0,1,0.9931315837570085,0.9997487996828742,1.7345102595925599,0.08287590870084927
test/geometry/477.json|128,0,2,0.8154482360589786,0.9856411019394052,4.478017544649287,0.4295948835135509
test/geometry/477.json|128,0,3,0.8610852443190101,0.9911780974340555,3.9952663948337075,0.37271269857759054
test/geometry/477.json|128,0,4,0.9869697810925147,0.9997263215663094,1.9537634469966731,0.11414998426406088
test/geometry/477.json|128,0,5,0.9958504255609357,0.9998674878902598,1.6405723178980185,0.06441719055550524
test/geometry/477.json|128,0,6,0.980115693930999,0.9992496902116191,2.2945632141959247,0.14101172316159052
test/geometry/477.json|128,0,7,0.9791836292302547,0.9995643620967782,2.276038138873516,0.14427879528796078
test/geometry/477.json|128,0,8,0.831652266827554,0.9972021171211538,3.651586911195835,0.410302002398777
test/geometry/477.json|128,0,9,0.7975010187771501,0.9945579120280873,3.950818235348615,0.44999886802396505
test/geometry/477.json|128,0,10,0.9999023970045721,0.999991223708858,1.1419563938418467,0.009879422828684715
test/geometry/477.json|128,0,11,0.9997267225892684,0.9999872996075141,1.2025774780837208,0.016531104340956053
test/geometry/477.json|128,0,12,0.9998168622313666,0.9999985398163642,1.1484236442947975,0.013532840375672602
test/geometry/477.json|128,0,13,0.9998154175447799,0.9999969813355086,1.1497841849691053,0.013586112586760351
test/geometry/477.json|128,0,14,0.8037659019332118,0.9908300980268524,4.134539747136777,0.4429831803429879
test/geometry/477.json|128,0,15,0.7594510733153462,0.9934704601866579,4.0037415979228985,0.490457874526094
test/geometry/477.json|128,0,16,0.5677321847140352,0.9577903470408116,5.448581481293003,0.6574707714309168
test/geometry/477.json|128,0,17,0.5173776544203992,0.9439211275987462,6.176746776791468,0.6947102601657764
test/geometry/477.json|128,0,18,0.9846884375929313,0.9997694633982182,2.056821280107108,0.12373989820211045
test/geometry/477.json|128,0,19,0.9839782023156185,0.9996282920516185,2.1321779612042113,0.12657723999353715
test/geometry/477.json|128,0,20,0.9999542448423024,0.9999948516383573,1.1064561962518655,0.006764255886463632
test/geometry/477.json|128,0,21,0.9999072848181391,0.9999947082030681,1.1303415242705908,0.009628872304737258
test/geometry/477.json|128,0,22,0.9104017635168137,0.9948775416086593,3.425651020112589,0.2993296451793346
test/geometry/477.json|128,0,23,0.9601215960322133,0.9965470578977164,3.0785245659309193,0.1996957785427292
test/geometry/477.json|128,0,24,0.984318206410499,0.9993250976237436,2.188548089962597,0.12522696829956775
test/geometry/477.json|128,0,25,0.9684429122259401,0.9985216348103021,2.6202769600905262,0.1776431472758233
test/geometry/477.json|128,0,26,0.8118840413771695,0.9839912387035498,4.3696302615132945,0.4337233664708768
test/geometry/477.json|128,0,27,0.6823870690464332,0.9691061101647621,5.156077200018224,0.5635715845867025
test/geometry/477.json|128,0,28,0.6240273658642739,0.9943689163208673,4.358102339243027,0.6131660738623151
test/geometry/477.json|128,0,29,0.803374790384833,0.99745225901332,3.7241966525128447,0.4434244125160082
test/geometry/477.json|128,0,30,0.9906647068544017,0.99975848328601,1.79912400646036,0.0966193207676308
test/geometry/477.json|128,0,31,0.9927792189127376,0.9997388435749531,1.772278351388944,0.08497517924230834
test/geometry/477.json|128,1,0,0.9676719970947946,0.9986997135059456,2.5495705857935107,0.17979989684425693
test/geometry/477.json|128,1,1,0.9655394478479269,0.9991092350134739,2.5914217705085965,0.18563553580086198
test/geometry/477.json|128,1,2,0.8127947093061431,0.9848572486565452,4.26206337635669,0.4326722670727313
test/geometry/477.json|128,1,3,0.8602836951789282,0.99258094853727,3.7944387414692233,0.3737864427999921
test/geometry/477.json|128,1,4,0.9233250833019347,0.9913307188032202,3.8567906345582506,0.2769023595025244
test/geometry/477.json|128,1,5,0.7800979038908442,0.9681080755896725,5.26872597473281,0.4689371984702811
test/geometry/477.json|128,1,6,0.6621811201182844,0.9838148592547109,4.830514961280627,0.5812218852398071
test/geometry/477.json|128,1,7,0.7204327274015334,0.991708673384431,4.296921582255216,0.5287412151501588
test/geometry/477.json|128,1,8,0.8124558078948659,0.9957773457824103,3.6583364213746723,0.4330637275334129
test/geometry/477.json|128,1,9,0.7761011640529766,0.9981007725922857,3.329322409453698,0.4731794965412422
test/geometry/477.json|128,1,10,0.9087123098499656,0.9997433702054063,2.6450993934887004,0.3021385280794794
test/geometry/477.json|128,1,11,0.8895494401118298,0.999416834500034,2.8669131357455258,0.33234102949857125
test/geometry/477.json|128,1,12,0.6551122495201754,0.97290892584487,5.356685686814567,0.5872714453128336
test/geometry/477.json|128,1,13,0.5792317929894502,0.9972395352229083,3.9270516477089474,0.6486664836497642
test/geometry/477.json|128,1,14,0.9560088530498559,0.9977879002182257,2.828216406434065,0.20974066594283536
test/geometry/477.json|128,1,15,0.9459148289774276,0.9945790849137821,3.230169025655788,0.23256218743074372
test/geometry/477.json|128,1,16,0.954394682854507,0.9992799949795108,2.655234872262346,0.21355401458528703
test/geometry/477.json|128,1,17,0.9324243508189496,0.999074668039086,2.7869568502848834,0.2599531672841291
test/geometry/477.json|128,1,18,0.8004979630246913,0.9846043037467269,4.560958077903091,0.446656508936463
test/geometry/477.json|128,1,19,0.6698178799244975,0.9670850286095308,5.236601239173831,0.5746147579687652
test/geometry/477.json|128,1,20,0.8595896483648588,0.9969652384169735,3.37854899941443,0.37471369288450235
test/geometry/477.json|128,1,21,0.759181436548,0.9963205056889314,3.5765556710023563,0.4907326802363992
test/geometry/477.json|128,1,22,0.7423793374882969,0.9953041904945195,4.022309792006221,0.5075634566354271
test/geometry/477.json|128,1,23,0.7451822606820594,0.9584169300975042,5.399989859256898,0.5047947496933191
test/geometry/477.json|128,1,24,0.8719872350395343,0.9877521082672772,4.063071736453264,0.3577887155298021
test/geometry/477.json|128,1,25,0.7700141908472955,0.9971168217148131,3.6604024105225252,0.4795683571220108
test/geometry/477.json|128,1,26,0.9525971580589657,0.9993044121571121,2.4896632549821507,0.21772193720669095
test/geometry/477.json|128,1,27,0.9548687839068895,0.9989885619972999,2.5726593997599956,0.21244108852364355
test/geometry/477.json|128,1,28,0.7543623933896818,0.9801642668087308,4.9150542895502625,0.4956184082641788
test/geometry/477.json|128,1,29,0.9025083308165367,0.9946257237804228,3.528934920876927,0.31223655965223435
test/geometry/477.json|128,1,30,0.771802412653293,0.9766625854303372,4.833043570376782,0.47770031122734996
test/geometry/477.json|128,1,31,0.621474355011056,0.9806001026243972,4.811647578871851,0.6152443782668348
test/geometry/477.json|128,2,0,0.9781526315557257,0.9995658717362879,2.203833986070931,0.14780855335289045
test/geometry/477.json|128,2,1,0.9764647967670594,0.9995600311002165,2.237337863931503,0.15341187448480173
test/geometry/477.json|128,2,2,0.9983017193227663,0.9998163768971378,1.5389360157655965,0.041210201130711006
test/geometry/477.json|128,2,3,0.9998429606871091,0.9999884158983947,1.1797437336500356,0.012531532743080765
test/geometry/477.json|128,2,4,0.9616905477745527,0.9985809928640162,2.6107873116296925,0.19572800572592403
test/geometry/477.json|128,2,5,0.9608809796257327,0.9977835298981205,2.7770921347295494,0.19778528856886016
test/geometry/477.json|128,2,6,0.995218881273491,0.9997108358734773,1.7305730834042776,0.06914563418256421
test/geometry/477.json|128,2,7,0.9976780837224962,0.9999219255651689,1.511815314569271,0.048186266482305694
test/geometry/477.json|128,2,8,0.8807541730778408,0.9924565129046445,3.805382843432889,0.34531989071317515
test/geometry/477.json|128,2,9,0.8953115018569812,0.9972319357203484,3.2095153137121564,0.3235560201001039
test/geometry/477.json|128,2,10,0.881701227513123,0.9936271982799674,3.4098327113935523,0.34394588598626535
test/geometry/477.json|128,2,11,0.9856874222051943,0.9995774209797772,1.9600875292386952,0.1196351862739623
test/geometry/477.json|128,2,12,0.9555312302798352,0.9985257064201258,2.733834595507068,0.2108761952430022
test/geometry/477.json|128,2,13,0.7092636634334089,0.9924795437092991,3.968067534801197,0.5391997186262166
test/geometry/477.json|128,2,14,0.985256554227368,0.999586162400048,2.0900876067599623,0.12142259168965214
test/geometry/477.json|128,2,15,0.9628431585881059,0.9989785192071211,2.4571621389624725,0.19276109932217683
test/geometry/477.json|128,2,16,0.6440088025595698,0.9913746572440241,4.0509977668721415,0.5966499789997736
test/geometry/477.json|128,2,17,0.6540458503525394,0.9794602077091581,4.764623971713609,0.5881786715339656
test/geometry/477.json|128,2,18,0.7592122432245295,0.9972958900209201,3.6240983417720254,0.4907012907823562
test/geometry/477.json|128,2,19,0.783346370434792,0.9978618174224193,3.230913829453178,0.4654606638215607
test/geometry/477.json|128,2,20,0.7902033080815225,0.995725690573222,3.8978857616688547,0.45803568847686693
test/geometry/477.json|128,2,21,0.9501559947651481,0.9927972068053075,3.355842632504019,0.22325771035924355
test/geometry/477.json|128,2,22,0.9112403508256144,0.9966855996149883,3.347414629063653,0.2979255765696957
test/geometry/477.json|128,2,23,0.8548785913365456,0.9938975913102583,3.8871945874903635,0.38094803932223403
test/geometry/477.json|128,2,24,0.9899703052187209,0.9999652538292076,1.618920369641606,0.10014836384723981
test/geometry/477.json|128,2,25,0.6989739997007216,0.9999244246393814,2.2767187234309065,0.5486583639199155
test/geometry/477.json|128,2,26,0.947765871596477,0.9953104841774378,3.221375324434358,0.2285478689542369
test/geometry/477.json|128,2,27,0.7746686886616863,0.9977903607580666,3.281990108593768,0.4746907533735134
test/geometry/477.json|128,2,28,0.9858136940625458,0.999682731576116,2.00479031549144,0.1191062800084621
test/geometry/477.json|128,2,29,0.9966367982642931,0.9999359311157897,1.5444904064664788,0.05799311800297448
test/geometry/477.json|128,2,30,0.9850782534139647,0.999781437980353,1.8108528499737346,0.12215460116604404
test/geometry/477.json|128,2,31,0.959132090285501,0.9999508328718693,1.9356434224951284,0.2021581304684505
test/geometry/477.json|128,4,0,0.8141300180543476,0.9964736686515477,3.7036154180548495,0.4311264106334155
test/geometry/477.json|128,4,1,0.7283500244912553,0.9973527520199341,3.9435643639137288,0.5212005137264781
test/geometry/477.json|128,4,2,0.7254098528025176,0.9932250722174512,4.271611178460948,0.5240134990603605
test/geometry/477.json|128,4,3,0.72413795318129,0.9934893652520044,4.099477250072208,0.5252257103557574
test/geometry/477.json|128,4,4,0.9307925241337724,0.9952188091479819,3.310422957740627,0.26307313786517156
test/geometry/477.json|128,4,5,0.96397047214334,0.9967447951314897,2.9249000445953777,0.1898144563953442
test/geometry/477.json|128,4,6,0.9804300812223599,0.9998452815221148,1.8202195421563567,0.13989252581049547
test/geometry/477.json|128,4,7,0.8820606004876118,0.9986781554163408,3.2493000930252456,0.3434230619984456
test/geometry/477.json|128,4,8,0.8993913305868361,0.9996364282351337,2.659539031978124,0.3171886968559314
test/geometry/477.json|128,4,9,0.9546122519167441,0.999784425536968,2.106168132365845,0.2130440050394656
test/geometry/477.json|128,4,10,0.9995106377583816,0.9999895418553203,1.250599799410999,0.02212153343731941
test/geometry/477.json|128,4,11,0.9933380299272002,0.9999718046852265,1.519583461827258,0.08162089237933988
test/geometry/477.json|128,4,12,0.8785217050009003,0.998083270344496,3.03130883181083,0.34853736528398166
test/geometry/477.json|128,4,13,0.9664991282052541,0.9955409469801654,2.978890945911567,0.18303243372349592
test/geometry/477.json|128,4,14,0.7921087678859288,0.9939172405449177,3.906211199836268,0.455950909763399
test/geometry/477.json|128,4,15,0.7138275678439454,0.9952211655231098,3.987683715163056,0.5349508689179359
test/geometry/477.json|128,4,16,0.9074970156415001,0.9958883585078816,3.3033137876298593,0.30414303273049
test/geometry/477.json|128,4,17,0.8244040732602185,0.9985779386954766,3.435236585491064,0.41904167661436914
test/geometry/477.json|128,4,18,0.998814246372014,0.9999747293026973,1.3243607145902052,0.03443477352889094
test/geometry/477.json|128,4,19,0.9985820328248245,0.9999121945177065,1.4238598408264131,0.03765590491776164
test/geometry/477.json|128,4,20,0.927574218612986,0.9999722377364283,2.0141129227514547,0.2691203845624
test/geometry/477.json|128,4,21,0.9685843810303146,0.9999040391217675,2.1083864158105436,0.17724451746016115
test/geometry/477.json|128,4,22,0.7486346869222759,0.9974273320199992,3.77166367853051,0.5013634540707211
test/geometry/477.json|128,4,23,0.7582361692110606,0.9956522135575822,4.105347264014923,0.4916948553614725
test/geometry/477.json|128,4,24,0.9281795232069954,0.9982509113453941,3.079130156885932,0.2679934267720099
test/geometry/477.json|128,4,25,0.9126609064723817,0.9976256999988009,3.0757147153800783,0.2955318824215388
test/geometry/477.json|128,4,26,0.9720837943199552,0.9989690513212703,2.4863722392502483,0.16708143427695618
test/geometry/477.json|128,4,27,0.9640861272325403,0.999392718926573,2.468760362053434,0.18950955851212287
test/geometry/477.json|128,4,28,0.8725522367778829,0.9999348641927929,2.252868518547508,0.35699826781388894
test/geometry/477.json|128,4,29,0.952958557291361,0.9999324766977272,2.0929296877585646,0.21689039330647858
test/geometry/477.json|128,4,30,0.7134796540838338,0.9917638848727214,4.153787829685922,0.5352759530524103
test/geometry/477.json|128,4,31,0.6570443705489655,0.9847264438182335,4.943558437890625,0.585624136670471
test/geometry/477.json|128,5,0,0.9952895196663972,0.9999715633634316,1.5188097926021376,0.06863293912985785
test/geometry/477.json|128,5,1,0.9982855869933034,0.9998740317003425,1.4728458494064454,0.041405470733909225
test/geometry/477.json|128,5,2,0.6037675413081657,0.9911041691507974,4.88016529149718,0.6294699823596311
test/geometry/477.json|128,5,3,0.655468344067043,0.9875985711020013,4.686220876511239,0.5869681898816639
test/geometry/477.json|128,5,4,0.9718460389982299,0.9997953126046807,2.2062676986906835,0.16779142112089684
test/geometry/477.json|128,5,5,0.9571669630113403,0.9996009875006571,2.340345117705692,0.20696143840981512
test/geometry/477.json|128,5,6,0.8200690909021391,0.9804225365575754,4.556631124028508,0.42418263648794124
test/geometry/477.json|128,5,7,0.8196559268164013,0.9842454243568932,4.561697581505454,0.4246693692551874
test/geometry/477.json|128,5,8,0.6987483774904221,0.9679244079685975,5.173804674406764,0.5488639380662369
test/geometry/477.json|128,5,9,0.7513436793705082,0.9744232049396299,5.145592072821982,0.4986545102869238
test/geometry/477.json|128,5,10,0.6498042522450074,0.9988632410783034,3.631786181937436,0.5917733922330343
test/geometry/477.json|128,5,11,0.7390616686997493,0.9853506417480385,4.323870822608861,0.5108212322332057
test/geometry/477.json|128,5,12,0.9216573491964697,0.9951739446464885,3.421692533929173,0.2798975719857718
test/geometry/477.json|128,5,13,0.9122332935719173,0.9880419008342954,3.85000220463504,0.29625446229227115
test/geometry/477.json|128,5,14,0.8996878080645695,0.9991873820561293,3.1947270251504243,0.3167210001490752
test/geometry/477.json|128,5,15,0.8840231783477318,0.9986122448124553,3.373339766199498,0.3405536986324891
test/geometry/477.json|128,5,16,0.855515369181642,0.9962210748324474,3.6209472174071884,0.3801113400286264
test/geometry/477.json|128,5,17,0.9110789409802089,0.9982206054496235,3.112590229412285,0.29819634306911125
test/geometry/477.json|128,5,18,0.912473481445936,0.9975945716496831,3.350296559777799,0.29584881029685417
test/geometry/477.json|128,5,19,0.9298390617589507,0.9971030959567565,3.2650894001199724,0.26487910117834756
test/geometry/477.json|128,5,20,0.8051455781461646,0.9881238712432586,4.27962406509943,0.4414231777487849
test/geometry/477.json|128,5,21,0.7673489612333406,0.9922063766531638,4.21994694033405,0.48233913252675176
test/geometry/477.json|128,5,22,0.9870751822235655,0.9994990147457161,2.074882514232158,0.11368736858787129
test/geometry/477.json|128,5,23,0.9855202779499813,0.9997136022048404,2.0347259124872275,0.12033171672513729
test/geometry/477.json|128,5,24,0.8555120513366916,0.9870910583809541,4.353097501370943,0.38011570431029074
test/geometry/477.json|128,5,25,0.8047498836011825,0.9809321891136763,4.628004174965158,0.44187115361699897
test/geometry/477.json|128,5,26,0.9203638172964886,0.9985308264272864,2.9837859135830285,0.28219883540424356
test/geometry/477.json|128,5,27,0.8747201541760277,0.9989435649090141,3.043564497985565,0.3539489310959596
test/geometry/477.json|128,5,28,0.8596257972116594,0.9888600726114019,4.13613352087996,0.3746654544901899
test/geometry/477.json|128,5,29,0.8801449213691379,0.9923331019384456,3.9806312055356043,0.346200922342593
test/geometry/477.json|128,5,30,0.977940421421854,0.9984771539197994,2.556404685040164,0.14852467329755686
test/geometry/477.json|128,5,31,0.9697694615744161,0.997756333901261,2.749157125636277,0.17386931421496973
test/geometry/477.json|128,6,0,0.8140945201984875,0.9716785029501559,4.8554445141075515,0.43116757740061173
test/geometry/477.json|128,6,1,0.8097814875295984,0.9727209603370357,4.885300287040757,0.4361404733229898
test/geometry/477.json|128,6,2,0.9288728260949046,0.9968857732012111,3.265220183679048,0.2666967827048076
test/geometry/477.json|128,6,3,0.9816974386880691,0.9983776881997745,2.400832972872146,0.13528695913476238
test/geometry/477.json|128,6,4,0.977430630127326,0.9986626766158446,2.5422073805383185,0.15023105495427366
test/geometry/477.json|128,6,5,0.9725858011918826,0.9986433732647906,2.597344685445043,0.16557233708599198
test/geometry/477.json|128,6,6,0.8634542125966298,0.9980341540660742,3.2855456998146026,0.3695210243049375
test/geometry/477.json|128,6,7,0.9072793627257316,0.9986589002952871,3.0330948383609044,0.30450063591767484
test/geometry/477.json|128,6,8,0.946386585173243,0.9944330045054486,3.2862002415116067,0.23154570785647693
test/geometry/477.json|128,6,9,0.932376570660164,0.9932016707716124,3.368421643713682,0.26004505251943555
test/geometry/477.json|128,6,10,0.9179675029813108,0.9870713695040941,3.9617632670995304,0.28641315790076616
test/geometry/477.json|128,6,11,0.9338792627151106,0.9937197821401527,3.557484936913341,0.2571395288260625
test/geometry/477.json|128,6,12,0.883927106917746,0.9887061744825392,3.9390942774419995,0.34069472124213196
test/geometry/477.json|128,6,13,0.9184386456760837,0.9919417661129284,3.6978084401715368,0.285589485667656
test/geometry/477.json|128,6,14,0.9963444793952622,0.9997157014522609,1.6848659698304531,0.06046090145488933
test/geometry/477.json|128,6,15,0.9972513180066795,0.9997820639049206,1.6193936028780145,0.052427874201806585
test/geometry/477.json|128,6,16,0.858434368191056,0.9823332180367019,4.383655569904769,0.37625208545461114
test/geometry/477.json|128,6,17,0.9054340818012341,0.9879610094376742,4.064552197720982,0.3075157202465687
test/geometry/477.json|128,6,18,0.9927425045673015,0.9998678220284514,1.7257367460406159,0.0851909351556754
test/geometry/477.json|128,6,19,0.9645606008541554,0.9989417112561976,2.605600685451808,0.18825355015469056
test/geometry/477.json|128,6,20,0.9400699212949338,0.9991450312608847,2.834262221253063,0.24480620642676967
test/geometry/477.json|128,6,21,0.9745061431003055,0.9998291241199674,1.9961778768956877,0.1596679582749605
test/geometry/477.json|128,6,22,0.9421102428228654,0.9993489189142897,2.840683277310699,0.24060290350936048
test/geometry/477.json|128,6,23,0.8978276405466838,0.9989593574534943,3.2148386849346693,0.31964411374733015
test/geometry/477.json|128,6,24,0.8290785017742462,0.9993807685500974,2.9973587105986628,0.4134265330451757
test/geometry/477.json|128,6,25,0.9793661717095102,0.9997060984744108,2.1305724315109744,0.14364479903738167
test/geometry/477.json|128,6,26,0.9643202517895099,0.9989463493090207,2.3747382895682825,0.18889083675628665
test/geometry/477.json|128,6,27,0.9670411922209985,0.9996179487890814,2.272472605307081,0.18154560798598657
test/geometry/477.json|128,6,28,0.8984391566477398,0.9924471362034644,3.6568112347090067,0.31868612042613376
test/geometry/477.json|128,6,29,0.9249088759825467,0.9973573422187272,3.178701191300056,0.27402759718220593
test/geometry/477.json|128,6,30,0.9666943152200683,0.9996871512275933,2.353072429233935,0.1824984514452977
test/geometry/477.json|128,6,31,0.8843763499230609,0.9986068746873552,2.9296490172919487,0.34003477774624624
test/geometry/477.json|128,8,0,0.7443380497082761,0.9893986536563374,4.187373103874432,0.5056302505702402
test/geometry/477.json|128,8,1,0.725392476162236,0.9965789264998817,3.5867755656586726,0.5240300791345512
test/geometry/477.json|128,8,2,0.7188461425576542,0.9771753703067324,5.1103951332874535,0.530239434069502
test/geometry/477.json|128,8,3,0.6512113889369512,0.9761091703758319,5.051316054571462,0.5905832803788547
test/geometry/477.json|128,8,4,0.8406475912387256,0.9931442484802752,3.8899096087088223,0.3991896901991263
test/geometry/477.json|128,8,5,0.9011344294635394,0.9945426348686089,3.5949845888065814,0.3144289594430841
test/geometry/477.json|128,8,6,0.9482117230251831,0.9976337907139419,3.025439166969944,0.2275703780697675
test/geometry/477.json|128,8,7,0.8267761805662607,0.9986389445557782,3.398625713876218,0.4162016571732257
test/geometry/477.json|128,8,8,0.9874303501516457,0.99851103124949,2.3589853829116287,0.1121144497750147
test/geometry/477.json|128,8,9,0.903065139126453,0.992376240487335,3.8680173995759275,0.31134363792046077
test/geometry/477.json|128,8,10,0.9429079637684541,0.9984263746183052,2.7695820583274986,0.23893939865904473
test/geometry/477.json|128,8,11,0.9278065581897448,0.9985687947850721,2.924663303677736,0.26868837304627685
test/geometry/477.json|128,8,12,0.9520160445233788,0.9988088104289402,2.6774810715789976,0.21905240349428068
test/geometry/477.json|128,8,13,0.9738764258748158,0.9994060764322937,2.437146225260299,0.1616278878324659
test/geometry/477.json|128,8,14,0.9830434613430414,0.9993010638898454,2.1123616958311007,0.13021727480238005
test/geometry/477.json|128,8,15,0.9350885673936491,0.9995949445594275,2.4663768072745205,0.25477722152176574
test/geometry/477.json|128,8,16,0.9175947857614866,0.9994553685854802,2.9676406506177724,0.2870630840747612
test/geometry/477.json|128,8,17,0.9357410306994127,0.9992766962374445,2.9267730301573636,0.25349352910989126
test/geometry/477.json|128,8,18,0.9818712741022698,0.9998701535788552,2.0210509176498945,0.13464295710407648
test/geometry/477.json|128,8,19,0.9543501605002785,0.9997838766781533,2.310744101172276,0.21365823059204028
test/geometry/477.json|128,8,20,0.9999463674805469,1.0,1.0657860524604972,0.007323422659734812
test/geometry/477.json|128,8,21,0.9999386273528547,0.9999998817482714,1.0778068839052224,0.007834069641338485
test/geometry/477.json|128,8,22,0.896664435396366,0.9891269061151792,3.8032622279843715,0.32145849592697656
test/geometry/477.json|128,8,23,0.8564197160711267,0.9865628878075071,3.942428742889696,0.37891989117605496
test/geometry/477.json|128,8,24,0.9118459325933691,0.9982221519365072,3.2633554563240366,0.2969075064841421
test/geometry/477.json|128,8,25,0.8186430836906387,0.990977859632865,4.240410444718008,0.42586020747348696
test/geometry/477.json|128,8,26,0.7280299913228911,0.9945031556354991,4.1299024193232885,0.521507438755296
test/geometry/477.json|128,8,27,0.9360518345926189,0.9972417879754839,3.068619727852777,0.25287974495277615
test/geometry/477.json|128,8,28,0.9630914753697968,0.9975961644789286,2.6329820371111414,0.19211591456775054
test/geometry/477.json|128,8,29,0.9709903868372528,0.9984863224667977,2.5059470335343605,0.17032208653826195
test/geometry/477.json|128,8,30,0.9962690763176794,0.9996892674208007,1.7197288796585595,0.06108128749724126
test/geometry/477.json|128,8,31,0.9548240798458618,0.9963321338509052,3.1262219316115623,0.2125462776765055
test/geometry/477.json|128,9,0,0.959328500276104,0.9960920992408153,3.018272689092293,0.20167176233646608
test/geometry/477.json|128,9,1,0.9510693097132595,0.9979318286496032,2.959472388742464,0.22120282612738126
test/geometry/477.json|128,9,2,0.9056587917653419,0.9860340569463315,3.9641929426493885,0.30715013956477066
test/geometry/477.json|128,9,3,0.9273121035379589,0.9892730878048704,3.809545877351558,0.2696069295512285
test/geometry/477.json|128,9,4,0.9578918666279365,0.9986482297020741,2.727074057002467,0.20520266414465368
test/geometry/477.json|128,9,5,0.9748625300791348,0.9982993470079916,2.534816941003928,0.15854800509897685
test/geometry/477.json|128,9,6,0.7862222952856793,0.9871287131861133,4.464827600462353,0.4623610112394001
test/geometry/477.json|128,9,7,0.7476196316676131,0.9890135010666272,4.373834387149217,0.5023747289945891
test/geometry/477.json|128,9,8,0.8570673979864775,0.9934617189452861,3.6726836411652077,0.37806428291167965
test/geometry/477.json|128,9,9,0.9696557494919599,0.9971826208769478,2.857147192227177,0.17419601174550503
test/geometry/477.json|128,9,10,0.7197383843362473,0.9720590210224864,4.976992212074861,0.5293974080629341
test/geometry/477.json|128,9,11,0.7498652675752353,0.9836450064781667,4.595542263651748,0.5001347142768283
test/geometry/477.json|128,9,12,0.8955954369308984,0.9979842904130863,2.8446928435647005,0.3231169495230815
test/geometry/477.json|128,9,13,0.9678009438917774,0.9990212275412408,2.487900199086058,0.1794409543783765
test/geometry/477.json|128,9,14,0.9999419477965561,0.9999963717372847,1.1042485678248593,0.007619199659012979
test/geometry/477.json|128,9,15,0.9996670255172152,0.9999787821138195,1.231328744897601,0.018247588410110472
test/geometry/477.json|128,9,16,0.8280221910461268,0.9781164333159609,4.733895967064258,0.41470207252179625
test/geometry/477.json|128,9,17,0.8176264344026185,0.9856432140860577,4.647936350672797,0.4270521813518595
test/geometry/477.json|128,9,18,0.9933518478075557,0.9997594085520279,1.8558055411033092,0.08153620172931961
test/geometry/477.json|128,9,19,0.9976181758444838,0.9999018850845028,1.5309893165355246,0.04880393586091437
test/geometry/477.json|128,9,20,0.9925393014726319,0.9998754540029345,1.7192822259850857,0.08637533517948327
test/geometry/477.json|128,9,21,0.9850556255020515,0.9999247674329115,1.8960076166537645,0.12224718605329327
test/geometry/477.json|128,9,22,0.8831452306742416,0.9881467162044038,4.276055887330463,0.3418402687305263
test/geometry/477.json|128,9,23,0.7831548750383194,0.9845342454702399,4.727922415374181,0.4656663236284976
test/geometry/477.json|128,9,24,0.876019648694252,0.9957909852505166,3.664203716998321,0.35210843685681265
test/geometry/477.json|128,9,25,0.8529175021914962,0.9946036268196736,3.6851330334018706,0.38351336066492364
test/geometry/477.json|128,9,26,0.9203869703152788,0.9956566028291435,3.534403811054713,0.28215780989496136
test/geometry/477.json|128,9,27,0.7849048396997559,0.9963043757178793,3.795869738449744,0.463783527413646
test/geometry/477.json|128,9,28,0.9766776533520111,0.9966667500495334,2.8113537639976456,0.15271655656145777
test/geometry/477.json|128,9,29,0.9773593352348241,0.9974115550427921,2.6969889364558446,0.1504681519962809
test/geometry/477.json|128,9,30,0.9796418148037205,0.9999090690341205,2.050981017801862,0.14268211239072515
test/geometry/477.json|128,9,31,0.9529420133365147,0.9998674014376585,2.1918917968395193,0.21692852892942704
test/geometry/477.json|128,10,0,0.7964298656797241,0.9825261410275248,4.562650412870803,0.45118747136891546
test/geometry/477.json|128,10,1,0.7700056245898629,0.9814166087246942,4.743166724696752,0.47957728825512275
test/geometry/477.json|128,10,2,0.8601050672313417,0.9839851988367381,4.57635192052635,0.37402531033161146
test/geometry/477.json|128,10,3,0.8520972566956556,0.9721155412289129,4.899382527390533,0.38458125708924557
test/geometry/477.json|128,10,4,0.9440253611610536,0.9968826541792517,3.1534139529799194,0.23658960002279555
test/geometry/477.json|128,10,5,0.893001298772137,0.9968388190854148,3.318769693669225,0.32710655943876
test/geometry/477.json|128,10,6,0.9270890610641396,0.997807947643667,3.0195268740044234,0.27002025652876566
test/geometry/477.json|128,10,7,0.9532680985966502,0.9984543106976995,2.7819446724427874,0.21617562629341408
test/geometry/477.json|128,10,8,0.8221170573476625,0.9996290430458639,2.813686296490391,0.42176171311812727
test/geometry/477.json|128,10,9,0.9659949542471118,0.9997743332345412,2.1414140544654447,0.18440457085682072
test/geometry/477.json|128,10,10,0.9786223725432208,0.9999740675813649,1.6583376497367317,0.14621090060860434
test/geometry/477.json|128,10,11,0.9444884235993133,0.9999773032800134,1.8195938589830885,0.23560894804885216
test/geometry/477.json|128,10,12,0.9989620157883636,0.9999763060090973,1.2830394459356087,0.0322177623623424
test/geometry/477.json|128,10,13,0.9998962922565869,0.9999978642863259,1.1068519253546727,0.01018369988820673
test/geometry/477.json|128,10,14,0.9864111744317673,0.9989122651195107,2.276437292782174,0.11657111807061263
test/geometry/477.json|128,10,15,0.9916472366789844,0.998465748761514,2.166863778945696,0.0913934533816052
test/geometry/477.json|128,10,16,0.8804990202149462,0.998305724385753,3.173700969236613,0.3456891374993634
test/geometry/477.json|128,10,17,0.9536242104473028,0.9993690451275581,2.6939437432860145,0.21535038786289
test/geometry/477.json|128,10,18,0.8886344709033875,0.9926604643103923,3.8080738617986243,0.33371474210261143
test/geometry/477.json|128,10,19,0.8600826653016508,0.993261121829986,3.859539170725763,0.3740552562100274
test/geometry/477.json|128,10,20,0.9835557251044804,0.9993618089046542,2.231002585000932,0.12823523266060535
test/geometry/477.json|128,10,21,0.9893065412637295,0.9997381441082094,1.9977956092620668,0.10340918110240734
test/geometry/477.json|128,10,22,0.9948329838704993,0.9999879555308416,1.4929058278983378,0.07188195969435347
test/geometry/477.json|128,10,23,0.9954973192924056,0.9999908673026909,1.4580433585003991,0.06710201716486926
test/geometry/477.json|128,10,24,0.9582868432848244,0.999469164361557,2.3891971155127925,0.20423799038174953
test/geometry/477.json|128,10,25,0.9513828669598356,0.9993471346110366,2.4147749684327415,0.22049293195058284
test/geometry/477.json|128,10,26,0.9799829253820598,0.999166208565707,2.2791837450782557,0.14148171124898165
test/geometry/477.json|128,10,27,0.9854419220735052,0.9994109438289116,2.127790076966863,0.12065686025458632
test/geometry/477.json|128,10,28,0.9954264287690441,0.9997251362351126,1.7711646639687695,0.06762818370292019
test/geometry/477.json|128,10,29,0.9928179889028546,0.9996486574143745,1.869641659549209,0.08474674682337634
test/geometry/477.json|128,10,30,0.906661611673955,0.98810667607894,4.035749952562858,0.30551331939220755
test/geometry/477.json|128,10,31,0.8989096994368498,0.9877779391684078,4.007255465993297,0.31794700904891393
test/geometry/477.json|128,12,0,0.9894430114211652,0.9997969893786617,1.8946184312720984,0.10274720715832038
test/geometry/477.json|128,12,1,0.9833064344343224,0.999902744154154,1.9667075409584729,0.1292035818608663
test/geometry/477.json|128,12,2,0.9168140086344951,0.9994402178648986,2.726523080778695,0.28841981791393057
test/geometry/477.json|128,12,3,0.9291138487123055,0.9988875362708551,2.8897044958638727,0.2662445328785072
test/geometry/477.json|128,12,4,0.992079590378157,0.9998392344060893,1.7464760656078944,0.0889966832069771
test/geometry/477.json|128,12,5,0.9971007259872345,0.9999138829501159,1.5453636468541432,0.05384490702717818
test/geometry/477.json|128,12,6,0.9851410110156378,0.9991853264354141,2.248882413612393,0.12189745273943267
test/geometry/477.json|128,12,7,0.9873081718495083,0.9991469141572372,2.1848069224275735,0.11265801414232254
test/geometry/477.json|128,12,8,0.9767715057516889,0.9993041959413497,2.284994921844513,0.15240897036694095
test/geometry/477.json|128,12,9,0.9091262588100685,0.9988284600671583,2.6882156706944325,0.30145271800057055
test/geometry/477.json|128,12,10,0.9937243574557194,0.9999780241604844,1.493734678038829,0.07921895318849266
test/geometry/477.json|128,12,11,0.9926758074965769,0.999967893321176,1.5075153866388562,0.0855814962677277
test/geometry/477.json|128,12,12,0.9153641932264688,0.9956210592602801,3.3715326606086147,0.2909223380449346
test/geometry/477.json|128,12,13,0.8485968788239101,0.9924481313021699,4.02705625107515,0.38910553989385693
test/geometry/477.json|128,12,14,0.9825862045351345,0.999491202988164,2.1995781366297864,0.1319613407967104
test/geometry/477.json|128,12,15,0.984944794355456,0.9998392589741996,2.0221598521650606,0.12269965625275399
test/geometry/477.json|128,12,16,0.950124871348773,0.990437949394199,3.5447056594492623,0.22332740237424292
test/geometry/477.json|128,12,17,0.9255151368063026,0.9876555137999494,3.9364791345085477,0.2729191513868116
test/geometry/477.json|128,12,18,0.9984829439025468,0.999910622905607,1.4496146705951871,0.038949404327322246
test/geometry/477.json|128,12,19,0.997802213256123,0.9997740656476531,1.6152950583941588,0.046880558271815094
test/geometry/477.json|128,12,20,0.9981637213727914,0.9997361762169279,1.5719346703889785,0.04285182174900604
test/geometry/477.json|128,12,21,0.9985865853184859,0.9997116163170428,1.5316451174762784,0.037595407718418544
test/geometry/477.json|128,12,22,0.9145927687807365,0.9994416248077462,2.6587592235990125,0.2922451560236089
test/geometry/477.json|128,12,23,0.936610564911836,0.9994169795914115,2.495609875160278,0.25177258605369246
test/geometry/477.json|128,12,24,0.8789358865647812,0.994561268398943,3.8706738069863196,0.3479426869977566
test/geometry/477.json|128,12,25,0.8863568646662923,0.9946059451718939,3.86701278530154,0.33710997513231156
test/geometry/477.json|128,12,26,0.9333350978852681,0.994789593898588,3.4131365848270323,0.2581954726844215
test/geometry/477.json|128,12,27,0.95843319153747,0.9951167606532004,3.2198480635254487,0.2038793968564014
test/geometry/477.json|128,12,28,0.6164922220778327,0.9860855074568678,4.687763538341174,0.6192800480575548
test/geometry/477.json|128,12,29,0.8057799075327514,0.9789321365909336,4.571705703161746,0.4407040871914493
test/geometry/477.json|128,12,30,0.9935739416051942,0.9998509710827029,1.654844211647391,0.08016269952294404
test/geometry/477.json|128,12,31,0.9862786655339518,0.9996052569175163,2.0271626064096724,0.11713809997625954
test/geometry/477.json|128,13,0,0.994723024090996,0.9999044647256047,1.6204034556550722,0.07264279667664235
test/geometry/477.json|128,13,1,0.9961098259719964,0.9997391493319169,1.7212969801938545,0.062371259631368865
test/geometry/477.json|128,13,2,0.9520964215150911,0.9971329954337829,3.1075498945631232,0.21886886138715322
test/geometry/477.json|128,13,3,0.9597963521415139,0.9963238550640218,3.022669120924483,0.20050847328351504
test/geometry/477.json|128,13,4,0.8751664495842795,0.9849327500463614,4.234531052793549,0.35331791691863085
test/geometry/477.json|128,13,5,0.8610236234278758,0.990415457483345,4.115723795395684,0.37279535481564713
test/geometry/477.json|128,13,6,0.9948444592101262,0.9996523197036219,1.7909108278479655,0.07180209460645136
test/geometry/477.json|128,13,7,0.9948725531060356,0.9997679858839401,1.766629402325863,0.07160619312576519
test/geometry/477.json|128,13,8,0.8880770526098425,0.994101581417302,3.7495013151427368,0.3345488714525241
test/geometry/477.json|128,13,9,0.8638842349107517,0.9933053078284039,3.8665656568220292,0.36893870099143605
test/geometry/477.json|128,13,10,0.9755486132095449,0.9985997187636068,2.528583672519831,0.15636939211512946
test/geometry/477.json|128,13,11,0.9788614948148352,0.998882263018,2.430457531118852,0.14539087036387396
test/geometry/477.json|128,13,12,0.9907361083868811,0.9997258771303891,1.8138370171608371,0.09624911227184858
test/geometry/477.json|128,13,13,0.9922429206164294,0.9998178699162159,1.777782171286358,0.08807428332703378
test/geometry/477.json|128,13,14,0.9271831198496483,0.9993944218339047,2.798433753525404,0.26984603045135147
test/geometry/477.json|128,13,15,0.9607719898710481,0.9991094288325723,2.5881941618424196,0.19806062235828692
test/geometry/477.json|128,13,16,0.9981424809972019,0.9997775914958352,1.545215723907164,0.04309894433507704
test/geometry/477.json|128,13,17,0.9972720276737544,0.9998873179829587,1.5877044233905775,0.05222999450742412
test/geometry/477.json|128,13,18,0.964558971368819,0.999061567120816,2.630208678693593,0.18825787800562566
test/geometry/477.json|128,13,19,0.965834179891791,0.9994886034419186,2.384513665395498,0.18483998514447303
test/geometry/477.json|128,13,20,0.9885811088860713,0.9997011809612852,1.888001474854667,0.10685921164751631
test/geometry/477.json|128,13,21,0.988596852199484,0.9998050623998478,1.902674179965157,0.10678552242938173
test/geometry/477.json|128,13,22,0.9494999924090871,0.9958898126445923,3.274915841412051,0.22472206743200118
test/geometry/477.json|128,13,23,0.9431211311077229,0.9939996442339797,3.421481249529026,0.23849291161851563
test/geometry/477.json|128,13,24,0.9985473563720624,0.9999813371617808,1.3379878377424252,0.038113562257254596
test/geometry/477.json|128,13,25,0.9991977511604637,0.9999311328914819,1.3444932014497992,0.028323997591023043
test/geometry/477.json|128,13,26,0.9889781750926628,0.9995897270279281,1.9485542242833576,0.10498487942240617
test/geometry/477.json|128,13,27,0.9835728875366819,0.9996459498809904,1.9824883838218028,0.12816829741912808
test/geometry/477.json|128,13,28,0.942749835352898,0.9955917134895717,3.1863682336625527,0.23927006634157558
test/geometry/477.json|128,13,29,0.9518375299470493,0.9978415963139428,2.9935671612489805,0.21945949524445443
test/geometry/477.json|128,13,30,0.9706994336433492,0.99971762958246,2.3009544500557406,0.1711740820236837
test/geometry/477.json|128,13,31,0.9461348388970605,0.9995623475875012,2.748189196221351,0.23208869232028406
test/geometry/477.json|128,14,0,0.9864604067764898,0.9995454483217486,2.0251019610572274,0.11635975774944778
test/geometry/477.json|128,14,1,0.9841252357206126,0.9991805353829291,2.1575436387207207,0.12599509625135175
test/geometry/477.json|128,14,2,0.9268853072814773,0.9979022440499373,3.127690614793555,0.2703972868179758
test/geometry/477.json|128,14,3,0.9596394064059001,0.9989827674585813,2.563293159836082,0.2008994614081878
test/geometry/477.json|128,14,4,0.9982110970199487,0.9999376121781028,1.4057524134120962,0.042295425048712997
test/geometry/477.json|128,14,5,0.9946128384152514,0.9998282805078615,1.6661107644619433,0.07339728594947235
test/geometry/477.json|128,14,6,0.9031076913611331,0.9895957236832585,3.9721741440803915,0.3112752939744285
test/geometry/477.json|128,14,7,0.9256288400524463,0.9957522031251038,3.4855862315810935,0.2727107624344036
test/geometry/477.json|128,14,8,0.983871806919356,0.9984463024856769,2.3740142535356576,0.12699682311240681
test/geometry/477.json|128,14,9,0.9167655097279497,0.9968242481571307,3.4416489703859288,0.2885038825944121
test/geometry/477.json|128,14,10,0.9995728322966422,0.9999381196167115,1.3016167095674533,0.020668035788575134
test/geometry/477.json|128,14,11,0.999575472874399,0.9999474866212932,1.2814548094857632,0.020604056047318388
test/geometry/477.json|128,14,12,0.9669465451417308,0.9956167540203475,2.972561780243709,0.18180609136733886
test/geometry/477.json|128,14,13,0.9281705915775219,0.9933699170241231,3.4466994840799035,0.26801009015049804
test/geometry/477.json|128,14,14,0.9970020428030069,0.9996398645515809,1.6882207162846243,0.05475360442010315
test/geometry/477.json|128,14,15,0.9955218810620136,0.9994009776869687,1.8441462613758208,0.06691874877780099
test/geometry/477.json|128,14,16,0.9553402274383678,0.9973500533406842,3.030466979530355,0.21132858907784396
test/geometry/477.json|128,14,17,0.9735988737021899,0.9981686404495743,2.65207621382118,0.16248423399767162
test/geometry/477.json|128,14,18,0.9915101865189939,0.9993930537671061,1.915000354537706,0.09214018385593813
test/geometry/477.json|128,14,19,0.9806836276965947,0.9986440139724798,2.3547626765038614,0.13898335261248135
test/geometry/477.json|128,14,20,0.9890516059493292,0.9999547532155603,1.764637315539482,0.10463457387819204
test/geometry/477.json|128,14,21,0.9995313882708199,0.9999928565285185,1.234661487155186,0.021647441631290124
test/geometry/477.json|128,14,22,0.8554917009358864,0.9872285479653944,4.227640654401865,0.38014247206029683
test/geometry/477.json|128,14,23,0.8755447516413556,0.9953390729461576,3.8045219378325066,0.3527821542519468
test/geometry/477.json|128,14,24,0.9467652378785447,0.9986676181369458,2.886615476931556,0.2307265960427087
test/geometry/477.json|128,14,25,0.9256036869686827,0.9991841523140579,2.946318756291728,0.27275687531447734
test/geometry/477.json|128,14,26,0.9010291042247002,0.9935941775018805,3.5480822681129287,0.3145964014023362
test/geometry/477.json|128,14,27,0.8743381402762136,0.9939378238103013,3.7910988332005884,0.354488165844484
test/geometry/477.json|128,14,28,0.9935566261796591,0.9996024194950781,1.8577994446506632,0.08027062862804103
test/geometry/477.json|128,14,29,0.9761574344248187,0.9986290093900264,2.435316715593532,0.15441038039970395
test/geometry/477.json|128,14,30,0.9596821596989338,0.9964136606731242,2.989858462791731,0.20079302851709324
test/geometry/477.json|128,14,31,0.9441288582842748,0.9960256420598854,3.180149415352719,0.23637077170353604
test/geometry/477.json|128,16,0,0.983680645806412,0.9999408178642748,1.8969481001916,0.1277472277334737
test/geometry/477.json|128,16,1,0.974371628984497,0.9998400651197542,2.1346774611387707,0.16008863487300706
test/geometry/477.json|128,16,2,0.9521741156592791,0.9990293038360243,2.774388730595961,0.21869129918842423
test/geometry/477.json|128,16,3,0.9459659025681322,0.9990008654622884,2.8761672516142234,0.2324523551867518
test/geometry/477.json|128,16,4,0.910804279903319,0.992782526675706,3.7215116698912967,0.29865652528729547
test/geometry/477.json|128,16,5,0.9217942665452216,0.9958025206419743,3.389758488516307,0.2796528802905102
test/geometry/477.json|128,16,6,0.909381787427732,0.9988253275333532,3.0900920763392143,0.3010285909548593
test/geometry/477.json|128,16,7,0.9415408326340206,0.9988511357046284,2.862128695559639,0.24178330663215658
test/geometry/477.json|128,16,8,0.9214775950783997,0.9936875302780555,3.6353185459714172,0.28021849496705303
test/geometry/477.json|128,16,9,0.9349220135791229,0.9932205985802132,3.483455295082596,0.2551038737864973
test/geometry/477.json|128,16,10,0.99185876601685,0.9999214295174297,1.7025644353461755,0.09022878688727912
test/geometry/477.json|128,16,11,0.993644257208107,0.9999447007354907,1.6275874768280738,0.07972291259037764
test/geometry/477.json|128,16,12,0.9790274103280736,0.9990028673317091,2.290263612180529,0.1448191619639003
test/geometry/477.json|128,16,13,0.9893117776689393,0.9995812019437397,2.027647427543843,0.10338385914184431
test/geometry/477.json|128,16,14,0.9430585446791883,0.9951002393403338,3.3088597903021064,0.23862408788890474
test/geometry/477.json|128,16,15,0.9517344700544565,0.9966318050440616,3.1545607059631218,0.21969417367227437
test/geometry/477.json|128,16,16,0.9746544623684252,0.997372745210829,2.69269687262176,0.15920281916968293
test/geometry/477.json|128,16,17,0.9538923145125257,0.997594377972224,3.048756538494014,0.21472700223184402
test/geometry/477.json|128,16,18,0.995369869059074,0.9994630510341238,1.8504147283812202,0.0680450655148925
test/geometry/477.json|128,16,19,0.9946113917052424,0.9992243644448751,1.9186688787982376,0.07340714062513008
test/geometry/477.json|128,16,20,0.9546238273921867,0.9990183387431458,2.799972402734936,0.21301683644213043
test/geometry/477.json|128,16,21,0.9789373657670605,0.9988353016001262,2.4267371660565114,0.14512971519623238
test/geometry/477.json|128,16,22,0.9859335021151566,0.9992890705020788,2.1714752556074903,0.1186022676210003
test/geometry/477.json|128,16,23,0.9856232896852055,0.9993307048589574,2.184471619710367,0.11990292037642154
test/geometry/477.json|128,16,24,0.9779188051592197,0.9994176727802222,2.2507913373576196,0.14859742541773832
test/geometry/477.json|128,16,25,0.9752267434324835,0.9988761618647907,2.5213327747155887,0.15739522409373322
test/geometry/477.json|128,16,26,0.9721482940638622,0.9978480880510944,2.725112179245894,0.1668883037727265
test/geometry/477.json|128,16,27,0.9959133476156828,0.9995664858976253,1.7552411854487298,0.06392693003982873
test/geometry/477.json|128,16,28,0.9330950856902418,0.9933422363835552,3.3804763261104043,0.258659842862703
test/geometry/477.json|128,16,29,0.9590609950448025,0.9959502191292138,2.9948000129883625,0.20233389472650778
test/geometry/477.json|128,16,30,0.9985405862689934,0.9999047754182468,1.4482427963097604,0.038202273898376174
test/geometry/477.json|128,16,31,0.9988166419382876,0.9999648046790826,1.3579336534751858,0.034399971827204105
test/geometry/477.json|128,17,0,0.9574541252485987,0.9979971386984098,2.7953226690762616,0.20626651388774006
test/geometry/477.json|128,17,1,0.9668105186350012,0.9984600502222757,2.6439744118713806,0.1821798050416093
test/geometry/477.json|128,17,2,0.9988948579926122,0.999958301111158,1.369987973293404,0.033243676201463644
test/geometry/477.json|128,17,3,0.9994773344420455,0.9999536014909387,1.3004732596015667,0.022861880017937045
test/geometry/477.json|128,17,4,0.9987883900213317,0.9998828270887307,1.4198667362729367,0.034808188385325595
test/geometry/477.json|128,17,5,0.9990185561955923,0.9999379038532485,1.360975592298863,0.03132800351774236
test/geometry/477.json|128,17,6,0.9989637622072945,0.9998977086313772,1.4236153552091444,0.03219064759686348
test/geometry/477.json|128,17,7,0.9980010553248648,0.9998517892731363,1.5492995733026387,0.04470955910244668
test/geometry/477.json|128,17,8,0.9276652437039486,0.9981712562217503,2.80047946459569,0.2689512154574717
test/geometry/477.json|128,17,9,0.9393371621204077,0.9990879422402346,2.608120654381844,0.2462982701514411
test/geometry/477.json|128,17,10,0.9311583903359822,0.9979642769448551,3.2205006505086757,0.2623768466614723
test/geometry/477.json|128,17,11,0.9326082167013398,0.9977991918846889,3.070672230920855,0.25959927445711445
test/geometry/477.json|128,17,12,0.9962903581570508,0.9999058423548496,1.60491945563922,0.06090682919795773
test/geometry/477.json|128,17,13,0.9973721667833507,0.9999003440224837,1.5722629168664675,0.05126239573653652
test/geometry/477.json|128,17,14,0.9536639437913148,0.9986808512941936,2.7233276653029828,0.21525811531434813
test/geometry/477.json|128,17,15,0.9802105992565605,0.9992916477563009,2.288380543923205,0.14067480493478385
test/geometry/477.json|128,17,16,0.9854198659398176,0.9990254401748353,2.2015710494039356,0.12074822590904778
test/geometry/477.json|128,17,17,0.9693618289001837,0.9978056804605048,2.7649953172250266,0.17503762766849948
test/geometry/477.json|128,17,18,0.9996233564132414,0.9999645575095689,1.2513880451523296,0.0194073075607771
test/geometry/477.json|128,17,19,0.9998319690517333,0.9999638692929985,1.2090873785896004,0.012962675197144804
test/geometry/477.json|128,17,20,0.9994513271711682,0.9999710595412865,1.2749791001587814,0.023423766324648845
test/geometry/477.json|128,17,21,0.9994267575803667,0.9999685863154041,1.280807856814556,0.02394248148445148
test/geometry/477.json|128,17,22,0.992391502281482,0.9998305991957649,1.6900047473673436,0.08722670301299949
test/geometry/477.json|128,17,23,0.9924319582311308,0.9997731526335719,1.7666397216891636,0.08699449275022621
test/geometry/477.json|128,17,24,0.9760866273878629,0.9993960505933969,2.290948040808186,0.15463949240778407
test/geometry/477.json|128,17,25,0.9816704190269943,0.9995342925397571,2.203073550180327,0.13538678285935354
test/geometry/477.json|128,17,26,0.9990657935690161,0.9999130678822936,1.3905834231370047,0.03056479070734581
test/geometry/477.json|128,17,27,0.9988103297958429,0.9999058770583648,1.4079518856570763,0.03449159613814728
test/geometry/477.json|128,17,28,0.9241661753787189,0.9933536017669857,3.603074091813752,0.2753794193858377
test/geometry/477.json|128,17,29,0.8795424143679578,0.9922564780222429,3.988935082523605,0.34707000105460317
test/geometry/477.json|128,17,30,0.9465085132337067,0.9989612646404219,2.7591824458740657,0.23128226643280142
test/geometry/477.json|128,17,31,0.9774333927480343,0.9989870778661957,2.4388413334528924,0.1502218601002054
test/geometry/477.json|128,18,0,0.9770698273191327,0.9948768037561823,2.8770965681835547,0.1514271200309485
test/geometry/477.json|128,18,1,0.9905754456993607,0.9980302597038598,2.269748445188361,0.097080143699107
test/geometry/477.json|128,18,2,0.9976655561792349,0.9997405640277901,1.5898646952606827,0.048316082423610116
test/geometry/477.json|128,18,3,0.9775056705243432,0.9997423290804952,2.109669641671927,0.14998109706111892
test/geometry/477.json|128,18,4,0.9595047663801425,0.9991899018584964,2.45439153989012,0.20123427545986672
test/geometry/477.json|128,18,5,0.9689421942613831,0.99961782289194,2.1410378100377616,0.17623224942846566
test/geometry/477.json|128,18,6,0.9879466252648805,0.9972453082055263,2.4392143718317083,0.10978786242166969
test/geometry/477.json|128,18,7,0.975673910571639,0.9939735319985463,2.9816681460769816,0.15596823211269983
test/geometry/477.json|128,18,8,0.9633047604881418,0.9995169675030855,2.1716374374677554,0.19156001543082565
test/geometry/477.json|128,18,9,0.9599918552919984,0.9997811970223628,2.0599260380085553,0.20002036073360538
test/geometry/477.json|128,18,10,0.9209052350637964,0.9935055123243602,3.7240639111862555,0.28123791518250807
test/geometry/477.json|128,18,11,0.9566469965343073,0.9975460307372427,3.0372250045526243,0.20821384071596372
test/geometry/477.json|128,18,12,0.9862188857183831,0.9997518119045736,1.956797780931962,0.11739299076868635
test/geometry/477.json|128,18,13,0.9884740763764632,0.9997776011136846,1.9052035020318996,0.10735885442541183
test/geometry/477.json|128,18,14,0.9998058177638847,0.9999925433035323,1.1729503604215514,0.013934928636894295
test/geometry/477.json|128,18,15,0.999603383848671,0.9999827723725965,1.2471305922886313,0.019915224109435
test/geometry/477.json|128,18,16,0.9787056710098571,0.999830913345334,1.9184219880396616,0.14592576534026794
test/geometry/477.json|128,18,17,0.9756488265066144,0.9994631201156868,2.2292898197599498,0.15604862541331646
test/geometry/477.json|128,18,18,0.9347788891153894,0.9988625145786478,2.6554216307409564,0.2553842416528682
test/geometry/477.json|128,18,19,0.8460469953183954,0.9972741408765684,3.0936153100217263,0.3923684552580706
test/geometry/477.json|128,18,20,0.9748464220758436,0.9999489873500568,1.7940275486427115,0.15859879546880676
test/geometry/477.json|128,18,21,0.9543295468727703,0.9998973699968254,2.018126121683386,0.2137064648699934
test/geometry/477.json|128,18,22,0.9202488172986879,0.9927480537762505,3.6720602412361956,0.28240251893584817
test/geometry/477.json|128,18,23,0.8815624339499284,0.9946710939151252,3.816657421724006,0.3441475934102571
test/geometry/477.json|128,18,24,0.9990544562033723,0.9999541873774572,1.344697288455933,0.030749695878621326
test/geometry/477.json|128,18,25,0.9990122530306275,0.9999381921333743,1.3601342276325767,0.03142844204494614
test/geometry/477.json|128,18,26,0.9860863403552775,0.9998835035406112,1.8995420442496453,0.11795617679766696
test/geometry/477.json|128,18,27,0.9590240302010986,0.999698092390307,2.273121096597394,0.202425220263932
test/geometry/477.json|128,18,28,0.8907173665556885,0.9908927882464149,3.6931907227179925,0.33057923928206917
test/geometry/477.json|128,18,29,0.9249328384160942,0.9954205461437962,3.4205204372066484,0.2739838710287629
test/geometry/477.json|128,18,30,0.9428048495934691,0.9964313487962173,3.2702324367477247,0.23915507606264788
test/geometry/477.json|128,18,31,0.9578383567856411,0.9973414489310162,3.018730397207338,0.205333005662409
test/geometry/477.json|128,20,0,0.9997589768782211,0.9999787090762139,1.2059126865619776,0.015524919380752728
test/geometry/477.json|128,20,1,0.9990720816982878,0.9999726627363402,1.347160312983232,0.0304617514550992
test/geometry/477.json|128,20,2,0.9933277883323255,0.9999190553483489,1.6347693900524867,0.08168360709269952
test/geometry/477.json|128,20,3,0.9959920370229522,0.9999256621286912,1.5514259461579727,0.06330847476481923
test/geometry/477.json|128,20,4,0.9832062649388519,0.9993423906561001,2.1664497471086426,0.12959064418833682
test/geometry/477.json|128,20,5,0.9724473300569498,0.9994453419164718,2.283749065367288,0.16598996940493171
test/geometry/477.json|128,20,6,0.9848060905042004,0.9981362971324186,2.424093343041824,0.1232635773284208
test/geometry/477.json|128,20,7,0.986378766798276,0.9986755851229937,2.3370942045366117,0.11671003899289914
test/geometry/477.json|128,20,8,0.9551068920895636,0.9986550560728501,2.6698606471531323,0.21187993748922157
test/geometry/477.json|128,20,9,0.8233832795138086,0.997758121498842,3.175287344381143,0.4202579213842273
test/geometry/477.json|128,20,10,0.9986381974457698,0.9999983749372862,1.2230142427998538,0.036902609043673866
test/geometry/477.json|128,20,11,0.9841366397342398,0.9999823846261037,1.5679623150867044,0.12594983233716583
test/geometry/477.json|128,20,12,0.9243695054640217,0.9963722192456574,3.170681026548165,0.2750099898839645
test/geometry/477.json|128,20,13,0.9404774496603997,0.9971998272553226,2.967292914754559,0.24397243766376622
test/geometry/477.json|128,20,14,0.9894952923976699,0.9996539006889712,1.8893551771553305,0.10249247583276605
test/geometry/477.json|128,20,15,0.9583693805625557,0.9993925757190817,2.3388780856758635,0.2040358288081882
test/geometry/477.json|128,20,16,0.8355507173820836,0.9991175927905833,3.4137221318968964,0.4055234674071482
test/geometry/477.json|128,20,17,0.930229635167693,0.9971765581542678,3.2843364529491734,0.2641408049361307
test/geometry/477.json|128,20,18,0.9938669108988331,0.9996991356103119,1.7454912631842892,0.07831404153258179
test/geometry/477.json|128,20,19,0.9971644938707848,0.9997901570395685,1.6092141370054365,0.05324947069422603
test/geometry/477.json|128,20,20,0.9999993820987679,1.0,1.0114850995174116,0.0007860669386696699
test/geometry/477.json|128,20,21,0.9999995442534462,1.0,1.0102126470852941,0.0006750900338688705
test/geometry/477.json|128,20,22,0.9296356234786749,0.9996693060391769,2.4807723223149587,0.2652628442155537
test/geometry/477.json|128,20,23,0.9244457446424367,0.9997893744461808,2.3116916097569686,0.2748713432818404
test/geometry/477.json|128,20,24,0.9968486815865221,0.9999712057678535,1.4639398827404582,0.056136604933661
test/geometry/477.json|128,20,25,0.9978760680819672,0.9999475341623693,1.3988253667035178,0.046086135854862466
test/geometry/477.json|128,20,26,0.8673759301529578,0.9942533158147068,3.879369334950309,0.3641758776292606
test/geometry/477.json|128,20,27,0.9245665171495508,0.9989648473603259,2.605660634220105,0.2746515662625086
test/geometry/477.json|128,20,28,0.9801727137469511,0.9999869494182237,1.7839445715238575,0.14080939689185826
test/geometry/477.json|128,20,29,0.9757791216569834,0.99996413510768,1.8519694138993235,0.1556305829296304
test/geometry/477.json|128,20,30,0.9714981071771257,0.9990190612229414,2.395923488794452,0.16882503612579
test/geometry/477.json|128,20,31,0.9757383696909637,0.9991215974109229,2.414434305883802,0.15576145321945437
test/geometry/477.json|128,21,0,0.9975904273665657,0.9996599133905616,1.635283076185149,0.0490873979085705
test/geometry/477.json|128,21,1,0.9989723376229477,0.9998535267801,1.4516714147102519,0.03205717356618201
test/geometry/477.json|128,21,2,0.8741846601589307,0.983660820454785,4.316339513245575,0.35470458108272196
test/geometry/477.json|128,21,3,0.9393857797700801,0.9959611491858132,3.259687871593155,0.24619955367530608
test/geometry/477.json|128,21,4,0.9225700481668478,0.9978233281441791,3.3320695975857304,0.2782623794787074
test/geometry/477.json|128,21,5,0.9207150910611672,0.9944553992713745,3.6008949375542536,0.28157576056690814
test/geometry/477.json|128,21,6,0.9393229113961957,0.9921666511137691,3.6470838678036777,0.24632719826240113
test/geometry/477.json|128,21,7,0.9091750242549075,0.9944412311479937,3.5775347244666174,0.30137182307756066
test/geometry/477.json|128,21,8,0.9983105741477685,0.9999007534773648,1.5059923967506692,0.04110262585567411
test/geometry/477.json|128,21,9,0.9942001538494065,0.9997826158844362,1.7685909532120436,0.07615672098110238
test/geometry/477.json|128,21,10,0.9992793885891688,0.9999752566662665,1.3045366514557268,0.026844206280522434
test/geometry/477.json|128,21,11,0.972830046735867,0.9999443165551596,2.0237055181939003,0.16483310730594433
test/geometry/477.json|128,21,12,0.9997396546685631,0.9999955711029526,1.1702131505009525,0.016135220216561306
test/geometry/477.json|128,21,13,0.999729653089458,0.9999919768841838,1.190754506698279,0.016442229488179274
test/geometry/477.json|128,21,14,0.9012874505984934,0.9969905967567809,3.2573109865220786,0.31418553340583116
test/geometry/477.json|128,21,15,0.9413304746153737,0.9963621128462605,3.2921134706416684,0.24221792952757715
test/geometry/477.json|128,21,16,0.9998911466634139,0.9999950521210643,1.1330887484744285,0.010433280240943242
test/geometry/477.json|128,21,17,0.9999319778564247,0.9999931862368915,1.1201083884064296,0.008247553793414367
test/geometry/477.json|128,21,18,0.9907994181429407,0.9997436189982833,1.9153598243140917,0.09591966355789254
test/geometry/477.json|128,21,19,0.9780857528976863,0.9995751893107947,2.3247289048546724,0.14803461454103803
test/geometry/477.json|128,21,20,0.9515114379826752,0.9978641685567046,2.905788060663737,0.220201185322252
test/geometry/477.json|128,21,21,0.936412122769129,0.9983838562506148,3.1696599035534434,0.252166368159735
test/geometry/477.json|128,21,22,0.9997804923164726,0.9999630584630161,1.2138613771341065,0.014815791694250059
test/geometry/477.json|128,21,23,0.999317090141413,0.9999601497546917,1.3050851829441144,0.0261325440511824
test/geometry/477.json|128,21,24,0.9992795911724217,0.9999792993245502,1.2880663218215673,0.026840432701025693
test/geometry/477.json|128,21,25,0.9991031522436629,0.9999786009521028,1.325382013982537,0.029947416521916178
test/geometry/477.json|128,21,26,0.7678067353068174,0.9887010569344639,4.40099213563315,0.48186436337747846
test/geometry/477.json|128,21,27,0.7888902787146692,0.9945195198549022,4.198554022850655,0.4594667793054584
test/geometry/477.json|128,21,28,0.9718983432507399,0.9996934781549153,2.1216079289065184,0.16763548773830717
test/geometry/477.json|128,21,29,0.9961310321628863,0.9997008737630739,1.7365737039585667,0.06220102762104222
test/geometry/477.json|128,21,30,0.9841780722175246,0.9993666076991614,2.236566134102079,0.12578524469299002
test/geometry/477.json|128,21,31,0.9793436057250867,0.9995916229368659,2.1338930638478018,0.14372332543784702
test/geometry/477.json|128,22,0,0.9926705743153391,0.9999208226549644,1.700513426547447,0.0856120650648078
test/geometry/477.json|128,22,1,0.9957237887064121,0.999833597110101,1.6454024510324958,0.06539274649063079
test/geometry/477.json|128,22,2,0.9922735964564396,0.9996250093126826,1.8571483352034934,0.08789996327394202
test/geometry/477.json|128,22,3,0.9951025699754446,0.9997599571466188,1.750676052312858,0.06998164062491997
test/geometry/477.json|128,22,4,0.7547390617646902,0.9940730352606699,3.9640889789153193,0.4952382641065912
test/geometry/477.json|128,22,5,0.8358816742526664,0.9977666613190085,3.496573921086749,0.40511520058784967
test/geometry/477.json|128,22,6,0.8859954993723956,0.9996609604145815,2.389447907833711,0.33764552511117985
test/geometry/477.json|128,22,7,0.9611044243873834,0.9995890930516699,2.396277393571171,0.19721961264695909
test/geometry/477.json|128,22,8,0.9900585001785365,0.9995300200768292,1.9643301340688692,0.09970707006759114
test/geometry/477.json|128,22,9,0.9820554289581576,0.9993650493898163,2.2423906752597786,0.13395734784565735
test/geometry/477.json|128,22,10,0.9553323263833826,0.9962686389218773,3.0103594298081213,0.21134728201852368
test/geometry/477.json|128,22,11,0.9827889421716348,0.9986793104957965,2.352431835962959,0.13119092128788937
test/geometry/477.json|128,22,12,0.9999961007733948,0.9999997771870511,1.0295960339163996,0.0019746459442525287
test/geometry/477.json|128,22,13,0.9999911368468494,0.9999988234752455,1.0525613502796964,0.002977104826946628
test/geometry/477.json|128,22,14,0.8056718972253778,0.9822627132037892,4.44522703883626,0.44082661305168747
test/geometry/477.json|128,22,15,0.9567751690537192,0.9986615450994467,2.8255248735723515,0.20790582230010016
test/geometry/477.json|128,22,16,0.9996965646424139,0.9999959137216178,1.1701441347735186,0.01741939601668628
test/geometry/477.json|128,22,17,0.9997078452620878,0.9999969089430459,1.1685403439311826,0.017092534566652783
test/geometry/477.json|128,22,18,0.9667693944766136,0.9999539351520184,1.772562112457096,0.18229263705203896
test/geometry/477.json|128,22,19,0.9798529107504212,0.9999783104118484,1.6263687378902116,0.14194044261442457
test/geometry/477.json|128,22,20,0.8264267785657121,0.9962770872046657,3.8281465712203904,0.41662119657344354
test/geometry/477.json|128,22,21,0.9355086153567074,0.9963561204722835,3.186324551822233,0.25395153995062253
test/geometry/477.json|128,22,22,0.9927730087099487,0.99998759840145,1.5533035734143386,0.0850117126639108
test/geometry/477.json|128,22,23,0.9874222152663543,0.9999862073194906,1.6535768249151783,0.11215072328632429
test/geometry/477.json|128,22,24,0.9992205505496176,0.9999220486707415,1.376578973429395,0.027918621928426934
test/geometry/477.json|128,22,25,0.9997776436611612,0.9999590600458159,1.22802920818585,0.014911617579552696
test/geometry/477.json|128,22,26,0.9999295006806916,0.9999989217751165,1.0973467543987194,0.008396387277178154
test/geometry/477.json|128,22,27,0.9999450930496668,0.9999982386044693,1.0939188264399984,0.007409922424234057
test/geometry/477.json|128,22,28,0.999914782782695,0.9999929062424514,1.130778096879644,0.009231317203142443
test/geometry/477.json|128,22,29,0.9992663418359896,0.9999699881942691,1.2936488907013721,0.027086124935294578
test/geometry/477.json|128,22,30,0.9783382679554514,0.9999395654232948,1.8002477631501852,0.14717925140640095
test/geometry/477.json|128,22,31,0.9823944563426588,0.9996788097020711,1.9259769716991038,0.1326858834139534
test/geometry/477.json|128,24,0,0.8967032770402268,0.997574280869413,3.4812600909592306,0.32139807553837846
test/geometry/477.json|128,24,1,0.9112436814994714,0.9972262563057075,3.389829609225795,0.29791998674229386
test/geometry/477.json|128,24,2,0.9998498226271926,0.9999929737739875,1.1500791865920477,0.012254687789063627
test/geometry/477.json|128,24,3,0.9995912272901136,0.9999674340411967,1.2519139862034516,0.020218128248835836
test/geometry/477.json|128,24,4,0.7541531357824196,0.9882311290292771,4.48919099544792,0.4958294709046452
test/geometry/477.json|128,24,5,0.7640740457285812,0.9872297972604815,4.348288643684239,0.4857220957208132
test/geometry/477.json|128,24,6,0.9981581690640451,0.9998154006529749,1.550112010657035,0.042916557829757424
test/geometry/477.json|128,24,7,0.9996781977878717,0.9999724971365216,1.2445523019461593,0.01793884645478346
test/geometry/477.json|128,24,8,0.8706231243823321,0.9994410900820818,2.6133928287607975,0.35968997152779764
test/geometry/477.json|128,24,9,0.9765217917166863,0.9994849379640132,2.114478111619938,0.15322600393965022
test/geometry/477.json|128,24,10,0.9974119828997176,0.9999226637923699,1.4984037554714638,0.05087255743799841
test/geometry/477.json|128,24,11,0.9987632234642881,0.9999773612027506,1.3686536842708577,0.035167833821716385
test/geometry/477.json|128,24,12,0.9980175117605685,0.99982389555906,1.5465955675896987,0.04452514165537802
test/geometry/477.json|128,24,13,0.9960971009432654,0.9997967496823503,1.6494755782734984,0.062473186702253124
test/geometry/477.json|128,24,14,0.9836990804921406,0.9992363106771727,2.245496470964677,0.12767505436795157
test/geometry/477.json|128,24,15,0.9787627119554442,0.998355943393076,2.5063186839047837,0.14573018920098824
test/geometry/477.json|128,24,16,0.987703489303253,0.9998349304732297,1.8213641832662744,0.11088963295433427
test/geometry/477.json|128,24,17,0.9953865813856674,0.9999746526923379,1.4493947464892736,0.06792215113151688
test/geometry/477.json|128,24,18,0.9045833449601909,0.9952112744569378,3.5916643888245052,0.30889586439415
test/geometry/477.json|128,24,19,0.9493328900323096,0.9953227679731946,3.116022474584549,0.22509355825454094
test/geometry/477.json|128,24,20,0.9999844085946064,0.9999995010750274,1.054486103927383,0.003948595369703581
test/geometry/477.json|128,24,21,0.9999945959273029,0.9999997650403175,1.0382967382355055,0.0023246661474527345
test/geometry/477.json|128,24,22,0.9999892344860404,0.9999993789126562,1.0506011786511542,0.003281084265851881
test/geometry/477.json|128,24,23,0.9999852017519727,1.0,1.0430730053099682,0.003846849103786559
test/geometry/477.json|128,24,24,0.9999957228838433,0.9999994372215584,1.0385998252723871,0.0020681189899743077
test/geometry/477.json|128,24,25,0.9999857722666897,0.999998851573096,1.058663481146268,0.0037719667695088666
test/geometry/477.json|128,24,26,0.9920307930830152,0.9997857959291103,1.7842265846387402,0.08927041456711608
test/geometry/477.json|128,24,27,0.9982996908475856,0.9999642322249013,1.3811517595109237,0.04123480510945056
test/geometry/477.json|128,24,28,0.8653688267659441,0.9999860753720736,2.1216982216163163,0.3669212084822243
test/geometry/477.json|128,24,29,0.8550799449510476,0.9999847783683352,2.015770421137743,0.38068366795668085
test/geometry/477.json|128,24,30,0.9735867251315743,0.999343597832806,2.2369815657980414,0.16252161354240152
test/geometry/477.json|128,24,31,0.7542691936875436,0.9795686823175966,4.984690342003234,0.4957124229958902
test/geometry/477.json|128,25,0,0.9999902893103696,0.9999984848569371,1.0553107926845735,0.0031161979446762437
test/geometry/477.json|128,25,1,0.999993738904382,0.9999994434581673,1.0417778930327473,0.002502218139564454
test/geometry/477.json|128,25,2,0.9766486234114473,0.9999412520090406,1.7567969540426,0.15281157216831678
test/geometry/477.json|128,25,3,0.9388340831707335,0.999789133114148,2.113482183643697,0.24731744141743528
test/geometry/477.json|128,25,4,0.9996819418879647,0.99997045029721,1.2397676066360304,0.017834183806256326
test/geometry/477.json|128,25,5,0.9998882074453841,0.999976439069158,1.1706209983078828,0.010573199828618969
test/geometry/477.json|128,25,6,0.9999725139287642,0.9999979802567462,1.0772241952050337,0.005242716017086567
test/geometry/477.json|128,25,7,0.9998777929995142,0.9999974320727268,1.1232467967812858,0.011054727517484042
test/geometry/477.json|128,25,8,0.9999987043807048,0.999999938303843,1.01996254120256,0.0011382527378324021
test/geometry/477.json|128,25,9,0.9999996504699327,1.0,1.0131407560302466,0.0005912106793131857
test/geometry/477.json|128,25,10,0.9989149062796909,0.9999171962461465,1.4004720620170732,0.03294076077307674
test/geometry/477.json|128,25,11,0.9985146039351663,0.9999009985017151,1.4302625119093602,0.03854083632763651
test/geometry/477.json|128,25,12,0.9999724361382469,0.999996123831941,1.0868765758291252,0.005250129689166356
test/geometry/477.json|128,25,13,0.9999559107383744,0.9999938622837644,1.1077340787156602,0.006639974519949566
test/geometry/477.json|128,25,14,0.881521755260983,0.9989421441913282,3.0636447526523383,0.3442066889806429
test/geometry/477.json|128,25,15,0.9365489718002139,0.9976164918977056,3.1530433213527576,0.2518948752948065
test/geometry/477.json|128,25,16,0.9860612566439962,0.9999716539776905,1.7061812907452425,0.11806245531922398
test/geometry/477.json|128,25,17,0.9869438977435656,0.9999508638589499,1.7592555600083166,0.11426330231721113
test/geometry/477.json|128,25,18,0.9998874643264707,0.9999908780016494,1.15648352156385,0.010608283250805128
test/geometry/477.json|128,25,19,0.9999498825883275,0.9999967622668099,1.0988213713720807,0.007079365202649886
test/geometry/477.json|128,25,20,0.9706677363556008,0.9983209123109149,2.642333746000819,0.17126664486816814
test/geometry/477.json|128,25,21,0.9830856601410448,0.9988900526181823,2.4061797256930544,0.13005514160906975
test/geometry/477.json|128,25,22,0.9203305327554319,0.9875283225037818,3.8681128492000734,0.28225780280546386
test/geometry/477.json|128,25,23,0.9702089265757294,0.9991917093750327,2.4206679505995288,0.17260090794741076
test/geometry/477.json|128,25,24,0.8346921011981145,0.9882579520214185,4.323889378689158,0.4065807408152598
test/geometry/477.json|128,25,25,0.7132079623769186,0.9827202904830307,4.724100978540579,0.5355296794978607
test/geometry/477.json|128,25,26,0.9999413512405756,0.9999956382501572,1.1095759288812586,0.007658247803799948
test/geometry/477.json|128,25,27,0.9996804897622056,0.9999881260641291,1.198212932312586,0.017874849308299585
test/geometry/477.json|128,25,28,0.9999721583509549,0.9999971107722689,1.0866442001458174,0.005276518648230467
test/geometry/477.json|128,25,29,0.99998639646984,0.9999984641175625,1.0625044964265045,0.003688296376377603
test/geometry/477.json|128,25,30,0.9979330190195862,0.9999999151206891,1.2175988428950588,0.0454640625155056
test/geometry/477.json|128,25,31,0.9974066078660085,0.9999998697736757,1.2418531125201826,0.05092535845717197
test/geometry/477.json|128,26,0,0.9915147641455146,0.9999265278250652,1.6614948822593953,0.09211533995206961
test/geometry/477.json|128,26,1,0.984073983438989,0.9999300385186852,1.7477163139748808,0.12619832233833778
test/geometry/477.json|128,26,2,0.9999968518377367,0.999999757833672,1.0278864435329194,0.0017743061357393382
test/geometry/477.json|128,26,3,0.9999916533336269,0.9999994388795715,1.047510173787638,0.002889059773189238
test/geometry/477.json|128,26,4,0.9962294552170852,0.9998825190963281,1.584371868326176,0.06140476189119889
test/geometry/477.json|128,26,5,0.9981287670464198,0.9998375173389348,1.5231552361358032,0.04325775021403864
test/geometry/477.json|128,26,6,0.877915871571912,0.9997766194911096,2.384725161372231,0.34940539267173315
test/geometry/477.json|128,26,7,0.8317712701903623,0.9992968459335284,2.737680292727486,0.41015695752923376
test/geometry/477.json|128,26,8,0.9776561056677318,0.9990596245092844,2.371059686549753,0.14947874207481224
test/geometry/477.json|128,26,9,0.9474829255050096,0.997695402371092,2.8819104953719945,0.22916604132155016
test/geometry/477.json|128,26,10,0.9986533874239045,0.9999890105763469,1.3523901857583904,0.03669622018812665
test/geometry/477.json|128,26,11,0.9997981898657108,0.9999784838839878,1.2039044720674101,0.01420598938086381
test/geometry/477.json|128,26,12,0.9999676988412693,0.9999991363326542,1.0697407455223138,0.0056834108359903115
test/geometry/477.json|128,26,13,0.9999924391570242,0.9999999169138134,1.0350066677647478,0.002749698706370905
test/geometry/477.json|128,26,14,0.9935127338173972,0.9999420590826268,1.594724796136868,0.08054356698460007
test/geometry/477.json|128,26,15,0.9877550461950714,0.9996904918815792,1.963909499174847,0.11065691937212344
test/geometry/477.json|128,26,16,0.9999993688475788,1.0,1.0146265374322299,0.0007944510187641999
test/geometry/477.json|128,26,17,0.9999993501905458,1.0,1.0151538599518026,0.0008061075947074852
test/geometry/477.json|128,26,18,0.9985048442880419,0.9998624438783372,1.4878746644068277,0.03866724339745632
test/geometry/477.json|128,26,19,0.9993569180742358,0.9999303891279437,1.3387311573419065,0.025359060033136732
test/geometry/477.json|128,26,20,0.998854402825748,0.9999389569114561,1.359028027345416,0.03384667153874957
test/geometry/477.json|128,26,21,0.9997344529397285,0.9999964292192702,1.1871755772305437,0.016295614755862605
test/geometry/477.json|128,26,22,0.9930666506746084,0.9999388982678791,1.7457442012581392,0.08326673600779354
test/geometry/477.json|128,26,23,0.9950631772251808,0.9997871207563683,1.732257107100284,0.0702625275293966
test/geometry/477.json|128,26,24,0.9996936783327244,0.9999788274814628,1.233887914349449,0.01750204751666564
test/geometry/477.json|128,26,25,0.9997777760844182,0.9999839623091227,1.2010347493131375,0.01490717664689724
test/geometry/477.json|128,26,26,0.9999546146786215,0.9999973242214153,1.0940390015117403,0.006736862873663363
test/geometry/477.json|128,26,27,0.9999858568030632,0.9999989651319314,1.0586479267997648,0.003760744199865527
test/geometry/477.json|128,26,28,0.99997776026003,0.9999993675903326,1.0580172297224981,0.004715902879614216
test/geometry/477.json|128,26,29,0.9999850737591973,0.9999996857633515,1.0496090582600357,0.0038634493399916335
test/geometry/477.json|128,26,30,0.9969722516942093,0.9997713380313401,1.6650411641883973,0.05502497892585392
test/geometry/477.json|128,26,31,0.9974692002773309,0.9997335088930801,1.6346459384256131,0.050307054402629454
test/geometry/477.json|128,28,0,0.9914907608484357,0.9998938066859577,1.7916651514174862,0.0922455372989085
test/geometry/477.json|128,28,1,0.9990864497096136,0.9999889387203516,1.2810507049603972,0.030224994464621863
test/geometry/477.json|128,28,2,0.9947250714996153,0.9999559016746152,1.6569092684805402,0.07262870300635066
test/geometry/477.json|128,28,3,0.9910191910614388,0.9999653691381271,1.8201842820976306,0.09476713005341691
test/geometry/477.json|128,28,4,0.8229451309164676,0.9988512054762019,3.041194747551391,0.4207788838375001
test/geometry/477.json|128,28,5,0.780378725047131,0.9953458924839343,4.049723067730947,0.46863767982618404
test/geometry/477.json|128,28,6,0.9887894556902143,0.9997066754522106,1.8748064150093946,0.10587985790406852
test/geometry/477.json|128,28,7,0.9945991029499716,0.9999526764414116,1.6018622824484505,0.073490795682374
test/geometry/477.json|128,28,8,0.9992332505165534,0.9999653441678469,1.3285314476393761,0.02769024166464734
test/geometry/477.json|128,28,9,0.9997149473819333,0.9999804381921668,1.2145974901573497,0.0168835013568472
test/geometry/477.json|128,28,10,0.9999218631871886,0.9999967007113025,1.1206234966694022,0.008839502973099544
test/geometry/477.json|128,28,11,0.99996816514885,0.9999987052811733,1.0835947481427914,0.005642238133045448
test/geometry/477.json|128,28,12,0.9999996144632195,1.0,1.0108596040401718,0.0006209160816894444
test/geometry/477.json|128,28,13,0.9999998024629512,1.0,1.0094038407584385,0.00044445140210084877
test/geometry/477.json|128,28,14,0.9999690067559682,0.9999990062286482,1.0715675407466152,0.005567157625914139
test/geometry/477.json|128,28,15,0.9998823850887281,0.9999984629869549,1.1064919252025058,0.01084504086077756
test/geometry/477.json|128,28,16,0.9981428653922453,0.9999463611984626,1.446927113322547,0.04309448465586656
test/geometry/477.json|128,28,17,0.9998545208894686,0.999992534359099,1.1552816831140564,0.012061472154402267
test/geometry/477.json|128,28,18,0.9548027963826532,0.9983087209806445,2.8204796457333847,0.21259633961417776
test/geometry/477.json|128,28,19,0.7976531245898759,0.9988249716579622,3.583523180416961,0.44982982939120886
test/geometry/477.json|128,28,20,1.0,1.0,1.004729090276317,0.0
test/geometry/477.json|128,28,21,1.0,1.0,1.0045456147318932,0.0
test/geometry/477.json|128,28,22,0.7238339365006928,0.996165778781572,3.6720379163757397,0.525515045930473
test/geometry/477.json|128,28,23,0.7669323975267632,0.9906426418140214,4.503757903660615,0.4827707556110216
test/geometry/477.json|128,28,24,1.0,1.0,1.0026808811120516,0.0
test/geometry/477.json|128,28,25,1.0,1.0,1.0037150481882864,0.0
test/geometry/477.json|128,28,26,0.9698496199842266,0.9978341940681049,2.6987431619300652,0.17363864781716487
test/geometry/477.json|128,28,27,0.9777361219015707,0.9976975818167628,2.5544952431363734,0.1492108511416959
test/geometry/477.json|128,28,28,1.0,1.0,1.0031404951046592,0.0
test/geometry/477.json|128,28,29,1.0,1.0,1.0027242047286107,0.0
test/geometry/477.json|128,28,30,0.9942941996686244,0.9999549370557198,1.7087442324545252,0.07553674821817244
test/geometry/477.json|128,28,31,0.9967369831980645,0.9999497884117144,1.57698235617589,0.057122822076080285
test/geometry/477.json|128,29,0,0.9996928688254785,0.9999994309374745,1.1266369479992933,0.01752515833085466
test/geometry/477.json|128,29,1,0.9994831236637232,0.99999472167133,1.2040471180751775,0.022734914477007366
test/geometry/477.json|128,29,2,0.9999975344581661,1.0,1.023252281037548,0.001570204392401867
test/geometry/477.json|128,29,3,0.9999981272549723,0.9999998501803978,1.024322546678936,0.0013684827465920268
test/geometry/477.json|128,29,4,0.994855321908133,0.9999005722069491,1.6086796344166256,0.07172641139682807
test/geometry/477.json|128,29,5,0.9994853479453196,0.999957236379364,1.2905988043835295,0.022685943989183603
test/geometry/477.json|128,29,6,0.9773836681756255,0.9984434718056729,2.5188239946113984,0.1503872728138073
test/geometry/477.json|128,29,7,0.9565424834038709,0.9993944582034577,2.5248666021865698,0.20846466510209605
test/geometry/477.json|128,29,8,0.9816135148465487,0.9999988011450898,1.6199763710988253,0.13559677412627233
test/geometry/477.json|128,29,9,0.9974284556441567,0.9999960794195545,1.3586368729803089,0.05071039692058504
test/geometry/477.json|128,29,10,0.9994194087702345,0.9999701249173033,1.3127726885438065,0.0240954607709731
test/geometry/477.json|128,29,11,0.9990179590336811,0.999958648004787,1.3451678524701343,0.03133753286905227
test/geometry/477.json|128,29,12,0.9992540955508085,0.9999688168226835,1.3148658680660343,0.02731125132965417
test/geometry/477.json|128,29,13,0.9990842535558178,0.9999919688272277,1.2944662953819988,0.03026130275091014
test/geometry/477.json|128,29,14,0.9994202921564445,0.9999763953867143,1.2913841852408434,0.024077122825527632
test/geometry/477.json|128,29,15,0.9992589061353844,0.9999384170302195,1.3593053741462118,0.027223039224444197
test/geometry/477.json|128,29,16,0.999769426488359,0.9999972275730064,1.1615892664460845,0.015184647234658401
test/geometry/477.json|128,29,17,0.9999658103797615,0.999998503484636,1.0807354618809708,0.00584718908865529
test/geometry/477.json|128,29,18,0.9886440492036496,0.9999296029520117,1.695946881716118,0.10656430357465127
test/geometry/477.json|128,29,19,0.97131966141307,0.9999111969827011,1.8910516851668944,0.16935270469328198
test/geometry/477.json|128,29,20,0.9996080287781931,0.9999985324664543,1.1682878187540342,0.01979826310075955
test/geometry/477.json|128,29,21,0.9997167927758851,0.999998234368927,1.1599219603490045,0.016828761811699067
test/geometry/477.json|128,29,22,0.6812971384078103,0.9911838324083138,4.052368999025844,0.5645377415126377
test/geometry/477.json|128,29,23,0.9768855473583635,0.9996594145011982,2.202130134026218,0.15203437980153198
test/geometry/477.json|128,29,24,0.9793440078737821,0.9987569560198594,2.336264810296198,0.14372192639335843
test/geometry/477.json|128,29,25,0.9877668463335463,0.9994384398614964,2.0294315809453987,0.1106035879456617
test/geometry/477.json|128,29,26,0.9640760412440356,0.99676000526153,2.936241369484258,0.18953616740866222
test/geometry/477.json|128,29,27,0.9687745462924738,0.9988314648794396,2.539647857365389,0.17670725425835285
test/geometry/477.json|128,29,28,0.9996064020652243,0.9999653096676768,1.2521615621601725,0.019839302779474613
test/geometry/477.json|128,29,29,0.9998249873194082,0.9999892034126717,1.1783468287598324,0.013229235827962062
test/geometry/477.json|128,29,30,0.894980662553835,0.9983184428152885,3.0393880291870325,0.32406687187394667
test/geometry/477.json|128,29,31,0.9721321122139932,0.9989520688775158,2.4619408802827167,0.16693677781126243
test/geometry/477.json|128,30,0,0.8968492831784585,0.9813505150639222,4.324688396566349,0.3211708530074632
test/geometry/477.json|128,30,1,0.7386150965150291,0.9815352541175209,4.850059322312834,0.5112581573774357
test/geometry/477.json|128,30,2,0.9994650893191299,0.9999881333807998,1.2405915795389677,0.023128136130481463
test/geometry/477.json|128,30,3,0.9995876657927125,0.999998307972003,1.1911473088645304,0.020306014066957583
test/geometry/477.json|128,30,4,0.8887745038103584,0.9987035678980896,3.0295368782661587,0.3335048668155258
test/geometry/477.json|128,30,5,0.9529834832442635,0.9999426717475857,2.128888421341175,0.21683292359726297
test/geometry/477.json|128,30,6,0.9869042370583986,0.9995554154972489,2.0699173193388196,0.11443672025010775
test/geometry/477.json|128,30,7,0.9965344939285812,0.9997090299912176,1.677173990559839,0.05886854908538873
test/geometry/477.json|128,30,8,0.9880920100628983,0.9977808360161031,2.386234888973154,0.1091237368178974
test/geometry/477.json|128,30,9,0.9574848115283979,0.992148143360088,3.410233934443412,0.20619211544480082
test/geometry/477.json|128,30,10,0.9995515399653665,0.9999944329099149,1.1925023819847436,0.021176874996880493
test/geometry/477.json|128,30,11,0.9993799356170561,0.9999927569432774,1.2060443922142503,0.024901092003041355
test/geometry/477.json|128,30,12,0.9922885256065148,0.9995964965991797,1.9132465532112815,0.08781500095931893
test/geometry/477.json|128,30,13,0.9325660318556065,0.9977976911012699,2.9545049526019795,0.2596805116761624
test/geometry/477.json|128,30,14,0.988633919216774,0.9992365111314956,2.0751589409837328,0.10661182290546384
test/geometry/477.json|128,30,15,0.9740035967746332,0.9993868796203974,2.3070932581496573,0.16123400145554528
test/geometry/477.json|128,30,16,0.9880718159679375,0.999815770100956,1.8309195813601158,0.1092162260475179
test/geometry/477.json|128,30,17,0.9855968485272951,0.9998368837661502,1.8958564141517962,0.12001313041790418
test/geometry/477.json|128,30,18,0.9673508266208419,0.9966218761267492,2.870306453405897,0.180690822620182
test/geometry/477.json|128,30,19,0.9964796996182234,0.9998279367944236,1.6220727478138053,0.0593321193096677
test/geometry/477.json|128,30,20,0.9999701714508423,0.9999999296496482,1.0586154858378098,0.005461551900117155
test/geometry/477.json|128,30,21,0.9999417271896829,0.999999936865861,1.0698199721410355,0.007633662968530708
test/geometry/477.json|128,30,22,0.9999884454092528,0.9999989167571175,1.0573064834498218,0.0033992044285682662
test/geometry/477.json|128,30,23,0.9999710191383463,0.9999991217920711,1.0668317074049187,0.005383387563022433
test/geometry/477.json|128,30,24,0.9993460443675634,0.999999832640913,1.1425738163542216,0.025572556235868217
test/geometry/477.json|128,30,25,0.9992718301986253,0.9999998700508965,1.1476237263383031,0.0269846215718266
test/geometry/477.json|128,30,26,0.8965205887965471,0.998121856876891,2.978000104455276,0.32168215866512234
test/geometry/477.json|128,30,27,0.9695561611392015,0.9972813021564156,2.6961510608935346,0.17448162900660485
test/geometry/477.json|128,30,28,0.965657834847329,0.9979132727723975,2.6694018972068507,0.18531639202367114
test/geometry/477.json|128,30,29,0.970209648177971,0.9978904709615957,2.6171658152760364,0.17259881755686812
test/geometry/477.json|128,30,30,0.9944650791293563,0.9996634945353985,1.811477470978474,0.0743970488033206
test/geometry/477.json|128,30,31,0.9829333640639777,0.9989674157281837,2.362386994880028,0.13063933533213612
test/geometry/477.json|256,0,0,0.9986973930284634,0.999963801942643,1.381062112608074,0.03609164683879932
test/geometry/477.json|256,0,1,0.9812364655309452,0.9997527680260232,1.9424105639130052,0.13698005135440258
test/geometry/477.json|256,0,2,0.8453464130424915,0.9910774110253827,4.022024022129312,0.3932602026108268
test/geometry/477.json|256,0,3,0.9337702303890583,0.9913184020026907,3.5168052616624372,0.25735145154232514
test/geometry/477.json|256,0,4,0.9851474642075678,0.9997498815071648,1.9520090498692344,0.1218709801077852
test/geometry/477.json|256,0,5,0.99581408640432,0.9998840156069078,1.6220196696768532,0.06469863673741504
test/geometry/477.json|256,0,6,0.9858346039601763,0.9993438971052034,2.142803591889603,0.11901846932230181
test/geometry/477.json|256,0,7,0.9838419214212729,0.9995305002310367,2.1542781388290093,0.12711443104040976
test/geometry/477.json|256,0,8,0.8296851689422814,0.9962147778011776,3.7008676254942174,0.41269217469891356
test/geometry/477.json|256,0,9,0.793998019297268,0.9964240887113207,3.8088025337414275,0.4538744107159292
test/geometry/477.json|256,0,10,0.9999206564911685,0.9999943605798264,1.1242332213775086,0.008907497338284304
test/geometry/477.json|256,0,11,0.9997637705892164,0.9999918614475927,1.174251451211121,0.015369756367086826
test/geometry/477.json|256,0,12,0.9998684793046316,0.9999990662830958,1.1103475894444292,0.011468247266621438
test/geometry/477.json|256,0,13,0.999866500917398,0.9999982768460806,1.1117859077909649,0.011554180308527394
test/geometry/477.json|256,0,14,0.6456897328461011,0.9908242188563638,4.404831019657631,0.5952396720262343
test/geometry/477.json|256,0,15,0.7502016393235432,0.9941258984227748,4.09947040833713,0.49979832000163504
test/geometry/477.json|256,0,16,0.5781617591409628,0.9701504262994727,5.11980872387193,0.6494907550219919
test/geometry/477.json|256,0,17,0.5072645012017456,0.9419819186266457,6.206747352225265,0.7019512082746595
test/geometry/477.json|256,0,18,0.982710271067353,0.999705331297764,2.0826819579487883,0.13149041384316584
test/geometry/477.json|256,0,19,0.981473326377771,0.9995951039746417,2.1482541109743782,0.1361127239541882
test/geometry/477.json|256,0,20,0.9999484721682241,0.9999935294300067,1.1119324765412457,0.007178288916995892
test/geometry/477.json|256,0,21,0.9998985076376881,0.999993467909103,1.139124981877089,0.010074341780579962
test/geometry/477.json|256,0,22,0.9002824246788569,0.9946888118447484,3.440050904161515,0.315780897650797
test/geometry/477.json|256,0,23,0.9588195433830606,0.996005464688574,3.0116505361225157,0.20292968392263208
test/geometry/477.json|256,0,24,0.9683549042733893,0.9976577562107475,2.6139695542277437,0.17789068476626502
test/geometry/477.json|256,0,25,0.941771257055324,0.995267417079298,3.133643226041673,0.24130632595246224
test/geometry/477.json|256,0,26,0.8438197632018072,0.9945931902852972,3.909026176851819,0.3951964534230954
test/geometry/477.json|256,0,27,0.701703966415107,0.9776158749380784,4.876055717549206,0.5461648410369281
test/geometry/477.json|256,0,28,0.6180375710325781,0.9938719385572604,4.3197332601499525,0.6180310906155304
test/geometry/477.json|256,0,29,0.8024735555569669,0.9981473234594053,3.6341724795678343,0.4444394721928208
test/geometry/477.json|256,0,30,0.9895037691618076,0.9998367763685532,1.7470393270605267,0.10245111438238434
test/geometry/477.json|256,0,31,0.9928373513871521,0.9997835771203661,1.6802553124656325,0.08463243239354448
test/geometry/477.json|256,1,0,0.9731787668608776,0.9988310630065402,2.4951064074049847,0.16377189361768532
test/geometry/477.json|256,1,1,0.9620514136552639,0.999309213348637,2.572486895287866,0.19480396901689678
test/geometry/477.json|256,1,2,0.8155097855969178,0.9840621603001899,4.286844476576586,0.4295232408183313
test/geometry/477.json|256,1,3,0.8577870212029376,0.9923971333155016,3.833593793433624,0.3771113612675471
test/geometry/477.json|256,1,4,0.9320752921827369,0.9896095587677225,3.8129347637648943,0.2606236900538075
test/geometry/477.json|256,1,5,0.7912409835212827,0.9671493123205426,5.206852456918622,0.45690153915118004
test/geometry/477.json|256,1,6,0.6372386509750539,0.9743471427243273,4.889878136623187,0.6022967283863877
test/geometry/477.json|256,1,7,0.7239354801173499,0.9903370547722393,4.3379059399496205,0.5254184236231635
test/geometry/477.json|256,1,8,0.8224308856812701,0.9974859003721965,3.5238811062413005,0.4213895042816443
test/geometry/477.json|256,1,9,0.7909935090855993,0.9986538720996926,3.19038496199572,0.4571722770623791
test/geometry/477.json|256,1,10,0.8768198780615999,0.9996594159134768,2.8133277579810168,0.3509702579114078
test/geometry/477.json|256,1,11,0.8978482090284146,0.9986310994117293,3.0391032564245553,0.31961193809303406
test/geometry/477.json|256,1,12,0.651803264406213,0.9724844624361171,5.347986539768397,0.5900819736221291
test/geometry/477.json|256,1,13,0.5843987969572044,0.9992284757803434,3.655298449014998,0.6446713915188075
test/geometry/477.json|256,1,14,0.9575856773359198,0.9988621051825024,2.6782858468348985,0.2059473783860338
test/geometry/477.json|256,1,15,0.9368382096732787,0.9952656695656492,3.2199693579228588,0.25132009534997657
test/geometry/477.json|256,1,16,0.9501012414564316,0.9993244802154423,2.6928087415221937,0.22338030025847938
test/geometry/477.json|256,1,17,0.7996577274630833,0.9989005266322507,3.2770031964340327,0.447596104246805
test/geometry/477.json|256,1,18,0.8790006933314104,0.9937557686712036,3.810635953098829,0.3478495460232622
test/geometry/477.json|256,1,19,0.7246635446191961,0.9871149113620622,4.694801068934805,0.5247251236417062
test/geometry/477.json|256,1,20,0.8266332130427771,0.994636264537325,3.6395749342931705,0.4163733744576169
test/geometry/477.json|256,1,21,0.7741481252441472,0.9959672479780772,3.619173136762325,0.4752387555280533
test/geometry/477.json|256,1,22,0.7466360853058591,0.9939154230303263,4.147269084123011,0.5033526742693842
test/geometry/477.json|256,1,23,0.7625131924891063,0.9606380562021739,5.383690186294648,0.48732618184424864
test/geometry/477.json|256,1,24,0.8512591037307499,0.9878020991724016,4.141568698834865,0.38566941318861436
test/geometry/477.json|256,1,25,0.7897888165996545,0.997448396140038,3.5092725450848112,0.45848793157546197
test/geometry/477.json|256,1,26,0.9413722786713724,0.9992120462927092,2.634267672769264,0.24213161984471915
test/geometry/477.json|256,1,27,0.9363296113442805,0.9984661069771826,2.7573125107419973,0.2523299202546529
test/geometry/477.json|256,1,28,0.7324219112647183,0.9574872983237507,5.503010600152622,0.5172795073606548
test/geometry/477.json|256,1,29,0.837664663882858,0.9905792740901793,4.27096146859987,0.4029085952386
test/geometry/477.json|256,1,30,0.7350612797954428,0.9694450654174055,5.1856527177156675,0.5147219834090606
test/geometry/477.json|256,1,31,0.6101872592404962,0.9697877010652559,5.261128536234268,0.6243498544562206
test/geometry/477.json|256,2,0,0.9770422685983209,0.9997429913244412,2.047818335953844,0.15151808935463487
test/geometry/477.json|256,2,1,0.9770700189939783,0.9997025427725212,2.09215327344958,0.1514264871349188
test/geometry/477.json|256,2,2,0.99840232806059,0.9998240169436434,1.525799343091911,0.03997088864924023
test/geometry/477.json|256,2,3,0.9998092111866357,0.9999930360977741,1.181201926173426,0.013812632383594288
test/geometry/477.json|256,2,4,0.9235213940982273,0.9983869167963136,2.971016831085265,0.2765476557517216
test/geometry/477.json|256,2,5,0.9695042853375472,0.9975950662621491,2.711473284459902,0.17463022264903869
test/geometry/477.json|256,2,6,0.9957115989339941,0.9996976819116175,1.7131496806970563,0.06548588447906861
test/geometry/477.json|256,2,7,0.9973527247713511,0.9999114761374664,1.524349009696279,0.05145167857950737
test/geometry/477.json|256,2,8,0.9036822735256302,0.991541267993212,3.9218947180169197,0.310350973052075
test/geometry/477.json|256,2,9,0.8205357216358903,0.9961148988585314,3.844000529901624,0.4236322442450642
test/geometry/477.json|256,2,10,0.8963541588863296,0.9983471822026351,3.0243169998013824,0.3219407416181903
test/geometry/477.json|256,2,11,0.9855394249040811,0.9998359074827046,1.89406889012463,0.12025213135707373
test/geometry/477.json|256,2,12,0.9678324249869413,0.9984469821022923,2.6451897343316015,0.1793532129989833
test/geometry/477.json|256,2,13,0.7530875133315656,0.9923896378213398,3.875299076585574,0.49690289460661663
test/geometry/477.json|256,2,14,0.9881968703621822,0.9994330346234169,2.0023702149730727,0.10864220928266242
test/geometry/477.json|256,2,15,0.9706899285033928,0.9991629319022105,2.3224813650250677,0.17120184431426913
test/geometry/477.json|256,2,16,0.6466614921298631,0.9969609293771243,3.9190489834146023,0.5944228359258558
test/geometry/477.json|256,2,17,0.7130502326176479,0.9770839317588002,4.73159351939759,0.5356769244445313
test/geometry/477.json|256,2,18,0.7635573950068583,0.9981562884841357,3.470733829236464,0.4862536426528255
test/geometry/477.json|256,2,19,0.8189942451254397,0.9985132483543769,3.062252139578484,0.42544771109333784
test/geometry/477.json|256,2,20,0.7923681343422756,0.9967905485692551,3.648258360591316,0.4556663973322198
test/geometry/477.json|256,2,21,0.967803964467967,0.9963037178484238,2.911374224230066,0.17943253755111693
test/geometry/477.json|256,2,22,0.8963466047198743,0.9970778201300469,3.2832998625626,0.32195247363566837
test/geometry/477.json|256,2,23,0.8765339304330166,0.9963220304982802,3.3950792814440165,0.35137738909466465
test/geometry/477.json|256,2,24,0.990434858640229,0.9999585900754397,1.6067319563099431,0.09780154068199051
test/geometry/477.json|256,2,25,0.6976747397045996,0.9999327450979082,2.2614846039463345,0.5498411227758437
test/geometry/477.json|256,2,26,0.9101627167468028,0.9942042490288029,3.642714911836656,0.2997286827335635
test/geometry/477.json|256,2,27,0.7742620326782305,0.9971485128007602,3.3365392602148978,0.47511889808948826
test/geometry/477.json|256,2,28,0.9869117707002306,0.9996313736471147,2.015334927047713,0.11440379932401451
test/geometry/477.json|256,2,29,0.9962088218974238,0.9999413834838772,1.5413471774770413,0.061572543414871464
test/geometry/477.json|256,2,30,0.9842949133131961,0.9996209055018402,1.9895457072554368,0.12531993730769228
test/geometry/477.json|256,2,31,0.961055185168765,0.9998788375787453,2.0895608288624654,0.19734440663782446
test/geometry/477.json|256,4,0,0.7831103554029222,0.9975931708869837,3.743314921230777,0.46571412325275025
test/geometry/477.json|256,4,1,0.7325940568218722,0.9955474193618015,4.032819681377327,0.5171130854833668
test/geometry/477.json|256,4,2,0.7693507349276767,0.9916657437084259,4.331578440953703,0.48025958092715165
test/geometry/477.json|256,4,3,0.7061954497501178,0.9933860404717979,4.1064363134944575,0.5420374066887655
test/geometry/477.json|256,4,4,0.9242996281424185,0.9945349745443346,3.3121605888293018,0.27513700561280646
test/geometry/477.json|256,4,5,0.9646637501261,0.9968076900121954,2.886512933561658,0.1879793868324398
test/geometry/477.json|256,4,6,0.9837692078617244,0.9998305047323013,1.9172596614111606,0.1274001261313175
test/geometry/477.json|256,4,7,0.8696374476712351,0.998112172802043,3.178354109719301,0.3610575471150893
test/geometry/477.json|256,4,8,0.8811678399940465,0.9996264325163998,2.662936876440091,0.3447204084558289
test/geometry/477.json|256,4,9,0.9657033463504376,0.9998387815611388,1.9950463269760181,0.18519355725716366
test/geometry/477.json|256,4,10,0.9994667814146845,0.9999900083962776,1.2630171049373728,0.023091526266479662
test/geometry/477.json|256,4,11,0.9930115147868515,0.9999654837846772,1.5402342811987566,0.08359716031749251
test/geometry/477.json|256,4,12,0.8703195261768893,0.9976181230780422,3.130907351438697,0.3601117518536581
test/geometry/477.json|256,4,13,0.9633096963939203,0.9947251674959163,3.087226032252576,0.19154713155273226
test/geometry/477.json|256,4,14,0.7994897533284736,0.9933784650526861,3.9091855494443886,0.4477837052322543
test/geometry/477.json|256,4,15,0.7303612152615048,0.9952728141116505,3.9376078783440085,0.5192675463944336
test/geometry/477.json|256,4,16,0.9159079602710027,0.9956313800375034,3.232742677375212,0.2899862750700406
test/geometry/477.json|256,4,17,0.7986143501707548,0.9988238290464936,3.466838964243579,0.4487601250437089
test/geometry/477.json|256,4,18,0.9963780315610298,0.999962085811443,1.4348793880309216,0.0601827918841443
test/geometry/477.json|256,4,19,0.995256129893651,0.9999339313806664,1.5451862515372512,0.06887575848111602
test/geometry/477.json|256,4,20,0.9369709056406816,0.9999611795741384,2.0493578403269015,0.25105595862141644
test/geometry/477.json|256,4,21,0.8576915146757248,0.9998510307850814,2.754132227994624,0.3772379690914943
test/geometry/477.json|256,4,22,0.7498979454570991,0.996365408288554,3.7469588875482014,0.5001020441298965
test/geometry/477.json|256,4,23,0.7430931442411977,0.9966336122792999,4.069853528980205,0.5068597989176122
test/geometry/477.json|256,4,24,0.9449883901023721,0.9983139524330253,2.821436711184397,0.23454553906998077
test/geometry/477.json|256,4,25,0.9027430925692282,0.9983148943405588,3.073610476241287,0.3118603973427401
test/geometry/477.json|256,4,26,0.9779273875253747,0.9991128152235849,2.3554961445041793,0.148568544701176
test/geometry/477.json|256,4,27,0.9670507642986417,0.999549926104342,2.403358598444077,0.18151924333623234
test/geometry/477.json|256,4,28,0.875111333152498,0.9999557987439509,2.313282225147225,0.35339590666489334
test/geometry/477.json|256,4,29,0.9424767363634413,0.9999674215956436,2.1598507912350127,0.2398400792956813
test/geometry/477.json|256,4,30,0.7286491375229258,0.9924379197188231,3.9949901661195093,0.5209134884768047
test/geometry/477.json|256,4,31,0.6607937048696967,0.9879897511611014,4.705080459607058,0.5824141955089207
test/geometry/477.json|256,5,0,0.9959839151429831,0.9999652599916578,1.499845718403641,0.06337258758340926
test/geometry/477.json|256,5,1,0.9984536239815899,0.9998764385976986,1.4646171584647083,0.0393239878243563
test/geometry/477.json|256,5,2,0.6332517782827705,0.9919474362070566,4.817436892388364,0.6055974089419716
test/geometry/477.json|256,5,3,0.6795237392346936,0.9865015095656244,4.762210636496443,0.5661062274567437
test/geometry/477.json|256,5,4,0.9756256160209014,0.9998266542076668,2.1486678671919934,0.15612297710170223
test/geometry/477.json|256,5,5,0.9563418468204105,0.9996030604661524,2.344297986546752,0.2089453353860515
test/geometry/477.json|256,5,6,0.8135479379505324,0.989069512878118,4.46637458378115,0.4318009518857822
test/geometry/477.json|256,5,7,0.8338766678474312,0.9829008915229056,4.570291673384521,0.40758230107865184
test/geometry/477.json|256,5,8,0.7022258373848621,0.9730113641421629,5.049180029168268,0.5456868723133605
test/geometry/477.json|256,5,9,0.7497015729182924,0.9748387745138962,5.153457602945672,0.5002983380760999
test/geometry/477.json|256,5,10,0.6461229539067336,0.9982185116729514,3.763632184533068,0.5948756559931382
test/geometry/477.json|256,5,11,0.7455245972008275,0.9843748519516541,4.443303343432081,0.504455550865656
test/geometry/477.json|256,5,12,0.9020965160467568,0.9943504007785343,3.628871916006431,0.3128953242751371
test/geometry/477.json|256,5,13,0.874076832193163,0.9853934196312636,4.173767810511024,0.35485654539100303
test/geometry/477.json|256,5,14,0.8975832283274018,0.9990280481672165,3.237391302127324,0.3200262046654902
test/geometry/477.json|256,5,15,0.9069648388378324,0.9980343720740775,3.2909159295533392,0.3050166571880421
test/geometry/477.json|256,5,16,0.8670224179182399,0.9965711949906938,3.5920009381627795,0.36466091383881566
test/geometry/477.json|256,5,17,0.9138656474797253,0.9981716712506267,3.1220537376205795,0.29348654572275484
test/geometry/477.json|256,5,18,0.9039102889157675,0.9956805264125099,3.456525243918686,0.30998340453035944
test/geometry/477.json|256,5,19,0.9291921158651413,0.9966138180759455,3.3404521962159808,0.26609750869720433
test/geometry/477.json|256,5,20,0.7891064163834794,0.9865493446816481,4.445030975588055,0.4592315141805063
test/geometry/477.json|256,5,21,0.7563836492927465,0.9833176976304884,4.459937847848312,0.4935750709945282
test/geometry/477.json|256,5,22,0.9882616370346253,0.9994725856680955,2.0398408496436677,0.10834372600836041
test/geometry/477.json|256,5,23,0.9856065666932479,0.9997824976963843,1.9819135919291289,0.11997263565810386
test/geometry/477.json|256,5,24,0.8482519243464708,0.9846181951172159,4.5113892704848615,0.38954855365349417
test/geometry/477.json|256,5,25,0.8017150628824155,0.9778867047403339,4.73827658549318,0.4452919683955512
test/geometry/477.json|256,5,26,0.9307878629987006,0.9986057306322247,2.911481121551189,0.2630819967259245
test/geometry/477.json|256,5,27,0.8748329807993527,0.9987256290831001,3.073244461517773,0.3537895125645294
test/geometry/477.json|256,5,28,0.8482647325360096,0.9874518563983842,4.250453894371601,0.38953211352081146
test/geometry/477.json|256,5,29,0.8829774904847826,0.9910458629546487,4.068986632630191,0.34208552953204174
test/geometry/477.json|256,5,30,0.9781051530328929,0.9985210651178843,2.572965029414978,0.1479690743605132
test/geometry/477.json|256,5,31,0.9708896852350967,0.9973776977402837,2.7398396685826527,0.1706174515250516
test/geometry/477.json|256,6,0,0.8215790562769768,0.9711683183990378,4.820539020186603,0.42239903376194315
test/geometry/477.json|256,6,1,0.8194271139933061,0.974810617403698,4.837540157785957,0.42493868499666376
test/geometry/477.json|256,6,2,0.9295225407928074,0.9967023485399659,3.3188504027987737,0.26547591078512683
test/geometry/477.json|256,6,3,0.98020523344722,0.9987192409246197,2.404471059200253,0.14069387532078292
test/geometry/477.json|256,6,4,0.9797919945297515,0.9985926444467679,2.4858648565069856,0.14215486439179098
test/geometry/477.json|256,6,5,0.9791317649366145,0.9985757649799416,2.4756030126889934,0.14445841984247762
test/geometry/477.json|256,6,6,0.8794075597179162,0.9984310258025421,3.1947719647208985,0.34726422257710887
test/geometry/477.json|256,6,7,0.8936151309663873,0.9985832251008919,3.0927432500865293,0.32616693430452554
test/geometry/477.json|256,6,8,0.9586013315588588,0.995102437236899,3.141430766508676,0.20346662734006565
test/geometry/477.json|256,6,9,0.9419970819479739,0.9930048436525446,3.2878126700926527,0.24083794977541656
test/geometry/477.json|256,6,10,0.887043248311954,0.986182627098523,4.243054508954075,0.33609039213885
test/geometry/477.json|256,6,11,0.9330184627238941,0.9933250127763428,3.5519053864582,0.25880791579104745
test/geometry/477.json|256,6,12,0.8621955998403318,0.9879667314827195,4.121544355712642,0.3712201505302052
test/geometry/477.json|256,6,13,0.9085494585900364,0.9915323183084357,3.7278766684609934,0.3024079056671031
test/geometry/477.json|256,6,14,0.9968755177021972,0.9997988728123153,1.6434363676845205,0.05589706877648257
test/geometry/477.json|256,6,15,0.9971147727898846,0.9998762506020842,1.6014703437015503,0.05371431103640272
test/geometry/477.json|256,6,16,0.8533171242324161,0.9846308553634353,4.288089019349115,0.38299200483506685
test/geometry/477.json|256,6,17,0.8793280749243979,0.9851421063965122,4.345172883481556,0.34737864798459056
test/geometry/477.json|256,6,18,0.9917831719821171,0.9997308289750417,1.8209901178409533,0.09064672094390909
test/geometry/477.json|256,6,19,0.9872658115680374,0.9996372952450644,1.9832022320270422,0.1128458613860633
test/geometry/477.json|256,6,20,0.9620982626218129,0.9992127214610648,2.5935758484751177,0.1946836854443308
test/geometry/477.json|256,6,21,0.9754464153007657,0.9998369954265294,1.9702155733114013,0.1566958349773034
test/geometry/477.json|256,6,22,0.9440845736272645,0.9992700940048983,2.816413555763944,0.23646442940268098
test/geometry/477.json|256,6,23,0.9063058730021917,0.999027208552406,3.1554122047209057,0.3060949640190252
test/geometry/477.json|256,6,24,0.8101394617699594,0.9975654209474994,3.272124497680889,0.435729891366246
test/geometry/477.json|256,6,25,0.9762148459387493,0.9995347431674582,2.2051962029761514,0.15422436273575812
test/geometry/477.json|256,6,26,0.9310112728367979,0.9986547864317152,2.6796608448664374,0.26265705237667264
test/geometry/477.json|256,6,27,0.9722226453002688,0.999512282985795,2.2636619164674965,0.166665397427694
test/geometry/477.json|256,6,28,0.9101343490004689,0.9916265470070973,3.6191537220567715,0.2997760013735775
test/geometry/477.json|256,6,29,0.8862583203490398,0.9956342402700225,3.4001299551419675,0.33725610394915045
test/geometry/477.json|256,6,30,0.9663352101483944,0.9996307576020592,2.390566611119524,0.18347967149416197
test/geometry/477.json|256,6,31,0.8591599897174466,0.9982090482045574,3.181052567760244,0.37528657087957923
test/geometry/477.json|256,8,0,0.7559808525858526,0.9933918275314693,4.129345639846838,0.49398294243237534
test/geometry/477.json|256,8,1,0.7338758765535391,0.9965680570181059,3.6551354838191976,0.5158721968147352
test/geometry/477.json|256,8,2,0.7091841529866711,0.9766627605411002,5.052354893931028,0.5392734436381313
test/geometry/477.json|256,8,3,0.6601159151071015,0.9774626409934503,4.869407605584053,0.5829957846270404
test/geometry/477.json|256,8,4,0.8440272736465194,0.9933439454667813,3.9058116868520556,0.39493382528403487
test/geometry/477.json|256,8,5,0.893220714812336,0.9947119495144823,3.6026029392880976,0.3267709980822411
test/geometry/477.json|256,8,6,0.9517412888114906,0.9975317434163237,2.9943477180330627,0.21967865437613515
test/geometry/477.json|256,8,7,0.8556520111521405,0.9981414452531792,3.2547833468845178,0.3799315581099568
test/geometry/477.json|256,8,8,0.9824365139769958,0.9983399922285657,2.520709176795884,0.13252730293416587
test/geometry/477.json|256,8,9,0.908075214410653,0.9924931387015615,3.881422261508668,0.3031910051260542
test/geometry/477.json|256,8,10,0.9290459347667438,0.9969669390433896,3.1602769948854244,0.2663720428897451
test/geometry/477.json|256,8,11,0.9114629893944775,0.9958549760627636,3.3668684160042037,0.2975516940054661
test/geometry/477.json|256,8,12,0.957214165651267,0.9990625615967291,2.540363506897469,0.2068473696925657
test/geometry/477.json|256,8,13,0.9774444338564628,0.9988644296582598,2.4347424002890077,0.15018510626402723
test/geometry/477.json|256,8,14,0.987148165917017,0.9995657950545472,2.0271885846621447,0.11336592999214076
test/geometry/477.json|256,8,15,0.9370958063336065,0.9994324619971491,2.52961914809246,0.2508070845618073
test/geometry/477.json|256,8,16,0.9196110661189664,0.9957677337431383,3.177163104853612,0.283529423307412
test/geometry/477.json|256,8,17,0.9363567235934828,0.9955574862680645,3.1487594133957555,0.25227619072460494
test/geometry/477.json|256,8,18,0.9823770543818439,0.9998687365378888,1.9525844795133127,0.13275144299839509
test/geometry/477.json|256,8,19,0.9609866056042725,0.9998246971852569,2.2232165047480654,0.1975180862496584
test/geometry/477.json|256,8,20,0.9999622808771466,1.0,1.059118420643859,0.006141589603143575
test/geometry/477.json|256,8,21,0.9999310800432782,0.9999999380216217,1.0801847978615051,0.008301804425650967
test/geometry/477.json|256,8,22,0.8939264219368408,0.9921392027737347,3.7786855864332485,0.32568938893239857
test/geometry/477.json|256,8,23,0.8581717740218826,0.989516454510622,3.9098911541226062,0.37660088419720605
test/geometry/477.json|256,8,24,0.874104399006453,0.9959848711734997,3.5723325255964355,0.3548177010713347
test/geometry/477.json|256,8,25,0.7736125959275042,0.9926643545356749,4.316291146026487,0.4758018537926222
test/geometry/477.json|256,8,26,0.7892780593717994,0.9935420293238073,4.00383562381567,0.45904459546780485
test/geometry/477.json|256,8,27,0.9574932384195619,0.9984427084617429,2.7388084146223757,0.2061716798700493
test/geometry/477.json|256,8,28,0.9518126822281684,0.9972473279190085,2.875258800598774,0.2195160991176538
test/geometry/477.json|256,8,29,0.9582514091504847,0.9984497094906561,2.757038719513999,0.20432471913480102
test/geometry/477.json|256,8,30,0.9963413364945156,0.9997244669599581,1.69813893859806,0.060486887054008516
test/geometry/477.json|256,8,31,0.9533126136672433,0.9958502402863011,3.1486239108559,0.21607264133331805
test/geometry/477.json|256,9,0,0.9596071716132312,0.996169926520788,3.0258972404204325,0.20097967157593036
test/geometry/477.json|256,9,1,0.9527065503921625,0.9979527130492001,2.941505942894044,0.21747057182027538
test/geometry/477.json|256,9,2,0.887680603349032,0.9871888921678409,4.10724606826041,0.33514086090921236
test/geometry/477.json|256,9,3,0.924889946600549,0.9902516026258655,3.8456734719239387,0.2740621341948774
test/geometry/477.json|256,9,4,0.9637642411422449,0.9988322819591394,2.6184390460321425,0.1903569249009741
test/geometry/477.json|256,9,5,0.9795867601500209,0.9986124327315921,2.3986502475351754,0.1428749097986736
test/geometry/477.json|256,9,6,0.7812675742349948,0.9874010768734203,4.436378901423275,0.4676883853218991
test/geometry/477.json|256,9,7,0.7557346291050727,0.990046309169367,4.325407638897238,0.49423210225047837
test/geometry/477.json|256,9,8,0.8548616084073747,0.993380378437816,3.6483997078727692,0.38097032901871153
test/geometry/477.json|256,9,9,0.9593692718721675,0.9971426501008142,2.9366404276616365,0.2015706529429136
test/geometry/477.json|256,9,10,0.7054014457850577,0.9830096037797936,4.91871237769429,0.5427693379465556
test/geometry/477.json|256,9,11,0.7250868468067444,0.980511275798389,4.697041378218576,0.524321612365212
test/geometry/477.json|256,9,12,0.900022215202268,0.9990000148789392,2.6730019305695283,0.31619263874690695
test/geometry/477.json|256,9,13,0.9704939402114945,0.9995016084839113,2.285445231213395,0.17177328019370625
test/geometry/477.json|256,9,14,0.9999416240815563,0.9999959291549202,1.1073503602531254,0.007640413499524052
test/geometry/477.json|256,9,15,0.9996545071256986,0.9999634001400598,1.2475626450776847,0.018587438615942
test/geometry/477.json|256,9,16,0.8465555267634409,0.9815107807742645,4.57543222633992,0.39171989129550094
test/geometry/477.json|256,9,17,0.834432619349191,0.9869182071348988,4.517825940050606,0.406899718174895
test/geometry/477.json|256,9,18,0.9919010741624162,0.9997603959396479,1.8979447075742923,0.08999403223316399
test/geometry/477.json|256,9,19,0.9974592580849523,0.9998205772845634,1.5738597264049332,0.05040577263615465
test/geometry/477.json|256,9,20,0.990730982172282,0.9998660080536609,1.8175630653193575,0.09627573852076156
test/geometry/477.json|256,9,21,0.9788044801679587,0.9998807358084442,2.117124562930693,0.14558681201276874
test/geometry/477.json|256,9,22,0.9011953657436762,0.9914595894316082,3.912543203480575,0.31433204459030867
test/geometry/477.json|256,9,23,0.7940677462354245,0.9916624545587699,4.471462217643327,0.45379759118419244
test/geometry/477.json|256,9,24,0.8619938089168191,0.9963233882007347,3.700934243941656,0.3714918452445234
test/geometry/477.json|256,9,25,0.8291761969740519,0.9961354777958953,3.8080724999255287,0.4133083631212271
test/geometry/477.json|256,9,26,0.9182576665084642,0.9959721654469753,3.5163294611542826,0.28590616203841396
test/geometry/477.json|256,9,27,0.7811991491233253,0.9964280186388604,3.810084971668678,0.46776153206166354
test/geometry/477.json|256,9,28,0.976398222589178,0.9970769837633712,2.784246166543453,0.1536286998279359
test/geometry/477.json|256,9,29,0.9772105244390026,0.9974527889506933,2.6867451603547563,0.15096183478282654
test/geometry/477.json|256,9,30,0.9776418159341637,0.9999263236977176,2.1584577898437116,0.149526532982733
test/geometry/477.json|256,9,31,0.9597428964530074,0.9998340027484275,2.2900782386289813,0.20064172932616145
test/geometry/477.json|256,10,0,0.7821779749360657,0.9870603121621391,4.386166204138124,0.4667140720654717
test/geometry/477.json|256,10,1,0.7918911529116409,0.9855348742655095,4.482067341651727,0.45618948594674896
test/geometry/477.json|256,10,2,0.8527670953725697,0.9845828876690829,4.611434326451679,0.3837094012757966
test/geometry/477.json|256,10,3,0.8334010507906614,0.9754689535842695,4.882423046423613,0.4081653454292005
test/geometry/477.json|256,10,4,0.9427562594793817,0.9974473086294381,3.092681680517217,0.23925664153920223
test/geometry/477.json|256,10,5,0.8791369579535592,0.9973234286184741,3.321890292431058,0.3476536236636127
test/geometry/477.json|256,10,6,0.9323567022968068,0.9977389563302473,2.9920744270619553,0.2600832514853527
test/geometry/477.json|256,10,7,0.9474286491515721,0.9975304639940398,2.955026613420231,0.22928443219814967
test/geometry/477.json|256,10,8,0.849500326155609,0.9995323377246418,2.7028410617728893,0.38794287446013365
test/geometry/477.json|256,10,9,0.9678235704496151,0.9998048196779903,2.0661928475636877,0.1793778959358842
test/geometry/477.json|256,10,10,0.9826516543286249,0.9999757060720037,1.6459862397727705,0.1317131188279099
test/geometry/477.json|256,10,11,0.9550873184899672,0.9999811941973973,1.808174692390846,0.21192612276459172
test/geometry/477.json|256,10,12,0.998875160480456,0.9999710102970059,1.3180666344149297,0.033538627275784674
test/geometry/477.json|256,10,13,0.9998740893431912,0.9999974909108245,1.1160644867797092,0.011220991792563653
test/geometry/477.json|256,10,14,0.9788130930037383,0.998532132560016,2.4827041982616405,0.14555722928203083
test/geometry/477.json|256,10,15,0.9905172240707372,0.9982831486557318,2.241554139143998,0.09737954574376917
test/geometry/477.json|256,10,16,0.8821832429837175,0.9984557294683277,2.9882022866030056,0.3432444566431954
test/geometry/477.json|256,10,17,0.9052524726001001,0.9984247938214448,3.233568637121549,0.3078108630310176
test/geometry/477.json|256,10,18,0.8860114218812556,0.9931326108292896,3.7275362754952535,0.33762194555263203
test/geometry/477.json|256,10,19,0.8726096973118971,0.9939433937220713,3.7270341859585447,0.3569177814120542
test/geometry/477.json|256,10,20,0.9838020368683341,0.9995039951247584,2.1588984751503872,0.12727121878754002
test/geometry/477.json|256,10,21,0.9898795394379378,0.9997672193260198,1.9501631186309887,0.10060049981020061
test/geometry/477.json|256,10,22,0.9943010112615492,0.9999867446408073,1.5091098062020647,0.07549164681241734
test/geometry/477.json|256,10,23,0.9946325684078667,0.9999884737352446,1.4947256826612476,0.07326275719718214
test/geometry/477.json|256,10,24,0.9620842523535911,0.9994222063030109,2.3597700975907054,0.1947196642519931
test/geometry/477.json|256,10,25,0.956869255743031,0.9990003542948186,2.416085823178489,0.20767942665793582
test/geometry/477.json|256,10,26,0.9851818500052932,0.9994520734090917,2.0749752707818216,0.12172982376848643
test/geometry/477.json|256,10,27,0.9889097596955542,0.9994768817387264,1.9877761218346937,0.10531020987751297
test/geometry/477.json|256,10,28,0.9969777077565268,0.9997069147272454,1.6813607423000967,0.05497537852050832
test/geometry/477.json|256,10,29,0.9949703283411571,0.9996404297190572,1.7497837876974658,0.07092017807960536
test/geometry/477.json|256,10,30,0.9303702122159488,0.9922777868700232,3.736823332540927,0.26387456827828476
test/geometry/477.json|256,10,31,0.916724827414755,0.9911997100122373,3.731907754369082,0.2885743796410987
test/geometry/477.json|256,12,0,0.9900445410828997,0.9997969097031654,1.8594030033727245,0.09977704604316695
test/geometry/477.json|256,12,1,0.9855503820121806,0.9999248653347826,1.9123563486946635,0.12020656383001474
test/geometry/477.json|256,12,2,0.9035641606744822,0.9992531453139718,2.85641227522648,0.3105412039094294
test/geometry/477.json|256,12,3,0.9220873208632262,0.998686650276144,2.9951245508272497,0.27912842767581697
test/geometry/477.json|256,12,4,0.9952500694059373,0.9999291309248701,1.599622970317384,0.06891974023502048
test/geometry/477.json|256,12,5,0.9978491409530895,0.999950590941285,1.463644065682868,0.04637735489342272
test/geometry/477.json|256,12,6,0.9875348033799409,0.9994757085953331,2.1332931932422703,0.11164764493736118
test/geometry/477.json|256,12,7,0.988609426443233,0.9993860103377878,2.105393583505783,0.10672663002628248
test/geometry/477.json|256,12,8,0.9814996913773917,0.9995112141418306,2.1386242976445757,0.1360158396018946
test/geometry/477.json|256,12,9,0.9178209510389952,0.9991203747679219,2.598396083941152,0.28666888383813965
test/geometry/477.json|256,12,10,0.9904033324459189,0.9999840548548757,1.5237715330142663,0.09796258241839617
test/geometry/477.json|256,12,11,0.9903050737985764,0.9999622920101349,1.5466641542143404,0.09846281633908126
test/geometry/477.json|256,12,12,0.9584964278690097,0.9972310204830399,2.9018456229039726,0.2037242551366683
test/geometry/477.json|256,12,13,0.9060767006765765,0.9962283823255561,3.4688476705996543,0.306469083797083
test/geometry/477.json|256,12,14,0.9833879297656024,0.9994696589594195,2.1949374618053086,0.12888782034931615
test/geometry/477.json|256,12,15,0.9837959715943493,0.99976858537968,2.1254250695656003,0.12729504470186856
test/geometry/477.json|256,12,16,0.9452744882923595,0.9875041376111343,3.6594473562960883,0.23393484500527173
test/geometry/477.json|256,12,17,0.9157728279719719,0.9868622976054033,4.0037415979228985,0.29021917929045987
test/geometry/477.json|256,12,18,0.9987264131806977,0.9999000565582514,1.4413669201825414,0.03568734816853644
test/geometry/477.json|256,12,19,0.9978426107073425,0.9997500271419499,1.6163208043698467,0.04644770492346763
test/geometry/477.json|256,12,20,0.9984469133194419,0.9997619573462901,1.5531255906649537,0.03940922075552993
test/geometry/477.json|256,12,21,0.9985982598835121,0.9997438036962911,1.5287765457912181,0.03743981993129587
test/geometry/477.json|256,12,22,0.9013006877892089,0.9994422934250526,2.673276140085324,0.3141644668176067
test/geometry/477.json|256,12,23,0.930414357209709,0.9994895042637052,2.5190028100871564,0.2637909073305807
test/geometry/477.json|256,12,24,0.876756230829599,0.9939844428774115,3.915243258034098,0.3510609194575794
test/geometry/477.json|256,12,25,0.8322692702511081,0.9970091474156267,3.6055893788700075,0.4095494228403843
test/geometry/477.json|256,12,26,0.933275878844296,0.9950470244123589,3.3868789496590184,0.2583101259256091
test/geometry/477.json|256,12,27,0.9558063570517844,0.9950260443143009,3.2508913156441914,0.2102228411667381
test/geometry/477.json|256,12,28,0.6300035977668814,0.985255214974021,4.744503022892192,0.6082732956764735
test/geometry/477.json|256,12,29,0.8209942384260264,0.9838013910240743,4.437867885320857,0.4230907249916661
test/geometry/477.json|256,12,30,0.994143001795211,0.9999004513445082,1.5902728458813142,0.07653102772594277
test/geometry/477.json|256,12,31,0.9874015926456832,0.9996296453136713,1.973367436726768,0.11224262717130615
test/geometry/477.json|256,13,0,0.9957073130558546,0.9999633387506085,1.5479403369617988,0.06551859998615217
test/geometry/477.json|256,13,1,0.9961385151240225,0.9997718707521592,1.6914187110959022,0.062140847081267596
test/geometry/477.json|256,13,2,0.9616128903203416,0.9970385866645409,2.909366464120905,0.19592628634172193
test/geometry/477.json|256,13,3,0.9674192714441799,0.9974419312116987,2.8458752399798,0.18050132563452287
test/geometry/477.json|256,13,4,0.8584047751804124,0.9835194591889305,4.3770338347382145,0.3762914094416555
test/geometry/477.json|256,13,5,0.8773256927761389,0.9874322866674224,4.108376271044919,0.35024892180256756
test/geometry/477.json|256,13,6,0.9955542553666225,0.9997150302391591,1.73731953468837,0.06667641737059322
test/geometry/477.json|256,13,7,0.9960398848879135,0.9998237392651752,1.6910022897693848,0.06292944550912945
test/geometry/477.json|256,13,8,0.9174244513720493,0.9935806726607526,3.5943893744151056,0.2873596155132984
test/geometry/477.json|256,13,9,0.8868058058073388,0.9914601493072003,3.892699844815768,0.33644344872899695
test/geometry/477.json|256,13,10,0.9760157959198428,0.9989616636228471,2.504673264685491,0.15486834434498623
test/geometry/477.json|256,13,11,0.9794305528818527,0.9987873295608503,2.4297037624611377,0.1434205254423067
test/geometry/477.json|256,13,12,0.9921081666349867,0.9998083850575966,1.7562575541599248,0.0888359913830724
test/geometry/477.json|256,13,13,0.9922824328188311,0.9998371154614383,1.7566011511617785,0.08784968515122234
test/geometry/477.json|256,13,14,0.9265782871946564,0.9996201053756417,2.6947520211784592,0.2709644124333371
test/geometry/477.json|256,13,15,0.9528210673510776,0.9992155330024189,2.6637190215057727,0.21720711924088115
test/geometry/477.json|256,13,16,0.9983582415099722,0.9998534088430491,1.5061323455499773,0.04051861905381018
test/geometry/477.json|256,13,17,0.9979897503129866,0.9998943147347333,1.505498909487969,0.04483580808921988
test/geometry/477.json|256,13,18,0.9626835939032707,0.9992324261712648,2.5829206314852406,0.19317454826329802
test/geometry/477.json|256,13,19,0.9678427321020475,0.9995841469392829,2.310261679559802,0.17932447657236444
test/geometry/477.json|256,13,20,0.9863494268948676,0.9996473339141356,1.9799411914221547,0.11683566709328279
test/geometry/477.json|256,13,21,0.9858352008553054,0.9997582580853841,2.00179908463363,0.1190159617223446
test/geometry/477.json|256,13,22,0.9505952108956539,0.9948849674059914,3.3654751755156704,0.22227188104739226
test/geometry/477.json|256,13,23,0.9549198794926855,0.9937870924301934,3.372243326543961,0.21232079621957542
test/geometry/477.json|256,13,24,0.9986018783186327,0.9999796979482105,1.3367473391448532,0.0373914653546411
test/geometry/477.json|256,13,25,0.9991467508719158,0.999930038071972,1.3600833974933344,0.02921042841322521
test/geometry/477.json|256,13,26,0.9887724683524117,0.9994920013693106,2.03037192743384,0.1059600474121651
test/geometry/477.json|256,13,27,0.9875427995865307,0.9996293841130245,1.9904122864495801,0.1116118291825258
test/geometry/477.json|256,13,28,0.9438432245561656,0.9971507329771415,3.1428245444530423,0.23697420839372868
test/geometry/477.json|256,13,29,0.9602543274504861,0.9985484801968585,2.8205747996855006,0.19936316748465321
test/geometry/477.json|256,13,30,0.962946779226173,0.9997171712723458,2.380609479617925,0.19249213171926535
test/geometry/477.json|256,13,31,0.9459050480491629,0.9996612819574722,2.711149586130069,0.2325832151098551
test/geometry/477.json|256,14,0,0.9845983971777283,0.9996198415245949,2.094801499749527,0.1241031942468511
test/geometry/477.json|256,14,1,0.9826086727842201,0.9992738990983635,2.1821523444214654,0.1318761813815514
test/geometry/477.json|256,14,2,0.9291773758643203,0.9974780901344323,3.0512383902557176,0.2661252038715607
test/geometry/477.json|256,14,3,0.9676351723574786,0.998835826525789,2.510888148779444,0.17990227247736854
test/geometry/477.json|256,14,4,0.9985364367712832,0.9999416457735653,1.3865804928773142,0.03825654491347551
test/geometry/477.json|256,14,5,0.994586993980837,0.9998631609208333,1.6484262862122536,0.07357313381366154
test/geometry/477.json|256,14,6,0.8988086436543664,0.9873646928937665,4.065251922700436,0.3181058885742821
test/geometry/477.json|256,14,7,0.9132367893978424,0.9939189786325144,3.664945490562656,0.29455595495959275
test/geometry/477.json|256,14,8,0.98332928949816,0.9985189453677868,2.4069375301539533,0.1291151056299765
test/geometry/477.json|256,14,9,0.9270365891704007,0.9966125407566307,3.3498269142065373,0.2701174019377488
test/geometry/477.json|256,14,10,0.9995020533811844,0.9999192830644915,1.326576620765121,0.02231471753833413
test/geometry/477.json|256,14,11,0.999496778131556,0.9999178915422912,1.3269702902638685,0.022432607259165877
test/geometry/477.json|256,14,12,0.963577884988632,0.9956412062518951,3.023392750648279,0.19084578856073312
test/geometry/477.json|256,14,13,0.9095172007944486,0.9934542244651849,3.5935277951543525,0.30080358908356025
test/geometry/477.json|256,14,14,0.9962780914704347,0.999547507232762,1.771888914170769,0.06100744650913798
test/geometry/477.json|256,14,15,0.9949029563771605,0.999424112769319,1.8687852216594805,0.0713935825045884
test/geometry/477.json|256,14,16,0.9555245832338151,0.9975207029734698,3.0278626934014823,0.21089195519550985
test/geometry/477.json|256,14,17,0.9731565155951836,0.9985080226101608,2.6477735578884936,0.16383981324701402
test/geometry/477.json|256,14,18,0.9917298316327402,0.9996270172232367,1.8803614227651342,0.09094046606027374
test/geometry/477.json|256,14,19,0.9806171279405321,0.9989945316947539,2.297995886243229,0.13922238347143706
test/geometry/477.json|256,14,20,0.989327400316898,0.9999538805687453,1.7392133989387812,0.10330827499819155
test/geometry/477.json|256,14,21,0.9994803035294756,0.9999935728855983,1.2362840688324723,0.022796852206487
test/geometry/477.json|256,14,22,0.8767001733909879,0.9941305648644595,3.868186628301228,0.3511407504249714
test/geometry/477.json|256,14,23,0.8950685737937387,0.9972303845212381,3.4448588287491577,0.32393120597784536
test/geometry/477.json|256,14,24,0.9585071008248987,0.9983545483995859,2.6599897450248187,0.20369805883979689
test/geometry/477.json|256,14,25,0.9275054961189643,0.9993189341982122,2.7796732464885823,0.26924803412659437
test/geometry/477.json|256,14,26,0.900707354692745,0.9945239872830763,3.607828575140581,0.3151073552097047
test/geometry/477.json|256,14,27,0.8757891718356263,0.9933139023043377,3.846716105802684,0.3524355659753619
test/geometry/477.json|256,14,28,0.9936450847131498,0.9996131454223205,1.8673859292900359,0.07971772253928339
test/geometry/477.json|256,14,29,0.9723847874504112,0.9986685713624864,2.4648541326500553,0.16617825534524294
test/geometry/477.json|256,14,30,0.9621792553214471,0.9978610841580101,2.8283772313983806,0.1944755631912475
test/geometry/477.json|256,14,31,0.9464544946185263,0.997735472548442,3.0220706716488306,0.23139901767612095
test/geometry/477.json|256,16,0,0.9770591800261036,0.9999282693400205,1.939705590066587,0.15146227244398655
test/geometry/477.json|256,16,1,0.9525063816843514,0.9998342521989821,2.2996512315767546,0.2179303060972672
test/geometry/477.json|256,16,2,0.9493305909399822,0.9986706055669574,2.864948673696885,0.22509866516711693
test/geometry/477.json|256,16,3,0.9436400603618448,0.9986105411122433,2.9491067219624116,0.2374024844818504
test/geometry/477.json|256,16,4,0.9360585866664423,0.994850853381396,3.3143491217164693,0.2528663942352913
test/geometry/477.json|256,16,5,0.9474299358350514,0.9968037737285083,2.9856154579419547,0.22928162631346757
test/geometry/477.json|256,16,6,0.9062196745640714,0.9988688755690431,3.1084876419751866,0.3062357350733722
test/geometry/477.json|256,16,7,0.9476878357079197,0.9989384306820935,2.7906913025526876,0.2287185263420528
test/geometry/477.json|256,16,8,0.911168748159896,0.9932527264585431,3.7699874280421515,0.2980457210565251
test/geometry/477.json|256,16,9,0.921487846199918,0.9924502340606912,3.664842821546937,0.28020020306930904
test/geometry/477.json|256,16,10,0.9809369670739025,0.999933191377246,1.8681251399307006,0.13806894265582487
test/geometry/477.json|256,16,11,0.9872339799020304,0.9999523530520594,1.760199131744188,0.11298681382342617
test/geometry/477.json|256,16,12,0.9816337274502347,0.9992843518712151,2.1857378362012754,0.13552222160872845
test/geometry/477.json|256,16,13,0.9901271496991699,0.9993793651837173,2.0223216100550285,0.09936221767266505
test/geometry/477.json|256,16,14,0.9055051267242887,0.9954536531401827,3.5054798530908893,0.30740018424801124
test/geometry/477.json|256,16,15,0.9312982281934009,0.9969722461433876,3.2441068288090484,0.2621102283517358
test/geometry/477.json|256,16,16,0.9760935414262937,0.9973417659635991,2.664250636594835,0.15461713544658084
test/geometry/477.json|256,16,17,0.9539566744817567,0.9979358625790017,3.040765894550531,0.2145770852589887
test/geometry/477.json|256,16,18,0.9971280937529375,0.999606162622969,1.6970022477828879,0.053590169313620026
test/geometry/477.json|256,16,19,0.9960821810646869,0.9992864028321771,1.8262071457336155,0.06259248305757702
test/geometry/477.json|256,16,20,0.9470348342816451,0.9993491338303316,2.7810092912100743,0.23014162100401322
test/geometry/477.json|256,16,21,0.979349702123029,0.9987591731579222,2.427831071917474,0.1437021150747999
test/geometry/477.json|256,16,22,0.9850683974228239,0.9992856487418574,2.186976890717555,0.12219493679026179
test/geometry/477.json|256,16,23,0.9844868404408287,0.9992423673981001,2.2133910306181206,0.12455183482860185
test/geometry/477.json|256,16,24,0.9768061218503493,0.9994084793864326,2.1501206785598894,0.15229536483311198
test/geometry/477.json|256,16,25,0.9755272029148336,0.9990281035014524,2.3833872821472863,0.15643783776684708
test/geometry/477.json|256,16,26,0.9723202835853036,0.9977215975992735,2.7539618361478255,0.16637222248529457
test/geometry/477.json|256,16,27,0.9959654150581576,0.9995138260271541,1.7735569025764129,0.06351838270801918
test/geometry/477.json|256,16,28,0.9253999291940145,0.9952421934948997,3.4232894173972914,0.2731301352944884
test/geometry/477.json|256,16,29,0.9519237770918886,0.9963834919826995,3.0363873006817803,0.21926290819039918
test/geometry/477.json|256,16,30,0.9984803587068577,0.9999081628543587,1.4657372268460924,0.03898257678941073
test/geometry/477.json|256,16,31,0.9985643692043015,0.9999657663726099,1.4098212372050123,0.03788971886539313
test/geometry/477.json|256,17,0,0.9448287828681778,0.998190579199291,3.0085749752923174,0.23488554049115531
test/geometry/477.json|256,17,1,0.9573738125084383,0.9984408445013712,2.831951792161759,0.2064611040645711
test/geometry/477.json|256,17,2,0.9991748720908308,0.9999474080925993,1.3374507874768113,0.02872503975922785
test/geometry/477.json|256,17,3,0.9995851866187654,0.9999471078255533,1.2842684347472924,0.02036696789496692
test/geometry/477.json|256,17,4,0.9989748183973773,0.999910656893216,1.3869166574965017,0.03201845721802754
test/geometry/477.json|256,17,5,0.9990022239444156,0.9999298407883086,1.3631931213516475,0.03158759338069895
test/geometry/477.json|256,17,6,0.9986492954800097,0.9998070569040203,1.480677487548497,0.03675193219397191
test/geometry/477.json|256,17,7,0.9978145300910747,0.999704512943751,1.594500962020167,0.04674900971063793
test/geometry/477.json|256,17,8,0.9319734555235097,0.9989831652637893,2.690537606478659,0.26081898795235414
test/geometry/477.json|256,17,9,0.9507423313081153,0.9993835540161017,2.42136277320225,0.22194068732858505
test/geometry/477.json|256,17,10,0.9229817713428095,0.99584657072538,3.3684750499081444,0.27752158232683555
test/geometry/477.json|256,17,11,0.9241501002180162,0.9973458096714998,3.2263825807549904,0.27540860513423276
test/geometry/477.json|256,17,12,0.9970700530554303,0.9999124248236774,1.565294916698547,0.05412898432974442
test/geometry/477.json|256,17,13,0.997860589185084,0.9999055344144803,1.5309229762608179,0.046253765413379874
test/geometry/477.json|256,17,14,0.9531492748026361,0.9985375766822616,2.8080425265850137,0.21645028343100844
test/geometry/477.json|256,17,15,0.9772624659543826,0.9989733480290106,2.4330301282176374,0.15078970139110098
test/geometry/477.json|256,17,16,0.9861972064108696,0.9993462680136844,2.112453105977624,0.11748529094797523
test/geometry/477.json|256,17,17,0.9863192255526864,0.9980738964186214,2.459989237150139,0.11696484278326388
test/geometry/477.json|256,17,18,0.9996352985932352,0.9999657385023002,1.2408969176111753,0.019097157033569456
test/geometry/477.json|256,17,19,0.9997930121752766,0.9999547214133417,1.2298170823384516,0.014387071443604932
test/geometry/477.json|256,17,20,0.999497146940093,0.9999721934826418,1.2582987960645255,0.022424385385268624
test/geometry/477.json|256,17,21,0.9995054527306314,0.9999687346778007,1.262004877994342,0.022238418769521245
test/geometry/477.json|256,17,22,0.9930592659678049,0.9997975125757107,1.703046537144569,0.08331106788533613
test/geometry/477.json|256,17,23,0.992584921322924,0.999717545643454,1.7768465428698672,0.08611085109947542
test/geometry/477.json|256,17,24,0.9730766346775278,0.9994640043831825,2.3182770210033725,0.1640834096503123
test/geometry/477.json|256,17,25,0.9787616167789126,0.9994957433124146,2.255412841606028,0.14573394670112863
test/geometry/477.json|256,17,26,0.9992799913044468,0.9998906629661605,1.3755173213450291,0.02683297776157578
test/geometry/477.json|256,17,27,0.9990299423945072,0.9999089236254879,1.3990129346900524,0.031145747791517974
test/geometry/477.json|256,17,28,0.9211280157650996,0.9915051729809964,3.7032322112262266,0.28084156429364293
test/geometry/477.json|256,17,29,0.8963166794840247,0.9888290046065819,4.029763753289742,0.3219989448988541
test/geometry/477.json|256,17,30,0.9548524710096389,0.9988114070717004,2.69699729562831,0.21247947898646852
test/geometry/477.json|256,17,31,0.9811361423939132,0.9990303277673624,2.3561768948365285,0.13734575933055515
test/geometry/477.json|256,18,0,0.9750895428223532,0.9948271339024527,2.9342976117804045,0.1578304697377754
test/geometry/477.json|256,18,1,0.9887797188082265,0.9978497915685053,2.363518245445238,0.10592582872828298
test/geometry/477.json|256,18,2,0.998286432850575,0.9997226906212056,1.5632653043558897,0.04139525515593611
test/geometry/477.json|256,18,3,0.9869412233891603,0.9994663535078991,2.1246435655549485,0.11427500431345278
test/geometry/477.json|256,18,4,0.9601617997368381,0.9992612702143041,2.3906669253912485,0.19959509077921198
test/geometry/477.json|256,18,5,0.9699815115537316,0.9997146594406002,2.1206138250861626,0.1732584440835956
test/geometry/477.json|256,18,6,0.9830577192407542,0.9967399916705465,2.6467048614537814,0.13016251672138854
test/geometry/477.json|256,18,7,0.9500740701584289,0.9933294310586682,3.3952808404714334,0.22344111045546447
test/geometry/477.json|256,18,8,0.9614046320257998,0.9994561638049831,2.2560997648037753,0.19645703849493446
test/geometry/477.json|256,18,9,0.9596519630672787,0.9997623562056669,2.120623178590888,0.20086820786954132
test/geometry/477.json|256,18,10,0.9260291771213236,0.9943158291625963,3.568276855128093,0.2719757762718518
test/geometry/477.json|256,18,11,0.9598789555915442,0.9979658012946968,2.9349692960702103,0.20030238243329948
test/geometry/477.json|256,18,12,0.9874095594128355,0.9997443318299905,1.9464060690745157,0.11220713251466914
test/geometry/477.json|256,18,13,0.986006528585681,0.9997810941648615,1.9296038403301985,0.11829400413511645
test/geometry/477.json|256,18,14,0.9998371747652113,0.9999942210221775,1.15338004133375,0.012760299165330002
test/geometry/477.json|256,18,15,0.9996973336614751,0.9999873012578688,1.2111975805647273,0.017397308370116837
test/geometry/477.json|256,18,16,0.972454280952782,0.9998883695417901,1.955240167790632,0.16596903038584648
test/geometry/477.json|256,18,17,0.9735983902105094,0.9990550578725548,2.321804537656828,0.1624857218019189
test/geometry/477.json|256,18,18,0.9380949247216837,0.9983526067093147,2.8292728936230622,0.24880730551637012
test/geometry/477.json|256,18,19,0.9164854346455182,0.9964625808754671,3.0691875143563747,0.2889888671808687
test/geometry/477.json|256,18,20,0.9911371638854268,0.9999332028121897,1.6949502614585297,0.09414263707042186
test/geometry/477.json|256,18,21,0.9858184748753568,0.9998708168906133,1.929252621522443,0.1190862087928036
test/geometry/477.json|256,18,22,0.943116144251219,0.9959842617155277,3.3261044251185856,0.2385033663258885
test/geometry/477.json|256,18,23,0.9072311779897215,0.9974540565510299,3.3882039040829075,0.30457974655298153
test/geometry/477.json|256,18,24,0.9988920359531436,0.9999689370916556,1.3427657746675017,0.033286093896046504
test/geometry/477.json|256,18,25,0.9989189513494776,0.9999614552184848,1.3550587879540748,0.032879304288904704
test/geometry/477.json|256,18,26,0.9875619718314644,0.9997338834163362,1.9735251739517075,0.11152590805967717
test/geometry/477.json|256,18,27,0.9719517163853842,0.9993247549187915,2.346618669851523,0.1674762180568207
test/geometry/477.json|256,18,28,0.8602560761555057,0.9902001241861004,3.91512470955361,0.3738233858983334
test/geometry/477.json|256,18,29,0.8995481056092283,0.9953349454093516,3.5635991331436307,0.3169414683987751
test/geometry/477.json|256,18,30,0.9452537798785748,0.9956101580249181,3.2859256393225555,0.23397910189037216
test/geometry/477.json|256,18,31,0.9584704073281725,0.9961965531506854,3.0631400672145457,0.20378810728751456
test/geometry/477.json|256,20,0,0.9998767622571535,0.9999816952575392,1.1695945431432535,0.011101249607431805
test/geometry/477.json|256,20,1,0.9994313587713195,0.9999754885101917,1.288402024704193,0.023846199459882488
test/geometry/477.json|256,20,2,0.9970290136140321,0.999946829142215,1.50780528647866,0.05450675541589256
test/geometry/477.json|256,20,3,0.9973633558357016,0.9999405064906517,1.4787948769562649,0.05134826349837382
test/geometry/477.json|256,20,4,0.9828022756747825,0.9994023572634553,2.1481843270797043,0.13114009427027834
test/geometry/477.json|256,20,5,0.964550113806626,0.9995442401313143,2.2833423688936447,0.18828140161304827
test/geometry/477.json|256,20,6,0.9837555368739785,0.9980970977212361,2.450119990643574,0.1274537685830492
test/geometry/477.json|256,20,7,0.986142549646489,0.9987182277668172,2.338261147259951,0.1177176722226151
test/geometry/477.json|256,20,8,0.9049252403281135,0.999259286961691,2.8306746209085714,0.30834195250060686
test/geometry/477.json|256,20,9,0.8594438956514512,0.9980906485164714,3.187229837896428,0.3749081278774159
test/geometry/477.json|256,20,10,0.9995272228339499,0.9999985160244049,1.154736301742796,0.02174343960945687
test/geometry/477.json|256,20,11,0.9973165482568218,0.9999872383839439,1.3445845619189338,0.05180204381275114
test/geometry/477.json|256,20,12,0.8811891741644887,0.9973241275880308,3.3700675859435463,0.3446894629017709
test/geometry/477.json|256,20,13,0.9104936506918277,0.9975747330166814,3.149782814773129,0.2991761175431158
test/geometry/477.json|256,20,14,0.9859417892987387,0.9996449550163241,2.0045235013269282,0.11856732560558723
test/geometry/477.json|256,20,15,0.9565607655303996,0.9994374951237757,2.2764535751887474,0.20842081102807467
test/geometry/477.json|256,20,16,0.9210108953240929,0.9995322406829286,2.935647433323194,0.2810500038710321
test/geometry/477.json|256,20,17,0.935568136290256,0.9976705101163051,3.1508929392023566,0.25383432334840766
test/geometry/477.json|256,20,18,0.9941557672233637,0.9996915417235387,1.732805351112793,0.07644758188874426
test/geometry/477.json|256,20,19,0.9971115790589725,0.9997964633500892,1.615277102444018,0.053744031678201076
test/geometry/477.json|256,20,20,0.9999989114671937,1.0,1.015417641470475,0.0010433277559506542
test/geometry/477.json|256,20,21,0.9999986488221106,1.0,1.0152314245693705,0.0011624017762171064
test/geometry/477.json|256,20,22,0.9218982593161714,0.9997174143676641,2.491730222988445,0.2794668865605165
test/geometry/477.json|256,20,23,0.8347826480489475,0.9997833444929597,2.509185887802443,0.4064693739398486
test/geometry/477.json|256,20,24,0.9990318250093049,0.9999745827818902,1.3446572139509883,0.031115510452106122
test/geometry/477.json|256,20,25,0.9996748310611233,0.9999603427455273,1.2560507929520965,0.018032441289983044
test/geometry/477.json|256,20,26,0.868781489848421,0.9943796930415302,3.9098981455590573,0.36224095592792793
test/geometry/477.json|256,20,27,0.9238591028726523,0.9989404502699007,2.6459515264923037,0.2759364005116899
test/geometry/477.json|256,20,28,0.9858495128938355,0.9999852168083604,1.7449158121748387,0.11895581997600836
test/geometry/477.json|256,20,29,0.9855116608409957,0.9999596153261187,1.7777784625476083,0.12036751704261524
test/geometry/477.json|256,20,30,0.9721162110595173,0.9989776462809535,2.4281190619139963,0.16698439729652204
test/geometry/477.json|256,20,31,0.97642382836738,0.9991446095206757,2.4077132250534365,0.15354534064119316
test/geometry/477.json|256,21,0,0.9975728160470193,0.9997355737067684,1.6208572205087526,0.04926645870144001
test/geometry/477.json|256,21,1,0.9991278897348662,0.9998666593529991,1.4130082563052007,0.029531513085749354
test/geometry/477.json|256,21,2,0.8764869211198674,0.9841365631518169,4.289051679415478,0.35144427564001185
test/geometry/477.json|256,21,3,0.9397208789083337,0.9960447086314241,3.201728070975086,0.2455180667316895
test/geometry/477.json|256,21,4,0.9269063656064572,0.9955333985576738,3.3660381004433915,0.27035834441263834
test/geometry/477.json|256,21,5,0.9400451535488985,0.9948649135929977,3.393197427257757,0.24485678763534716
test/geometry/477.json|256,21,6,0.9402229294251925,0.9932702955556667,3.5896132331721735,0.24449349802153741
test/geometry/477.json|256,21,7,0.9083727122124045,0.9949670596465726,3.5565554634852736,0.3026999963455493
test/geometry/477.json|256,21,8,0.9987362745830692,0.9999130857041907,1.439080894026959,0.035548915833408495
test/geometry/477.json|256,21,9,0.9937534202160291,0.9997981939648526,1.768598332363924,0.07903530719856106
test/geometry/477.json|256,21,10,0.9992540663649931,0.9999650439096163,1.324366240265229,0.027311785642957453
test/geometry/477.json|256,21,11,0.9731426696635012,0.9999487710001687,2.0046532596241593,0.16388206227802615
test/geometry/477.json|256,21,12,0.999715984643316,0.9999958118980719,1.1659572914647067,0.016852755165965787
test/geometry/477.json|256,21,13,0.9996869059448819,0.9999935537254632,1.1908064611652238,0.017694463968093127
test/geometry/477.json|256,21,14,0.8589744025317063,0.9968851966661276,3.3897431331044423,0.37553375010549145
test/geometry/477.json|256,21,15,0.8186744083818625,0.9964412286744997,3.704262279894139,0.42582342774692133
test/geometry/477.json|256,21,16,0.9998922686276973,0.9999947785981772,1.1353876174864896,0.010379372442623325
test/geometry/477.json|256,21,17,0.9999379284551781,0.9999935996267012,1.1175540151316345,0.007878549664871776
test/geometry/477.json|256,21,18,0.9921494185527999,0.9998584341735841,1.817478999147666,0.08860350696896865
test/geometry/477.json|256,21,19,0.9823194995740024,0.9997154080030547,2.2271872515126145,0.13296804287496133
test/geometry/477.json|256,21,20,0.9588382216578571,0.9980607069893741,2.7671023475194665,0.20288365715883291
test/geometry/477.json|256,21,21,0.9554135155864106,0.9985789820847358,2.8450730155502417,0.21115511931655687
test/geometry/477.json|256,21,22,0.9998259211765963,0.9999637750935763,1.1995664088007847,0.01319389341338259
test/geometry/477.json|256,21,23,0.9994687158760197,0.999965906901135,1.2671508911638647,0.023049601384412078
test/geometry/477.json|256,21,24,0.999298444529163,0.9999758222505291,1.2843601046845055,0.026486892434503247
test/geometry/477.json|256,21,25,0.9993085432955447,0.9999676228561423,1.3069460966734945,0.02629556434943451
test/geometry/477.json|256,21,26,0.7767475659926824,0.9885207019969767,4.359396151701725,0.4724959618952501
test/geometry/477.json|256,21,27,0.6684092840499001,0.9913535131935843,4.614984722324199,0.5758391406895679
test/geometry/477.json|256,21,28,0.9848325233443336,0.9997062069296393,1.992727187626827,0.12315630984917672
test/geometry/477.json|256,21,29,0.9918120695570769,0.9997149126295068,1.8597270957722731,0.09048718386005333
test/geometry/477.json|256,21,30,0.983386443738635,0.9994751219279384,2.234579368983737,0.1288935850279794
test/geometry/477.json|256,21,31,0.9861935955589336,0.9997604498896908,1.9347130448131582,0.11750065719418934
test/geometry/477.json|256,22,0,0.9973800094485525,0.9999249439433565,1.4868282038019258,0.05118584327182136
test/geometry/477.json|256,22,1,0.9965677256771092,0.9998754937211944,1.5701319899370727,0.05858561532399261
test/geometry/477.json|256,22,2,0.9937244995297795,0.999523221953006,1.853266240671729,0.07921805646581162
test/geometry/477.json|256,22,3,0.995519085762692,0.9996258304251029,1.7687850351499539,0.06693963129049942
test/geometry/477.json|256,22,4,0.7292188617836242,0.995652894773268,4.067997713431682,0.5203663500038948
test/geometry/477.json|256,22,5,0.8211978853181161,0.997969017931549,3.6248622445714656,0.4228499907554497
test/geometry/477.json|256,22,6,0.9028811802306228,0.9997859011861429,2.332444210609466,0.31163892531161314
test/geometry/477.json|256,22,7,0.9567779036937509,0.9997934195272918,2.3604339336728266,0.20789924556440573
test/geometry/477.json|256,22,8,0.9916177460527883,0.9995147057887704,1.9492304092989308,0.09155465005782996
test/geometry/477.json|256,22,9,0.9901969496135798,0.9995348042581146,1.9298826528352995,0.0990103549454306
test/geometry/477.json|256,22,10,0.9607595577440423,0.9988013930240477,2.7722768129941247,0.198092004523044
test/geometry/477.json|256,22,11,0.9846458943227053,0.9995450484233276,2.178388740287281,0.12391168499094293
test/geometry/477.json|256,22,12,0.9999960306232455,0.9999998139354647,1.0299395718632984,0.001992329479405712
test/geometry/477.json|256,22,13,0.9999917691849258,0.9999991300764556,1.0502394341361354,0.0028689397125371565
test/geometry/477.json|256,22,14,0.8314491253421517,0.9845918842311486,4.304542162669324,0.4105494789399304
test/geometry/477.json|256,22,15,0.9619548153726792,0.998413687470995,2.7693377507703882,0.19505174858821636
test/geometry/477.json|256,22,16,0.9997053103982593,0.9999952000212945,1.156342495721854,0.01716652561646437
test/geometry/477.json|256,22,17,0.9997015642303193,0.9999966028574327,1.1546100959422467,0.017275293620679616
test/geometry/477.json|256,22,18,0.9910782070555516,0.9999820524308856,1.4841721887922015,0.094455243075482
test/geometry/477.json|256,22,19,0.9950570551117531,0.9999770857967147,1.435567049298591,0.07030608002332991
test/geometry/477.json|256,22,20,0.8220288448125922,0.9968954923541583,3.7937159832229574,0.42186627642821584
test/geometry/477.json|256,22,21,0.9268427385116984,0.996407027588807,3.218362961573777,0.27047599059491695
test/geometry/477.json|256,22,22,0.9957750372461563,0.9999875361023884,1.4723339999995206,0.06499971349047358
test/geometry/477.json|256,22,23,0.9942821072744643,0.999984418361312,1.5401057134983687,0.07561674897491752
test/geometry/477.json|256,22,24,0.9995344599671759,0.9999690278578985,1.2755207532459838,0.021576376730676153
test/geometry/477.json|256,22,25,0.9998071987644886,0.9999654523217749,1.2138956542720283,0.013885288456180983
test/geometry/477.json|256,22,26,0.9999128201406853,0.9999974113260165,1.1099615680563437,0.009337015546453978
test/geometry/477.json|256,22,27,0.9999374912358846,0.9999983245073536,1.0981708071292542,0.00790624842231755
test/geometry/477.json|256,22,28,0.9999261491759963,0.9999925672719068,1.1247684868024277,0.008593650214180529
test/geometry/477.json|256,22,29,0.9991111699743924,0.9999640318294083,1.3194350063544018,0.029813252516415895
test/geometry/477.json|256,22,30,0.9806189219932671,0.9999531706357387,1.7197979686270581,0.13921594020345854
test/geometry/477.json|256,22,31,0.9844567772219474,0.999753725864816,1.861139507570825,0.12467246198761235
test/geometry/477.json|256,24,0,0.9092581896313158,0.9972004183690703,3.470862092157761,0.3012338134550705
test/geometry/477.json|256,24,1,0.8899956025770603,0.9967221425582282,3.5807018522333225,0.3316691083338026
test/geometry/477.json|256,24,2,0.999851995933549,0.9999945740558678,1.1439030684651614,0.012165692189554638
test/geometry/477.json|256,24,3,0.9995766948163248,0.9999727494726869,1.243525688298816,0.020574381732513157
test/geometry/477.json|256,24,4,0.7588483954379676,0.9878412352790501,4.550044245351152,0.4910718934759272
test/geometry/477.json|256,24,5,0.776664143935758,0.9867933491931098,4.2849264928251625,0.4725842317135031
test/geometry/477.json|256,24,6,0.9984626181996946,0.9998989319915818,1.4616387029830769,0.039209460596970495
test/geometry/477.json|256,24,7,0.9996177353297591,0.9999727312606174,1.2550798322488919,0.019551589967082967
test/geometry/477.json|256,24,8,0.8702163607383728,0.9989234541073836,2.7319352674529713,0.3602549642428639
test/geometry/477.json|256,24,9,0.9754101872639188,0.9992504627118216,2.301999751922753,0.15681139223947088
test/geometry/477.json|256,24,10,0.9985870964973114,0.9999191552675366,1.432745704210755,0.03758860868253351
test/geometry/477.json|256,24,11,0.9990034796372859,0.9999773202021583,1.3255528206618028,0.031567710761379854
test/geometry/477.json|256,24,12,0.9977039840302687,0.9998484686564656,1.5580058017489617,0.047916760843480226
test/geometry/477.json|256,24,13,0.9962117247285487,0.9998103618703276,1.6274830955071613,0.06154896645315268
test/geometry/477.json|256,24,14,0.9856098133082191,0.999360338114559,2.1809559314337577,0.11995910424715973
test/geometry/477.json|256,24,15,0.9802143489861117,0.9992968277064476,2.3182446870905324,0.14066147665188325
test/geometry/477.json|256,24,16,0.9951399971155165,0.9998315430384086,1.6796198742713333,0.06971372091979826
test/geometry/477.json|256,24,17,0.9944547914689259,0.9999750632380697,1.473037240669672,0.07446615695115531
test/geometry/477.json|256,24,18,0.9063998892944054,0.9935504005777189,3.6734555954290404,0.3059413517417915
test/geometry/477.json|256,24,19,0.9490110435704413,0.9935720348080458,3.2610124385744346,0.22580734361299834
test/geometry/477.json|256,24,20,0.9999848108362743,0.9999994348218149,1.0549960376579748,0.0038973277672875676
test/geometry/477.json|256,24,21,0.999994525218711,0.9999997392961291,1.0382789264473793,0.002339825055208886
test/geometry/477.json|256,24,22,0.9999907567294777,0.9999994976483412,1.0455518876591532,0.0030402747445451178
test/geometry/477.json|256,24,23,0.9999780621954383,0.9999999392304583,1.051373599298478,0.004683781011290179
test/geometry/477.json|256,24,24,0.9999963714809502,0.9999995731154059,1.0355782094509758,0.0019048672000380757
test/geometry/477.json|256,24,25,0.999986512561391,0.9999990408932545,1.0571277412596962,0.003672524827548641
test/geometry/477.json|256,24,26,0.9909467040458354,0.9997172051411677,1.855423959864407,0.09514880952573498
test/geometry/477.json|256,24,27,0.9972172437798871,0.9999648622212984,1.432922446890565,0.05275183617764338
test/geometry/477.json|256,24,28,0.981309833435843,0.9999783586579095,1.7872269537139251,0.1367119839814967
test/geometry/477.json|256,24,29,0.960152774757835,0.9999682340259305,1.8257975875043608,0.1996176977178251
test/geometry/477.json|256,24,30,0.9753123925719158,0.9993082296960419,2.226350150170484,0.15712290548511434
test/geometry/477.json|256,24,31,0.8112057235850095,0.9825865960425523,4.594486166219682,0.4345046333642375
test/geometry/477.json|256,25,0,0.9999902146546229,0.9999986554487268,1.0542350311485333,0.003128153669035488
test/geometry/477.json|256,25,1,0.9999928137051267,0.9999992015227919,1.0461284653069196,0.0026807265569775696
test/geometry/477.json|256,25,2,0.9943404695758717,0.9999434561600102,1.531917423538694,0.0752298506188086
test/geometry/477.json|256,25,3,0.9909604086563841,0.999790179042762,1.7508596108134398,0.09507676552983842
test/geometry/477.json|256,25,4,0.9996590179102262,0.9999536000530109,1.2587704122709218,0.01846570035968971
test/geometry/477.json|256,25,5,0.999890406224792,0.9999811740754244,1.165321415851616,0.010468704562075855
test/geometry/477.json|256,25,6,0.9999629377126216,0.9999977160495173,1.0839824380415257,0.006087880368275233
test/geometry/477.json|256,25,7,0.9998711619907628,0.999996970137677,1.1247975328753272,0.011350683205747666
test/geometry/477.json|256,25,8,0.9999985266637036,0.9999999298411287,1.0211086462094692,0.0012138106509704148
test/geometry/477.json|256,25,9,0.9999995117025767,1.0,1.014357910130057,0.000698782815525244
test/geometry/477.json|256,25,10,0.9988111043554613,0.9999175839302459,1.4256158793795595,0.0344803660731542
test/geometry/477.json|256,25,11,0.9984869953415423,0.9998931371190052,1.4427527047809834,0.03889736055901116
test/geometry/477.json|256,25,12,0.9999733013550407,0.9999957192046057,1.0866421275384643,0.005167073152114247
test/geometry/477.json|256,25,13,0.9999584764975431,0.9999938178408253,1.1062706204734254,0.006443873249598969
test/geometry/477.json|256,25,14,0.8787889806721779,0.9987807650228424,3.160649230368554,0.3481537294469529
test/geometry/477.json|256,25,15,0.9334441761702075,0.9971158453895611,3.2235695814481558,0.2579841542222943
test/geometry/477.json|256,25,16,0.9835262476994736,0.9999779499673951,1.6101902888182453,0.12835011609081773
test/geometry/477.json|256,25,17,0.9847453572205012,0.9999570973809171,1.648821707176667,0.12350968698648232
test/geometry/477.json|256,25,18,0.9997571452147463,0.9999909913592752,1.1905217685753422,0.015583798806890906
test/geometry/477.json|256,25,19,0.9999484379955975,0.9999963595503952,1.1017385463264984,0.007180668799108017
test/geometry/477.json|256,25,20,0.955662967313808,0.9977378529928468,2.944701090538829,0.21056360722164702
test/geometry/477.json|256,25,21,0.9659660083313895,0.9984722889942146,2.7146465385071648,0.18448303897272111
test/geometry/477.json|256,25,22,0.9223343185400613,0.9877360579536109,3.9244225118511427,0.2786856319581953
test/geometry/477.json|256,25,23,0.9712359134048673,0.9990201024761762,2.4252220509437517,0.16959978359400327
test/geometry/477.json|256,25,24,0.8269899221456793,0.9885609362162451,4.362662527488952,0.41594480145125107
test/geometry/477.json|256,25,25,0.7342335817234384,0.9839101386918416,4.641256214410732,0.515525380826746
test/geometry/477.json|256,25,26,0.9999305708960814,0.9999946837143285,1.117735171216107,0.008332412850945738
test/geometry/477.json|256,25,27,0.9996733596947108,0.9999883991675913,1.1989584577094712,0.0180731930020451
test/geometry/477.json|256,25,28,0.9999757509987974,0.9999975528530897,1.0811441191203206,0.004924327487339747
test/geometry/477.json|256,25,29,0.9999865712558186,0.9999985205620817,1.0620006381355256,0.003664525096301116
test/geometry/477.json|256,25,30,0.9986195765393994,0.9999998978598993,1.1988012483326074,0.037154050392933374
test/geometry/477.json|256,25,31,0.9977144560491289,0.999999345585125,1.2451587132034467,0.04780736293575609
test/geometry/477.json|256,26,0,0.9920289442955225,0.9999180185162508,1.6707001351273347,0.08928076895097586
test/geometry/477.json|256,26,1,0.9845312619383404,0.9999139136279642,1.778472767297297,0.12437338164438404
test/geometry/477.json|256,26,2,0.9999969580567505,0.9999997660043655,1.028058847465997,0.0017441167534071379
test/geometry/477.json|256,26,3,0.9999866831915878,0.999998912913599,1.0606448510787325,0.0036492202471502732
test/geometry/477.json|256,26,4,0.9953210430990527,0.9998827238551837,1.616357414070853,0.0684029012611843
test/geometry/477.json|256,26,5,0.9978133644896359,0.9998030379901678,1.5615396715001018,0.04676147463846849
test/geometry/477.json|256,26,6,0.8815876547471808,0.9999283773779833,2.2463166707765403,0.344110949045245
test/geometry/477.json|256,26,7,0.8349029201322414,0.9995494374773465,2.622206657849704,0.40632139971672493
test/geometry/477.json|256,26,8,0.9787017620004946,0.9993972466885309,2.2807627321998942,0.14593915855419123
test/geometry/477.json|256,26,9,0.9793954399815058,0.9982550464622372,2.396280392987568,0.14354288564221565
test/geometry/477.json|256,26,10,0.998645958115113,0.9999888473714539,1.356759451035542,0.036797308120118916
test/geometry/477.json|256,26,11,0.9997888338398767,0.9999770181939298,1.2067214413534257,0.014531557388087774
test/geometry/477.json|256,26,12,0.9999761131439867,0.999999274156309,1.0629611340418008,0.0048874181336661555
test/geometry/477.json|256,26,13,0.9999924053044655,0.9999999174489616,1.0348092516051517,0.002755847516547861
test/geometry/477.json|256,26,14,0.9935100468279644,0.9999481199023171,1.5817775262420568,0.08056024560560625
test/geometry/477.json|256,26,15,0.9903903166563798,0.99981757785683,1.8189219881574208,0.09802899236256703
test/geometry/477.json|256,26,16,0.9999986062609314,1.0,1.0184009960253706,0.0011805672655974741
test/geometry/477.json|256,26,17,0.999998918362899,1.0,1.017921427310202,0.0010400178368648093
test/geometry/477.json|256,26,18,0.9981736418475383,0.9998356257394688,1.5223960364839613,0.04273591174248752
test/geometry/477.json|256,26,19,0.9993052067664432,0.9999214526031917,1.3499377551316218,0.026358930812095012
test/geometry/477.json|256,26,20,0.9988405783202189,0.9999578703495973,1.3450382505694911,0.034050281640261276
test/geometry/477.json|256,26,21,0.9996668070280336,0.9999885873752292,1.2156258530166684,0.01825357422442065
test/geometry/477.json|256,26,22,0.9932195378360757,0.9999090324464975,1.7671908421846865,0.08234356176365126
test/geometry/477.json|256,26,23,0.9954766939368394,0.9995965781662061,1.7610248047707717,0.0672555281234238
test/geometry/477.json|256,26,24,0.9997895577962779,0.9999890756760692,1.1780551791354603,0.014506626200537727
test/geometry/477.json|256,26,25,0.9998434354021862,0.9999919913555925,1.1629476591610366,0.012512577584725244
test/geometry/477.json|256,26,26,0.9999560593021256,0.9999973975896476,1.0930814317087003,0.006628778007626253
test/geometry/477.json|256,26,27,0.9999858946465509,0.9999991133777832,1.0585712074616536,0.0037557094468482675
test/geometry/477.json|256,26,28,0.9999765681721635,0.9999993005424527,1.0574876116496732,0.004840643328782263
test/geometry/477.json|256,26,29,0.9999823640025192,0.9999996807964256,1.0500477808577082,0.004199523482591328
test/geometry/477.json|256,26,30,0.9956680502939244,0.9996053028576296,1.7611505576394948,0.06581754861794568
test/geometry/477.json|256,26,31,0.9946908439084574,0.9996071849316713,1.8209559282291465,0.07286395605196433
test/geometry/477.json|256,28,0,0.9957564547550879,0.999932527859973,1.5994428738289914,0.06514249952920217
test/geometry/477.json|256,28,1,0.9989304614492102,0.9999868605014365,1.2958348434866755,0.03270380024996849
test/geometry/477.json|256,28,2,0.9950930093456858,0.9999640202438645,1.6037093743121509,0.07004991544830168
test/geometry/477.json|256,28,3,0.9944277219461483,0.9999439350436603,1.6767787661930902,0.07464769289034821
test/geometry/477.json|256,28,4,0.9046350632954627,0.9987566010187265,2.8490014922397138,0.3088121382079035
test/geometry/477.json|256,28,5,0.8142685601901789,0.994466003501797,3.8061227972882192,0.4309657060716329
test/geometry/477.json|256,28,6,0.9873833922818159,0.999707766801121,1.9247111750160177,0.11232367389906756
test/geometry/477.json|256,28,7,0.9942388576025372,0.999940159603924,1.6198281611707428,0.07590218967502083
test/geometry/477.json|256,28,8,0.9992288576198007,0.9999631577977837,1.3317462306203058,0.027769450484286928
test/geometry/477.json|256,28,9,0.999703006363369,0.999985409073515,1.2193954799574773,0.01723350331856668
test/geometry/477.json|256,28,10,0.9999220625005226,0.999996487795088,1.121299592722938,0.008828221761905184
test/geometry/477.json|256,28,11,0.9999683784962503,0.9999983563079734,1.084665439555327,0.005623300076440017
test/geometry/477.json|256,28,12,0.9999994772559828,1.0,1.0120879752727483,0.0007230103852532105
test/geometry/477.json|256,28,13,0.9999996664681782,1.0,1.0100689280048578,0.000577522139686286
test/geometry/477.json|256,28,14,0.9999677428186963,0.9999990244804041,1.0728624566394582,0.0056795405891436135
test/geometry/477.json|256,28,15,0.9998573102212125,0.9999980655356007,1.1160001612529338,0.011945282700192076
test/geometry/477.json|256,28,16,0.9982415466139997,0.9999471497210805,1.4581350473782555,0.0419339168931348
test/geometry/477.json|256,28,17,0.9998459355792346,0.9999924871056194,1.156321818891611,0.012412268961208353
test/geometry/477.json|256,28,18,0.9546305690161164,0.9984436025058773,2.794668618198759,0.21300101169685456
test/geometry/477.json|256,28,19,0.7966444166497737,0.9972513654083315,3.708756339167,0.4509496461360473
test/geometry/477.json|256,28,20,1.0,1.0,1.0048348114541839,0.0
test/geometry/477.json|256,28,21,1.0,1.0,1.0047289672282396,0.0
test/geometry/477.json|256,28,22,0.723540372553327,0.9961178964104069,3.697652395620672,0.5257942824400746
test/geometry/477.json|256,28,23,0.7513651374586893,0.9889441006325005,4.644989040800285,0.49863299383545684
test/geometry/477.json|256,28,24,1.0,1.0,1.0027733993290515,0.0
test/geometry/477.json|256,28,25,1.0,1.0,1.0039242282640595,0.0
test/geometry/477.json|256,28,26,0.9736114812356078,0.9990555474084365,2.5115298257340584,0.16244543319032453
test/geometry/477.json|256,28,27,0.9796165708178165,0.9984999223629742,2.3982335241598753,0.14277054732045927
test/geometry/477.json|256,28,28,1.0,1.0,1.0029445654275562,0.0
test/geometry/477.json|256,28,29,1.0,1.0,1.002549050596836,0.0
test/geometry/477.json|256,28,30,0.9954232693003433,0.9999517031743254,1.6481965846855018,0.06765153878262263
test/geometry/477.json|256,28,31,0.9970345770663608,0.9999528740674906,1.541811473834295,0.054455696980565925
test/geometry/477.json|256,29,0,0.9996963275475488,0.9999993290065761,1.129921940400812,0.017426200172476505
test/geometry/477.json|256,29,1,0.9995149237966026,0.9999926594134274,1.2040894253474985,0.022024445586607592
test/geometry/477.json|256,29,2,0.999997462707638,0.9999998985083055,1.0244935456539375,0.0015928880569558636
test/geometry/477.json|256,29,3,0.9999979890478721,0.9999999195619149,1.0256886232276314,0.001418080437749844
test/geometry/477.json|256,29,4,0.9936094976749509,0.9998402350255856,1.6889993369410208,0.07994061749229311
test/geometry/477.json|256,29,5,0.9990567537004194,0.9999542495993009,1.3589793850840604,0.030712315112681538
test/geometry/477.json|256,29,6,0.9782931578634053,0.9983874704071096,2.4842381959879343,0.14733242052106074
test/geometry/477.json|256,29,7,0.9576914057925172,0.9993897200902622,2.5294077674995314,0.20569053018426198
test/geometry/477.json|256,29,8,0.9767866402426464,0.9999988543175388,1.6520571238604462,0.15235931135757214
test/geometry/477.json|256,29,9,0.9971689485165807,0.9999941517270097,1.37374794628133,0.053207626177262726
test/geometry/477.json|256,29,10,0.9993510352513936,0.9999589475605517,1.3242248691738483,0.025474786527200356
test/geometry/477.json|256,29,11,0.9990032502215055,0.9999636266713896,1.341157593226217,0.031571344261759116
test/geometry/477.json|256,29,12,0.999173969131313,0.9999638779417741,1.3318892382352918,0.028740752750877008
test/geometry/477.json|256,29,13,0.9989781973233631,0.9999888604267165,1.3112383728636163,0.031965648384427836
test/geometry/477.json|256,29,14,0.9994070742736115,0.9999648273627872,1.3070810654923506,0.024350066250186493
test/geometry/477.json|256,29,15,0.9991637585780068,0.9999265409412775,1.383736113659914,0.028917839165353166
test/geometry/477.json|256,29,16,0.9998098458319704,0.9999978485603269,1.1509589173494683,0.013789639880344526
test/geometry/477.json|256,29,17,0.9999741235278091,0.999998755938837,1.071146134858945,0.005086892193754232
test/geometry/477.json|256,29,18,0.9891970342377263,0.9999546149249354,1.6618658015379317,0.10393731650506322
test/geometry/477.json|256,29,19,0.9639091154657234,0.9999497859760779,1.9192876746930534,0.1899760104178329
test/geometry/477.json|256,29,20,0.9995650704911887,0.9999988518228384,1.1688085288648682,0.020854963649244253
test/geometry/477.json|256,29,21,0.9997108169734443,0.999998222963786,1.1608488664752035,0.017005382281962165
test/geometry/477.json|256,29,22,0.6729498869319526,0.9926696004452048,3.933943105815905,0.5718829539932515
test/geometry/477.json|256,29,23,0.9760799578414149,0.9995554145229572,2.2448839595949956,0.15466105572698358
test/geometry/477.json|256,29,24,0.8769020886171411,0.9990621467188088,2.6520616708634748,0.3508531193859602
test/geometry/477.json|256,29,25,0.9703088232513659,0.9993772322361214,2.2466486108586405,0.17231127864604245
test/geometry/477.json|256,29,26,0.9628714780739509,0.9973953433511873,2.887298963037011,0.1926876278489335
test/geometry/477.json|256,29,27,0.9543572099076708,0.9988188858112138,2.5978949519970866,0.2136417330306258
test/geometry/477.json|256,29,28,0.9995619783719892,0.9999538086283188,1.278048547243143,0.02092896624324205
test/geometry/477.json|256,29,29,0.9997609160689568,0.9999831088166309,1.2086551606200948,0.015462339119396385
test/geometry/477.json|256,29,30,0.8705474132022886,0.9979084277163788,3.2179536237082313,0.35979520118771935
test/geometry/477.json|256,29,31,0.9743094274920426,0.9988227145313181,2.478893071824193,0.16028278918198724
test/geometry/477.json|256,30,0,0.89966868586091,0.9823990264362414,4.301206497161278,0.31675118648410777
test/geometry/477.json|256,30,1,0.7382275662753445,0.9790788046752621,4.858569958061504,0.511637013638239
test/geometry/477.json|256,30,2,0.9997150951790762,0.9999907042508966,1.183536276199652,0.016879123819790044
test/geometry/477.json|256,30,3,0.9997646697674522,0.9999987950795498,1.1554580646474246,0.015340476933519632
test/geometry/477.json|256,30,4,0.8874306111792962,0.998893286818519,2.9429944985245307,0.3355136194265499
test/geometry/477.json|256,30,5,0.9513989843244482,0.9999406520273494,2.149477810116849,0.2204563804373821
test/geometry/477.json|256,30,6,0.9873426653548686,0.9993678226421003,2.115824443438644,0.11250482054175018
test/geometry/477.json|256,30,7,0.9964281697976376,0.9997088842749426,1.693980276688721,0.05976479065773093
test/geometry/477.json|256,30,8,0.9891140197252463,0.9983760786009037,2.2803755963983208,0.1043359011786151
test/geometry/477.json|256,30,9,0.9638202718363754,0.9934406581682416,3.269920188145301,0.19020969524086984
test/geometry/477.json|256,30,10,0.9996576281147853,0.9999957172629225,1.1704624989350807,0.018503293901754016
test/geometry/477.json|256,30,11,0.9994757016611029,0.9999942731731642,1.1931980897366754,0.022897561854859378
test/geometry/477.json|256,30,12,0.9924065068981357,0.9996258912985101,1.870354561366151,0.08714065125912418
test/geometry/477.json|256,30,13,0.9356044969492151,0.9979010373952774,2.9122111130292256,0.25376269042312916
test/geometry/477.json|256,30,14,0.9887716820795175,0.9989616860666032,2.1332303800006387,0.10596375758004485
test/geometry/477.json|256,30,15,0.9750253348161757,0.9991516662722587,2.3585368908612194,0.15803374697773984
test/geometry/477.json|256,30,16,0.9904896199511887,0.9998009277823803,1.8024818043791784,0.09752117743757675
test/geometry/477.json|256,30,17,0.9875349413886384,0.9998509800199326,1.8794266982000183,0.111647026880977
test/geometry/477.json|256,30,18,0.9258896632981248,0.99379718185884,3.5077308903640927,0.2722321375258167
test/geometry/477.json|256,30,19,0.9966026361529183,0.9997191466774217,1.6815778261395466,0.05828690974036683
test/geometry/477.json|256,30,20,0.9999646157864142,0.9999999157518724,1.0628640075935292,0.005948463128056093
test/geometry/477.json|256,30,21,0.9999335439216194,0.99999992549767,1.0735510013112082,0.008152059763067727
test/geometry/477.json|256,30,22,0.9999875884810653,0.9999988801637051,1.058632423950062,0.0035229985714897018
test/geometry/477.json|256,30,23,0.9999692564637325,0.9999992954606272,1.0688787901863572,0.005544685407444693
test/geometry/477.json|256,30,24,0.9990148120651582,0.9999999126374094,1.1626507946656623,0.03138770356113702
test/geometry/477.json|256,30,25,0.9991888246300654,0.999999865643831,1.1522189597744634,0.028481140601011406
test/geometry/477.json|256,30,26,0.9022700197320954,0.9981452300258338,2.9634115124221814,0.3126179461705687
test/geometry/477.json|256,30,27,0.9709932280185808,0.9974951928953435,2.6836219564780466,0.17031374572071162
test/geometry/477.json|256,30,28,0.9663458730280451,0.9980227832281243,2.6585489363879335,0.1834506118058888
test/geometry/477.json|256,30,29,0.9699946436488958,0.9980088933628001,2.6518342104144805,0.17322054252052277
test/geometry/477.json|256,30,30,0.992217548767217,0.9997226557642104,1.8534738127907617,0.08821820238920641
test/geometry/477.json|256,30,31,0.9835053229634366,0.9989892775503278,2.317253470825089,0.12843160450824936
test/geometry/477.json|64,0,0,0.9986695383739543,0.9999630677544564,1.3884443517415832,0.0364754934996864
test/geometry/477.json|64,0,1,0.9932688002544507,0.9999502283240681,1.6515334434691213,0.08204388914202723
test/geometry/477.json|64,0,2,0.8164709655211603,0.9873840012486897,4.2684760698112605,0.4284028880374638
test/geometry/477.json|64,0,3,0.8590270930276265,0.9916064649159212,3.9586092273685978,0.3754635894096437
test/geometry/477.json|64,0,4,0.9873388044629686,0.9997553661283316,1.9359414547705138,0.11252197801776939
test/geometry/477.json|64,0,5,0.9960677742272847,0.9998761787180656,1.6201948485677147,0.06270746185834145
test/geometry/477.json|64,0,6,0.9814536401583711,0.9991192230620272,2.305729115401588,0.1361850206213183
test/geometry/477.json|64,0,7,0.9810259520156775,0.9994612004915688,2.2676538081546744,0.13774631749822733
test/geometry/477.json|64,0,8,0.8319393731184433,0.9958307391178748,3.7294412760084774,0.4099519811899397
test/geometry/477.json|64,0,9,0.7981566980348865,0.9959096953031843,3.832277859363085,0.4492697429886788
test/geometry/477.json|64,0,10,0.9999004759553014,0.9999913935644051,1.1435147871160452,0.009976173850660165
test/geometry/477.json|64,0,11,0.9997494839291321,0.9999871928267411,1.2010348209003892,0.01582769948122282
test/geometry/477.json|64,0,12,0.9998358227412402,0.9999974329864368,1.1454238538443369,0.012813167397635702
test/geometry/477.json|64,0,13,0.9998274540570867,0.9999965396438066,1.1488595056044915,0.013135674436939712
test/geometry/477.json|64,0,14,0.6483763982709634,0.9912143453567914,4.371685697339006,0.5929785845450378
test/geometry/477.json|64,0,15,0.7510858605934007,0.9933006715411532,4.235402924260585,0.4989129577457368
test/geometry/477.json|64,0,16,0.5648624136585806,0.9567360726802264,5.764428431017205,0.6596495936036187
test/geometry/477.json|64,0,17,0.516722759973997,0.9398386504065547,6.272176769049181,0.6951814439597788
test/geometry/477.json|64,0,18,0.983332112202181,0.999638539046055,2.1307095872994775,0.12910417420757173
test/geometry/477.json|64,0,19,0.9828463493882724,0.999526252905732,2.1887566856655707,0.13097194589578173
test/geometry/477.json|64,0,20,0.9999656694344801,0.9999960675897677,1.0926298211464829,0.005859229089217754
test/geometry/477.json|64,0,21,0.9999456163480553,0.9999963237158359,1.1055133822892718,0.007374527235332181
test/geometry/477.json|64,0,22,0.9096839034251442,0.9934092179519564,3.571488154495613,0.30052636585640174
test/geometry/477.json|64,0,23,0.962894668277807,0.9955424582857652,3.1289320780179075,0.19262744280655597
test/geometry/477.json|64,0,24,0.9822198464660831,0.9991314825435365,2.241778342965976,0.13334224212123078
test/geometry/477.json|64,0,25,0.9784384634268739,0.9984231225407505,2.403558728891894,0.14683847102556638
test/geometry/477.json|64,0,26,0.8125272119157535,0.9840665527147922,4.386908744878964,0.4329812791383093
test/geometry/477.json|64,0,27,0.7050948796703139,0.9788876609363207,4.887442725227361,0.543051673719625
test/geometry/477.json|64,0,28,0.6238165803219867,0.9935871657272708,4.447871557902555,0.6133379326912801
test/geometry/477.json|64,0,29,0.7940650025591723,0.9969945321152458,3.8597673835621364,0.45380061419177
test/geometry/477.json|64,0,30,0.9902963021474425,0.9998491826396324,1.7506554957939764,0.09850734923119968
test/geometry/477.json|64,0,31,0.9937807403605178,0.9997877815103119,1.7117650956023205,0.0788622827432875
test/geometry/477.json|64,1,0,0.9718317694096662,0.9980721185504579,2.5711138656111583,0.16783393754045633
test/geometry/477.json|64,1,1,0.9666618492602074,0.9987692972976236,2.6407005515237825,0.1825873783693512
test/geometry/477.json|64,1,2,0.811036120004577,0.9861642096997882,4.258526592593765,0.43469975844877456
test/geometry/477.json|64,1,3,0.8672465266562256,0.992797884902081,3.7835838466950915,0.3643535005235635
test/geometry/477.json|64,1,4,0.9175882371088728,0.9880494518820016,4.041854417469923,0.2870744901434594
test/geometry/477.json|64,1,5,0.7931382859040631,0.9624235431198912,5.2958046937183845,0.4548205295453767
test/geometry/477.json|64,1,6,0.666588987863923,0.98916023085596,4.7491748229076505,0.5774175370873983
test/geometry/477.json|64,1,7,0.7229926335388001,0.994275201629896,4.167165548736665,0.5263148928742184
test/geometry/477.json|64,1,8,0.8232882658985456,0.995287385966533,3.6609313097423675,0.4203709482129496
test/geometry/477.json|64,1,9,0.7895728630902701,0.997814090022675,3.362809883481335,0.4587233773307503
test/geometry/477.json|64,1,10,0.9047312638108757,0.9996294896583141,2.6668664312642694,0.30865633994642705
test/geometry/477.json|64,1,11,0.8863700976697096,0.9989049803363848,2.961670421820793,0.3370903474297215
test/geometry/477.json|64,1,12,0.6454613226286958,0.9738114146550942,5.322492123809509,0.5954315051887196
test/geometry/477.json|64,1,13,0.5729315010833061,0.9974254382996756,3.8965668032301877,0.6535047810970428
test/geometry/477.json|64,1,14,0.9577654796839071,0.9975934917555297,2.8736352738229076,0.2055103898008392
test/geometry/477.json|64,1,15,0.9431398914427355,0.9923925302867916,3.3285763470789935,0.23845357736310968
test/geometry/477.json|64,1,16,0.9680656393504333,0.9994356087733933,2.3382966871924333,0.17870187645787794
test/geometry/477.json|64,1,17,0.8260153916239386,0.9992873633035403,3.1102746280924785,0.417114622587199
test/geometry/477.json|64,1,18,0.8280525644100452,0.9888042446811768,4.2183349510068116,0.41466545020046564
test/geometry/477.json|64,1,19,0.6741654500145094,0.9723333487649616,5.146612875616561,0.570819192026241
test/geometry/477.json|64,1,20,0.861900231865873,0.9946284712612897,3.576344629692057,0.3716177715531471
test/geometry/477.json|64,1,21,0.7595233671120821,0.9954802445698219,3.6763324765399252,0.49038416867586365
test/geometry/477.json|64,1,22,0.7443883269312417,0.9939453451193525,4.138536927259175,0.5055805307453585
test/geometry/477.json|64,1,23,0.759256765160631,0.9687362423527086,5.212935815118726,0.49065592306561323
test/geometry/477.json|64,1,24,0.8705042915046335,0.9879951861894466,4.056630554845612,0.35985512153555144
test/geometry/477.json|64,1,25,0.7723066779289817,0.9973060380247197,3.6846586176840197,0.4771722142696684
test/geometry/477.json|64,1,26,0.9538350422716521,0.9994642837197382,2.5297794291750257,0.2148603214377842
test/geometry/477.json|64,1,27,0.9444074758215701,0.9993266808822997,2.6643614824961634,0.23578066964539282
test/geometry/477.json|64,1,28,0.7315694024847459,0.9627233239215557,5.301483836912201,0.5181028831373689
test/geometry/477.json|64,1,29,0.8744228813885048,0.9908913279777146,4.101130841275721,0.354368619676595
test/geometry/477.json|64,1,30,0.7715695829672437,0.9795757614324493,5.0234959024071415,0.47794394758460573
test/geometry/477.json|64,1,31,0.6201243119410988,0.9738185717863912,5.0511600965553685,0.6163405617504831
test/geometry/477.json|64,2,0,0.9771730157046082,0.9995276869478582,2.2269582683185334,0.15108601621391624
test/geometry/477.json|64,2,1,0.976525862880932,0.9994855034464536,2.283045014540613,0.15321271852906984
test/geometry/477.json|64,2,2,0.9984261031089846,0.9997835706670819,1.5390771912240944,0.0396723693647782
test/geometry/477.json|64,2,3,0.9998715739561869,0.999990966714901,1.1581350818660208,0.011332521511699618
test/geometry/477.json|64,2,4,0.9329861866447032,0.9978133224610566,3.051478101669465,0.2588702635593682
test/geometry/477.json|64,2,5,0.9521075557582583,0.9975785987315114,2.970197034164801,0.21884342403129609
test/geometry/477.json|64,2,6,0.9963402321942622,0.9998546063785081,1.6243944146729186,0.06049601479219805
test/geometry/477.json|64,2,7,0.9978618882853907,0.9999399194570562,1.4782987148765196,0.04623972009657189
test/geometry/477.json|64,2,8,0.8823663058590381,0.9902739723589171,4.06848462545919,0.34297768752640734
test/geometry/477.json|64,2,9,0.8433702283961987,0.9959265534655419,3.7660274443952564,0.3957647932848516
test/geometry/477.json|64,2,10,0.8875209224216959,0.9943369587852005,3.3540017184469746,0.33537900586993236
test/geometry/477.json|64,2,11,0.9851659358719176,0.9995695701803743,1.9687767104430158,0.12179517284392848
test/geometry/477.json|64,2,12,0.9548368150972615,0.9984609663567116,2.789917604685588,0.21251631679176664
test/geometry/477.json|64,2,13,0.7261902078510464,0.9931702248315655,3.882880045206438,0.5232683748794242
test/geometry/477.json|64,2,14,0.9862645460479362,0.9993884876119393,2.093380202461219,0.11719835302624253
test/geometry/477.json|64,2,15,0.9688914923430554,0.999096778462866,2.3662920428435346,0.1763760404843714
test/geometry/477.json|64,2,16,0.6372475841150934,0.9923801460811653,4.125701598077752,0.6022893124445315
test/geometry/477.json|64,2,17,0.6993140121661096,0.9748890198245543,4.971376203599072,0.5483484182833852
test/geometry/477.json|64,2,18,0.7502719450601352,0.9966845716874604,3.6462579054205335,0.4997279809454988
test/geometry/477.json|64,2,19,0.7687757870884653,0.9977447516052129,3.2329600350302856,0.48085778865641216
test/geometry/477.json|64,2,20,0.7786586054501821,0.9956211439958185,3.936080279567642,0.4704693343352125
test/geometry/477.json|64,2,21,0.9478270976620187,0.9931713218127654,3.3696839428705196,0.22841388385556016
test/geometry/477.json|64,2,22,0.8798291339625374,0.9962202794267498,3.4343022059476764,0.346656697667105
test/geometry/477.json|64,2,23,0.8531375222935726,0.9938551906243186,3.8214659578051338,0.38322640528338775
test/geometry/477.json|64,2,24,0.9903057712090098,0.9999555740300243,1.6218565788748185,0.09845927478399506
test/geometry/477.json|64,2,25,0.7195818586680748,0.9999217952865703,2.2731805768602253,0.5295452212341504
test/geometry/477.json|64,2,26,0.9170149528964474,0.9938618138983941,3.6614079081490782,0.2880712535182096
test/geometry/477.json|64,2,27,0.7838474328638644,0.9969124479562307,3.326836449359361,0.46492210867642725
test/geometry/477.json|64,2,28,0.9878761703209271,0.9997024250010885,1.9229924935986185,0.1101082634459053
test/geometry/477.json|64,2,29,0.9968582587651993,0.9999643912131831,1.4881604768209113,0.05605123758491609
test/geometry/477.json|64,2,30,0.9880625262246688,0.9997033571472127,1.8902985577308782,0.10925874690536755
test/geometry/477.json|64,2,31,0.962631294737872,0.9998811431932075,2.0797833796221874,0.1933098685068302
test/geometry/477.json|64,4,0,0.8164444236465118,0.9965883499915305,3.716795231942525,0.4284338646203031
test/geometry/477.json|64,4,1,0.7372751842367847,0.9966131020133612,4.033258629620628,0.5125668890625059
test/geometry/477.json|64,4,2,0.7346436017854001,0.9949364307075977,4.011898073540778,0.5151275552856787
test/geometry/477.json|64,4,3,0.7052815037490223,0.9953811152115993,3.8844759044706807,0.542879817501975
test/geometry/477.json|64,4,4,0.9421210036227559,0.9965454883717444,3.0763171865160825,0.24058054031289425
test/geometry/477.json|64,4,5,0.9711446692035128,0.9985992508525809,2.6948724886738327,0.1698685691836108
test/geometry/477.json|64,4,6,0.9861154983727638,0.9997798933136942,1.919586049067306,0.11783251515280577
test/geometry/477.json|64,4,7,0.879678743228326,0.9985963169572933,3.2963593812035086,0.3468735457939594
test/geometry/477.json|64,4,8,0.9027563337225251,0.9996763101418621,2.6569603556128745,0.31183916732423933
test/geometry/477.json|64,4,9,0.9508067996049185,0.999765966095589,2.1502747290077613,0.22179540210536705
test/geometry/477.json|64,4,10,0.9994679201597034,0.9999920539483931,1.255855668678228,0.023066855882338477
test/geometry/477.json|64,4,11,0.9936055421330088,0.9999672079083745,1.5223125108794406,0.07996535416660906
test/geometry/477.json|64,4,12,0.9388303806858139,0.9967826150296467,3.0984106811738523,0.24732492659290545
test/geometry/477.json|64,4,13,0.9681599100271264,0.9971559364790835,2.8637388937340065,0.17843791629828448
test/geometry/477.json|64,4,14,0.7941204793962898,0.9982042260225177,3.619479039981921,0.45373948539190434
test/geometry/477.json|64,4,15,0.8058101783200894,0.9987294275814559,3.145451590851457,0.44066974218785504
test/geometry/477.json|64,4,16,0.9203803489692296,0.9960549184072046,3.1882178542554533,0.2821695430601439
test/geometry/477.json|64,4,17,0.8351312347763863,0.9986884446650324,3.3706734693919125,0.406040349255605
test/geometry/477.json|64,4,18,0.9982901977677903,0.999976989695271,1.3279255704423827,0.04134975492321247
test/geometry/477.json|64,4,19,0.9973035816653455,0.9999188654213869,1.4603001006742204,0.051927048198934865
test/geometry/477.json|64,4,20,0.9327684958175916,0.9998950351183116,2.110747435304268,0.25929038582718106
test/geometry/477.json|64,4,21,0.8528852621982079,0.999862927750974,2.759695938048956,0.383555390787031
test/geometry/477.json|64,4,22,0.7641377693000713,0.9975012717160614,3.7252401019301047,0.48565649455137394
test/geometry/477.json|64,4,23,0.7699563456925828,0.9958030331559002,4.064638929942334,0.479628662933542
test/geometry/477.json|64,4,24,0.9148205651364678,0.9979153089435625,3.1560490984671645,0.2918551607622044
test/geometry/477.json|64,4,25,0.8890322097854155,0.9965777724165066,3.249418235933468,0.3331182826183283
test/geometry/477.json|64,4,26,0.9787568836925389,0.9993976058511769,2.303873840826759,0.14575018458808592
test/geometry/477.json|64,4,27,0.9697054189909282,0.9994556845502485,2.369199857311911,0.17405338551453628
test/geometry/477.json|64,4,28,0.879454834574179,0.9999385192646042,2.3247311218899784,0.34719614834531365
test/geometry/477.json|64,4,29,0.9480055683667173,0.9999455855946849,2.145886950678779,0.2280228752412412
test/geometry/477.json|64,4,30,0.7069398326470979,0.9917799697708943,4.116931909912476,0.5413503185118691
test/geometry/477.json|64,4,31,0.632682160860869,0.9847665380694622,4.970675166743397,0.6060675202806458
test/geometry/477.json|64,5,0,0.9962043077819724,0.9999681116719437,1.4875366384841173,0.061609189395962334
test/geometry/477.json|64,5,1,0.9984839825982567,0.9999470010176627,1.4104812100637911,0.038936068134100825
test/geometry/477.json|64,5,2,0.7826242909321502,0.9981580135703932,3.941046321431839,0.46623567974560864
test/geometry/477.json|64,5,3,0.7831075257390907,0.9946387427959862,3.938960450375744,0.4657171612265424
test/geometry/477.json|64,5,4,0.975150261956002,0.9998237545539274,2.161291582695526,0.1576379968281697
test/geometry/477.json|64,5,5,0.9612762527189641,0.9996444144734521,2.293905734475981,0.19678350357953253
test/geometry/477.json|64,5,6,0.8152960117040435,0.9783532866786199,4.595538976664953,0.42977201897745326
test/geometry/477.json|64,5,7,0.8049172019188284,0.9835738239670069,4.742186371209634,0.4416817837325551
test/geometry/477.json|64,5,8,0.7024068440226536,0.9721710968144956,4.922222385023451,0.5455209949922609
test/geometry/477.json|64,5,9,0.7532425290930335,0.9852426551155568,4.733563027391524,0.4967468881703906
test/geometry/477.json|64,5,10,0.7672213570013604,0.9972317193163487,3.6616126201005046,0.482471390860266
test/geometry/477.json|64,5,11,0.7550188034131964,0.9849253626085,4.385793412418519,0.4949557521504358
test/geometry/477.json|64,5,12,0.9065870173653348,0.995584153763037,3.475473186431953,0.3056353752998256
test/geometry/477.json|64,5,13,0.916359584318987,0.9937646748646757,3.5604883034777606,0.28920652772891037
test/geometry/477.json|64,5,14,0.8945471852839699,0.9932689938825859,3.5180459993787294,0.32473499151774526
test/geometry/477.json|64,5,15,0.8930857625441617,0.9971027417263232,3.4759940114753585,0.3269774265233585
test/geometry/477.json|64,5,16,0.8465305161767069,0.9981490658666804,3.4700446006525207,0.3917518140650954
test/geometry/477.json|64,5,17,0.9007923960147828,0.9986259986174871,3.1393126293405964,0.3149723860677587
test/geometry/477.json|64,5,18,0.907394034368171,0.9948863951728678,3.5282581087318237,0.3043122830774811
test/geometry/477.json|64,5,19,0.9166073553854657,0.9964197455935968,3.419120075857418,0.2887778464746462
test/geometry/477.json|64,5,20,0.7876091613363774,0.988519814712381,4.319438202540502,0.46085880556155445
test/geometry/477.json|64,5,21,0.7714345668859716,0.9919198258384391,4.182606213841307,0.47808517349320556
test/geometry/477.json|64,5,22,0.9879597479342181,0.9996143941669093,1.986623757361913,0.10972808239362362
test/geometry/477.json|64,5,23,0.9838677863871574,0.9996981204691762,2.080713323086904,0.12701265138891701
test/geometry/477.json|64,5,24,0.8513721262659917,0.9859841019205429,4.407620691643456,0.38552285760251404
test/geometry/477.json|64,5,25,0.8004619692643571,0.9779487965858457,4.791975801415282,0.44669679955831665
test/geometry/477.json|64,5,26,0.93048522937629,0.9984897569047115,2.913736945156699,0.2636565391256398
test/geometry/477.json|64,5,27,0.8753192279877094,0.9986836426687421,3.050034298134057,0.3531016454397948
test/geometry/477.json|64,5,28,0.8651115026334825,0.9914885036897546,3.916385521177568,0.36727169420814004
test/geometry/477.json|64,5,29,0.8745915148424145,0.9923430021271661,3.8912355911549605,0.3541306046610283
test/geometry/477.json|64,5,30,0.9785314510278699,0.997497494651281,2.6737537237457865,0.1465214966212471
test/geometry/477.json|64,5,31,0.97124523939959,0.9970950636580441,2.8268037650848767,0.16957228724178383
test/geometry/477.json|64,6,0,0.8077083682364994,0.9824286213612533,4.429141577810651,0.43851069743337007
test/geometry/477.json|64,6,1,0.8220884759357797,0.9765038015030686,4.749347500502569,0.42179559512187925
test/geometry/477.json|64,6,2,0.9415488553934594,0.9968499157591924,3.1527527856412747,0.24176671525778842
test/geometry/477.json|64,6,3,0.9849207752229938,0.9992330203797717,2.219267123285936,0.1227974949948336
test/geometry/477.json|64,6,4,0.977227004479619,0.9990287877619892,2.4755450232949827,0.15090724144447487
test/geometry/477.json|64,6,5,0.9768846358446014,0.9989897900872263,2.4713704086235477,0.15203737749447868
test/geometry/477.json|64,6,6,0.8757074431931765,0.9983902978609982,3.2712715309530624,0.35255149525540735
test/geometry/477.json|64,6,7,0.9016028596048329,0.9988539350602832,3.095839899208905,0.31368318475042156
test/geometry/477.json|64,6,8,0.9507974878880049,0.9981297380590108,2.9959026565756366,0.2218163927936687
test/geometry/477.json|64,6,9,0.9436742832207105,0.9984902170635332,3.0733254279871507,0.23733039581833917
test/geometry/477.json|64,6,10,0.8900950654946709,0.9871815530255099,4.172821574082913,0.33151913143185135
test/geometry/477.json|64,6,11,0.9210018081538488,0.9928888254015149,3.7257383966330475,0.28106616987135113
test/geometry/477.json|64,6,12,0.9182212552030848,0.9957499538776967,3.367456864101642,0.285969831969939
test/geometry/477.json|64,6,13,0.9484361643578965,0.9971553292329541,3.01917809712091,0.2270767175253851
test/geometry/477.json|64,6,14,0.9951566243538061,0.9998403504516864,1.6907461977309228,0.06959436504627267
test/geometry/477.json|64,6,15,0.9961538039724428,0.9998756300890613,1.6407955290106075,0.06201770737101786
test/geometry/477.json|64,6,16,0.849346243350901,0.9900995026459276,4.122078953475931,0.38814141321057066
test/geometry/477.json|64,6,17,0.9044424975943421,0.9886249421327631,3.9999137086423877,0.30912376551416726
test/geometry/477.json|64,6,18,0.996804564598709,0.9998183743766097,1.6165231315097157,0.05652818236323338
test/geometry/477.json|64,6,19,0.9833538743408062,0.9996821776440016,2.035774033902591,0.1290198653665154
test/geometry/477.json|64,6,20,0.9451835946153365,0.9992180911025412,2.6743968515289422,0.23412903575734362
test/geometry/477.json|64,6,21,0.9739821292528926,0.9999376982432737,1.9472023257488298,0.16130056028144282
test/geometry/477.json|64,6,22,0.9462005319761015,0.9994295786162952,2.679596797818506,0.23194712333611395
test/geometry/477.json|64,6,23,0.9032813724915073,0.9995623594570017,3.0408322304942796,0.31099618568158144
test/geometry/477.json|64,6,24,0.9042719808998649,0.9991878993764586,3.017234467167919,0.3093994490947504
test/geometry/477.json|64,6,25,0.9748265870950449,0.9997497313654107,2.162644776641024,0.15866131508642906
test/geometry/477.json|64,6,26,0.9634126926796631,0.9988639208775307,2.417452719987037,0.19127808897084078
test/geometry/477.json|64,6,27,0.9698002256374171,0.9992942594344401,2.350915329552708,0.17378082276989865
test/geometry/477.json|64,6,28,0.8880728826954908,0.9917263503605093,3.7851199439864076,0.33455510353977447
test/geometry/477.json|64,6,29,0.8673592656241114,0.9954562220435438,3.5067525462135998,0.36419875669184903
test/geometry/477.json|64,6,30,0.9706063860504989,0.9997609068982265,2.2697307225885277,0.17144565888205257
test/geometry/477.json|64,6,31,0.8727913119088028,0.9984744251518535,3.0653113162167025,0.3566632698936032
test/geometry/477.json|64,8,0,0.7488239832131398,0.9960931885101028,3.9863224908960313,0.5011746370147437
test/geometry/477.json|64,8,1,0.7213968032918272,0.9979599130466281,3.583665010055378,0.5278287569924291
test/geometry/477.json|64,8,2,0.7187561915377282,0.9821257790752106,4.9971774752954135,0.530324248420032
test/geometry/477.json|64,8,3,0.6471843598120529,0.9800326431535493,4.977846642745345,0.5939828618638311
test/geometry/477.json|64,8,4,0.8529907110241489,0.9920211162075558,3.967853730770113,0.3834179038279917
test/geometry/477.json|64,8,5,0.8888037442908823,0.9928653401665444,3.7718084580951112,0.3334610257723048
test/geometry/477.json|64,8,6,0.946757626576164,0.9983524117576782,2.936855731567619,0.23074308965565138
test/geometry/477.json|64,8,7,0.8828551850402725,0.9987227937264349,3.0230431668535993,0.34226424727062493
test/geometry/477.json|64,8,8,0.9911031548901066,0.9988623592962633,2.1497049768611474,0.09432308895436692
test/geometry/477.json|64,8,9,0.9387613077709487,0.9928781306386116,3.554823101952703,0.2474645272136015
test/geometry/477.json|64,8,10,0.9191364655862994,0.9978446445984009,3.0405683452575176,0.2843651427543479
test/geometry/477.json|64,8,11,0.9093401718602406,0.9981633756177097,3.116551476850809,0.30109770530470564
test/geometry/477.json|64,8,12,0.9638763080380235,0.9995576017316073,2.3540959452904513,0.19006233704228861
test/geometry/477.json|64,8,13,0.9776937905074147,0.9992109469030678,2.278419853071502,0.14935263470252316
test/geometry/477.json|64,8,14,0.9869218648520729,0.9993995681047267,2.0671794289468535,0.11435967448330336
test/geometry/477.json|64,8,15,0.9254231773106444,0.9994855512975499,2.531336629146025,0.27308757329720373
test/geometry/477.json|64,8,16,0.9458900400977783,0.998293910643752,2.755112103613569,0.23261547648903688
test/geometry/477.json|64,8,17,0.956915530676873,0.9981611378096782,2.7286193344968446,0.2075679872309963
test/geometry/477.json|64,8,18,0.9846770405534575,0.9998657314988629,1.9524342347063803,0.12378594203924166
test/geometry/477.json|64,8,19,0.9559195999555342,0.9997510331145562,2.3052985806296187,0.20995332825289
test/geometry/477.json|64,8,20,0.9999637480854457,1.0,1.0567655604165689,0.006020956282373491
test/geometry/477.json|64,8,21,0.9999343456750377,0.9999998909396596,1.079324720309418,0.00810273564682357
test/geometry/477.json|64,8,22,0.9127766945560674,0.9985502400143474,3.36015791794652,0.2953359196642573
test/geometry/477.json|64,8,23,0.8700411289306478,0.998280978518088,3.5127540054213333,0.36049808746975653
test/geometry/477.json|64,8,24,0.9162247040743623,0.9980290894133285,3.2866688026461537,0.2894396239730105
test/geometry/477.json|64,8,25,0.8460379984978226,0.9942832865669434,3.940190891489924,0.3923799198508729
test/geometry/477.json|64,8,26,0.8005117017333138,0.9967704001274028,3.824312865069076,0.44664112917048543
test/geometry/477.json|64,8,27,0.9192121211125226,0.9983213814156308,3.088153597144692,0.2842320863088427
test/geometry/477.json|64,8,28,0.9573839639905952,0.9985799403365208,2.663370067847381,0.20643651811005914
test/geometry/477.json|64,8,29,0.9616033487759754,0.9988551386586058,2.644524311568076,0.19595063466093846
test/geometry/477.json|64,8,30,0.9966177872550431,0.9997107637820325,1.682414652840796,0.058156794486602076
test/geometry/477.json|64,8,31,0.9595743387935008,0.9966192876410754,3.010972788825854,0.20106133692607128
test/geometry/477.json|64,9,0,0.9609254343492987,0.9969932892884024,2.877130866051772,0.19767287535395778
test/geometry/477.json|64,9,1,0.9492461867196774,0.9981492686023358,2.8477536347431647,0.22528606987632985
test/geometry/477.json|64,9,2,0.8796896159085164,0.9896109219789273,4.113138483765533,0.34685787304237975
test/geometry/477.json|64,9,3,0.9119251432147282,0.9895630912348252,3.9647652645633613,0.2967740837493595
test/geometry/477.json|64,9,4,0.9632266604831272,0.9987007819417406,2.593766309322005,0.19176375965461456
test/geometry/477.json|64,9,5,0.9752092317243197,0.9985826147481355,2.3968723512979135,0.15745084399799283
test/geometry/477.json|64,9,6,0.7938171704361273,0.9869872477721328,4.311466925486328,0.45407359487628507
test/geometry/477.json|64,9,7,0.7007923737120512,0.9905904916889458,4.272485082041369,0.546998744320267
test/geometry/477.json|64,9,8,0.8696392538925845,0.9940220226779525,3.604891419162066,0.36105504581353737
test/geometry/477.json|64,9,9,0.967068561473634,0.9971434281621139,2.890980040853435,0.18147021388196477
test/geometry/477.json|64,9,10,0.7337863748543205,0.9803570202648043,4.690115104573844,0.5159589374608017
test/geometry/477.json|64,9,11,0.7441733969115188,0.9830524336402306,4.533723794722701,0.5057930437327911
test/geometry/477.json|64,9,12,0.9024470947654634,0.9990601859118446,2.6885728474032864,0.3123346046062406
test/geometry/477.json|64,9,13,0.9658522797644098,0.9992374319520068,2.4590740164264586,0.18479101773514373
test/geometry/477.json|64,9,14,0.999936250737579,0.9999960050462217,1.1110227918585984,0.007984313522215368
test/geometry/477.json|64,9,15,0.9996503443728691,0.9999642001180031,1.2544953579724925,0.018699080916741644
test/geometry/477.json|64,9,16,0.8522963591642556,0.9901144773751032,4.163130295865521,0.3843223137364579
test/geometry/477.json|64,9,17,0.8358984251360213,0.9934860371283182,4.179121914779783,0.4050945258380798
test/geometry/477.json|64,9,18,0.9920232751114253,0.9996854895145365,1.9217648546140327,0.08931251249726829
test/geometry/477.json|64,9,19,0.9975165733113293,0.9998682417043674,1.5518473991734114,0.04983399129781541
test/geometry/477.json|64,9,20,0.9916085062712917,0.999857830144639,1.7799558685934656,0.0916050966306367
test/geometry/477.json|64,9,21,0.9839250488434584,0.9999278144070888,1.9677770400034595,0.12678703071111636
test/geometry/477.json|64,9,22,0.8914119521853944,0.9938738385170461,3.7768270182482415,0.329527006199197
test/geometry/477.json|64,9,23,0.7992792262811714,0.9936786397073302,4.3848979006621525,0.44801872027720957
test/geometry/477.json|64,9,24,0.8825521525552393,0.997082176122119,3.495932904396765,0.3427066492567086
test/geometry/477.json|64,9,25,0.8887280284939594,0.9979573909931135,3.3296962972080837,0.33357453665716247
test/geometry/477.json|64,9,26,0.9363114359117993,0.9973881302245935,3.239438906824301,0.2523659328994321
test/geometry/477.json|64,9,27,0.8084845491831968,0.9982337215475496,3.5129633881160385,0.43762478313825326
test/geometry/477.json|64,9,28,0.9768624212189035,0.997375460271787,2.731593333187883,0.15211041641221174
test/geometry/477.json|64,9,29,0.9785838569854796,0.9982837022063744,2.6188024048301113,0.146342553669534
test/geometry/477.json|64,9,30,0.9803348520425895,0.9998898189886527,2.0878196329526237,0.14023247825454158
test/geometry/477.json|64,9,31,0.9555383007951253,0.999842374530126,2.214899485854244,0.21085942996431237
test/geometry/477.json|64,10,0,0.7766147250498896,0.9916400073513029,4.153994815943067,0.47263651461785133
test/geometry/477.json|64,10,1,0.7982894928532684,0.9917302599765959,4.022679500946042,0.449121929042361
test/geometry/477.json|64,10,2,0.875052257623512,0.9875213094407179,4.269940259313148,0.3534794794277144
test/geometry/477.json|64,10,3,0.8642412161924584,0.9836013061877327,4.461952785430015,0.36845458852827656
test/geometry/477.json|64,10,4,0.9433498009046203,0.9974056528430519,3.009369131377262,0.23801302295332438
test/geometry/477.json|64,10,5,0.8775565189167855,0.997235723463233,3.255385579230129,0.3499192493750729
test/geometry/477.json|64,10,6,0.9431314578885273,0.9983486877130304,2.829935043119685,0.2384712605566397
test/geometry/477.json|64,10,7,0.9576658845825237,0.998305526155894,2.7103885705792656,0.20575255871428752
test/geometry/477.json|64,10,8,0.811057817925867,0.9996573791440194,2.6202654027458854,0.43467480036704803
test/geometry/477.json|64,10,9,0.9737551063870474,0.9998638401284563,1.9690711591848835,0.16200275804119066
test/geometry/477.json|64,10,10,0.9800403210339728,0.9999876738897385,1.6269083906052724,0.14127872793179885
test/geometry/477.json|64,10,11,0.9590475307284178,0.9999881253756764,1.7812601309174791,0.202367164509419
test/geometry/477.json|64,10,12,0.9990347891090713,0.9999880193806091,1.2707504319459804,0.031067843358184903
test/geometry/477.json|64,10,13,0.9998216752090757,0.9999983619890607,1.1155329313051083,0.013353830571198587
test/geometry/477.json|64,10,14,0.9861565094595066,0.9992402205150543,2.2181759606595604,0.1176583636657139
test/geometry/477.json|64,10,15,0.9918209419483821,0.9987289431801112,2.1127352936537407,0.09043814489261649
test/geometry/477.json|64,10,16,0.8680353719003545,0.9986884728664573,3.208040331561814,0.3632693602544061
test/geometry/477.json|64,10,17,0.9617129985701134,0.9994740975632979,2.521249368950011,0.19567064529429706
test/geometry/477.json|64,10,18,0.8649919948067076,0.9889801952589429,3.9951235155280553,0.3674343549442436
test/geometry/477.json|64,10,19,0.8469225280307949,0.9931776284042177,3.8270943712903027,0.3912511622592386
test/geometry/477.json|64,10,20,0.9827574926840804,0.999421780561337,2.2154235284594592,0.13131072810673006
test/geometry/477.json|64,10,21,0.9876688748775484,0.9998156889375689,1.9888939458852049,0.11104559929349565
test/geometry/477.json|64,10,22,0.9946857920011334,0.9999958741113947,1.4757868418771662,0.07289861451952716
test/geometry/477.json|64,10,23,0.9951658953685204,0.9999932464644766,1.4617092722556988,0.06952772563143135
test/geometry/477.json|64,10,24,0.9730252560174075,0.999582019013541,2.202876457559084,0.16423989765764127
test/geometry/477.json|64,10,25,0.965030993002264,0.9995665659872068,2.261111791746678,0.18700001871052305
test/geometry/477.json|64,10,26,0.9843995375630137,0.9991356574802347,2.1783564098475234,0.12490181118377074
test/geometry/477.json|64,10,27,0.9903501056341015,0.9993096400685744,2.0431954323973454,0.09823387585705082
test/geometry/477.json|64,10,28,0.9902780096032048,0.99969904223956,1.9720605026698181,0.09860015414184312
test/geometry/477.json|64,10,29,0.9919405006821589,0.9996141085049727,1.9098514534386195,0.08977471424538823
test/geometry/477.json|64,10,30,0.9258227944846338,0.9945150508385338,3.6185687411136467,0.272354925630814
test/geometry/477.json|64,10,31,0.9052942913441051,0.9941426446964899,3.652349641841635,0.3077429262483459
test/geometry/477.json|64,12,0,0.9917085821711823,0.999851695819161,1.7917530430311317,0.09105722282618608
test/geometry/477.json|64,12,1,0.9823693504244672,0.9999084415976628,1.9756938383536637,0.132780456301117
test/geometry/477.json|64,12,2,0.9185233902589122,0.9995558355626825,2.6461862108686636,0.28544107928097495
test/geometry/477.json|64,12,3,0.9297912292204261,0.9990086674020366,2.8420754116042684,0.2649693770600178
test/geometry/477.json|64,12,4,0.994532587681193,0.9998989929786156,1.6474347118124482,0.0739419523599897
test/geometry/477.json|64,12,5,0.9977560002179774,0.9999300439501316,1.4894487549036488,0.047370874828554836
test/geometry/477.json|64,12,6,0.985371294463809,0.9989953454206064,2.2771577649975887,0.1209491857607607
test/geometry/477.json|64,12,7,0.9883132693626195,0.9990385384723858,2.181217887298014,0.10810518321237174
test/geometry/477.json|64,12,8,0.9821263055181916,0.9995422977958608,2.0859703472435087,0.13369253712084464
test/geometry/477.json|64,12,9,0.9101172870702535,0.9990939042206223,2.640862046828612,0.29980445782167164
test/geometry/477.json|64,12,10,0.9901627107713724,0.9999894714431952,1.5007642934842524,0.09918310959345643
test/geometry/477.json|64,12,11,0.9904816035703059,0.9999802423462077,1.507670349410905,0.09756226949848029
test/geometry/477.json|64,12,12,0.9646141856372314,0.999130257796306,2.6575457451813556,0.18811117553927664
test/geometry/477.json|64,12,13,0.9150726341871688,0.9990128761392094,3.1934731614018634,0.2914230015164061
test/geometry/477.json|64,12,14,0.9785958597289122,0.9994449394605284,2.239101121047718,0.14630153885413452
test/geometry/477.json|64,12,15,0.9890347560233907,0.9999036157849805,1.8759209772146812,0.10471506088719641
test/geometry/477.json|64,12,16,0.9539890145180193,0.9933541796130474,3.4388048784505316,0.21450171440336013
test/geometry/477.json|64,12,17,0.9266900870092827,0.9894020494983873,3.8630604869731684,0.27075803402801796
test/geometry/477.json|64,12,18,0.9983465769464576,0.9999156833119595,1.4498410661430186,0.040662305069221485
test/geometry/477.json|64,12,19,0.9979425503738427,0.9997888870169451,1.5871255547156193,0.04535911844554832
test/geometry/477.json|64,12,20,0.9977132256664092,0.9998068202225054,1.5760113060482865,0.047820229334360295
test/geometry/477.json|64,12,21,0.9980415375665569,0.9998005401818817,1.5444105475203644,0.044254518791227514
test/geometry/477.json|64,12,22,0.9031120121806212,0.9994835490778067,2.625904248958333,0.3112683533855936
test/geometry/477.json|64,12,23,0.9378150807138426,0.9994768511560613,2.4409129553378284,0.2493690423572209
test/geometry/477.json|64,12,24,0.8854397572670958,0.9949434405396718,3.7908430470735808,0.3384674913974815
test/geometry/477.json|64,12,25,0.8437087091173373,0.9973397922806997,3.5298272998383937,0.39533693336527853
test/geometry/477.json|64,12,26,0.9404930118090525,0.9953980965774442,3.38823015803434,0.24394054232732096
test/geometry/477.json|64,12,27,0.9649168838654828,0.9960448399575275,3.0849476882105904,0.1873048748284924
test/geometry/477.json|64,12,28,0.694791580015409,0.9950029683070674,4.276442291941065,0.552456713222485
test/geometry/477.json|64,12,29,0.8609542838434634,0.9957362574758544,3.8811122638231637,0.3728883427469094
test/geometry/477.json|64,12,30,0.9973153287966742,0.999957669946227,1.4133360436685523,0.05181381286226509
test/geometry/477.json|64,12,31,0.9887372144999259,0.9996253435123208,1.912919063011985,0.10612627148860969
test/geometry/477.json|64,13,0,0.998410963956987,0.9999576463790918,1.4354835388588003,0.039862714947842805
test/geometry/477.json|64,13,1,0.9962377906827078,0.9997164740755975,1.7122469450566418,0.06133685121761802
test/geometry/477.json|64,13,2,0.9699007607130288,0.9989795431966966,2.621567798879507,0.17349132337662085
test/geometry/477.json|64,13,3,0.9761373693508805,0.9988649736469639,2.496327548043658,0.15447533993851423
test/geometry/477.json|64,13,4,0.8544240070064133,0.9866218662818842,4.218336459601219,0.38154422154396034
test/geometry/477.json|64,13,5,0.8574845573863186,0.9911238658297723,4.02407760518028,0.3775121754509137
test/geometry/477.json|64,13,6,0.9967502302688513,0.9997782113046133,1.642451123378884,0.057006751627755946
test/geometry/477.json|64,13,7,0.9969080541518323,0.9998566608969176,1.6102281993184961,0.055605268169191875
test/geometry/477.json|64,13,8,0.8934020386312612,0.9945012987027241,3.677883781056098,0.32649343235161526
test/geometry/477.json|64,13,9,0.8751094084910364,0.993923123578684,3.722401715664103,0.3533986297496973
test/geometry/477.json|64,13,10,0.9790808556279555,0.999358061457705,2.344297008429615,0.1446345199876034
test/geometry/477.json|64,13,11,0.9825352524875052,0.998780423614864,2.3258092671865076,0.13215425650539914
test/geometry/477.json|64,13,12,0.9874719289352203,0.9997493215192772,1.8194554740762379,0.11192886609262023
test/geometry/477.json|64,13,13,0.9923658896108509,0.9998293810158417,1.798845642958595,0.08737339634665162
test/geometry/477.json|64,13,14,0.9669084467110342,0.9995052747968625,2.298147381415377,0.18191083884410475
test/geometry/477.json|64,13,15,0.9649097972313727,0.9991982195984812,2.470320787738091,0.18732379125094412
test/geometry/477.json|64,13,16,0.9987382186723464,0.9998742712551234,1.457700640904086,0.03552156144729063
test/geometry/477.json|64,13,17,0.9984171697435403,0.9999003338269182,1.4567371794947226,0.039784799314055444
test/geometry/477.json|64,13,18,0.966939846341129,0.9992095582491024,2.4969617831579685,0.18182451336074312
test/geometry/477.json|64,13,19,0.9724826649288999,0.9996763594291425,2.1621890212805153,0.16588349848945225
test/geometry/477.json|64,13,20,0.9890807959775867,0.9996839113467606,1.8232389235114614,0.10449499520270485
test/geometry/477.json|64,13,21,0.989598384304926,0.9998291690841025,1.8298759287987658,0.10198831156105109
test/geometry/477.json|64,13,22,0.9632955975713443,0.9966521191900943,3.038172315433064,0.1915839305073776
test/geometry/477.json|64,13,23,0.9462639804552536,0.995454732630851,3.234436449717102,0.23181030940134303
test/geometry/477.json|64,13,24,0.9981497486907441,0.9999735248593147,1.35968549639327,0.0430145476467656
test/geometry/477.json|64,13,25,0.9993282944031818,0.999930252611202,1.3244844162912823,0.02591728374691632
test/geometry/477.json|64,13,26,0.9865056441631921,0.9996482731649784,1.9992715293311767,0.11616520923584614
test/geometry/477.json|64,13,27,0.986665638924722,0.9996073612312112,1.9975267494621933,0.1154745040053343
test/geometry/477.json|64,13,28,0.94844298751994,0.9956942602608179,3.17740134587272,0.22706169311458055
test/geometry/477.json|64,13,29,0.9601175836286958,0.9977539052148001,2.868998988268736,0.1997058245803166
test/geometry/477.json|64,13,30,0.9757089790317365,0.9998093423417912,2.1706781130884134,0.15585576976250679
test/geometry/477.json|64,13,31,0.9545933916153455,0.9996858732131981,2.636452022779722,0.21308826430532135
test/geometry/477.json|64,14,0,0.9811613751346487,0.9998396407234178,2.012463024770641,0.13725387012886472
test/geometry/477.json|64,14,1,0.9801685331614505,0.9997913087114403,2.0845268374154067,0.14082424094789053
test/geometry/477.json|64,14,2,0.9498809759919447,0.9987886471224833,2.806701859242937,0.22387278532250263
test/geometry/477.json|64,14,3,0.9760422421293221,0.9994882629712329,2.247498970735244,0.154782937918486
test/geometry/477.json|64,14,4,0.9979619404131305,0.9999662226804151,1.4002038419503504,0.04514487331768175
test/geometry/477.json|64,14,5,0.9932518489236717,0.9998724682408411,1.6359451808634329,0.08214713066400015
test/geometry/477.json|64,14,6,0.8973386576573531,0.9907379068714606,3.8617077375770985,0.32040808719919495
test/geometry/477.json|64,14,7,0.9424301097379708,0.996666136338859,3.228449008181317,0.23993726317941777
test/geometry/477.json|64,14,8,0.9787787450489259,0.9984748722637874,2.5349896391714575,0.14567516930168325
test/geometry/477.json|64,14,9,0.923203245509923,0.992932393480859,3.590804318860289,0.27712227353656893
test/geometry/477.json|64,14,10,0.9995681789732072,0.9999502770185198,1.2910335076866681,0.02078030381858852
test/geometry/477.json|64,14,11,0.9996387943859617,0.9999649055909088,1.2593286359793001,0.019005410125495732
test/geometry/477.json|64,14,12,0.970375305443411,0.9964626047000396,2.7860719270331353,0.17211825747604176
test/geometry/477.json|64,14,13,0.9419751713354015,0.9953983551417576,3.1521210662362473,0.24088343376952775
test/geometry/477.json|64,14,14,0.996912823273779,0.9997192997498618,1.6789182277123218,0.0555623678960954
test/geometry/477.json|64,14,15,0.9968238338422908,0.99957410700379,1.7373727613929688,0.056357485374253655
test/geometry/477.json|64,14,16,0.9557787399297845,0.9983645896691379,2.875195733899609,0.21028851625853356
test/geometry/477.json|64,14,17,0.978487669136427,0.9990173726473313,2.386563748970947,0.14667082485475072
test/geometry/477.json|64,14,18,0.9933345832997478,0.999748157078334,1.7749022835860875,0.08164200328416878
test/geometry/477.json|64,14,19,0.9855222788320847,0.9991830502665291,2.1108002763131335,0.12032340241164786
test/geometry/477.json|64,14,20,0.9894523044698937,0.9999721247218408,1.7299171725021352,0.10270197432428581
test/geometry/477.json|64,14,21,0.999431838077727,0.9999927526706051,1.231649109932741,0.023836147387383037
test/geometry/477.json|64,14,22,0.8797077687755496,0.9971581413294748,3.5834808889305276,0.3468317044683926
test/geometry/477.json|64,14,23,0.8980498065479813,0.9973963382741717,3.2550572867017435,0.31929640375678947
test/geometry/477.json|64,14,24,0.9530803498150531,0.9992121839079662,2.654098302893072,0.21660944158772702
test/geometry/477.json|64,14,25,0.9251899335263131,0.9994720878901491,2.686329462610465,0.2735142893409537
test/geometry/477.json|64,14,26,0.8883523620787401,0.9963289314480201,3.5960136979727677,0.3341371543562013
test/geometry/477.json|64,14,27,0.819339130618335,0.9963525753932657,3.7568576915090595,0.42504219717772146
test/geometry/477.json|64,14,28,0.997317341674884,0.9996725268979173,1.65613566853971,0.05179438507324949
test/geometry/477.json|64,14,29,0.9912727290631662,0.999150501686052,2.0689089606168127,0.09341986371663034
test/geometry/477.json|64,14,30,0.9704662972816366,0.9980343479097203,2.6504101414583996,0.1718537247730273
test/geometry/477.json|64,14,31,0.9665799597974203,0.9972421071365976,2.777012020531492,0.18281148815810158
test/geometry/477.json|64,16,0,0.9854027150971861,0.9999450085373903,1.8051550806573093,0.12081922406146245
test/geometry/477.json|64,16,1,0.9675120443539689,0.9998704441595732,2.018434928943087,0.18024415565013788
test/geometry/477.json|64,16,2,0.9500055344829185,0.9989300908473102,2.7889526125671695,0.22359442192747458
test/geometry/477.json|64,16,3,0.9369206960086666,0.9990330163198206,2.8349370287329663,0.2511559356084053
test/geometry/477.json|64,16,4,0.9436739745189294,0.9967237951651405,3.117718273939725,0.23733104618037348
test/geometry/477.json|64,16,5,0.9552917028394179,0.9985753049398399,2.787521368167992,0.2114433663196415
test/geometry/477.json|64,16,6,0.9614061015477842,0.9992595452394964,2.394907053108219,0.1964532983999399
test/geometry/477.json|64,16,7,0.9848079034762021,0.9993727963302426,2.1369102323486353,0.12325622306317006
test/geometry/477.json|64,16,8,0.911316903566299,0.9967588172183881,3.578084920001036,0.2977970725740953
test/geometry/477.json|64,16,9,0.9250505573542919,0.996841118996696,3.4563089244806324,0.2737689585137587
test/geometry/477.json|64,16,10,0.9847338311909429,0.9999349352151006,1.7620606965586119,0.12355633860331516
test/geometry/477.json|64,16,11,0.9912533958064857,0.999957137829481,1.626610812913963,0.09352328155873409
test/geometry/477.json|64,16,12,0.9751614443535007,0.9991403103575207,2.30476248279943,0.1576025242389832
test/geometry/477.json|64,16,13,0.9930356615434774,0.9996508055733957,1.8798669984310041,0.0834526120413409
test/geometry/477.json|64,16,14,0.9006962979685033,0.997575343374778,3.1475491056352918,0.31512489909795566
test/geometry/477.json|64,16,15,0.9262902259759139,0.9981860319948437,3.039208684451149,0.2714954401533957
test/geometry/477.json|64,16,16,0.9791854096121932,0.9981773280210471,2.4555302571462927,0.1442726252197788
test/geometry/477.json|64,16,17,0.9660825531055107,0.9983438744118391,2.7333552408734563,0.18416689956256874
test/geometry/477.json|64,16,18,0.9977690829214717,0.9996663106820547,1.6302127902338426,0.04723258492321052
test/geometry/477.json|64,16,19,0.9969865601234127,0.9995331104010462,1.7248443410669212,0.05489480737362423
test/geometry/477.json|64,16,20,0.9378517754046769,0.9982331238981093,2.843916039900075,0.24929545642735468
test/geometry/477.json|64,16,21,0.9797550742568589,0.9990877225912077,2.337159816544104,0.14228466446929927
test/geometry/477.json|64,16,22,0.9904192409667661,0.9995125071048564,1.973637162095119,0.0978813518155213
test/geometry/477.json|64,16,23,0.9904443310649824,0.9995247855447061,1.964060744099863,0.09775310192018247
test/geometry/477.json|64,16,24,0.9870481460504131,0.9997317107306108,1.9748873433809893,0.11380621226271818
test/geometry/477.json|64,16,25,0.9861175861292807,0.9997010140762693,2.050943610256529,0.11782365581970079
test/geometry/477.json|64,16,26,0.9680805272992224,0.997743732294241,2.699497046050355,0.17866021577502236
test/geometry/477.json|64,16,27,0.9957707551003182,0.9996284355341261,1.7570551959161682,0.06503264487687545
test/geometry/477.json|64,16,28,0.9192488077003902,0.9955571105216219,3.4589559565565753,0.28416754265680977
test/geometry/477.json|64,16,29,0.9574303583824918,0.9966438381412134,2.95506641981676,0.20632411787648142
test/geometry/477.json|64,16,30,0.9989061964571501,0.9999437793223505,1.3899192980927921,0.03307270087020315
test/geometry/477.json|64,16,31,0.9990407350112523,0.9999822731050336,1.329889717345346,0.03097200330536684
test/geometry/477.json|64,17,0,0.9751785809641941,0.9991828796720741,2.362735945940385,0.15754814830967048
test/geometry/477.json|64,17,1,0.9800815576305524,0.9992625597723876,2.2625111658979833,0.14113271190424856
test/geometry/477.json|64,17,2,0.9995730551888191,0.9999700601404855,1.253217359564247,0.02066264288954549
test/geometry/477.json|64,17,3,0.9996935430364546,0.9999695524827518,1.241075459176538,0.01750591224544911
test/geometry/477.json|64,17,4,0.9997006399041015,0.9999696675480287,1.2474442315563932,0.017302025774413875
test/geometry/477.json|64,17,5,0.9997259513134465,0.9999690354242061,1.2390021151881812,0.01655441592305364
test/geometry/477.json|64,17,6,0.9987363622546291,0.9998597227825058,1.4526633022318418,0.03554768270043577
test/geometry/477.json|64,17,7,0.9984381424386071,0.999840944108571,1.5175365959292582,0.03952034363961088
test/geometry/477.json|64,17,8,0.9258185306611842,0.9989647156060185,2.5952357395346892,0.272362753214928
test/geometry/477.json|64,17,9,0.9469195245790031,0.9996469249018198,2.25787605872815,0.23039200381305971
test/geometry/477.json|64,17,10,0.9217808154601741,0.9954927880887784,3.3325006022683166,0.279676928865836
test/geometry/477.json|64,17,11,0.9123727506373771,0.9973322531249621,3.306199527549842,0.29601900169182194
test/geometry/477.json|64,17,12,0.9973129345524351,0.9998907599815431,1.55943155052255,0.051836912018029375
test/geometry/477.json|64,17,13,0.9973505025970018,0.9998736797964647,1.5895156728859627,0.0514732688198277
test/geometry/477.json|64,17,14,0.9615791920025041,0.9993748088702756,2.3494030215759927,0.19601226491598917
test/geometry/477.json|64,17,15,0.9848890323875834,0.9994918234269122,2.009391357748509,0.12292667575598305
test/geometry/477.json|64,17,16,0.9828105290291251,0.9992706861424493,2.1823317133797095,0.131108622793754
test/geometry/477.json|64,17,17,0.9658237413586029,0.9979535045426596,2.755049044823573,0.1848682196630807
test/geometry/477.json|64,17,18,0.999722813179022,0.9999761291555199,1.2142126958374602,0.016648928523421338
test/geometry/477.json|64,17,19,0.9998251714637101,0.9999693783011794,1.2076656981602887,0.01322227424802243
test/geometry/477.json|64,17,20,0.9995064001875366,0.9999764952470256,1.2603586802068647,0.02221710630265429
test/geometry/477.json|64,17,21,0.9994731014491712,0.9999698224552147,1.2684255205605468,0.022954270862494616
test/geometry/477.json|64,17,22,0.9958945818275425,0.999855995694079,1.5914410111508221,0.064073537224485
test/geometry/477.json|64,17,23,0.9962780267940774,0.9998172478402908,1.6362591442108754,0.061007976576203556
test/geometry/477.json|64,17,24,0.972357096510547,0.9996998473013358,2.099606241484752,0.16626155144666782
test/geometry/477.json|64,17,25,0.9695707028716183,0.9997712173031146,2.1779031850040584,0.17443995278714597
test/geometry/477.json|64,17,26,0.9990877850698864,0.9999278818388186,1.3707458024625407,0.030202896055074247
test/geometry/477.json|64,17,27,0.9989666525639328,0.9999366610849819,1.3755198629512382,0.032145721893701504
test/geometry/477.json|64,17,28,0.9163715955420112,0.9910740573451717,3.76210525599522,0.2891857611605191
test/geometry/477.json|64,17,29,0.9057788636826771,0.9891418000870192,4.020647241163831,0.3069546160547563
test/geometry/477.json|64,17,30,0.9431996415550855,0.9986411870858296,2.670665201316343,0.23832825775579883
test/geometry/477.json|64,17,31,0.9861579727795541,0.9990468853174488,2.1376979048031375,0.11765214498871629
test/geometry/477.json|64,18,0,0.9807762838000951,0.997536037306005,2.6120563494584617,0.13864961665978354
test/geometry/477.json|64,18,1,0.9919222761854977,0.9987137382460983,2.1301646991766923,0.08987615820951814
test/geometry/477.json|64,18,2,0.9973097601795863,0.9996644058694086,1.6555982614070166,0.051867521826415804
test/geometry/477.json|64,18,3,0.9819455584139566,0.9995323702814741,2.129196663443228,0.1343668172803219
test/geometry/477.json|64,18,4,0.9596046000523216,0.9992258062536311,2.4708422287857763,0.20098606903882263
test/geometry/477.json|64,18,5,0.9686705259675819,0.9996396515602602,2.172805685803964,0.17700133906956225
test/geometry/477.json|64,18,6,0.9819758988090097,0.9972720405547782,2.615474437689698,0.13425386843957343
test/geometry/477.json|64,18,7,0.958309597874742,0.9950643917178486,3.1448258330984458,0.20418227671680514
test/geometry/477.json|64,18,8,0.9534292969716766,0.999458434390218,2.376241977926233,0.2158024629802066
test/geometry/477.json|64,18,9,0.9541076171424452,0.9997297592134041,2.2019340445236923,0.2142250752305967
test/geometry/477.json|64,18,10,0.9245328066887658,0.9939369147432127,3.6115266340581815,0.2747129289116808
test/geometry/477.json|64,18,11,0.9578130109915677,0.9981705055147768,2.909370626005993,0.2053947151424114
test/geometry/477.json|64,18,12,0.9759314749225187,0.9997425798196715,2.049226043370571,0.15514033994252188
test/geometry/477.json|64,18,13,0.9747819674741623,0.9997039350586303,2.033002296476869,0.15880186562455006
test/geometry/477.json|64,18,14,0.9998231807232693,0.9999919369501298,1.1697824529202714,0.013297340964672003
test/geometry/477.json|64,18,15,0.9997073626572506,0.9999737885232187,1.2330793449120638,0.017106646157251996
test/geometry/477.json|64,18,16,0.9704575108383483,0.9997854080644482,1.9564737978461806,0.17187928659862334
test/geometry/477.json|64,18,17,0.9740153762593671,0.9993153316951042,2.285103064274112,0.161197468158259
test/geometry/477.json|64,18,18,0.953533675693348,0.9994047421679177,2.3941179317515635,0.21556048874191203
test/geometry/477.json|64,18,19,0.877753763136834,0.9980350991815321,2.857810755122917,0.34963729329573245
test/geometry/477.json|64,18,20,0.9744344082400337,0.999895789316426,1.8538433906755705,0.15989243809500908
test/geometry/477.json|64,18,21,0.949036628788273,0.9998183259276218,2.1894423606846103,0.2257506837458682
test/geometry/477.json|64,18,22,0.9278393927244023,0.9951263410944721,3.4821051305367963,0.26862726457974756
test/geometry/477.json|64,18,23,0.894365959779369,0.9978465175237247,3.3908161588537604,0.32501390773416305
test/geometry/477.json|64,18,24,0.9981237169344247,0.999973780442419,1.3836168981483508,0.04331608322061566
test/geometry/477.json|64,18,25,0.9984290590272055,0.9999744562443448,1.3813504605080533,0.03963509773918228
test/geometry/477.json|64,18,26,0.9773399473753283,0.9997975221997456,2.058375159380353,0.1505325633365477
test/geometry/477.json|64,18,27,0.9519651161302609,0.9996447093046755,2.3561246520754118,0.21916861971947327
test/geometry/477.json|64,18,28,0.8938891284825989,0.9921188405995797,3.583717556798277,0.3257466370009076
test/geometry/477.json|64,18,29,0.9387982094179878,0.9940536860312603,3.2565705792880952,0.24738995650998497
test/geometry/477.json|64,18,30,0.9498860537902183,0.995579241672051,3.1469593196293446,0.22386144422338947
test/geometry/477.json|64,18,31,0.9733657719828125,0.9967772057844814,2.8068430576369034,0.1631999632879478
test/geometry/477.json|64,20,0,0.9997635616276362,0.9999792687564831,1.1970918922002782,0.015376552681396321
test/geometry/477.json|64,20,1,0.9991639959312867,0.9999673018842856,1.308438188565872,0.02891373494921253
test/geometry/477.json|64,20,2,0.9929861334089315,0.9999605447586501,1.5474571312914716,0.0837488303862717
test/geometry/477.json|64,20,3,0.995383898326597,0.9999606305134909,1.489401259396721,0.06794189924783516
test/geometry/477.json|64,20,4,0.9905400456328886,0.9994223277684467,2.0362024147737317,0.09726229673985416
test/geometry/477.json|64,20,5,0.9855572222930797,0.9995729196609247,2.1102826172444327,0.12017810826818777
test/geometry/477.json|64,20,6,0.9856576294280783,0.9985126700350458,2.309380690390712,0.11975963665576841
test/geometry/477.json|64,20,7,0.9861050858444943,0.9990162485071546,2.259984698569895,0.11787669046722384
test/geometry/477.json|64,20,8,0.8654754646404146,0.9973447072758673,3.2705010489757087,0.36677586529048695
test/geometry/477.json|64,20,9,0.7422086172869282,0.9960456673853132,3.869865483079248,0.5077316049972385
test/geometry/477.json|64,20,10,0.9994180487242508,0.9999980624229208,1.1629873438676381,0.02412366629990612
test/geometry/477.json|64,20,11,0.9964112863360027,0.9999909060892826,1.3432262553873517,0.05990587336812032
test/geometry/477.json|64,20,12,0.8849209601676867,0.9993644565969539,3.142470516476869,0.3392330170138415
test/geometry/477.json|64,20,13,0.9056750868194554,0.9994230389779053,3.0166460841757283,0.3071236122159034
test/geometry/477.json|64,20,14,0.9829690429629402,0.9998116209312635,1.9373596690761814,0.13050270892613614
test/geometry/477.json|64,20,15,0.958465044431155,0.9998519639871495,2.081130816887072,0.20380126488529213
test/geometry/477.json|64,20,16,0.9805524253394671,0.9996845763068615,2.113919482392502,0.13945456127546682
test/geometry/477.json|64,20,17,0.95642657482982,0.9991219904703501,2.59718275525051,0.20874248530229786
test/geometry/477.json|64,20,18,0.9924549605210424,0.99992615746682,1.7304838607866495,0.08686218670375258
test/geometry/477.json|64,20,19,0.9962039176666223,0.999939842429046,1.5950540462037806,0.06161235536300891
test/geometry/477.json|64,20,20,0.9999993338334578,1.0,1.0115843847045372,0.0008161902610001288
test/geometry/477.json|64,20,21,0.9999991657230398,1.0,1.0121354701846759,0.00091338762865616
test/geometry/477.json|64,20,22,0.8635981482017582,0.9997248708022237,2.5888992644295166,0.3693262132563052
test/geometry/477.json|64,20,23,0.8086302869548256,0.9997313520115562,2.5680416542176756,0.4374582414873154
test/geometry/477.json|64,20,24,0.9972804695573303,0.9999610487914493,1.4491472151953146,0.0521491173719144
test/geometry/477.json|64,20,25,0.9990932774568093,0.9999607876440784,1.3178154534993776,0.030111833939344936
test/geometry/477.json|64,20,26,0.8152736021035456,0.9947706237811208,4.001032500919086,0.42979808968451033
test/geometry/477.json|64,20,27,0.9248365117039102,0.9990507445580245,2.550780220066325,0.27415960369115244
test/geometry/477.json|64,20,28,0.974528063090196,0.9999882070746476,1.654751397396585,0.15959930109434683
test/geometry/477.json|64,20,29,0.963037542777958,0.9999680451064019,1.7523961414154035,0.1922562280448723
test/geometry/477.json|64,20,30,0.9626840146041945,0.9992886126303776,2.468701797213496,0.1931734593462712
test/geometry/477.json|64,20,31,0.9674064587578142,0.9990879004924876,2.4736418662012336,0.18053681409115935
test/geometry/477.json|64,21,0,0.9971990625701446,0.9997608938845107,1.6520169484755238,0.05292388335955169
test/geometry/477.json|64,21,1,0.9990506927240291,0.9998883781554627,1.4171685275665702,0.03081083049790881
test/geometry/477.json|64,21,2,0.8612648981057083,0.9876252481252081,4.18716595188286,0.37247161219922753
test/geometry/477.json|64,21,3,0.9339035361673728,0.9970128431233571,3.138206584892861,0.2570923255031687
test/geometry/477.json|64,21,4,0.9104068539789175,0.9977812014977796,3.2519413214056163,0.2993211419547281
test/geometry/477.json|64,21,5,0.9483703972332893,0.9956988882575918,3.298495399457369,0.22722148394619443
test/geometry/477.json|64,21,6,0.942639842084686,0.9941816902002846,3.45683141056701,0.23949980775631954
test/geometry/477.json|64,21,7,0.9215080989385567,0.9954457401366328,3.3719076709692652,0.28016406097400026
test/geometry/477.json|64,21,8,0.9983501626589001,0.9998870037936523,1.5042420713995512,0.04061818978117948
test/geometry/477.json|64,21,9,0.9922884607890792,0.9997066394362434,1.8708754769526843,0.08781537001528164
test/geometry/477.json|64,21,10,0.9983510301120537,0.9999583051563722,1.4198253101729021,0.040607510240671885
test/geometry/477.json|64,21,11,0.9838286843169506,0.9998896013834713,1.8990071478516362,0.12716648805030914
test/geometry/477.json|64,21,12,0.9997546198643836,0.9999964161384792,1.1620103848910335,0.01566461412280458
test/geometry/477.json|64,21,13,0.9997380937819186,0.9999930010076586,1.184930027880771,0.016183516863816104
test/geometry/477.json|64,21,14,0.8851889308661599,0.9962078049242801,3.628775015965765,0.3388378212859953
test/geometry/477.json|64,21,15,0.8524142684557796,0.9967801792163594,3.6231087049192383,0.38416888414370626
test/geometry/477.json|64,21,16,0.9999006036173111,0.9999968623464315,1.1236168860322273,0.009969773452233226
test/geometry/477.json|64,21,17,0.999940416105877,0.9999953997728802,1.1035649104987584,0.007719060443018441
test/geometry/477.json|64,21,18,0.9902289860298266,0.9997623447781099,1.9347640159892094,0.09884843939169417
test/geometry/477.json|64,21,19,0.960652970804094,0.9990461417871368,2.6628387871814274,0.19836085600719222
test/geometry/477.json|64,21,20,0.9627569557107167,0.9981027895492064,2.7305752738724105,0.19298457008083125
test/geometry/477.json|64,21,21,0.947857585751728,0.9988402547160122,2.7920333087546534,0.22834713540631957
test/geometry/477.json|64,21,22,0.999826570438094,0.999977572439293,1.1909958267023926,0.013169265807402644
test/geometry/477.json|64,21,23,0.9997207368788923,0.999962186435996,1.2322959477492255,0.016711167556688222
test/geometry/477.json|64,21,24,0.9985895952934799,0.9999691344886061,1.3888596921528995,0.037555355230913426
test/geometry/477.json|64,21,25,0.9991412990449089,0.9999658974301654,1.3310761688992256,0.02930359969510755
test/geometry/477.json|64,21,26,0.7856812994435922,0.9916062603349023,4.17339217573435,0.4629456777597214
test/geometry/477.json|64,21,27,0.797384445608984,0.9908843788320835,4.242529003336338,0.45012837545639794
test/geometry/477.json|64,21,28,0.9365059576688,0.9995872014770598,2.3874921125952833,0.2519802419460701
test/geometry/477.json|64,21,29,0.9864977846296362,0.9997245116880804,1.9723168827231425,0.11619903343128023
test/geometry/477.json|64,21,30,0.9875090869039571,0.9995892031670568,2.076330855033816,0.11176275361694918
test/geometry/477.json|64,21,31,0.9925725143906993,0.999862122443788,1.7359352813594577,0.08618286145922942
test/geometry/477.json|64,22,0,0.9966214002847663,0.9999382682014208,1.5288096235014714,0.05812572335234795
test/geometry/477.json|64,22,1,0.9963215840173845,0.9998771622405608,1.6138950935192693,0.06064994627050823
test/geometry/477.json|64,22,2,0.9932885239126162,0.999662964124509,1.7799334829767706,0.0819235990870992
test/geometry/477.json|64,22,3,0.9951109196914735,0.9997750895546704,1.6974775133398656,0.06992195870058653
test/geometry/477.json|64,22,4,0.8082618334700736,0.9969557538192056,3.6128007897122116,0.43787916886959394
test/geometry/477.json|64,22,5,0.8228200868543553,0.9974457652611416,3.386596338247281,0.42092744403952176
test/geometry/477.json|64,22,6,0.9379744834787115,0.999922248702483,2.088276391462155,0.2490492250967437
test/geometry/477.json|64,22,7,0.9567872774499093,0.9997430758170304,2.196884267286023,0.20787670035405767
test/geometry/477.json|64,22,8,0.990178246022718,0.9998272679349757,1.841365523375284,0.09910476263672711
test/geometry/477.json|64,22,9,0.992855395051897,0.9997733978470094,1.7973077001518882,0.08452576499566854
test/geometry/477.json|64,22,10,0.9672284890732984,0.9989116816493289,2.6825690105997255,0.1810290333805647
test/geometry/477.json|64,22,11,0.9892689357863029,0.9993864546444752,2.083886191618706,0.10359085004814408
test/geometry/477.json|64,22,12,0.9999960136177272,0.999999877342084,1.0289173280508852,0.0019965926657272573
test/geometry/477.json|64,22,13,0.9999870923380227,0.9999984685824773,1.0607965883945678,0.003592723476313928
test/geometry/477.json|64,22,14,0.8437948107167643,0.9926439672313065,4.206144051250127,0.3952280218851336
test/geometry/477.json|64,22,15,0.9199171094235413,0.99734744893552,3.2095860962401273,0.2829892057596167
test/geometry/477.json|64,22,16,0.9999553810897841,0.9999970472780004,1.0924858130441089,0.006679738783507849
test/geometry/477.json|64,22,17,0.999933817805403,0.9999980060984247,1.1029295585679282,0.008135243978945892
test/geometry/477.json|64,22,18,0.9883872676717892,0.9999846553215135,1.513231895345692,0.10776238828186209
test/geometry/477.json|64,22,19,0.9623835262169208,0.999955887194073,1.7882722894411398,0.19394966816955164
test/geometry/477.json|64,22,20,0.8431457138120891,0.996811189680901,3.667515336948401,0.3960483381961233
test/geometry/477.json|64,22,21,0.9473337855968845,0.9968356260432273,2.9494210341706464,0.2294912076815046
test/geometry/477.json|64,22,22,0.9973300041687717,0.9999937481726707,1.3566033016639873,0.05167200239228483
test/geometry/477.json|64,22,23,0.9959168030105178,0.9999923689205497,1.426544387767887,0.06389989819618049
test/geometry/477.json|64,22,24,0.9996630400092048,0.9999772620494016,1.2283073488114586,0.018356469998210268
test/geometry/477.json|64,22,25,0.9998321954469848,0.9999663166043218,1.2043144790876537,0.01295393967159174
test/geometry/477.json|64,22,26,0.999901695861765,0.9999992615651588,1.0992097344362826,0.009914844337405027
test/geometry/477.json|64,22,27,0.9999255638574042,0.9999978981030815,1.1048037534358979,0.008627638297693934
test/geometry/477.json|64,22,28,0.9998727052340567,0.9999916176494096,1.144920880720205,0.011282498213751633
test/geometry/477.json|64,22,29,0.998703280257839,0.9999674984010467,1.342018095129289,0.03600999503139296
test/geometry/477.json|64,22,30,0.9804893938289622,0.9999376908548065,1.7547818568244025,0.1396803714594067
test/geometry/477.json|64,22,31,0.9802690404211909,0.9996440849378009,1.9532735890630157,0.1404669341119436
test/geometry/477.json|64,24,0,0.9286247063666966,0.9976426528592287,3.1178197390384277,0.26716154969101263
test/geometry/477.json|64,24,1,0.9158576980867799,0.9982486814162584,2.9355312500826236,0.2900729251640355
test/geometry/477.json|64,24,2,0.9998234087095501,0.9999931553763391,1.1534219776487926,0.013288765572839716
test/geometry/477.json|64,24,3,0.9996141990102732,0.9999774598694486,1.2299825562384659,0.019641817373319805
test/geometry/477.json|64,24,4,0.7587644489997902,0.9908904155681413,4.366321192306947,0.4911573586949602
test/geometry/477.json|64,24,5,0.7944232367371868,0.9939209680711568,4.255712063302039,0.45340573801266915
test/geometry/477.json|64,24,6,0.997862734177721,0.9998267029345972,1.5450082319561127,0.046230572376718654
test/geometry/477.json|64,24,7,0.9997519430292476,0.9999804165549406,1.2105398824244848,0.015749824467350862
test/geometry/477.json|64,24,8,0.9748178603596238,0.9996401829820198,2.1878604780912076,0.15868881384765654
test/geometry/477.json|64,24,9,0.988066119572729,0.9995790256042802,2.0430889960079703,0.10924230145539295
test/geometry/477.json|64,24,10,0.9949642219972897,0.9998746222454723,1.6609275211374306,0.07096321584250721
test/geometry/477.json|64,24,11,0.9984649712775554,0.9999816150289459,1.38823978969788,0.03917944259997324
test/geometry/477.json|64,24,12,0.9972827120419259,0.9997525652198666,1.5934948095661439,0.05212761224220934
test/geometry/477.json|64,24,13,0.996321153835287,0.9998856511348824,1.5348622390062208,0.06065349260111106
test/geometry/477.json|64,24,14,0.9817648645628618,0.9991162028598903,2.277031268915685,0.13503753343844138
test/geometry/477.json|64,24,15,0.9737286023251587,0.9987824536617276,2.5206574927103285,0.16208453866683684
test/geometry/477.json|64,24,16,0.975457101126066,0.999754055879258,1.953382914425931,0.1566617339171695
test/geometry/477.json|64,24,17,0.9854551876864794,0.9999685654550406,1.6188158687415475,0.12060187524877282
test/geometry/477.json|64,24,18,0.908884842723743,0.9943689980381897,3.5319701827744248,0.30185287355971446
test/geometry/477.json|64,24,19,0.9637698437265081,0.9951277515897091,2.9966288090201143,0.19034220833407367
test/geometry/477.json|64,24,20,0.9999849962336436,0.9999996574482567,1.0516907604647685,0.0038734695502141473
test/geometry/477.json|64,24,21,0.9999939837979558,0.9999998351725468,1.0377089674999371,0.00245279474155753
test/geometry/477.json|64,24,22,0.999993444696767,0.9999997814898922,1.0383267965626137,0.002560332641086594
test/geometry/477.json|64,24,23,0.9999820206381921,1.0,1.047313240353808,0.004240207755277831
test/geometry/477.json|64,24,24,0.9999977001559504,0.9999997909232682,1.028207307661273,0.0015165236726299043
test/geometry/477.json|64,24,25,0.9999888395405983,0.9999995866496518,1.0483934406027844,0.003340727376148632
test/geometry/477.json|64,24,26,0.9966518525946318,0.9998791201941907,1.5858399406414043,0.05786317832065701
test/geometry/477.json|64,24,27,0.9991738448337677,0.9999735072604922,1.3007032647087167,0.028742915061494734
test/geometry/477.json|64,24,28,0.8332785051612265,0.9999727403850976,2.165772950934641,0.40831543546475624
test/geometry/477.json|64,24,29,0.9237947329371861,0.9999848685599741,1.8837275649231615,0.2760530149496903
test/geometry/477.json|64,24,30,0.974606478454992,0.9994394591086148,2.1931695041518195,0.15935344848796953
test/geometry/477.json|64,24,31,0.7692218821436021,0.9842865230957843,4.674138548244065,0.4803937112998024
test/geometry/477.json|64,25,0,0.9999901025074452,0.9999983906516171,1.0537246487616445,0.0031460280600712535
test/geometry/477.json|64,25,1,0.9999937183574655,0.99999933877447,1.0416773625194584,0.0025063205171060917
test/geometry/477.json|64,25,2,0.9576471201219839,0.999877096598702,2.0177409908471646,0.20579815324248188
test/geometry/477.json|64,25,3,0.949696350419786,0.9998410958890206,2.071458867894598,0.22428475110941906
test/geometry/477.json|64,25,4,0.9997132810835244,0.9999619658580186,1.238719448561463,0.016932776395960032
test/geometry/477.json|64,25,5,0.99988235216534,0.9999777541837302,1.1702574601157067,0.010846558655165737
test/geometry/477.json|64,25,6,0.999961734560765,0.99999835729175,1.0808664614909715,0.006185906500669002
test/geometry/477.json|64,25,7,0.9999091838437387,0.9999990410120775,1.1017446371184767,0.009529751112241875
test/geometry/477.json|64,25,8,0.9999989187453338,1.0,1.0168585828881238,0.001039833960902616
test/geometry/477.json|64,25,9,0.9999997819372995,1.0,1.0098989850940905,0.0004669718411769762
test/geometry/477.json|64,25,10,0.9989549125141187,0.9999202977236042,1.4008877021770287,0.03232781288428402
test/geometry/477.json|64,25,11,0.9985441160427756,0.9999257280858892,1.409837875618213,0.03815604745285342
test/geometry/477.json|64,25,12,0.9999748823330149,0.999996872508391,1.0807574363034513,0.005011752885478015
test/geometry/477.json|64,25,13,0.999951167797651,0.9999962516859604,1.1018465849005414,0.006988004174939335
test/geometry/477.json|64,25,14,0.8968738023844887,0.9990544312905747,2.944484509461637,0.32113267914603666
test/geometry/477.json|64,25,15,0.9490308082447048,0.9982120665138018,2.9049554417546037,0.22576357490812207
test/geometry/477.json|64,25,16,0.975598278909584,0.9999800366487914,1.7613011999829296,0.15621050249716262
test/geometry/477.json|64,25,17,0.9757056545781866,0.9999649277870857,1.7877158731070475,0.15586643455796828
test/geometry/477.json|64,25,18,0.9997301228663843,0.9999949398037447,1.173445468454399,0.016427937594710527
test/geometry/477.json|64,25,19,0.9999283027562282,0.9999949996557456,1.1148849990687721,0.008467422498716019
test/geometry/477.json|64,25,20,0.9591668466204676,0.998521293909896,2.6526780776673937,0.20207214894569814
test/geometry/477.json|64,25,21,0.9500049791498577,0.9983793115597365,2.787898552415975,0.22359566375523093
test/geometry/477.json|64,25,22,0.912435778387867,0.9919489333751143,3.7612631087802093,0.29591252358109643
test/geometry/477.json|64,25,23,0.9632564783479018,0.9993811074422293,2.371999550483503,0.1916859975378957
test/geometry/477.json|64,25,24,0.8195656139870523,0.9955001210698656,3.9318174040735165,0.42477568905593893
test/geometry/477.json|64,25,25,0.8218146278271153,0.996197524260693,3.756019853227194,0.42212009212176177
test/geometry/477.json|64,25,26,0.9999470579307808,0.9999980391826215,1.0980199330458549,0.007276130099114619
test/geometry/477.json|64,25,27,0.999586991532503,0.999989844054078,1.2094113461381482,0.02032260976097887
test/geometry/477.json|64,25,28,0.9999778714552837,0.999997481924222,1.075461143407613,0.004704098714555449
test/geometry/477.json|64,25,29,0.9999901973486115,0.9999991014236227,1.0498675123916128,0.003130918617355279
test/geometry/477.json|64,25,30,0.9980573034753714,0.9999999245701213,1.2185153324318632,0.044076031180548
test/geometry/477.json|64,25,31,0.9984747427508728,0.9999997723156816,1.206137182441364,0.03905454197820301
test/geometry/477.json|64,26,0,0.9917522102090338,0.9999258317860417,1.601437412040669,0.09081734300763367
test/geometry/477.json|64,26,1,0.9868780582098302,0.9999409627377998,1.6193153243084522,0.11455104447437303
test/geometry/477.json|64,26,2,0.999996628382278,0.9999998016695457,1.0261280946562676,0.0018361965368702887
test/geometry/477.json|64,26,3,0.9999932326582279,0.999999655897876,1.0409124222286619,0.002601411496106243
test/geometry/477.json|64,26,4,0.983916238688879,0.9997883260858168,1.8159254502615167,0.12682176986275262
test/geometry/477.json|64,26,5,0.9971165628799732,0.9998859762850989,1.5513808666191171,0.05369764538624399
test/geometry/477.json|64,26,6,0.9559376784807777,0.9996133955810792,2.2781420141985658,0.20991027016137703
test/geometry/477.json|64,26,7,0.8650256436132954,0.9995473394619134,2.648484472799136,0.367388563222516
test/geometry/477.json|64,26,8,0.9570918978105513,0.9990515502597899,2.6598939839112963,0.20714270971832133
test/geometry/477.json|64,26,9,0.9367159283392165,0.998987818507111,2.7408922221132697,0.25156325578427297
test/geometry/477.json|64,26,10,0.9986738905609985,0.9999922138598356,1.3302658160307967,0.0364157855744108
test/geometry/477.json|64,26,11,0.9997364518081266,0.999978891064727,1.222171730653818,0.016234167421625072
test/geometry/477.json|64,26,12,0.999967826562483,0.9999993490923046,1.0672121434876944,0.005672163389487896
test/geometry/477.json|64,26,13,0.9999948963111372,0.999999907205657,1.0290203129218276,0.0022591345384352216
test/geometry/477.json|64,26,14,0.9933574738230687,0.9999536977491962,1.5786768293206046,0.08150169431938999
test/geometry/477.json|64,26,15,0.9881030306059809,0.9997773312988224,1.9125823949445242,0.10907322950210595
test/geometry/477.json|64,26,16,0.9999991129019381,1.0,1.0151563351054995,0.0009418588333168124
test/geometry/477.json|64,26,17,0.9999992513010516,1.0,1.0152091495920827,0.0008652739152395743
test/geometry/477.json|64,26,18,0.9983377717634953,0.9998834301030604,1.483634295171037,0.04077043336174817
test/geometry/477.json|64,26,19,0.9993370663583795,0.9999214947003344,1.343545262357173,0.025747497773968467
test/geometry/477.json|64,26,20,0.9986213904148793,0.9999597449976948,1.3632739294988776,0.03712963217055489
test/geometry/477.json|64,26,21,0.9992489507004798,0.9999902708027013,1.3013658710448892,0.02740527867984907
test/geometry/477.json|64,26,22,0.9946406972445011,0.9998773575230383,1.6913122523158466,0.07320725889895684
test/geometry/477.json|64,26,23,0.997433523302876,0.9998293502316149,1.6023327737662147,0.0506604056154701
test/geometry/477.json|64,26,24,0.9996746367384075,0.9999859973123947,1.2220723348116982,0.018037828627428882
test/geometry/477.json|64,26,25,0.9997704957964538,0.9999782329471985,1.208728483041484,0.015149396144604952
test/geometry/477.json|64,26,26,0.9999564838430475,0.9999980113584188,1.0845937761804332,0.006596677720832491
test/geometry/477.json|64,26,27,0.999988658615525,0.999999407539617,1.0497472619672215,0.0033676972065501127
test/geometry/477.json|64,26,28,0.9999812011944935,0.9999998413602911,1.0505630237626153,0.0043357589308541345
test/geometry/477.json|64,26,29,0.9999860039964327,0.9999997705573186,1.0433145326157032,0.0037411233028769872
test/geometry/477.json|64,26,30,0.9955320636663162,0.9998065252148791,1.733006455264383,0.06684262362956594
test/geometry/477.json|64,26,31,0.9963400630431565,0.9997317485128514,1.6903488833659115,0.06049741281115684
test/geometry/477.json|64,28,0,0.9954692375794548,0.9999343385486092,1.6100700848429212,0.06731093834248024
test/geometry/477.json|64,28,1,0.9992658397432349,0.999991297408876,1.2561804870750952,0.027095391799438755
test/geometry/477.json|64,28,2,0.9903415420426465,0.9999512273737425,1.76722928906848,0.09827745396251135
test/geometry/477.json|64,28,3,0.9822738813912629,0.99996329256949,1.934094809119697,0.13313947051395794
test/geometry/477.json|64,28,4,0.9330419911617092,0.9993610714922306,2.650478704256867,0.25876245639252005
test/geometry/477.json|64,28,5,0.7685899030777322,0.9963520578889442,3.6821601580333434,0.4810510335944283
test/geometry/477.json|64,28,6,0.9881610502610643,0.9996818518001005,1.900639591041784,0.10880693791728417
test/geometry/477.json|64,28,7,0.9931480182858979,0.9999368790112035,1.6419276008988128,0.08277669789319976
test/geometry/477.json|64,28,8,0.9992246920858514,0.999966359699658,1.3258648643402573,0.027844351566315796
test/geometry/477.json|64,28,9,0.9996098307430021,0.9999899668291262,1.2268357564446057,0.0197527025239045
test/geometry/477.json|64,28,10,0.9999180239184584,0.9999966800963862,1.122018613257978,0.009054064365885104
test/geometry/477.json|64,28,11,0.9999627756426087,0.9999981432030755,1.0862029858794424,0.006101176721853383
test/geometry/477.json|64,28,12,0.9999995057201524,1.0,1.012710291249603,0.0007030503876729477
test/geometry/477.json|64,28,13,0.9999996848588215,1.0,1.0107429545663562,0.0005613743657189024
test/geometry/477.json|64,28,14,0.9999467148329636,0.9999989080908395,1.0867155374904691,0.007299668967590156
test/geometry/477.json|64,28,15,0.9998892705899376,0.9999988963846174,1.1007697594520223,0.0105228042869952
test/geometry/477.json|64,28,16,0.9986866951227575,0.9999701294745221,1.3592267861315277,0.036239548524263664
test/geometry/477.json|64,28,17,0.9998593315038202,0.9999937715703446,1.1496677884473727,0.011860375043807611
test/geometry/477.json|64,28,18,0.9324668121745603,0.9937017059717907,3.46133927595072,0.25987148328633464
test/geometry/477.json|64,28,19,0.7879382842691837,0.9987745056511191,3.456541313902869,0.4605015914530767
test/geometry/477.json|64,28,20,0.9999999374068222,1.0,1.0051721465377763,0.0002501862860990486
test/geometry/477.json|64,28,21,1.0,1.0,1.004926974824553,0.0
test/geometry/477.json|64,28,22,0.7970213558800191,0.999166937004019,2.9861479514162426,0.4505315129044592
test/geometry/477.json|64,28,23,0.7858122153968023,0.9938226191735529,4.1140648106935265,0.46280426165194033
test/geometry/477.json|64,28,24,1.0,1.0,1.0025043702437457,0.0
test/geometry/477.json|64,28,25,1.0,1.0,1.0034024651800288,0.0
test/geometry/477.json|64,28,26,0.9886387141438365,0.9992104619249439,2.1734666723369083,0.1065893327503436
test/geometry/477.json|64,28,27,0.992222713427322,0.9989346834700663,2.051608979618119,0.08818892545369829
test/geometry/477.json|64,28,28,1.0,1.0,1.0029272342363227,0.0
test/geometry/477.json|64,28,29,1.0,1.0,1.0025588070731197,0.0
test/geometry/477.json|64,28,30,0.9956438683029702,0.9999773458587156,1.5129887474111563,0.06600099769722995
test/geometry/477.json|64,28,31,0.9973363392735071,0.999979390995416,1.4254517628436314,0.051610664852266085
test/geometry/477.json|64,29,0,0.9996756442704515,0.9999992890833325,1.1331686142081194,0.018009878665567837
test/geometry/477.json|64,29,1,0.9994344506332477,0.999993853591921,1.2065437427727166,0.023781281856795466
test/geometry/477.json|64,29,2,0.9999976800875535,1.0,1.0228953139403574,0.0015231258800506642
test/geometry/477.json|64,29,3,0.9999979174138244,0.9999999281866836,1.0243993865000272,0.0014431168267407884
test/geometry/477.json|64,29,4,0.9942807911816325,0.9999310066340159,1.6161420067978478,0.07562545086389579
test/geometry/477.json|64,29,5,0.9992251611128531,0.999973129996762,1.312734191412195,0.02783592799148093
test/geometry/477.json|64,29,6,0.981429058647658,0.9989921627060958,2.2975088681692672,0.13627524115679288
test/geometry/477.json|64,29,7,0.9507748994864302,0.9986910788733612,2.718333676064792,0.22186730384076372
test/geometry/477.json|64,29,8,0.9731733591289043,0.999998647274627,1.6853469778146348,0.16378840273687162
test/geometry/477.json|64,29,9,0.9974660397011604,0.9999972847573224,1.3324368417397057,0.050338457453914555
test/geometry/477.json|64,29,10,0.9993981279130664,0.9999591993727259,1.3181496780093291,0.024533081480597383
test/geometry/477.json|64,29,11,0.9988688453806042,0.9999638161815131,1.3572434584309907,0.03363264217090051
test/geometry/477.json|64,29,12,0.9997289010247208,0.9999793170776669,1.2142004830029849,0.01646508351874402
test/geometry/477.json|64,29,13,0.9996363553534106,0.9999952833184087,1.1805194049759102,0.019069468964537133
test/geometry/477.json|64,29,14,0.9994783733239228,0.9999700791378399,1.2840500991008967,0.022839147884219476
test/geometry/477.json|64,29,15,0.9991793281651349,0.999936657220549,1.371972751382618,0.028647370470343634
test/geometry/477.json|64,29,16,0.9998474865270542,0.9999980815915352,1.1296539668635512,0.01234963452680924
test/geometry/477.json|64,29,17,0.9999798200570991,0.9999993654106006,1.0602816508875008,0.004492209133703935
test/geometry/477.json|64,29,18,0.987712917529046,0.9999394626379609,1.6963622962384841,0.11084711304744929
test/geometry/477.json|64,29,19,0.9736065416244726,0.9999043329006074,1.8777530426342877,0.16246063638779526
test/geometry/477.json|64,29,20,0.9996159833265712,0.9999988017100866,1.1612477748946144,0.01959634336882266
test/geometry/477.json|64,29,21,0.9997057876875038,0.999998132559032,1.1605438218047444,0.01715261824026163
test/geometry/477.json|64,29,22,0.8899818789198122,0.990991807666667,3.720645344239714,0.3316897964668009
test/geometry/477.json|64,29,23,0.9748834402326183,0.9996274706854908,2.1910043612813386,0.15848204872281813
test/geometry/477.json|64,29,24,0.8626563971254799,0.9993763164753928,2.5212528253503597,0.3705989785125157
test/geometry/477.json|64,29,25,0.9634863132574997,0.9994152259255132,2.2526093702980043,0.19108554823036808
test/geometry/477.json|64,29,26,0.9621291590168238,0.9983732518254724,2.65952317993744,0.19460431902497993
test/geometry/477.json|64,29,27,0.9185579843792139,0.9988430764351279,2.686754768921391,0.28538047519195514
test/geometry/477.json|64,29,28,0.9996976412159483,0.9999817895686219,1.2105563516412912,0.01738846698394413
test/geometry/477.json|64,29,29,0.9997489450824171,0.9999752239014593,1.2093521104797982,0.015844712606510946
test/geometry/477.json|64,29,30,0.8918647711333479,0.9984921750731447,2.9495282736279367,0.3288392143079229
test/geometry/477.json|64,29,31,0.9704625603261081,0.9988503169189928,2.492828463655253,0.17186459691830627
test/geometry/477.json|64,30,0,0.8728243309441999,0.9821149679267811,4.4019985085606965,0.3566169780812463
test/geometry/477.json|64,30,1,0.7239387791137206,0.9836987188803138,4.7152075420112585,0.525415284214572
test/geometry/477.json|64,30,2,0.9997521688311034,0.9999936269048231,1.1843142116699674,0.015742654442520012
test/geometry/477.json|64,30,3,0.9998896914140613,0.9999979802653279,1.1252303294177064,0.010502789436085319
test/geometry/477.json|64,30,4,0.8996089794244811,0.99890864238564,2.7897722692214475,0.31684542063207866
test/geometry/477.json|64,30,5,0.9764293847050851,0.9999521050980434,1.908813437309762,0.1535272460995601
test/geometry/477.json|64,30,6,0.9854889251941419,0.999346202730984,2.1543743163082874,0.12046192263889081
test/geometry/477.json|64,30,7,0.9953820295635717,0.9997540824355982,1.7309634477584825,0.06795565051140566
test/geometry/477.json|64,30,8,0.9876288056182609,0.9985272597703786,2.2938839949166,0.11122587100912745
test/geometry/477.json|64,30,9,0.9604855580149217,0.9937091242054888,3.182523488055062,0.19878239857964852
test/geometry/477.json|64,30,10,0.9997085736656903,0.9999984978024005,1.1433219991843668,0.01707121361560667
test/geometry/477.json|64,30,11,0.9995853154584728,0.9999971747457428,1.1629945704424933,0.020363804691833864
test/geometry/477.json|64,30,12,0.9917158035713298,0.9996896771765268,1.8207807572411285,0.09101756110042818
test/geometry/477.json|64,30,13,0.9739571020247475,0.997575392760786,2.6663152231880374,0.16137812111699806
test/geometry/477.json|64,30,14,0.9879628158992209,0.9996512572437297,1.9582840319803252,0.10971410164960173
test/geometry/477.json|64,30,15,0.964312609126306,0.9994664041986302,2.327376996561908,0.18891106604350627
test/geometry/477.json|64,30,16,0.9922776098166781,0.9998399980643313,1.6812631338633197,0.08787713117371254
test/geometry/477.json|64,30,17,0.9900214704619634,0.9998927484705518,1.7945023912161153,0.09989259000564843
test/geometry/477.json|64,30,18,0.9744637154774045,0.9974856249061337,2.6654816341680894,0.1598007650876412
test/geometry/477.json|64,30,19,0.9969929588190372,0.9998435774901179,1.558559232442142,0.05483649497335551
test/geometry/477.json|64,30,20,0.9999714045203826,1.0,1.0562622594416595,0.005347474134338705
test/geometry/477.json|64,30,21,0.999951303048439,1.0,1.0644820547469762,0.006978320110238271
test/geometry/477.json|64,30,22,0.9999906846629425,0.9999992038173455,1.0523342060614913,0.0030521037101485854
test/geometry/477.json|64,30,23,0.9999652341537368,0.9999994237705039,1.06759463219581,0.005896256970584204
test/geometry/477.json|64,30,24,0.9987133118231104,0.9999998103768069,1.1832261161030668,0.03587043597295124
test/geometry/477.json|64,30,25,0.9991208523275429,0.9999999248399015,1.1605603198738454,0.02965042449033596
test/geometry/477.json|64,30,26,0.8856108046900973,0.9988280443376644,2.894785898970922,0.33821471776063006
test/geometry/477.json|64,30,27,0.974217597993684,0.9976023693713636,2.618446225313928,0.16056899453604356
test/geometry/477.json|64,30,28,0.9583389109352537,0.9988761222970796,2.535327363811973,0.20411048249599115
test/geometry/477.json|64,30,29,0.9660105029092227,0.9988356554794849,2.5392137515203306,0.18436240693475786
test/geometry/477.json|64,30,30,0.9921536226513917,0.9997916583307875,1.8244198261002071,0.08857977956965274
test/geometry/477.json|64,30,31,0.9762350636029549,0.9991886276737811,2.4486911283382353,0.15415880252857808
