unit_id,layer,config,api_diag_sq,pullback_diag_sq,relative_error
test/algebra/1332.json|64,0,R128,0.6633068323135376,0.6633068323135376,0.0
test/algebra/1332.json|64,0,R64,0.3778066635131836,0.3778066635131836,0.0
test/algebra/1332.json|64,0,R32,0.1893875002861023,0.1893875002861023,0.0
test/algebra/1332.json|64,0,R16,0.12952688336372375,0.12952689826488495,1.1504298638619028e-07
test/algebra/1332.json|64,0,C128,0.001721224281936884,0.001721224281936884,0.0
test/algebra/1332.json|64,0,C64,0.0007532010786235332,0.0007532010786235332,0.0
test/algebra/1332.json|64,0,C32,0.0006321326363831758,0.0006321326363831758,0.0
test/algebra/1332.json|64,0,C16,0.00041535194031894207,0.00041535194031894207,0.0
test/algebra/1332.json|64,1,R128,0.00558318430557847,0.00558318430557847,0.0
test/algebra/1332.json|64,1,R64,0.00246576895006001,0.0024657691828906536,9.442515754312982e-08
test/algebra/1332.json|64,1,R32,0.0009233711753040552,0.0009233710588887334,1.2607642461846584e-07
test/algebra/1332.json|64,1,R16,0.00043275917414575815,0.0004327592032495886,6.725178845635464e-08
test/algebra/1332.json|64,1,C128,9.035347466124222e-05,9.035347466124222e-05,0.0
test/algebra/1332.json|64,1,C64,5.1406652346486226e-05,5.1406652346486226e-05,0.0
test/algebra/1332.json|64,1,C32,3.859066418954171e-05,3.859066418954171e-05,0.0
test/algebra/1332.json|64,1,C16,2.585930451459717e-05,2.5859300876618363e-05,1.406835661863372e-07
test/algebra/1332.json|64,2,R128,0.04562918841838837,0.045629192143678665,8.164269677731654e-08
test/algebra/1332.json|64,2,R64,0.022644497454166412,0.022644497454166412,0.0
test/algebra/1332.json|64,2,R32,0.009401220828294754,0.00940121989697218,9.90640134708861e-08
test/algebra/1332.json|64,2,R16,0.0031851197127252817,0.0031851192470639944,1.4619901204351496e-07
test/algebra/1332.json|64,2,C128,0.0004362879553809762,0.0004362880135886371,1.334156771836826e-07
test/algebra/1332.json|64,2,C64,0.00039384461706504226,0.00039384461706504226,0.0
test/algebra/1332.json|64,2,C32,0.0001766111672623083,0.0001766111672623083,0.0
test/algebra/1332.json|64,2,C16,0.0001288924104301259,0.0001288924104301259,0.0
test/algebra/1332.json|64,4,R128,0.02618020586669445,0.0261802077293396,7.114707294978349e-08
test/algebra/1332.json|64,4,R64,0.013636298477649689,0.013636298477649689,0.0
test/algebra/1332.json|64,4,R32,0.004356153309345245,0.004356153775006533,1.068973482691491e-07
test/algebra/1332.json|64,4,R16,0.0020763075444847345,0.002076307311654091,1.121368894839792e-07
test/algebra/1332.json|64,4,C128,0.0006922840839251876,0.0006922840839251876,0.0
test/algebra/1332.json|64,4,C64,0.00048411707393825054,0.000484117103042081,6.011733568951513e-08
test/algebra/1332.json|64,4,C32,0.0003582422505132854,0.0003582422505132854,0.0
test/algebra/1332.json|64,4,C16,0.00020483329717535526,0.00020483329717535526,0.0
test/algebra/1332.json|64,5,R128,0.04383506625890732,0.04383506625890732,0.0
test/algebra/1332.json|64,5,R64,0.021728334948420525,0.021728334948420525,0.0
test/algebra/1332.json|64,5,R32,0.012628283351659775,0.012628283351659775,0.0
test/algebra/1332.json|64,5,R16,0.0074593685567379,0.0074593685567379,0.0
test/algebra/1332.json|64,5,C128,0.001801784848794341,0.001801784848794341,0.0
test/algebra/1332.json|64,5,C64,0.001301902811974287,0.001301902811974287,0.0
test/algebra/1332.json|64,5,C32,0.0008060376858338714,0.0008060376858338714,0.0
test/algebra/1332.json|64,5,C16,0.0006029390497133136,0.0006029390497133136,0.0
test/algebra/1332.json|64,6,R128,0.11727043986320496,0.11727043986320496,0.0
test/algebra/1332.json|64,6,R64,0.06931333243846893,0.06931333988904953,1.0749129400981898e-07
test/algebra/1332.json|64,6,R32,0.04261556267738342,0.04261556267738342,0.0
test/algebra/1332.json|64,6,R16,0.014389393851161003,0.014389393851161003,0.0
test/algebra/1332.json|64,6,C128,0.0015607078094035387,0.0015607078094035387,0.0
test/algebra/1332.json|64,6,C64,0.0010961154475808144,0.0010961155639961362,1.0620716058105168e-07
test/algebra/1332.json|64,6,C32,0.0007107470300979912,0.0007107470300979912,0.0
test/algebra/1332.json|64,6,C16,0.0005040382384322584,0.0005040382384322584,0.0
test/algebra/1332.json|64,8,R128,0.08369621634483337,0.08369621634483337,0.0
test/algebra/1332.json|64,8,R64,0.04631153494119644,0.04631153494119644,0.0
test/algebra/1332.json|64,8,R32,0.026228144764900208,0.02622814290225506,7.101704288029453e-08
test/algebra/1332.json|64,8,R16,0.013245672918856144,0.013245673850178719,7.031145301321164e-08
test/algebra/1332.json|64,8,C128,0.00771473441272974,0.007714735344052315,1.2071996419329703e-07
test/algebra/1332.json|64,8,C64,0.006733140908181667,0.006733141373842955,6.915958857593428e-08
test/algebra/1332.json|64,8,C32,0.003356663975864649,0.003356664441525936,1.3872738704775706e-07
test/algebra/1332.json|64,8,C16,0.0016485995147377253,0.001648599747568369,1.412293334728808e-07
test/algebra/1332.json|64,9,R128,0.05421358346939087,0.05421358346939087,0.0
test/algebra/1332.json|64,9,R64,0.028192633762955666,0.028192630037665367,1.321370263559231e-07
test/algebra/1332.json|64,9,R32,0.014599598944187164,0.014599598944187164,0.0
test/algebra/1332.json|64,9,R16,0.007356613874435425,0.007356613874435425,0.0
test/algebra/1332.json|64,9,C128,0.003815321484580636,0.003815321484580636,0.0
test/algebra/1332.json|64,9,C64,0.002655764576047659,0.002655764576047659,0.0
test/algebra/1332.json|64,9,C32,0.002123746555298567,0.002123746322467923,1.0963204083323574e-07
test/algebra/1332.json|64,9,C16,0.0017043169355019927,0.0017043169355019927,0.0
test/algebra/1332.json|64,10,R128,0.24449381232261658,0.24449381232261658,0.0
test/algebra/1332.json|64,10,R64,0.12719717621803284,0.12719717621803284,0.0
test/algebra/1332.json|64,10,R32,0.055767469108104706,0.0557674765586853,1.3360081998599708e-07
test/algebra/1332.json|64,10,R16,0.029240401461720467,0.029240403324365616,6.37010758198106e-08
test/algebra/1332.json|64,10,C128,0.0033719991333782673,0.0033719991333782673,0.0
test/algebra/1332.json|64,10,C64,0.0021469448693096638,0.0021469451021403074,1.0844741363591989e-07
test/algebra/1332.json|64,10,C32,0.0015687061240896583,0.00156870624050498,7.421104012134782e-08
test/algebra/1332.json|64,10,C16,0.0010968003189191222,0.0010968002025038004,1.0614086453944703e-07
test/algebra/1332.json|64,12,R128,0.11511902511119843,0.11511902511119843,0.0
test/algebra/1332.json|64,12,R64,0.05860617011785507,0.05860617011785507,0.0
test/algebra/1332.json|64,12,R32,0.0268910713493824,0.0268910713493824,0.0
test/algebra/1332.json|64,12,R16,0.012018205597996712,0.012018205597996712,0.0
test/algebra/1332.json|64,12,C128,0.003468650858849287,0.0034686506260186434,6.712427070061854e-08
test/algebra/1332.json|64,12,C64,0.002700571436434984,0.002700571436434984,0.0
test/algebra/1332.json|64,12,C32,0.0015197426546365023,0.0015197426546365023,0.0
test/algebra/1332.json|64,12,C16,0.0009498482686467469,0.000949848210439086,6.128101333715074e-08
test/algebra/1332.json|64,13,R128,0.12788410484790802,0.12788408994674683,1.165208369542782e-07
test/algebra/1332.json|64,13,R64,0.06746283173561096,0.06746283173561096,0.0
test/algebra/1332.json|64,13,R32,0.0315108522772789,0.0315108522772789,0.0
test/algebra/1332.json|64,13,R16,0.017777947708964348,0.017777947708964348,0.0
test/algebra/1332.json|64,13,C128,0.0041584414429962635,0.0041584414429962635,0.0
test/algebra/1332.json|64,13,C64,0.0030601529870182276,0.0030601529870182276,0.0
test/algebra/1332.json|64,13,C32,0.002240934409201145,0.002240934409201145,0.0
test/algebra/1332.json|64,13,C16,0.0013071555877104402,0.0013071555877104402,0.0
test/algebra/1332.json|64,14,R128,0.35114455223083496,0.35114455223083496,0.0
test/algebra/1332.json|64,14,R64,0.17744629085063934,0.17744630575180054,8.397560676527343e-08
test/algebra/1332.json|64,14,R32,0.09132400155067444,0.09132400155067444,0.0
test/algebra/1332.json|64,14,R16,0.04755496606230736,0.04755496233701706,7.833652084471929e-08
test/algebra/1332.json|64,14,C128,0.004603356588631868,0.004603356588631868,0.0
test/algebra/1332.json|64,14,C64,0.0028816228732466698,0.0028816228732466698,0.0
test/algebra/1332.json|64,14,C32,0.00231967493891716,0.0023196747060865164,1.0037210947835963e-07
test/algebra/1332.json|64,14,C16,0.0013015284202992916,0.0013015284202992916,0.0
test/algebra/1332.json|64,16,R128,0.15941409766674042,0.15941409766674042,0.0
test/algebra/1332.json|64,16,R64,0.09499505162239075,0.09499505162239075,0.0
test/algebra/1332.json|64,16,R32,0.047990813851356506,0.047990813851356506,0.0
test/algebra/1332.json|64,16,R16,0.02627798542380333,0.02627798728644848,7.088233694825777e-08
test/algebra/1332.json|64,16,C128,0.004919843748211861,0.004919843748211861,0.0
test/algebra/1332.json|64,16,C64,0.003729873336851597,0.003729873336851597,0.0
test/algebra/1332.json|64,16,C32,0.002683905651792884,0.002683905651792884,0.0
test/algebra/1332.json|64,16,C16,0.0016045313095673919,0.0016045313095673919,0.0
test/algebra/1332.json|64,17,R128,0.1857469379901886,0.1857469379901886,0.0
test/algebra/1332.json|64,17,R64,0.11037399619817734,0.11037399619817734,0.0
test/algebra/1332.json|64,17,R32,0.0608157217502594,0.0608157217502594,0.0
test/algebra/1332.json|64,17,R16,0.03637125715613365,0.03637125715613365,0.0
test/algebra/1332.json|64,17,C128,0.011318817734718323,0.011318817734718323,0.0
test/algebra/1332.json|64,17,C64,0.008537809364497662,0.008537809364497662,0.0
test/algebra/1332.json|64,17,C32,0.006389942951500416,0.006389942951500416,0.0
test/algebra/1332.json|64,17,C16,0.0033479034900665283,0.0033479034900665283,0.0
test/algebra/1332.json|64,18,R128,0.26456332206726074,0.26456332206726074,0.0
test/algebra/1332.json|64,18,R64,0.1665581613779068,0.1665581613779068,0.0
test/algebra/1332.json|64,18,R32,0.08874966949224472,0.08874966949224472,0.0
test/algebra/1332.json|64,18,R16,0.0483444482088089,0.0483444482088089,0.0
test/algebra/1332.json|64,18,C128,0.005612360779196024,0.005612360313534737,8.297066852635645e-08
test/algebra/1332.json|64,18,C64,0.004656353499740362,0.004656353034079075,1.0000558028990413e-07
test/algebra/1332.json|64,18,C32,0.0032570494804531336,0.0032570494804531336,0.0
test/algebra/1332.json|64,18,C16,0.0022653688210994005,0.0022653688210994005,0.0
test/algebra/1332.json|64,20,R128,0.14128607511520386,0.14128607511520386,0.0
test/algebra/1332.json|64,20,R64,0.09194532036781311,0.09194532036781311,0.0
test/algebra/1332.json|64,20,R32,0.053590673953294754,0.053590673953294754,0.0
test/algebra/1332.json|64,20,R16,0.032566338777542114,0.03256634250283241,1.1439081002183531e-07
test/algebra/1332.json|64,20,C128,0.015445313416421413,0.015445313416421413,0.0
test/algebra/1332.json|64,20,C64,0.01397853996604681,0.01397853996604681,0.0
test/algebra/1332.json|64,20,C32,0.009965067729353905,0.009965067729353905,0.0
test/algebra/1332.json|64,20,C16,0.007481922395527363,0.007481922395527363,0.0
test/algebra/1332.json|64,21,R128,0.14047159254550934,0.14047157764434814,1.0607954608062396e-07
test/algebra/1332.json|64,21,R64,0.07716356962919235,0.07716356962919235,0.0
test/algebra/1332.json|64,21,R32,0.0568387508392334,0.056838758289813995,1.310827474239168e-07
test/algebra/1332.json|64,21,R16,0.02659190446138382,0.02659190259873867,7.004557655266314e-08
test/algebra/1332.json|64,21,C128,0.014101310633122921,0.014101309701800346,6.604511171260421e-08
test/algebra/1332.json|64,21,C64,0.01204532291740179,0.012045323848724365,7.731818473579605e-08
test/algebra/1332.json|64,21,C32,0.007812835276126862,0.007812835276126862,0.0
test/algebra/1332.json|64,21,C16,0.0053808256052434444,0.005380826070904732,8.654085470986096e-08
test/algebra/1332.json|64,22,R128,0.04066874831914902,0.040668752044439316,9.160080187116724e-08
test/algebra/1332.json|64,22,R64,0.02533789724111557,0.02533789724111557,0.0
test/algebra/1332.json|64,22,R32,0.01766662299633026,0.01766662299633026,0.0
test/algebra/1332.json|64,22,R16,0.008158456534147263,0.008158455602824688,1.1415427377932583e-07
test/algebra/1332.json|64,22,C128,0.012091371230781078,0.012091371230781078,0.0
test/algebra/1332.json|64,22,C64,0.009239809587597847,0.009239809587597847,0.0
test/algebra/1332.json|64,22,C32,0.0075607155449688435,0.0075607155449688435,0.0
test/algebra/1332.json|64,22,C16,0.004688904620707035,0.004688904620707035,0.0
test/algebra/1332.json|64,24,R128,0.09122125059366226,0.09122125059366226,0.0
test/algebra/1332.json|64,24,R64,0.07090230286121368,0.07090231031179428,1.0508233884135331e-07
test/algebra/1332.json|64,24,R32,0.03230074793100357,0.03230075538158417,2.3066273555141103e-07
test/algebra/1332.json|64,24,R16,0.012000678107142448,0.012000678107142448,0.0
test/algebra/1332.json|64,24,C128,0.0317203551530838,0.0317203551530838,0.0
test/algebra/1332.json|64,24,C64,0.022838078439235687,0.022838078439235687,0.0
test/algebra/1332.json|64,24,C32,0.014590535312891006,0.014590534381568432,6.383060073030265e-08
test/algebra/1332.json|64,24,C16,0.021309006959199905,0.021309010684490204,1.7482230186305882e-07
test/algebra/1332.json|64,25,R128,0.04141607508063316,0.04141607880592346,8.994792374789386e-08
test/algebra/1332.json|64,25,R64,0.026340648531913757,0.026340648531913757,0.0
test/algebra/1332.json|64,25,R32,0.015213802456855774,0.015213804319500923,1.2243125453644774e-07
test/algebra/1332.json|64,25,R16,0.005299615673720837,0.005299615673720837,0.0
test/algebra/1332.json|64,25,C128,0.03645849972963333,0.03645850345492363,1.0217891425427239e-07
test/algebra/1332.json|64,25,C64,0.021396968513727188,0.021396968513727188,0.0
test/algebra/1332.json|64,25,C32,0.017554355785250664,0.017554355785250664,0.0
test/algebra/1332.json|64,25,C16,0.01667814701795578,0.01667814701795578,0.0
test/algebra/1332.json|64,26,R128,0.05065784230828285,0.05065784230828285,0.0
test/algebra/1332.json|64,26,R64,0.030818410217761993,0.030818410217761993,0.0
test/algebra/1332.json|64,26,R32,0.016304926946759224,0.016304926946759224,0.0
test/algebra/1332.json|64,26,R16,0.007871276699006557,0.007871276699006557,0.0
test/algebra/1332.json|64,26,C128,0.051250532269477844,0.05125053599476814,7.268783098716311e-08
test/algebra/1332.json|64,26,C64,0.037294901907444,0.0372949056327343,9.988737697977398e-08
test/algebra/1332.json|64,26,C32,0.02187458984553814,0.02187458798289299,8.515109635904853e-08
test/algebra/1332.json|64,26,C16,0.016257580369710922,0.01625758223235607,1.1457085823064905e-07
test/algebra/1332.json|64,28,R128,0.10527689754962921,0.10527689754962921,0.0
test/algebra/1332.json|64,28,R64,0.0958528146147728,0.0958527997136116,1.5545879972430428e-07
test/algebra/1332.json|64,28,R32,0.04644271731376648,0.04644270986318588,1.604251909225761e-07
test/algebra/1332.json|64,28,R16,0.023455802351236343,0.023455798625946045,1.5882172070586832e-07
test/algebra/1332.json|64,28,C128,0.2562440037727356,0.2562440037727356,0.0
test/algebra/1332.json|64,28,C64,0.21669071912765503,0.21669071912765503,0.0
test/algebra/1332.json|64,28,C32,0.19529853761196136,0.19529853761196136,0.0
test/algebra/1332.json|64,28,C16,0.17912760376930237,0.17912758886814117,8.318741567349217e-08
test/algebra/1332.json|64,29,R128,0.12729154527187347,0.12729153037071228,1.1706325747152073e-07
test/algebra/1332.json|64,29,R64,0.07232840359210968,0.07232840359210968,0.0
test/algebra/1332.json|64,29,R32,0.035939596593379974,0.03593960031867027,1.0365419385098192e-07
test/algebra/1332.json|64,29,R16,0.017026744782924652,0.017026744782924652,0.0
test/algebra/1332.json|64,29,C128,0.04333360865712166,0.04333360493183136,8.596769883872453e-08
test/algebra/1332.json|64,29,C64,0.027631720528006554,0.027631724253296852,1.34819320871104e-07
test/algebra/1332.json|64,29,C32,0.01781991682946682,0.01781991682946682,0.0
test/algebra/1332.json|64,29,C16,0.01374735776335001,0.01374735776335001,0.0
test/algebra/1332.json|64,30,R128,0.3797071576118469,0.3797071576118469,0.0
test/algebra/1332.json|64,30,R64,0.26614105701446533,0.2661410868167877,1.1197941191282253e-07
test/algebra/1332.json|64,30,R32,0.18541884422302246,0.18541885912418365,8.036486290635242e-08
test/algebra/1332.json|64,30,R16,0.05800512433052063,0.05800513178110123,1.2844692129848537e-07
test/algebra/1332.json|64,30,C128,0.17858558893203735,0.17858558893203735,0.0
test/algebra/1332.json|64,30,C64,0.13062016665935516,0.13062016665935516,0.0
test/algebra/1332.json|64,30,C32,0.09705411642789841,0.09705411642789841,0.0
test/algebra/1332.json|64,30,C16,0.07367129623889923,0.07367131114006042,2.022654539881339e-07
test/algebra/1332.json|128,0,R128,0.17346611618995667,0.17346611618995667,0.0
test/algebra/1332.json|128,0,R64,0.09779652953147888,0.09779652953147888,0.0
test/algebra/1332.json|128,0,R32,0.06121029704809189,0.06121030077338219,6.086051287663379e-08
test/algebra/1332.json|128,0,R16,0.034016404300928116,0.034016404300928116,0.0
test/algebra/1332.json|128,0,C128,0.00016664009308442473,0.00016664013674017042,2.619761737905529e-07
test/algebra/1332.json|128,0,C64,0.00011272393021499738,0.00011272394476691261,1.290933805533821e-07
test/algebra/1332.json|128,0,C32,6.741299876011908e-05,6.741299876011908e-05,0.0
test/algebra/1332.json|128,0,C16,5.317279646988027e-05,5.317279646988027e-05,0.0
test/algebra/1332.json|128,1,R128,0.004202353768050671,0.004202353768050671,0.0
test/algebra/1332.json|128,1,R64,0.0014162324368953705,0.0014162322040647268,1.6440146101834228e-07
test/algebra/1332.json|128,1,R32,0.0007144478149712086,0.0007144478149712086,0.0
test/algebra/1332.json|128,1,R16,0.00033871849882416427,0.0003387184697203338,8.592336401035408e-08
test/algebra/1332.json|128,1,C128,6.118448072811589e-05,6.11844880040735e-05,1.1891833588246545e-07
test/algebra/1332.json|128,1,C64,4.5744651288259774e-05,4.574465492623858e-05,7.952795213844885e-08
test/algebra/1332.json|128,1,C32,2.8492762794485316e-05,2.8492766432464123e-05,1.276807812970343e-07
test/algebra/1332.json|128,1,C16,1.774636984919198e-05,1.7746368030202575e-05,1.024992436734588e-07
test/algebra/1332.json|128,2,R128,0.028618399053812027,0.028618399053812027,0.0
test/algebra/1332.json|128,2,R64,0.013556432910263538,0.013556431978940964,6.869968262987842e-08
test/algebra/1332.json|128,2,R32,0.006588734686374664,0.006588734220713377,7.067537885700991e-08
test/algebra/1332.json|128,2,R16,0.002465382684022188,0.0024653824511915445,9.44399695255802e-08
test/algebra/1332.json|128,2,C128,0.00017519769608043134,0.00017519769608043134,0.0
test/algebra/1332.json|128,2,C64,0.00014159042621031404,0.00014159042621031404,0.0
test/algebra/1332.json|128,2,C32,0.00018433138029649854,0.00018433138029649854,0.0
test/algebra/1332.json|128,2,C16,6.611306162085384e-05,6.611306162085384e-05,0.0
test/algebra/1332.json|128,4,R128,0.01208527386188507,0.01208527386188507,0.0
test/algebra/1332.json|128,4,R64,0.006697299890220165,0.00669730082154274,1.39059391132723e-07
test/algebra/1332.json|128,4,R32,0.0032193956431001425,0.0032193956431001425,0.0
test/algebra/1332.json|128,4,R16,0.0016929011326283216,0.0016929011326283216,0.0
test/algebra/1332.json|128,4,C128,0.00048526766477152705,0.00048526766477152705,0.0
test/algebra/1332.json|128,4,C64,0.0004700307035818696,0.0004700307035818696,0.0
test/algebra/1332.json|128,4,C32,0.0003949768142774701,0.0003949768142774701,0.0
test/algebra/1332.json|128,4,C16,9.171896817861125e-05,9.171896817861125e-05,0.0
test/algebra/1332.json|128,5,R128,0.02055796980857849,0.02055796980857849,0.0
test/algebra/1332.json|128,5,R64,0.012682946398854256,0.012682948261499405,1.4686215781060743e-07
test/algebra/1332.json|128,5,R32,0.00445018894970417,0.004450188484042883,1.0463855382144606e-07
test/algebra/1332.json|128,5,R16,0.00301913358271122,0.003019134048372507,1.5423670486062774e-07
test/algebra/1332.json|128,5,C128,0.001026992336846888,0.001026992336846888,0.0
test/algebra/1332.json|128,5,C64,0.0007601992692798376,0.0007601993274874985,7.65689454491864e-08
test/algebra/1332.json|128,5,C32,0.0004168081795796752,0.00041680815047584474,6.982548290786092e-08
test/algebra/1332.json|128,5,C16,0.0002968506596516818,0.0002968506596516818,0.0
test/algebra/1332.json|128,6,R128,0.120463527739048,0.120463527739048,0.0
test/algebra/1332.json|128,6,R64,0.057211656123399734,0.057211652398109436,6.511418814604807e-08
test/algebra/1332.json|128,6,R32,0.02606930397450924,0.02606930583715439,7.144974096336835e-08
test/algebra/1332.json|128,6,R16,0.013466505333781242,0.013466505333781242,0.0
test/algebra/1332.json|128,6,C128,0.0009868299821391702,0.0009868299821391702,0.0
test/algebra/1332.json|128,6,C64,0.0007944470853544772,0.0007944470853544772,0.0
test/algebra/1332.json|128,6,C32,0.0005300466436892748,0.0005300466436892748,0.0
test/algebra/1332.json|128,6,C16,0.0003634328895714134,0.00036343286046758294,8.008034919904918e-08
test/algebra/1332.json|128,8,R128,0.08607766032218933,0.08607766777276993,8.655648775830577e-08
test/algebra/1332.json|128,8,R64,0.044689543545246124,0.04468955099582672,1.6671862730177962e-07
test/algebra/1332.json|128,8,R32,0.019317541271448135,0.019317541271448135,0.0
test/algebra/1332.json|128,8,R16,0.0117165083065629,0.011716507375240326,7.948807137731925e-08
test/algebra/1332.json|128,8,C128,0.003961932845413685,0.003961932845413685,0.0
test/algebra/1332.json|128,8,C64,0.0031679251696914434,0.003167925402522087,7.349625196193365e-08
test/algebra/1332.json|128,8,C32,0.0018553885165601969,0.0018553886329755187,6.274444054208369e-08
test/algebra/1332.json|128,8,C16,0.0009717526263557374,0.0009717526263557374,0.0
test/algebra/1332.json|128,9,R128,0.05208418890833855,0.052084192633628845,7.152439367918909e-08
test/algebra/1332.json|128,9,R64,0.02536189556121826,0.02536189556121826,0.0
test/algebra/1332.json|128,9,R32,0.014870688319206238,0.014870689250528812,6.262807048568593e-08
test/algebra/1332.json|128,9,R16,0.006729339715093374,0.0067293401807546616,6.919865465715229e-08
test/algebra/1332.json|128,9,C128,0.002446714323014021,0.002446714323014021,0.0
test/algebra/1332.json|128,9,C64,0.0018825356382876635,0.0018825356382876635,0.0
test/algebra/1332.json|128,9,C32,0.001369424513541162,0.0013694246299564838,8.501038990778466e-08
test/algebra/1332.json|128,9,C16,0.0008982929866760969,0.0008982929866760969,0.0
test/algebra/1332.json|128,10,R128,0.13341876864433289,0.1334187537431717,1.1168715623307644e-07
test/algebra/1332.json|128,10,R64,0.06260232627391815,0.06260232627391815,0.0
test/algebra/1332.json|128,10,R32,0.03564666211605072,0.03564666584134102,1.0450599545377464e-07
test/algebra/1332.json|128,10,R16,0.016932714730501175,0.016932714730501175,0.0
test/algebra/1332.json|128,10,C128,0.0022748406045138836,0.0022748406045138836,0.0
test/algebra/1332.json|128,10,C64,0.0017254338599741459,0.0017254336271435022,1.3494036505152974e-07
test/algebra/1332.json|128,10,C32,0.001135459286160767,0.0011354591697454453,1.0252708756626315e-07
test/algebra/1332.json|128,10,C16,0.0007606460130773485,0.0007606459548696876,7.652398657259072e-08
test/algebra/1332.json|128,12,R128,0.09723199903964996,0.09723199903964996,0.0
test/algebra/1332.json|128,12,R64,0.050963662564754486,0.05096365511417389,1.4619400001993767e-07
test/algebra/1332.json|128,12,R32,0.026356471702456474,0.026356473565101624,7.067125822274639e-08
test/algebra/1332.json|128,12,R16,0.014206659980118275,0.01420666091144085,6.55553462108689e-08
test/algebra/1332.json|128,12,C128,0.003463864093646407,0.0034638638608157635,6.721703073278966e-08
test/algebra/1332.json|128,12,C64,0.002363490639254451,0.002363490639254451,0.0
test/algebra/1332.json|128,12,C32,0.0013633929193019867,0.0013633929193019867,0.0
test/algebra/1332.json|128,12,C16,0.0008538031252101064,0.0008538031252101064,0.0
test/algebra/1332.json|128,13,R128,0.1275528371334076,0.1275528371334076,0.0
test/algebra/1332.json|128,13,R64,0.07148315012454987,0.07148314267396927,1.0422849805025071e-07
test/algebra/1332.json|128,13,R32,0.03962072357535362,0.03962072357535362,0.0
test/algebra/1332.json|128,13,R16,0.023728694766759872,0.02372869849205017,1.5699513816794475e-07
test/algebra/1332.json|128,13,C128,0.003927950281649828,0.003927950281649828,0.0
test/algebra/1332.json|128,13,C64,0.0030932140070945024,0.003093213774263859,7.527143630220274e-08
test/algebra/1332.json|128,13,C32,0.0023361314088106155,0.0023361314088106155,0.0
test/algebra/1332.json|128,13,C16,0.0017092053312808275,0.0017092053312808275,0.0
test/algebra/1332.json|128,14,R128,0.4235422611236572,0.42354220151901245,1.407289393158011e-07
test/algebra/1332.json|128,14,R64,0.23377960920333862,0.23377960920333862,0.0
test/algebra/1332.json|128,14,R32,0.1235964372754097,0.1235964447259903,6.028151225046373e-08
test/algebra/1332.json|128,14,R16,0.06890168786048889,0.06890168786048889,0.0
test/algebra/1332.json|128,14,C128,0.0036711208522319794,0.0036711213178932667,1.2684442895178473e-07
test/algebra/1332.json|128,14,C64,0.0026314635761082172,0.002631463808938861,8.84795157639957e-08
test/algebra/1332.json|128,14,C32,0.0017121711280196905,0.0017121711280196905,0.0
test/algebra/1332.json|128,14,C16,0.0010305338073521852,0.001030533923767507,1.129660256970178e-07
test/algebra/1332.json|128,16,R128,0.1130494549870491,0.1130494475364685,6.590550205435057e-08
test/algebra/1332.json|128,16,R64,0.06389371305704117,0.06389371305704117,0.0
test/algebra/1332.json|128,16,R32,0.0331580676138401,0.0331580676138401,0.0
test/algebra/1332.json|128,16,R16,0.019118323922157288,0.019118323922157288,0.0
test/algebra/1332.json|128,16,C128,0.005710419267416,0.005710419267416,0.0
test/algebra/1332.json|128,16,C64,0.003890478052198887,0.003890478052198887,0.0
test/algebra/1332.json|128,16,C32,0.0025068342220038176,0.002506833989173174,9.28783655266241e-08
test/algebra/1332.json|128,16,C16,0.0015752199105918407,0.001575219794176519,7.390417653676662e-08
test/algebra/1332.json|128,17,R128,0.25863736867904663,0.258637398481369,1.1522820196371137e-07
test/algebra/1332.json|128,17,R64,0.17168311774730682,0.17168311774730682,0.0
test/algebra/1332.json|128,17,R32,0.10021355748176575,0.10021355748176575,0.0
test/algebra/1332.json|128,17,R16,0.06546817719936371,0.0654681846499443,1.1380460045819158e-07
test/algebra/1332.json|128,17,C128,0.012287871912121773,0.012287871912121773,0.0
test/algebra/1332.json|128,17,C64,0.008910797536373138,0.008910797536373138,0.0
test/algebra/1332.json|128,17,C32,0.006009329110383987,0.006009330041706562,1.5497943497808235e-07
test/algebra/1332.json|128,17,C16,0.0035165445879101753,0.003516544122248888,1.32420146310441e-07
test/algebra/1332.json|128,18,R128,0.2760655879974365,0.2760656177997589,1.079537634027434e-07
test/algebra/1332.json|128,18,R64,0.15215328335762024,0.15215328335762024,0.0
test/algebra/1332.json|128,18,R32,0.07637643069028854,0.07637643069028854,0.0
test/algebra/1332.json|128,18,R16,0.03866606205701828,0.03866606205701828,0.0
test/algebra/1332.json|128,18,C128,0.00570441922172904,0.00570441922172904,0.0
test/algebra/1332.json|128,18,C64,0.004039338324218988,0.004039337858557701,1.1528158908666484e-07
test/algebra/1332.json|128,18,C32,0.0028916909359395504,0.0028916909359395504,0.0
test/algebra/1332.json|128,18,C16,0.00206956104375422,0.00206956104375422,0.0
test/algebra/1332.json|128,20,R128,0.08221689611673355,0.08221690356731415,9.062103136410542e-08
test/algebra/1332.json|128,20,R64,0.04585932195186615,0.04585932195186615,0.0
test/algebra/1332.json|128,20,R32,0.030190009623765945,0.030190007761120796,6.169740544313492e-08
test/algebra/1332.json|128,20,R16,0.0174478180706501,0.0174478180706501,0.0
test/algebra/1332.json|128,20,C128,0.016082609072327614,0.016082609072327614,0.0
test/algebra/1332.json|128,20,C64,0.01508106105029583,0.01508106105029583,0.0
test/algebra/1332.json|128,20,C32,0.01051957719027996,0.01051957905292511,1.77064608734126e-07
test/algebra/1332.json|128,20,C16,0.006006411276757717,0.006006411276757717,0.0
test/algebra/1332.json|128,21,R128,0.10429428517818451,0.10429427772760391,7.143805738136311e-08
test/algebra/1332.json|128,21,R64,0.05518130958080292,0.05518130585551262,6.751000616311525e-08
test/algebra/1332.json|128,21,R32,0.03121172823011875,0.03121172823011875,0.0
test/algebra/1332.json|128,21,R16,0.01995275914669037,0.01995275914669037,0.0
test/algebra/1332.json|128,21,C128,0.014040418900549412,0.014040419831871986,6.633153322346026e-08
test/algebra/1332.json|128,21,C64,0.00942189246416092,0.00942189246416092,0.0
test/algebra/1332.json|128,21,C32,0.006571634206920862,0.006571633741259575,7.085928789872386e-08
test/algebra/1332.json|128,21,C16,0.004730098880827427,0.0047300998121500015,1.9689279537534027e-07
test/algebra/1332.json|128,22,R128,0.04835185408592224,0.04835185408592224,0.0
test/algebra/1332.json|128,22,R64,0.03002779372036457,0.03002779558300972,6.203069899086582e-08
test/algebra/1332.json|128,22,R32,0.01846144162118435,0.01846144162118435,0.0
test/algebra/1332.json|128,22,R16,0.010202820412814617,0.010202820412814617,0.0
test/algebra/1332.json|128,22,C128,0.012929078191518784,0.012929077260196209,7.203318193562344e-08
test/algebra/1332.json|128,22,C64,0.010136249475181103,0.010136250406503677,9.188038349230577e-08
test/algebra/1332.json|128,22,C32,0.009595243260264397,0.009595243260264397,0.0
test/algebra/1332.json|128,22,C16,0.006040597800165415,0.006040597800165415,0.0
test/algebra/1332.json|128,24,R128,0.03202454000711441,0.03202454000711441,0.0
test/algebra/1332.json|128,24,R64,0.01952092908322811,0.01952093094587326,9.541784427700687e-08
test/algebra/1332.json|128,24,R32,0.011230634525418282,0.01123063638806343,1.6585392712427498e-07
test/algebra/1332.json|128,24,R16,0.0065863667987287045,0.006586367264389992,7.070077761297852e-08
test/algebra/1332.json|128,24,C128,0.024664979428052902,0.024664979428052902,0.0
test/algebra/1332.json|128,24,C64,0.021834855899214745,0.021834855899214745,0.0
test/algebra/1332.json|128,24,C32,0.017228752374649048,0.017228752374649048,0.0
test/algebra/1332.json|128,24,C16,0.01056272815912962,0.01056272815912962,0.0
test/algebra/1332.json|128,25,R128,0.06266645342111588,0.06266645342111588,0.0
test/algebra/1332.json|128,25,R64,0.043757956475019455,0.04375796020030975,8.513400262086278e-08
test/algebra/1332.json|128,25,R32,0.02335638925433159,0.023356391116976738,7.974884218295749e-08
test/algebra/1332.json|128,25,R16,0.010292752645909786,0.010292752645909786,0.0
test/algebra/1332.json|128,25,C128,0.1143508031964302,0.11435079574584961,6.515547660392292e-08
test/algebra/1332.json|128,25,C64,0.09939376264810562,0.09939375519752502,7.496024857942376e-08
test/algebra/1332.json|128,25,C32,0.08493700623512268,0.08493700623512268,0.0
test/algebra/1332.json|128,25,C16,0.08099756389856339,0.08099756389856339,0.0
test/algebra/1332.json|128,26,R128,0.038939911872148514,0.03893991559743881,9.5667652104805e-08
test/algebra/1332.json|128,26,R64,0.02812904678285122,0.02812904678285122,0.0
test/algebra/1332.json|128,26,R32,0.01875099167227745,0.01875099167227745,0.0
test/algebra/1332.json|128,26,R16,0.008670085109770298,0.008670086041092873,1.0741791604996188e-07
test/algebra/1332.json|128,26,C128,0.029503751546144485,0.029503753408789635,6.313248092064493e-08
test/algebra/1332.json|128,26,C64,0.019331013783812523,0.019331011921167374,9.635528428260983e-08
test/algebra/1332.json|128,26,C32,0.015868879854679108,0.015868879854679108,0.0
test/algebra/1332.json|128,26,C16,0.010146420449018478,0.010146420449018478,0.0
test/algebra/1332.json|128,28,R128,0.16348889470100403,0.16348890960216522,9.114478303156511e-08
test/algebra/1332.json|128,28,R64,0.12065683305263519,0.12065684795379639,1.2350033542588744e-07
test/algebra/1332.json|128,28,R32,0.06342952698469162,0.06342952698469162,0.0
test/algebra/1332.json|128,28,R16,0.03006656840443611,0.03006656840443611,0.0
test/algebra/1332.json|128,28,C128,0.19961832463741302,0.19961832463741302,0.0
test/algebra/1332.json|128,28,C64,0.18174926936626434,0.18174926936626434,0.0
test/algebra/1332.json|128,28,C32,0.15653656423091888,0.15653656423091888,0.0
test/algebra/1332.json|128,28,C16,0.13942204415798187,0.13942204415798187,0.0
test/algebra/1332.json|128,29,R128,0.0756242498755455,0.0756242498755455,0.0
test/algebra/1332.json|128,29,R64,0.04109411686658859,0.04109411686658859,0.0
test/algebra/1332.json|128,29,R32,0.023148756474256516,0.023148756474256516,0.0
test/algebra/1332.json|128,29,R16,0.011519031599164009,0.011519031599164009,0.0
test/algebra/1332.json|128,29,C128,0.049228228628635406,0.049228228628635406,0.0
test/algebra/1332.json|128,29,C64,0.03187524154782295,0.03187524527311325,1.1687095319349035e-07
test/algebra/1332.json|128,29,C32,0.01679505594074726,0.01679505594074726,0.0
test/algebra/1332.json|128,29,C16,0.013792944140732288,0.013792944140732288,0.0
test/algebra/1332.json|128,30,R128,0.2933717370033264,0.2933717370033264,0.0
test/algebra/1332.json|128,30,R64,0.1948784589767456,0.1948784589767456,0.0
test/algebra/1332.json|128,30,R32,0.12610399723052979,0.1261039823293686,1.1816566708265747e-07
test/algebra/1332.json|128,30,R16,0.06596501916646957,0.06596501171588898,1.1294746113137217e-07
test/algebra/1332.json|128,30,C128,0.12658298015594482,0.12658298015594482,0.0
test/algebra/1332.json|128,30,C64,0.1079341322183609,0.1079341247677803,6.902896199774338e-08
test/algebra/1332.json|128,30,C32,0.08833041042089462,0.08833041787147522,8.434897939326419e-08
test/algebra/1332.json|128,30,C16,0.07107969373464584,0.07107969373464584,0.0
test/algebra/1332.json|256,0,R128,0.2136058658361435,0.2136058509349823,6.976007973823496e-08
test/algebra/1332.json|256,0,R64,0.1295405477285385,0.1295405477285385,0.0
test/algebra/1332.json|256,0,R32,0.09051947295665741,0.090519480407238,8.230914012455781e-08
test/algebra/1332.json|256,0,R16,0.02495105378329754,0.024951055645942688,7.465195764008452e-08
test/algebra/1332.json|256,0,C128,8.39377535157837e-05,8.393776079174131e-05,8.66827689810918e-08
test/algebra/1332.json|256,0,C64,6.460538133978844e-05,6.460538133978844e-05,0.0
test/algebra/1332.json|256,0,C32,5.4727246606489643e-05,5.4727246606489643e-05,0.0
test/algebra/1332.json|256,0,C16,2.315607707714662e-05,2.315607707714662e-05,0.0
test/algebra/1332.json|256,1,R128,0.0037833491805940866,0.0037833491805940866,0.0
test/algebra/1332.json|256,1,R64,0.0019253309583291411,0.0019253308419138193,6.046509993614938e-08
test/algebra/1332.json|256,1,R32,0.0006624640082009137,0.0006624640082009137,0.0
test/algebra/1332.json|256,1,R16,0.0002498379908502102,0.0002498380490578711,2.3298156906037533e-07
test/algebra/1332.json|256,1,C128,4.9188143748324364e-05,4.9188143748324364e-05,0.0
test/algebra/1332.json|256,1,C64,2.8362046577967703e-05,2.8362046577967703e-05,0.0
test/algebra/1332.json|256,1,C32,1.557824907649774e-05,1.5578250895487145e-05,1.1676466754737729e-07
test/algebra/1332.json|256,1,C16,1.026040808937978e-05,1.0260409908369184e-05,1.772823154735595e-07
test/algebra/1332.json|256,2,R128,0.03263235092163086,0.03263235092163086,0.0
test/algebra/1332.json|256,2,R64,0.020527133718132973,0.020527131855487823,9.074064327414782e-08
test/algebra/1332.json|256,2,R32,0.01108513679355383,0.011085135862231255,8.401544068617335e-08
test/algebra/1332.json|256,2,R16,0.0075329625979065895,0.007532963063567877,6.181648354258213e-08
test/algebra/1332.json|256,2,C128,9.857529948931187e-05,9.857530676526949e-05,7.381115797791022e-08
test/algebra/1332.json|256,2,C64,0.0001526344130979851,0.0001526344130979851,0.0
test/algebra/1332.json|256,2,C32,6.1354337958619e-05,6.1354337958619e-05,0.0
test/algebra/1332.json|256,2,C16,3.748209201148711e-05,3.748209201148711e-05,0.0
test/algebra/1332.json|256,4,R128,0.007980674505233765,0.007980674505233765,0.0
test/algebra/1332.json|256,4,R64,0.003642013529315591,0.003642013529315591,0.0
test/algebra/1332.json|256,4,R32,0.0020498367957770824,0.0020498367957770824,0.0
test/algebra/1332.json|256,4,R16,0.0012408443726599216,0.0012408443726599216,0.0
test/algebra/1332.json|256,4,C128,0.00031493278220295906,0.00031493272399529815,1.8482569861336714e-07
test/algebra/1332.json|256,4,C64,0.00014648899377789348,0.00014648897922597826,9.933795160508753e-08
test/algebra/1332.json|256,4,C32,0.00010002712224377319,0.00010002711496781558,7.273985202696954e-08
test/algebra/1332.json|256,4,C16,7.080983777996153e-05,7.080983777996153e-05,0.0
test/algebra/1332.json|256,5,R128,0.013848376460373402,0.013848376460373402,0.0
test/algebra/1332.json|256,5,R64,0.0075399065390229225,0.007539906073361635,6.175956075781281e-08
test/algebra/1332.json|256,5,R32,0.0043297517113387585,0.004329752177000046,1.0754917791226395e-07
test/algebra/1332.json|256,5,R16,0.001621607574634254,0.001621607574634254,0.0
test/algebra/1332.json|256,5,C128,0.0008031310280784965,0.0008031310280784965,0.0
test/algebra/1332.json|256,5,C64,0.0005118207191117108,0.0005118207191117108,0.0
test/algebra/1332.json|256,5,C32,0.00038043124368414283,0.0003804311854764819,1.5300444070472066e-07
test/algebra/1332.json|256,5,C16,0.0002252395497635007,0.0002252395497635007,0.0
test/algebra/1332.json|256,6,R128,0.06076540797948837,0.060765404254198074,6.130610573767787e-08
test/algebra/1332.json|256,6,R64,0.03403403237462044,0.03403403237462044,0.0
test/algebra/1332.json|256,6,R32,0.020498041063547134,0.020498041063547134,0.0
test/algebra/1332.json|256,6,R16,0.0111561743542552,0.0111561743542552,0.0
test/algebra/1332.json|256,6,C128,0.0007059883209876716,0.0007059883209876716,0.0
test/algebra/1332.json|256,6,C64,0.0005042343982495368,0.0005042343982495368,0.0
test/algebra/1332.json|256,6,C32,0.00041833374416455626,0.00041833374416455626,0.0
test/algebra/1332.json|256,6,C16,0.00032809434924274683,0.0003280943201389164,8.870568181645251e-08
test/algebra/1332.json|256,8,R128,0.09445606172084808,0.09445605427026749,7.88788040576687e-08
test/algebra/1332.json|256,8,R64,0.047143399715423584,0.047143399715423584,0.0
test/algebra/1332.json|256,8,R32,0.020211106166243553,0.020211106166243553,0.0
test/algebra/1332.json|256,8,R16,0.008108223788440228,0.008108223788440228,0.0
test/algebra/1332.json|256,8,C128,0.006408423651009798,0.006408424116671085,7.266393090677141e-08
test/algebra/1332.json|256,8,C64,0.0061545781791210175,0.0061545781791210175,0.0
test/algebra/1332.json|256,8,C32,0.0028107529506087303,0.0028107529506087303,0.0
test/algebra/1332.json|256,8,C16,0.0014629719080403447,0.0014629717916250229,7.957454984012357e-08
test/algebra/1332.json|256,9,R128,0.07890195399522781,0.07890195399522781,0.0
test/algebra/1332.json|256,9,R64,0.03941837325692177,0.03941837698221207,9.450643541332212e-08
test/algebra/1332.json|256,9,R32,0.020934082567691803,0.020934084430336952,8.897667129127937e-08
test/algebra/1332.json|256,9,R16,0.010855828411877155,0.010855828411877155,0.0
test/algebra/1332.json|256,9,C128,0.0033948682248592377,0.0033948682248592377,0.0
test/algebra/1332.json|256,9,C64,0.00250317994505167,0.00250317994505167,0.0
test/algebra/1332.json|256,9,C32,0.0016866371734067798,0.0016866371734067798,0.0
test/algebra/1332.json|256,9,C16,0.0010557584464550018,0.0010557584464550018,0.0
test/algebra/1332.json|256,10,R128,0.19010356068611145,0.19010356068611145,0.0
test/algebra/1332.json|256,10,R64,0.10668766498565674,0.10668766498565674,0.0
test/algebra/1332.json|256,10,R32,0.05259300768375397,0.05259300395846367,7.08324305136326e-08
test/algebra/1332.json|256,10,R16,0.024153731763362885,0.024153733626008034,7.711624124016169e-08
test/algebra/1332.json|256,10,C128,0.003252377500757575,0.003252377500757575,0.0
test/algebra/1332.json|256,10,C64,0.00268929498270154,0.00268929498270154,0.0
test/algebra/1332.json|256,10,C32,0.0017899626400321722,0.001789962756447494,6.503784581135326e-08
test/algebra/1332.json|256,10,C16,0.0009728040313348174,0.0009728039149194956,1.1966987377605167e-07
test/algebra/1332.json|256,12,R128,0.15437626838684082,0.15437626838684082,0.0
test/algebra/1332.json|256,12,R64,0.07224618643522263,0.07224617898464203,1.0312767680633369e-07
test/algebra/1332.json|256,12,R32,0.0360897034406662,0.0360897034406662,0.0
test/algebra/1332.json|256,12,R16,0.018794462084770203,0.018794460222125053,9.910607312569285e-08
test/algebra/1332.json|256,12,C128,0.0033989744260907173,0.0033989744260907173,0.0
test/algebra/1332.json|256,12,C64,0.0024481182917952538,0.0024481182917952538,0.0
test/algebra/1332.json|256,12,C32,0.0012753112241625786,0.0012753112241625786,0.0
test/algebra/1332.json|256,12,C16,0.000801762449555099,0.000801762449555099,0.0
test/algebra/1332.json|256,13,R128,0.15525056421756744,0.15525056421756744,0.0
test/algebra/1332.json|256,13,R64,0.08073003590106964,0.08073003590106964,0.0
test/algebra/1332.json|256,13,R32,0.03769818693399429,0.03769818693399429,0.0
test/algebra/1332.json|256,13,R16,0.022626187652349472,0.022626185789704323,8.232254284750905e-08
test/algebra/1332.json|256,13,C128,0.004907855298370123,0.00490785576403141,9.488080123005795e-08
test/algebra/1332.json|256,13,C64,0.0036954504903405905,0.003695450257509947,6.300467530788791e-08
test/algebra/1332.json|256,13,C32,0.0027927481569349766,0.002792747924104333,8.336973113861374e-08
test/algebra/1332.json|256,13,C16,0.0016022897325456142,0.0016022897325456142,0.0
test/algebra/1332.json|256,14,R128,0.32059258222579956,0.32059258222579956,0.0
test/algebra/1332.json|256,14,R64,0.1718917191028595,0.1718917191028595,0.0
test/algebra/1332.json|256,14,R32,0.08804202824831009,0.08804202824831009,0.0
test/algebra/1332.json|256,14,R16,0.04508330672979355,0.04508330672979355,0.0
test/algebra/1332.json|256,14,C128,0.005027552600950003,0.005027552600950003,0.0
test/algebra/1332.json|256,14,C64,0.0035130030009895563,0.0035130027681589127,6.627681756983477e-08
test/algebra/1332.json|256,14,C32,0.002494187094271183,0.0024941868614405394,9.334931843320149e-08
test/algebra/1332.json|256,14,C16,0.0015995646826922894,0.0015995646826922894,0.0
test/algebra/1332.json|256,16,R128,0.134873166680336,0.134873166680336,0.0
test/algebra/1332.json|256,16,R64,0.08095309138298035,0.08095309138298035,0.0
test/algebra/1332.json|256,16,R32,0.03757541999220848,0.03757542371749878,9.914167106591839e-08
test/algebra/1332.json|256,16,R16,0.022932151332497597,0.022932153195142746,8.122417172515049e-08
test/algebra/1332.json|256,16,C128,0.0039758277125656605,0.0039758277125656605,0.0
test/algebra/1332.json|256,16,C64,0.003195289522409439,0.003195289522409439,0.0
test/algebra/1332.json|256,16,C32,0.0020670543890446424,0.0020670543890446424,0.0
test/algebra/1332.json|256,16,C16,0.0014848315622657537,0.0014848315622657537,0.0
test/algebra/1332.json|256,17,R128,0.2542845904827118,0.2542845904827118,0.0
test/algebra/1332.json|256,17,R64,0.17020422220230103,0.17020422220230103,0.0
test/algebra/1332.json|256,17,R32,0.09710031747817993,0.09710031747817993,0.0
test/algebra/1332.json|256,17,R16,0.05247164145112038,0.05247164145112038,0.0
test/algebra/1332.json|256,17,C128,0.01097803097218275,0.01097803097218275,0.0
test/algebra/1332.json|256,17,C64,0.008889812044799328,0.008889811113476753,1.047629204515776e-07
test/algebra/1332.json|256,17,C32,0.005986311938613653,0.005986311938613653,0.0
test/algebra/1332.json|256,17,C16,0.003468048758804798,0.0034680489916354418,6.713591536575637e-08
test/algebra/1332.json|256,18,R128,0.2052207589149475,0.2052207589149475,0.0
test/algebra/1332.json|256,18,R64,0.11616222560405731,0.11616222560405731,0.0
test/algebra/1332.json|256,18,R32,0.06092097982764244,0.06092097610235214,6.114955039692696e-08
test/algebra/1332.json|256,18,R16,0.03502434492111206,0.03502434864640236,1.0636287161155263e-07
test/algebra/1332.json|256,18,C128,0.005123666021972895,0.005123665556311607,9.088440338250184e-08
test/algebra/1332.json|256,18,C64,0.0035984355490654707,0.0035984357818961143,6.470329268082186e-08
test/algebra/1332.json|256,18,C32,0.002768698614090681,0.002768698614090681,0.0
test/algebra/1332.json|256,18,C16,0.001961574424058199,0.001961574424058199,0.0
test/algebra/1332.json|256,20,R128,0.10399311035871506,0.10399310290813446,7.164494941009582e-08
test/algebra/1332.json|256,20,R64,0.07452158629894257,0.07452158629894257,0.0
test/algebra/1332.json|256,20,R32,0.04594341292977333,0.04594341292977333,0.0
test/algebra/1332.json|256,20,R16,0.027739141136407852,0.02773914486169815,1.342972293090206e-07
test/algebra/1332.json|256,20,C128,0.013296393677592278,0.013296394608914852,7.004324118968386e-08
test/algebra/1332.json|256,20,C64,0.013374906964600086,0.013374906033277512,6.963208356220701e-08
test/algebra/1332.json|256,20,C32,0.00798837374895811,0.00798837374895811,0.0
test/algebra/1332.json|256,20,C16,0.004983581602573395,0.004983581602573395,0.0
test/algebra/1332.json|256,21,R128,0.12173709273338318,0.12173709273338318,0.0
test/algebra/1332.json|256,21,R64,0.0774904191493988,0.0774904191493988,0.0
test/algebra/1332.json|256,21,R32,0.04400130733847618,0.04400130733847618,0.0
test/algebra/1332.json|256,21,R16,0.01518324390053749,0.015183242037892342,1.2267769587415744e-07
test/algebra/1332.json|256,21,C128,0.01729828119277954,0.01729828119277954,0.0
test/algebra/1332.json|256,21,C64,0.011024314910173416,0.011024314910173416,0.0
test/algebra/1332.json|256,21,C32,0.008040587417781353,0.008040588349103928,1.1582766509908951e-07
test/algebra/1332.json|256,21,C16,0.005113770253956318,0.005113770253956318,0.0
test/algebra/1332.json|256,22,R128,0.05731534957885742,0.05731534957885742,0.0
test/algebra/1332.json|256,22,R64,0.04034910351037979,0.04034910723567009,9.232646156483716e-08
test/algebra/1332.json|256,22,R32,0.026397760957479477,0.026397760957479477,0.0
test/algebra/1332.json|256,22,R16,0.012930400669574738,0.012930399738252163,7.202581462259898e-08
test/algebra/1332.json|256,22,C128,0.018910996615886688,0.01891099475324154,9.849535539705997e-08
test/algebra/1332.json|256,22,C64,0.012356223538517952,0.012356223538517952,0.0
test/algebra/1332.json|256,22,C32,0.00916501134634018,0.00916501134634018,0.0
test/algebra/1332.json|256,22,C16,0.007280586287379265,0.007280586287379265,0.0
test/algebra/1332.json|256,24,R128,0.050539933145046234,0.050539929419755936,7.370984370492606e-08
test/algebra/1332.json|256,24,R64,0.03297195956110954,0.03297195956110954,0.0
test/algebra/1332.json|256,24,R32,0.02154325321316719,0.02154325321316719,0.0
test/algebra/1332.json|256,24,R16,0.013938730582594872,0.013938731513917446,6.681544684455415e-08
test/algebra/1332.json|256,24,C128,0.01834871619939804,0.01834871619939804,0.0
test/algebra/1332.json|256,24,C64,0.015099355950951576,0.015099355950951576,0.0
test/algebra/1332.json|256,24,C32,0.008863295428454876,0.008863295428454876,0.0
test/algebra/1332.json|256,24,C16,0.005253924056887627,0.005253924056887627,0.0
test/algebra/1332.json|256,25,R128,0.05714164301753044,0.05714164674282074,6.519396116046944e-08
test/algebra/1332.json|256,25,R64,0.03777441754937172,0.03777441754937172,0.0
test/algebra/1332.json|256,25,R32,0.017666315659880638,0.017666315659880638,0.0
test/algebra/1332.json|256,25,R16,0.014817876741290092,0.014817877672612667,6.285127972637783e-08
test/algebra/1332.json|256,25,C128,0.03129163756966591,0.03129163756966591,0.0
test/algebra/1332.json|256,25,C64,0.024884667247533798,0.024884669110178947,7.485111177926816e-08
test/algebra/1332.json|256,25,C32,0.024505941197276115,0.024505941197276115,0.0
test/algebra/1332.json|256,25,C16,0.016758939251303673,0.016758939251303673,0.0
test/algebra/1332.json|256,26,R128,0.03608107939362526,0.03608107939362526,0.0
test/algebra/1332.json|256,26,R64,0.023243317380547523,0.023243317380547523,0.0
test/algebra/1332.json|256,26,R32,0.013234138488769531,0.013234136626124382,1.40745497927936e-07
test/algebra/1332.json|256,26,R16,0.008531312458217144,0.008531312458217144,0.0
test/algebra/1332.json|256,26,C128,0.022984426468610764,0.022984424605965614,8.103945089260436e-08
test/algebra/1332.json|256,26,C64,0.014715501107275486,0.014715502969920635,1.2657706317695953e-07
test/algebra/1332.json|256,26,C32,0.011422662064433098,0.011422661133110523,8.153289007535634e-08
test/algebra/1332.json|256,26,C16,0.007241593673825264,0.007241593673825264,0.0
test/algebra/1332.json|256,28,R128,0.1736951768398285,0.1736951768398285,0.0
test/algebra/1332.json|256,28,R64,0.11999930441379547,0.11999929696321487,6.20885353948838e-08
test/algebra/1332.json|256,28,R32,0.07985133677721024,0.07985133677721024,0.0
test/algebra/1332.json|256,28,R16,0.05164363607764244,0.05164363235235214,7.2134552290455e-08
test/algebra/1332.json|256,28,C128,0.12884382903575897,0.12884382903575897,0.0
test/algebra/1332.json|256,28,C64,0.12367337197065353,0.12367337197065353,0.0
test/algebra/1332.json|256,28,C32,0.11974538862705231,0.11974538862705231,0.0
test/algebra/1332.json|256,28,C16,0.09056494385004044,0.09056495875120163,1.6453561508948855e-07
test/algebra/1332.json|256,29,R128,0.1368226706981659,0.1368226706981659,0.0
test/algebra/1332.json|256,29,R64,0.10074219107627869,0.10074219107627869,0.0
test/algebra/1332.json|256,29,R32,0.05977410450577736,0.05977410078048706,6.232281623240567e-08
test/algebra/1332.json|256,29,R16,0.03905073553323746,0.039050739258527756,9.539615303321058e-08
test/algebra/1332.json|256,29,C128,0.03844978287816048,0.03844978287816048,0.0
test/algebra/1332.json|256,29,C64,0.03333379700779915,0.03333379700779915,0.0
test/algebra/1332.json|256,29,C32,0.015392529778182507,0.015392529778182507,0.0
test/algebra/1332.json|256,29,C16,0.009297668002545834,0.009297668002545834,0.0
test/algebra/1332.json|256,30,R128,0.5649382472038269,0.5649382472038269,0.0
test/algebra/1332.json|256,30,R64,0.3757532238960266,0.3757532238960266,0.0
test/algebra/1332.json|256,30,R32,0.23726041615009308,0.23726043105125427,6.280508354368547e-08
test/algebra/1332.json|256,30,R16,0.1377095878124237,0.1377095878124237,0.0
test/algebra/1332.json|256,30,C128,0.09625968337059021,0.09625968337059021,0.0
test/algebra/1332.json|256,30,C64,0.08297494053840637,0.08297493308782578,8.97931498052295e-08
test/algebra/1332.json|256,30,C32,0.05707578361034393,0.057075776159763336,1.305384017194622e-07
test/algebra/1332.json|256,30,C16,0.053300824016332626,0.053300805389881134,3.4945910020894807e-07
test/counting_and_probability/119.json|64,0,R128,0.4139249622821808,0.4139249324798584,7.199934106185666e-08
test/counting_and_probability/119.json|64,0,R64,0.20438438653945923,0.20438438653945923,0.0
test/counting_and_probability/119.json|64,0,R32,0.10527806729078293,0.10527807474136353,7.077048678138241e-08
test/counting_and_probability/119.json|64,0,R16,0.0684211328625679,0.0684211328625679,0.0
test/counting_and_probability/119.json|64,0,C128,0.0010328945936635137,0.0010328944772481918,1.1270785571859902e-07
test/counting_and_probability/119.json|64,0,C64,0.000714121269993484,0.000714121269993484,0.0
test/counting_and_probability/119.json|64,0,C32,0.0005035189678892493,0.0005035189678892493,0.0
test/counting_and_probability/119.json|64,0,C16,0.00011273274867562577,0.00011273274139966816,6.454165364298673e-08
test/counting_and_probability/119.json|64,1,R128,0.007204008288681507,0.007204008754342794,6.463918952935549e-08
test/counting_and_probability/119.json|64,1,R64,0.0029044104740023613,0.0029044102411717176,8.016451680041417e-08
test/counting_and_probability/119.json|64,1,R32,0.0016795757692307234,0.0016795755364000797,1.3862469324498663e-07
test/counting_and_probability/119.json|64,1,R16,0.0005612265085801482,0.0005612264503724873,1.0371510603450664e-07
test/counting_and_probability/119.json|64,1,C128,5.0835966248996556e-05,5.0835966248996556e-05,0.0
test/counting_and_probability/119.json|64,1,C64,4.606009315466508e-05,4.606009679264389e-05,7.898330618986924e-08
test/counting_and_probability/119.json|64,1,C32,2.6967016310663894e-05,2.6967016310663894e-05,0.0
test/counting_and_probability/119.json|64,1,C16,1.7300675608566962e-05,1.7300675608566962e-05,0.0
test/counting_and_probability/119.json|64,2,R128,0.036598801612854004,0.036598801612854004,0.0
test/counting_and_probability/119.json|64,2,R64,0.01981418952345848,0.01981419138610363,9.400561006205321e-08
test/counting_and_probability/119.json|64,2,R32,0.008244485594332218,0.008244486525654793,1.1296307800424817e-07
test/counting_and_probability/119.json|64,2,R16,0.0010993480682373047,0.0010993480682373047,0.0
test/counting_and_probability/119.json|64,2,C128,0.00032727469806559384,0.0003272746398579329,1.778557017460294e-07
test/counting_and_probability/119.json|64,2,C64,0.0002831952297128737,0.0002831951715052128,2.055390294917403e-07
test/counting_and_probability/119.json|64,2,C32,0.0001408820244250819,0.00014088199532125145,2.0658303556664973e-07
test/counting_and_probability/119.json|64,2,C16,5.985287862131372e-05,5.985287862131372e-05,0.0
test/counting_and_probability/119.json|64,4,R128,0.015033029951155186,0.01503303088247776,6.195175023814128e-08
test/counting_and_probability/119.json|64,4,R64,0.00774920079857111,0.007749199867248535,1.201830628258108e-07
test/counting_and_probability/119.json|64,4,R32,0.0032301286701112986,0.003230128437280655,7.208092436652506e-08
test/counting_and_probability/119.json|64,4,R16,0.0012835693778470159,0.0012835694942623377,9.069654760153185e-08
test/counting_and_probability/119.json|64,4,C128,0.0005939456168562174,0.0005939455586485565,9.80016770357025e-08
test/counting_and_probability/119.json|64,4,C64,0.0003980894398409873,0.0003980894398409873,0.0
test/counting_and_probability/119.json|64,4,C32,0.0002935607044491917,0.0002935607044491917,0.0
test/counting_and_probability/119.json|64,4,C16,0.00018076426931656897,0.00018076425476465374,8.050217210703834e-08
test/counting_and_probability/119.json|64,5,R128,0.018672272562980652,0.0186722744256258,9.975459371863726e-08
test/counting_and_probability/119.json|64,5,R64,0.010631401091814041,0.010631401091814041,0.0
test/counting_and_probability/119.json|64,5,R32,0.004389065317809582,0.004389065317809582,0.0
test/counting_and_probability/119.json|64,5,R16,0.003054440952837467,0.003054440952837467,0.0
test/counting_and_probability/119.json|64,5,C128,0.0012070676311850548,0.0012070677476003766,9.644472894079153e-08
test/counting_and_probability/119.json|64,5,C64,0.0009033622918650508,0.0009033622918650508,0.0
test/counting_and_probability/119.json|64,5,C32,0.0004666264576371759,0.0004666264867410064,6.237072095420207e-08
test/counting_and_probability/119.json|64,5,C16,0.00025684922002255917,0.0002568492491263896,1.1331094189456413e-07
test/counting_and_probability/119.json|64,6,R128,0.0641513466835022,0.0641513466835022,0.0
test/counting_and_probability/119.json|64,6,R64,0.033653128892183304,0.033653128892183304,0.0
test/counting_and_probability/119.json|64,6,R32,0.021442171186208725,0.021442174911499023,1.737365875273397e-07
test/counting_and_probability/119.json|64,6,R16,0.01334326434880495,0.01334326434880495,0.0
test/counting_and_probability/119.json|64,6,C128,0.0007518205093219876,0.0007518205093219876,0.0
test/counting_and_probability/119.json|64,6,C64,0.0007005251245573163,0.0007005251245573163,0.0
test/counting_and_probability/119.json|64,6,C32,0.0004303731839172542,0.0004303731839172542,0.0
test/counting_and_probability/119.json|64,6,C16,0.000250432436587289,0.0002504324074834585,1.1621431360652373e-07
test/counting_and_probability/119.json|64,8,R128,0.12252673506736755,0.12252673506736755,0.0
test/counting_and_probability/119.json|64,8,R64,0.05796784535050392,0.05796784535050392,0.0
test/counting_and_probability/119.json|64,8,R32,0.03171815723180771,0.03171815723180771,0.0
test/counting_and_probability/119.json|64,8,R16,0.02197103202342987,0.021971026435494423,2.5433201602321006e-07
test/counting_and_probability/119.json|64,8,C128,0.00194963114336133,0.0019496310269460082,5.971146342986841e-08
test/counting_and_probability/119.json|64,8,C64,0.0016463169595226645,0.0016463168431073427,7.071258624584925e-08
test/counting_and_probability/119.json|64,8,C32,0.0008398990612477064,0.0008398990612477064,0.0
test/counting_and_probability/119.json|64,8,C16,0.000651599548291415,0.0006515996064990759,8.933041125803619e-08
test/counting_and_probability/119.json|64,9,R128,0.03784385323524475,0.03784385323524475,0.0
test/counting_and_probability/119.json|64,9,R64,0.020509684458374977,0.020509684458374977,0.0
test/counting_and_probability/119.json|64,9,R32,0.01152393501251936,0.011523935943841934,8.081636162099066e-08
test/counting_and_probability/119.json|64,9,R16,0.006321336608380079,0.006321336142718792,7.366500953606849e-08
test/counting_and_probability/119.json|64,9,C128,0.0025381094310432673,0.0025381094310432673,0.0
test/counting_and_probability/119.json|64,9,C64,0.001890524523332715,0.001890524523332715,0.0
test/counting_and_probability/119.json|64,9,C32,0.001698929350823164,0.001698929350823164,0.0
test/counting_and_probability/119.json|64,9,C16,0.0009539268794469535,0.0009539268212392926,6.101900015435986e-08
test/counting_and_probability/119.json|64,10,R128,0.07788482308387756,0.07788481563329697,9.566152960941115e-08
test/counting_and_probability/119.json|64,10,R64,0.04347964748740196,0.04347964748740196,0.0
test/counting_and_probability/119.json|64,10,R32,0.0204804465174675,0.0204804465174675,0.0
test/counting_and_probability/119.json|64,10,R16,0.009142297320067883,0.009142296388745308,1.018696545060736e-07
test/counting_and_probability/119.json|64,10,C128,0.002682983875274658,0.002682983875274658,0.0
test/counting_and_probability/119.json|64,10,C64,0.00181394477840513,0.00181394477840513,0.0
test/counting_and_probability/119.json|64,10,C32,0.0013160372618585825,0.0013160373782739043,8.84589781873555e-08
test/counting_and_probability/119.json|64,10,C16,0.0008288037497550249,0.0008288037497550249,0.0
test/counting_and_probability/119.json|64,12,R128,0.034925125539302826,0.034925125539302826,0.0
test/counting_and_probability/119.json|64,12,R64,0.017401985824108124,0.017401985824108124,0.0
test/counting_and_probability/119.json|64,12,R32,0.008037165738642216,0.008037165738642216,0.0
test/counting_and_probability/119.json|64,12,R16,0.0038988434243947268,0.003898843191564083,5.971787839478305e-08
test/counting_and_probability/119.json|64,12,C128,0.0021915752440690994,0.002191575476899743,1.0623893450249712e-07
test/counting_and_probability/119.json|64,12,C64,0.0015074145048856735,0.0015074145048856735,0.0
test/counting_and_probability/119.json|64,12,C32,0.0010970212751999497,0.001097021158784628,1.0611948620005652e-07
test/counting_and_probability/119.json|64,12,C16,0.0006209526909515262,0.0006209525745362043,1.8747860370239704e-07
test/counting_and_probability/119.json|64,13,R128,0.03993663191795349,0.03993663191795349,0.0
test/counting_and_probability/119.json|64,13,R64,0.020994847640395164,0.020994845777750015,8.871916321082187e-08
test/counting_and_probability/119.json|64,13,R32,0.011260555125772953,0.011260554194450378,8.270663756422951e-08
test/counting_and_probability/119.json|64,13,R16,0.006071880925446749,0.006071880925446749,0.0
test/counting_and_probability/119.json|64,13,C128,0.002735464135184884,0.002735464135184884,0.0
test/counting_and_probability/119.json|64,13,C64,0.0016450287075713277,0.0016450287075713277,0.0
test/counting_and_probability/119.json|64,13,C32,0.0011558968108147383,0.0011558968108147383,0.0
test/counting_and_probability/119.json|64,13,C16,0.0007339800940826535,0.0007339800940826535,0.0
test/counting_and_probability/119.json|64,14,R128,0.19203418493270874,0.19203415513038635,1.5519282164834214e-07
test/counting_and_probability/119.json|64,14,R64,0.11104129254817963,0.11104127764701843,1.341947923283245e-07
test/counting_and_probability/119.json|64,14,R32,0.058346398174762726,0.058346398174762726,0.0
test/counting_and_probability/119.json|64,14,R16,0.031315017491579056,0.031315017491579056,0.0
test/counting_and_probability/119.json|64,14,C128,0.00277146277949214,0.00277146277949214,0.0
test/counting_and_probability/119.json|64,14,C64,0.002018015831708908,0.0020180160645395517,1.1537601093954537e-07
test/counting_and_probability/119.json|64,14,C32,0.001258284319192171,0.0012582842027768493,9.251909980074781e-08
test/counting_and_probability/119.json|64,14,C16,0.0010068678529933095,0.0010068679694086313,1.1562123858174608e-07
test/counting_and_probability/119.json|64,16,R128,0.05363874509930611,0.053638752549886703,1.3890294316325712e-07
test/counting_and_probability/119.json|64,16,R64,0.030474158003926277,0.030474158003926277,0.0
test/counting_and_probability/119.json|64,16,R32,0.0148433493450284,0.014843350276350975,6.274342094025469e-08
test/counting_and_probability/119.json|64,16,R16,0.008226308971643448,0.008226308971643448,0.0
test/counting_and_probability/119.json|64,16,C128,0.0032390709966421127,0.0032390714623034,1.4376382015135592e-07
test/counting_and_probability/119.json|64,16,C64,0.0018506755586713552,0.0018506755586713552,0.0
test/counting_and_probability/119.json|64,16,C32,0.001282217912375927,0.001282217912375927,0.0
test/counting_and_probability/119.json|64,16,C16,0.0009290074231103063,0.0009290074231103063,0.0
test/counting_and_probability/119.json|64,17,R128,0.09422275424003601,0.09422275424003601,0.0
test/counting_and_probability/119.json|64,17,R64,0.05084751918911934,0.05084751918911934,0.0
test/counting_and_probability/119.json|64,17,R32,0.03116631880402565,0.0311663206666708,5.976467896523638e-08
test/counting_and_probability/119.json|64,17,R16,0.017321188002824783,0.017321188002824783,0.0
test/counting_and_probability/119.json|64,17,C128,0.008619194850325584,0.008619194850325584,0.0
test/counting_and_probability/119.json|64,17,C64,0.007852851413190365,0.007852851413190365,0.0
test/counting_and_probability/119.json|64,17,C32,0.005964921321719885,0.005964921321719885,0.0
test/counting_and_probability/119.json|64,17,C16,0.0015912624076008797,0.0015912622911855578,7.315910293270468e-08
test/counting_and_probability/119.json|64,18,R128,0.1561409831047058,0.1561410129070282,1.9086799702810807e-07
test/counting_and_probability/119.json|64,18,R64,0.09616867452859879,0.09616868197917938,7.747408453054823e-08
test/counting_and_probability/119.json|64,18,R32,0.05774714797735214,0.05774714797735214,0.0
test/counting_and_probability/119.json|64,18,R16,0.027972545474767685,0.027972545474767685,0.0
test/counting_and_probability/119.json|64,18,C128,0.003269344801083207,0.003269344801083207,0.0
test/counting_and_probability/119.json|64,18,C64,0.002304058987647295,0.0023040592204779387,1.010523694371538e-07
test/counting_and_probability/119.json|64,18,C32,0.0019001108594238758,0.001900110743008554,6.126765094824954e-08
test/counting_and_probability/119.json|64,18,C16,0.0013489910634234548,0.0013489911798387766,8.629805997289769e-08
test/counting_and_probability/119.json|64,20,R128,0.05140020698308945,0.05140020698308945,0.0
test/counting_and_probability/119.json|64,20,R64,0.031752392649650574,0.031752392649650574,0.0
test/counting_and_probability/119.json|64,20,R32,0.01864294521510601,0.01864294521510601,0.0
test/counting_and_probability/119.json|64,20,R16,0.01185931358486414,0.01185931358486414,0.0
test/counting_and_probability/119.json|64,20,C128,0.009165626950562,0.009165626950562,0.0
test/counting_and_probability/119.json|64,20,C64,0.007522751111537218,0.007522751577198505,6.190039408682062e-08
test/counting_and_probability/119.json|64,20,C32,0.005639252718538046,0.005639252718538046,0.0
test/counting_and_probability/119.json|64,20,C16,0.004629028961062431,0.004629028495401144,1.005958999106982e-07
test/counting_and_probability/119.json|64,21,R128,0.08449996262788773,0.08449996262788773,0.0
test/counting_and_probability/119.json|64,21,R64,0.0578979030251503,0.0578978955745697,1.2868482563755973e-07
test/counting_and_probability/119.json|64,21,R32,0.03105182945728302,0.03105182945728302,0.0
test/counting_and_probability/119.json|64,21,R16,0.015214545652270317,0.015214544720947742,6.121264826754882e-08
test/counting_and_probability/119.json|64,21,C128,0.011622856371104717,0.011622856371104717,0.0
test/counting_and_probability/119.json|64,21,C64,0.008241107687354088,0.008241107687354088,0.0
test/counting_and_probability/119.json|64,21,C32,0.004892983008176088,0.004892982076853514,1.9033843978926596e-07
test/counting_and_probability/119.json|64,21,C16,0.002711603417992592,0.002711603185161948,8.586457076096827e-08
test/counting_and_probability/119.json|64,22,R128,0.02793033793568611,0.02793033793568611,0.0
test/counting_and_probability/119.json|64,22,R64,0.014996790327131748,0.014996790327131748,0.0
test/counting_and_probability/119.json|64,22,R32,0.009673980064690113,0.009673980996012688,9.627087079280698e-08
test/counting_and_probability/119.json|64,22,R16,0.005785600747913122,0.005785601679235697,1.6097246683901296e-07
test/counting_and_probability/119.json|64,22,C128,0.011300072073936462,0.011300072073936462,0.0
test/counting_and_probability/119.json|64,22,C64,0.008448269218206406,0.00844827014952898,1.102382568290817e-07
test/counting_and_probability/119.json|64,22,C32,0.006121761165559292,0.006121760234236717,1.5213313472403022e-07
test/counting_and_probability/119.json|64,22,C16,0.003171202028170228,0.0031712017953395844,7.342031778697228e-08
test/counting_and_probability/119.json|64,24,R128,0.028309348970651627,0.028309350833296776,6.579610956583161e-08
test/counting_and_probability/119.json|64,24,R64,0.01962278038263321,0.01962278224527836,9.492258161220869e-08
test/counting_and_probability/119.json|64,24,R32,0.0127665214240551,0.0127665214240551,0.0
test/counting_and_probability/119.json|64,24,R16,0.008102716878056526,0.008102716878056526,0.0
test/counting_and_probability/119.json|64,24,C128,0.011233121156692505,0.01123312208801508,8.29086132275036e-08
test/counting_and_probability/119.json|64,24,C64,0.00985242985188961,0.009852428920567036,9.452720562914256e-08
test/counting_and_probability/119.json|64,24,C32,0.006979029625654221,0.006979029625654221,0.0
test/counting_and_probability/119.json|64,24,C16,0.003928281832486391,0.003928281366825104,1.1854071633508089e-07
test/counting_and_probability/119.json|64,25,R128,0.03649555519223213,0.03649555519223213,0.0
test/counting_and_probability/119.json|64,25,R64,0.017715608701109886,0.017715608701109886,0.0
test/counting_and_probability/119.json|64,25,R32,0.010901102796196938,0.010901100933551788,1.7086761790519481e-07
test/counting_and_probability/119.json|64,25,R16,0.0071046925149858,0.0071046920493245125,6.55427827144837e-08
test/counting_and_probability/119.json|64,25,C128,0.05923495814204216,0.05923495814204216,0.0
test/counting_and_probability/119.json|64,25,C64,0.03891972079873085,0.03891972079873085,0.0
test/counting_and_probability/119.json|64,25,C32,0.026996808126568794,0.026996808126568794,0.0
test/counting_and_probability/119.json|64,25,C16,0.03006058931350708,0.03006058931350708,0.0
test/counting_and_probability/119.json|64,26,R128,0.0651470422744751,0.0651470422744751,0.0
test/counting_and_probability/119.json|64,26,R64,0.03768879175186157,0.03768879175186157,0.0
test/counting_and_probability/119.json|64,26,R32,0.01982422173023224,0.01982422173023224,0.0
test/counting_and_probability/119.json|64,26,R16,0.009896509349346161,0.009896507486701012,1.8821237204597466e-07
test/counting_and_probability/119.json|64,26,C128,0.03337650001049042,0.03337650001049042,0.0
test/counting_and_probability/119.json|64,26,C64,0.027846401557326317,0.027846399694681168,6.688998109582704e-08
test/counting_and_probability/119.json|64,26,C32,0.018984438851475716,0.018984440714120865,9.811430197927211e-08
test/counting_and_probability/119.json|64,26,C16,0.008995850570499897,0.008995850570499897,0.0
test/counting_and_probability/119.json|64,28,R128,0.0836973488330841,0.0836973488330841,0.0
test/counting_and_probability/119.json|64,28,R64,0.05129910632967949,0.051299113780260086,1.452379982370295e-07
test/counting_and_probability/119.json|64,28,R32,0.03643455728888512,0.036434561014175415,1.0224605963854725e-07
test/counting_and_probability/119.json|64,28,R16,0.018726427108049393,0.018726427108049393,0.0
test/counting_and_probability/119.json|64,28,C128,0.4565635323524475,0.4565635621547699,6.527529758830685e-08
test/counting_and_probability/119.json|64,28,C64,0.41392645239830017,0.41392648220062256,7.19990714998e-08
test/counting_and_probability/119.json|64,28,C32,0.3952102065086365,0.3952102065086365,0.0
test/counting_and_probability/119.json|64,28,C16,0.23324766755104065,0.23324769735336304,1.2777113225867326e-07
test/counting_and_probability/119.json|64,29,R128,0.08224648237228394,0.08224648237228394,0.0
test/counting_and_probability/119.json|64,29,R64,0.049781687557697296,0.049781687557697296,0.0
test/counting_and_probability/119.json|64,29,R32,0.026002157479524612,0.026002150028944016,2.8653709744554804e-07
test/counting_and_probability/119.json|64,29,R16,0.010791629552841187,0.010791629552841187,0.0
test/counting_and_probability/119.json|64,29,C128,0.03693193197250366,0.03693193197250366,0.0
test/counting_and_probability/119.json|64,29,C64,0.023459866642951965,0.023459870368242264,1.5879415528851612e-07
test/counting_and_probability/119.json|64,29,C32,0.02056756615638733,0.02056756429374218,9.056226213947546e-08
test/counting_and_probability/119.json|64,29,C16,0.01804639771580696,0.018046395853161812,1.0321424645029045e-07
test/counting_and_probability/119.json|64,30,R128,0.23876938223838806,0.23876936733722687,6.240817806724568e-08
test/counting_and_probability/119.json|64,30,R64,0.16190865635871887,0.16190867125988007,9.203436158053404e-08
test/counting_and_probability/119.json|64,30,R32,0.09512987732887268,0.09512987732887268,0.0
test/counting_and_probability/119.json|64,30,R16,0.052823714911937714,0.052823714911937714,0.0
test/counting_and_probability/119.json|64,30,C128,0.13296230137348175,0.13296230137348175,0.0
test/counting_and_probability/119.json|64,30,C64,0.10025236755609512,0.10025236755609512,0.0
test/counting_and_probability/119.json|64,30,C32,0.0851830393075943,0.0851830393075943,0.0
test/counting_and_probability/119.json|64,30,C16,0.06788099557161331,0.06788099557161331,0.0
test/counting_and_probability/119.json|128,0,R128,0.2680169939994812,0.2680169939994812,0.0
test/counting_and_probability/119.json|128,0,R64,0.1421186923980713,0.1421186774969101,1.0485012565689533e-07
test/counting_and_probability/119.json|128,0,R32,0.08279141783714294,0.08279141783714294,0.0
test/counting_and_probability/119.json|128,0,R16,0.01820250414311886,0.01820250414311886,0.0
test/counting_and_probability/119.json|128,0,C128,0.00016169041919056326,0.0001616904337424785,8.999861526467804e-08
test/counting_and_probability/119.json|128,0,C64,0.00016676954692229629,0.00016676957602612674,1.745152261924499e-07
test/counting_and_probability/119.json|128,0,C32,0.00011173786333529279,0.00011173786333529279,0.0
test/counting_and_probability/119.json|128,0,C16,9.583700011717156e-05,9.583700011717156e-05,0.0
test/counting_and_probability/119.json|128,1,R128,0.006237921770662069,0.006237921770662069,0.0
test/counting_and_probability/119.json|128,1,R64,0.0028926136437803507,0.0028926136437803507,0.0
test/counting_and_probability/119.json|128,1,R32,0.0013513717567548156,0.0013513718731701374,8.614602986200536e-08
test/counting_and_probability/119.json|128,1,R16,0.000490318750962615,0.000490318750962615,0.0
test/counting_and_probability/119.json|128,1,C128,7.806225039530545e-05,7.806225039530545e-05,0.0
test/counting_and_probability/119.json|128,1,C64,6.77654825267382e-05,6.776548980269581e-05,1.0736965862710136e-07
test/counting_and_probability/119.json|128,1,C32,7.424062641803175e-05,7.424062641803175e-05,0.0
test/counting_and_probability/119.json|128,1,C16,2.5413626644876786e-05,2.5413626644876786e-05,0.0
test/counting_and_probability/119.json|128,2,R128,0.05063056945800781,0.05063056945800781,0.0
test/counting_and_probability/119.json|128,2,R64,0.025801414623856544,0.025801414623856544,0.0
test/counting_and_probability/119.json|128,2,R32,0.008206465281546116,0.008206465281546116,0.0
test/counting_and_probability/119.json|128,2,R16,0.0025227332953363657,0.002522733062505722,9.22930162616238e-08
test/counting_and_probability/119.json|128,2,C128,0.00021668797126039863,0.0002166879567084834,6.715608648609798e-08
test/counting_and_probability/119.json|128,2,C64,0.00022876760340295732,0.00022876757429912686,1.2722008535815776e-07
test/counting_and_probability/119.json|128,2,C32,0.00011993928637821227,0.00011993927910225466,6.066367588650093e-08
test/counting_and_probability/119.json|128,2,C16,7.372137042693794e-05,7.372135587502271e-05,1.973907676853563e-07
test/counting_and_probability/119.json|128,4,R128,0.01246312540024519,0.012463126331567764,7.472624041223204e-08
test/counting_and_probability/119.json|128,4,R64,0.007064633071422577,0.007064632140100002,1.318288845072783e-07
test/counting_and_probability/119.json|128,4,R32,0.004596450366079807,0.004596450366079807,0.0
test/counting_and_probability/119.json|128,4,R16,0.0034956291783601046,0.003495628945529461,6.660622371977699e-08
test/counting_and_probability/119.json|128,4,C128,0.00028031511465087533,0.00028031511465087533,0.0
test/counting_and_probability/119.json|128,4,C64,0.00032235687831416726,0.0003223569365218282,1.8056897227324577e-07
test/counting_and_probability/119.json|128,4,C32,0.00017684590420685709,0.00017684591875877231,8.22858409637976e-08
test/counting_and_probability/119.json|128,4,C16,0.00012665650865528733,0.00012665650865528733,0.0
test/counting_and_probability/119.json|128,5,R128,0.010688369162380695,0.01068836823105812,8.713421491431398e-08
test/counting_and_probability/119.json|128,5,R64,0.005688085220754147,0.005688085220754147,0.0
test/counting_and_probability/119.json|128,5,R32,0.004062881227582693,0.00406288169324398,1.146135483018019e-07
test/counting_and_probability/119.json|128,5,R16,0.0018494643736630678,0.0018494641408324242,1.2589086665026345e-07
test/counting_and_probability/119.json|128,5,C128,0.0008116405224427581,0.0008116405224427581,0.0
test/counting_and_probability/119.json|128,5,C64,0.0006946747307665646,0.0006946747307665646,0.0
test/counting_and_probability/119.json|128,5,C32,0.0003728150622919202,0.0003728150622919202,0.0
test/counting_and_probability/119.json|128,5,C16,0.0002452924381941557,0.0002452924381941557,0.0
test/counting_and_probability/119.json|128,6,R128,0.06290005147457123,0.06290005147457123,0.0
test/counting_and_probability/119.json|128,6,R64,0.03192862495779991,0.03192862123250961,1.1667557678789339e-07
test/counting_and_probability/119.json|128,6,R32,0.017377804964780807,0.017377806827425957,1.0718528336867647e-07
test/counting_and_probability/119.json|128,6,R16,0.00909568089991808,0.00909568089991808,0.0
test/counting_and_probability/119.json|128,6,C128,0.0010137911885976791,0.001013791305013001,1.1483164349156679e-07
test/counting_and_probability/119.json|128,6,C64,0.0006804569275118411,0.0006804568693041801,8.554202838373463e-08
test/counting_and_probability/119.json|128,6,C32,0.0005245754146017134,0.0005245754146017134,0.0
test/counting_and_probability/119.json|128,6,C16,0.00036399203236214817,0.0003639920614659786,7.99573217601523e-08
test/counting_and_probability/119.json|128,8,R128,0.08082406967878342,0.08082407712936401,9.218268691031909e-08
test/counting_and_probability/119.json|128,8,R64,0.035263027995824814,0.03526303172111511,1.0564293869620997e-07
test/counting_and_probability/119.json|128,8,R32,0.012935946695506573,0.012935945764183998,7.199493500676652e-08
test/counting_and_probability/119.json|128,8,R16,0.008222279138863087,0.008222279138863087,0.0
test/counting_and_probability/119.json|128,8,C128,0.002736299531534314,0.002736299531534314,0.0
test/counting_and_probability/119.json|128,8,C64,0.0022931795101612806,0.002293179277330637,1.0153181037958928e-07
test/counting_and_probability/119.json|128,8,C32,0.0010242327116429806,0.0010242327116429806,0.0
test/counting_and_probability/119.json|128,8,C16,0.0005701144109480083,0.0005701144109480083,0.0
test/counting_and_probability/119.json|128,9,R128,0.0280743520706892,0.0280743520706892,0.0
test/counting_and_probability/119.json|128,9,R64,0.014394791796803474,0.014394793659448624,1.2939714129760623e-07
test/counting_and_probability/119.json|128,9,R32,0.007635021582245827,0.007635022047907114,6.099016929157323e-08
test/counting_and_probability/119.json|128,9,R16,0.003716547740623355,0.0037165475077927113,6.264702471932147e-08
test/counting_and_probability/119.json|128,9,C128,0.0034466648939996958,0.0034466648939996958,0.0
test/counting_and_probability/119.json|128,9,C64,0.002533696126192808,0.002533696126192808,0.0
test/counting_and_probability/119.json|128,9,C32,0.0018188267713412642,0.0018188267713412642,0.0
test/counting_and_probability/119.json|128,9,C16,0.0011653522960841656,0.001165352063253522,1.9979425170796918e-07
test/counting_and_probability/119.json|128,10,R128,0.12263107299804688,0.12263106554746628,6.075606179886945e-08
test/counting_and_probability/119.json|128,10,R64,0.066619873046875,0.0666198655962944,1.1183722047656628e-07
test/counting_and_probability/119.json|128,10,R32,0.03155218064785004,0.03155218064785004,0.0
test/counting_and_probability/119.json|128,10,R16,0.012580684386193752,0.012580684386193752,0.0
test/counting_and_probability/119.json|128,10,C128,0.0024189725518226624,0.0024189725518226624,0.0
test/counting_and_probability/119.json|128,10,C64,0.001836331095546484,0.001836331095546484,0.0
test/counting_and_probability/119.json|128,10,C32,0.0012630487326532602,0.0012630487326532602,0.0
test/counting_and_probability/119.json|128,10,C16,0.0008177798008546233,0.0008177798008546233,0.0
test/counting_and_probability/119.json|128,12,R128,0.06393150985240936,0.06393150985240936,0.0
test/counting_and_probability/119.json|128,12,R64,0.03390873223543167,0.03390873223543167,0.0
test/counting_and_probability/119.json|128,12,R32,0.01367499865591526,0.01367499865591526,0.0
test/counting_and_probability/119.json|128,12,R16,0.006426837295293808,0.006426837295293808,0.0
test/counting_and_probability/119.json|128,12,C128,0.0024912706576287746,0.0024912706576287746,0.0
test/counting_and_probability/119.json|128,12,C64,0.0018668004777282476,0.0018668004777282476,0.0
test/counting_and_probability/119.json|128,12,C32,0.001125448034144938,0.001125448034144938,0.0
test/counting_and_probability/119.json|128,12,C16,0.0006600067135877907,0.0006600067135877907,0.0
test/counting_and_probability/119.json|128,13,R128,0.04617103561758995,0.04617103189229965,8.068457960980788e-08
test/counting_and_probability/119.json|128,13,R64,0.02207157202064991,0.02207157015800476,8.439114824239339e-08
test/counting_and_probability/119.json|128,13,R32,0.010950255207717419,0.010950255207717419,0.0
test/counting_and_probability/119.json|128,13,R16,0.005881069228053093,0.005881069228053093,0.0
test/counting_and_probability/119.json|128,13,C128,0.0029264111071825027,0.002926410874351859,7.956184335389167e-08
test/counting_and_probability/119.json|128,13,C64,0.0024784859269857407,0.0024784859269857407,0.0
test/counting_and_probability/119.json|128,13,C32,0.0015896810218691826,0.0015896809054538608,7.323188028132342e-08
test/counting_and_probability/119.json|128,13,C16,0.0010670380434021354,0.0010670380434021354,0.0
test/counting_and_probability/119.json|128,14,R128,0.2694724500179291,0.2694724500179291,0.0
test/counting_and_probability/119.json|128,14,R64,0.15334410965442657,0.15334413945674896,1.943492753820355e-07
test/counting_and_probability/119.json|128,14,R32,0.06728395819664001,0.06728395819664001,0.0
test/counting_and_probability/119.json|128,14,R16,0.037658512592315674,0.037658508867025375,9.892293695210376e-08
test/counting_and_probability/119.json|128,14,C128,0.002998457755893469,0.002998457523062825,7.765013904161986e-08
test/counting_and_probability/119.json|128,14,C64,0.002081506419926882,0.0020815066527575254,1.1185678567664673e-07
test/counting_and_probability/119.json|128,14,C32,0.0016734272940084338,0.0016734272940084338,0.0
test/counting_and_probability/119.json|128,14,C16,0.0009678265196271241,0.0009678265196271241,0.0
test/counting_and_probability/119.json|128,16,R128,0.07978158444166183,0.07978158444166183,0.0
test/counting_and_probability/119.json|128,16,R64,0.04204219952225685,0.04204220697283745,1.7721668611641318e-07
test/counting_and_probability/119.json|128,16,R32,0.024471748620271683,0.024471750482916832,7.61140953302508e-08
test/counting_and_probability/119.json|128,16,R16,0.010950768366456032,0.010950767435133457,8.504632940541323e-08
test/counting_and_probability/119.json|128,16,C128,0.0031935246661305428,0.003193524433299899,7.290711201491464e-08
test/counting_and_probability/119.json|128,16,C64,0.002092587063089013,0.002092587063089013,0.0
test/counting_and_probability/119.json|128,16,C32,0.0013919951161369681,0.0013919951161369681,0.0
test/counting_and_probability/119.json|128,16,C16,0.0008860513917170465,0.0008860513917170465,0.0
test/counting_and_probability/119.json|128,17,R128,0.06183936446905136,0.06183936446905136,0.0
test/counting_and_probability/119.json|128,17,R64,0.04060593619942665,0.04060593619942665,0.0
test/counting_and_probability/119.json|128,17,R32,0.027972236275672913,0.027972236275672913,0.0
test/counting_and_probability/119.json|128,17,R16,0.018330011516809464,0.018330011516809464,0.0
test/counting_and_probability/119.json|128,17,C128,0.004851462785154581,0.004851462319493294,9.598369657344696e-08
test/counting_and_probability/119.json|128,17,C64,0.0043412609957158566,0.004341261461377144,1.0726405017143499e-07
test/counting_and_probability/119.json|128,17,C32,0.0034896647557616234,0.0034896647557616234,0.0
test/counting_and_probability/119.json|128,17,C16,0.0014570951461791992,0.0014570951461791992,0.0
test/counting_and_probability/119.json|128,18,R128,0.10228274762630463,0.10228274762630463,0.0
test/counting_and_probability/119.json|128,18,R64,0.06615273654460907,0.06615273654460907,0.0
test/counting_and_probability/119.json|128,18,R32,0.03376191109418869,0.03376191109418869,0.0
test/counting_and_probability/119.json|128,18,R16,0.017713485285639763,0.017713485285639763,0.0
test/counting_and_probability/119.json|128,18,C128,0.00373650249093771,0.003736502258107066,6.231245895446362e-08
test/counting_and_probability/119.json|128,18,C64,0.0022986638359725475,0.0022986638359725475,0.0
test/counting_and_probability/119.json|128,18,C32,0.0017471574246883392,0.0017471574246883392,0.0
test/counting_and_probability/119.json|128,18,C16,0.0011971655767410994,0.0011971655767410994,0.0
test/counting_and_probability/119.json|128,20,R128,0.07686891406774521,0.07686891406774521,0.0
test/counting_and_probability/119.json|128,20,R64,0.05429382622241974,0.05429382622241974,0.0
test/counting_and_probability/119.json|128,20,R32,0.03386269882321358,0.033862702548503876,1.1001160622120793e-07
test/counting_and_probability/119.json|128,20,R16,0.018477609381079674,0.018477609381079674,0.0
test/counting_and_probability/119.json|128,20,C128,0.01315390132367611,0.01315390132367611,0.0
test/counting_and_probability/119.json|128,20,C64,0.012222934514284134,0.012222934514284134,0.0
test/counting_and_probability/119.json|128,20,C32,0.00880301371216774,0.008803012780845165,1.0579589030430416e-07
test/counting_and_probability/119.json|128,20,C16,0.005213419906795025,0.005213419906795025,0.0
test/counting_and_probability/119.json|128,21,R128,0.08206615597009659,0.08206614851951599,9.078750168300188e-08
test/counting_and_probability/119.json|128,21,R64,0.044947247952222824,0.04494725540280342,1.6576274858138196e-07
test/counting_and_probability/119.json|128,21,R32,0.03321428596973419,0.03321428224444389,1.1215928951687414e-07
test/counting_and_probability/119.json|128,21,R16,0.016768647357821465,0.016768651083111763,2.2215801854161148e-07
test/counting_and_probability/119.json|128,21,C128,0.010748142376542091,0.010748141445219517,8.664963884924085e-08
test/counting_and_probability/119.json|128,21,C64,0.008364099077880383,0.008364099077880383,0.0
test/counting_and_probability/119.json|128,21,C32,0.004739711992442608,0.004739711992442608,0.0
test/counting_and_probability/119.json|128,21,C16,0.003678410081192851,0.0036784103140234947,6.329653945970475e-08
test/counting_and_probability/119.json|128,22,R128,0.02109343558549881,0.02109343558549881,0.0
test/counting_and_probability/119.json|128,22,R64,0.012474137358367443,0.012474137358367443,0.0
test/counting_and_probability/119.json|128,22,R32,0.006832394748926163,0.00683239521458745,6.815491092280171e-08
test/counting_and_probability/119.json|128,22,R16,0.004059010650962591,0.004059010650962591,0.0
test/counting_and_probability/119.json|128,22,C128,0.0212392695248127,0.0212392695248127,0.0
test/counting_and_probability/119.json|128,22,C64,0.021155981346964836,0.021155983209609985,8.804342160268012e-08
test/counting_and_probability/119.json|128,22,C32,0.008649584837257862,0.008649584837257862,0.0
test/counting_and_probability/119.json|128,22,C16,0.005335270892828703,0.005335270892828703,0.0
test/counting_and_probability/119.json|128,24,R128,0.01805899478495121,0.01805899664759636,1.031422279695551e-07
test/counting_and_probability/119.json|128,24,R64,0.01069661695510149,0.01069661695510149,0.0
test/counting_and_probability/119.json|128,24,R32,0.005512449890375137,0.005512449890375137,0.0
test/counting_and_probability/119.json|128,24,R16,0.0032737860456109047,0.0032737860456109047,0.0
test/counting_and_probability/119.json|128,24,C128,0.01785377413034439,0.01785377599298954,1.0432779877254062e-07
test/counting_and_probability/119.json|128,24,C64,0.011889159679412842,0.011889160610735416,7.833375332621877e-08
test/counting_and_probability/119.json|128,24,C32,0.00843616109341383,0.00843616109341383,0.0
test/counting_and_probability/119.json|128,24,C16,0.0049486663192510605,0.004948665853589773,9.409834912895748e-08
test/counting_and_probability/119.json|128,25,R128,0.021589934825897217,0.021589932963252068,8.627378104022215e-08
test/counting_and_probability/119.json|128,25,R64,0.013725685887038708,0.013725684955716133,6.7852539057424e-08
test/counting_and_probability/119.json|128,25,R32,0.008101144805550575,0.008101144805550575,0.0
test/counting_and_probability/119.json|128,25,R16,0.0052493419498205185,0.0052493419498205185,0.0
test/counting_and_probability/119.json|128,25,C128,0.033653825521469116,0.03365382179617882,1.1069442041124147e-07
test/counting_and_probability/119.json|128,25,C64,0.018462713807821274,0.018462711945176125,1.0088686616901566e-07
test/counting_and_probability/119.json|128,25,C32,0.018483862280845642,0.018483862280845642,0.0
test/counting_and_probability/119.json|128,25,C16,0.014456801116466522,0.014456801116466522,0.0
test/counting_and_probability/119.json|128,26,R128,0.04376683011651039,0.04376682639122009,8.511675635508529e-08
test/counting_and_probability/119.json|128,26,R64,0.026649117469787598,0.0266491137444973,1.3979040106320042e-07
test/counting_and_probability/119.json|128,26,R32,0.0161088015884161,0.01610879972577095,1.1562904628676076e-07
test/counting_and_probability/119.json|128,26,R16,0.008537475019693375,0.0085374740883708,1.090864305843083e-07
test/counting_and_probability/119.json|128,26,C128,0.031810641288757324,0.031810641288757324,0.0
test/counting_and_probability/119.json|128,26,C64,0.0228336863219738,0.02283368445932865,8.157444552880309e-08
test/counting_and_probability/119.json|128,26,C32,0.015114821493625641,0.015114821493625641,0.0
test/counting_and_probability/119.json|128,26,C16,0.0056506674736738205,0.0056506674736738205,0.0
test/counting_and_probability/119.json|128,28,R128,0.08501309156417847,0.08501309901475906,8.764038346070288e-08
test/counting_and_probability/119.json|128,28,R64,0.048427898436784744,0.048427898436784744,0.0
test/counting_and_probability/119.json|128,28,R32,0.035493846982717514,0.035493846982717514,0.0
test/counting_and_probability/119.json|128,28,R16,0.019458623602986336,0.019458623602986336,0.0
test/counting_and_probability/119.json|128,28,C128,0.25391045212745667,0.25391045212745667,0.0
test/counting_and_probability/119.json|128,28,C64,0.2408251017332077,0.2408251166343689,6.187544472950207e-08
test/counting_and_probability/119.json|128,28,C32,0.23171088099479675,0.23171091079711914,1.2861855440920923e-07
test/counting_and_probability/119.json|128,28,C16,0.20190376043319702,0.20190376043319702,0.0
test/counting_and_probability/119.json|128,29,R128,0.029331400990486145,0.029331402853131294,6.350344572655193e-08
test/counting_and_probability/119.json|128,29,R64,0.016265083104372025,0.016265083104372025,0.0
test/counting_and_probability/119.json|128,29,R32,0.011799256317317486,0.011799256317317486,0.0
test/counting_and_probability/119.json|128,29,R16,0.006589808966964483,0.006589808966964483,0.0
test/counting_and_probability/119.json|128,29,C128,0.06803939491510391,0.06803938001394272,2.1900789205567543e-07
test/counting_and_probability/119.json|128,29,C64,0.02711370959877968,0.02711370587348938,1.3739509883696673e-07
test/counting_and_probability/119.json|128,29,C32,0.014092860743403435,0.01409286167472601,6.608470274136146e-08
test/counting_and_probability/119.json|128,29,C16,0.011080516502261162,0.011080516502261162,0.0
test/counting_and_probability/119.json|128,30,R128,0.2829280197620392,0.2829280197620392,0.0
test/counting_and_probability/119.json|128,30,R64,0.19842305779457092,0.19842307269573212,7.509792581743981e-08
test/counting_and_probability/119.json|128,30,R32,0.13538464903831482,0.13538464903831482,0.0
test/counting_and_probability/119.json|128,30,R16,0.056200966238975525,0.056200966238975525,0.0
test/counting_and_probability/119.json|128,30,C128,0.08378836512565613,0.08378836512565613,0.0
test/counting_and_probability/119.json|128,30,C64,0.06365320086479187,0.06365320086479187,0.0
test/counting_and_probability/119.json|128,30,C32,0.04719293862581253,0.04719294607639313,1.5787487784096796e-07
test/counting_and_probability/119.json|128,30,C16,0.03623385727405548,0.03623385354876518,1.0281242356255139e-07
test/counting_and_probability/119.json|256,0,R128,0.24607709050178528,0.2460770606994629,1.211097137736547e-07
test/counting_and_probability/119.json|256,0,R64,0.15940891206264496,0.15940889716148376,9.347760042941056e-08
test/counting_and_probability/119.json|256,0,R32,0.06177990138530731,0.06177990138530731,0.0
test/counting_and_probability/119.json|256,0,R16,0.025828892365098,0.025828892365098,0.0
test/counting_and_probability/119.json|256,0,C128,0.00011919689131900668,0.0001191968985949643,6.104150056677157e-08
test/counting_and_probability/119.json|256,0,C64,9.436755499336869e-05,9.436755499336869e-05,0.0
test/counting_and_probability/119.json|256,0,C32,8.340026397490874e-05,8.340027852682397e-05,1.7448281121991362e-07
test/counting_and_probability/119.json|256,0,C16,4.469887790037319e-05,4.4698881538352e-05,8.138858513901992e-08
test/counting_and_probability/119.json|256,1,R128,0.0050558242946863174,0.005055825226008892,1.842078261804283e-07
test/counting_and_probability/119.json|256,1,R64,0.002618551952764392,0.0026185517199337482,8.891580860997645e-08
test/counting_and_probability/119.json|256,1,R32,0.0010699096601456404,0.0010699096601456404,0.0
test/counting_and_probability/119.json|256,1,R16,0.00046217566705308855,0.000462175696156919,6.297135620883221e-08
test/counting_and_probability/119.json|256,1,C128,4.544216062640771e-05,4.5442156988428906e-05,8.005735132601017e-08
test/counting_and_probability/119.json|256,1,C64,2.6456818886799738e-05,2.645682070578914e-05,6.87531338334504e-08
test/counting_and_probability/119.json|256,1,C32,1.9486255041556433e-05,1.948625322256703e-05,9.334730948133095e-08
test/counting_and_probability/119.json|256,1,C16,1.2731360584439244e-05,1.2731360584439244e-05,0.0
test/counting_and_probability/119.json|256,2,R128,0.025442328304052353,0.025442330166697502,7.321047785142881e-08
test/counting_and_probability/119.json|256,2,R64,0.014236817136406898,0.014236818067729473,6.541648352317477e-08
test/counting_and_probability/119.json|256,2,R32,0.0068803573958575726,0.0068803573958575726,0.0
test/counting_and_probability/119.json|256,2,R16,0.0033370070159435272,0.0033370070159435272,0.0
test/counting_and_probability/119.json|256,2,C128,0.00019352351955603808,0.0001935235341079533,7.519455047288874e-08
test/counting_and_probability/119.json|256,2,C64,0.0001511757291154936,0.00015117571456357837,9.625828575785314e-08
test/counting_and_probability/119.json|256,2,C32,7.370716048171744e-05,7.370716048171744e-05,0.0
test/counting_and_probability/119.json|256,2,C16,4.7638037358410656e-05,4.763803372043185e-05,7.636710515959617e-08
test/counting_and_probability/119.json|256,4,R128,0.009063992649316788,0.009063992649316788,0.0
test/counting_and_probability/119.json|256,4,R64,0.004495595116168261,0.004495595581829548,1.0358166759623203e-07
test/counting_and_probability/119.json|256,4,R32,0.002079564845189452,0.002079565078020096,1.1196122016223743e-07
test/counting_and_probability/119.json|256,4,R16,0.0010587737197056413,0.001058773836120963,1.0995296421707345e-07
test/counting_and_probability/119.json|256,4,C128,0.0002947828616015613,0.0002947828616015613,0.0
test/counting_and_probability/119.json|256,4,C64,0.0001815379218896851,0.0001815379218896851,0.0
test/counting_and_probability/119.json|256,4,C32,0.00017358444165438414,0.00017358444165438414,0.0
test/counting_and_probability/119.json|256,4,C16,0.00010487866529729217,0.00010487866529729217,0.0
test/counting_and_probability/119.json|256,5,R128,0.02293943054974079,0.022939428687095642,8.119841058629207e-08
test/counting_and_probability/119.json|256,5,R64,0.01579493284225464,0.01579493284225464,0.0
test/counting_and_probability/119.json|256,5,R32,0.007118839770555496,0.007118838839232922,1.3082506789618607e-07
test/counting_and_probability/119.json|256,5,R16,0.003993963822722435,0.003993963822722435,0.0
test/counting_and_probability/119.json|256,5,C128,0.0008462468395009637,0.0008462468395009637,0.0
test/counting_and_probability/119.json|256,5,C64,0.0005849403096362948,0.0005849403096362948,0.0
test/counting_and_probability/119.json|256,5,C32,0.0003104603965766728,0.0003104603965766728,0.0
test/counting_and_probability/119.json|256,5,C16,0.00021592856501229107,0.00021592859411612153,1.3478451263521778e-07
test/counting_and_probability/119.json|256,6,R128,0.07246159017086029,0.07246159762144089,1.028210920182145e-07
test/counting_and_probability/119.json|256,6,R64,0.03874518722295761,0.03874518349766731,9.61484747798407e-08
test/counting_and_probability/119.json|256,6,R32,0.018457047641277313,0.018457047641277313,0.0
test/counting_and_probability/119.json|256,6,R16,0.011066045612096786,0.011066043749451637,1.6832078304000354e-07
test/counting_and_probability/119.json|256,6,C128,0.000877494749147445,0.000877494690939784,6.633391796911493e-08
test/counting_and_probability/119.json|256,6,C64,0.0006319053936749697,0.0006319052772596478,1.842290701346225e-07
test/counting_and_probability/119.json|256,6,C32,0.00043540610931813717,0.0004354061384219676,6.684294919536755e-08
test/counting_and_probability/119.json|256,6,C16,0.00030415659421123564,0.0003041566233150661,9.568698535589341e-08
test/counting_and_probability/119.json|256,8,R128,0.0751013308763504,0.0751013234257698,9.920704798483051e-08
test/counting_and_probability/119.json|256,8,R64,0.03880896419286728,0.03880895674228668,1.9198095548426867e-07
test/counting_and_probability/119.json|256,8,R32,0.019189193844795227,0.019189193844795227,0.0
test/counting_and_probability/119.json|256,8,R16,0.008648947812616825,0.00864894688129425,1.0768045951606452e-07
test/counting_and_probability/119.json|256,8,C128,0.0038499135989695787,0.0038499135989695787,0.0
test/counting_and_probability/119.json|256,8,C64,0.0026164776645600796,0.0026164778973907232,8.898628335330988e-08
test/counting_and_probability/119.json|256,8,C32,0.001052884734235704,0.001052884734235704,0.0
test/counting_and_probability/119.json|256,8,C16,0.0005767729599028826,0.0005767729599028826,0.0
test/counting_and_probability/119.json|256,9,R128,0.05145580694079399,0.05145580694079399,0.0
test/counting_and_probability/119.json|256,9,R64,0.026730969548225403,0.026730969548225403,0.0
test/counting_and_probability/119.json|256,9,R32,0.015476712957024574,0.015476712957024574,0.0
test/counting_and_probability/119.json|256,9,R16,0.00921325571835041,0.00921325571835041,0.0
test/counting_and_probability/119.json|256,9,C128,0.0024038278497755527,0.0024038278497755527,0.0
test/counting_and_probability/119.json|256,9,C64,0.00187527178786695,0.00187527178786695,0.0
test/counting_and_probability/119.json|256,9,C32,0.0012584035284817219,0.0012584034120664,9.251033541244228e-08
test/counting_and_probability/119.json|256,9,C16,0.0007997542852535844,0.0007997542852535844,0.0
test/counting_and_probability/119.json|256,10,R128,0.12944141030311584,0.12944142520427704,1.1511895183644941e-07
test/counting_and_probability/119.json|256,10,R64,0.07097776234149933,0.07097776979207993,1.0497062134587147e-07
test/counting_and_probability/119.json|256,10,R32,0.039268434047698975,0.039268434047698975,0.0
test/counting_and_probability/119.json|256,10,R16,0.021394474431872368,0.021394478157162666,1.7412391510192545e-07
test/counting_and_probability/119.json|256,10,C128,0.0018576347501948476,0.0018576347501948476,0.0
test/counting_and_probability/119.json|256,10,C64,0.0015729479491710663,0.00157294818200171,1.4802181417670803e-07
test/counting_and_probability/119.json|256,10,C32,0.0008046334842219949,0.0008046334842219949,0.0
test/counting_and_probability/119.json|256,10,C16,0.0005591422668658197,0.0005591422668658197,0.0
test/counting_and_probability/119.json|256,12,R128,0.0662124752998352,0.0662124752998352,0.0
test/counting_and_probability/119.json|256,12,R64,0.028588449582457542,0.028588449582457542,0.0
test/counting_and_probability/119.json|256,12,R32,0.013736780732870102,0.013736780732870102,0.0
test/counting_and_probability/119.json|256,12,R16,0.007370142266154289,0.007370141800493002,6.318213405519662e-08
test/counting_and_probability/119.json|256,12,C128,0.0021083594765514135,0.00210835924372077,1.1043214966181231e-07
test/counting_and_probability/119.json|256,12,C64,0.0015684585087001324,0.0015684585087001324,0.0
test/counting_and_probability/119.json|256,12,C32,0.000801584857981652,0.0008015847997739911,7.261572432169807e-08
test/counting_and_probability/119.json|256,12,C16,0.0005332589498721063,0.0005332588916644454,1.0915459960288883e-07
test/counting_and_probability/119.json|256,13,R128,0.1378585547208786,0.1378585398197174,1.0809022939910978e-07
test/counting_and_probability/119.json|256,13,R64,0.08165992796421051,0.08165992796421051,0.0
test/counting_and_probability/119.json|256,13,R32,0.04838418588042259,0.04838418588042259,0.0
test/counting_and_probability/119.json|256,13,R16,0.02442302368581295,0.0244230218231678,7.62659576952012e-08
test/counting_and_probability/119.json|256,13,C128,0.003398394677788019,0.003398394677788019,0.0
test/counting_and_probability/119.json|256,13,C64,0.0025762098375707865,0.0025762098375707865,0.0
test/counting_and_probability/119.json|256,13,C32,0.0017847917042672634,0.0017847917042672634,0.0
test/counting_and_probability/119.json|256,13,C16,0.001157362712547183,0.0011573625961318612,1.0058673238225559e-07
test/counting_and_probability/119.json|256,14,R128,0.19827954471111298,0.19827954471111298,0.0
test/counting_and_probability/119.json|256,14,R64,0.10249445587396622,0.10249446332454681,7.269251777297481e-08
test/counting_and_probability/119.json|256,14,R32,0.04862723499536514,0.04862723499536514,0.0
test/counting_and_probability/119.json|256,14,R16,0.025576278567314148,0.025576278567314148,0.0
test/counting_and_probability/119.json|256,14,C128,0.002731523010879755,0.002731523010879755,0.0
test/counting_and_probability/119.json|256,14,C64,0.0018463470041751862,0.0018463470041751862,0.0
test/counting_and_probability/119.json|256,14,C32,0.0012385441223159432,0.0012385441223159432,0.0
test/counting_and_probability/119.json|256,14,C16,0.0008649282972328365,0.0008649282972328365,0.0
test/counting_and_probability/119.json|256,16,R128,0.11022251844406128,0.11022250354290009,1.35191641586264e-07
test/counting_and_probability/119.json|256,16,R64,0.05693884938955307,0.05693885311484337,6.542615621151919e-08
test/counting_and_probability/119.json|256,16,R32,0.0377313494682312,0.0377313494682312,0.0
test/counting_and_probability/119.json|256,16,R16,0.014517690055072308,0.014517689123749733,6.415088287210678e-08
test/counting_and_probability/119.json|256,16,C128,0.003372314851731062,0.0033723146189004183,6.90417917355365e-08
test/counting_and_probability/119.json|256,16,C64,0.002276637591421604,0.0022766373585909605,1.0226953479130374e-07
test/counting_and_probability/119.json|256,16,C32,0.0015685507096350193,0.0015685507096350193,0.0
test/counting_and_probability/119.json|256,16,C16,0.001159676699899137,0.001159676699899137,0.0
test/counting_and_probability/119.json|256,17,R128,0.13060925900936127,0.13060925900936127,0.0
test/counting_and_probability/119.json|256,17,R64,0.07727888226509094,0.07727888226509094,0.0
test/counting_and_probability/119.json|256,17,R32,0.04357001557946205,0.04357001185417175,8.550124592219322e-08
test/counting_and_probability/119.json|256,17,R16,0.024257559329271317,0.024257561191916466,7.678616718381709e-08
test/counting_and_probability/119.json|256,17,C128,0.008484731428325176,0.008484731428325176,0.0
test/counting_and_probability/119.json|256,17,C64,0.005923381075263023,0.005923381075263023,0.0
test/counting_and_probability/119.json|256,17,C32,0.0044602081179618835,0.004460207652300596,1.0440349945661059e-07
test/counting_and_probability/119.json|256,17,C16,0.0024337163195014,0.0024337165523320436,9.56687595090304e-08
test/counting_and_probability/119.json|256,18,R128,0.24234209954738617,0.24234208464622498,6.14881283023505e-08
test/counting_and_probability/119.json|256,18,R64,0.13939939439296722,0.13939937949180603,1.0689546286407005e-07
test/counting_and_probability/119.json|256,18,R32,0.07488441467285156,0.07488439977169037,1.9898885801421578e-07
test/counting_and_probability/119.json|256,18,R16,0.04151899367570877,0.04151899367570877,0.0
test/counting_and_probability/119.json|256,18,C128,0.004682294093072414,0.004682294093072414,0.0
test/counting_and_probability/119.json|256,18,C64,0.0037076387088745832,0.0037076387088745832,0.0
test/counting_and_probability/119.json|256,18,C32,0.0026686477940529585,0.002668647561222315,8.724668140890813e-08
test/counting_and_probability/119.json|256,18,C16,0.001861619297415018,0.001861619297415018,0.0
test/counting_and_probability/119.json|256,20,R128,0.08521756529808044,0.08521757274866104,8.743009635830613e-08
test/counting_and_probability/119.json|256,20,R64,0.05342160910367966,0.05342160910367966,0.0
test/counting_and_probability/119.json|256,20,R32,0.029660161584615707,0.029660161584615707,0.0
test/counting_and_probability/119.json|256,20,R16,0.016791632398962975,0.016791634261608124,1.1092697233042556e-07
test/counting_and_probability/119.json|256,20,C128,0.0256622564047575,0.0256622564047575,0.0
test/counting_and_probability/119.json|256,20,C64,0.027657918632030487,0.027657918632030487,0.0
test/counting_and_probability/119.json|256,20,C32,0.01887001469731331,0.018870016559958458,9.870924825178577e-08
test/counting_and_probability/119.json|256,20,C16,0.010364375077188015,0.01036437600851059,8.985804584481261e-08
test/counting_and_probability/119.json|256,21,R128,0.0782816931605339,0.0782816931605339,0.0
test/counting_and_probability/119.json|256,21,R64,0.05098458379507065,0.05098458379507065,0.0
test/counting_and_probability/119.json|256,21,R32,0.028504427522420883,0.028504427522420883,0.0
test/counting_and_probability/119.json|256,21,R16,0.013135615736246109,0.013135616667568684,7.090055976161183e-08
test/counting_and_probability/119.json|256,21,C128,0.014530576765537262,0.014530577696859837,6.40939812566881e-08
test/counting_and_probability/119.json|256,21,C64,0.009078942239284515,0.00907894130796194,1.025805259580385e-07
test/counting_and_probability/119.json|256,21,C32,0.007147619966417551,0.007147619966417551,0.0
test/counting_and_probability/119.json|256,21,C16,0.006517498753964901,0.006517498288303614,7.144785723564716e-08
test/counting_and_probability/119.json|256,22,R128,0.0639360100030899,0.0639360100030899,0.0
test/counting_and_probability/119.json|256,22,R64,0.037983279675245285,0.037983279675245285,0.0
test/counting_and_probability/119.json|256,22,R32,0.02539178356528282,0.02539178356528282,0.0
test/counting_and_probability/119.json|256,22,R16,0.01488468423485756,0.014884686097502708,1.251383560865503e-07
test/counting_and_probability/119.json|256,22,C128,0.013572460040450096,0.013572460040450096,0.0
test/counting_and_probability/119.json|256,22,C64,0.008103976957499981,0.008103976026177406,1.1492168430560568e-07
test/counting_and_probability/119.json|256,22,C32,0.00655755028128624,0.00655755028128624,0.0
test/counting_and_probability/119.json|256,22,C16,0.003919471986591816,0.003919471986591816,0.0
test/counting_and_probability/119.json|256,24,R128,0.042470384389162064,0.042470384389162064,0.0
test/counting_and_probability/119.json|256,24,R64,0.025479519739747047,0.025479521602392197,7.310361545339907e-08
test/counting_and_probability/119.json|256,24,R32,0.015404840931296349,0.015404841862618923,6.045648393281793e-08
test/counting_and_probability/119.json|256,24,R16,0.007853332906961441,0.007853332906961441,0.0
test/counting_and_probability/119.json|256,24,C128,0.027350984513759613,0.027350984513759613,0.0
test/counting_and_probability/119.json|256,24,C64,0.023416217416524887,0.023416217416524887,0.0
test/counting_and_probability/119.json|256,24,C32,0.015395564027130604,0.015395564958453178,6.049291319079708e-08
test/counting_and_probability/119.json|256,24,C16,0.011039282195270061,0.011039282195270061,0.0
test/counting_and_probability/119.json|256,25,R128,0.05684531480073929,0.05684530735015869,1.3106764558239233e-07
test/counting_and_probability/119.json|256,25,R64,0.045561958104372025,0.045561954379081726,8.176318046818676e-08
test/counting_and_probability/119.json|256,25,R32,0.01290782168507576,0.01290782168507576,0.0
test/counting_and_probability/119.json|256,25,R16,0.005527782719582319,0.005527782719582319,0.0
test/counting_and_probability/119.json|256,25,C128,0.05120217800140381,0.05120217800140381,0.0
test/counting_and_probability/119.json|256,25,C64,0.04914296790957451,0.04914296790957451,0.0
test/counting_and_probability/119.json|256,25,C32,0.035185426473617554,0.035185426473617554,0.0
test/counting_and_probability/119.json|256,25,C16,0.032330241054296494,0.032330241054296494,0.0
test/counting_and_probability/119.json|256,26,R128,0.04175794497132301,0.041757941246032715,8.921154125927198e-08
test/counting_and_probability/119.json|256,26,R64,0.02474888786673546,0.02474888414144516,1.505235661139533e-07
test/counting_and_probability/119.json|256,26,R32,0.013438896276056767,0.013438894413411617,1.3860107028101147e-07
test/counting_and_probability/119.json|256,26,R16,0.008157388307154179,0.008157387375831604,1.1416922252099933e-07
test/counting_and_probability/119.json|256,26,C128,0.048683710396289825,0.048683714121580124,7.652025663206492e-08
test/counting_and_probability/119.json|256,26,C64,0.024987589567899704,0.024987593293190002,1.490855983848633e-07
test/counting_and_probability/119.json|256,26,C32,0.015918422490358353,0.015918422490358353,0.0
test/counting_and_probability/119.json|256,26,C16,0.00735490582883358,0.00735490582883358,0.0
test/counting_and_probability/119.json|256,28,R128,0.2804315388202667,0.2804315686225891,1.0627306524001815e-07
test/counting_and_probability/119.json|256,28,R64,0.16827458143234253,0.16827458143234253,0.0
test/counting_and_probability/119.json|256,28,R32,0.09572727233171463,0.09572727233171463,0.0
test/counting_and_probability/119.json|256,28,R16,0.0650688111782074,0.0650688111782074,0.0
test/counting_and_probability/119.json|256,28,C128,0.5404936075210571,0.5404935479164124,1.1027818001723537e-07
test/counting_and_probability/119.json|256,28,C64,0.49583899974823,0.4958389401435852,1.202096889728146e-07
test/counting_and_probability/119.json|256,28,C32,0.4372028410434723,0.4372028708457947,6.81658890527704e-08
test/counting_and_probability/119.json|256,28,C16,0.3767702877521515,0.3767703175544739,7.909944334536746e-08
test/counting_and_probability/119.json|256,29,R128,0.11741854250431061,0.11741854250431061,0.0
test/counting_and_probability/119.json|256,29,R64,0.0775277391076088,0.07752774655818939,9.610211733983009e-08
test/counting_and_probability/119.json|256,29,R32,0.044002171605825424,0.044002171605825424,0.0
test/counting_and_probability/119.json|256,29,R16,0.024251697584986687,0.024251697584986687,0.0
test/counting_and_probability/119.json|256,29,C128,0.08787310868501663,0.08787310123443604,8.478795549688963e-08
test/counting_and_probability/119.json|256,29,C64,0.0505082830786705,0.0505082868039608,7.375602171673788e-08
test/counting_and_probability/119.json|256,29,C32,0.03409084677696228,0.03409084677696228,0.0
test/counting_and_probability/119.json|256,29,C16,0.028921324759721756,0.028921324759721756,0.0
test/counting_and_probability/119.json|256,30,R128,0.5461968779563904,0.5461968779563904,0.0
test/counting_and_probability/119.json|256,30,R64,0.3629823327064514,0.36298227310180664,1.6420814235881138e-07
test/counting_and_probability/119.json|256,30,R32,0.2201189398765564,0.2201189398765564,0.0
test/counting_and_probability/119.json|256,30,R16,0.09487675130367279,0.09487675130367279,0.0
test/counting_and_probability/119.json|256,30,C128,0.14600083231925964,0.14600083231925964,0.0
test/counting_and_probability/119.json|256,30,C64,0.1199754998087883,0.1199754998087883,0.0
test/counting_and_probability/119.json|256,30,C32,0.10257396101951599,0.1025739386677742,2.1790858458646525e-07
test/counting_and_probability/119.json|256,30,C16,0.08101865649223328,0.08101866394281387,9.196128687200737e-08
test/geometry/477.json|64,0,R128,0.10699348151683807,0.10699347406625748,6.96358414555293e-08
test/geometry/477.json|64,0,R64,0.03763784095644951,0.03763784095644951,0.0
test/geometry/477.json|64,0,R32,0.022582046687602997,0.022582046687602997,0.0
test/geometry/477.json|64,0,R16,0.00625772075727582,0.00625772075727582,0.0
test/geometry/477.json|64,0,C128,0.0005316132446750998,0.0005316131864674389,1.0949250749546652e-07
test/geometry/477.json|64,0,C64,0.0006778914830647409,0.0006778915412724018,8.586574294517075e-08
test/geometry/477.json|64,0,C32,0.00011528163304319605,0.00011528164031915367,6.311462545922783e-08
test/geometry/477.json|64,0,C16,4.008846008218825e-05,4.008846008218825e-05,0.0
test/geometry/477.json|64,1,R128,0.0022126478143036366,0.00221264804713428,1.0522714800946043e-07
test/geometry/477.json|64,1,R64,0.0010545819532126188,0.0010545819532126188,0.0
test/geometry/477.json|64,1,R32,0.0005574407987296581,0.000557440856937319,1.0441943765810671e-07
test/geometry/477.json|64,1,R16,0.0001410789554938674,0.0001410789554938674,0.0
test/geometry/477.json|64,1,C128,4.59242110082414e-05,4.592420737026259e-05,7.921701725940738e-08
test/geometry/477.json|64,1,C64,2.9278169677127153e-05,2.927816785813775e-05,6.212784045202594e-08
test/geometry/477.json|64,1,C32,1.7375557945342734e-05,1.7375557945342734e-05,0.0
test/geometry/477.json|64,1,C16,1.0791604836413171e-05,1.0791604836413171e-05,0.0
test/geometry/477.json|64,2,R128,0.04240722209215164,0.04240721836686134,8.78456650032287e-08
test/geometry/477.json|64,2,R64,0.02300429716706276,0.02300429344177246,1.61938914043558e-07
test/geometry/477.json|64,2,R32,0.009909248910844326,0.009909247979521751,9.398519205959377e-08
test/geometry/477.json|64,2,R16,0.0050813849084079266,0.005081383511424065,2.749219496043882e-07
test/geometry/477.json|64,2,C128,0.00012528951629064977,0.00012528950173873454,1.1614632439488467e-07
test/geometry/477.json|64,2,C64,0.0001731178053887561,0.00017311779083684087,8.405788379094891e-08
test/geometry/477.json|64,2,C32,8.991138747660443e-05,8.991138747660443e-05,0.0
test/geometry/477.json|64,2,C16,2.692504131118767e-05,2.6925044949166477e-05,1.3511504544727933e-07
test/geometry/477.json|64,4,R128,0.02154887467622757,0.02154887653887272,8.643815587250838e-08
test/geometry/477.json|64,4,R64,0.00970093160867691,0.009700930677354336,9.600342539232203e-08
test/geometry/477.json|64,4,R32,0.003752694698050618,0.003752694698050618,0.0
test/geometry/477.json|64,4,R16,0.0014017806388437748,0.0014017807552590966,8.304816663171349e-08
test/geometry/477.json|64,4,C128,0.0003641550138127059,0.00036415504291653633,7.992153601311712e-08
test/geometry/477.json|64,4,C64,0.00027086585760116577,0.0002708658284973353,1.0744740490427944e-07
test/geometry/477.json|64,4,C32,0.0001882520446088165,0.0001882520446088165,0.0
test/geometry/477.json|64,4,C16,0.00010342334280721843,0.00010342335008317605,7.035120732388464e-08
test/geometry/477.json|64,5,R128,0.02464386448264122,0.02464386820793152,1.5116499840361026e-07
test/geometry/477.json|64,5,R64,0.010870767757296562,0.010870767757296562,0.0
test/geometry/477.json|64,5,R32,0.006655612029135227,0.006655612029135227,0.0
test/geometry/477.json|64,5,R16,0.003379449248313904,0.0033794494811445475,6.889602726244005e-08
test/geometry/477.json|64,5,C128,0.0008152675582095981,0.0008152675582095981,0.0
test/geometry/477.json|64,5,C64,0.0006539899040944874,0.0006539899040944874,0.0
test/geometry/477.json|64,5,C32,0.0003923368640244007,0.0003923368640244007,0.0
test/geometry/477.json|64,5,C16,0.0002585253678262234,0.00025852539693005383,1.1257629111012135e-07
test/geometry/477.json|64,6,R128,0.0763394683599472,0.0763394683599472,0.0
test/geometry/477.json|64,6,R64,0.039731476455926895,0.039731476455926895,0.0
test/geometry/477.json|64,6,R32,0.021179011091589928,0.021179014816880226,1.758953535136519e-07
test/geometry/477.json|64,6,R16,0.010604996234178543,0.010604996234178543,0.0
test/geometry/477.json|64,6,C128,0.0013666619779542089,0.0013666619779542089,0.0
test/geometry/477.json|64,6,C64,0.0011824050452560186,0.0011824050452560186,0.0
test/geometry/477.json|64,6,C32,0.0008667537476867437,0.0008667537476867437,0.0
test/geometry/477.json|64,6,C16,0.0004913638113066554,0.0004913637530989945,1.1846144618501994e-07
test/geometry/477.json|64,8,R128,0.12688425183296204,0.12688425183296204,0.0
test/geometry/477.json|64,8,R64,0.034326955676078796,0.034326955676078796,0.0
test/geometry/477.json|64,8,R32,0.013283574022352695,0.01328357309103012,7.011084804993119e-08
test/geometry/477.json|64,8,R16,0.008171966299414635,0.008171966299414635,0.0
test/geometry/477.json|64,8,C128,0.00702062388882041,0.007020624354481697,6.632761756355064e-08
test/geometry/477.json|64,8,C64,0.0048174504190683365,0.0048174504190683365,0.0
test/geometry/477.json|64,8,C32,0.002339040394872427,0.002339040394872427,0.0
test/geometry/477.json|64,8,C16,0.0017989145126193762,0.0017989147454500198,1.294283923756464e-07
test/geometry/477.json|64,9,R128,0.05872702598571777,0.058727022260427475,6.343400627190873e-08
test/geometry/477.json|64,9,R64,0.029557937756180763,0.029557937756180763,0.0
test/geometry/477.json|64,9,R32,0.0175176914781332,0.0175176914781332,0.0
test/geometry/477.json|64,9,R16,0.00941663421690464,0.009416635148227215,9.890184337150498e-08
test/geometry/477.json|64,9,C128,0.002668352797627449,0.002668352797627449,0.0
test/geometry/477.json|64,9,C64,0.0020053184125572443,0.0020053184125572443,0.0
test/geometry/477.json|64,9,C32,0.0014698534505441785,0.0014698535669595003,7.920198607848157e-08
test/geometry/477.json|64,9,C16,0.0009109247475862503,0.0009109246311709285,1.2779907109273373e-07
test/geometry/477.json|64,10,R128,0.1792130470275879,0.1792130470275879,0.0
test/geometry/477.json|64,10,R64,0.08135408908128738,0.08135408908128738,0.0
test/geometry/477.json|64,10,R32,0.052452366799116135,0.05245237052440643,7.102234391213053e-08
test/geometry/477.json|64,10,R16,0.023265426978468895,0.023265428841114044,8.006064112857785e-08
test/geometry/477.json|64,10,C128,0.003478170372545719,0.003478170372545719,0.0
test/geometry/477.json|64,10,C64,0.002599451458081603,0.0025994516909122467,8.956913659072131e-08
test/geometry/477.json|64,10,C32,0.0014232272515073419,0.00142322713509202,8.179672722275011e-08
test/geometry/477.json|64,10,C16,0.0009258997743017972,0.0009258997160941362,6.286605324402473e-08
test/geometry/477.json|64,12,R128,0.12206503748893738,0.12206503748893738,0.0
test/geometry/477.json|64,12,R64,0.06806745380163193,0.06806744635105133,1.0945879412588381e-07
test/geometry/477.json|64,12,R32,0.03690757602453232,0.03690757602453232,0.0
test/geometry/477.json|64,12,R16,0.015575580298900604,0.015575580298900604,0.0
test/geometry/477.json|64,12,C128,0.0031649628654122353,0.0031649628654122353,0.0
test/geometry/477.json|64,12,C64,0.0020550531335175037,0.0020550531335175037,0.0
test/geometry/477.json|64,12,C32,0.001238151453435421,0.0012381513370200992,9.402349959342775e-08
test/geometry/477.json|64,12,C16,0.000773486914113164,0.000773486914113164,0.0
test/geometry/477.json|64,13,R128,0.14927734434604645,0.14927735924720764,9.982197748468391e-08
test/geometry/477.json|64,13,R64,0.08859629929065704,0.08859629929065704,0.0
test/geometry/477.json|64,13,R32,0.047554485499858856,0.047554489225149155,7.833730020200616e-08
test/geometry/477.json|64,13,R16,0.02536954917013645,0.025369547307491302,7.34205118672938e-08
test/geometry/477.json|64,13,C128,0.004315228667110205,0.004315228201448917,1.0791116146383027e-07
test/geometry/477.json|64,13,C64,0.0034979863557964563,0.0034979865886271,6.656133112239586e-08
test/geometry/477.json|64,13,C32,0.0026284637860953808,0.0026284637860953808,0.0
test/geometry/477.json|64,13,C16,0.001836320385336876,0.001836320385336876,0.0
test/geometry/477.json|64,14,R128,0.3013313412666321,0.30133137106895447,9.890215639305829e-08
test/geometry/477.json|64,14,R64,0.18223848938941956,0.18223848938941956,0.0
test/geometry/477.json|64,14,R32,0.09695183485746384,0.09695183485746384,0.0
test/geometry/477.json|64,14,R16,0.05080646276473999,0.05080646649003029,7.33231526565541e-08
test/geometry/477.json|64,14,C128,0.0046610175631940365,0.004661017097532749,9.990550934780429e-08
test/geometry/477.json|64,14,C64,0.0036665257066488266,0.0036665257066488266,0.0
test/geometry/477.json|64,14,C32,0.0024205713998526335,0.00242057116702199,9.618830742503269e-08
test/geometry/477.json|64,14,C16,0.0015673857415094972,0.0015673859743401408,1.4854710155444814e-07
test/geometry/477.json|64,16,R128,0.18039251863956451,0.18039250373840332,8.260410430011e-08
test/geometry/477.json|64,16,R64,0.10362159460783005,0.10362159460783005,0.0
test/geometry/477.json|64,16,R32,0.05642415210604668,0.056424155831336975,6.602296912569724e-08
test/geometry/477.json|64,16,R16,0.028628144413232803,0.028628144413232803,0.0
test/geometry/477.json|64,16,C128,0.004604089539498091,0.004604089539498091,0.0
test/geometry/477.json|64,16,C64,0.003462808206677437,0.003462808206677437,0.0
test/geometry/477.json|64,16,C32,0.0023056105710566044,0.0023056105710566044,0.0
test/geometry/477.json|64,16,C16,0.0014254390262067318,0.0014254390262067318,0.0
test/geometry/477.json|64,17,R128,0.38049542903900146,0.38049542903900146,0.0
test/geometry/477.json|64,17,R64,0.2065196931362152,0.2065196931362152,0.0
test/geometry/477.json|64,17,R32,0.12211333960294724,0.12211333215236664,6.101365400107475e-08
test/geometry/477.json|64,17,R16,0.07839059829711914,0.07839059829711914,0.0
test/geometry/477.json|64,17,C128,0.015420567244291306,0.015420566312968731,6.039483606849375e-08
test/geometry/477.json|64,17,C64,0.011892775073647499,0.011892776004970074,7.83099399289083e-08
test/geometry/477.json|64,17,C32,0.007102244067937136,0.007102244067937136,0.0
test/geometry/477.json|64,17,C16,0.0036584234330803156,0.003658423898741603,1.2728467232586942e-07
test/geometry/477.json|64,18,R128,0.34020140767097473,0.34020140767097473,0.0
test/geometry/477.json|64,18,R64,0.1921384036540985,0.1921384334564209,1.5510859462846456e-07
test/geometry/477.json|64,18,R32,0.10577596724033356,0.10577596724033356,0.0
test/geometry/477.json|64,18,R16,0.04975103586912155,0.04975103959441185,7.48786423109331e-08
test/geometry/477.json|64,18,C128,0.007055900525301695,0.007055900525301695,0.0
test/geometry/477.json|64,18,C64,0.004974091425538063,0.004974090959876776,9.361736465423579e-08
test/geometry/477.json|64,18,C32,0.003645788412541151,0.003645788412541151,0.0
test/geometry/477.json|64,18,C16,0.002551539335399866,0.0025515391025692225,9.125105836245045e-08
test/geometry/477.json|64,20,R128,0.14239183068275452,0.1423918455839157,1.046489785467477e-07
test/geometry/477.json|64,20,R64,0.09033927321434021,0.09033927321434021,0.0
test/geometry/477.json|64,20,R32,0.052820414304733276,0.052820414304733276,0.0
test/geometry/477.json|64,20,R16,0.031550075858831406,0.031550075858831406,0.0
test/geometry/477.json|64,20,C128,0.03425809368491173,0.034258097410202026,1.087418911140052e-07
test/geometry/477.json|64,20,C64,0.03342840075492859,0.03342839702963829,1.1144088946435439e-07
test/geometry/477.json|64,20,C32,0.023890947923064232,0.02389094978570938,7.796446628786409e-08
test/geometry/477.json|64,20,C16,0.022649064660072327,0.022649066522717476,8.223937826666926e-08
test/geometry/477.json|64,21,R128,0.10616181045770645,0.10616180300712585,7.0181368305826e-08
test/geometry/477.json|64,21,R64,0.06708358228206635,0.06708358228206635,0.0
test/geometry/477.json|64,21,R32,0.04723624140024185,0.04723623767495155,7.886509344833992e-08
test/geometry/477.json|64,21,R16,0.02340051159262657,0.023400509729981422,7.959848612891038e-08
test/geometry/477.json|64,21,C128,0.01926836557686329,0.019268367439508438,9.666855040946879e-08
test/geometry/477.json|64,21,C64,0.012227518483996391,0.012227516621351242,1.523322524727664e-07
test/geometry/477.json|64,21,C32,0.009148087352514267,0.009148088283836842,1.0180515815082002e-07
test/geometry/477.json|64,21,C16,0.006509125232696533,0.006509126164019108,1.4307950883185017e-07
test/geometry/477.json|64,22,R128,0.1190873235464096,0.1190873235464096,0.0
test/geometry/477.json|64,22,R64,0.07110560685396194,0.07110561430454254,1.047818891615014e-07
test/geometry/477.json|64,22,R32,0.04474779963493347,0.04474779963493347,0.0
test/geometry/477.json|64,22,R16,0.023997407406568527,0.023997407406568527,0.0
test/geometry/477.json|64,22,C128,0.021359411999583244,0.021359413862228394,8.72048812368218e-08
test/geometry/477.json|64,22,C64,0.011286535300314426,0.011286535300314426,0.0
test/geometry/477.json|64,22,C32,0.0097001101821661,0.009700109250843525,9.601155517279136e-08
test/geometry/477.json|64,22,C16,0.007128353230655193,0.007128353230655193,0.0
test/geometry/477.json|64,24,R128,0.04412279650568962,0.04412280023097992,8.443005155783036e-08
test/geometry/477.json|64,24,R64,0.033218443393707275,0.03321843966841698,1.1214525232175956e-07
test/geometry/477.json|64,24,R32,0.01599746011197567,0.01599746011197567,0.0
test/geometry/477.json|64,24,R16,0.008886097930371761,0.008886097930371761,0.0
test/geometry/477.json|64,24,C128,0.014910247176885605,0.01491024624556303,6.246191774533289e-08
test/geometry/477.json|64,24,C64,0.011942906305193901,0.011942906305193901,0.0
test/geometry/477.json|64,24,C32,0.01049158163368702,0.01049158163368702,0.0
test/geometry/477.json|64,24,C16,0.010327511467039585,0.010327511467039585,0.0
test/geometry/477.json|64,25,R128,0.08246865123510361,0.08246865123510361,0.0
test/geometry/477.json|64,25,R64,0.0540342777967453,0.054034274071455,6.894309884623677e-08
test/geometry/477.json|64,25,R32,0.026269366964697838,0.02626936510205269,7.090560209293007e-08
test/geometry/477.json|64,25,R16,0.011877725832164288,0.011877724900841713,7.840917198470149e-08
test/geometry/477.json|64,25,C128,0.0958782359957695,0.0958782285451889,7.770878446439531e-08
test/geometry/477.json|64,25,C64,0.07594161480665207,0.07594161480665207,0.0
test/geometry/477.json|64,25,C32,0.06125196814537048,0.06125197559595108,1.216382087975411e-07
test/geometry/477.json|64,25,C16,0.05813705176115036,0.05813705176115036,0.0
test/geometry/477.json|64,26,R128,0.07902805507183075,0.07902805507183075,0.0
test/geometry/477.json|64,26,R64,0.05072249844670296,0.050722502171993256,7.344452932855138e-08
test/geometry/477.json|64,26,R32,0.03288012742996216,0.03288012742996216,0.0
test/geometry/477.json|64,26,R16,0.014370611868798733,0.014370610006153584,1.2961489792734936e-07
test/geometry/477.json|64,26,C128,0.03801969438791275,0.03801969438791275,0.0
test/geometry/477.json|64,26,C64,0.02970607951283455,0.02970607951283455,0.0
test/geometry/477.json|64,26,C32,0.02217349037528038,0.02217349037528038,0.0
test/geometry/477.json|64,26,C16,0.01257618609815836,0.012576187029480934,7.405444689699905e-08
test/geometry/477.json|64,28,R128,0.3287728428840637,0.3287728428840637,0.0
test/geometry/477.json|64,28,R64,0.23397214710712433,0.23397213220596313,6.368776081703028e-08
test/geometry/477.json|64,28,R32,0.153677836060524,0.153677836060524,0.0
test/geometry/477.json|64,28,R16,0.06407871097326279,0.06407871842384338,1.1627230974761864e-07
test/geometry/477.json|64,28,C128,0.4561183452606201,0.4561183750629425,6.53390085052315e-08
test/geometry/477.json|64,28,C64,0.35033905506134033,0.35033905506134033,0.0
test/geometry/477.json|64,28,C32,0.29481855034828186,0.29481855034828186,0.0
test/geometry/477.json|64,28,C16,0.2540566325187683,0.2540566325187683,0.0
test/geometry/477.json|64,29,R128,0.146520733833313,0.146520733833313,0.0
test/geometry/477.json|64,29,R64,0.09581340104341507,0.09581339359283447,7.776136840020316e-08
test/geometry/477.json|64,29,R32,0.04284662753343582,0.04284662753343582,0.0
test/geometry/477.json|64,29,R16,0.02374703623354435,0.0237470343708992,7.84369584875448e-08
test/geometry/477.json|64,29,C128,0.07153219729661942,0.07153220474720001,1.0415701044236734e-07
test/geometry/477.json|64,29,C64,0.04250321164727211,0.04250320792198181,8.764727371195954e-08
test/geometry/477.json|64,29,C32,0.028469204902648926,0.028469203040003777,6.542666988423303e-08
test/geometry/477.json|64,29,C16,0.015173831023275852,0.015173832885921001,1.2275376716692679e-07
test/geometry/477.json|64,30,R128,0.4714503288269043,0.4714503288269043,0.0
test/geometry/477.json|64,30,R64,0.3299151659011841,0.3299151659011841,0.0
test/geometry/477.json|64,30,R32,0.17296768724918365,0.17296770215034485,8.614996330823255e-08
test/geometry/477.json|64,30,R16,0.08689587563276291,0.08689587563276291,0.0
test/geometry/477.json|64,30,C128,0.1493327021598816,0.1493327021598816,0.0
test/geometry/477.json|64,30,C64,0.105580635368824,0.1055806502699852,1.4113534208779798e-07
test/geometry/477.json|64,30,C32,0.09181161224842072,0.09181160479784012,8.115075009578695e-08
test/geometry/477.json|64,30,C16,0.0739145502448082,0.0739145502448082,0.0
test/geometry/477.json|128,0,R128,0.21251416206359863,0.21251416206359863,0.0
test/geometry/477.json|128,0,R64,0.09733644872903824,0.09733644127845764,7.654461678471324e-08
test/geometry/477.json|128,0,R32,0.04541095346212387,0.04541095718741417,8.20350534124473e-08
test/geometry/477.json|128,0,R16,0.01697014644742012,0.01697014644742012,0.0
test/geometry/477.json|128,0,C128,0.00024470151402056217,0.0002447014849167317,1.1893605936924022e-07
test/geometry/477.json|128,0,C64,0.00018619719776324928,0.00018619719776324928,0.0
test/geometry/477.json|128,0,C32,0.0001735360419843346,0.0001735359983285889,2.515659336045819e-07
test/geometry/477.json|128,0,C16,0.00013637600932270288,0.00013637600932270288,0.0
test/geometry/477.json|128,1,R128,0.003064387943595648,0.003064387943595648,0.0
test/geometry/477.json|128,1,R64,0.0014608807396143675,0.0014608808560296893,7.96884436309435e-08
test/geometry/477.json|128,1,R32,0.0008032090263441205,0.0008032090845517814,7.246887760673228e-08
test/geometry/477.json|128,1,R16,0.0003162053180858493,0.00031620534718967974,9.204091778762517e-08
test/geometry/477.json|128,1,C128,6.951373507035896e-05,6.951373507035896e-05,0.0
test/geometry/477.json|128,1,C64,5.224574852036312e-05,5.2245744882384315e-05,6.963205799150681e-08
test/geometry/477.json|128,1,C32,3.2386629754910246e-05,3.238662611693144e-05,1.1232965983017756e-07
test/geometry/477.json|128,1,C16,2.3841388610890135e-05,2.3841388610890135e-05,0.0
test/geometry/477.json|128,2,R128,0.03737669065594673,0.03737669810652733,1.9933758127830315e-07
test/geometry/477.json|128,2,R64,0.020213657990098,0.020213657990098,0.0
test/geometry/477.json|128,2,R32,0.010096884332597256,0.010096883401274681,9.223861834491077e-08
test/geometry/477.json|128,2,R16,0.005923079792410135,0.005923079792410135,0.0
test/geometry/477.json|128,2,C128,0.00013942293298896402,0.00013942293298896402,0.0
test/geometry/477.json|128,2,C64,0.00013150242739357054,0.00013150242739357054,0.0
test/geometry/477.json|128,2,C32,9.285188571084291e-05,9.28518784348853e-05,7.836090834635043e-08
test/geometry/477.json|128,2,C16,4.88015721202828e-05,4.8801575758261606e-05,7.454633740857237e-08
test/geometry/477.json|128,4,R128,0.012213541194796562,0.012213541194796562,0.0
test/geometry/477.json|128,4,R64,0.00596045283600688,0.00596045283600688,0.0
test/geometry/477.json|128,4,R32,0.003048638114705682,0.003048638114705682,0.0
test/geometry/477.json|128,4,R16,0.001438275445252657,0.0014382753288373351,8.094091542271051e-08
test/geometry/477.json|128,4,C128,0.0003441382432356477,0.0003441382432356477,0.0
test/geometry/477.json|128,4,C64,0.0002621794701553881,0.0002621794701553881,0.0
test/geometry/477.json|128,4,C32,0.0001937216438818723,0.0001937216438818723,0.0
test/geometry/477.json|128,4,C16,0.00012487484491430223,0.00012487484491430223,0.0
test/geometry/477.json|128,5,R128,0.023820295929908752,0.0238202977925539,7.819571213484217e-08
test/geometry/477.json|128,5,R64,0.013853409327566624,0.013853409327566624,0.0
test/geometry/477.json|128,5,R32,0.010156785137951374,0.010156786069273949,9.169461364763774e-08
test/geometry/477.json|128,5,R16,0.002088795183226466,0.00208879541605711,1.1146646615200985e-07
test/geometry/477.json|128,5,C128,0.0011977441608905792,0.0011977441608905792,0.0
test/geometry/477.json|128,5,C64,0.0008411931339651346,0.0008411931339651346,0.0
test/geometry/477.json|128,5,C32,0.0005024605779908597,0.0005024605197831988,1.1584524257296384e-07
test/geometry/477.json|128,5,C16,0.0002797305351123214,0.0002797305060084909,1.0404238982718566e-07
test/geometry/477.json|128,6,R128,0.12768813967704773,0.12768813967704773,0.0
test/geometry/477.json|128,6,R64,0.06647452712059021,0.06647452712059021,0.0
test/geometry/477.json|128,6,R32,0.030395496636629105,0.030395492911338806,1.2256061479923105e-07
test/geometry/477.json|128,6,R16,0.01161635760217905,0.01161635760217905,0.0
test/geometry/477.json|128,6,C128,0.0017087117303162813,0.0017087117303162813,0.0
test/geometry/477.json|128,6,C64,0.0013196052750572562,0.0013196055078878999,1.7643958143982599e-07
test/geometry/477.json|128,6,C32,0.0009871268412098289,0.0009871268412098289,0.0
test/geometry/477.json|128,6,C16,0.0006409314810298383,0.0006409314810298383,0.0
test/geometry/477.json|128,8,R128,0.12310059368610382,0.12310058623552322,6.052433075020795e-08
test/geometry/477.json|128,8,R64,0.06554345041513443,0.06554345041513443,0.0
test/geometry/477.json|128,8,R32,0.042175162583589554,0.042175162583589554,0.0
test/geometry/477.json|128,8,R16,0.0174774881452322,0.01747748628258705,1.0657397288190981e-07
test/geometry/477.json|128,8,C128,0.0077966065146028996,0.007796606048941612,5.972615319087804e-08
test/geometry/477.json|128,8,C64,0.006134203169494867,0.006134203169494867,0.0
test/geometry/477.json|128,8,C32,0.003054131520912051,0.003054131520912051,0.0
test/geometry/477.json|128,8,C16,0.0016750802751630545,0.0016750801587477326,6.949835872001909e-08
test/geometry/477.json|128,9,R128,0.05941920727491379,0.059419211000204086,6.269504821237737e-08
test/geometry/477.json|128,9,R64,0.025232715532183647,0.025232715532183647,0.0
test/geometry/477.json|128,9,R32,0.013858438469469547,0.013858437538146973,6.720256681063082e-08
test/geometry/477.json|128,9,R16,0.006792997941374779,0.006792997941374779,0.0
test/geometry/477.json|128,9,C128,0.0035422896035015583,0.003542289137840271,1.3145772946705151e-07
test/geometry/477.json|128,9,C64,0.0026623865123838186,0.002662386279553175,8.745186427474132e-08
test/geometry/477.json|128,9,C32,0.0018834221409633756,0.0018834221409633756,0.0
test/geometry/477.json|128,9,C16,0.0011404936667531729,0.0011404938995838165,2.041489599678561e-07
test/geometry/477.json|128,10,R128,0.2055339217185974,0.2055339217185974,0.0
test/geometry/477.json|128,10,R64,0.1035020649433136,0.1035020723938942,7.198484459806206e-08
test/geometry/477.json|128,10,R32,0.05296926945447922,0.05296926945447922,0.0
test/geometry/477.json|128,10,R16,0.025539593771100044,0.025539599359035492,2.1879495323786888e-07
test/geometry/477.json|128,10,C128,0.0037545731756836176,0.0037545734085142612,6.201254264036124e-08
test/geometry/477.json|128,10,C64,0.002795515349134803,0.002795515349134803,0.0
test/geometry/477.json|128,10,C32,0.001973758451640606,0.001973758451640606,0.0
test/geometry/477.json|128,10,C16,0.00124411191791296,0.0012441116850823164,1.8714609488722738e-07
test/geometry/477.json|128,12,R128,0.13745440542697906,0.13745440542697906,0.0
test/geometry/477.json|128,12,R64,0.07848674803972244,0.07848676294088364,1.8985572388660466e-07
test/geometry/477.json|128,12,R32,0.03997579962015152,0.03997579962015152,0.0
test/geometry/477.json|128,12,R16,0.023659395053982735,0.023659398779273033,1.574549857779152e-07
test/geometry/477.json|128,12,C128,0.0033419192768633366,0.0033419192768633366,0.0
test/geometry/477.json|128,12,C64,0.002496243454515934,0.002496243454515934,0.0
test/geometry/477.json|128,12,C32,0.0014455965720117092,0.001445596688427031,8.053098258897962e-08
test/geometry/477.json|128,12,C16,0.0009049045038409531,0.0009049045038409531,0.0
test/geometry/477.json|128,13,R128,0.1671380251646042,0.1671380251646042,0.0
test/geometry/477.json|128,13,R64,0.08687955141067505,0.08687955141067505,0.0
test/geometry/477.json|128,13,R32,0.05216938257217407,0.05216939002275467,1.4281517559494755e-07
test/geometry/477.json|128,13,R16,0.025803877040743828,0.025803880766034126,1.443693811832047e-07
test/geometry/477.json|128,13,C128,0.004707379266619682,0.004707378335297108,1.9784315346704643e-07
test/geometry/477.json|128,13,C64,0.0035948180593550205,0.0035948180593550205,0.0
test/geometry/477.json|128,13,C32,0.002573701785877347,0.002573701785877347,0.0
test/geometry/477.json|128,13,C16,0.0017216604901477695,0.0017216602573171258,1.3523611440125533e-07
test/geometry/477.json|128,14,R128,0.4363242983818054,0.4363243579864502,1.366062739433516e-07
test/geometry/477.json|128,14,R64,0.2415679693222046,0.24156799912452698,1.2337032427962036e-07
test/geometry/477.json|128,14,R32,0.12401052564382553,0.12401052564382553,0.0
test/geometry/477.json|128,14,R16,0.06760090589523315,0.06760090589523315,0.0
test/geometry/477.json|128,14,C128,0.0039123790338635445,0.00391237810254097,2.3804513520116262e-07
test/geometry/477.json|128,14,C64,0.0033209382090717554,0.003320937743410468,1.4021981836049243e-07
test/geometry/477.json|128,14,C32,0.0022173139732331038,0.0022173139732331038,0.0
test/geometry/477.json|128,14,C16,0.0012945900671184063,0.0012945900671184063,0.0
test/geometry/477.json|128,16,R128,0.24749070405960083,0.24749070405960083,0.0
test/geometry/477.json|128,16,R64,0.1161988228559494,0.1161988228559494,0.0
test/geometry/477.json|128,16,R32,0.06930185854434967,0.06930185109376907,1.0750911381479968e-07
test/geometry/477.json|128,16,R16,0.032933492213487625,0.03293348848819733,1.1311556926876619e-07
test/geometry/477.json|128,16,C128,0.0053890664130449295,0.005389065947383642,8.640853382902214e-08
test/geometry/477.json|128,16,C64,0.003954456653445959,0.003954456653445959,0.0
test/geometry/477.json|128,16,C32,0.002620483748614788,0.002620483748614788,0.0
test/geometry/477.json|128,16,C16,0.0017562967259436846,0.0017562967259436846,0.0
test/geometry/477.json|128,17,R128,0.5028737783432007,0.5028737783432007,0.0
test/geometry/477.json|128,17,R64,0.30816972255706787,0.30816975235939026,9.670748721906645e-08
test/geometry/477.json|128,17,R32,0.16247402131557465,0.16247402131557465,0.0
test/geometry/477.json|128,17,R16,0.097061388194561,0.0970613956451416,7.676152343910794e-08
test/geometry/477.json|128,17,C128,0.020444130524992943,0.020444128662347794,9.110905042239853e-08
test/geometry/477.json|128,17,C64,0.014204001054167747,0.014204001054167747,0.0
test/geometry/477.json|128,17,C32,0.011099965311586857,0.011099965311586857,0.0
test/geometry/477.json|128,17,C16,0.005307185463607311,0.005307185463607311,0.0
test/geometry/477.json|128,18,R128,0.6578410863876343,0.6578410863876343,0.0
test/geometry/477.json|128,18,R64,0.35213419795036316,0.35213419795036316,0.0
test/geometry/477.json|128,18,R32,0.21658533811569214,0.21658532321453094,6.880041995744576e-08
test/geometry/477.json|128,18,R16,0.11214860528707504,0.11214859783649445,6.643489745382165e-08
test/geometry/477.json|128,18,C128,0.00849368516355753,0.00849368516355753,0.0
test/geometry/477.json|128,18,C64,0.0064776293002069,0.0064776293002069,0.0
test/geometry/477.json|128,18,C32,0.005153744015842676,0.005153743550181389,9.035398884001437e-08
test/geometry/477.json|128,18,C16,0.0038981889374554157,0.0038981889374554157,0.0
test/geometry/477.json|128,20,R128,0.2120477259159088,0.2120477259159088,0.0
test/geometry/477.json|128,20,R64,0.12297860532999039,0.12297862023115158,1.211687134374914e-07
test/geometry/477.json|128,20,R32,0.06383507698774338,0.06383507698774338,0.0
test/geometry/477.json|128,20,R16,0.038098808377981186,0.038098812103271484,9.777969686472849e-08
test/geometry/477.json|128,20,C128,0.03806128725409508,0.03806128725409508,0.0
test/geometry/477.json|128,20,C64,0.033442530781030655,0.033442530781030655,0.0
test/geometry/477.json|128,20,C32,0.02385752461850643,0.02385752648115158,7.807369094295878e-08
test/geometry/477.json|128,20,C16,0.015172922983765602,0.015172924846410751,1.22761113494134e-07
test/geometry/477.json|128,21,R128,0.1739313155412674,0.1739313155412674,0.0
test/geometry/477.json|128,21,R64,0.08926709741353989,0.08926709741353989,0.0
test/geometry/477.json|128,21,R32,0.04791738837957382,0.04791738837957382,0.0
test/geometry/477.json|128,21,R16,0.026202838867902756,0.026202840730547905,7.108561885766663e-08
test/geometry/477.json|128,21,C128,0.011804472655057907,0.011804473586380482,7.889573115832159e-08
test/geometry/477.json|128,21,C64,0.009505483321845531,0.009505482390522957,9.797741306070245e-08
test/geometry/477.json|128,21,C32,0.006844271905720234,0.006844271905720234,0.0
test/geometry/477.json|128,21,C16,0.004645995330065489,0.004645995330065489,0.0
test/geometry/477.json|128,22,R128,0.09947588294744492,0.09947588294744492,0.0
test/geometry/477.json|128,22,R64,0.056980982422828674,0.05698098614811897,6.537777862799438e-08
test/geometry/477.json|128,22,R32,0.03311748057603836,0.03311748057603836,0.0
test/geometry/477.json|128,22,R16,0.01984698325395584,0.01984698325395584,0.0
test/geometry/477.json|128,22,C128,0.028643768280744553,0.028643768280744553,0.0
test/geometry/477.json|128,22,C64,0.014729563146829605,0.014729563146829605,0.0
test/geometry/477.json|128,22,C32,0.01023145578801632,0.01023145578801632,0.0
test/geometry/477.json|128,22,C16,0.007462060544639826,0.0074620600789785385,6.240385125779884e-08
test/geometry/477.json|128,24,R128,0.0299878790974617,0.0299878790974617,0.0
test/geometry/477.json|128,24,R64,0.01771477609872818,0.01771477609872818,0.0
test/geometry/477.json|128,24,R32,0.009722619317471981,0.009722619317471981,0.0
test/geometry/477.json|128,24,R16,0.005225225351750851,0.005225225351750851,0.0
test/geometry/477.json|128,24,C128,0.02182510495185852,0.02182510308921337,8.534416270712549e-08
test/geometry/477.json|128,24,C64,0.014890183694660664,0.014890183694660664,0.0
test/geometry/477.json|128,24,C32,0.010902000591158867,0.010902000591158867,0.0
test/geometry/477.json|128,24,C16,0.006483812816441059,0.0064838118851184845,1.4363812383412808e-07
test/geometry/477.json|128,25,R128,0.07976923882961273,0.07976924628019333,9.340166723726964e-08
test/geometry/477.json|128,25,R64,0.050971075892448425,0.050971075892448425,0.0
test/geometry/477.json|128,25,R32,0.02859911508858204,0.02859911508858204,0.0
test/geometry/477.json|128,25,R16,0.013367265462875366,0.01336726639419794,6.967187958115708e-08
test/geometry/477.json|128,25,C128,0.09957047551870346,0.09957047551870346,0.0
test/geometry/477.json|128,25,C64,0.08570277690887451,0.08570277690887451,0.0
test/geometry/477.json|128,25,C32,0.061940014362335205,0.061940014362335205,0.0
test/geometry/477.json|128,25,C16,0.05151468515396118,0.05151468515396118,0.0
test/geometry/477.json|128,26,R128,0.08774419873952866,0.08774419873952866,0.0
test/geometry/477.json|128,26,R64,0.04875806346535683,0.04875806346535683,0.0
test/geometry/477.json|128,26,R32,0.03136850520968437,0.031368501484394073,1.187589499675813e-07
test/geometry/477.json|128,26,R16,0.018913984298706055,0.018913984298706055,0.0
test/geometry/477.json|128,26,C128,0.02951142005622387,0.02951141446828842,1.8934827585130004e-07
test/geometry/477.json|128,26,C64,0.020873840898275375,0.020873842760920525,8.923345693821745e-08
test/geometry/477.json|128,26,C32,0.017252400517463684,0.017252400517463684,0.0
test/geometry/477.json|128,26,C16,0.011597277596592903,0.011597277596592903,0.0
test/geometry/477.json|128,28,R128,0.2233584225177765,0.22335845232009888,1.3342822748812595e-07
test/geometry/477.json|128,28,R64,0.17367009818553925,0.17367011308670044,8.580152870818265e-08
test/geometry/477.json|128,28,R32,0.11163376271724701,0.1116337850689888,2.0022381017322004e-07
test/geometry/477.json|128,28,R16,0.04215514659881592,0.04215514659881592,0.0
test/geometry/477.json|128,28,C128,0.3475003242492676,0.3475003242492676,0.0
test/geometry/477.json|128,28,C64,0.29887762665748596,0.29887762665748596,0.0
test/geometry/477.json|128,28,C32,0.2477397620677948,0.247739776968956,6.014844033566219e-08
test/geometry/477.json|128,28,C16,0.21409355103969574,0.21409353613853455,6.96011727515953e-08
test/geometry/477.json|128,29,R128,0.11054374277591705,0.11054374277591705,0.0
test/geometry/477.json|128,29,R64,0.06515014916658401,0.06515014171600342,1.1436015948034866e-07
test/geometry/477.json|128,29,R32,0.04033822566270828,0.04033822566270828,0.0
test/geometry/477.json|128,29,R16,0.023806020617485046,0.023806020617485046,0.0
test/geometry/477.json|128,29,C128,0.05064116418361664,0.05064116045832634,7.356249866062944e-08
test/geometry/477.json|128,29,C64,0.036945804953575134,0.036945804953575134,0.0
test/geometry/477.json|128,29,C32,0.028505831956863403,0.028505831956863403,0.0
test/geometry/477.json|128,29,C16,0.019095763564109802,0.019095759838819504,1.950846852762433e-07
test/geometry/477.json|128,30,R128,0.5180543661117554,0.5180543661117554,0.0
test/geometry/477.json|128,30,R64,0.3274661898612976,0.32746621966362,9.100884487632911e-08
test/geometry/477.json|128,30,R32,0.18359097838401794,0.18359097838401794,0.0
test/geometry/477.json|128,30,R16,0.09897631406784058,0.09897631406784058,0.0
test/geometry/477.json|128,30,C128,0.17088177800178528,0.17088177800178528,0.0
test/geometry/477.json|128,30,C64,0.13630715012550354,0.13630716502666473,1.0932045421693962e-07
test/geometry/477.json|128,30,C32,0.12658970057964325,0.12658970057964325,0.0
test/geometry/477.json|128,30,C16,0.08301939070224762,0.08301939815282822,8.974505672901297e-08
test/geometry/477.json|256,0,R128,0.47270068526268005,0.47270071506500244,6.304691623649028e-08
test/geometry/477.json|256,0,R64,0.22984696924686432,0.22984696924686432,0.0
test/geometry/477.json|256,0,R32,0.08212889730930328,0.08212889730930328,0.0
test/geometry/477.json|256,0,R16,0.03752041235566139,0.03752041235566139,0.0
test/geometry/477.json|256,0,C128,0.0007261913851834834,0.0007261913269758224,8.015471773219158e-08
test/geometry/477.json|256,0,C64,0.0005953599466010928,0.0005953599466010928,0.0
test/geometry/477.json|256,0,C32,0.0004258319386281073,0.0004258319386281073,0.0
test/geometry/477.json|256,0,C16,0.0002172946697100997,0.0002172946697100997,0.0
test/geometry/477.json|256,1,R128,0.004236099310219288,0.004236099775880575,1.0992689309378069e-07
test/geometry/477.json|256,1,R64,0.001953189028427005,0.0019531892612576485,1.1920536742289164e-07
test/geometry/477.json|256,1,R32,0.0007435732986778021,0.0007435732986778021,0.0
test/geometry/477.json|256,1,R16,0.0005573656526394188,0.0005573657108470798,1.0443351586980544e-07
test/geometry/477.json|256,1,C128,5.9971782320644706e-05,5.9971782320644706e-05,0.0
test/geometry/477.json|256,1,C64,4.4487922423286363e-05,4.448792606126517e-05,8.177451833351963e-08
test/geometry/477.json|256,1,C32,2.345373468415346e-05,2.3453732865164056e-05,7.755649543920213e-08
test/geometry/477.json|256,1,C16,1.405181046720827e-05,1.405181046720827e-05,0.0
test/geometry/477.json|256,2,R128,0.062189675867557526,0.06218968331813812,1.1980412504578555e-07
test/geometry/477.json|256,2,R64,0.018746618181467056,0.018746618181467056,0.0
test/geometry/477.json|256,2,R32,0.009959639050066471,0.009959639050066471,0.0
test/geometry/477.json|256,2,R16,0.0034022510517388582,0.003402251284569502,6.843428780272947e-08
test/geometry/477.json|256,2,C128,0.00020392946316860616,0.0002039294777205214,7.135758557157777e-08
test/geometry/477.json|256,2,C64,0.00019391125533729792,0.0001939112407853827,7.504420627903894e-08
test/geometry/477.json|256,2,C32,0.0001736992853693664,0.0001736992853693664,0.0
test/geometry/477.json|256,2,C16,3.74439186998643e-05,3.74439186998643e-05,0.0
test/geometry/477.json|256,4,R128,0.025816146284341812,0.025816146284341812,0.0
test/geometry/477.json|256,4,R64,0.008848818950355053,0.008848819881677628,1.0524822371383414e-07
test/geometry/477.json|256,4,R32,0.003984357230365276,0.003984356764703989,1.1687238736149229e-07
test/geometry/477.json|256,4,R16,0.002294143894687295,0.0022941441275179386,1.014891090579748e-07
test/geometry/477.json|256,4,C128,0.0004405252984724939,0.0004405252984724939,0.0
test/geometry/477.json|256,4,C64,0.000343770399922505,0.0003437704290263355,8.4660656981184e-08
test/geometry/477.json|256,4,C32,0.00021301739616319537,0.00021301739616319537,0.0
test/geometry/477.json|256,4,C16,0.00011257488222327083,0.00011257489677518606,1.2926429884419942e-07
test/geometry/477.json|256,5,R128,0.01709982007741928,0.017099818214774132,1.0892777488784741e-07
test/geometry/477.json|256,5,R64,0.007600633893162012,0.0076006329618394375,1.225322389817855e-07
test/geometry/477.json|256,5,R32,0.004301754757761955,0.004301754757761955,0.0
test/geometry/477.json|256,5,R16,0.002448548562824726,0.0024485483299940825,9.508925787033294e-08
test/geometry/477.json|256,5,C128,0.0011428551515564322,0.0011428551515564322,0.0
test/geometry/477.json|256,5,C64,0.0008266059448942542,0.0008266059448942542,0.0
test/geometry/477.json|256,5,C32,0.0004614531062543392,0.0004614531062543392,0.0
test/geometry/477.json|256,5,C16,0.00030570413218811154,0.00030570413218811154,0.0
test/geometry/477.json|256,6,R128,0.08567673712968826,0.08567672967910767,8.69615428219793e-08
test/geometry/477.json|256,6,R64,0.042965274304151535,0.04296527057886124,8.67046860914694e-08
test/geometry/477.json|256,6,R32,0.026268992573022842,0.026268992573022842,0.0
test/geometry/477.json|256,6,R16,0.009829720482230186,0.009829720482230186,0.0
test/geometry/477.json|256,6,C128,0.0013207443989813328,0.0013207443989813328,0.0
test/geometry/477.json|256,6,C64,0.0009334847563877702,0.0009334847563877702,0.0
test/geometry/477.json|256,6,C32,0.0004845211224164814,0.0004845211224164814,0.0
test/geometry/477.json|256,6,C16,0.00040970375994220376,0.0004097037308383733,7.103628352649486e-08
test/geometry/477.json|256,8,R128,0.08508525788784027,0.08508526533842087,8.756604997589281e-08
test/geometry/477.json|256,8,R64,0.04199095815420151,0.04199095815420151,0.0
test/geometry/477.json|256,8,R32,0.02240980789065361,0.02240980975329876,8.31174012476235e-08
test/geometry/477.json|256,8,R16,0.012407844886183739,0.012407845817506313,7.505916725902655e-08
test/geometry/477.json|256,8,C128,0.005901364143937826,0.0059013646095991135,7.890739143136332e-08
test/geometry/477.json|256,8,C64,0.004092376213520765,0.004092375747859478,1.1378751998457531e-07
test/geometry/477.json|256,8,C32,0.0015564665663987398,0.0015564665663987398,0.0
test/geometry/477.json|256,8,C16,0.0009285720298066735,0.0009285720298066735,0.0
test/geometry/477.json|256,9,R128,0.04802156239748001,0.04802156239748001,0.0
test/geometry/477.json|256,9,R64,0.021398421376943588,0.021398421376943588,0.0
test/geometry/477.json|256,9,R32,0.012522691860795021,0.012522691860795021,0.0
test/geometry/477.json|256,9,R16,0.007815971970558167,0.007815971039235592,1.1915634920103366e-07
test/geometry/477.json|256,9,C128,0.0024746181443333626,0.0024746181443333626,0.0
test/geometry/477.json|256,9,C64,0.00202111410908401,0.00202111410908401,0.0
test/geometry/477.json|256,9,C32,0.001465148525312543,0.0014651486417278647,7.945632165360965e-08
test/geometry/477.json|256,9,C16,0.0009182552457787097,0.0009182552457787097,0.0
test/geometry/477.json|256,10,R128,0.20617279410362244,0.20617277920246124,7.227511435514225e-08
test/geometry/477.json|256,10,R64,0.10291847586631775,0.10291847586631775,0.0
test/geometry/477.json|256,10,R32,0.04365535452961922,0.04365535080432892,8.533410520680493e-08
test/geometry/477.json|256,10,R16,0.023209745064377785,0.023209741339087486,1.6050546379970438e-07
test/geometry/477.json|256,10,C128,0.0037019329611212015,0.0037019329611212015,0.0
test/geometry/477.json|256,10,C64,0.002955558942630887,0.002955558942630887,0.0
test/geometry/477.json|256,10,C32,0.0019107660045847297,0.0019107660045847297,0.0
test/geometry/477.json|256,10,C16,0.0011897572549059987,0.0011897572549059987,0.0
test/geometry/477.json|256,12,R128,0.1495848298072815,0.1495848447084427,9.961678419222242e-08
test/geometry/477.json|256,12,R64,0.07264738529920578,0.07264737784862518,1.0255814893066052e-07
test/geometry/477.json|256,12,R32,0.03271714597940445,0.03271714597940445,0.0
test/geometry/477.json|256,12,R16,0.018917659297585487,0.018917659297585487,0.0
test/geometry/477.json|256,12,C128,0.0028626227285712957,0.0028626227285712957,0.0
test/geometry/477.json|256,12,C64,0.0024124772753566504,0.0024124772753566504,0.0
test/geometry/477.json|256,12,C32,0.001400033594109118,0.0014000338269397616,1.6630358424731398e-07
test/geometry/477.json|256,12,C16,0.0008849260630086064,0.0008849261794239283,1.3155370967911186e-07
test/geometry/477.json|256,13,R128,0.1958397626876831,0.1958397626876831,0.0
test/geometry/477.json|256,13,R64,0.10894855856895447,0.10894855856895447,0.0
test/geometry/477.json|256,13,R32,0.05073773115873337,0.05073773115873337,0.0
test/geometry/477.json|256,13,R16,0.02696331962943077,0.02696331962943077,0.0
test/geometry/477.json|256,13,C128,0.005700206849724054,0.005700207781046629,1.6338396953682486e-07
test/geometry/477.json|256,13,C64,0.004245945252478123,0.004245945252478123,0.0
test/geometry/477.json|256,13,C32,0.0027156854048371315,0.0027156854048371315,0.0
test/geometry/477.json|256,13,C16,0.0017462834948673844,0.0017462836112827063,6.666461335839892e-08
test/geometry/477.json|256,14,R128,0.41717779636383057,0.41717779636383057,0.0
test/geometry/477.json|256,14,R64,0.20932559669017792,0.2093256115913391,7.118651693165772e-08
test/geometry/477.json|256,14,R32,0.09977376461029053,0.09977375715970993,7.467475224895914e-08
test/geometry/477.json|256,14,R16,0.05711819976568222,0.05711819604039192,6.522072748520109e-08
test/geometry/477.json|256,14,C128,0.004470554646104574,0.004470554646104574,0.0
test/geometry/477.json|256,14,C64,0.0032199211418628693,0.0032199209090322256,7.230942938022021e-08
test/geometry/477.json|256,14,C32,0.0025968067348003387,0.002596806501969695,8.966037453603326e-08
test/geometry/477.json|256,14,C16,0.00147220678627491,0.00147220678627491,0.0
test/geometry/477.json|256,16,R128,0.3018670976161957,0.3018670976161957,0.0
test/geometry/477.json|256,16,R64,0.15272940695285797,0.15272940695285797,0.0
test/geometry/477.json|256,16,R32,0.09150142967700958,0.09150142967700958,0.0
test/geometry/477.json|256,16,R16,0.052380725741386414,0.05238072946667671,7.111948108246048e-08
test/geometry/477.json|256,16,C128,0.006140116602182388,0.006140116602182388,0.0
test/geometry/477.json|256,16,C64,0.003988867625594139,0.003988867625594139,0.0
test/geometry/477.json|256,16,C32,0.0025268695317208767,0.0025268695317208767,0.0
test/geometry/477.json|256,16,C16,0.001673757447861135,0.001673757447861135,0.0
test/geometry/477.json|256,17,R128,0.6723918318748474,0.6723918914794922,8.86456923865506e-08
test/geometry/477.json|256,17,R64,0.413921982049942,0.41392195224761963,7.19998594561004e-08
test/geometry/477.json|256,17,R32,0.24062879383563995,0.24062880873680115,6.192592346698006e-08
test/geometry/477.json|256,17,R16,0.13983900845050812,0.13983900845050812,0.0
test/geometry/477.json|256,17,C128,0.01969601772725582,0.01969601958990097,9.456962309742263e-08
test/geometry/477.json|256,17,C64,0.013102995231747627,0.013102995231747627,0.0
test/geometry/477.json|256,17,C32,0.009367380291223526,0.009367380291223526,0.0
test/geometry/477.json|256,17,C16,0.004766913130879402,0.004766913130879402,0.0
test/geometry/477.json|256,18,R128,0.6500545740127563,0.6500545740127563,0.0
test/geometry/477.json|256,18,R64,0.3916381895542145,0.3916381597518921,7.609657446684812e-08
test/geometry/477.json|256,18,R32,0.2075757086277008,0.207575723528862,7.178662774456842e-08
test/geometry/477.json|256,18,R16,0.10330338031053543,0.10330338031053543,0.0
test/geometry/477.json|256,18,C128,0.00808580033481121,0.008085801266133785,1.151799981037141e-07
test/geometry/477.json|256,18,C64,0.006002502515912056,0.006002502515912056,0.0
test/geometry/477.json|256,18,C32,0.004783955868333578,0.004783955402672291,9.733813299143325e-08
test/geometry/477.json|256,18,C16,0.0032684344332665205,0.0032684344332665205,0.0
test/geometry/477.json|256,20,R128,0.18695484101772308,0.18695484101772308,0.0
test/geometry/477.json|256,20,R64,0.11346506327390671,0.1134650707244873,6.566408983209867e-08
test/geometry/477.json|256,20,R32,0.057911504060029984,0.057911500334739685,6.432729728749363e-08
test/geometry/477.json|256,20,R16,0.035790808498859406,0.035790808498859406,0.0
test/geometry/477.json|256,20,C128,0.043899428099393845,0.043899424374103546,8.485966163544091e-08
test/geometry/477.json|256,20,C64,0.03761657699942589,0.037616580724716187,9.903319830223585e-08
test/geometry/477.json|256,20,C32,0.024241074919700623,0.024241074919700623,0.0
test/geometry/477.json|256,20,C16,0.015379363670945168,0.015379363670945168,0.0
test/geometry/477.json|256,21,R128,0.1027921810746193,0.10279218852519989,7.248197264546817e-08
test/geometry/477.json|256,21,R64,0.06901660561561584,0.06901660561561584,0.0
test/geometry/477.json|256,21,R32,0.033659372478723526,0.033659376204013824,1.1067615382328456e-07
test/geometry/477.json|256,21,R16,0.02127639204263687,0.02127639204263687,0.0
test/geometry/477.json|256,21,C128,0.012211761437356472,0.012211761437356472,0.0
test/geometry/477.json|256,21,C64,0.00826985016465187,0.00826985016465187,0.0
test/geometry/477.json|256,21,C32,0.005518198013305664,0.005518198478966951,8.438646942444304e-08
test/geometry/477.json|256,21,C16,0.003954336047172546,0.003954335581511259,1.1775967860876748e-07
test/geometry/477.json|256,22,R128,0.12593360245227814,0.12593361735343933,1.1832552345342734e-07
test/geometry/477.json|256,22,R64,0.07359753549098969,0.07359753549098969,0.0
test/geometry/477.json|256,22,R32,0.03760793060064316,0.03760793060064316,0.0
test/geometry/477.json|256,22,R16,0.02366062067449093,0.02366061881184578,7.872343339641198e-08
test/geometry/477.json|256,22,C128,0.0270417220890522,0.0270417220890522,0.0
test/geometry/477.json|256,22,C64,0.01905822567641735,0.0190582238137722,9.773445664895614e-08
test/geometry/477.json|256,22,C32,0.013801876455545425,0.013801876455545425,0.0
test/geometry/477.json|256,22,C16,0.010395967401564121,0.010395966470241547,8.9584992140154e-08
test/geometry/477.json|256,24,R128,0.05313876271247864,0.053138766437768936,7.010494499819664e-08
test/geometry/477.json|256,24,R64,0.03276759758591652,0.03276760131120682,1.1368822096459476e-07
test/geometry/477.json|256,24,R32,0.0202791765332222,0.0202791765332222,0.0
test/geometry/477.json|256,24,R16,0.007774471305310726,0.0077744703739881516,1.1979241410600883e-07
test/geometry/477.json|256,24,C128,0.019617177546024323,0.019617177546024323,0.0
test/geometry/477.json|256,24,C64,0.017645297572016716,0.017645297572016716,0.0
test/geometry/477.json|256,24,C32,0.013237268663942814,0.013237268663942814,0.0
test/geometry/477.json|256,24,C16,0.007835226133465767,0.007835225202143192,1.1886353620593668e-07
test/geometry/477.json|256,25,R128,0.10273779183626175,0.10273779928684235,7.252034449413698e-08
test/geometry/477.json|256,25,R64,0.06803789734840393,0.06803788989782333,1.0950634430320097e-07
test/geometry/477.json|256,25,R32,0.02348833531141281,0.02348833531141281,0.0
test/geometry/477.json|256,25,R16,0.016274813562631607,0.016274813562631607,0.0
test/geometry/477.json|256,25,C128,0.15364015102386475,0.15364015102386475,0.0
test/geometry/477.json|256,25,C64,0.11937364190816879,0.11937364935874939,6.241394677036679e-08
test/geometry/477.json|256,25,C32,0.08582132309675217,0.08582131564617157,8.681503587703829e-08
test/geometry/477.json|256,25,C16,0.07157669961452484,0.07157670706510544,1.0409225154829719e-07
test/geometry/477.json|256,26,R128,0.09292025864124298,0.09292025864124298,0.0
test/geometry/477.json|256,26,R64,0.05392392724752426,0.05392392724752426,0.0
test/geometry/477.json|256,26,R32,0.04016377776861191,0.04016377776861191,0.0
test/geometry/477.json|256,26,R16,0.012760736048221588,0.012760737910866737,1.4596688389774123e-07
test/geometry/477.json|256,26,C128,0.034193653613328934,0.034193653613328934,0.0
test/geometry/477.json|256,26,C64,0.019221460446715355,0.019221464172005653,1.9380887246319446e-07
test/geometry/477.json|256,26,C32,0.016466312110424042,0.016466312110424042,0.0
test/geometry/477.json|256,26,C16,0.011480357497930527,0.011480357497930527,0.0
test/geometry/477.json|256,28,R128,0.2052488774061203,0.2052488774061203,0.0
test/geometry/477.json|256,28,R64,0.14694756269454956,0.14694756269454956,0.0
test/geometry/477.json|256,28,R32,0.08371485769748688,0.08371485769748688,0.0
test/geometry/477.json|256,28,R16,0.04095302149653435,0.040953025221824646,9.096495993135255e-08
test/geometry/477.json|256,28,C128,0.4219108819961548,0.42191082239151,1.412730880838594e-07
test/geometry/477.json|256,28,C64,0.395312637090683,0.3953126072883606,7.538925356327084e-08
test/geometry/477.json|256,28,C32,0.37313228845596313,0.37313225865364075,7.987066702608361e-08
test/geometry/477.json|256,28,C16,0.3237062096595764,0.3237062394618988,9.206594978565765e-08
test/geometry/477.json|256,29,R128,0.10819105803966522,0.10819105058908463,6.886503602920601e-08
test/geometry/477.json|256,29,R64,0.0697791650891304,0.069779172539711,1.0677370231893999e-07
test/geometry/477.json|256,29,R32,0.040703341364860535,0.040703341364860535,0.0
test/geometry/477.json|256,29,R16,0.019674470648169518,0.019674470648169518,0.0
test/geometry/477.json|256,29,C128,0.06893158704042435,0.06893157958984375,1.0808660763539931e-07
test/geometry/477.json|256,29,C64,0.06882431358098984,0.06882430613040924,1.0825507754045656e-07
test/geometry/477.json|256,29,C32,0.04873545840382576,0.04873545095324516,1.5287804772584825e-07
test/geometry/477.json|256,29,C16,0.02612646296620369,0.026126466691493988,1.425868389441337e-07
test/geometry/477.json|256,30,R128,0.4295070469379425,0.4295070767402649,6.938726740851405e-08
test/geometry/477.json|256,30,R64,0.28487318754196167,0.28487318754196167,0.0
test/geometry/477.json|256,30,R32,0.14464715123176575,0.14464715123176575,0.0
test/geometry/477.json|256,30,R16,0.06891331821680069,0.06891331821680069,0.0
test/geometry/477.json|256,30,C128,0.22878289222717285,0.22878289222717285,0.0
test/geometry/477.json|256,30,C64,0.16112160682678223,0.16112162172794342,9.248393253461682e-08
test/geometry/477.json|256,30,C32,0.12679336965084076,0.12679336965084076,0.0
test/geometry/477.json|256,30,C16,0.08263806998729706,0.08263806998729706,0.0
