pair_a,pair_b,scope,metric,value,envelope,zero_case,within
dual_baseline_11,dual_baseline_12,0,relative_l2,0.0026780006325229774,0.004978674260685888,neither_zero,True
dual_baseline_11,dual_baseline_12,0,max_abs,3.0481605790555477e-06,5.736132152378559e-06,neither_zero,True
dual_baseline_11,dual_baseline_12,0,normalized_max_abs,0.0032881583851649284,0.006192826361056871,neither_zero,True
dual_baseline_11,dual_baseline_12,0,cosine_error,2.948397448854223e-06,7.484665592194517e-06,neither_zero,True
dual_baseline_11,dual_baseline_12,0,log_norm_ratio,0.0011327048855085974,0.003777023486159615,neither_zero,True
dual_baseline_11,dual_baseline_12,1,relative_l2,0.00796092085147653,0.015952985242397376,neither_zero,True
dual_baseline_11,dual_baseline_12,1,max_abs,2.0227889763191342e-06,5.089648766443133e-06,neither_zero,True
dual_baseline_11,dual_baseline_12,1,normalized_max_abs,0.006468037735873639,0.01607678141142776,neither_zero,True
dual_baseline_11,dual_baseline_12,1,cosine_error,2.9701825711159202e-05,8.974021253427278e-05,neither_zero,True
dual_baseline_11,dual_baseline_12,1,log_norm_ratio,0.002025112861099019,0.01033148320325094,neither_zero,True
dual_baseline_11,dual_baseline_12,2,relative_l2,0.006143280004015273,0.012225730577137722,neither_zero,True
dual_baseline_11,dual_baseline_12,2,max_abs,4.757857823278755e-06,1.2831558706238866e-05,neither_zero,True
dual_baseline_11,dual_baseline_12,2,normalized_max_abs,0.006245435654940633,0.016783472499923485,neither_zero,True
dual_baseline_11,dual_baseline_12,2,cosine_error,1.7700070521042832e-05,5.026583216882763e-05,neither_zero,True
dual_baseline_11,dual_baseline_12,2,log_norm_ratio,0.0015486245121060312,0.007179148275188371,neither_zero,True
dual_baseline_11,dual_baseline_12,4,relative_l2,0.009608349383673337,0.016380810982843528,neither_zero,True
dual_baseline_11,dual_baseline_12,4,max_abs,4.852889105677605e-06,8.44575697556138e-06,neither_zero,True
dual_baseline_11,dual_baseline_12,4,normalized_max_abs,0.009217637382841962,0.016074141544438997,neither_zero,True
dual_baseline_11,dual_baseline_12,4,cosine_error,3.460884908901285e-05,0.00012285228168884554,neither_zero,True
dual_baseline_11,dual_baseline_12,4,log_norm_ratio,0.004853014997144042,0.005327457026495043,neither_zero,True
dual_baseline_11,dual_baseline_12,5,relative_l2,0.006319185677791922,0.007805855493977389,neither_zero,True
dual_baseline_11,dual_baseline_12,5,max_abs,4.87712532049045e-06,5.148136551724747e-06,neither_zero,True
dual_baseline_11,dual_baseline_12,5,normalized_max_abs,0.0084075627789907,0.008874763416404587,neither_zero,True
dual_baseline_11,dual_baseline_12,5,cosine_error,1.7784834056566723e-05,3.0427404513311274e-05,neither_zero,True
dual_baseline_11,dual_baseline_12,5,log_norm_ratio,0.002108727733679436,0.0033886982457443002,neither_zero,True
dual_baseline_11,dual_baseline_12,6,relative_l2,0.007018326220622197,0.011020743433856582,neither_zero,True
dual_baseline_11,dual_baseline_12,6,max_abs,3.254914190620184e-06,6.665099135716446e-06,neither_zero,True
dual_baseline_11,dual_baseline_12,6,normalized_max_abs,0.006788062507617284,0.013866714402593882,neither_zero,True
dual_baseline_11,dual_baseline_12,6,cosine_error,2.0577758450213146e-05,5.874252614035402e-05,neither_zero,True
dual_baseline_11,dual_baseline_12,6,log_norm_ratio,0.00287106308798639,0.0035581998671739695,neither_zero,True
dual_baseline_11,dual_baseline_12,8,relative_l2,0.005084362223040939,0.008564025905105863,neither_zero,True
dual_baseline_11,dual_baseline_12,8,max_abs,3.858993295580149e-06,5.382622475735843e-06,neither_zero,True
dual_baseline_11,dual_baseline_12,8,normalized_max_abs,0.006050002660113995,0.008432559856445568,neither_zero,True
dual_baseline_11,dual_baseline_12,8,cosine_error,1.2918106987225286e-05,3.5418715855439764e-05,neither_zero,True
dual_baseline_11,dual_baseline_12,8,log_norm_ratio,0.0001341381361353166,0.002221532760062789,neither_zero,True
dual_baseline_11,dual_baseline_12,9,relative_l2,0.0066950146471930075,0.008995061866192235,neither_zero,True
dual_baseline_11,dual_baseline_12,9,max_abs,3.246866981498897e-06,5.001929821446538e-06,neither_zero,True
dual_baseline_11,dual_baseline_12,9,normalized_max_abs,0.006042486624218173,0.009293600893578658,neither_zero,True
dual_baseline_11,dual_baseline_12,9,cosine_error,2.183526192856e-05,3.910651186989078e-05,neither_zero,True
dual_baseline_11,dual_baseline_12,9,log_norm_ratio,0.0010962953904983092,0.00368801209494457,neither_zero,True
dual_baseline_11,dual_baseline_12,10,relative_l2,0.0065285018496185395,0.008728729853908311,neither_zero,True
dual_baseline_11,dual_baseline_12,10,max_abs,2.5835961423581466e-06,3.9287988329306245e-06,neither_zero,True
dual_baseline_11,dual_baseline_12,10,normalized_max_abs,0.00685919549355482,0.010426545885027737,neither_zero,True
dual_baseline_11,dual_baseline_12,10,cosine_error,2.122965142781208e-05,3.809578182345508e-05,neither_zero,True
dual_baseline_11,dual_baseline_12,10,log_norm_ratio,0.0004244130407419941,0.002393023139042078,neither_zero,True
dual_baseline_11,dual_baseline_12,12,relative_l2,0.0066827296514025795,0.014015736108080684,neither_zero,True
dual_baseline_11,dual_baseline_12,12,max_abs,1.265416358364746e-06,2.55455233855173e-06,neither_zero,True
dual_baseline_11,dual_baseline_12,12,normalized_max_abs,0.0075061275170942516,0.015054503997840285,neither_zero,True
dual_baseline_11,dual_baseline_12,12,cosine_error,2.2329458682968095e-05,9.82239064827306e-05,neither_zero,True
dual_baseline_11,dual_baseline_12,12,log_norm_ratio,4.3703991416400654e-05,0.00207207803216622,neither_zero,True
dual_baseline_11,dual_baseline_12,13,relative_l2,0.0030316166760043614,0.007741936020715216,neither_zero,True
dual_baseline_11,dual_baseline_12,13,max_abs,8.462884579785168e-07,2.462809788994491e-06,neither_zero,True
dual_baseline_11,dual_baseline_12,13,normalized_max_abs,0.0029691483045071383,0.00864088762460369,neither_zero,True
dual_baseline_11,dual_baseline_12,13,cosine_error,4.587948441381329e-06,2.6346127260379326e-05,neither_zero,True
dual_baseline_11,dual_baseline_12,13,log_norm_ratio,0.0001263490986563673,0.0032562324122055097,neither_zero,True
dual_baseline_11,dual_baseline_12,14,relative_l2,0.00606629044960309,0.008992452874951542,neither_zero,True
dual_baseline_11,dual_baseline_12,14,max_abs,1.214084477396682e-06,1.5739624359412119e-06,neither_zero,True
dual_baseline_11,dual_baseline_12,14,normalized_max_abs,0.006812105623532252,0.008811026153125909,neither_zero,True
dual_baseline_11,dual_baseline_12,14,cosine_error,1.8217261277930774e-05,3.9775246220341565e-05,neither_zero,True
dual_baseline_11,dual_baseline_12,14,log_norm_ratio,0.0006231337256762442,0.0019330804438689592,neither_zero,True
dual_baseline_11,dual_baseline_12,16,relative_l2,0.004596211164520558,0.007620824525479025,neither_zero,True
dual_baseline_11,dual_baseline_12,16,max_abs,7.413982530124485e-07,1.3034514267928898e-06,neither_zero,True
dual_baseline_11,dual_baseline_12,16,normalized_max_abs,0.004954858885451668,0.008701614829694712,neither_zero,True
dual_baseline_11,dual_baseline_12,16,cosine_error,1.0380057889003425e-05,2.782446342897149e-05,neither_zero,True
dual_baseline_11,dual_baseline_12,16,log_norm_ratio,0.0006148446634842561,0.0031779925128892607,neither_zero,True
dual_baseline_11,dual_baseline_12,17,relative_l2,0.003483650918120053,0.005534928052167607,neither_zero,True
dual_baseline_11,dual_baseline_12,17,max_abs,4.626235750038177e-07,8.988927220343612e-07,neither_zero,True
dual_baseline_11,dual_baseline_12,17,normalized_max_abs,0.0031899709010636164,0.0061839138989365555,neither_zero,True
dual_baseline_11,dual_baseline_12,17,cosine_error,6.054949693412581e-06,1.4941669529644486e-05,neither_zero,True
dual_baseline_11,dual_baseline_12,17,log_norm_ratio,0.00016719307924055343,0.000894787458013844,neither_zero,True
dual_baseline_11,dual_baseline_12,18,relative_l2,0.0024015320073962638,0.004380488414895319,neither_zero,True
dual_baseline_11,dual_baseline_12,18,max_abs,4.504108801484108e-07,7.22138793207705e-07,neither_zero,True
dual_baseline_11,dual_baseline_12,18,normalized_max_abs,0.0031558323762789727,0.005053519444058889,neither_zero,True
dual_baseline_11,dual_baseline_12,18,cosine_error,2.7046731150282e-06,8.73060884420962e-06,neither_zero,True
dual_baseline_11,dual_baseline_12,18,log_norm_ratio,0.0006012306482243321,0.001604572549879792,neither_zero,True
dual_baseline_11,dual_baseline_12,20,relative_l2,0.0005495444472237205,0.0010616167643221583,neither_zero,True
dual_baseline_11,dual_baseline_12,20,max_abs,1.5881378203630447e-06,2.756016328930855e-06,neither_zero,True
dual_baseline_11,dual_baseline_12,20,normalized_max_abs,0.0005747510942684483,0.000997026692384795,neither_zero,True
dual_baseline_11,dual_baseline_12,20,cosine_error,5.668985347817568e-08,4.7082103937778896e-07,neither_zero,True
dual_baseline_11,dual_baseline_12,20,log_norm_ratio,0.0004344543946485318,0.0009293720826819763,neither_zero,True
dual_baseline_11,dual_baseline_12,21,relative_l2,0.0007360496089244229,0.004323186370158716,neither_zero,True
dual_baseline_11,dual_baseline_12,21,max_abs,3.5288394428789616e-08,2.935594238806516e-07,neither_zero,True
dual_baseline_11,dual_baseline_12,21,normalized_max_abs,0.0004992932683943243,0.004144121954371057,neither_zero,True
dual_baseline_11,dual_baseline_12,21,cosine_error,2.649080261818426e-07,9.249525750654186e-06,neither_zero,True
dual_baseline_11,dual_baseline_12,21,log_norm_ratio,0.00010960088320708643,0.0006183784601721593,neither_zero,True
dual_baseline_11,dual_baseline_12,22,relative_l2,0.0003980798570401921,0.005103790228521264,neither_zero,True
dual_baseline_11,dual_baseline_12,22,max_abs,1.9401340978220105e-08,3.671812009997666e-07,neither_zero,True
dual_baseline_11,dual_baseline_12,22,normalized_max_abs,0.0003922655501699033,0.007412819499277373,neither_zero,True
dual_baseline_11,dual_baseline_12,22,cosine_error,7.754377828739223e-08,1.0907933527537494e-05,neither_zero,True
dual_baseline_11,dual_baseline_12,22,log_norm_ratio,5.8217175433969084e-05,0.002265181896953036,neither_zero,True
dual_baseline_11,dual_baseline_12,24,relative_l2,0.00023380028465089082,0.0017122126083897852,neither_zero,True
dual_baseline_11,dual_baseline_12,24,max_abs,1.54304871102795e-08,1.2684176908805966e-07,neither_zero,True
dual_baseline_11,dual_baseline_12,24,normalized_max_abs,0.00023867023960207485,0.0019622126888628306,neither_zero,True
dual_baseline_11,dual_baseline_12,24,cosine_error,1.924765491434499e-08,1.4152772563891247e-06,neither_zero,True
dual_baseline_11,dual_baseline_12,24,log_norm_ratio,0.00012717787833687816,0.0003603188849832159,neither_zero,True
dual_baseline_11,dual_baseline_12,25,relative_l2,0.0001722085132767312,0.0017711344664090643,neither_zero,True
dual_baseline_11,dual_baseline_12,25,max_abs,1.791522663552314e-08,2.0056904759258032e-07,neither_zero,True
dual_baseline_11,dual_baseline_12,25,normalized_max_abs,0.00014734833145556094,0.0016485301045123593,neither_zero,True
dual_baseline_11,dual_baseline_12,25,cosine_error,1.2388725378897902e-08,8.990412087017674e-07,neither_zero,True
dual_baseline_11,dual_baseline_12,25,log_norm_ratio,6.98598035626075e-05,0.0011586506914189442,neither_zero,True
dual_baseline_11,dual_baseline_12,26,relative_l2,1.236640179731649e-05,0.00025021594891455644,neither_zero,True
dual_baseline_11,dual_baseline_12,26,max_abs,9.404175216332078e-10,1.8628270481713116e-08,neither_zero,True
dual_baseline_11,dual_baseline_12,26,normalized_max_abs,1.3375227547028801e-05,0.0002649272168026097,neither_zero,True
dual_baseline_11,dual_baseline_12,26,cosine_error,7.620426512033873e-11,2.389522768542207e-08,neither_zero,True
dual_baseline_11,dual_baseline_12,26,log_norm_ratio,7.198244004776678e-07,0.00012175872403741327,neither_zero,True
dual_baseline_11,dual_baseline_12,28,relative_l2,0.0,0.0,neither_zero,True
dual_baseline_11,dual_baseline_12,28,max_abs,0.0,0.0,neither_zero,True
dual_baseline_11,dual_baseline_12,28,normalized_max_abs,0.0,0.0,neither_zero,True
dual_baseline_11,dual_baseline_12,28,cosine_error,0.0,0.0,neither_zero,True
dual_baseline_11,dual_baseline_12,28,log_norm_ratio,0.0,0.0,neither_zero,True
dual_baseline_11,dual_baseline_12,29,relative_l2,0.0,0.0,neither_zero,True
dual_baseline_11,dual_baseline_12,29,max_abs,0.0,0.0,neither_zero,True
dual_baseline_11,dual_baseline_12,29,normalized_max_abs,0.0,0.0,neither_zero,True
dual_baseline_11,dual_baseline_12,29,cosine_error,0.0,0.0,neither_zero,True
dual_baseline_11,dual_baseline_12,29,log_norm_ratio,0.0,0.0,neither_zero,True
dual_baseline_11,dual_baseline_12,30,relative_l2,0.0,0.0,neither_zero,True
dual_baseline_11,dual_baseline_12,30,max_abs,0.0,0.0,neither_zero,True
dual_baseline_11,dual_baseline_12,30,normalized_max_abs,0.0,0.0,neither_zero,True
dual_baseline_11,dual_baseline_12,30,cosine_error,0.0,0.0,neither_zero,True
dual_baseline_11,dual_baseline_12,30,log_norm_ratio,0.0,0.0,neither_zero,True
dual_baseline_11,dual_baseline_12,global,relative_l2,0.003235572665445837,0.004635654936816087,neither_zero,True
dual_baseline_11,dual_baseline_12,global,max_abs,4.87712532049045e-06,1.2831558706238866e-05,neither_zero,True
dual_baseline_11,dual_baseline_12,global,normalized_max_abs,0.0017650439898191283,0.004643282139475585,neither_zero,True
dual_baseline_11,dual_baseline_12,global,cosine_error,5.12346082648385e-06,1.0575865077466773e-05,neither_zero,True
dual_baseline_11,dual_baseline_12,global,log_norm_ratio,0.00047644291544385493,0.0010316485953011402,neither_zero,True
dual_baseline_11,dual_baseline_13,0,relative_l2,0.0029040261128889387,0.004978674260685888,neither_zero,True
dual_baseline_11,dual_baseline_13,0,max_abs,4.27291524829343e-06,5.736132152378559e-06,neither_zero,True
dual_baseline_11,dual_baseline_13,0,normalized_max_abs,0.004609344468042569,0.006192826361056871,neither_zero,True
dual_baseline_11,dual_baseline_13,0,cosine_error,4.081531920552273e-06,7.484665592194517e-06,neither_zero,True
dual_baseline_11,dual_baseline_13,0,log_norm_ratio,0.0005241424028382193,0.003777023486159615,neither_zero,True
dual_baseline_11,dual_baseline_13,1,relative_l2,0.013355422678160265,0.015952985242397376,neither_zero,True
dual_baseline_11,dual_baseline_13,1,max_abs,4.409492248669267e-06,5.089648766443133e-06,neither_zero,True
dual_baseline_11,dual_baseline_13,1,normalized_max_abs,0.013903683936188176,0.01607678141142776,neither_zero,True
dual_baseline_11,dual_baseline_13,1,cosine_error,4.896396628917277e-05,8.974021253427278e-05,neither_zero,True
dual_baseline_11,dual_baseline_13,1,log_norm_ratio,0.009058805476725657,0.01033148320325094,neither_zero,True
dual_baseline_11,dual_baseline_13,2,relative_l2,0.008440208459502873,0.012225730577137722,neither_zero,True
dual_baseline_11,dual_baseline_13,2,max_abs,7.037015166133642e-06,1.2831558706238866e-05,neither_zero,True
dual_baseline_11,dual_baseline_13,2,normalized_max_abs,0.009199215850455501,0.016783472499923485,neither_zero,True
dual_baseline_11,dual_baseline_13,2,cosine_error,1.9246790820881543e-05,5.026583216882763e-05,neither_zero,True
dual_baseline_11,dual_baseline_13,2,log_norm_ratio,0.00575802167932372,0.007179148275188371,neither_zero,True
dual_baseline_11,dual_baseline_13,4,relative_l2,0.01096287396285145,0.016380810982843528,neither_zero,True
dual_baseline_11,dual_baseline_13,4,max_abs,6.413640221580863e-06,8.44575697556138e-06,neither_zero,True
dual_baseline_11,dual_baseline_13,4,normalized_max_abs,0.012243465912405474,0.016074141544438997,neither_zero,True
dual_baseline_11,dual_baseline_13,4,cosine_error,6.006529023028229e-05,0.00012285228168884554,neither_zero,True
dual_baseline_11,dual_baseline_13,4,log_norm_ratio,0.00030017887530007305,0.005327457026495043,neither_zero,True
dual_baseline_11,dual_baseline_13,5,relative_l2,0.006929068407594277,0.007805855493977389,neither_zero,True
dual_baseline_11,dual_baseline_13,5,max_abs,4.6362983994185925e-06,5.148136551724747e-06,neither_zero,True
dual_baseline_11,dual_baseline_13,5,normalized_max_abs,0.007966067080543577,0.008874763416404587,neither_zero,True
dual_baseline_11,dual_baseline_13,5,cosine_error,1.8070769892575278e-05,3.0427404513311274e-05,neither_zero,True
dual_baseline_11,dual_baseline_13,5,log_norm_ratio,0.0034694816833910373,0.0033886982457443002,neither_zero,False
dual_baseline_11,dual_baseline_13,6,relative_l2,0.009649642835224606,0.011020743433856582,neither_zero,True
dual_baseline_11,dual_baseline_13,6,max_abs,5.21469337400049e-06,6.665099135716446e-06,neither_zero,True
dual_baseline_11,dual_baseline_13,6,normalized_max_abs,0.010889290486381481,0.013866714402593882,neither_zero,True
dual_baseline_11,dual_baseline_13,6,cosine_error,4.3572180165485364e-05,5.874252614035402e-05,neither_zero,True
dual_baseline_11,dual_baseline_13,6,log_norm_ratio,0.0024906731841947884,0.0035581998671739695,neither_zero,True
dual_baseline_11,dual_baseline_13,8,relative_l2,0.005367719005648646,0.008564025905105863,neither_zero,True
dual_baseline_11,dual_baseline_13,8,max_abs,3.1361414585262537e-06,5.382622475735843e-06,neither_zero,True
dual_baseline_11,dual_baseline_13,8,normalized_max_abs,0.0049090873307944104,0.008432559856445568,neither_zero,True
dual_baseline_11,dual_baseline_13,8,cosine_error,1.4398262795145556e-05,3.5418715855439764e-05,neither_zero,True
dual_baseline_11,dual_baseline_13,8,log_norm_ratio,0.00014125082068617092,0.002221532760062789,neither_zero,True
dual_baseline_11,dual_baseline_13,9,relative_l2,0.007800239436131834,0.008995061866192235,neither_zero,True
dual_baseline_11,dual_baseline_13,9,max_abs,4.101505965081742e-06,5.001929821446538e-06,neither_zero,True
dual_baseline_11,dual_baseline_13,9,normalized_max_abs,0.007632987453559435,0.009293600893578658,neither_zero,True
dual_baseline_11,dual_baseline_13,9,cosine_error,3.0421744856790056e-05,3.910651186989078e-05,neither_zero,True
dual_baseline_11,dual_baseline_13,9,log_norm_ratio,6.464413181504235e-05,0.00368801209494457,neither_zero,True
dual_baseline_11,dual_baseline_13,10,relative_l2,0.007601948070550255,0.008728729853908311,neither_zero,True
dual_baseline_11,dual_baseline_13,10,max_abs,2.800377842504531e-06,3.9287988329306245e-06,neither_zero,True
dual_baseline_11,dual_baseline_13,10,normalized_max_abs,0.00743472974070385,0.010426545885027737,neither_zero,True
dual_baseline_11,dual_baseline_13,10,cosine_error,2.8401204414607584e-05,3.809578182345508e-05,neither_zero,True
dual_baseline_11,dual_baseline_13,10,log_norm_ratio,0.0010229122606542883,0.002393023139042078,neither_zero,True
dual_baseline_11,dual_baseline_13,12,relative_l2,0.008837732965326039,0.014015736108080684,neither_zero,True
dual_baseline_11,dual_baseline_13,12,max_abs,1.4874658518237993e-06,2.55455233855173e-06,neither_zero,True
dual_baseline_11,dual_baseline_13,12,normalized_max_abs,0.008809120775108434,0.015054503997840285,neither_zero,True
dual_baseline_11,dual_baseline_13,12,cosine_error,3.890444614773614e-05,9.82239064827306e-05,neither_zero,True
dual_baseline_11,dual_baseline_13,12,log_norm_ratio,0.0005851023459446262,0.00207207803216622,neither_zero,True
dual_baseline_11,dual_baseline_13,13,relative_l2,0.0042331741738620785,0.007741936020715216,neither_zero,True
dual_baseline_11,dual_baseline_13,13,max_abs,1.1461488611530513e-06,2.462809788994491e-06,neither_zero,True
dual_baseline_11,dual_baseline_13,13,normalized_max_abs,0.004024238497190489,0.00864088762460369,neither_zero,True
dual_baseline_11,dual_baseline_13,13,cosine_error,8.944831074830795e-06,2.6346127260379326e-05,neither_zero,True
dual_baseline_11,dual_baseline_13,13,log_norm_ratio,0.00018268959360352876,0.0032562324122055097,neither_zero,True
dual_baseline_11,dual_baseline_13,14,relative_l2,0.005942543691997908,0.008992452874951542,neither_zero,True
dual_baseline_11,dual_baseline_13,14,max_abs,1.2592554412549362e-06,1.5739624359412119e-06,neither_zero,True
dual_baseline_11,dual_baseline_13,14,normalized_max_abs,0.007058037723125314,0.008811026153125909,neither_zero,True
dual_baseline_11,dual_baseline_13,14,cosine_error,1.7328013209194637e-05,3.9775246220341565e-05,neither_zero,True
dual_baseline_11,dual_baseline_13,14,log_norm_ratio,0.000828904699552357,0.0019330804438689592,neither_zero,True
dual_baseline_11,dual_baseline_13,16,relative_l2,0.004925671622098187,0.007620824525479025,neither_zero,True
dual_baseline_11,dual_baseline_13,16,max_abs,7.452763384208083e-07,1.3034514267928898e-06,neither_zero,True
dual_baseline_11,dual_baseline_13,16,normalized_max_abs,0.004967025988461448,0.008701614829694712,neither_zero,True
dual_baseline_11,dual_baseline_13,16,cosine_error,1.211595783379149e-05,2.782446342897149e-05,neither_zero,True
dual_baseline_11,dual_baseline_13,16,log_norm_ratio,0.00018669585141829276,0.0031779925128892607,neither_zero,True
dual_baseline_11,dual_baseline_13,17,relative_l2,0.004169224292253718,0.005534928052167607,neither_zero,True
dual_baseline_11,dual_baseline_13,17,max_abs,5.294477887218818e-07,8.988927220343612e-07,neither_zero,True
dual_baseline_11,dual_baseline_13,17,normalized_max_abs,0.0036476389793974637,0.0061839138989365555,neither_zero,True
dual_baseline_11,dual_baseline_13,17,cosine_error,8.648914845421629e-06,1.4941669529644486e-05,neither_zero,True
dual_baseline_11,dual_baseline_13,17,log_norm_ratio,0.0002996857568601111,0.000894787458013844,neither_zero,True
dual_baseline_11,dual_baseline_13,18,relative_l2,0.002790002326564068,0.004380488414895319,neither_zero,True
dual_baseline_11,dual_baseline_13,18,max_abs,5.184556357562542e-07,7.22138793207705e-07,neither_zero,True
dual_baseline_11,dual_baseline_13,18,normalized_max_abs,0.003629784034574029,0.005053519444058889,neither_zero,True
dual_baseline_11,dual_baseline_13,18,cosine_error,3.8874692588342086e-06,8.73060884420962e-06,neither_zero,True
dual_baseline_11,dual_baseline_13,18,log_norm_ratio,9.975471241929288e-05,0.001604572549879792,neither_zero,True
dual_baseline_11,dual_baseline_13,20,relative_l2,0.0006278689947673744,0.0010616167643221583,neither_zero,True
dual_baseline_11,dual_baseline_13,20,max_abs,1.5005352906882763e-06,2.756016328930855e-06,neither_zero,True
dual_baseline_11,dual_baseline_13,20,normalized_max_abs,0.0005432205843493301,0.000997026692384795,neither_zero,True
dual_baseline_11,dual_baseline_13,20,cosine_error,1.506221958269549e-07,4.7082103937778896e-07,neither_zero,True
dual_baseline_11,dual_baseline_13,20,log_norm_ratio,0.000305115355012541,0.0009293720826819763,neither_zero,True
dual_baseline_11,dual_baseline_13,21,relative_l2,0.0031526181207919926,0.004323186370158716,neither_zero,True
dual_baseline_11,dual_baseline_13,21,max_abs,1.698783762549283e-07,2.935594238806516e-07,neither_zero,True
dual_baseline_11,dual_baseline_13,21,normalized_max_abs,0.0023995676742363113,0.004144121954371057,neither_zero,True
dual_baseline_11,dual_baseline_13,21,cosine_error,4.957842958730474e-06,9.249525750654186e-06,neither_zero,True
dual_baseline_11,dual_baseline_13,21,log_norm_ratio,0.00015774356567603852,0.0006183784601721593,neither_zero,True
dual_baseline_11,dual_baseline_13,22,relative_l2,0.004717629791818326,0.005103790228521264,neither_zero,True
dual_baseline_11,dual_baseline_13,22,max_abs,3.363093128427863e-07,3.671812009997666e-07,neither_zero,True
dual_baseline_11,dual_baseline_13,22,normalized_max_abs,0.006788615095055959,0.007412819499277373,neither_zero,True
dual_baseline_11,dual_baseline_13,22,cosine_error,8.968100544071156e-06,1.0907933527537494e-05,neither_zero,True
dual_baseline_11,dual_baseline_13,22,log_norm_ratio,0.00208958913376971,0.002265181896953036,neither_zero,True
dual_baseline_11,dual_baseline_13,24,relative_l2,0.001569955236523161,0.0017122126083897852,neither_zero,True
dual_baseline_11,dual_baseline_13,24,max_abs,9.931864042300731e-08,1.2684176908805966e-07,neither_zero,True
dual_baseline_11,dual_baseline_13,24,normalized_max_abs,0.0015362057942370493,0.0019622126888628306,neither_zero,True
dual_baseline_11,dual_baseline_13,24,cosine_error,1.225218469680378e-06,1.4152772563891247e-06,neither_zero,True
dual_baseline_11,dual_baseline_13,24,log_norm_ratio,0.00012091545651506839,0.0003603188849832159,neither_zero,True
dual_baseline_11,dual_baseline_13,25,relative_l2,0.0007253074852924495,0.0017711344664090643,neither_zero,True
dual_baseline_11,dual_baseline_13,25,max_abs,8.205824997276068e-08,2.0056904759258032e-07,neither_zero,True
dual_baseline_11,dual_baseline_13,25,normalized_max_abs,0.0006748697428990424,0.0016485301045123593,neither_zero,True
dual_baseline_11,dual_baseline_13,25,cosine_error,2.5136237946643547e-07,8.990412087017674e-07,neither_zero,True
dual_baseline_11,dual_baseline_13,25,log_norm_ratio,0.0001530578771933131,0.0011586506914189442,neither_zero,True
dual_baseline_11,dual_baseline_13,26,relative_l2,6.580468511836958e-05,0.00025021594891455644,neither_zero,True
dual_baseline_11,dual_baseline_13,26,max_abs,4.079993232153356e-09,1.8628270481713116e-08,neither_zero,True
dual_baseline_11,dual_baseline_13,26,normalized_max_abs,5.802878269015124e-05,0.0002649272168026097,neither_zero,True
dual_baseline_11,dual_baseline_13,26,cosine_error,2.1114220372098202e-09,2.389522768542207e-08,neither_zero,True
dual_baseline_11,dual_baseline_13,26,log_norm_ratio,1.0366057206086555e-05,0.00012175872403741327,neither_zero,True
dual_baseline_11,dual_baseline_13,28,relative_l2,0.0,0.0,neither_zero,True
dual_baseline_11,dual_baseline_13,28,max_abs,0.0,0.0,neither_zero,True
dual_baseline_11,dual_baseline_13,28,normalized_max_abs,0.0,0.0,neither_zero,True
dual_baseline_11,dual_baseline_13,28,cosine_error,0.0,0.0,neither_zero,True
dual_baseline_11,dual_baseline_13,28,log_norm_ratio,0.0,0.0,neither_zero,True
dual_baseline_11,dual_baseline_13,29,relative_l2,0.0,0.0,neither_zero,True
dual_baseline_11,dual_baseline_13,29,max_abs,0.0,0.0,neither_zero,True
dual_baseline_11,dual_baseline_13,29,normalized_max_abs,0.0,0.0,neither_zero,True
dual_baseline_11,dual_baseline_13,29,cosine_error,0.0,0.0,neither_zero,True
dual_baseline_11,dual_baseline_13,29,log_norm_ratio,0.0,0.0,neither_zero,True
dual_baseline_11,dual_baseline_13,30,relative_l2,0.0,0.0,neither_zero,True
dual_baseline_11,dual_baseline_13,30,max_abs,0.0,0.0,neither_zero,True
dual_baseline_11,dual_baseline_13,30,normalized_max_abs,0.0,0.0,neither_zero,True
dual_baseline_11,dual_baseline_13,30,cosine_error,0.0,0.0,neither_zero,True
dual_baseline_11,dual_baseline_13,30,log_norm_ratio,0.0,0.0,neither_zero,True
dual_baseline_11,dual_baseline_13,global,relative_l2,0.0039747129611013045,0.004635654936816087,neither_zero,True
dual_baseline_11,dual_baseline_13,global,max_abs,7.037015166133642e-06,1.2831558706238866e-05,neither_zero,True
dual_baseline_11,dual_baseline_13,global,normalized_max_abs,0.002547525216063938,0.004643282139475585,neither_zero,True
dual_baseline_11,dual_baseline_13,global,cosine_error,7.65379169820335e-06,1.0575865077466773e-05,neither_zero,True
dual_baseline_11,dual_baseline_13,global,log_norm_ratio,0.000708488971796733,0.0010316485953011402,neither_zero,True
dual_baseline_11,dual_baseline_14,0,relative_l2,0.002623307440760558,0.004978674260685888,neither_zero,True
dual_baseline_11,dual_baseline_14,0,max_abs,3.0368100851774216e-06,5.736132152378559e-06,neither_zero,True
dual_baseline_11,dual_baseline_14,0,normalized_max_abs,0.003269311509515544,0.006192826361056871,neither_zero,True
dual_baseline_11,dual_baseline_14,0,cosine_error,2.553270887717396e-06,7.484665592194517e-06,neither_zero,True
dual_baseline_11,dual_baseline_14,0,log_norm_ratio,0.0013358138920072757,0.003777023486159615,neither_zero,True
dual_baseline_11,dual_baseline_14,1,relative_l2,0.007115564197419186,0.015952985242397376,neither_zero,True
dual_baseline_11,dual_baseline_14,1,max_abs,1.893145963549614e-06,5.089648766443133e-06,neither_zero,True
dual_baseline_11,dual_baseline_14,1,normalized_max_abs,0.006053493308055228,0.01607678141142776,neither_zero,True
dual_baseline_11,dual_baseline_14,1,cosine_error,2.4614784179255444e-05,8.974021253427278e-05,neither_zero,True
dual_baseline_11,dual_baseline_14,1,log_norm_ratio,0.0012095298132067047,0.01033148320325094,neither_zero,True
dual_baseline_11,dual_baseline_14,2,relative_l2,0.00512077474416822,0.012225730577137722,neither_zero,True
dual_baseline_11,dual_baseline_14,2,max_abs,4.45653495262377e-06,1.2831558706238866e-05,neither_zero,True
dual_baseline_11,dual_baseline_14,2,normalized_max_abs,0.005848580665145753,0.016783472499923485,neither_zero,True
dual_baseline_11,dual_baseline_14,2,cosine_error,1.3108168316122715e-05,5.026583216882763e-05,neither_zero,True
dual_baseline_11,dual_baseline_14,2,log_norm_ratio,9.165643373095101e-05,0.007179148275188371,neither_zero,True
dual_baseline_11,dual_baseline_14,4,relative_l2,0.006625852222933004,0.016380810982843528,neither_zero,True
dual_baseline_11,dual_baseline_14,4,max_abs,3.885579644702375e-06,8.44575697556138e-06,neither_zero,True
dual_baseline_11,dual_baseline_14,4,normalized_max_abs,0.007411372459110674,0.016074141544438997,neither_zero,True
dual_baseline_11,dual_baseline_14,4,cosine_error,2.1384602737817282e-05,0.00012285228168884554,neither_zero,True
dual_baseline_11,dual_baseline_14,4,log_norm_ratio,0.001086478953632843,0.005327457026495043,neither_zero,True
dual_baseline_11,dual_baseline_14,5,relative_l2,0.004597818121521103,0.007805855493977389,neither_zero,True
dual_baseline_11,dual_baseline_14,5,max_abs,2.6116467779502273e-06,5.148136551724747e-06,neither_zero,True
dual_baseline_11,dual_baseline_14,5,normalized_max_abs,0.004514070682603568,0.008874763416404587,neither_zero,True
dual_baseline_11,dual_baseline_14,5,cosine_error,1.0540186442975497e-05,3.0427404513311274e-05,neither_zero,True
dual_baseline_11,dual_baseline_14,5,log_norm_ratio,0.0002548464478525026,0.0033886982457443002,neither_zero,True
dual_baseline_11,dual_baseline_14,6,relative_l2,0.008207829476453054,0.011020743433856582,neither_zero,True
dual_baseline_11,dual_baseline_14,6,max_abs,4.747558705275878e-06,6.665099135716446e-06,neither_zero,True
dual_baseline_11,dual_baseline_14,6,normalized_max_abs,0.009912309490582555,0.013866714402593882,neither_zero,True
dual_baseline_11,dual_baseline_14,6,cosine_error,3.3523511386523985e-05,5.874252614035402e-05,neither_zero,True
dual_baseline_11,dual_baseline_14,6,log_norm_ratio,0.0006016532028271447,0.0035581998671739695,neither_zero,True
dual_baseline_11,dual_baseline_14,8,relative_l2,0.006553278939904174,0.008564025905105863,neither_zero,True
dual_baseline_11,dual_baseline_14,8,max_abs,3.9892111090011895e-06,5.382622475735843e-06,neither_zero,True
dual_baseline_11,dual_baseline_14,8,normalized_max_abs,0.006254969540232193,0.008432559856445568,neither_zero,True
dual_baseline_11,dual_baseline_14,8,cosine_error,1.9628217033940132e-05,3.5418715855439764e-05,neither_zero,True
dual_baseline_11,dual_baseline_14,8,log_norm_ratio,0.0019422985298023436,0.002221532760062789,neither_zero,True
dual_baseline_11,dual_baseline_14,9,relative_l2,0.006865348556394094,0.008995061866192235,neither_zero,True
dual_baseline_11,dual_baseline_14,9,max_abs,3.2259449653793126e-06,5.001929821446538e-06,neither_zero,True
dual_baseline_11,dual_baseline_14,9,normalized_max_abs,0.0060035503193819634,0.009293600893578658,neither_zero,True
dual_baseline_11,dual_baseline_14,9,cosine_error,2.2997061990825962e-05,3.910651186989078e-05,neither_zero,True
dual_baseline_11,dual_baseline_14,9,log_norm_ratio,0.0010910261728191064,0.00368801209494457,neither_zero,True
dual_baseline_11,dual_baseline_14,10,relative_l2,0.0068695666067822,0.008728729853908311,neither_zero,True
dual_baseline_11,dual_baseline_14,10,max_abs,2.197110006818548e-06,3.9287988329306245e-06,neither_zero,True
dual_baseline_11,dual_baseline_14,10,normalized_max_abs,0.00583311254051442,0.010426545885027737,neither_zero,True
dual_baseline_11,dual_baseline_14,10,cosine_error,2.3440996240520207e-05,3.809578182345508e-05,neither_zero,True
dual_baseline_11,dual_baseline_14,10,log_norm_ratio,0.0005799384920580862,0.002393023139042078,neither_zero,True
dual_baseline_11,dual_baseline_14,12,relative_l2,0.009390943776322455,0.014015736108080684,neither_zero,True
dual_baseline_11,dual_baseline_14,12,max_abs,1.5486511983908713e-06,2.55455233855173e-06,neither_zero,True
dual_baseline_11,dual_baseline_14,12,normalized_max_abs,0.009166944818304172,0.015054503997840285,neither_zero,True
dual_baseline_11,dual_baseline_14,12,cosine_error,4.379967956658071e-05,9.82239064827306e-05,neither_zero,True
dual_baseline_11,dual_baseline_14,12,log_norm_ratio,0.000813795769043692,0.00207207803216622,neither_zero,True
dual_baseline_11,dual_baseline_14,13,relative_l2,0.003778717251958184,0.007741936020715216,neither_zero,True
dual_baseline_11,dual_baseline_14,13,max_abs,1.0909220691246446e-06,2.462809788994491e-06,neither_zero,True
dual_baseline_11,dual_baseline_14,13,normalized_max_abs,0.003827884074143138,0.00864088762460369,neither_zero,True
dual_baseline_11,dual_baseline_14,13,cosine_error,7.139184958204758e-06,2.6346127260379326e-05,neither_zero,True
dual_baseline_11,dual_baseline_14,13,log_norm_ratio,2.676399774944328e-05,0.0032562324122055097,neither_zero,True
dual_baseline_11,dual_baseline_14,14,relative_l2,0.005651922758767867,0.008992452874951542,neither_zero,True
dual_baseline_11,dual_baseline_14,14,max_abs,1.0185431165155023e-06,1.5739624359412119e-06,neither_zero,True
dual_baseline_11,dual_baseline_14,14,normalized_max_abs,0.0057119290417138625,0.008811026153125909,neither_zero,True
dual_baseline_11,dual_baseline_14,14,cosine_error,1.5758663786780147e-05,3.9775246220341565e-05,neither_zero,True
dual_baseline_11,dual_baseline_14,14,log_norm_ratio,0.0006695511451662288,0.0019330804438689592,neither_zero,True
dual_baseline_11,dual_baseline_14,16,relative_l2,0.004111174746359702,0.007620824525479025,neither_zero,True
dual_baseline_11,dual_baseline_14,16,max_abs,5.568181222770363e-07,1.3034514267928898e-06,neither_zero,True
dual_baseline_11,dual_baseline_14,16,normalized_max_abs,0.0037212863795331366,0.008701614829694712,neither_zero,True
dual_baseline_11,dual_baseline_14,16,cosine_error,8.394787104681889e-06,2.782446342897149e-05,neither_zero,True
dual_baseline_11,dual_baseline_14,16,log_norm_ratio,0.0003434971381206037,0.0031779925128892607,neither_zero,True
dual_baseline_11,dual_baseline_14,17,relative_l2,0.0045971906839163195,0.005534928052167607,neither_zero,True
dual_baseline_11,dual_baseline_14,17,max_abs,7.097696652635932e-07,8.988927220343612e-07,neither_zero,True
dual_baseline_11,dual_baseline_14,17,normalized_max_abs,0.004888769591662701,0.0061839138989365555,neither_zero,True
dual_baseline_11,dual_baseline_14,17,cosine_error,1.0358162623291811e-05,1.4941669529644486e-05,neither_zero,True
dual_baseline_11,dual_baseline_14,17,log_norm_ratio,0.0006570600402056436,0.000894787458013844,neither_zero,True
dual_baseline_11,dual_baseline_14,18,relative_l2,0.002673492887569633,0.004380488414895319,neither_zero,True
dual_baseline_11,dual_baseline_14,18,max_abs,4.09840140491724e-07,7.22138793207705e-07,neither_zero,True
dual_baseline_11,dual_baseline_14,18,normalized_max_abs,0.002869189061873791,0.005053519444058889,neither_zero,True
dual_baseline_11,dual_baseline_14,18,cosine_error,3.4387621291598336e-06,8.73060884420962e-06,neither_zero,True
dual_baseline_11,dual_baseline_14,18,log_norm_ratio,0.0005232406981364885,0.001604572549879792,neither_zero,True
dual_baseline_11,dual_baseline_14,20,relative_l2,0.00038156039557010177,0.0010616167643221583,neither_zero,True
dual_baseline_11,dual_baseline_14,20,max_abs,9.383074939250946e-07,2.756016328930855e-06,neither_zero,True
dual_baseline_11,dual_baseline_14,20,normalized_max_abs,0.0003397117086740285,0.000997026692384795,neither_zero,True
dual_baseline_11,dual_baseline_14,20,cosine_error,5.879515885265363e-08,4.7082103937778896e-07,neither_zero,True
dual_baseline_11,dual_baseline_14,20,log_norm_ratio,0.00016739889120264583,0.0009293720826819763,neither_zero,True
dual_baseline_11,dual_baseline_14,21,relative_l2,0.0037392778669840345,0.004323186370158716,neither_zero,True
dual_baseline_11,dual_baseline_14,21,max_abs,2.3947859517647885e-07,2.935594238806516e-07,neither_zero,True
dual_baseline_11,dual_baseline_14,21,normalized_max_abs,0.003383675415330208,0.004144121954371057,neither_zero,True
dual_baseline_11,dual_baseline_14,21,cosine_error,6.990949910523625e-06,9.249525750654186e-06,neither_zero,True
dual_baseline_11,dual_baseline_14,21,log_norm_ratio,2.564649079767175e-05,0.0006183784601721593,neither_zero,True
dual_baseline_11,dual_baseline_14,22,relative_l2,0.004561623011657071,0.005103790228521264,neither_zero,True
dual_baseline_11,dual_baseline_14,22,max_abs,2.783981472020969e-07,3.671812009997666e-07,neither_zero,True
dual_baseline_11,dual_baseline_14,22,normalized_max_abs,0.005621492421006886,0.007412819499277373,neither_zero,True
dual_baseline_11,dual_baseline_14,22,cosine_error,8.28861017632132e-06,1.0907933527537494e-05,neither_zero,True
dual_baseline_11,dual_baseline_14,22,log_norm_ratio,0.002067425194646064,0.002265181896953036,neither_zero,True
dual_baseline_11,dual_baseline_14,24,relative_l2,0.0008378254435871087,0.0017122126083897852,neither_zero,True
dual_baseline_11,dual_baseline_14,24,max_abs,5.189758667256683e-08,1.2684176908805966e-07,neither_zero,True
dual_baseline_11,dual_baseline_14,24,normalized_max_abs,0.0008026762815643565,0.0019622126888628306,neither_zero,True
dual_baseline_11,dual_baseline_14,24,cosine_error,3.473471946735529e-07,1.4152772563891247e-06,neither_zero,True
dual_baseline_11,dual_baseline_14,24,log_norm_ratio,8.554022641670415e-05,0.0003603188849832159,neither_zero,True
dual_baseline_11,dual_baseline_14,25,relative_l2,0.0004601928169529747,0.0017711344664090643,neither_zero,True
dual_baseline_11,dual_baseline_14,25,max_abs,5.0342350732535124e-08,2.0056904759258032e-07,neither_zero,True
dual_baseline_11,dual_baseline_14,25,normalized_max_abs,0.0004139907451318841,0.0016485301045123593,neither_zero,True
dual_baseline_11,dual_baseline_14,25,cosine_error,1.0085742629950545e-07,8.990412087017674e-07,neither_zero,True
dual_baseline_11,dual_baseline_14,25,log_norm_ratio,0.00010041833724383954,0.0011586506914189442,neither_zero,True
dual_baseline_11,dual_baseline_14,26,relative_l2,9.17845806752738e-05,0.00025021594891455644,neither_zero,True
dual_baseline_11,dual_baseline_14,26,max_abs,6.042682798579335e-09,1.8628270481713116e-08,neither_zero,True
dual_baseline_11,dual_baseline_14,26,normalized_max_abs,8.59380958042652e-05,0.0002649272168026097,neither_zero,True
dual_baseline_11,dual_baseline_14,26,cosine_error,4.016914911808556e-09,2.389522768542207e-08,neither_zero,True
dual_baseline_11,dual_baseline_14,26,log_norm_ratio,1.976726526491753e-05,0.00012175872403741327,neither_zero,True
dual_baseline_11,dual_baseline_14,28,relative_l2,0.0,0.0,neither_zero,True
dual_baseline_11,dual_baseline_14,28,max_abs,0.0,0.0,neither_zero,True
dual_baseline_11,dual_baseline_14,28,normalized_max_abs,0.0,0.0,neither_zero,True
dual_baseline_11,dual_baseline_14,28,cosine_error,0.0,0.0,neither_zero,True
dual_baseline_11,dual_baseline_14,28,log_norm_ratio,0.0,0.0,neither_zero,True
dual_baseline_11,dual_baseline_14,29,relative_l2,0.0,0.0,neither_zero,True
dual_baseline_11,dual_baseline_14,29,max_abs,0.0,0.0,neither_zero,True
dual_baseline_11,dual_baseline_14,29,normalized_max_abs,0.0,0.0,neither_zero,True
dual_baseline_11,dual_baseline_14,29,cosine_error,0.0,0.0,neither_zero,True
dual_baseline_11,dual_baseline_14,29,log_norm_ratio,0.0,0.0,neither_zero,True
dual_baseline_11,dual_baseline_14,30,relative_l2,0.0,0.0,neither_zero,True
dual_baseline_11,dual_baseline_14,30,max_abs,0.0,0.0,neither_zero,True
dual_baseline_11,dual_baseline_14,30,normalized_max_abs,0.0,0.0,neither_zero,True
dual_baseline_11,dual_baseline_14,30,cosine_error,0.0,0.0,neither_zero,True
dual_baseline_11,dual_baseline_14,30,log_norm_ratio,0.0,0.0,neither_zero,True
dual_baseline_11,dual_baseline_14,global,relative_l2,0.003028629565107592,0.004635654936816087,neither_zero,True
dual_baseline_11,dual_baseline_14,global,max_abs,4.747558705275878e-06,1.2831558706238866e-05,neither_zero,True
dual_baseline_11,dual_baseline_14,global,normalized_max_abs,0.0017188408813116412,0.004643282139475585,neither_zero,True
dual_baseline_11,dual_baseline_14,global,cosine_error,4.562610199210226e-06,1.0575865077466773e-05,neither_zero,True
dual_baseline_11,dual_baseline_14,global,log_norm_ratio,0.00022229689337512995,0.0010316485953011402,neither_zero,True
dual_baseline_11,dual_baseline_15,0,relative_l2,0.0025611726542243327,0.004978674260685888,neither_zero,True
dual_baseline_11,dual_baseline_15,0,max_abs,3.293389454483986e-06,5.736132152378559e-06,neither_zero,True
dual_baseline_11,dual_baseline_15,0,normalized_max_abs,0.003552695427132195,0.006192826361056871,neither_zero,True
dual_baseline_11,dual_baseline_15,0,cosine_error,2.45309168633856e-06,7.484665592194517e-06,neither_zero,True
dual_baseline_11,dual_baseline_15,0,log_norm_ratio,0.0012891405918802202,0.003777023486159615,neither_zero,True
dual_baseline_11,dual_baseline_15,1,relative_l2,0.007274659237471148,0.015952985242397376,neither_zero,True
dual_baseline_11,dual_baseline_15,1,max_abs,1.98885754798539e-06,5.089648766443133e-06,neither_zero,True
dual_baseline_11,dual_baseline_15,1,normalized_max_abs,0.0063595391423653235,0.01607678141142776,neither_zero,True
dual_baseline_11,dual_baseline_15,1,cosine_error,2.641519529034131e-05,8.974021253427278e-05,neither_zero,True
dual_baseline_11,dual_baseline_15,1,log_norm_ratio,0.00032808830912604923,0.01033148320325094,neither_zero,True
dual_baseline_11,dual_baseline_15,2,relative_l2,0.004499702757270707,0.012225730577137722,neither_zero,True
dual_baseline_11,dual_baseline_15,2,max_abs,4.033463483210653e-06,1.2831558706238866e-05,neither_zero,True
dual_baseline_11,dual_baseline_15,2,normalized_max_abs,0.005295331140954511,0.016783472499923485,neither_zero,True
dual_baseline_11,dual_baseline_15,2,cosine_error,9.720029852777756e-06,5.026583216882763e-05,neither_zero,True
dual_baseline_11,dual_baseline_15,2,log_norm_ratio,0.0009086646962198939,0.007179148275188371,neither_zero,True
dual_baseline_11,dual_baseline_15,4,relative_l2,0.00979989704501928,0.016380810982843528,neither_zero,True
dual_baseline_11,dual_baseline_15,4,max_abs,4.910365532850847e-06,8.44575697556138e-06,neither_zero,True
dual_baseline_11,dual_baseline_15,4,normalized_max_abs,0.009381662208975806,0.016074141544438997,neither_zero,True
dual_baseline_11,dual_baseline_15,4,cosine_error,4.723422216867945e-05,0.00012285228168884554,neither_zero,True
dual_baseline_11,dual_baseline_15,4,log_norm_ratio,0.0013017832222246835,0.005327457026495043,neither_zero,True
dual_baseline_11,dual_baseline_15,5,relative_l2,0.004954028286251856,0.007805855493977389,neither_zero,True
dual_baseline_11,dual_baseline_15,5,max_abs,3.2527896109968424e-06,5.148136551724747e-06,neither_zero,True
dual_baseline_11,dual_baseline_15,5,normalized_max_abs,0.005618409622855488,0.008874763416404587,neither_zero,True
dual_baseline_11,dual_baseline_15,5,cosine_error,1.2256685376077492e-05,3.0427404513311274e-05,neither_zero,True
dual_baseline_11,dual_baseline_15,5,log_norm_ratio,0.00018308249640910422,0.0033886982457443002,neither_zero,True
dual_baseline_11,dual_baseline_15,6,relative_l2,0.008359878691599631,0.011020743433856582,neither_zero,True
dual_baseline_11,dual_baseline_15,6,max_abs,3.910419763997197e-06,6.665099135716446e-06,neither_zero,True
dual_baseline_11,dual_baseline_15,6,normalized_max_abs,0.008168766580144208,0.013866714402593882,neither_zero,True
dual_baseline_11,dual_baseline_15,6,cosine_error,3.493662785436502e-05,5.874252614035402e-05,neither_zero,True
dual_baseline_11,dual_baseline_15,6,log_norm_ratio,0.00015959524161284408,0.0035581998671739695,neither_zero,True
dual_baseline_11,dual_baseline_15,8,relative_l2,0.00700652645496025,0.008564025905105863,neither_zero,True
dual_baseline_11,dual_baseline_15,8,max_abs,4.335946869105101e-06,5.382622475735843e-06,neither_zero,True
dual_baseline_11,dual_baseline_15,8,normalized_max_abs,0.006803825216469986,0.008432559856445568,neither_zero,True
dual_baseline_11,dual_baseline_15,8,cosine_error,2.141173881531344e-05,3.5418715855439764e-05,neither_zero,True
dual_baseline_11,dual_baseline_15,8,log_norm_ratio,0.0025282812057278135,0.002221532760062789,neither_zero,False
dual_baseline_11,dual_baseline_15,9,relative_l2,0.006463991544461167,0.008995061866192235,neither_zero,True
dual_baseline_11,dual_baseline_15,9,max_abs,3.1866293284110725e-06,5.001929821446538e-06,neither_zero,True
dual_baseline_11,dual_baseline_15,9,normalized_max_abs,0.005930383105616545,0.009293600893578658,neither_zero,True
dual_baseline_11,dual_baseline_15,9,cosine_error,2.0684634285172976e-05,3.910651186989078e-05,neither_zero,True
dual_baseline_11,dual_baseline_15,9,log_norm_ratio,0.000664602543263317,0.00368801209494457,neither_zero,True
dual_baseline_11,dual_baseline_15,10,relative_l2,0.006761910881856108,0.008728729853908311,neither_zero,True
dual_baseline_11,dual_baseline_15,10,max_abs,2.192959072999656e-06,3.9287988329306245e-06,neither_zero,True
dual_baseline_11,dual_baseline_15,10,normalized_max_abs,0.00582209221652578,0.010426545885027737,neither_zero,True
dual_baseline_11,dual_baseline_15,10,cosine_error,2.272429081240368e-05,3.809578182345508e-05,neither_zero,True
dual_baseline_11,dual_baseline_15,10,log_norm_ratio,0.0005476346746024183,0.002393023139042078,neither_zero,True
dual_baseline_11,dual_baseline_15,12,relative_l2,0.009343333493921718,0.014015736108080684,neither_zero,True
dual_baseline_11,dual_baseline_15,12,max_abs,1.5869263734202832e-06,2.55455233855173e-06,neither_zero,True
dual_baseline_11,dual_baseline_15,12,normalized_max_abs,0.009390944774111924,0.015054503997840285,neither_zero,True
dual_baseline_11,dual_baseline_15,12,cosine_error,4.328030865130561e-05,9.82239064827306e-05,neither_zero,True
dual_baseline_11,dual_baseline_15,12,log_norm_ratio,0.000903418841552309,0.00207207803216622,neither_zero,True
dual_baseline_11,dual_baseline_15,13,relative_l2,0.003763194244512173,0.007741936020715216,neither_zero,True
dual_baseline_11,dual_baseline_15,13,max_abs,1.0749226930784062e-06,2.462809788994491e-06,neither_zero,True
dual_baseline_11,dual_baseline_15,13,normalized_max_abs,0.0037711692687901607,0.00864088762460369,neither_zero,True
dual_baseline_11,dual_baseline_15,13,cosine_error,7.079486536221147e-06,2.6346127260379326e-05,neither_zero,True
dual_baseline_11,dual_baseline_15,13,log_norm_ratio,5.9119360490678074e-05,0.0032562324122055097,neither_zero,True
dual_baseline_11,dual_baseline_15,14,relative_l2,0.005592691144532295,0.008992452874951542,neither_zero,True
dual_baseline_11,dual_baseline_15,14,max_abs,1.0365838534198701e-06,1.5739624359412119e-06,neither_zero,True
dual_baseline_11,dual_baseline_15,14,normalized_max_abs,0.005811760588115072,0.008811026153125909,neither_zero,True
dual_baseline_11,dual_baseline_15,14,cosine_error,1.5447969147208696e-05,3.9775246220341565e-05,neither_zero,True
dual_baseline_11,dual_baseline_15,14,log_norm_ratio,0.0006341104370437972,0.0019330804438689592,neither_zero,True
dual_baseline_11,dual_baseline_15,16,relative_l2,0.004157089607985363,0.007620824525479025,neither_zero,True
dual_baseline_11,dual_baseline_15,16,max_abs,5.67080860491842e-07,1.3034514267928898e-06,neither_zero,True
dual_baseline_11,dual_baseline_15,16,normalized_max_abs,0.003789873565200326,0.008701614829694712,neither_zero,True
dual_baseline_11,dual_baseline_15,16,cosine_error,8.595190077786974e-06,2.782446342897149e-05,neither_zero,True
dual_baseline_11,dual_baseline_15,16,log_norm_ratio,0.00031045080944680097,0.0031779925128892607,neither_zero,True
dual_baseline_11,dual_baseline_15,17,relative_l2,0.004662004863884364,0.005534928052167607,neither_zero,True
dual_baseline_11,dual_baseline_15,17,max_abs,7.245544111356139e-07,8.988927220343612e-07,neither_zero,True
dual_baseline_11,dual_baseline_15,17,normalized_max_abs,0.004990289226503667,0.0061839138989365555,neither_zero,True
dual_baseline_11,dual_baseline_15,17,cosine_error,1.0632585621506152e-05,1.4941669529644486e-05,neither_zero,True
dual_baseline_11,dual_baseline_15,17,log_norm_ratio,0.0006958791472184974,0.000894787458013844,neither_zero,True
dual_baseline_11,dual_baseline_15,18,relative_l2,0.002656153295065136,0.004380488414895319,neither_zero,True
dual_baseline_11,dual_baseline_15,18,max_abs,4.0332815842702985e-07,7.22138793207705e-07,neither_zero,True
dual_baseline_11,dual_baseline_15,18,normalized_max_abs,0.002823293400553586,0.005053519444058889,neither_zero,True
dual_baseline_11,dual_baseline_15,18,cosine_error,3.378789034780283e-06,8.73060884420962e-06,neither_zero,True
dual_baseline_11,dual_baseline_15,18,log_norm_ratio,0.0005490417867499432,0.001604572549879792,neither_zero,True
dual_baseline_11,dual_baseline_15,20,relative_l2,0.00047220142710579615,0.0010616167643221583,neither_zero,True
dual_baseline_11,dual_baseline_15,20,max_abs,1.4088582247495651e-06,2.756016328930855e-06,neither_zero,True
dual_baseline_11,dual_baseline_15,20,normalized_max_abs,0.0005099841770898353,0.000997026692384795,neither_zero,True
dual_baseline_11,dual_baseline_15,20,cosine_error,7.742484864348143e-08,4.7082103937778896e-07,neither_zero,True
dual_baseline_11,dual_baseline_15,20,log_norm_ratio,0.00026111820476948513,0.0009293720826819763,neither_zero,True
dual_baseline_11,dual_baseline_15,21,relative_l2,0.0037662934027591806,0.004323186370158716,neither_zero,True
dual_baseline_11,dual_baseline_15,21,max_abs,2.4124892661347985e-07,2.935594238806516e-07,neither_zero,True
dual_baseline_11,dual_baseline_15,21,normalized_max_abs,0.0034085050718436222,0.004144121954371057,neither_zero,True
dual_baseline_11,dual_baseline_15,21,cosine_error,7.091068305098425e-06,9.249525750654186e-06,neither_zero,True
dual_baseline_11,dual_baseline_15,21,log_norm_ratio,6.0755436110831696e-05,0.0006183784601721593,neither_zero,True
dual_baseline_11,dual_baseline_15,22,relative_l2,0.004626384189728195,0.005103790228521264,neither_zero,True
dual_baseline_11,dual_baseline_15,22,max_abs,2.8046815714333206e-07,3.671812009997666e-07,neither_zero,True
dual_baseline_11,dual_baseline_15,22,normalized_max_abs,0.005663075560293323,0.007412819499277373,neither_zero,True
dual_baseline_11,dual_baseline_15,22,cosine_error,8.537810224029663e-06,1.0907933527537494e-05,neither_zero,True
dual_baseline_11,dual_baseline_15,22,log_norm_ratio,0.002091079078324757,0.002265181896953036,neither_zero,True
dual_baseline_11,dual_baseline_15,24,relative_l2,0.0008275558659672599,0.0017122126083897852,neither_zero,True
dual_baseline_11,dual_baseline_15,24,max_abs,5.418223736342043e-08,1.2684176908805966e-07,neither_zero,True
dual_baseline_11,dual_baseline_15,24,normalized_max_abs,0.000838035507699787,0.0019622126888628306,neither_zero,True
dual_baseline_11,dual_baseline_15,24,cosine_error,3.385315699988567e-07,1.4152772563891247e-06,neither_zero,True
dual_baseline_11,dual_baseline_15,24,log_norm_ratio,8.857897085864977e-05,0.0003603188849832159,neither_zero,True
dual_baseline_11,dual_baseline_15,25,relative_l2,0.0005697304044791929,0.0017711344664090643,neither_zero,True
dual_baseline_11,dual_baseline_15,25,max_abs,5.8418663684278727e-08,2.0056904759258032e-07,neither_zero,True
dual_baseline_11,dual_baseline_15,25,normalized_max_abs,0.00048035940863084224,0.0016485301045123593,neither_zero,True
dual_baseline_11,dual_baseline_15,25,cosine_error,1.219144492026203e-07,8.990412087017674e-07,neither_zero,True
dual_baseline_11,dual_baseline_15,25,log_norm_ratio,0.00028435214847932555,0.0011586506914189442,neither_zero,True
dual_baseline_11,dual_baseline_15,26,relative_l2,5.807911130790591e-05,0.00025021594891455644,neither_zero,True
dual_baseline_11,dual_baseline_15,26,max_abs,3.510649548843503e-09,1.8628270481713116e-08,neither_zero,True
dual_baseline_11,dual_baseline_15,26,normalized_max_abs,4.993114159250642e-05,0.0002649272168026097,neither_zero,True
dual_baseline_11,dual_baseline_15,26,cosine_error,1.5540999598329108e-09,2.389522768542207e-08,neither_zero,True
dual_baseline_11,dual_baseline_15,26,log_norm_ratio,1.6279937931214027e-05,0.00012175872403741327,neither_zero,True
dual_baseline_11,dual_baseline_15,28,relative_l2,0.0,0.0,neither_zero,True
dual_baseline_11,dual_baseline_15,28,max_abs,0.0,0.0,neither_zero,True
dual_baseline_11,dual_baseline_15,28,normalized_max_abs,0.0,0.0,neither_zero,True
dual_baseline_11,dual_baseline_15,28,cosine_error,0.0,0.0,neither_zero,True
dual_baseline_11,dual_baseline_15,28,log_norm_ratio,0.0,0.0,neither_zero,True
dual_baseline_11,dual_baseline_15,29,relative_l2,0.0,0.0,neither_zero,True
dual_baseline_11,dual_baseline_15,29,max_abs,0.0,0.0,neither_zero,True
dual_baseline_11,dual_baseline_15,29,normalized_max_abs,0.0,0.0,neither_zero,True
dual_baseline_11,dual_baseline_15,29,cosine_error,0.0,0.0,neither_zero,True
dual_baseline_11,dual_baseline_15,29,log_norm_ratio,0.0,0.0,neither_zero,True
dual_baseline_11,dual_baseline_15,30,relative_l2,0.0,0.0,neither_zero,True
dual_baseline_11,dual_baseline_15,30,max_abs,0.0,0.0,neither_zero,True
dual_baseline_11,dual_baseline_15,30,normalized_max_abs,0.0,0.0,neither_zero,True
dual_baseline_11,dual_baseline_15,30,cosine_error,0.0,0.0,neither_zero,True
dual_baseline_11,dual_baseline_15,30,log_norm_ratio,0.0,0.0,neither_zero,True
dual_baseline_11,dual_baseline_15,global,relative_l2,0.003176380172844855,0.004635654936816087,neither_zero,True
dual_baseline_11,dual_baseline_15,global,max_abs,4.910365532850847e-06,1.2831558706238866e-05,neither_zero,True
dual_baseline_11,dual_baseline_15,global,normalized_max_abs,0.0017774739015534165,0.004643282139475585,neither_zero,True
dual_baseline_11,dual_baseline_15,global,cosine_error,5.0416538477371375e-06,1.0575865077466773e-05,neither_zero,True
dual_baseline_11,dual_baseline_15,global,log_norm_ratio,8.320343914208337e-05,0.0010316485953011402,neither_zero,True
dual_baseline_12,dual_baseline_13,0,relative_l2,0.0030860723970656027,0.004978674260685888,neither_zero,True
dual_baseline_12,dual_baseline_13,0,max_abs,3.960842150263488e-06,5.736132152378559e-06,neither_zero,True
dual_baseline_12,dual_baseline_13,0,normalized_max_abs,0.004274276695656084,0.006192826361056871,neither_zero,True
dual_baseline_12,dual_baseline_13,0,cosine_error,4.5796460738101175e-06,7.484665592194517e-06,neither_zero,True
dual_baseline_12,dual_baseline_13,0,log_norm_ratio,0.0006085624826702381,0.003777023486159615,neither_zero,True
dual_baseline_12,dual_baseline_13,1,relative_l2,0.011682741013726641,0.015952985242397376,neither_zero,True
dual_baseline_12,dual_baseline_13,1,max_abs,4.415109287947416e-06,5.089648766443133e-06,neither_zero,True
dual_baseline_12,dual_baseline_13,1,normalized_max_abs,0.013921395167862099,0.01607678141142776,neither_zero,True
dual_baseline_12,dual_baseline_13,1,cosine_error,4.3988394781036e-05,8.974021253427278e-05,neither_zero,True
dual_baseline_12,dual_baseline_13,1,log_norm_ratio,0.007033692615626582,0.01033148320325094,neither_zero,True
dual_baseline_12,dual_baseline_13,2,relative_l2,0.007034191355547238,0.012225730577137722,neither_zero,True
dual_baseline_12,dual_baseline_13,2,max_abs,6.048125214874744e-06,1.2831558706238866e-05,neither_zero,True
dual_baseline_12,dual_baseline_13,2,normalized_max_abs,0.007906478532258815,0.016783472499923485,neither_zero,True
dual_baseline_12,dual_baseline_13,2,cosine_error,1.5984758330866988e-05,5.026583216882763e-05,neither_zero,True
dual_baseline_12,dual_baseline_13,2,log_norm_ratio,0.004209397167217743,0.007179148275188371,neither_zero,True
dual_baseline_12,dual_baseline_13,4,relative_l2,0.01312276680099537,0.016380810982843528,neither_zero,True
dual_baseline_12,dual_baseline_13,4,max_abs,7.81571725383401e-06,8.44575697556138e-06,neither_zero,True
dual_baseline_12,dual_baseline_13,4,normalized_max_abs,0.01484526968654151,0.016074141544438997,neither_zero,True
dual_baseline_12,dual_baseline_13,4,cosine_error,7.327062460038558e-05,0.00012285228168884554,neither_zero,True
dual_baseline_12,dual_baseline_13,4,log_norm_ratio,0.005153193872444157,0.005327457026495043,neither_zero,True
dual_baseline_12,dual_baseline_13,5,relative_l2,0.005213566700719138,0.007805855493977389,neither_zero,True
dual_baseline_12,dual_baseline_13,5,max_abs,4.419816832523793e-06,5.148136551724747e-06,neither_zero,True
dual_baseline_12,dual_baseline_13,5,normalized_max_abs,0.007594109424884181,0.008874763416404587,neither_zero,True
dual_baseline_12,dual_baseline_13,5,cosine_error,1.2683319174922048e-05,3.0427404513311274e-05,neither_zero,True
dual_baseline_12,dual_baseline_13,5,log_norm_ratio,0.001360753949711645,0.0033886982457443002,neither_zero,True
dual_baseline_12,dual_baseline_13,6,relative_l2,0.00856984828001007,0.011020743433856582,neither_zero,True
dual_baseline_12,dual_baseline_13,6,max_abs,3.632863808888942e-06,6.665099135716446e-06,neither_zero,True
dual_baseline_12,dual_baseline_13,6,normalized_max_abs,0.007576269349116103,0.013866714402593882,neither_zero,True
dual_baseline_12,dual_baseline_13,6,cosine_error,3.666277254155137e-05,5.874252614035402e-05,neither_zero,True
dual_baseline_12,dual_baseline_13,6,log_norm_ratio,0.000380389903791522,0.0035581998671739695,neither_zero,True
dual_baseline_12,dual_baseline_13,8,relative_l2,0.004703708621212232,0.008564025905105863,neither_zero,True
dual_baseline_12,dual_baseline_13,8,max_abs,2.5756744435057044e-06,5.382622475735843e-06,neither_zero,True
dual_baseline_12,dual_baseline_13,8,normalized_max_abs,0.004031773102737083,0.008432559856445568,neither_zero,True
dual_baseline_12,dual_baseline_13,8,cosine_error,1.1027564748800067e-05,3.5418715855439764e-05,neither_zero,True
dual_baseline_12,dual_baseline_13,8,log_norm_ratio,0.00027538895682139604,0.002221532760062789,neither_zero,True
dual_baseline_12,dual_baseline_13,9,relative_l2,0.007830843363528964,0.008995061866192235,neither_zero,True
dual_baseline_12,dual_baseline_13,9,max_abs,3.7622376112267375e-06,5.001929821446538e-06,neither_zero,True
dual_baseline_12,dual_baseline_13,9,normalized_max_abs,0.007008203755787199,0.009293600893578658,neither_zero,True
dual_baseline_12,dual_baseline_13,9,cosine_error,3.016054952109659e-05,3.910651186989078e-05,neither_zero,True
dual_baseline_12,dual_baseline_13,9,log_norm_ratio,0.0010316512586832198,0.00368801209494457,neither_zero,True
dual_baseline_12,dual_baseline_13,10,relative_l2,0.006519209819940159,0.008728729853908311,neither_zero,True
dual_baseline_12,dual_baseline_13,10,max_abs,2.31878220802173e-06,3.9287988329306245e-06,neither_zero,True
dual_baseline_12,dual_baseline_13,10,normalized_max_abs,0.006163671827947972,0.010426545885027737,neither_zero,True
dual_baseline_12,dual_baseline_13,10,cosine_error,2.1083669617061318e-05,3.809578182345508e-05,neither_zero,True
dual_baseline_12,dual_baseline_13,10,log_norm_ratio,0.0005984992199123323,0.002393023139042078,neither_zero,True
dual_baseline_12,dual_baseline_13,12,relative_l2,0.007549048985160883,0.014015736108080684,neither_zero,True
dual_baseline_12,dual_baseline_13,12,max_abs,1.0713956726249307e-06,2.55455233855173e-06,neither_zero,True
dual_baseline_12,dual_baseline_13,12,normalized_max_abs,0.006345055832044442,0.015054503997840285,neither_zero,True
dual_baseline_12,dual_baseline_13,12,cosine_error,2.8362945015403263e-05,9.82239064827306e-05,neither_zero,True
dual_baseline_12,dual_baseline_13,12,log_norm_ratio,0.0005413983545282732,0.00207207803216622,neither_zero,True
dual_baseline_12,dual_baseline_13,13,relative_l2,0.0035986708406825583,0.007741936020715216,neither_zero,True
dual_baseline_12,dual_baseline_13,13,max_abs,1.0551993909757584e-06,2.462809788994491e-06,neither_zero,True
dual_baseline_12,dual_baseline_13,13,normalized_max_abs,0.003702098797514465,0.00864088762460369,neither_zero,True
dual_baseline_12,dual_baseline_13,13,cosine_error,6.4294648532969845e-06,2.6346127260379326e-05,neither_zero,True
dual_baseline_12,dual_baseline_13,13,log_norm_ratio,0.00030903869225983873,0.0032562324122055097,neither_zero,True
dual_baseline_12,dual_baseline_13,14,relative_l2,0.006152281668958964,0.008992452874951542,neither_zero,True
dual_baseline_12,dual_baseline_13,14,max_abs,1.1137599358335137e-06,1.5739624359412119e-06,neither_zero,True
dual_baseline_12,dual_baseline_13,14,normalized_max_abs,0.006242545701279299,0.008811026153125909,neither_zero,True
dual_baseline_12,dual_baseline_13,14,cosine_error,1.8908008693752087e-05,3.9775246220341565e-05,neither_zero,True
dual_baseline_12,dual_baseline_13,14,log_norm_ratio,0.0002057709738760966,0.0019330804438689592,neither_zero,True
dual_baseline_12,dual_baseline_13,16,relative_l2,0.005060501242303817,0.007620824525479025,neither_zero,True
dual_baseline_12,dual_baseline_13,16,max_abs,7.167654985096306e-07,1.3034514267928898e-06,neither_zero,True
dual_baseline_12,dual_baseline_13,16,normalized_max_abs,0.004777010452624426,0.008701614829694712,neither_zero,True
dual_baseline_12,dual_baseline_13,16,cosine_error,1.2493370103006107e-05,2.782446342897149e-05,neither_zero,True
dual_baseline_12,dual_baseline_13,16,log_norm_ratio,0.0008015405149024328,0.0031779925128892607,neither_zero,True
dual_baseline_12,dual_baseline_13,17,relative_l2,0.003829423587364277,0.005534928052167607,neither_zero,True
dual_baseline_12,dual_baseline_13,17,max_abs,5.478859748109244e-07,8.988927220343612e-07,neither_zero,True
dual_baseline_12,dual_baseline_13,17,normalized_max_abs,0.0037746691563486892,0.0061839138989365555,neither_zero,True
dual_baseline_12,dual_baseline_13,17,cosine_error,7.324436882671925e-06,1.4941669529644486e-05,neither_zero,True
dual_baseline_12,dual_baseline_13,17,log_norm_ratio,0.0001324926776194862,0.000894787458013844,neither_zero,True
dual_baseline_12,dual_baseline_13,18,relative_l2,0.0027598265027143696,0.004380488414895319,neither_zero,True
dual_baseline_12,dual_baseline_13,18,max_abs,4.0017039282247424e-07,7.22138793207705e-07,neither_zero,True
dual_baseline_12,dual_baseline_13,18,normalized_max_abs,0.002801651680104651,0.005053519444058889,neither_zero,True
dual_baseline_12,dual_baseline_13,18,cosine_error,3.684492361988312e-06,8.73060884420962e-06,neither_zero,True
dual_baseline_12,dual_baseline_13,18,log_norm_ratio,0.0005014759358050121,0.001604572549879792,neither_zero,True
dual_baseline_12,dual_baseline_13,20,relative_l2,0.0007001503099542672,0.0010616167643221583,neither_zero,True
dual_baseline_12,dual_baseline_13,20,max_abs,1.7957499949261546e-06,2.756016328930855e-06,neither_zero,True
dual_baseline_12,dual_baseline_13,20,normalized_max_abs,0.0006498864653827273,0.000997026692384795,neither_zero,True
dual_baseline_12,dual_baseline_13,20,cosine_error,2.367726368301959e-07,4.7082103937778896e-07,neither_zero,True
dual_baseline_12,dual_baseline_13,20,log_norm_ratio,0.00012933903963606127,0.0009293720826819763,neither_zero,True
dual_baseline_12,dual_baseline_13,21,relative_l2,0.003201513685027707,0.004323186370158716,neither_zero,True
dual_baseline_12,dual_baseline_13,21,max_abs,1.7322531675745267e-07,2.935594238806516e-07,neither_zero,True
dual_baseline_12,dual_baseline_13,21,normalized_max_abs,0.0024468439104148214,0.004144121954371057,neither_zero,True
dual_baseline_12,dual_baseline_13,21,cosine_error,5.090478691349709e-06,9.249525750654186e-06,neither_zero,True
dual_baseline_12,dual_baseline_13,21,log_norm_ratio,0.00026734444888302654,0.0006183784601721593,neither_zero,True
dual_baseline_12,dual_baseline_13,22,relative_l2,0.004684429775067131,0.005103790228521264,neither_zero,True
dual_baseline_12,dual_baseline_13,22,max_abs,3.300920070614666e-07,3.671812009997666e-07,neither_zero,True
dual_baseline_12,dual_baseline_13,22,normalized_max_abs,0.006663114865755511,0.007412819499277373,neither_zero,True
dual_baseline_12,dual_baseline_13,22,cosine_error,8.688995225325513e-06,1.0907933527537494e-05,neither_zero,True
dual_baseline_12,dual_baseline_13,22,log_norm_ratio,0.002147806309203593,0.002265181896953036,neither_zero,True
dual_baseline_12,dual_baseline_13,24,relative_l2,0.0015820332502587949,0.0017122126083897852,neither_zero,True
dual_baseline_12,dual_baseline_13,24,max_abs,9.787254384718835e-08,1.2684176908805966e-07,neither_zero,True
dual_baseline_12,dual_baseline_13,24,normalized_max_abs,0.0015140213697450323,0.0019622126888628306,neither_zero,True
dual_baseline_12,dual_baseline_13,24,cosine_error,1.251402829249848e-06,1.4152772563891247e-06,neither_zero,True
dual_baseline_12,dual_baseline_13,24,log_norm_ratio,6.262421821942374e-06,0.0003603188849832159,neither_zero,True
dual_baseline_12,dual_baseline_13,25,relative_l2,0.0006448765903266306,0.0017711344664090643,neither_zero,True
dual_baseline_12,dual_baseline_13,25,max_abs,7.859489414840937e-08,2.0056904759258032e-07,neither_zero,True
dual_baseline_12,dual_baseline_13,25,normalized_max_abs,0.0006463861467277404,0.0016485301045123593,neither_zero,True
dual_baseline_12,dual_baseline_13,25,cosine_error,2.0448924853422312e-07,8.990412087017674e-07,neither_zero,True
dual_baseline_12,dual_baseline_13,25,log_norm_ratio,8.319807363070514e-05,0.0011586506914189442,neither_zero,True
dual_baseline_12,dual_baseline_13,26,relative_l2,7.066198711216949e-05,0.00025021594891455644,neither_zero,True
dual_baseline_12,dual_baseline_13,26,max_abs,4.495632310863584e-09,1.8628270481713116e-08,neither_zero,True
dual_baseline_12,dual_baseline_13,26,normalized_max_abs,6.393979667791427e-05,0.0002649272168026097,neither_zero,True
dual_baseline_12,dual_baseline_13,26,cosine_error,2.4500562689766525e-09,2.389522768542207e-08,neither_zero,True
dual_baseline_12,dual_baseline_13,26,log_norm_ratio,9.646232805607971e-06,0.00012175872403741327,neither_zero,True
dual_baseline_12,dual_baseline_13,28,relative_l2,0.0,0.0,neither_zero,True
dual_baseline_12,dual_baseline_13,28,max_abs,0.0,0.0,neither_zero,True
dual_baseline_12,dual_baseline_13,28,normalized_max_abs,0.0,0.0,neither_zero,True
dual_baseline_12,dual_baseline_13,28,cosine_error,0.0,0.0,neither_zero,True
dual_baseline_12,dual_baseline_13,28,log_norm_ratio,0.0,0.0,neither_zero,True
dual_baseline_12,dual_baseline_13,29,relative_l2,0.0,0.0,neither_zero,True
dual_baseline_12,dual_baseline_13,29,max_abs,0.0,0.0,neither_zero,True
dual_baseline_12,dual_baseline_13,29,normalized_max_abs,0.0,0.0,neither_zero,True
dual_baseline_12,dual_baseline_13,29,cosine_error,0.0,0.0,neither_zero,True
dual_baseline_12,dual_baseline_13,29,log_norm_ratio,0.0,0.0,neither_zero,True
dual_baseline_12,dual_baseline_13,30,relative_l2,0.0,0.0,neither_zero,True
dual_baseline_12,dual_baseline_13,30,max_abs,0.0,0.0,neither_zero,True
dual_baseline_12,dual_baseline_13,30,normalized_max_abs,0.0,0.0,neither_zero,True
dual_baseline_12,dual_baseline_13,30,cosine_error,0.0,0.0,neither_zero,True
dual_baseline_12,dual_baseline_13,30,log_norm_ratio,0.0,0.0,neither_zero,True
dual_baseline_12,dual_baseline_13,global,relative_l2,0.0037247943563063685,0.004635654936816087,neither_zero,True
dual_baseline_12,dual_baseline_13,global,max_abs,7.81571725383401e-06,1.2831558706238866e-05,neither_zero,True
dual_baseline_12,dual_baseline_13,global,normalized_max_abs,0.0028285278434506435,0.004643282139475585,neither_zero,True
dual_baseline_12,dual_baseline_13,global,cosine_error,6.911733712700041e-06,1.0575865077466773e-05,neither_zero,True
dual_baseline_12,dual_baseline_13,global,log_norm_ratio,0.0002320460563528162,0.0010316485953011402,neither_zero,True
dual_baseline_12,dual_baseline_14,0,relative_l2,0.0039062472354625226,0.004978674260685888,neither_zero,True
dual_baseline_12,dual_baseline_14,0,max_abs,4.263594746589661e-06,5.736132152378559e-06,neither_zero,True
dual_baseline_12,dual_baseline_14,0,normalized_max_abs,0.0045900201151766185,0.006192826361056871,neither_zero,True
dual_baseline_12,dual_baseline_14,0,cosine_error,4.601446247587404e-06,7.484665592194517e-06,neither_zero,True
dual_baseline_12,dual_baseline_14,0,log_norm_ratio,0.0024685187775157626,0.003777023486159615,neither_zero,True
dual_baseline_12,dual_baseline_14,1,relative_l2,0.007897229025048198,0.015952985242397376,neither_zero,True
dual_baseline_12,dual_baseline_14,1,max_abs,2.0334664441179484e-06,5.089648766443133e-06,neither_zero,True
dual_baseline_12,dual_baseline_14,1,normalized_max_abs,0.006502296623894009,0.01607678141142776,neither_zero,True
dual_baseline_12,dual_baseline_14,1,cosine_error,2.6052681494692642e-05,8.974021253427278e-05,neither_zero,True
dual_baseline_12,dual_baseline_14,1,log_norm_ratio,0.003234642674305705,0.01033148320325094,neither_zero,True
dual_baseline_12,dual_baseline_14,2,relative_l2,0.006421288200061053,0.012225730577137722,neither_zero,True
dual_baseline_12,dual_baseline_14,2,max_abs,6.257789209485054e-06,1.2831558706238866e-05,neither_zero,True
dual_baseline_12,dual_baseline_14,2,normalized_max_abs,0.008212475693835717,0.016783472499923485,neither_zero,True
dual_baseline_12,dual_baseline_14,2,cosine_error,1.930505453440201e-05,5.026583216882763e-05,neither_zero,True
dual_baseline_12,dual_baseline_14,2,log_norm_ratio,0.0016402809458370413,0.007179148275188371,neither_zero,True
dual_baseline_12,dual_baseline_14,4,relative_l2,0.008326504285656849,0.016380810982843528,neither_zero,True
dual_baseline_12,dual_baseline_14,4,max_abs,3.599299816414714e-06,8.44575697556138e-06,neither_zero,True
dual_baseline_12,dual_baseline_14,4,normalized_max_abs,0.0068365544353826725,0.016074141544438997,neither_zero,True
dual_baseline_12,dual_baseline_14,4,cosine_error,2.7702745981961208e-05,0.00012285228168884554,neither_zero,True
dual_baseline_12,dual_baseline_14,4,log_norm_ratio,0.0037665360435111565,0.005327457026495043,neither_zero,True
dual_baseline_12,dual_baseline_14,5,relative_l2,0.004929145771774306,0.007805855493977389,neither_zero,True
dual_baseline_12,dual_baseline_14,5,max_abs,3.64468724001199e-06,5.148136551724747e-06,neither_zero,True
dual_baseline_12,dual_baseline_14,5,normalized_max_abs,0.006282991468651796,0.008874763416404587,neither_zero,True
dual_baseline_12,dual_baseline_14,5,cosine_error,1.0452342896649647e-05,3.0427404513311274e-05,neither_zero,True
dual_baseline_12,dual_baseline_14,5,log_norm_ratio,0.0018538812858268122,0.0033886982457443002,neither_zero,True
dual_baseline_12,dual_baseline_14,6,relative_l2,0.00744911328850044,0.011020743433856582,neither_zero,True
dual_baseline_12,dual_baseline_14,6,max_abs,3.3662363421171904e-06,6.665099135716446e-06,neither_zero,True
dual_baseline_12,dual_baseline_14,6,normalized_max_abs,0.007020222767024964,0.013866714402593882,neither_zero,True
dual_baseline_12,dual_baseline_14,6,cosine_error,2.523256814190855e-05,5.874252614035402e-05,neither_zero,True
dual_baseline_12,dual_baseline_14,6,log_norm_ratio,0.0022694098851592267,0.0035581998671739695,neither_zero,True
dual_baseline_12,dual_baseline_14,8,relative_l2,0.006243289101831852,0.008564025905105863,neither_zero,True
dual_baseline_12,dual_baseline_14,8,max_abs,3.466149792075157e-06,5.382622475735843e-06,neither_zero,True
dual_baseline_12,dual_baseline_14,8,normalized_max_abs,0.005434115546773884,0.008432559856445568,neither_zero,True
dual_baseline_12,dual_baseline_14,8,cosine_error,1.7889878664911762e-05,3.5418715855439764e-05,neither_zero,True
dual_baseline_12,dual_baseline_14,8,log_norm_ratio,0.001808160393667177,0.002221532760062789,neither_zero,True
dual_baseline_12,dual_baseline_14,9,relative_l2,0.006806684958713127,0.008995061866192235,neither_zero,True
dual_baseline_12,dual_baseline_14,9,max_abs,3.3853721106424928e-06,5.001929821446538e-06,neither_zero,True
dual_baseline_12,dual_baseline_14,9,normalized_max_abs,0.006311997801663035,0.009293600893578658,neither_zero,True
dual_baseline_12,dual_baseline_14,9,cosine_error,2.0824017108678206e-05,3.910651186989078e-05,neither_zero,True
dual_baseline_12,dual_baseline_14,9,log_norm_ratio,0.002187321563317401,0.00368801209494457,neither_zero,True
dual_baseline_12,dual_baseline_14,10,relative_l2,0.007815839069603944,0.008728729853908311,neither_zero,True
dual_baseline_12,dual_baseline_14,10,max_abs,3.1258896342478693e-06,3.9287988329306245e-06,neither_zero,True
dual_baseline_12,dual_baseline_14,10,normalized_max_abs,0.008314114566992737,0.010426545885027737,neither_zero,True
dual_baseline_12,dual_baseline_14,10,cosine_error,3.0070001128201795e-05,3.809578182345508e-05,neither_zero,True
dual_baseline_12,dual_baseline_14,10,log_norm_ratio,0.0010043515328001418,0.002393023139042078,neither_zero,True
dual_baseline_12,dual_baseline_14,12,relative_l2,0.00794118188037666,0.014015736108080684,neither_zero,True
dual_baseline_12,dual_baseline_14,12,max_abs,1.4651086530648172e-06,2.55455233855173e-06,neither_zero,True
dual_baseline_12,dual_baseline_14,12,normalized_max_abs,0.00867243068640646,0.015054503997840285,neither_zero,True
dual_baseline_12,dual_baseline_14,12,cosine_error,3.1258955397239774e-05,9.82239064827306e-05,neither_zero,True
dual_baseline_12,dual_baseline_14,12,log_norm_ratio,0.0007700917776272485,0.00207207803216622,neither_zero,True
dual_baseline_12,dual_baseline_14,13,relative_l2,0.0034913302986192595,0.007741936020715216,neither_zero,True
dual_baseline_12,dual_baseline_14,13,max_abs,9.544278327666689e-07,2.462809788994491e-06,neither_zero,True
dual_baseline_12,dual_baseline_14,13,normalized_max_abs,0.003348548304915574,0.00864088762460369,neither_zero,True
dual_baseline_12,dual_baseline_14,13,cosine_error,6.090342000830695e-06,2.6346127260379326e-05,neither_zero,True
dual_baseline_12,dual_baseline_14,13,log_norm_ratio,9.958510090680647e-05,0.0032562324122055097,neither_zero,True
dual_baseline_12,dual_baseline_14,14,relative_l2,0.006779891128059911,0.008992452874951542,neither_zero,True
dual_baseline_12,dual_baseline_14,14,max_abs,1.5364348655566573e-06,1.5739624359412119e-06,neither_zero,True
dual_baseline_12,dual_baseline_14,14,normalized_max_abs,0.008616235078293058,0.008811026153125909,neither_zero,True
dual_baseline_12,dual_baseline_14,14,cosine_error,2.2983451422153856e-05,3.9775246220341565e-05,neither_zero,True
dual_baseline_12,dual_baseline_14,14,log_norm_ratio,4.6417419489884215e-05,0.0019330804438689592,neither_zero,True
dual_baseline_12,dual_baseline_14,16,relative_l2,0.003765161786855328,0.007620824525479025,neither_zero,True
dual_baseline_12,dual_baseline_14,16,max_abs,5.094079824630171e-07,1.3034514267928898e-06,neither_zero,True
dual_baseline_12,dual_baseline_14,16,normalized_max_abs,0.0034074738647180435,0.008701614829694712,neither_zero,True
dual_baseline_12,dual_baseline_14,16,cosine_error,7.053330531525681e-06,2.782446342897149e-05,neither_zero,True
dual_baseline_12,dual_baseline_14,16,log_norm_ratio,0.0002713475253636,0.0031779925128892607,neither_zero,True
dual_baseline_12,dual_baseline_14,17,relative_l2,0.003975343951764994,0.005534928052167607,neither_zero,True
dual_baseline_12,dual_baseline_14,17,max_abs,6.283007678575814e-07,8.988927220343612e-07,neither_zero,True
dual_baseline_12,dual_baseline_14,17,normalized_max_abs,0.004327626043555605,0.0061839138989365555,neither_zero,True
dual_baseline_12,dual_baseline_14,17,cosine_error,7.785566664475496e-06,1.4941669529644486e-05,neither_zero,True
dual_baseline_12,dual_baseline_14,17,log_norm_ratio,0.0004898669609650407,0.000894787458013844,neither_zero,True
dual_baseline_12,dual_baseline_14,18,relative_l2,0.0031528394236234013,0.004380488414895319,neither_zero,True
dual_baseline_12,dual_baseline_14,18,max_abs,5.822366802021861e-07,7.22138793207705e-07,neither_zero,True
dual_baseline_12,dual_baseline_14,18,normalized_max_abs,0.004076094430998163,0.005053519444058889,neither_zero,True
dual_baseline_12,dual_baseline_14,18,cosine_error,4.3435722322238135e-06,8.73060884420962e-06,neither_zero,True
dual_baseline_12,dual_baseline_14,18,log_norm_ratio,0.0011244713463607796,0.001604572549879792,neither_zero,True
dual_baseline_12,dual_baseline_14,20,relative_l2,0.0004373338132458918,0.0010616167643221583,neither_zero,True
dual_baseline_12,dual_baseline_14,20,max_abs,1.1050142347812653e-06,2.756016328930855e-06,neither_zero,True
dual_baseline_12,dual_baseline_14,20,normalized_max_abs,0.000399907446620445,0.000997026692384795,neither_zero,True
dual_baseline_12,dual_baseline_14,20,cosine_error,5.999665153577638e-08,4.7082103937778896e-07,neither_zero,True
dual_baseline_12,dual_baseline_14,20,log_norm_ratio,0.0002670555034459682,0.0009293720826819763,neither_zero,True
dual_baseline_12,dual_baseline_14,21,relative_l2,0.003667092873793131,0.004323186370158716,neither_zero,True
dual_baseline_12,dual_baseline_14,21,max_abs,2.318206497875508e-07,2.935594238806516e-07,neither_zero,True
dual_baseline_12,dual_baseline_14,21,normalized_max_abs,0.0032754736717657703,0.004144121954371057,neither_zero,True
dual_baseline_12,dual_baseline_14,21,cosine_error,6.720825416306475e-06,9.249525750654186e-06,neither_zero,True
dual_baseline_12,dual_baseline_14,21,log_norm_ratio,8.395439240940697e-05,0.0006183784601721593,neither_zero,True
dual_baseline_12,dual_baseline_14,22,relative_l2,0.004535921564087324,0.005103790228521264,neither_zero,True
dual_baseline_12,dual_baseline_14,22,max_abs,2.852502802852541e-07,3.671812009997666e-07,neither_zero,True
dual_baseline_12,dual_baseline_14,22,normalized_max_abs,0.005759852588205616,0.007412819499277373,neither_zero,True
dual_baseline_12,dual_baseline_14,22,cosine_error,8.050003980519804e-06,1.0907933527537494e-05,neither_zero,True
dual_baseline_12,dual_baseline_14,22,log_norm_ratio,0.0021256423700800092,0.002265181896953036,neither_zero,True
dual_baseline_12,dual_baseline_14,24,relative_l2,0.0008774667511310683,0.0017122126083897852,neither_zero,True
dual_baseline_12,dual_baseline_14,24,max_abs,5.4998054110910743e-08,1.2684176908805966e-07,neither_zero,True
dual_baseline_12,dual_baseline_14,24,normalized_max_abs,0.000850629796054786,0.0019622126888628306,neither_zero,True
dual_baseline_12,dual_baseline_14,24,cosine_error,3.8412313119184915e-07,1.4152772563891247e-06,neither_zero,True
dual_baseline_12,dual_baseline_14,24,log_norm_ratio,4.163765192017278e-05,0.0003603188849832159,neither_zero,True
dual_baseline_12,dual_baseline_14,25,relative_l2,0.0004378316026856266,0.0017711344664090643,neither_zero,True
dual_baseline_12,dual_baseline_14,25,max_abs,4.9301888793706894e-08,2.0056904759258032e-07,neither_zero,True
dual_baseline_12,dual_baseline_14,25,normalized_max_abs,0.00040543449761723467,0.0016485301045123593,neither_zero,True
dual_baseline_12,dual_baseline_14,25,cosine_error,9.538427225841417e-08,8.990412087017674e-07,neither_zero,True
dual_baseline_12,dual_baseline_14,25,log_norm_ratio,3.055853368133448e-05,0.0011586506914189442,neither_zero,True
dual_baseline_12,dual_baseline_14,26,relative_l2,8.909023857570568e-05,0.00025021594891455644,neither_zero,True
dual_baseline_12,dual_baseline_14,26,max_abs,5.915353540331125e-09,1.8628270481713116e-08,neither_zero,True
dual_baseline_12,dual_baseline_14,26,normalized_max_abs,8.412723887882914e-05,0.0002649272168026097,neither_zero,True
dual_baseline_12,dual_baseline_14,26,cosine_error,3.7872075475675615e-09,2.389522768542207e-08,neither_zero,True
dual_baseline_12,dual_baseline_14,26,log_norm_ratio,1.9047440864350894e-05,0.00012175872403741327,neither_zero,True
dual_baseline_12,dual_baseline_14,28,relative_l2,0.0,0.0,neither_zero,True
dual_baseline_12,dual_baseline_14,28,max_abs,0.0,0.0,neither_zero,True
dual_baseline_12,dual_baseline_14,28,normalized_max_abs,0.0,0.0,neither_zero,True
dual_baseline_12,dual_baseline_14,28,cosine_error,0.0,0.0,neither_zero,True
dual_baseline_12,dual_baseline_14,28,log_norm_ratio,0.0,0.0,neither_zero,True
dual_baseline_12,dual_baseline_14,29,relative_l2,0.0,0.0,neither_zero,True
dual_baseline_12,dual_baseline_14,29,max_abs,0.0,0.0,neither_zero,True
dual_baseline_12,dual_baseline_14,29,normalized_max_abs,0.0,0.0,neither_zero,True
dual_baseline_12,dual_baseline_14,29,cosine_error,0.0,0.0,neither_zero,True
dual_baseline_12,dual_baseline_14,29,log_norm_ratio,0.0,0.0,neither_zero,True
dual_baseline_12,dual_baseline_14,30,relative_l2,0.0,0.0,neither_zero,True
dual_baseline_12,dual_baseline_14,30,max_abs,0.0,0.0,neither_zero,True
dual_baseline_12,dual_baseline_14,30,normalized_max_abs,0.0,0.0,neither_zero,True
dual_baseline_12,dual_baseline_14,30,cosine_error,0.0,0.0,neither_zero,True
dual_baseline_12,dual_baseline_14,30,log_norm_ratio,0.0,0.0,neither_zero,True
dual_baseline_12,dual_baseline_14,global,relative_l2,0.0034018212375066916,0.004635654936816087,neither_zero,True
dual_baseline_12,dual_baseline_14,global,max_abs,6.257789209485054e-06,1.2831558706238866e-05,neither_zero,True
dual_baseline_12,dual_baseline_14,global,normalized_max_abs,0.0022647097435351247,0.004643282139475585,neither_zero,True
dual_baseline_12,dual_baseline_14,global,cosine_error,5.755369489990336e-06,1.0575865077466773e-05,neither_zero,True
dual_baseline_12,dual_baseline_14,global,log_norm_ratio,0.0002541460220687098,0.0010316485953011402,neither_zero,True
dual_baseline_12,dual_baseline_15,0,relative_l2,0.0021395684396234927,0.004978674260685888,neither_zero,True
dual_baseline_12,dual_baseline_15,0,max_abs,2.372125891270116e-06,5.736132152378559e-06,neither_zero,True
dual_baseline_12,dual_baseline_15,0,normalized_max_abs,0.0025615668604523256,0.006192826361056871,neither_zero,True
dual_baseline_12,dual_baseline_15,0,cosine_error,2.2769985776882606e-06,7.484665592194517e-06,neither_zero,True
dual_baseline_12,dual_baseline_15,0,log_norm_ratio,0.00015643570637170848,0.003777023486159615,neither_zero,True
dual_baseline_12,dual_baseline_15,1,relative_l2,0.00797854108664328,0.015952985242397376,neither_zero,True
dual_baseline_12,dual_baseline_15,1,max_abs,2.2201420506462455e-06,5.089648766443133e-06,neither_zero,True
dual_baseline_12,dual_baseline_15,1,normalized_max_abs,0.007099218284245689,0.01607678141142776,neither_zero,True
dual_baseline_12,dual_baseline_15,1,cosine_error,3.0442672126596015e-05,8.974021253427278e-05,neither_zero,True
dual_baseline_12,dual_baseline_15,1,log_norm_ratio,0.0016970245519729544,0.01033148320325094,neither_zero,True
dual_baseline_12,dual_baseline_15,2,relative_l2,0.005443252022825061,0.012225730577137722,neither_zero,True
dual_baseline_12,dual_baseline_15,2,max_abs,4.3955224100500345e-06,1.2831558706238866e-05,neither_zero,True
dual_baseline_12,dual_baseline_15,2,normalized_max_abs,0.005769813517231009,0.016783472499923485,neither_zero,True
dual_baseline_12,dual_baseline_15,2,cosine_error,1.4619205717547601e-05,5.026583216882763e-05,neither_zero,True
dual_baseline_12,dual_baseline_15,2,log_norm_ratio,0.0006399598158861183,0.007179148275188371,neither_zero,True
dual_baseline_12,dual_baseline_15,4,relative_l2,0.012013284763442805,0.016380810982843528,neither_zero,True
dual_baseline_12,dual_baseline_15,4,max_abs,6.338988896459341e-06,8.44575697556138e-06,neither_zero,True
dual_baseline_12,dual_baseline_15,4,normalized_max_abs,0.012040353642753422,0.016074141544438997,neither_zero,True
dual_baseline_12,dual_baseline_15,4,cosine_error,5.366417180618921e-05,0.00012285228168884554,neither_zero,True
dual_baseline_12,dual_baseline_15,4,log_norm_ratio,0.006154798219368557,0.005327457026495043,neither_zero,False
dual_baseline_12,dual_baseline_15,5,relative_l2,0.0062693809231351705,0.007805855493977389,neither_zero,True
dual_baseline_12,dual_baseline_15,5,max_abs,4.33434615842998e-06,5.148136551724747e-06,neither_zero,True
dual_baseline_12,dual_baseline_15,5,normalized_max_abs,0.00747187841980912,0.008874763416404587,neither_zero,True
dual_baseline_12,dual_baseline_15,5,cosine_error,1.7071461971274182e-05,3.0427404513311274e-05,neither_zero,True
dual_baseline_12,dual_baseline_15,5,log_norm_ratio,0.002291810230088644,0.0033886982457443002,neither_zero,True
dual_baseline_12,dual_baseline_15,6,relative_l2,0.008128482577925457,0.011020743433856582,neither_zero,True
dual_baseline_12,dual_baseline_15,6,max_abs,3.5734992707148194e-06,6.665099135716446e-06,neither_zero,True
dual_baseline_12,dual_baseline_15,6,normalized_max_abs,0.007452465717971838,0.013866714402593882,neither_zero,True
dual_baseline_12,dual_baseline_15,6,cosine_error,2.854393908313657e-05,5.874252614035402e-05,neither_zero,True
dual_baseline_12,dual_baseline_15,6,log_norm_ratio,0.0030306583295992956,0.0035581998671739695,neither_zero,True
dual_baseline_12,dual_baseline_15,8,relative_l2,0.006515752826932909,0.008564025905105863,neither_zero,True
dual_baseline_12,dual_baseline_15,8,max_abs,3.6364508559927344e-06,5.382622475735843e-06,neither_zero,True
dual_baseline_12,dual_baseline_15,8,normalized_max_abs,0.005701107948886024,0.008432559856445568,neither_zero,True
dual_baseline_12,dual_baseline_15,8,cosine_error,1.8412438161030664e-05,3.5418715855439764e-05,neither_zero,True
dual_baseline_12,dual_baseline_15,8,log_norm_ratio,0.0023941430695923758,0.002221532760062789,neither_zero,False
dual_baseline_12,dual_baseline_15,9,relative_l2,0.0067091655374230605,0.008995061866192235,neither_zero,True
dual_baseline_12,dual_baseline_15,9,max_abs,2.9190268833190203e-06,5.001929821446538e-06,neither_zero,True
dual_baseline_12,dual_baseline_15,9,normalized_max_abs,0.005442501051090714,0.009293600893578658,neither_zero,True
dual_baseline_12,dual_baseline_15,9,cosine_error,2.0995736413231825e-05,3.910651186989078e-05,neither_zero,True
dual_baseline_12,dual_baseline_15,9,log_norm_ratio,0.0017608979337616444,0.00368801209494457,neither_zero,True
dual_baseline_12,dual_baseline_15,10,relative_l2,0.007742736403824575,0.008728729853908311,neither_zero,True
dual_baseline_12,dual_baseline_15,10,max_abs,3.0839728424325585e-06,3.9287988329306245e-06,neither_zero,True
dual_baseline_12,dual_baseline_15,10,normalized_max_abs,0.008202625982874147,0.010426545885027737,neither_zero,True
dual_baseline_12,dual_baseline_15,10,cosine_error,2.953169637054387e-05,3.809578182345508e-05,neither_zero,True
dual_baseline_12,dual_baseline_15,10,log_norm_ratio,0.0009720477153445984,0.002393023139042078,neither_zero,True
dual_baseline_12,dual_baseline_15,12,relative_l2,0.007959199586984102,0.014015736108080684,neither_zero,True
dual_baseline_12,dual_baseline_15,12,max_abs,1.4983743312768638e-06,2.55455233855173e-06,neither_zero,True
dual_baseline_12,dual_baseline_15,12,normalized_max_abs,0.008866920880292973,0.015054503997840285,neither_zero,True
dual_baseline_12,dual_baseline_15,12,cosine_error,3.133211688222115e-05,9.82239064827306e-05,neither_zero,True
dual_baseline_12,dual_baseline_15,12,log_norm_ratio,0.0008597148501358571,0.00207207803216622,neither_zero,True
dual_baseline_12,dual_baseline_15,13,relative_l2,0.003477536475019939,0.007741936020715216,neither_zero,True
dual_baseline_12,dual_baseline_15,13,max_abs,9.230711839336436e-07,2.462809788994491e-06,neither_zero,True
dual_baseline_12,dual_baseline_15,13,normalized_max_abs,0.0032384260786113986,0.00864088762460369,neither_zero,True
dual_baseline_12,dual_baseline_15,13,cosine_error,6.03055225489868e-06,2.6346127260379326e-05,neither_zero,True
dual_baseline_12,dual_baseline_15,13,log_norm_ratio,0.00018546845914702042,0.0032562324122055097,neither_zero,True
dual_baseline_12,dual_baseline_15,14,relative_l2,0.0067110974992355184,0.008992452874951542,neither_zero,True
dual_baseline_12,dual_baseline_15,14,max_abs,1.5319965314120054e-06,1.5739624359412119e-06,neither_zero,True
dual_baseline_12,dual_baseline_15,14,normalized_max_abs,0.008589364992532707,0.008811026153125909,neither_zero,True
dual_baseline_12,dual_baseline_15,14,cosine_error,2.2519601766801678e-05,3.9775246220341565e-05,neither_zero,True
dual_baseline_12,dual_baseline_15,14,log_norm_ratio,1.0976711367471156e-05,0.0019330804438689592,neither_zero,True
dual_baseline_12,dual_baseline_15,16,relative_l2,0.0037334484791912287,0.007620824525479025,neither_zero,True
dual_baseline_12,dual_baseline_15,16,max_abs,4.831854312215e-07,1.3034514267928898e-06,neither_zero,True
dual_baseline_12,dual_baseline_15,16,normalized_max_abs,0.0032320689611873336,0.008701614829694712,neither_zero,True
dual_baseline_12,dual_baseline_15,16,cosine_error,6.92511270328211e-06,2.782446342897149e-05,neither_zero,True
dual_baseline_12,dual_baseline_15,16,log_norm_ratio,0.0003043938540372515,0.0031779925128892607,neither_zero,True
dual_baseline_12,dual_baseline_15,17,relative_l2,0.004045993995701602,0.005534928052167607,neither_zero,True
dual_baseline_12,dual_baseline_15,17,max_abs,6.505506462417543e-07,8.988927220343612e-07,neither_zero,True
dual_baseline_12,dual_baseline_15,17,normalized_max_abs,0.004480596393232907,0.0061839138989365555,neither_zero,True
dual_baseline_12,dual_baseline_15,17,cosine_error,8.049607680193915e-06,1.4941669529644486e-05,neither_zero,True
dual_baseline_12,dual_baseline_15,17,log_norm_ratio,0.0005286860679779015,0.000894787458013844,neither_zero,True
dual_baseline_12,dual_baseline_15,18,relative_l2,0.0031570841471696737,0.004380488414895319,neither_zero,True
dual_baseline_12,dual_baseline_15,18,max_abs,5.595502443611622e-07,7.22138793207705e-07,neither_zero,True
dual_baseline_12,dual_baseline_15,18,normalized_max_abs,0.003916846565695037,0.005053519444058889,neither_zero,True
dual_baseline_12,dual_baseline_15,18,cosine_error,4.3277625286775034e-06,8.73060884420962e-06,neither_zero,True
dual_baseline_12,dual_baseline_15,18,log_norm_ratio,0.0011502724349742835,0.001604572549879792,neither_zero,True
dual_baseline_12,dual_baseline_15,20,relative_l2,0.00037176263413896463,0.0010616167643221583,neither_zero,True
dual_baseline_12,dual_baseline_15,20,max_abs,8.827046258375049e-07,2.756016328930855e-06,neither_zero,True
dual_baseline_12,dual_baseline_15,20,normalized_max_abs,0.0003194530368277178,0.000997026692384795,neither_zero,True
dual_baseline_12,dual_baseline_15,20,cosine_error,5.409298864389456e-08,4.7082103937778896e-07,neither_zero,True
dual_baseline_12,dual_baseline_15,20,log_norm_ratio,0.00017333618987912006,0.0009293720826819763,neither_zero,True
dual_baseline_12,dual_baseline_15,21,relative_l2,0.0036681705623402626,0.004323186370158716,neither_zero,True
dual_baseline_12,dual_baseline_15,21,max_abs,2.335909812245518e-07,2.935594238806516e-07,neither_zero,True
dual_baseline_12,dual_baseline_15,21,normalized_max_abs,0.0033003091678681295,0.004144121954371057,neither_zero,True
dual_baseline_12,dual_baseline_15,21,cosine_error,6.726873324480742e-06,9.249525750654186e-06,neither_zero,True
dual_baseline_12,dual_baseline_15,21,log_norm_ratio,4.884544709628173e-05,0.0006183784601721593,neither_zero,True
dual_baseline_12,dual_baseline_15,22,relative_l2,0.004588713982735124,0.005103790228521264,neither_zero,True
dual_baseline_12,dual_baseline_15,22,max_abs,2.873202902264893e-07,3.671812009997666e-07,neither_zero,True
dual_baseline_12,dual_baseline_15,22,normalized_max_abs,0.0058014304730019135,0.007412819499277373,neither_zero,True
dual_baseline_12,dual_baseline_15,22,cosine_error,8.2410623636342e-06,1.0907933527537494e-05,neither_zero,True
dual_baseline_12,dual_baseline_15,22,log_norm_ratio,0.002149296253758706,0.002265181896953036,neither_zero,True
dual_baseline_12,dual_baseline_15,24,relative_l2,0.0008568599160776819,0.0017122126083897852,neither_zero,True
dual_baseline_12,dual_baseline_15,24,max_abs,5.0635890147532336e-08,1.2684176908805966e-07,neither_zero,True
dual_baseline_12,dual_baseline_15,24,normalized_max_abs,0.0007831842310791406,0.0019622126888628306,neither_zero,True
dual_baseline_12,dual_baseline_15,24,cosine_error,3.663736890535674e-07,1.4152772563891247e-06,neither_zero,True
dual_baseline_12,dual_baseline_15,24,log_norm_ratio,3.8598907478385574e-05,0.0003603188849832159,neither_zero,True
dual_baseline_12,dual_baseline_15,25,relative_l2,0.0004769135200275742,0.0017711344664090643,neither_zero,True
dual_baseline_12,dual_baseline_15,25,max_abs,4.918547347187996e-08,2.0056904759258032e-07,neither_zero,True
dual_baseline_12,dual_baseline_15,25,normalized_max_abs,0.0004044376139425201,0.0016485301045123593,neither_zero,True
dual_baseline_12,dual_baseline_15,25,cosine_error,9.074416407184316e-08,8.990412087017674e-07,neither_zero,True
dual_baseline_12,dual_baseline_15,25,log_norm_ratio,0.00021449234491686126,0.0011586506914189442,neither_zero,True
dual_baseline_12,dual_baseline_15,26,relative_l2,6.1004433073318344e-05,0.00025021594891455644,neither_zero,True
dual_baseline_12,dual_baseline_15,26,max_abs,3.550667315721512e-09,1.8628270481713116e-08,neither_zero,True
dual_baseline_12,dual_baseline_15,26,normalized_max_abs,5.0499892015087465e-05,0.0002649272168026097,neither_zero,True
dual_baseline_12,dual_baseline_15,26,cosine_error,1.7397399076912734e-09,2.389522768542207e-08,neither_zero,True
dual_baseline_12,dual_baseline_15,26,log_norm_ratio,1.5560113530652097e-05,0.00012175872403741327,neither_zero,True
dual_baseline_12,dual_baseline_15,28,relative_l2,0.0,0.0,neither_zero,True
dual_baseline_12,dual_baseline_15,28,max_abs,0.0,0.0,neither_zero,True
dual_baseline_12,dual_baseline_15,28,normalized_max_abs,0.0,0.0,neither_zero,True
dual_baseline_12,dual_baseline_15,28,cosine_error,0.0,0.0,neither_zero,True
dual_baseline_12,dual_baseline_15,28,log_norm_ratio,0.0,0.0,neither_zero,True
dual_baseline_12,dual_baseline_15,29,relative_l2,0.0,0.0,neither_zero,True
dual_baseline_12,dual_baseline_15,29,max_abs,0.0,0.0,neither_zero,True
dual_baseline_12,dual_baseline_15,29,normalized_max_abs,0.0,0.0,neither_zero,True
dual_baseline_12,dual_baseline_15,29,cosine_error,0.0,0.0,neither_zero,True
dual_baseline_12,dual_baseline_15,29,log_norm_ratio,0.0,0.0,neither_zero,True
dual_baseline_12,dual_baseline_15,30,relative_l2,0.0,0.0,neither_zero,True
dual_baseline_12,dual_baseline_15,30,max_abs,0.0,0.0,neither_zero,True
dual_baseline_12,dual_baseline_15,30,normalized_max_abs,0.0,0.0,neither_zero,True
dual_baseline_12,dual_baseline_15,30,cosine_error,0.0,0.0,neither_zero,True
dual_baseline_12,dual_baseline_15,30,log_norm_ratio,0.0,0.0,neither_zero,True
dual_baseline_12,dual_baseline_15,global,relative_l2,0.003421889491170461,0.004635654936816087,neither_zero,True
dual_baseline_12,dual_baseline_15,global,max_abs,6.338988896459341e-06,1.2831558706238866e-05,neither_zero,True
dual_baseline_12,dual_baseline_15,global,normalized_max_abs,0.002294096115639819,0.004643282139475585,neither_zero,True
dual_baseline_12,dual_baseline_15,global,cosine_error,5.701339276908968e-06,1.0575865077466773e-05,neither_zero,True
dual_baseline_12,dual_baseline_15,global,log_norm_ratio,0.0005596463545858147,0.0010316485953011402,neither_zero,True
dual_baseline_13,dual_baseline_14,0,relative_l2,0.0032712813304906475,0.004978674260685888,neither_zero,True
dual_baseline_13,dual_baseline_14,0,max_abs,4.08681808039546e-06,5.736132152378559e-06,neither_zero,True
dual_baseline_13,dual_baseline_14,0,normalized_max_abs,0.004399709238568502,0.006192826361056871,neither_zero,True
dual_baseline_13,dual_baseline_14,0,cosine_error,3.63088278088064e-06,7.484665592194517e-06,neither_zero,True
dual_baseline_13,dual_baseline_14,0,log_norm_ratio,0.0018599562948455495,0.003777023486159615,neither_zero,True
dual_baseline_13,dual_baseline_14,1,relative_l2,0.014263502240358179,0.015952985242397376,neither_zero,True
dual_baseline_13,dual_baseline_14,1,max_abs,5.677749868482351e-06,5.089648766443133e-06,neither_zero,False
dual_baseline_13,dual_baseline_14,1,normalized_max_abs,0.01790265980486444,0.01607678141142776,neither_zero,False
dual_baseline_13,dual_baseline_14,1,cosine_error,5.005384478962149e-05,8.974021253427278e-05,neither_zero,True
dual_baseline_13,dual_baseline_14,1,log_norm_ratio,0.010268335289932439,0.01033148320325094,neither_zero,True
dual_baseline_13,dual_baseline_14,2,relative_l2,0.00864190939610951,0.012225730577137722,neither_zero,True
dual_baseline_13,dual_baseline_14,2,max_abs,8.25774623081088e-06,1.2831558706238866e-05,neither_zero,True
dual_baseline_13,dual_baseline_14,2,normalized_max_abs,0.0107950300265236,0.016783472499923485,neither_zero,True
dual_baseline_13,dual_baseline_14,2,cosine_error,2.045095791325391e-05,5.026583216882763e-05,neither_zero,True
dual_baseline_13,dual_baseline_14,2,log_norm_ratio,0.005849678113054773,0.007179148275188371,neither_zero,True
dual_baseline_13,dual_baseline_14,4,relative_l2,0.009259895360916303,0.016380810982843528,neither_zero,True
dual_baseline_13,dual_baseline_14,4,max_abs,6.712652975693345e-06,8.44575697556138e-06,neither_zero,True
dual_baseline_13,dual_baseline_14,4,normalized_max_abs,0.012803745114181461,0.016074141544438997,neither_zero,True
dual_baseline_13,dual_baseline_14,4,cosine_error,4.19709121088907e-05,0.00012285228168884554,neither_zero,True
dual_baseline_13,dual_baseline_14,4,log_norm_ratio,0.0013866578289328459,0.005327457026495043,neither_zero,True
dual_baseline_13,dual_baseline_14,5,relative_l2,0.005652204239930012,0.007805855493977389,neither_zero,True
dual_baseline_13,dual_baseline_14,5,max_abs,3.7212303141131997e-06,5.148136551724747e-06,neither_zero,True
dual_baseline_13,dual_baseline_14,5,normalized_max_abs,0.006393801207466587,0.008874763416404587,neither_zero,True
dual_baseline_13,dual_baseline_14,5,cosine_error,1.0858194347429517e-05,3.0427404513311274e-05,neither_zero,True
dual_baseline_13,dual_baseline_14,5,log_norm_ratio,0.0032146352355385413,0.0033886982457443002,neither_zero,True
dual_baseline_13,dual_baseline_14,6,relative_l2,0.007970968345841316,0.011020743433856582,neither_zero,True
dual_baseline_13,dual_baseline_14,6,max_abs,3.2391835702583194e-06,6.665099135716446e-06,neither_zero,True
dual_baseline_13,dual_baseline_14,6,normalized_max_abs,0.006763010641559798,0.013866714402593882,neither_zero,True
dual_baseline_13,dual_baseline_14,6,cosine_error,3.0044036829157683e-05,5.874252614035402e-05,neither_zero,True
dual_baseline_13,dual_baseline_14,6,log_norm_ratio,0.0018890199813677154,0.0035581998671739695,neither_zero,True
dual_baseline_13,dual_baseline_14,8,relative_l2,0.006511766331194491,0.008564025905105863,neither_zero,True
dual_baseline_13,dual_baseline_14,8,max_abs,3.6451383493840694e-06,5.382622475735843e-06,neither_zero,True
dual_baseline_13,dual_baseline_14,8,normalized_max_abs,0.0057058339767502506,0.008432559856445568,neither_zero,True
dual_baseline_13,dual_baseline_14,8,cosine_error,1.9075181169725397e-05,3.5418715855439764e-05,neither_zero,True
dual_baseline_13,dual_baseline_14,8,log_norm_ratio,0.0020835493504886304,0.002221532760062789,neither_zero,True
dual_baseline_13,dual_baseline_14,9,relative_l2,0.00718045092418498,0.008995061866192235,neither_zero,True
dual_baseline_13,dual_baseline_14,9,max_abs,3.99931741412729e-06,5.001929821446538e-06,neither_zero,True
dual_baseline_13,dual_baseline_14,9,normalized_max_abs,0.007449830185800794,0.009293600893578658,neither_zero,True
dual_baseline_13,dual_baseline_14,9,cosine_error,2.514146048815391e-05,3.910651186989078e-05,neither_zero,True
dual_baseline_13,dual_baseline_14,9,log_norm_ratio,0.0011556703046341594,0.00368801209494457,neither_zero,True
dual_baseline_13,dual_baseline_14,10,relative_l2,0.007952293732363017,0.008728729853908311,neither_zero,True
dual_baseline_13,dual_baseline_14,10,max_abs,2.759195922408253e-06,3.9287988329306245e-06,neither_zero,True
dual_baseline_13,dual_baseline_14,10,normalized_max_abs,0.007334357714106322,0.010426545885027737,neither_zero,True
dual_baseline_13,dual_baseline_14,10,cosine_error,3.0385644216979202e-05,3.809578182345508e-05,neither_zero,True
dual_baseline_13,dual_baseline_14,10,log_norm_ratio,0.0016028507527125616,0.002393023139042078,neither_zero,True
dual_baseline_13,dual_baseline_14,12,relative_l2,0.00719322485599317,0.014015736108080684,neither_zero,True
dual_baseline_13,dual_baseline_14,12,max_abs,1.0984003893099725e-06,2.55455233855173e-06,neither_zero,True
dual_baseline_13,dual_baseline_14,12,normalized_max_abs,0.006501771197846568,0.015054503997840285,neither_zero,True
dual_baseline_13,dual_baseline_14,12,cosine_error,2.5851008831456745e-05,9.82239064827306e-05,neither_zero,True
dual_baseline_13,dual_baseline_14,12,log_norm_ratio,0.00022869342309898754,0.00207207803216622,neither_zero,True
dual_baseline_13,dual_baseline_14,13,relative_l2,0.0033128102441228307,0.007741936020715216,neither_zero,True
dual_baseline_13,dual_baseline_14,13,max_abs,9.429932106286287e-07,2.462809788994491e-06,neither_zero,True
dual_baseline_13,dual_baseline_14,13,normalized_max_abs,0.00330882360450076,0.00864088762460369,neither_zero,True
dual_baseline_13,dual_baseline_14,13,cosine_error,5.4665699191769335e-06,2.6346127260379326e-05,neither_zero,True
dual_baseline_13,dual_baseline_14,13,log_norm_ratio,0.0002094535913531769,0.0032562324122055097,neither_zero,True
dual_baseline_13,dual_baseline_14,14,relative_l2,0.005958616214055769,0.008992452874951542,neither_zero,True
dual_baseline_13,dual_baseline_14,14,max_abs,9.87587554845959e-07,1.5739624359412119e-06,neither_zero,True
dual_baseline_13,dual_baseline_14,14,normalized_max_abs,0.005535358425805448,0.008811026153125909,neither_zero,True
dual_baseline_13,dual_baseline_14,14,cosine_error,1.774268597187767e-05,3.9775246220341565e-05,neither_zero,True
dual_baseline_13,dual_baseline_14,14,log_norm_ratio,0.0001593535543861109,0.0019330804438689592,neither_zero,True
dual_baseline_13,dual_baseline_14,16,relative_l2,0.005086037834751497,0.007620824525479025,neither_zero,True
dual_baseline_13,dual_baseline_14,16,max_abs,7.961425581015646e-07,1.3034514267928898e-06,neither_zero,True
dual_baseline_13,dual_baseline_14,16,normalized_max_abs,0.005306032907189691,0.008701614829694712,neither_zero,True
dual_baseline_13,dual_baseline_14,16,cosine_error,1.2800197396800606e-05,2.782446342897149e-05,neither_zero,True
dual_baseline_13,dual_baseline_14,16,log_norm_ratio,0.0005301929895389841,0.0031779925128892607,neither_zero,True
dual_baseline_13,dual_baseline_14,17,relative_l2,0.0045942644901159815,0.005534928052167607,neither_zero,True
dual_baseline_13,dual_baseline_14,17,max_abs,7.444614311680198e-07,8.988927220343612e-07,neither_zero,True
dual_baseline_13,dual_baseline_14,17,normalized_max_abs,0.005127720421114754,0.0061839138989365555,neither_zero,True
dual_baseline_13,dual_baseline_14,17,cosine_error,1.04935471824108e-05,1.4941669529644486e-05,neither_zero,True
dual_baseline_13,dual_baseline_14,17,log_norm_ratio,0.0003573742833455561,0.000894787458013844,neither_zero,True
dual_baseline_13,dual_baseline_14,18,relative_l2,0.0034692602518128627,0.004380488414895319,neither_zero,True
dual_baseline_13,dual_baseline_14,18,max_abs,6.476548151113093e-07,7.22138793207705e-07,neither_zero,True
dual_baseline_13,dual_baseline_14,18,normalized_max_abs,0.004534070550429125,0.005053519444058889,neither_zero,True
dual_baseline_13,dual_baseline_14,18,cosine_error,5.827571980532298e-06,8.73060884420962e-06,neither_zero,True
dual_baseline_13,dual_baseline_14,18,log_norm_ratio,0.0006229954105557859,0.001604572549879792,neither_zero,True
dual_baseline_13,dual_baseline_14,20,relative_l2,0.0006590535414199417,0.0010616167643221583,neither_zero,True
dual_baseline_13,dual_baseline_14,20,max_abs,1.5304394764825702e-06,2.756016328930855e-06,neither_zero,True
dual_baseline_13,dual_baseline_14,20,normalized_max_abs,0.0005540464338861417,0.000997026692384795,neither_zero,True
dual_baseline_13,dual_baseline_14,20,cosine_error,2.077227819752281e-07,4.7082103937778896e-07,neither_zero,True
dual_baseline_13,dual_baseline_14,20,log_norm_ratio,0.00013771646380979517,0.0009293720826819763,neither_zero,True
dual_baseline_13,dual_baseline_14,21,relative_l2,0.0036376429355280213,0.004323186370158716,neither_zero,True
dual_baseline_13,dual_baseline_14,21,max_abs,2.069391484837979e-07,2.935594238806516e-07,neither_zero,True
dual_baseline_13,dual_baseline_14,21,normalized_max_abs,0.002923058850589314,0.004144121954371057,neither_zero,True
dual_baseline_13,dual_baseline_14,21,cosine_error,6.600620566565851e-06,9.249525750654186e-06,neither_zero,True
dual_baseline_13,dual_baseline_14,21,log_norm_ratio,0.00018339005647365354,0.0006183784601721593,neither_zero,True
dual_baseline_13,dual_baseline_14,22,relative_l2,0.0016930104780325118,0.005103790228521264,neither_zero,True
dual_baseline_13,dual_baseline_14,22,max_abs,1.1612928574322723e-07,3.671812009997666e-07,neither_zero,True
dual_baseline_13,dual_baseline_14,22,normalized_max_abs,0.0023441427045556434,0.007412819499277373,neither_zero,True
dual_baseline_13,dual_baseline_14,22,cosine_error,1.4329283822833716e-06,1.0907933527537494e-05,neither_zero,True
dual_baseline_13,dual_baseline_14,22,log_norm_ratio,2.2163939123629995e-05,0.002265181896953036,neither_zero,True
dual_baseline_13,dual_baseline_14,24,relative_l2,0.0013737162526743954,0.0017122126083897852,neither_zero,True
dual_baseline_13,dual_baseline_14,24,max_abs,9.800169209484011e-08,1.2684176908805966e-07,neither_zero,True
dual_baseline_13,dual_baseline_14,24,normalized_max_abs,0.0015157474333827357,0.0019622126888628306,neither_zero,True
dual_baseline_13,dual_baseline_14,24,cosine_error,9.429558455176235e-07,1.4152772563891247e-06,neither_zero,True
dual_baseline_13,dual_baseline_14,24,log_norm_ratio,3.5375230098246066e-05,0.0003603188849832159,neither_zero,True
dual_baseline_13,dual_baseline_14,25,relative_l2,0.0006378727239942959,0.0017711344664090643,neither_zero,True
dual_baseline_13,dual_baseline_14,25,max_abs,6.502523319795728e-08,2.0056904759258032e-07,neither_zero,True
dual_baseline_13,dual_baseline_14,25,normalized_max_abs,0.0005347355527162376,0.0016485301045123593,neither_zero,True
dual_baseline_13,dual_baseline_14,25,cosine_error,2.0206605366723807e-07,8.990412087017674e-07,neither_zero,True
dual_baseline_13,dual_baseline_14,25,log_norm_ratio,5.263953994932858e-05,0.0011586506914189442,neither_zero,True
dual_baseline_13,dual_baseline_14,26,relative_l2,0.0001274213370832132,0.00025021594891455644,neither_zero,True
dual_baseline_13,dual_baseline_14,26,max_abs,8.41100700199604e-09,1.8628270481713116e-08,neither_zero,True
dual_baseline_13,dual_baseline_14,26,normalized_max_abs,0.00011962003461737576,0.0002649272168026097,neither_zero,True
dual_baseline_13,dual_baseline_14,26,cosine_error,8.073982260548007e-09,2.389522768542207e-08,neither_zero,True
dual_baseline_13,dual_baseline_14,26,log_norm_ratio,9.401208058824142e-06,0.00012175872403741327,neither_zero,True
dual_baseline_13,dual_baseline_14,28,relative_l2,0.0,0.0,neither_zero,True
dual_baseline_13,dual_baseline_14,28,max_abs,0.0,0.0,neither_zero,True
dual_baseline_13,dual_baseline_14,28,normalized_max_abs,0.0,0.0,neither_zero,True
dual_baseline_13,dual_baseline_14,28,cosine_error,0.0,0.0,neither_zero,True
dual_baseline_13,dual_baseline_14,28,log_norm_ratio,0.0,0.0,neither_zero,True
dual_baseline_13,dual_baseline_14,29,relative_l2,0.0,0.0,neither_zero,True
dual_baseline_13,dual_baseline_14,29,max_abs,0.0,0.0,neither_zero,True
dual_baseline_13,dual_baseline_14,29,normalized_max_abs,0.0,0.0,neither_zero,True
dual_baseline_13,dual_baseline_14,29,cosine_error,0.0,0.0,neither_zero,True
dual_baseline_13,dual_baseline_14,29,log_norm_ratio,0.0,0.0,neither_zero,True
dual_baseline_13,dual_baseline_14,30,relative_l2,0.0,0.0,neither_zero,True
dual_baseline_13,dual_baseline_14,30,max_abs,0.0,0.0,neither_zero,True
dual_baseline_13,dual_baseline_14,30,normalized_max_abs,0.0,0.0,neither_zero,True
dual_baseline_13,dual_baseline_14,30,cosine_error,0.0,0.0,neither_zero,True
dual_baseline_13,dual_baseline_14,30,log_norm_ratio,0.0,0.0,neither_zero,True
dual_baseline_13,dual_baseline_14,global,relative_l2,0.003864218910869456,0.004635654936816087,neither_zero,True
dual_baseline_13,dual_baseline_14,global,max_abs,8.25774623081088e-06,1.2831558706238866e-05,neither_zero,True
dual_baseline_13,dual_baseline_14,global,normalized_max_abs,0.0029894516715111685,0.004643282139475585,neither_zero,True
dual_baseline_13,dual_baseline_14,global,cosine_error,7.351533362176532e-06,1.0575865077466773e-05,neither_zero,True
dual_baseline_13,dual_baseline_14,global,log_norm_ratio,0.0004861920784215099,0.0010316485953011402,neither_zero,True
dual_baseline_13,dual_baseline_15,0,relative_l2,0.0028080913917007512,0.004978674260685888,neither_zero,True
dual_baseline_13,dual_baseline_15,0,max_abs,3.721565008163452e-06,5.736132152378559e-06,neither_zero,True
dual_baseline_13,dual_baseline_15,0,normalized_max_abs,0.004016064761556833,0.006192826361056871,neither_zero,True
dual_baseline_13,dual_baseline_15,0,cosine_error,3.653094805433632e-06,7.484665592194517e-06,neither_zero,True
dual_baseline_13,dual_baseline_15,0,log_norm_ratio,0.0007649981890420573,0.003777023486159615,neither_zero,True
dual_baseline_13,dual_baseline_15,1,relative_l2,0.013159351167587463,0.015952985242397376,neither_zero,True
dual_baseline_13,dual_baseline_15,1,max_abs,4.60352748632431e-06,5.089648766443133e-06,neither_zero,True
dual_baseline_13,dual_baseline_15,1,normalized_max_abs,0.014515501457276472,0.01607678141142776,neither_zero,True
dual_baseline_13,dual_baseline_15,1,cosine_error,4.923056061845177e-05,8.974021253427278e-05,neither_zero,True
dual_baseline_13,dual_baseline_15,1,log_norm_ratio,0.008730717167599666,0.01033148320325094,neither_zero,True
dual_baseline_13,dual_baseline_15,2,relative_l2,0.007777831734770474,0.012225730577137722,neither_zero,True
dual_baseline_13,dual_baseline_15,2,max_abs,6.645786925218999e-06,1.2831558706238866e-05,neither_zero,True
dual_baseline_13,dual_baseline_15,2,normalized_max_abs,0.008687778408585499,0.016783472499923485,neither_zero,True
dual_baseline_13,dual_baseline_15,2,cosine_error,1.863621497233403e-05,5.026583216882763e-05,neither_zero,True
dual_baseline_13,dual_baseline_15,2,log_norm_ratio,0.004849356983103832,0.007179148275188371,neither_zero,True
dual_baseline_13,dual_baseline_15,4,relative_l2,0.007044206814693341,0.016380810982843528,neither_zero,True
dual_baseline_13,dual_baseline_15,4,max_abs,3.3059914130717516e-06,8.44575697556138e-06,neither_zero,True
dual_baseline_13,dual_baseline_15,4,normalized_max_abs,0.006311048293050696,0.016074141544438997,neither_zero,True
dual_baseline_13,dual_baseline_15,4,cosine_error,2.433368182575002e-05,0.00012285228168884554,neither_zero,True
dual_baseline_13,dual_baseline_15,4,log_norm_ratio,0.0010016043469244962,0.005327457026495043,neither_zero,True
dual_baseline_13,dual_baseline_15,5,relative_l2,0.0058645803460770675,0.007805855493977389,neither_zero,True
dual_baseline_13,dual_baseline_15,5,max_abs,3.879395080730319e-06,5.148136551724747e-06,neither_zero,True
dual_baseline_13,dual_baseline_15,5,normalized_max_abs,0.0066655591988867445,0.008874763416404587,neither_zero,True
dual_baseline_13,dual_baseline_15,5,cosine_error,1.0588958079704724e-05,3.0427404513311274e-05,neither_zero,True
dual_baseline_13,dual_baseline_15,5,log_norm_ratio,0.0036525641798002334,0.0033886982457443002,neither_zero,False
dual_baseline_13,dual_baseline_15,6,relative_l2,0.008091894658677318,0.011020743433856582,neither_zero,True
dual_baseline_13,dual_baseline_15,6,max_abs,4.029934643767774e-06,6.665099135716446e-06,neither_zero,True
dual_baseline_13,dual_baseline_15,6,normalized_max_abs,0.008415284625537686,0.013866714402593882,neither_zero,True
dual_baseline_13,dual_baseline_15,6,cosine_error,2.931429938690666e-05,5.874252614035402e-05,neither_zero,True
dual_baseline_13,dual_baseline_15,6,log_norm_ratio,0.0026502684258077717,0.0035581998671739695,neither_zero,True
dual_baseline_13,dual_baseline_15,8,relative_l2,0.007192477027173478,0.008564025905105863,neither_zero,True
dual_baseline_13,dual_baseline_15,8,max_abs,3.952533006668091e-06,5.382622475735843e-06,neither_zero,True
dual_baseline_13,dual_baseline_15,8,normalized_max_abs,0.0061870071755944145,0.008432559856445568,neither_zero,True
dual_baseline_13,dual_baseline_15,8,cosine_error,2.2371802152143516e-05,3.5418715855439764e-05,neither_zero,True
dual_baseline_13,dual_baseline_15,8,log_norm_ratio,0.002669532026413809,0.002221532760062789,neither_zero,False
dual_baseline_13,dual_baseline_15,9,relative_l2,0.007440120519480629,0.008995061866192235,neither_zero,True
dual_baseline_13,dual_baseline_15,9,max_abs,4.344459739513695e-06,5.001929821446538e-06,neither_zero,True
dual_baseline_13,dual_baseline_15,9,normalized_max_abs,0.00809275282679407,0.009293600893578658,neither_zero,True
dual_baseline_13,dual_baseline_15,9,cosine_error,2.7431987532855473e-05,3.910651186989078e-05,neither_zero,True
dual_baseline_13,dual_baseline_15,9,log_norm_ratio,0.0007292466750783715,0.00368801209494457,neither_zero,True
dual_baseline_13,dual_baseline_15,10,relative_l2,0.007867068063142286,0.008728729853908311,neither_zero,True
dual_baseline_13,dual_baseline_15,10,max_abs,2.7525093173608184e-06,3.9287988329306245e-06,neither_zero,True
dual_baseline_13,dual_baseline_15,10,normalized_max_abs,0.007316583712299292,0.010426545885027737,neither_zero,True
dual_baseline_13,dual_baseline_15,10,cosine_error,2.976071021854043e-05,3.809578182345508e-05,neither_zero,True
dual_baseline_13,dual_baseline_15,10,log_norm_ratio,0.001570546935256888,0.002393023139042078,neither_zero,True
dual_baseline_13,dual_baseline_15,12,relative_l2,0.0071937440743016804,0.014015736108080684,neither_zero,True
dual_baseline_13,dual_baseline_15,12,max_abs,1.1193078535143286e-06,2.55455233855173e-06,neither_zero,True
dual_baseline_13,dual_baseline_15,12,normalized_max_abs,0.006623721436381334,0.015054503997840285,neither_zero,True
dual_baseline_13,dual_baseline_15,12,cosine_error,2.583255194876788e-05,9.82239064827306e-05,neither_zero,True
dual_baseline_13,dual_baseline_15,12,log_norm_ratio,0.0003183164956076158,0.00207207803216622,neither_zero,True
dual_baseline_13,dual_baseline_15,13,relative_l2,0.003285555545891371,0.007741936020715216,neither_zero,True
dual_baseline_13,dual_baseline_15,13,max_abs,9.034592949319631e-07,2.462809788994491e-06,neither_zero,True
dual_baseline_13,dual_baseline_15,13,normalized_max_abs,0.0031696213602978866,0.00864088762460369,neither_zero,True
dual_baseline_13,dual_baseline_15,13,cosine_error,5.390469824617661e-06,2.6346127260379326e-05,neither_zero,True
dual_baseline_13,dual_baseline_15,13,log_norm_ratio,0.00012357023311295343,0.0032562324122055097,neither_zero,True
dual_baseline_13,dual_baseline_15,14,relative_l2,0.00591155798842292,0.008992452874951542,neither_zero,True
dual_baseline_13,dual_baseline_15,14,max_abs,9.864306775853038e-07,1.5739624359412119e-06,neither_zero,True
dual_baseline_13,dual_baseline_15,14,normalized_max_abs,0.005528874210546792,0.008811026153125909,neither_zero,True
dual_baseline_13,dual_baseline_15,14,cosine_error,1.7457690543065674e-05,3.9775246220341565e-05,neither_zero,True
dual_baseline_13,dual_baseline_15,14,log_norm_ratio,0.00019479426250858074,0.0019330804438689592,neither_zero,True
dual_baseline_13,dual_baseline_15,16,relative_l2,0.005089595938264823,0.007620824525479025,neither_zero,True
dual_baseline_13,dual_baseline_15,16,max_abs,8.173265086952597e-07,1.3034514267928898e-06,neither_zero,True
dual_baseline_13,dual_baseline_15,16,normalized_max_abs,0.005447217093125506,0.008701614829694712,neither_zero,True
dual_baseline_13,dual_baseline_15,16,cosine_error,1.283485664327344e-05,2.782446342897149e-05,neither_zero,True
dual_baseline_13,dual_baseline_15,16,log_norm_ratio,0.0004971466608651254,0.0031779925128892607,neither_zero,True
dual_baseline_13,dual_baseline_15,17,relative_l2,0.004619446336024385,0.005534928052167607,neither_zero,True
dual_baseline_13,dual_baseline_15,17,max_abs,7.525086402893066e-07,8.988927220343612e-07,neither_zero,True
dual_baseline_13,dual_baseline_15,17,normalized_max_abs,0.005182820921069221,0.0061839138989365555,neither_zero,True
dual_baseline_13,dual_baseline_15,17,cosine_error,1.0595385701916982e-05,1.4941669529644486e-05,neither_zero,True
dual_baseline_13,dual_baseline_15,17,log_norm_ratio,0.000396193390358408,0.000894787458013844,neither_zero,True
dual_baseline_13,dual_baseline_15,18,relative_l2,0.003467575897551005,0.004380488414895319,neither_zero,True
dual_baseline_13,dual_baseline_15,18,max_abs,6.563350325450301e-07,7.22138793207705e-07,neither_zero,True
dual_baseline_13,dual_baseline_15,18,normalized_max_abs,0.00459433919308601,0.005053519444058889,neither_zero,True
dual_baseline_13,dual_baseline_15,18,cosine_error,5.80547470230286e-06,8.73060884420962e-06,neither_zero,True
dual_baseline_13,dual_baseline_15,18,log_norm_ratio,0.0006487964991692912,0.001604572549879792,neither_zero,True
dual_baseline_13,dual_baseline_15,20,relative_l2,0.0007658424313507666,0.0010616167643221583,neither_zero,True
dual_baseline_13,dual_baseline_15,20,max_abs,1.886917743831873e-06,2.756016328930855e-06,neither_zero,True
dual_baseline_13,dual_baseline_15,20,normalized_max_abs,0.0006830340881144104,0.000997026692384795,neither_zero,True
dual_baseline_13,dual_baseline_15,20,cosine_error,2.9230234122046284e-07,4.7082103937778896e-07,neither_zero,True
dual_baseline_13,dual_baseline_15,20,log_norm_ratio,4.399715024312872e-05,0.0009293720826819763,neither_zero,True
dual_baseline_13,dual_baseline_15,21,relative_l2,0.0036491937022739905,0.004323186370158716,neither_zero,True
dual_baseline_13,dual_baseline_15,21,max_abs,2.1329287847038358e-07,2.935594238806516e-07,neither_zero,True
dual_baseline_13,dual_baseline_15,21,normalized_max_abs,0.003012806618508626,0.004144121954371057,neither_zero,True
dual_baseline_13,dual_baseline_15,21,cosine_error,6.635891422468454e-06,9.249525750654186e-06,neither_zero,True
dual_baseline_13,dual_baseline_15,21,log_norm_ratio,0.0002184990017868081,0.0006183784601721593,neither_zero,True
dual_baseline_13,dual_baseline_15,22,relative_l2,0.001751382379099028,0.005103790228521264,neither_zero,True
dual_baseline_13,dual_baseline_15,22,max_abs,1.1471729521872476e-07,3.671812009997666e-07,neither_zero,True
dual_baseline_13,dual_baseline_15,22,normalized_max_abs,0.002315640787354218,0.007412819499277373,neither_zero,True
dual_baseline_13,dual_baseline_15,22,cosine_error,1.533671292741623e-06,1.0907933527537494e-05,neither_zero,True
dual_baseline_13,dual_baseline_15,22,log_norm_ratio,1.4899445550323152e-06,0.002265181896953036,neither_zero,True
dual_baseline_13,dual_baseline_15,24,relative_l2,0.0013541728718366646,0.0017122126083897852,neither_zero,True
dual_baseline_13,dual_baseline_15,24,max_abs,9.279392543248832e-08,1.2684176908805966e-07,neither_zero,True
dual_baseline_13,dual_baseline_15,24,normalized_max_abs,0.0014352416621276711,0.0019622126888628306,neither_zero,True
dual_baseline_13,dual_baseline_15,24,cosine_error,9.163989074245649e-07,1.4152772563891247e-06,neither_zero,True
dual_baseline_13,dual_baseline_15,24,log_norm_ratio,3.2336485656431876e-05,0.0003603188849832159,neither_zero,True
dual_baseline_13,dual_baseline_15,25,relative_l2,0.0005694367371888539,0.0017711344664090643,neither_zero,True
dual_baseline_13,dual_baseline_15,25,max_abs,5.1659299060702324e-08,2.0056904759258032e-07,neither_zero,True
dual_baseline_13,dual_baseline_15,25,normalized_max_abs,0.00042477915073844567,0.0016485301045123593,neither_zero,True
dual_baseline_13,dual_baseline_15,25,cosine_error,1.5353129301232116e-07,8.990412087017674e-07,neither_zero,True
dual_baseline_13,dual_baseline_15,25,log_norm_ratio,0.00013129427128611478,0.0011586506914189442,neither_zero,True
dual_baseline_13,dual_baseline_15,26,relative_l2,2.4959474333055302e-05,0.00025021594891455644,neither_zero,True
dual_baseline_13,dual_baseline_15,26,max_abs,2.0609149942174554e-09,1.8628270481713116e-08,neither_zero,True
dual_baseline_13,dual_baseline_15,26,normalized_max_abs,2.9312427216958634e-05,0.0002649272168026097,neither_zero,True
dual_baseline_13,dual_baseline_15,26,cosine_error,2.940013787977591e-10,2.389522768542207e-08,neither_zero,True
dual_baseline_13,dual_baseline_15,26,log_norm_ratio,5.913880725185324e-06,0.00012175872403741327,neither_zero,True
dual_baseline_13,dual_baseline_15,28,relative_l2,0.0,0.0,neither_zero,True
dual_baseline_13,dual_baseline_15,28,max_abs,0.0,0.0,neither_zero,True
dual_baseline_13,dual_baseline_15,28,normalized_max_abs,0.0,0.0,neither_zero,True
dual_baseline_13,dual_baseline_15,28,cosine_error,0.0,0.0,neither_zero,True
dual_baseline_13,dual_baseline_15,28,log_norm_ratio,0.0,0.0,neither_zero,True
dual_baseline_13,dual_baseline_15,29,relative_l2,0.0,0.0,neither_zero,True
dual_baseline_13,dual_baseline_15,29,max_abs,0.0,0.0,neither_zero,True
dual_baseline_13,dual_baseline_15,29,normalized_max_abs,0.0,0.0,neither_zero,True
dual_baseline_13,dual_baseline_15,29,cosine_error,0.0,0.0,neither_zero,True
dual_baseline_13,dual_baseline_15,29,log_norm_ratio,0.0,0.0,neither_zero,True
dual_baseline_13,dual_baseline_15,30,relative_l2,0.0,0.0,neither_zero,True
dual_baseline_13,dual_baseline_15,30,max_abs,0.0,0.0,neither_zero,True
dual_baseline_13,dual_baseline_15,30,normalized_max_abs,0.0,0.0,neither_zero,True
dual_baseline_13,dual_baseline_15,30,cosine_error,0.0,0.0,neither_zero,True
dual_baseline_13,dual_baseline_15,30,log_norm_ratio,0.0,0.0,neither_zero,True
dual_baseline_13,dual_baseline_15,global,relative_l2,0.003670452525525754,0.004635654936816087,neither_zero,True
dual_baseline_13,dual_baseline_15,global,max_abs,6.645786925218999e-06,1.2831558706238866e-05,neither_zero,True
dual_baseline_13,dual_baseline_15,global,normalized_max_abs,0.0024056687299211115,0.004643282139475585,neither_zero,True
dual_baseline_13,dual_baseline_15,global,cosine_error,6.428057456431269e-06,1.0575865077466773e-05,neither_zero,True
dual_baseline_13,dual_baseline_15,global,log_norm_ratio,0.000791692410938715,0.0010316485953011402,neither_zero,True
dual_baseline_14,dual_baseline_15,0,relative_l2,0.003775172857473826,0.004978674260685888,neither_zero,True
dual_baseline_14,dual_baseline_15,0,max_abs,4.066154360771179e-06,5.736132152378559e-06,neither_zero,True
dual_baseline_14,dual_baseline_15,0,normalized_max_abs,0.0043774634824947836,0.006192826361056871,neither_zero,True
dual_baseline_14,dual_baseline_15,0,cosine_error,3.6994999562667275e-06,7.484665592194517e-06,neither_zero,True
dual_baseline_14,dual_baseline_15,0,log_norm_ratio,0.0026249544838874775,0.003777023486159615,neither_zero,True
dual_baseline_14,dual_baseline_15,1,relative_l2,0.008060088334256038,0.015952985242397376,neither_zero,True
dual_baseline_14,dual_baseline_15,1,max_abs,2.1972919057589024e-06,5.089648766443133e-06,neither_zero,True
dual_baseline_14,dual_baseline_15,1,normalized_max_abs,0.007030387478601088,0.01607678141142776,neither_zero,True
dual_baseline_14,dual_baseline_15,1,cosine_error,3.135036111601153e-05,8.974021253427278e-05,neither_zero,True
dual_baseline_14,dual_baseline_15,1,log_norm_ratio,0.0015376181223328345,0.01033148320325094,neither_zero,True
dual_baseline_14,dual_baseline_15,2,relative_l2,0.0048174803841160305,0.012225730577137722,neither_zero,True
dual_baseline_14,dual_baseline_15,2,max_abs,4.026507667731494e-06,1.2831558706238866e-05,neither_zero,True
dual_baseline_14,dual_baseline_15,2,normalized_max_abs,0.005284229820679614,0.016783472499923485,neither_zero,True
dual_baseline_14,dual_baseline_15,2,cosine_error,1.111535099429517e-05,5.026583216882763e-05,neither_zero,True
dual_baseline_14,dual_baseline_15,2,log_norm_ratio,0.0010003211299510076,0.007179148275188371,neither_zero,True
dual_baseline_14,dual_baseline_15,4,relative_l2,0.007346522718043721,0.016380810982843528,neither_zero,True
dual_baseline_14,dual_baseline_15,4,max_abs,4.512257874011993e-06,8.44575697556138e-06,neither_zero,True
dual_baseline_14,dual_baseline_15,4,normalized_max_abs,0.008606701391760905,0.016074141544438997,neither_zero,True
dual_baseline_14,dual_baseline_15,4,cosine_error,2.419832449918058e-05,0.00012285228168884554,neither_zero,True
dual_baseline_14,dual_baseline_15,4,log_norm_ratio,0.0023882621758575836,0.005327457026495043,neither_zero,True
dual_baseline_14,dual_baseline_15,5,relative_l2,0.0042091716022662935,0.007805855493977389,neither_zero,True
dual_baseline_14,dual_baseline_15,5,max_abs,2.961503923870623e-06,5.148136551724747e-06,neither_zero,True
dual_baseline_14,dual_baseline_15,5,normalized_max_abs,0.005115283843672836,0.008874763416404587,neither_zero,True
dual_baseline_14,dual_baseline_15,5,cosine_error,8.766552175965003e-06,3.0427404513311274e-05,neither_zero,True
dual_baseline_14,dual_baseline_15,5,log_norm_ratio,0.0004379289442616866,0.0033886982457443002,neither_zero,True
dual_baseline_14,dual_baseline_15,6,relative_l2,0.005664167462889131,0.011020743433856582,neither_zero,True
dual_baseline_14,dual_baseline_15,6,max_abs,2.4824985302984715e-06,6.665099135716446e-06,neither_zero,True
dual_baseline_14,dual_baseline_15,6,normalized_max_abs,0.005183146806565894,0.013866714402593882,neither_zero,True
dual_baseline_14,dual_baseline_15,6,cosine_error,1.5763863049023108e-05,5.874252614035402e-05,neither_zero,True
dual_baseline_14,dual_baseline_15,6,log_norm_ratio,0.0007612484444400824,0.0035581998671739695,neither_zero,True
dual_baseline_14,dual_baseline_15,8,relative_l2,0.0038201416323094543,0.008564025905105863,neither_zero,True
dual_baseline_14,dual_baseline_15,8,max_abs,2.5044719222933054e-06,5.382622475735843e-06,neither_zero,True
dual_baseline_14,dual_baseline_15,8,normalized_max_abs,0.003926940730954112,0.008432559856445568,neither_zero,True
dual_baseline_14,dual_baseline_15,8,cosine_error,7.129330207855666e-06,3.5418715855439764e-05,neither_zero,True
dual_baseline_14,dual_baseline_15,8,log_norm_ratio,0.0005859826759252745,0.002221532760062789,neither_zero,True
dual_baseline_14,dual_baseline_15,9,relative_l2,0.0023991388667803444,0.008995061866192235,neither_zero,True
dual_baseline_14,dual_baseline_15,9,max_abs,1.1140546121168882e-06,5.001929821446538e-06,neither_zero,True
dual_baseline_14,dual_baseline_15,9,normalized_max_abs,0.0020797228001550394,0.009293600893578658,neither_zero,True
dual_baseline_14,dual_baseline_15,9,cosine_error,2.7882425733816163e-06,3.910651186989078e-05,neither_zero,True
dual_baseline_14,dual_baseline_15,9,log_norm_ratio,0.0004264236295556999,0.00368801209494457,neither_zero,True
dual_baseline_14,dual_baseline_15,10,relative_l2,0.0013085972481551597,0.008728729853908311,neither_zero,True
dual_baseline_14,dual_baseline_15,10,max_abs,4.3248292058706284e-07,3.9287988329306245e-06,neither_zero,True
dual_baseline_14,dual_baseline_15,10,normalized_max_abs,0.0011528269123486149,0.010426545885027737,neither_zero,True
dual_baseline_14,dual_baseline_15,10,cosine_error,8.557192683333881e-07,3.809578182345508e-05,neither_zero,True
dual_baseline_14,dual_baseline_15,10,log_norm_ratio,3.230381745561867e-05,0.002393023139042078,neither_zero,True
dual_baseline_14,dual_baseline_15,12,relative_l2,0.0011703805703721084,0.014015736108080684,neither_zero,True
dual_baseline_14,dual_baseline_15,12,max_abs,1.9576691556721926e-07,2.55455233855173e-06,neither_zero,True
dual_baseline_14,dual_baseline_15,12,normalized_max_abs,0.0011584887134540643,0.015054503997840285,neither_zero,True
dual_baseline_14,dual_baseline_15,12,cosine_error,6.809405754815145e-07,9.82239064827306e-05,neither_zero,True
dual_baseline_14,dual_baseline_15,12,log_norm_ratio,8.96230725085576e-05,0.00207207803216622,neither_zero,True
dual_baseline_14,dual_baseline_15,13,relative_l2,0.0006867135280311373,0.007741936020715216,neither_zero,True
dual_baseline_14,dual_baseline_15,13,max_abs,1.8608261598274112e-07,2.462809788994491e-06,neither_zero,True
dual_baseline_14,dual_baseline_15,13,normalized_max_abs,0.0006528367550232821,0.00864088762460369,neither_zero,True
dual_baseline_14,dual_baseline_15,13,cosine_error,2.321200092136877e-07,2.6346127260379326e-05,neither_zero,True
dual_baseline_14,dual_baseline_15,13,log_norm_ratio,8.588335824013868e-05,0.0032562324122055097,neither_zero,True
dual_baseline_14,dual_baseline_15,14,relative_l2,0.0009062518511376857,0.008992452874951542,neither_zero,True
dual_baseline_14,dual_baseline_15,14,max_abs,1.7541515262564644e-07,1.5739624359412119e-06,neither_zero,True
dual_baseline_14,dual_baseline_15,14,normalized_max_abs,0.000983490980709868,0.008811026153125909,neither_zero,True
dual_baseline_14,dual_baseline_15,14,cosine_error,4.1003273931750073e-07,3.9775246220341565e-05,neither_zero,True
dual_baseline_14,dual_baseline_15,14,log_norm_ratio,3.544070812253816e-05,0.0019330804438689592,neither_zero,True
dual_baseline_14,dual_baseline_15,16,relative_l2,0.0005846785027415828,0.007620824525479025,neither_zero,True
dual_baseline_14,dual_baseline_15,16,max_abs,9.343420970253646e-08,1.3034514267928898e-06,neither_zero,True
dual_baseline_14,dual_baseline_15,16,normalized_max_abs,0.0006252528837881224,0.008701614829694712,neither_zero,True
dual_baseline_14,dual_baseline_15,16,cosine_error,1.7038409305669688e-07,2.782446342897149e-05,neither_zero,True
dual_baseline_14,dual_baseline_15,16,log_norm_ratio,3.304632867374784e-05,0.0031779925128892607,neither_zero,True
dual_baseline_14,dual_baseline_15,17,relative_l2,0.0006539538215747724,0.005534928052167607,neither_zero,True
dual_baseline_14,dual_baseline_15,17,max_abs,8.867118594935164e-08,8.988927220343612e-07,neither_zero,True
dual_baseline_14,dual_baseline_15,17,normalized_max_abs,0.0006107130908923989,0.0061839138989365555,neither_zero,True
dual_baseline_14,dual_baseline_15,17,cosine_error,2.1308263831176788e-07,1.4941669529644486e-05,neither_zero,True
dual_baseline_14,dual_baseline_15,17,log_norm_ratio,3.881910701290601e-05,0.000894787458013844,neither_zero,True
dual_baseline_14,dual_baseline_15,18,relative_l2,0.0005759740403946577,0.004380488414895319,neither_zero,True
dual_baseline_14,dual_baseline_15,18,max_abs,9.034920367412269e-08,7.22138793207705e-07,neither_zero,True
dual_baseline_14,dual_baseline_15,18,normalized_max_abs,0.0006324435949952945,0.005053519444058889,neither_zero,True
dual_baseline_14,dual_baseline_15,18,cosine_error,1.6554447845873455e-07,8.73060884420962e-06,neither_zero,True
dual_baseline_14,dual_baseline_15,18,log_norm_ratio,2.5801088613525767e-05,0.001604572549879792,neither_zero,True
dual_baseline_14,dual_baseline_15,20,relative_l2,0.0001943769339235964,0.0010616167643221583,neither_zero,True
dual_baseline_14,dual_baseline_15,20,max_abs,5.313195288181305e-07,2.756016328930855e-06,neither_zero,True
dual_baseline_14,dual_baseline_15,20,normalized_max_abs,0.00019232918395620626,0.000997026692384795,neither_zero,True
dual_baseline_14,dual_baseline_15,20,cosine_error,1.4501310707792925e-08,4.7082103937778896e-07,neither_zero,True
dual_baseline_14,dual_baseline_15,20,log_norm_ratio,9.371931356680287e-05,0.0009293720826819763,neither_zero,True
dual_baseline_14,dual_baseline_15,21,relative_l2,0.0004108587499283357,0.004323186370158716,neither_zero,True
dual_baseline_14,dual_baseline_15,21,max_abs,2.190608938690275e-08,2.935594238806516e-07,neither_zero,True
dual_baseline_14,dual_baseline_15,21,normalized_max_abs,0.0003095019647450971,0.004144121954371057,neither_zero,True
dual_baseline_14,dual_baseline_15,21,cosine_error,8.378909943651536e-08,9.249525750654186e-06,neither_zero,True
dual_baseline_14,dual_baseline_15,21,log_norm_ratio,3.510894531325091e-05,0.0006183784601721593,neither_zero,True
dual_baseline_14,dual_baseline_15,22,relative_l2,0.00033051627785022134,0.005103790228521264,neither_zero,True
dual_baseline_14,dual_baseline_15,22,max_abs,1.8485479813534766e-08,3.671812009997666e-07,neither_zero,True
dual_baseline_14,dual_baseline_15,22,normalized_max_abs,0.0003732497479163941,0.007412819499277373,neither_zero,True
dual_baseline_14,dual_baseline_15,22,cosine_error,5.434204264354037e-08,1.0907933527537494e-05,neither_zero,True
dual_baseline_14,dual_baseline_15,22,log_norm_ratio,2.365388367876534e-05,0.002265181896953036,neither_zero,True
dual_baseline_14,dual_baseline_15,24,relative_l2,0.00013090152409041776,0.0017122126083897852,neither_zero,True
dual_baseline_14,dual_baseline_15,24,max_abs,9.426003089174628e-09,1.2684176908805966e-07,neither_zero,True
dual_baseline_14,dual_baseline_15,24,normalized_max_abs,0.00014578768676409853,0.0019622126888628306,neither_zero,True
dual_baseline_14,dual_baseline_15,24,cosine_error,8.563012521278779e-09,1.4152772563891247e-06,neither_zero,True
dual_baseline_14,dual_baseline_15,24,log_norm_ratio,3.038744441837161e-06,0.0003603188849832159,neither_zero,True
dual_baseline_14,dual_baseline_15,25,relative_l2,0.0002914765577042931,0.0017711344664090643,neither_zero,True
dual_baseline_14,dual_baseline_15,25,max_abs,2.962769940495491e-08,2.0056904759258032e-07,neither_zero,True
dual_baseline_14,dual_baseline_15,25,normalized_max_abs,0.00024361981715590854,0.0016485301045123593,neither_zero,True
dual_baseline_14,dual_baseline_15,25,cosine_error,2.557128175872947e-08,8.990412087017674e-07,neither_zero,True
dual_baseline_14,dual_baseline_15,25,log_norm_ratio,0.00018393381123551822,0.0011586506914189442,neither_zero,True
dual_baseline_14,dual_baseline_15,26,relative_l2,0.00012052147019238667,0.00025021594891455644,neither_zero,True
dual_baseline_14,dual_baseline_15,26,max_abs,7.248672773130238e-09,1.8628270481713116e-08,neither_zero,True
dual_baseline_14,dual_baseline_15,26,normalized_max_abs,0.00010308949782660951,0.0002649272168026097,neither_zero,True
dual_baseline_14,dual_baseline_15,26,cosine_error,7.256655942811108e-09,2.389522768542207e-08,neither_zero,True
dual_baseline_14,dual_baseline_15,26,log_norm_ratio,3.487327333753891e-06,0.00012175872403741327,neither_zero,True
dual_baseline_14,dual_baseline_15,28,relative_l2,0.0,0.0,neither_zero,True
dual_baseline_14,dual_baseline_15,28,max_abs,0.0,0.0,neither_zero,True
dual_baseline_14,dual_baseline_15,28,normalized_max_abs,0.0,0.0,neither_zero,True
dual_baseline_14,dual_baseline_15,28,cosine_error,0.0,0.0,neither_zero,True
dual_baseline_14,dual_baseline_15,28,log_norm_ratio,0.0,0.0,neither_zero,True
dual_baseline_14,dual_baseline_15,29,relative_l2,0.0,0.0,neither_zero,True
dual_baseline_14,dual_baseline_15,29,max_abs,0.0,0.0,neither_zero,True
dual_baseline_14,dual_baseline_15,29,normalized_max_abs,0.0,0.0,neither_zero,True
dual_baseline_14,dual_baseline_15,29,cosine_error,0.0,0.0,neither_zero,True
dual_baseline_14,dual_baseline_15,29,log_norm_ratio,0.0,0.0,neither_zero,True
dual_baseline_14,dual_baseline_15,30,relative_l2,0.0,0.0,neither_zero,True
dual_baseline_14,dual_baseline_15,30,max_abs,0.0,0.0,neither_zero,True
dual_baseline_14,dual_baseline_15,30,normalized_max_abs,0.0,0.0,neither_zero,True
dual_baseline_14,dual_baseline_15,30,cosine_error,0.0,0.0,neither_zero,True
dual_baseline_14,dual_baseline_15,30,log_norm_ratio,0.0,0.0,neither_zero,True
dual_baseline_14,dual_baseline_15,global,relative_l2,0.002566982466339938,0.004635654936816087,neither_zero,True
dual_baseline_14,dual_baseline_15,global,max_abs,4.512257874011993e-06,1.2831558706238866e-05,neither_zero,True
dual_baseline_14,dual_baseline_15,global,normalized_max_abs,0.0016333652870601566,0.004643282139475585,neither_zero,True
dual_baseline_14,dual_baseline_15,global,cosine_error,3.2490409488383776e-06,1.0575865077466773e-05,neither_zero,True
dual_baseline_14,dual_baseline_15,global,log_norm_ratio,0.0003055003325171593,0.0010316485953011402,neither_zero,True
