pair_a,pair_b,scope,metric,value,envelope,zero_case,within
single_baseline_06,dual_baseline_11,0,relative_l2,0.04471346007446335,0.06824693312551014,neither_zero,True
single_baseline_06,dual_baseline_11,0,max_abs,0.005793840158730745,0.0059624831192195415,neither_zero,True
single_baseline_06,dual_baseline_11,0,normalized_max_abs,1.9313008706485326,1.9875157967593196,neither_zero,True
single_baseline_06,dual_baseline_11,0,cosine_error,0.0009997183023038314,0.0023289119890768095,neither_zero,True
single_baseline_06,dual_baseline_11,0,log_norm_ratio,7.433254993066454e-05,0.00013442475574679274,neither_zero,True
single_baseline_06,dual_baseline_11,1,relative_l2,0.11938540378532728,0.13775838756793352,neither_zero,True
single_baseline_06,dual_baseline_11,1,max_abs,0.005920520750805736,0.005959174828603864,neither_zero,True
single_baseline_06,dual_baseline_11,1,normalized_max_abs,1.973569699139089,1.9864546474587708,neither_zero,True
single_baseline_06,dual_baseline_11,1,cosine_error,0.007127294435624654,0.009490543321821088,neither_zero,True
single_baseline_06,dual_baseline_11,1,log_norm_ratio,0.00012129781643999715,0.000354146493600735,neither_zero,True
single_baseline_06,dual_baseline_11,2,relative_l2,0.08084114755297798,0.09472783252409434,neither_zero,True
single_baseline_06,dual_baseline_11,2,max_abs,0.005961328512057662,0.005975238047540188,neither_zero,True
single_baseline_06,dual_baseline_11,2,normalized_max_abs,1.9871353960431004,1.9917722774521038,neither_zero,True
single_baseline_06,dual_baseline_11,2,cosine_error,0.0032679201602267005,0.004487133243832653,neither_zero,True
single_baseline_06,dual_baseline_11,2,log_norm_ratio,8.513893494688603e-05,0.0001280474477327828,neither_zero,True
single_baseline_06,dual_baseline_11,4,relative_l2,0.0965604948804301,0.13372897703352327,neither_zero,True
single_baseline_06,dual_baseline_11,4,max_abs,0.005961989285424352,0.005976773798465729,neither_zero,True
single_baseline_06,dual_baseline_11,4,normalized_max_abs,1.9873678418242475,1.9922961072686851,neither_zero,True
single_baseline_06,dual_baseline_11,4,cosine_error,0.004662407970255522,0.008942036081358573,neither_zero,True
single_baseline_06,dual_baseline_11,4,log_norm_ratio,9.609250196355746e-05,0.0001512792312364743,neither_zero,True
single_baseline_06,dual_baseline_11,5,relative_l2,0.07436995310142955,0.11086688207218229,neither_zero,True
single_baseline_06,dual_baseline_11,5,max_abs,0.005949073471128941,0.005959352012723684,neither_zero,True
single_baseline_06,dual_baseline_11,5,normalized_max_abs,1.9830587940918047,1.9864851880660115,neither_zero,True
single_baseline_06,dual_baseline_11,5,cosine_error,0.002765615005573596,0.006145754620427768,neither_zero,True
single_baseline_06,dual_baseline_11,5,log_norm_ratio,6.218587531813914e-05,0.00010396011900955024,neither_zero,True
single_baseline_06,dual_baseline_11,6,relative_l2,0.11210634259541032,0.12145219557566955,neither_zero,True
single_baseline_06,dual_baseline_11,6,max_abs,0.005931008607149124,0.005959737114608288,neither_zero,True
single_baseline_06,dual_baseline_11,6,normalized_max_abs,1.9770442803488684,1.9866206500891914,neither_zero,True
single_baseline_06,dual_baseline_11,6,cosine_error,0.006284704490982174,0.007375358114384278,neither_zero,True
single_baseline_06,dual_baseline_11,6,log_norm_ratio,0.00012674380811906298,0.0001067684111316779,neither_zero,False
single_baseline_06,dual_baseline_11,8,relative_l2,0.06802550202418471,0.10452082796646944,neither_zero,True
single_baseline_06,dual_baseline_11,8,max_abs,0.005959534319117665,0.005964341107755899,neither_zero,True
single_baseline_06,dual_baseline_11,8,normalized_max_abs,1.9865427201675414,1.9881450082768717,neither_zero,True
single_baseline_06,dual_baseline_11,8,cosine_error,0.0023140540018514733,0.005462305636124598,neither_zero,True
single_baseline_06,dual_baseline_11,8,log_norm_ratio,0.00014248227265119875,0.00011319355897037096,neither_zero,False
single_baseline_06,dual_baseline_11,9,relative_l2,0.10317890006191076,0.11375555232581419,neither_zero,True
single_baseline_06,dual_baseline_11,9,max_abs,0.0059147668071091175,0.005957070272415876,neither_zero,True
single_baseline_06,dual_baseline_11,9,normalized_max_abs,1.97162579597554,1.9857270605934405,neither_zero,True
single_baseline_06,dual_baseline_11,9,cosine_error,0.005323173739535614,0.0064710255121182,neither_zero,True
single_baseline_06,dual_baseline_11,9,log_norm_ratio,4.3580237737244034e-05,0.00018101471761390988,neither_zero,True
single_baseline_06,dual_baseline_11,10,relative_l2,0.1029913902359859,0.11462983090523451,neither_zero,True
single_baseline_06,dual_baseline_11,10,max_abs,0.0058920730371028185,0.00594778242520988,neither_zero,True
single_baseline_06,dual_baseline_11,10,normalized_max_abs,1.9640766129442226,1.9826470570430124,neither_zero,True
single_baseline_06,dual_baseline_11,10,cosine_error,0.005303955635343804,0.006571025593287261,neither_zero,True
single_baseline_06,dual_baseline_11,10,log_norm_ratio,6.495617686025677e-05,0.0001985496010601438,neither_zero,True
single_baseline_06,dual_baseline_11,12,relative_l2,0.09504351885984373,0.1281904108794343,neither_zero,True
single_baseline_06,dual_baseline_11,12,max_abs,0.005850475747138262,0.005939641036093235,neither_zero,True
single_baseline_06,dual_baseline_11,12,normalized_max_abs,1.9502742053833946,1.9799972695114094,neither_zero,True
single_baseline_06,dual_baseline_11,12,cosine_error,0.004517082862277921,0.008216884210253905,neither_zero,True
single_baseline_06,dual_baseline_11,12,log_norm_ratio,0.00010021225840282181,0.0003993144073782176,neither_zero,True
single_baseline_06,dual_baseline_11,13,relative_l2,0.06288260438909117,0.08811547143108552,neither_zero,True
single_baseline_06,dual_baseline_11,13,max_abs,0.005898136645555496,0.005892634857445955,neither_zero,False
single_baseline_06,dual_baseline_11,13,normalized_max_abs,1.966114654961186,1.9642808135823902,neither_zero,False
single_baseline_06,dual_baseline_11,13,cosine_error,0.0019773026614220424,0.003882467918829735,neither_zero,True
single_baseline_06,dual_baseline_11,13,log_norm_ratio,9.945305406997935e-05,0.00017695298734545184,neither_zero,True
single_baseline_06,dual_baseline_11,14,relative_l2,0.08774542139059432,0.09979719351372945,neither_zero,True
single_baseline_06,dual_baseline_11,14,max_abs,0.005786469206213951,0.005890344735234976,neither_zero,True
single_baseline_06,dual_baseline_11,14,normalized_max_abs,1.9289312885205956,1.9635584075632604,neither_zero,True
single_baseline_06,dual_baseline_11,14,cosine_error,0.0038501429155273215,0.004980025156854584,neither_zero,True
single_baseline_06,dual_baseline_11,14,log_norm_ratio,0.00013575521733723143,0.0002657099935791046,neither_zero,True
single_baseline_06,dual_baseline_11,16,relative_l2,0.07657520094644688,0.08436554172823829,neither_zero,True
single_baseline_06,dual_baseline_11,16,max_abs,0.00577507889829576,0.005808895919471979,neither_zero,True
single_baseline_06,dual_baseline_11,16,normalized_max_abs,1.9251550755818827,1.9364281700460415,neither_zero,True
single_baseline_06,dual_baseline_11,16,cosine_error,0.002932644283290209,0.003559225492313911,neither_zero,True
single_baseline_06,dual_baseline_11,16,log_norm_ratio,0.00027312599653765013,0.0002576750825546444,neither_zero,False
single_baseline_06,dual_baseline_11,17,relative_l2,0.0629100754782917,0.07984475971614276,neither_zero,True
single_baseline_06,dual_baseline_11,17,max_abs,0.005727329989895225,0.005828710272908211,neither_zero,True
single_baseline_06,dual_baseline_11,17,normalized_max_abs,1.9092415608986455,1.9430371665975241,neither_zero,True
single_baseline_06,dual_baseline_11,17,cosine_error,0.0019790721121225596,0.003187814275713241,neither_zero,True
single_baseline_06,dual_baseline_11,17,log_norm_ratio,0.00012163533516416878,0.0001790272257123107,neither_zero,True
single_baseline_06,dual_baseline_11,18,relative_l2,0.04071039154277749,0.05675008870631503,neither_zero,True
single_baseline_06,dual_baseline_11,18,max_abs,0.0052749174647033215,0.005600189324468374,neither_zero,True
single_baseline_06,dual_baseline_11,18,normalized_max_abs,1.7584290405486682,1.8668605919637218,neither_zero,True
single_baseline_06,dual_baseline_11,18,cosine_error,0.0008286952799047009,0.0016104724420231697,neither_zero,True
single_baseline_06,dual_baseline_11,18,log_norm_ratio,3.361369834835151e-05,0.00017426153486520073,neither_zero,True
single_baseline_06,dual_baseline_11,20,relative_l2,0.021506739484244933,0.03618305776935488,neither_zero,True
single_baseline_06,dual_baseline_11,20,max_abs,0.0056529417634010315,0.005794270662590861,neither_zero,True
single_baseline_06,dual_baseline_11,20,normalized_max_abs,1.8843207781538869,1.9314304327498888,neither_zero,True
single_baseline_06,dual_baseline_11,20,cosine_error,0.00023127993779348266,0.0006546084234719807,neither_zero,True
single_baseline_06,dual_baseline_11,20,log_norm_ratio,4.836565552090123e-05,3.119384705013665e-05,neither_zero,False
single_baseline_06,dual_baseline_11,21,relative_l2,0.0262787862022481,0.050826764560299505,neither_zero,True
single_baseline_06,dual_baseline_11,21,max_abs,0.003212729119695723,0.005037351744249463,neither_zero,True
single_baseline_06,dual_baseline_11,21,normalized_max_abs,1.0710611515258774,1.6793544432923737,neither_zero,True
single_baseline_06,dual_baseline_11,21,cosine_error,0.00034530081044503724,0.0012917344042318035,neither_zero,True
single_baseline_06,dual_baseline_11,21,log_norm_ratio,4.1630773276796754e-05,0.00022368858879896094,neither_zero,True
single_baseline_06,dual_baseline_11,22,relative_l2,0.009019760774330556,0.0577932887500439,neither_zero,True
single_baseline_06,dual_baseline_11,22,max_abs,0.0013375685957726091,0.005380292423069477,neither_zero,True
single_baseline_06,dual_baseline_11,22,normalized_max_abs,0.4459463883612052,1.793792894607881,neither_zero,True
single_baseline_06,dual_baseline_11,22,cosine_error,4.0678784754777375e-05,0.0016701450821178243,neither_zero,True
single_baseline_06,dual_baseline_11,22,log_norm_ratio,5.3706145663402574e-05,0.00012333987278905878,neither_zero,True
single_baseline_06,dual_baseline_11,24,relative_l2,0.005183394380428638,0.02795966456988454,neither_zero,True
single_baseline_06,dual_baseline_11,24,max_abs,0.0012358727981336415,0.004742427030578256,neither_zero,True
single_baseline_06,dual_baseline_11,24,normalized_max_abs,0.4120212941020313,1.5810536720436101,neither_zero,True
single_baseline_06,dual_baseline_11,24,cosine_error,1.343387586938416e-05,0.0003909045336550898,neither_zero,True
single_baseline_06,dual_baseline_11,24,log_norm_ratio,1.5889368999095775e-05,0.0001037535551461458,neither_zero,True
single_baseline_06,dual_baseline_11,25,relative_l2,0.0005697729185979992,0.020624469441589088,neither_zero,True
single_baseline_06,dual_baseline_11,25,max_abs,0.00010211020708084106,0.0037428823998197913,neither_zero,True
single_baseline_06,dual_baseline_11,25,normalized_max_abs,0.034039533080308416,1.2477301994024919,neither_zero,True
single_baseline_06,dual_baseline_11,25,cosine_error,1.623128755845471e-07,0.00021269104683663276,neither_zero,True
single_baseline_06,dual_baseline_11,25,log_norm_ratio,4.0928380922891225e-06,8.241009325611086e-05,neither_zero,True
single_baseline_06,dual_baseline_11,26,relative_l2,0.00010362012428693276,0.0030323136778769143,neither_zero,True
single_baseline_06,dual_baseline_11,26,max_abs,1.627590972930193e-05,0.0004952069721184671,neither_zero,True
single_baseline_06,dual_baseline_11,26,normalized_max_abs,0.005426074685614532,0.16509247524793977,neither_zero,True
single_baseline_06,dual_baseline_11,26,cosine_error,5.368509636838326e-09,4.597282226015409e-06,neither_zero,True
single_baseline_06,dual_baseline_11,26,log_norm_ratio,3.330949530294054e-07,2.4824088155444077e-05,neither_zero,True
single_baseline_06,dual_baseline_11,28,relative_l2,0.0,0.0,neither_zero,True
single_baseline_06,dual_baseline_11,28,max_abs,0.0,0.0,neither_zero,True
single_baseline_06,dual_baseline_11,28,normalized_max_abs,0.0,0.0,neither_zero,True
single_baseline_06,dual_baseline_11,28,cosine_error,0.0,0.0,neither_zero,True
single_baseline_06,dual_baseline_11,28,log_norm_ratio,0.0,0.0,neither_zero,True
single_baseline_06,dual_baseline_11,29,relative_l2,0.0,0.0,neither_zero,True
single_baseline_06,dual_baseline_11,29,max_abs,0.0,0.0,neither_zero,True
single_baseline_06,dual_baseline_11,29,normalized_max_abs,0.0,0.0,neither_zero,True
single_baseline_06,dual_baseline_11,29,cosine_error,0.0,0.0,neither_zero,True
single_baseline_06,dual_baseline_11,29,log_norm_ratio,0.0,0.0,neither_zero,True
single_baseline_06,dual_baseline_11,30,relative_l2,0.0,0.0,neither_zero,True
single_baseline_06,dual_baseline_11,30,max_abs,0.0,0.0,neither_zero,True
single_baseline_06,dual_baseline_11,30,normalized_max_abs,0.0,0.0,neither_zero,True
single_baseline_06,dual_baseline_11,30,cosine_error,0.0,0.0,neither_zero,True
single_baseline_06,dual_baseline_11,30,log_norm_ratio,0.0,0.0,neither_zero,True
single_baseline_06,dual_baseline_11,global,relative_l2,0.06763299917082644,0.07576209242758418,neither_zero,True
single_baseline_06,dual_baseline_11,global,max_abs,0.005961989285424352,0.005976773798465729,neither_zero,True
single_baseline_06,dual_baseline_11,global,normalized_max_abs,1.9873369937030723,1.9922651826504838,neither_zero,True
single_baseline_06,dual_baseline_11,global,cosine_error,0.0022871158805649605,0.002869989563512809,neither_zero,True
single_baseline_06,dual_baseline_11,global,log_norm_ratio,2.008717088748576e-06,2.5695636726825657e-05,neither_zero,True
single_baseline_06,dual_baseline_12,0,relative_l2,0.05160949697177142,0.06824693312551014,neither_zero,True
single_baseline_06,dual_baseline_12,0,max_abs,0.0059430517721921206,0.0059624831192195415,neither_zero,True
single_baseline_06,dual_baseline_12,0,normalized_max_abs,1.9810386112651044,1.9875157967593196,neither_zero,True
single_baseline_06,dual_baseline_12,0,cosine_error,0.0013319448296759129,0.0023289119890768095,neither_zero,True
single_baseline_06,dual_baseline_12,0,log_norm_ratio,0.00013839026688763936,0.00013442475574679274,neither_zero,False
single_baseline_06,dual_baseline_12,1,relative_l2,0.10729740142130977,0.13775838756793352,neither_zero,True
single_baseline_06,dual_baseline_12,1,max_abs,0.005904983961954713,0.005959174828603864,neither_zero,True
single_baseline_06,dual_baseline_12,1,normalized_max_abs,1.9683906047673436,1.9864546474587708,neither_zero,True
single_baseline_06,dual_baseline_12,1,cosine_error,0.005757629074338189,0.009490543321821088,neither_zero,True
single_baseline_06,dual_baseline_12,1,log_norm_ratio,0.00022371376038900597,0.000354146493600735,neither_zero,True
single_baseline_06,dual_baseline_12,2,relative_l2,0.07208049607905362,0.09472783252409434,neither_zero,True
single_baseline_06,dual_baseline_12,2,max_abs,0.005948483711108565,0.005975238047540188,neither_zero,True
single_baseline_06,dual_baseline_12,2,normalized_max_abs,1.9828537399375106,1.9917722774521038,neither_zero,True
single_baseline_06,dual_baseline_12,2,cosine_error,0.002597885062047278,0.004487133243832653,neither_zero,True
single_baseline_06,dual_baseline_12,2,log_norm_ratio,3.335882021737354e-05,0.0001280474477327828,neither_zero,True
single_baseline_06,dual_baseline_12,4,relative_l2,0.10701192765436852,0.13372897703352327,neither_zero,True
single_baseline_06,dual_baseline_12,4,max_abs,0.005973746534436941,0.005976773798465729,neither_zero,True
single_baseline_06,dual_baseline_12,4,normalized_max_abs,1.991286845376392,1.9922961072686851,neither_zero,True
single_baseline_06,dual_baseline_12,4,cosine_error,0.005725805515854998,0.008942036081358573,neither_zero,True
single_baseline_06,dual_baseline_12,4,log_norm_ratio,5.09950646640578e-06,0.0001512792312364743,neither_zero,True
single_baseline_06,dual_baseline_12,5,relative_l2,0.09232767712042389,0.11086688207218229,neither_zero,True
single_baseline_06,dual_baseline_12,5,max_abs,0.005940638016909361,0.005959352012723684,neither_zero,True
single_baseline_06,dual_baseline_12,5,normalized_max_abs,1.9802469273778571,1.9864851880660115,neither_zero,True
single_baseline_06,dual_baseline_12,5,cosine_error,0.004262369578486691,0.006145754620427768,neither_zero,True
single_baseline_06,dual_baseline_12,5,log_norm_ratio,3.997770277955973e-05,0.00010396011900955024,neither_zero,True
single_baseline_06,dual_baseline_12,6,relative_l2,0.11019864865008214,0.12145219557566955,neither_zero,True
single_baseline_06,dual_baseline_12,6,max_abs,0.005936202360317111,0.005959737114608288,neither_zero,True
single_baseline_06,dual_baseline_12,6,normalized_max_abs,1.9787755676685217,1.9866206500891914,neither_zero,True
single_baseline_06,dual_baseline_12,6,cosine_error,0.006072486581458425,0.007375358114384278,neither_zero,True
single_baseline_06,dual_baseline_12,6,log_norm_ratio,0.000102224252337163,0.0001067684111316779,neither_zero,True
single_baseline_06,dual_baseline_12,8,relative_l2,0.06475088806971606,0.10452082796646944,neither_zero,True
single_baseline_06,dual_baseline_12,8,max_abs,0.0058412919752299786,0.005964341107755899,neither_zero,True
single_baseline_06,dual_baseline_12,8,normalized_max_abs,1.9471279849067487,1.9881450082768717,neither_zero,True
single_baseline_06,dual_baseline_12,8,cosine_error,0.002096546230578311,0.005462305636124598,neither_zero,True
single_baseline_06,dual_baseline_12,8,log_norm_ratio,0.00010141961020010804,0.00011319355897037096,neither_zero,True
single_baseline_06,dual_baseline_12,9,relative_l2,0.08215594648924861,0.11375555232581419,neither_zero,True
single_baseline_06,dual_baseline_12,9,max_abs,0.00592023553326726,0.005957070272415876,neither_zero,True
single_baseline_06,dual_baseline_12,9,normalized_max_abs,1.97344873877551,1.9857270605934405,neither_zero,True
single_baseline_06,dual_baseline_12,9,cosine_error,0.003375088927304093,0.0064710255121182,neither_zero,True
single_baseline_06,dual_baseline_12,9,log_norm_ratio,8.6793102953553e-05,0.00018101471761390988,neither_zero,True
single_baseline_06,dual_baseline_12,10,relative_l2,0.10554889233523754,0.11462983090523451,neither_zero,True
single_baseline_06,dual_baseline_12,10,max_abs,0.005905547644942999,0.00594778242520988,neither_zero,True
single_baseline_06,dual_baseline_12,10,normalized_max_abs,1.9685684212062222,1.9826470570430124,neither_zero,True
single_baseline_06,dual_baseline_12,10,cosine_error,0.005570853993990488,0.006571025593287261,neither_zero,True
single_baseline_06,dual_baseline_12,10,log_norm_ratio,0.00010321819943399264,0.0001985496010601438,neither_zero,True
single_baseline_06,dual_baseline_12,12,relative_l2,0.08799394019241635,0.1281904108794343,neither_zero,True
single_baseline_06,dual_baseline_12,12,max_abs,0.005804087733849883,0.005939641036093235,neither_zero,True
single_baseline_06,dual_baseline_12,12,normalized_max_abs,1.9348106175205513,1.9799972695114094,neither_zero,True
single_baseline_06,dual_baseline_12,12,cosine_error,0.003871648872216471,0.008216884210253905,neither_zero,True
single_baseline_06,dual_baseline_12,12,log_norm_ratio,4.7328988561451e-05,0.0003993144073782176,neither_zero,True
single_baseline_06,dual_baseline_12,13,relative_l2,0.08175656727012275,0.08811547143108552,neither_zero,True
single_baseline_06,dual_baseline_12,13,max_abs,0.005835214164108038,0.005892634857445955,neither_zero,True
single_baseline_06,dual_baseline_12,13,normalized_max_abs,1.9451399082056136,1.9642808135823902,neither_zero,True
single_baseline_06,dual_baseline_12,13,cosine_error,0.0033424687156151656,0.003882467918829735,neither_zero,True
single_baseline_06,dual_baseline_12,13,log_norm_ratio,0.00012207903716093322,0.00017695298734545184,neither_zero,True
single_baseline_06,dual_baseline_12,14,relative_l2,0.0782984605086111,0.09979719351372945,neither_zero,True
single_baseline_06,dual_baseline_12,14,max_abs,0.005847996333613992,0.005890344735234976,neither_zero,True
single_baseline_06,dual_baseline_12,14,normalized_max_abs,1.9494416329858217,1.9635584075632604,neither_zero,True
single_baseline_06,dual_baseline_12,14,cosine_error,0.003065403915444853,0.004980025156854584,neither_zero,True
single_baseline_06,dual_baseline_12,14,log_norm_ratio,2.6031245160038692e-05,0.0002657099935791046,neither_zero,True
single_baseline_06,dual_baseline_12,16,relative_l2,0.07326035903419556,0.08436554172823829,neither_zero,True
single_baseline_06,dual_baseline_12,16,max_abs,0.005749846575781703,0.005808895919471979,neither_zero,True
single_baseline_06,dual_baseline_12,16,normalized_max_abs,1.9167438875340257,1.9364281700460415,neither_zero,True
single_baseline_06,dual_baseline_12,16,cosine_error,0.00268386098809148,0.003559225492313911,neither_zero,True
single_baseline_06,dual_baseline_12,16,log_norm_ratio,0.0001223573111311558,0.0002576750825546444,neither_zero,True
single_baseline_06,dual_baseline_12,17,relative_l2,0.05029392916734945,0.07984475971614276,neither_zero,True
single_baseline_06,dual_baseline_12,17,max_abs,0.005684497533366084,0.005828710272908211,neither_zero,True
single_baseline_06,dual_baseline_12,17,normalized_max_abs,1.894963091471338,1.9430371665975241,neither_zero,True
single_baseline_06,dual_baseline_12,17,cosine_error,0.0012647724042744724,0.003187814275713241,neither_zero,True
single_baseline_06,dual_baseline_12,17,log_norm_ratio,2.6163941825261013e-05,0.0001790272257123107,neither_zero,True
single_baseline_06,dual_baseline_12,18,relative_l2,0.046761315911327865,0.05675008870631503,neither_zero,True
single_baseline_06,dual_baseline_12,18,max_abs,0.005492512369528413,0.005600189324468374,neither_zero,True
single_baseline_06,dual_baseline_12,18,normalized_max_abs,1.8309657583798322,1.8668605919637218,neither_zero,True
single_baseline_06,dual_baseline_12,18,cosine_error,0.0010934697366739021,0.0016104724420231697,neither_zero,True
single_baseline_06,dual_baseline_12,18,log_norm_ratio,0.0001570695175184636,0.00017426153486520073,neither_zero,True
single_baseline_06,dual_baseline_12,20,relative_l2,0.0012861347391051857,0.03618305776935488,neither_zero,True
single_baseline_06,dual_baseline_12,20,max_abs,0.0002794272731989622,0.005794270662590861,neither_zero,True
single_baseline_06,dual_baseline_12,20,normalized_max_abs,0.09314277057388466,1.9314304327498888,neither_zero,True
single_baseline_06,dual_baseline_12,20,cosine_error,8.27069266517988e-07,0.0006546084234719807,neither_zero,True
single_baseline_06,dual_baseline_12,20,log_norm_ratio,2.9984544566823296e-06,3.119384705013665e-05,neither_zero,True
single_baseline_06,dual_baseline_12,21,relative_l2,0.021752637732902015,0.050826764560299505,neither_zero,True
single_baseline_06,dual_baseline_12,21,max_abs,0.002935578813776374,0.005037351744249463,neither_zero,True
single_baseline_06,dual_baseline_12,21,normalized_max_abs,0.9786646516205753,1.6793544432923737,neither_zero,True
single_baseline_06,dual_baseline_12,21,cosine_error,0.00023659529630781773,0.0012917344042318035,neither_zero,True
single_baseline_06,dual_baseline_12,21,log_norm_ratio,3.0118021265136914e-05,0.00022368858879896094,neither_zero,True
single_baseline_06,dual_baseline_12,22,relative_l2,0.005818979279066439,0.0577932887500439,neither_zero,True
single_baseline_06,dual_baseline_12,22,max_abs,0.0011200133885722607,0.005380292423069477,neither_zero,True
single_baseline_06,dual_baseline_12,22,normalized_max_abs,0.3734132876303038,1.793792894607881,neither_zero,True
single_baseline_06,dual_baseline_12,22,cosine_error,1.6930365618450516e-05,0.0016701450821178243,neither_zero,True
single_baseline_06,dual_baseline_12,22,log_norm_ratio,2.5605117591199215e-05,0.00012333987278905878,neither_zero,True
single_baseline_06,dual_baseline_12,24,relative_l2,0.0023782166239123383,0.02795966456988454,neither_zero,True
single_baseline_06,dual_baseline_12,24,max_abs,0.0005046575679443777,0.004742427030578256,neither_zero,True
single_baseline_06,dual_baseline_12,24,normalized_max_abs,0.16824521154344876,1.5810536720436101,neither_zero,True
single_baseline_06,dual_baseline_12,24,cosine_error,2.8279542868547836e-06,0.0003909045336550898,neither_zero,True
single_baseline_06,dual_baseline_12,24,log_norm_ratio,6.533357832127115e-06,0.0001037535551461458,neither_zero,True
single_baseline_06,dual_baseline_12,25,relative_l2,0.003701663150334027,0.020624469441589088,neither_zero,True
single_baseline_06,dual_baseline_12,25,max_abs,0.0008730919507797807,0.0037428823998197913,neither_zero,True
single_baseline_06,dual_baseline_12,25,normalized_max_abs,0.2910545692771947,1.2477301994024919,neither_zero,True
single_baseline_06,dual_baseline_12,25,cosine_error,6.8511668004367365e-06,0.00021269104683663276,neither_zero,True
single_baseline_06,dual_baseline_12,25,log_norm_ratio,2.012603805296072e-06,8.241009325611086e-05,neither_zero,True
single_baseline_06,dual_baseline_12,26,relative_l2,7.97643772811796e-05,0.0030323136778769143,neither_zero,True
single_baseline_06,dual_baseline_12,26,max_abs,1.210835762321949e-05,0.0004952069721184671,neither_zero,True
single_baseline_06,dual_baseline_12,26,normalized_max_abs,0.004036693117401365,0.16509247524793977,neither_zero,True
single_baseline_06,dual_baseline_12,26,cosine_error,3.181111929428937e-09,4.597282226015409e-06,neither_zero,True
single_baseline_06,dual_baseline_12,26,log_norm_ratio,3.6198750706605865e-07,2.4824088155444077e-05,neither_zero,True
single_baseline_06,dual_baseline_12,28,relative_l2,0.0,0.0,neither_zero,True
single_baseline_06,dual_baseline_12,28,max_abs,0.0,0.0,neither_zero,True
single_baseline_06,dual_baseline_12,28,normalized_max_abs,0.0,0.0,neither_zero,True
single_baseline_06,dual_baseline_12,28,cosine_error,0.0,0.0,neither_zero,True
single_baseline_06,dual_baseline_12,28,log_norm_ratio,0.0,0.0,neither_zero,True
single_baseline_06,dual_baseline_12,29,relative_l2,0.0,0.0,neither_zero,True
single_baseline_06,dual_baseline_12,29,max_abs,0.0,0.0,neither_zero,True
single_baseline_06,dual_baseline_12,29,normalized_max_abs,0.0,0.0,neither_zero,True
single_baseline_06,dual_baseline_12,29,cosine_error,0.0,0.0,neither_zero,True
single_baseline_06,dual_baseline_12,29,log_norm_ratio,0.0,0.0,neither_zero,True
single_baseline_06,dual_baseline_12,30,relative_l2,0.0,0.0,neither_zero,True
single_baseline_06,dual_baseline_12,30,max_abs,0.0,0.0,neither_zero,True
single_baseline_06,dual_baseline_12,30,normalized_max_abs,0.0,0.0,neither_zero,True
single_baseline_06,dual_baseline_12,30,cosine_error,0.0,0.0,neither_zero,True
single_baseline_06,dual_baseline_12,30,log_norm_ratio,0.0,0.0,neither_zero,True
single_baseline_06,dual_baseline_12,global,relative_l2,0.06614316431102067,0.07576209242758418,neither_zero,True
single_baseline_06,dual_baseline_12,global,max_abs,0.005973746534436941,0.005976773798465729,neither_zero,True
single_baseline_06,dual_baseline_12,global,normalized_max_abs,1.9912562455112026,1.9922651826504838,neither_zero,True
single_baseline_06,dual_baseline_12,global,cosine_error,0.0021875135068294416,0.002869989563512809,neither_zero,True
single_baseline_06,dual_baseline_12,global,log_norm_ratio,2.501832747423021e-05,2.5695636726825657e-05,neither_zero,True
single_baseline_06,dual_baseline_13,0,relative_l2,0.04918521941202464,0.06824693312551014,neither_zero,True
single_baseline_06,dual_baseline_13,0,max_abs,0.005871342262253165,0.0059624831192195415,neither_zero,True
single_baseline_06,dual_baseline_13,0,normalized_max_abs,1.957135183627359,1.9875157967593196,neither_zero,True
single_baseline_06,dual_baseline_13,0,cosine_error,0.0012096051116279316,0.0023289119890768095,neither_zero,True
single_baseline_06,dual_baseline_13,0,log_norm_ratio,1.013449800241237e-05,0.00013442475574679274,neither_zero,True
single_baseline_06,dual_baseline_13,1,relative_l2,0.1091850195288024,0.13775838756793352,neither_zero,True
single_baseline_06,dual_baseline_13,1,max_abs,0.0059009932447224855,0.005959174828603864,neither_zero,True
single_baseline_06,dual_baseline_13,1,normalized_max_abs,1.9670598653653093,1.9864546474587708,neither_zero,True
single_baseline_06,dual_baseline_13,1,cosine_error,0.005961600287475388,0.009490543321821088,neither_zero,True
single_baseline_06,dual_baseline_13,1,log_norm_ratio,0.00015570226984771795,0.000354146493600735,neither_zero,True
single_baseline_06,dual_baseline_13,2,relative_l2,0.04774040812808496,0.09472783252409434,neither_zero,True
single_baseline_06,dual_baseline_13,2,max_abs,0.005921943113207817,0.005975238047540188,neither_zero,True
single_baseline_06,dual_baseline_13,2,normalized_max_abs,1.9740067586959886,1.9917722774521038,neither_zero,True
single_baseline_06,dual_baseline_13,2,cosine_error,0.0011396016870840464,0.004487133243832653,neither_zero,True
single_baseline_06,dual_baseline_13,2,log_norm_ratio,2.520258397703718e-05,0.0001280474477327828,neither_zero,True
single_baseline_06,dual_baseline_13,4,relative_l2,0.11920565200802495,0.13372897703352327,neither_zero,True
single_baseline_06,dual_baseline_13,4,max_abs,0.005960243288427591,0.005976773798465729,neither_zero,True
single_baseline_06,dual_baseline_13,4,normalized_max_abs,1.986785831673413,1.9922961072686851,neither_zero,True
single_baseline_06,dual_baseline_13,4,cosine_error,0.007105559522240568,0.008942036081358573,neither_zero,True
single_baseline_06,dual_baseline_13,4,log_norm_ratio,8.008037526832944e-05,0.0001512792312364743,neither_zero,True
single_baseline_06,dual_baseline_13,5,relative_l2,0.0773827804811151,0.11086688207218229,neither_zero,True
single_baseline_06,dual_baseline_13,5,max_abs,0.00595234869979322,0.005959352012723684,neither_zero,True
single_baseline_06,dual_baseline_13,5,normalized_max_abs,1.9841505558656136,1.9864851880660115,neither_zero,True
single_baseline_06,dual_baseline_13,5,cosine_error,0.0029941862831665,0.006145754620427768,neither_zero,True
single_baseline_06,dual_baseline_13,5,log_norm_ratio,4.676474841998803e-05,0.00010396011900955024,neither_zero,True
single_baseline_06,dual_baseline_13,6,relative_l2,0.09327275689890305,0.12145219557566955,neither_zero,True
single_baseline_06,dual_baseline_13,6,max_abs,0.005938065238296986,0.005959737114608288,neither_zero,True
single_baseline_06,dual_baseline_13,6,normalized_max_abs,1.9793965400020739,1.9866206500891914,neither_zero,True
single_baseline_06,dual_baseline_13,6,cosine_error,0.004350588083438578,0.007375358114384278,neither_zero,True
single_baseline_06,dual_baseline_13,6,log_norm_ratio,0.00016029911440678868,0.0001067684111316779,neither_zero,False
single_baseline_06,dual_baseline_13,8,relative_l2,0.07072331892621343,0.10452082796646944,neither_zero,True
single_baseline_06,dual_baseline_13,8,max_abs,0.005943783558905125,0.005964341107755899,neither_zero,True
single_baseline_06,dual_baseline_13,8,normalized_max_abs,1.9812923840906178,1.9881450082768717,neither_zero,True
single_baseline_06,dual_baseline_13,8,cosine_error,0.002501272141195221,0.005462305636124598,neither_zero,True
single_baseline_06,dual_baseline_13,8,log_norm_ratio,0.00015609352764429268,0.00011319355897037096,neither_zero,False
single_baseline_06,dual_baseline_13,9,relative_l2,0.0916456326535187,0.11375555232581419,neither_zero,True
single_baseline_06,dual_baseline_13,9,max_abs,0.005928286584094167,0.005957070272415876,neither_zero,True
single_baseline_06,dual_baseline_13,9,normalized_max_abs,1.9761324725578733,1.9857270605934405,neither_zero,True
single_baseline_06,dual_baseline_13,9,cosine_error,0.004200064075689625,0.0064710255121182,neither_zero,True
single_baseline_06,dual_baseline_13,9,log_norm_ratio,0.00014614193261559737,0.00018101471761390988,neither_zero,True
single_baseline_06,dual_baseline_13,10,relative_l2,0.09042930740381085,0.11462983090523451,neither_zero,True
single_baseline_06,dual_baseline_13,10,max_abs,0.005896772025153041,0.00594778242520988,neither_zero,True
single_baseline_06,dual_baseline_13,10,normalized_max_abs,1.9656431365359992,1.9826470570430124,neither_zero,True
single_baseline_06,dual_baseline_13,10,cosine_error,0.004089290687103175,0.006571025593287261,neither_zero,True
single_baseline_06,dual_baseline_13,10,log_norm_ratio,0.000139545792155404,0.0001985496010601438,neither_zero,True
single_baseline_06,dual_baseline_13,12,relative_l2,0.09978566185142215,0.1281904108794343,neither_zero,True
single_baseline_06,dual_baseline_13,12,max_abs,0.00590806663967669,0.005939641036093235,neither_zero,True
single_baseline_06,dual_baseline_13,12,normalized_max_abs,1.9694723077321898,1.9799972695114094,neither_zero,True
single_baseline_06,dual_baseline_13,12,cosine_error,0.004979253146943141,0.008216884210253905,neither_zero,True
single_baseline_06,dual_baseline_13,12,log_norm_ratio,0.00013519590115661632,0.0003993144073782176,neither_zero,True
single_baseline_06,dual_baseline_13,13,relative_l2,0.08327358460212692,0.08811547143108552,neither_zero,True
single_baseline_06,dual_baseline_13,13,max_abs,0.005873801652342081,0.005892634857445955,neither_zero,True
single_baseline_06,dual_baseline_13,13,normalized_max_abs,1.9580025534656116,1.9642808135823902,neither_zero,True
single_baseline_06,dual_baseline_13,13,cosine_error,0.0034677286351662007,0.003882467918829735,neither_zero,True
single_baseline_06,dual_baseline_13,13,log_norm_ratio,0.00014241713185070748,0.00017695298734545184,neither_zero,True
single_baseline_06,dual_baseline_13,14,relative_l2,0.09611218320790604,0.09979719351372945,neither_zero,True
single_baseline_06,dual_baseline_13,14,max_abs,0.00585414725355804,0.005890344735234976,neither_zero,True
single_baseline_06,dual_baseline_13,14,normalized_max_abs,1.9514917519003925,1.9635584075632604,neither_zero,True
single_baseline_06,dual_baseline_13,14,cosine_error,0.004619613361900088,0.004980025156854584,neither_zero,True
single_baseline_06,dual_baseline_13,14,log_norm_ratio,0.00018500931893050915,0.0002657099935791046,neither_zero,True
single_baseline_06,dual_baseline_13,16,relative_l2,0.06620159424497646,0.08436554172823829,neither_zero,True
single_baseline_06,dual_baseline_13,16,max_abs,0.0057203050237149,0.005808895919471979,neither_zero,True
single_baseline_06,dual_baseline_13,16,normalized_max_abs,1.9068953039899583,1.9364281700460415,neither_zero,True
single_baseline_06,dual_baseline_13,16,cosine_error,0.0021916025487208612,0.003559225492313911,neither_zero,True
single_baseline_06,dual_baseline_13,16,log_norm_ratio,0.0001302753357696027,0.0002576750825546444,neither_zero,True
single_baseline_06,dual_baseline_13,17,relative_l2,0.06164688686794279,0.07984475971614276,neither_zero,True
single_baseline_06,dual_baseline_13,17,max_abs,0.005723464768379927,0.005828710272908211,neither_zero,True
single_baseline_06,dual_baseline_13,17,normalized_max_abs,1.9079530649376817,1.9430371665975241,neither_zero,True
single_baseline_06,dual_baseline_13,17,cosine_error,0.0019001833504306287,0.003187814275713241,neither_zero,True
single_baseline_06,dual_baseline_13,17,log_norm_ratio,7.392737403430023e-06,0.0001790272257123107,neither_zero,True
single_baseline_06,dual_baseline_13,18,relative_l2,0.032567197460682124,0.05675008870631503,neither_zero,True
single_baseline_06,dual_baseline_13,18,max_abs,0.0046241480158641934,0.005600189324468374,neither_zero,True
single_baseline_06,dual_baseline_13,18,normalized_max_abs,1.541490689342649,1.8668605919637218,neither_zero,True
single_baseline_06,dual_baseline_13,18,cosine_error,0.0005303700347721874,0.0016104724420231697,neither_zero,True
single_baseline_06,dual_baseline_13,18,log_norm_ratio,0.00012593604295102451,0.00017426153486520073,neither_zero,True
single_baseline_06,dual_baseline_13,20,relative_l2,0.03484724427569145,0.03618305776935488,neither_zero,True
single_baseline_06,dual_baseline_13,20,max_abs,0.005687745288014412,0.005794270662590861,neither_zero,True
single_baseline_06,dual_baseline_13,20,normalized_max_abs,1.8959219952417004,1.9314304327498888,neither_zero,True
single_baseline_06,dual_baseline_13,20,cosine_error,0.0006071743453975875,0.0006546084234719807,neither_zero,True
single_baseline_06,dual_baseline_13,20,log_norm_ratio,1.5225563898564508e-05,3.119384705013665e-05,neither_zero,True
single_baseline_06,dual_baseline_13,21,relative_l2,0.03980894536169222,0.050826764560299505,neither_zero,True
single_baseline_06,dual_baseline_13,21,max_abs,0.004243724863044918,0.005037351744249463,neither_zero,True
single_baseline_06,dual_baseline_13,21,normalized_max_abs,1.4147748896401413,1.6793544432923737,neither_zero,True
single_baseline_06,dual_baseline_13,21,cosine_error,0.0007924087689161752,0.0012917344042318035,neither_zero,True
single_baseline_06,dual_baseline_13,21,log_norm_ratio,4.2406581163131854e-05,0.00022368858879896094,neither_zero,True
single_baseline_06,dual_baseline_13,22,relative_l2,0.050014863361766145,0.0577932887500439,neither_zero,True
single_baseline_06,dual_baseline_13,22,max_abs,0.005146359093487263,0.005380292423069477,neither_zero,True
single_baseline_06,dual_baseline_13,22,normalized_max_abs,1.7157995078518589,1.793792894607881,neither_zero,True
single_baseline_06,dual_baseline_13,22,cosine_error,0.0012508210016576315,0.0016701450821178243,neither_zero,True
single_baseline_06,dual_baseline_13,22,log_norm_ratio,6.376492538278637e-05,0.00012333987278905878,neither_zero,True
single_baseline_06,dual_baseline_13,24,relative_l2,0.017363883102151194,0.02795966456988454,neither_zero,True
single_baseline_06,dual_baseline_13,24,max_abs,0.0030818619416095316,0.004742427030578256,neither_zero,True
single_baseline_06,dual_baseline_13,24,normalized_max_abs,1.0274463071536333,1.5810536720436101,neither_zero,True
single_baseline_06,dual_baseline_13,24,cosine_error,0.00015075290535249142,0.0003909045336550898,neither_zero,True
single_baseline_06,dual_baseline_13,24,log_norm_ratio,4.629291380918247e-06,0.0001037535551461458,neither_zero,True
single_baseline_06,dual_baseline_13,25,relative_l2,0.011348979127915654,0.020624469441589088,neither_zero,True
single_baseline_06,dual_baseline_13,25,max_abs,0.0021370377799030393,0.0037428823998197913,neither_zero,True
single_baseline_06,dual_baseline_13,25,normalized_max_abs,0.7124044724078057,1.2477301994024919,neither_zero,True
single_baseline_06,dual_baseline_13,25,cosine_error,6.440031749876951e-05,0.00021269104683663276,neither_zero,True
single_baseline_06,dual_baseline_13,25,log_norm_ratio,1.1112063063335537e-05,8.241009325611086e-05,neither_zero,True
single_baseline_06,dual_baseline_13,26,relative_l2,0.001421778893835217,0.0030323136778769143,neither_zero,True
single_baseline_06,dual_baseline_13,26,max_abs,0.00030481559224426746,0.0004952069721184671,neither_zero,True
single_baseline_06,dual_baseline_13,26,normalized_max_abs,0.10161965289481878,0.16509247524793977,neither_zero,True
single_baseline_06,dual_baseline_13,26,cosine_error,1.0107277671478343e-06,4.597282226015409e-06,neither_zero,True
single_baseline_06,dual_baseline_13,26,log_norm_ratio,1.7007328253867717e-07,2.4824088155444077e-05,neither_zero,True
single_baseline_06,dual_baseline_13,28,relative_l2,0.0,0.0,neither_zero,True
single_baseline_06,dual_baseline_13,28,max_abs,0.0,0.0,neither_zero,True
single_baseline_06,dual_baseline_13,28,normalized_max_abs,0.0,0.0,neither_zero,True
single_baseline_06,dual_baseline_13,28,cosine_error,0.0,0.0,neither_zero,True
single_baseline_06,dual_baseline_13,28,log_norm_ratio,0.0,0.0,neither_zero,True
single_baseline_06,dual_baseline_13,29,relative_l2,0.0,0.0,neither_zero,True
single_baseline_06,dual_baseline_13,29,max_abs,0.0,0.0,neither_zero,True
single_baseline_06,dual_baseline_13,29,normalized_max_abs,0.0,0.0,neither_zero,True
single_baseline_06,dual_baseline_13,29,cosine_error,0.0,0.0,neither_zero,True
single_baseline_06,dual_baseline_13,29,log_norm_ratio,0.0,0.0,neither_zero,True
single_baseline_06,dual_baseline_13,30,relative_l2,0.0,0.0,neither_zero,True
single_baseline_06,dual_baseline_13,30,max_abs,0.0,0.0,neither_zero,True
single_baseline_06,dual_baseline_13,30,normalized_max_abs,0.0,0.0,neither_zero,True
single_baseline_06,dual_baseline_13,30,cosine_error,0.0,0.0,neither_zero,True
single_baseline_06,dual_baseline_13,30,log_norm_ratio,0.0,0.0,neither_zero,True
single_baseline_06,dual_baseline_13,global,relative_l2,0.06721682361957801,0.07576209242758418,neither_zero,True
single_baseline_06,dual_baseline_13,global,max_abs,0.005960243288427591,0.005976773798465729,neither_zero,True
single_baseline_06,dual_baseline_13,global,normalized_max_abs,1.9867549925862573,1.9922651826504838,neither_zero,True
single_baseline_06,dual_baseline_13,global,cosine_error,0.0022590514226331626,0.002869989563512809,neither_zero,True
single_baseline_06,dual_baseline_13,global,log_norm_ratio,3.2488662764072334e-07,2.5695636726825657e-05,neither_zero,True
single_baseline_06,dual_baseline_14,0,relative_l2,0.04007331042695115,0.06824693312551014,neither_zero,True
single_baseline_06,dual_baseline_14,0,max_abs,0.00582370487973094,0.0059624831192195415,neither_zero,True
single_baseline_06,dual_baseline_14,0,normalized_max_abs,1.9412558849549657,1.9875157967593196,neither_zero,True
single_baseline_06,dual_baseline_14,0,cosine_error,0.0008030170687819416,0.0023289119890768095,neither_zero,True
single_baseline_06,dual_baseline_14,0,log_norm_ratio,0.00010954818148281008,0.00013442475574679274,neither_zero,True
single_baseline_06,dual_baseline_14,1,relative_l2,0.12733531422362274,0.13775838756793352,neither_zero,True
single_baseline_06,dual_baseline_14,1,max_abs,0.005893881432712078,0.005959174828603864,neither_zero,True
single_baseline_06,dual_baseline_14,1,normalized_max_abs,1.9646896439533665,1.9864546474587708,neither_zero,True
single_baseline_06,dual_baseline_14,1,cosine_error,0.008107422731906122,0.009490543321821088,neither_zero,True
single_baseline_06,dual_baseline_14,1,log_norm_ratio,3.4809884508181994e-05,0.000354146493600735,neither_zero,True
single_baseline_06,dual_baseline_14,2,relative_l2,0.07275281075534479,0.09472783252409434,neither_zero,True
single_baseline_06,dual_baseline_14,2,max_abs,0.005950935417786241,0.005975238047540188,neither_zero,True
single_baseline_06,dual_baseline_14,2,normalized_max_abs,1.9836709861453097,1.9917722774521038,neither_zero,True
single_baseline_06,dual_baseline_14,2,cosine_error,0.0026465281059122603,0.004487133243832653,neither_zero,True
single_baseline_06,dual_baseline_14,2,log_norm_ratio,1.6058316835001612e-05,0.0001280474477327828,neither_zero,True
single_baseline_06,dual_baseline_14,4,relative_l2,0.10795867322810578,0.13372897703352327,neither_zero,True
single_baseline_06,dual_baseline_14,4,max_abs,0.005964523181319237,0.005976773798465729,neither_zero,True
single_baseline_06,dual_baseline_14,4,normalized_max_abs,1.9882124899735383,1.9922961072686851,neither_zero,True
single_baseline_06,dual_baseline_14,4,cosine_error,0.0058277607934719144,0.008942036081358573,neither_zero,True
single_baseline_06,dual_baseline_14,4,log_norm_ratio,3.843220212743397e-05,0.0001512792312364743,neither_zero,True
single_baseline_06,dual_baseline_14,5,relative_l2,0.08149367551948893,0.11086688207218229,neither_zero,True
single_baseline_06,dual_baseline_14,5,max_abs,0.0059488872066140175,0.005959352012723684,neither_zero,True
single_baseline_06,dual_baseline_14,5,normalized_max_abs,1.98299670484612,1.9864851880660115,neither_zero,True
single_baseline_06,dual_baseline_14,5,cosine_error,0.00332068734888169,0.006145754620427768,neither_zero,True
single_baseline_06,dual_baseline_14,5,log_norm_ratio,2.350452784315425e-05,0.00010396011900955024,neither_zero,True
single_baseline_06,dual_baseline_14,6,relative_l2,0.09699697071548113,0.12145219557566955,neither_zero,True
single_baseline_06,dual_baseline_14,6,max_abs,0.005925693083554506,0.005959737114608288,neither_zero,True
single_baseline_06,dual_baseline_14,6,normalized_max_abs,1.9752724020367831,1.9866206500891914,neither_zero,True
single_baseline_06,dual_baseline_14,6,cosine_error,0.004704549133364155,0.007375358114384278,neither_zero,True
single_baseline_06,dual_baseline_14,6,log_norm_ratio,7.347811340642777e-05,0.0001067684111316779,neither_zero,True
single_baseline_06,dual_baseline_14,8,relative_l2,0.07930571568457424,0.10452082796646944,neither_zero,True
single_baseline_06,dual_baseline_14,8,max_abs,0.005916886497288942,0.005964341107755899,neither_zero,True
single_baseline_06,dual_baseline_14,8,normalized_max_abs,1.9723264026325797,1.9881450082768717,neither_zero,True
single_baseline_06,dual_baseline_14,8,cosine_error,0.0031448233655375635,0.005462305636124598,neither_zero,True
single_baseline_06,dual_baseline_14,8,log_norm_ratio,4.0033809466197394e-05,0.00011319355897037096,neither_zero,True
single_baseline_06,dual_baseline_14,9,relative_l2,0.09197996606780877,0.11375555232581419,neither_zero,True
single_baseline_06,dual_baseline_14,9,max_abs,0.005919449497014284,0.005957070272415876,neither_zero,True
single_baseline_06,dual_baseline_14,9,normalized_max_abs,1.9731867217926804,1.9857270605934405,neither_zero,True
single_baseline_06,dual_baseline_14,9,cosine_error,0.004230315608042212,0.0064710255121182,neither_zero,True
single_baseline_06,dual_baseline_14,9,log_norm_ratio,3.7642719669861305e-05,0.00018101471761390988,neither_zero,True
single_baseline_06,dual_baseline_14,10,relative_l2,0.10509599267292004,0.11462983090523451,neither_zero,True
single_baseline_06,dual_baseline_14,10,max_abs,0.0058869123458862305,0.00594778242520988,neither_zero,True
single_baseline_06,dual_baseline_14,10,normalized_max_abs,1.9623566413653182,1.9826470570430124,neither_zero,True
single_baseline_06,dual_baseline_14,10,cosine_error,0.0055227723183342015,0.006571025593287261,neither_zero,True
single_baseline_06,dual_baseline_14,10,log_norm_ratio,3.423454572249903e-05,0.0001985496010601438,neither_zero,True
single_baseline_06,dual_baseline_14,12,relative_l2,0.09820430715963196,0.1281904108794343,neither_zero,True
single_baseline_06,dual_baseline_14,12,max_abs,0.0058954451233148575,0.005939641036093235,neither_zero,True
single_baseline_06,dual_baseline_14,12,normalized_max_abs,1.9652648861724393,1.9799972695114094,neither_zero,True
single_baseline_06,dual_baseline_14,12,cosine_error,0.004822071399939065,0.008216884210253905,neither_zero,True
single_baseline_06,dual_baseline_14,12,log_norm_ratio,5.89893225956551e-06,0.0003993144073782176,neither_zero,True
single_baseline_06,dual_baseline_14,13,relative_l2,0.07635853618009895,0.08811547143108552,neither_zero,True
single_baseline_06,dual_baseline_14,13,max_abs,0.0058840441051870584,0.005892634857445955,neither_zero,True
single_baseline_06,dual_baseline_14,13,normalized_max_abs,1.9614171286189366,1.9642808135823902,neither_zero,True
single_baseline_06,dual_baseline_14,13,cosine_error,0.00291539066747859,0.003882467918829735,neither_zero,True
single_baseline_06,dual_baseline_14,13,log_norm_ratio,2.6755474020458475e-05,0.00017695298734545184,neither_zero,True
single_baseline_06,dual_baseline_14,14,relative_l2,0.0920762949563303,0.09979719351372945,neither_zero,True
single_baseline_06,dual_baseline_14,14,max_abs,0.005834281910210848,0.005890344735234976,neither_zero,True
single_baseline_06,dual_baseline_14,14,normalized_max_abs,1.9448699016731994,1.9635584075632604,neither_zero,True
single_baseline_06,dual_baseline_14,14,cosine_error,0.0042392882367959794,0.004980025156854584,neither_zero,True
single_baseline_06,dual_baseline_14,14,log_norm_ratio,6.32653286882981e-05,0.0002657099935791046,neither_zero,True
single_baseline_06,dual_baseline_14,16,relative_l2,0.08176372963675296,0.08436554172823829,neither_zero,True
single_baseline_06,dual_baseline_14,16,max_abs,0.005744751077145338,0.005808895919471979,neither_zero,True
single_baseline_06,dual_baseline_14,16,normalized_max_abs,1.9150452742342676,1.9364281700460415,neither_zero,True
single_baseline_06,dual_baseline_14,16,cosine_error,0.0033427893114581497,0.003559225492313911,neither_zero,True
single_baseline_06,dual_baseline_14,16,log_norm_ratio,4.080565411967084e-05,0.0002576750825546444,neither_zero,True
single_baseline_06,dual_baseline_14,17,relative_l2,0.06297670896556652,0.07984475971614276,neither_zero,True
single_baseline_06,dual_baseline_14,17,max_abs,0.005713245598599315,0.005828710272908211,neither_zero,True
single_baseline_06,dual_baseline_14,17,normalized_max_abs,1.9045464402631043,1.9430371665975241,neither_zero,True
single_baseline_06,dual_baseline_14,17,cosine_error,0.001983145868406311,0.003187814275713241,neither_zero,True
single_baseline_06,dual_baseline_14,17,log_norm_ratio,5.778968796376322e-05,0.0001790272257123107,neither_zero,True
single_baseline_06,dual_baseline_14,18,relative_l2,0.047275365619403424,0.05675008870631503,neither_zero,True
single_baseline_06,dual_baseline_14,18,max_abs,0.005418463377282023,0.005600189324468374,neither_zero,True
single_baseline_06,dual_baseline_14,18,normalized_max_abs,1.8062810312233026,1.8668605919637218,neither_zero,True
single_baseline_06,dual_baseline_14,18,cosine_error,0.0011175172435988756,0.0016104724420231697,neither_zero,True
single_baseline_06,dual_baseline_14,18,log_norm_ratio,3.37502939088502e-05,0.00017426153486520073,neither_zero,True
single_baseline_06,dual_baseline_14,20,relative_l2,0.02050062604029338,0.03618305776935488,neither_zero,True
single_baseline_06,dual_baseline_14,20,max_abs,0.00553966430015862,0.005794270662590861,neither_zero,True
single_baseline_06,dual_baseline_14,20,normalized_max_abs,1.8465616296467153,1.9314304327498888,neither_zero,True
single_baseline_06,dual_baseline_14,20,cosine_error,0.0002101388831080575,0.0006546084234719807,neither_zero,True
single_baseline_06,dual_baseline_14,20,log_norm_ratio,5.053121896237232e-06,3.119384705013665e-05,neither_zero,True
single_baseline_06,dual_baseline_14,21,relative_l2,0.042114242368750374,0.050826764560299505,neither_zero,True
single_baseline_06,dual_baseline_14,21,max_abs,0.004396177362650633,0.005037351744249463,neither_zero,True
single_baseline_06,dual_baseline_14,21,normalized_max_abs,1.4655995720278403,1.6793544432923737,neither_zero,True
single_baseline_06,dual_baseline_14,21,cosine_error,0.0008868154546541884,0.0012917344042318035,neither_zero,True
single_baseline_06,dual_baseline_14,21,log_norm_ratio,1.2205541643843398e-05,0.00022368858879896094,neither_zero,True
single_baseline_06,dual_baseline_14,22,relative_l2,0.04962217876785944,0.0577932887500439,neither_zero,True
single_baseline_06,dual_baseline_14,22,max_abs,0.004955087788403034,0.005380292423069477,neither_zero,True
single_baseline_06,dual_baseline_14,22,normalized_max_abs,1.652029657128747,1.793792894607881,neither_zero,True
single_baseline_06,dual_baseline_14,22,cosine_error,0.0012312160817005147,0.0016701450821178243,neither_zero,True
single_baseline_06,dual_baseline_14,22,log_norm_ratio,2.940317406572169e-05,0.00012333987278905878,neither_zero,True
single_baseline_06,dual_baseline_14,24,relative_l2,0.013953615930087926,0.02795966456988454,neither_zero,True
single_baseline_06,dual_baseline_14,24,max_abs,0.002593382087070495,0.004742427030578256,neither_zero,True
single_baseline_06,dual_baseline_14,24,normalized_max_abs,0.8645943540706253,1.5810536720436101,neither_zero,True
single_baseline_06,dual_baseline_14,24,cosine_error,9.735452585679649e-05,0.0003909045336550898,neither_zero,True
single_baseline_06,dual_baseline_14,24,log_norm_ratio,3.551900509421696e-05,0.0001037535551461458,neither_zero,True
single_baseline_06,dual_baseline_14,25,relative_l2,0.0060303148894802145,0.020624469441589088,neither_zero,True
single_baseline_06,dual_baseline_14,25,max_abs,0.0015003001026343554,0.0037428823998197913,neither_zero,True
single_baseline_06,dual_baseline_14,25,normalized_max_abs,0.5001411360725212,1.2477301994024919,neither_zero,True
single_baseline_06,dual_baseline_14,25,cosine_error,1.818250276020006e-05,0.00021269104683663276,neither_zero,True
single_baseline_06,dual_baseline_14,25,log_norm_ratio,1.3413431068600842e-05,8.241009325611086e-05,neither_zero,True
single_baseline_06,dual_baseline_14,26,relative_l2,0.0013696752635451274,0.0030323136778769143,neither_zero,True
single_baseline_06,dual_baseline_14,26,max_abs,0.00025774608366191387,0.0004952069721184671,neither_zero,True
single_baseline_06,dual_baseline_14,26,normalized_max_abs,0.08592758449093146,0.16509247524793977,neither_zero,True
single_baseline_06,dual_baseline_14,26,cosine_error,9.379821397370591e-07,4.597282226015409e-06,neither_zero,True
single_baseline_06,dual_baseline_14,26,log_norm_ratio,7.788180660166703e-06,2.4824088155444077e-05,neither_zero,True
single_baseline_06,dual_baseline_14,28,relative_l2,0.0,0.0,neither_zero,True
single_baseline_06,dual_baseline_14,28,max_abs,0.0,0.0,neither_zero,True
single_baseline_06,dual_baseline_14,28,normalized_max_abs,0.0,0.0,neither_zero,True
single_baseline_06,dual_baseline_14,28,cosine_error,0.0,0.0,neither_zero,True
single_baseline_06,dual_baseline_14,28,log_norm_ratio,0.0,0.0,neither_zero,True
single_baseline_06,dual_baseline_14,29,relative_l2,0.0,0.0,neither_zero,True
single_baseline_06,dual_baseline_14,29,max_abs,0.0,0.0,neither_zero,True
single_baseline_06,dual_baseline_14,29,normalized_max_abs,0.0,0.0,neither_zero,True
single_baseline_06,dual_baseline_14,29,cosine_error,0.0,0.0,neither_zero,True
single_baseline_06,dual_baseline_14,29,log_norm_ratio,0.0,0.0,neither_zero,True
single_baseline_06,dual_baseline_14,30,relative_l2,0.0,0.0,neither_zero,True
single_baseline_06,dual_baseline_14,30,max_abs,0.0,0.0,neither_zero,True
single_baseline_06,dual_baseline_14,30,normalized_max_abs,0.0,0.0,neither_zero,True
single_baseline_06,dual_baseline_14,30,cosine_error,0.0,0.0,neither_zero,True
single_baseline_06,dual_baseline_14,30,log_norm_ratio,0.0,0.0,neither_zero,True
single_baseline_06,dual_baseline_14,global,relative_l2,0.07029188570471191,0.07576209242758418,neither_zero,True
single_baseline_06,dual_baseline_14,global,max_abs,0.005964523181319237,0.005976773798465729,neither_zero,True
single_baseline_06,dual_baseline_14,global,normalized_max_abs,1.988181783045427,1.9922651826504838,neither_zero,True
single_baseline_06,dual_baseline_14,global,cosine_error,0.0024705153392048373,0.002869989563512809,neither_zero,True
single_baseline_06,dual_baseline_14,global,log_norm_ratio,1.6546537530726416e-05,2.5695636726825657e-05,neither_zero,True
single_baseline_06,dual_baseline_15,0,relative_l2,0.04868992031451081,0.06824693312551014,neither_zero,True
single_baseline_06,dual_baseline_15,0,max_abs,0.005932488013058901,0.0059624831192195415,neither_zero,True
single_baseline_06,dual_baseline_15,0,normalized_max_abs,1.9775173202642533,1.9875157967593196,neither_zero,True
single_baseline_06,dual_baseline_15,0,cosine_error,0.00118541360813329,0.0023289119890768095,neither_zero,True
single_baseline_06,dual_baseline_15,0,log_norm_ratio,5.125030102734763e-05,0.00013442475574679274,neither_zero,True
single_baseline_06,dual_baseline_15,1,relative_l2,0.11434209672724324,0.13775838756793352,neither_zero,True
single_baseline_06,dual_baseline_15,1,max_abs,0.005921209929510951,0.005959174828603864,neither_zero,True
single_baseline_06,dual_baseline_15,1,normalized_max_abs,1.9737994326823285,1.9864546474587708,neither_zero,True
single_baseline_06,dual_baseline_15,1,cosine_error,0.006537356073004652,0.009490543321821088,neither_zero,True
single_baseline_06,dual_baseline_15,1,log_norm_ratio,4.582707275778288e-05,0.000354146493600735,neither_zero,True
single_baseline_06,dual_baseline_15,2,relative_l2,0.08990504686645968,0.09472783252409434,neither_zero,True
single_baseline_06,dual_baseline_15,2,max_abs,0.005944936536252499,0.005975238047540188,neither_zero,True
single_baseline_06,dual_baseline_15,2,normalized_max_abs,1.9816713329122666,1.9917722774521038,neither_zero,True
single_baseline_06,dual_baseline_15,2,cosine_error,0.004041800962141018,0.004487133243832653,neither_zero,True
single_baseline_06,dual_baseline_15,2,log_norm_ratio,8.55838530297652e-05,0.0001280474477327828,neither_zero,True
single_baseline_06,dual_baseline_15,4,relative_l2,0.11333953300555619,0.13372897703352327,neither_zero,True
single_baseline_06,dual_baseline_15,4,max_abs,0.005965560674667358,0.005976773798465729,neither_zero,True
single_baseline_06,dual_baseline_15,4,normalized_max_abs,1.9885583277161865,1.9922961072686851,neither_zero,True
single_baseline_06,dual_baseline_15,4,cosine_error,0.006423187859080137,0.008942036081358573,neither_zero,True
single_baseline_06,dual_baseline_15,4,log_norm_ratio,4.107572766601773e-05,0.0001512792312364743,neither_zero,True
single_baseline_06,dual_baseline_15,5,relative_l2,0.07533412897087774,0.11086688207218229,neither_zero,True
single_baseline_06,dual_baseline_15,5,max_abs,0.0059337730053812265,0.005959352012723684,neither_zero,True
single_baseline_06,dual_baseline_15,5,normalized_max_abs,1.9779585506165889,1.9864851880660115,neither_zero,True
single_baseline_06,dual_baseline_15,5,cosine_error,0.00283772782572167,0.006145754620427768,neither_zero,True
single_baseline_06,dual_baseline_15,5,log_norm_ratio,3.9865942297195796e-05,0.00010396011900955024,neither_zero,True
single_baseline_06,dual_baseline_15,6,relative_l2,0.10681532414792884,0.12145219557566955,neither_zero,True
single_baseline_06,dual_baseline_15,6,max_abs,0.005923370830714703,0.005959737114608288,neither_zero,True
single_baseline_06,dual_baseline_15,6,normalized_max_abs,1.9744983015424888,1.9866206500891914,neither_zero,True
single_baseline_06,dual_baseline_15,6,cosine_error,0.005705485849216707,0.007375358114384278,neither_zero,True
single_baseline_06,dual_baseline_15,6,log_norm_ratio,0.0001292640105649478,0.0001067684111316779,neither_zero,False
single_baseline_06,dual_baseline_15,8,relative_l2,0.08021969184029878,0.10452082796646944,neither_zero,True
single_baseline_06,dual_baseline_15,8,max_abs,0.005911246640607715,0.005964341107755899,neither_zero,True
single_baseline_06,dual_baseline_15,8,normalized_max_abs,1.970446573878055,1.9881450082768717,neither_zero,True
single_baseline_06,dual_baseline_15,8,cosine_error,0.0032179465791506434,0.005462305636124598,neither_zero,True
single_baseline_06,dual_baseline_15,8,log_norm_ratio,0.00010974076201734133,0.00011319355897037096,neither_zero,True
single_baseline_06,dual_baseline_15,9,relative_l2,0.09857684365236093,0.11375555232581419,neither_zero,True
single_baseline_06,dual_baseline_15,9,max_abs,0.00593237578868866,0.005957070272415876,neither_zero,True
single_baseline_06,dual_baseline_15,9,normalized_max_abs,1.9774955662395775,1.9857270605934405,neither_zero,True
single_baseline_06,dual_baseline_15,9,cosine_error,0.0048594210520310765,0.0064710255121182,neither_zero,True
single_baseline_06,dual_baseline_15,9,log_norm_ratio,0.00015135717141109666,0.00018101471761390988,neither_zero,True
single_baseline_06,dual_baseline_15,10,relative_l2,0.10477231466302266,0.11462983090523451,neither_zero,True
single_baseline_06,dual_baseline_15,10,max_abs,0.005889794789254665,0.00594778242520988,neither_zero,True
single_baseline_06,dual_baseline_15,10,normalized_max_abs,1.9633174815401104,1.9826470570430124,neither_zero,True
single_baseline_06,dual_baseline_15,10,cosine_error,0.005488761497288275,0.006571025593287261,neither_zero,True
single_baseline_06,dual_baseline_15,10,log_norm_ratio,2.6031013497726715e-05,0.0001985496010601438,neither_zero,True
single_baseline_06,dual_baseline_15,12,relative_l2,0.09440569732540381,0.1281904108794343,neither_zero,True
single_baseline_06,dual_baseline_15,12,max_abs,0.005897377151995897,0.005939641036093235,neither_zero,True
single_baseline_06,dual_baseline_15,12,normalized_max_abs,1.965908476164612,1.9799972695114094,neither_zero,True
single_baseline_06,dual_baseline_15,12,cosine_error,0.004456457195231467,0.008216884210253905,neither_zero,True
single_baseline_06,dual_baseline_15,12,log_norm_ratio,5.403798462282605e-05,0.0003993144073782176,neither_zero,True
single_baseline_06,dual_baseline_15,13,relative_l2,0.07948534783773045,0.08811547143108552,neither_zero,True
single_baseline_06,dual_baseline_15,13,max_abs,0.005885711405426264,0.005892634857445955,neither_zero,True
single_baseline_06,dual_baseline_15,13,normalized_max_abs,1.961972914943659,1.9642808135823902,neither_zero,True
single_baseline_06,dual_baseline_15,13,cosine_error,0.003158983552145278,0.003882467918829735,neither_zero,True
single_baseline_06,dual_baseline_15,13,log_norm_ratio,7.381816493044121e-06,0.00017695298734545184,neither_zero,True
single_baseline_06,dual_baseline_15,14,relative_l2,0.0900401946557815,0.09979719351372945,neither_zero,True
single_baseline_06,dual_baseline_15,14,max_abs,0.0058490869123488665,0.005890344735234976,neither_zero,True
single_baseline_06,dual_baseline_15,14,normalized_max_abs,1.949804876988679,1.9635584075632604,neither_zero,True
single_baseline_06,dual_baseline_15,14,cosine_error,0.004054385631097168,0.004980025156854584,neither_zero,True
single_baseline_06,dual_baseline_15,14,log_norm_ratio,0.00019390779128842587,0.0002657099935791046,neither_zero,True
single_baseline_06,dual_baseline_15,16,relative_l2,0.08162969725640987,0.08436554172823829,neither_zero,True
single_baseline_06,dual_baseline_15,16,max_abs,0.005749049596488476,0.005808895919471979,neither_zero,True
single_baseline_06,dual_baseline_15,16,normalized_max_abs,1.9164783587257348,1.9364281700460415,neither_zero,True
single_baseline_06,dual_baseline_15,16,cosine_error,0.0033318732587230837,0.003559225492313911,neither_zero,True
single_baseline_06,dual_baseline_15,16,log_norm_ratio,5.1274607653711254e-05,0.0002576750825546444,neither_zero,True
single_baseline_06,dual_baseline_15,17,relative_l2,0.06468650743959799,0.07984475971614276,neither_zero,True
single_baseline_06,dual_baseline_15,17,max_abs,0.005717803491279483,0.005828710272908211,neither_zero,True
single_baseline_06,dual_baseline_15,17,normalized_max_abs,1.9060656945835595,1.9430371665975241,neither_zero,True
single_baseline_06,dual_baseline_15,17,cosine_error,0.002092429563908982,0.003187814275713241,neither_zero,True
single_baseline_06,dual_baseline_15,17,log_norm_ratio,0.00012688975383912484,0.0001790272257123107,neither_zero,True
single_baseline_06,dual_baseline_15,18,relative_l2,0.0441265202202376,0.05675008870631503,neither_zero,True
single_baseline_06,dual_baseline_15,18,max_abs,0.005368619691580534,0.005600189324468374,neither_zero,True
single_baseline_06,dual_baseline_15,18,normalized_max_abs,1.7896653050035163,1.8668605919637218,neither_zero,True
single_baseline_06,dual_baseline_15,18,cosine_error,0.0009736396444126605,0.0016104724420231697,neither_zero,True
single_baseline_06,dual_baseline_15,18,log_norm_ratio,6.894755688102257e-05,0.00017426153486520073,neither_zero,True
single_baseline_06,dual_baseline_15,20,relative_l2,0.02058347135592342,0.03618305776935488,neither_zero,True
single_baseline_06,dual_baseline_15,20,max_abs,0.005561124300584197,0.005794270662590861,neither_zero,True
single_baseline_06,dual_baseline_15,20,normalized_max_abs,1.8537149897080711,1.9314304327498888,neither_zero,True
single_baseline_06,dual_baseline_15,20,cosine_error,0.00021184116649286544,0.0006546084234719807,neither_zero,True
single_baseline_06,dual_baseline_15,20,log_norm_ratio,7.300850996671927e-06,3.119384705013665e-05,neither_zero,True
single_baseline_06,dual_baseline_15,21,relative_l2,0.0413206512502738,0.050826764560299505,neither_zero,True
single_baseline_06,dual_baseline_15,21,max_abs,0.0044796892907470465,0.005037351744249463,neither_zero,True
single_baseline_06,dual_baseline_15,21,normalized_max_abs,1.493440815904208,1.6793544432923737,neither_zero,True
single_baseline_06,dual_baseline_15,21,cosine_error,0.000853723154344399,0.0012917344042318035,neither_zero,True
single_baseline_06,dual_baseline_15,21,log_norm_ratio,2.9858151474225064e-05,0.00022368858879896094,neither_zero,True
single_baseline_06,dual_baseline_15,22,relative_l2,0.04950331347540363,0.0577932887500439,neither_zero,True
single_baseline_06,dual_baseline_15,22,max_abs,0.00499331159517169,0.005380292423069477,neither_zero,True
single_baseline_06,dual_baseline_15,22,normalized_max_abs,1.6647735004442918,1.793792894607881,neither_zero,True
single_baseline_06,dual_baseline_15,22,cosine_error,0.0012253385188031318,0.0016701450821178243,neither_zero,True
single_baseline_06,dual_baseline_15,22,log_norm_ratio,4.108351289069323e-05,0.00012333987278905878,neither_zero,True
single_baseline_06,dual_baseline_15,24,relative_l2,0.014509459157725915,0.02795966456988454,neither_zero,True
single_baseline_06,dual_baseline_15,24,max_abs,0.002630820672493428,0.004742427030578256,neither_zero,True
single_baseline_06,dual_baseline_15,24,normalized_max_abs,0.8770758120641998,1.5810536720436101,neither_zero,True
single_baseline_06,dual_baseline_15,24,cosine_error,0.00010526500174801168,0.0003909045336550898,neither_zero,True
single_baseline_06,dual_baseline_15,24,log_norm_ratio,3.1223139677023165e-05,0.0001037535551461458,neither_zero,True
single_baseline_06,dual_baseline_15,25,relative_l2,0.006853545912230855,0.020624469441589088,neither_zero,True
single_baseline_06,dual_baseline_15,25,max_abs,0.001605295081390068,0.0037428823998197913,neither_zero,True
single_baseline_06,dual_baseline_15,25,normalized_max_abs,0.5351423387416316,1.2477301994024919,neither_zero,True
single_baseline_06,dual_baseline_15,25,cosine_error,2.3485788290145138e-05,0.00021269104683663276,neither_zero,True
single_baseline_06,dual_baseline_15,25,log_norm_ratio,1.532693610823625e-05,8.241009325611086e-05,neither_zero,True
single_baseline_06,dual_baseline_15,26,relative_l2,0.0010585987984128486,0.0030323136778769143,neither_zero,True
single_baseline_06,dual_baseline_15,26,max_abs,0.00022350437939167023,0.0004952069721184671,neither_zero,True
single_baseline_06,dual_baseline_15,26,normalized_max_abs,0.07451205919955874,0.16509247524793977,neither_zero,True
single_baseline_06,dual_baseline_15,26,cosine_error,5.603157847700047e-07,4.597282226015409e-06,neither_zero,True
single_baseline_06,dual_baseline_15,26,log_norm_ratio,1.64028676511309e-07,2.4824088155444077e-05,neither_zero,True
single_baseline_06,dual_baseline_15,28,relative_l2,0.0,0.0,neither_zero,True
single_baseline_06,dual_baseline_15,28,max_abs,0.0,0.0,neither_zero,True
single_baseline_06,dual_baseline_15,28,normalized_max_abs,0.0,0.0,neither_zero,True
single_baseline_06,dual_baseline_15,28,cosine_error,0.0,0.0,neither_zero,True
single_baseline_06,dual_baseline_15,28,log_norm_ratio,0.0,0.0,neither_zero,True
single_baseline_06,dual_baseline_15,29,relative_l2,0.0,0.0,neither_zero,True
single_baseline_06,dual_baseline_15,29,max_abs,0.0,0.0,neither_zero,True
single_baseline_06,dual_baseline_15,29,normalized_max_abs,0.0,0.0,neither_zero,True
single_baseline_06,dual_baseline_15,29,cosine_error,0.0,0.0,neither_zero,True
single_baseline_06,dual_baseline_15,29,log_norm_ratio,0.0,0.0,neither_zero,True
single_baseline_06,dual_baseline_15,30,relative_l2,0.0,0.0,neither_zero,True
single_baseline_06,dual_baseline_15,30,max_abs,0.0,0.0,neither_zero,True
single_baseline_06,dual_baseline_15,30,normalized_max_abs,0.0,0.0,neither_zero,True
single_baseline_06,dual_baseline_15,30,cosine_error,0.0,0.0,neither_zero,True
single_baseline_06,dual_baseline_15,30,log_norm_ratio,0.0,0.0,neither_zero,True
single_baseline_06,dual_baseline_15,global,relative_l2,0.07124611350131675,0.07576209242758418,neither_zero,True
single_baseline_06,dual_baseline_15,global,max_abs,0.005965560674667358,0.005976773798465729,neither_zero,True
single_baseline_06,dual_baseline_15,global,normalized_max_abs,1.9885276154467875,1.9922651826504838,neither_zero,True
single_baseline_06,dual_baseline_15,global,cosine_error,0.0025380566995906184,0.002869989563512809,neither_zero,True
single_baseline_06,dual_baseline_15,global,log_norm_ratio,2.0712744756128764e-05,2.5695636726825657e-05,neither_zero,True
single_baseline_07,dual_baseline_11,0,relative_l2,0.04863932615510676,0.06824693312551014,neither_zero,True
single_baseline_07,dual_baseline_11,0,max_abs,0.005946845049038529,0.0059624831192195415,neither_zero,True
single_baseline_07,dual_baseline_11,0,normalized_max_abs,1.9823032043587612,1.9875157967593196,neither_zero,True
single_baseline_07,dual_baseline_11,0,cosine_error,0.0011829479128335763,0.0023289119890768095,neither_zero,True
single_baseline_07,dual_baseline_11,0,log_norm_ratio,4.822932358417103e-05,0.00013442475574679274,neither_zero,True
single_baseline_07,dual_baseline_11,1,relative_l2,0.1023259590018134,0.13775838756793352,neither_zero,True
single_baseline_07,dual_baseline_11,1,max_abs,0.005924575729295611,0.005959174828603864,neither_zero,True
single_baseline_07,dual_baseline_11,1,normalized_max_abs,1.9749220147513817,1.9864546474587708,neither_zero,True
single_baseline_07,dual_baseline_11,1,cosine_error,0.005236470239718627,0.009490543321821088,neither_zero,True
single_baseline_07,dual_baseline_11,1,log_norm_ratio,0.00022830033861075922,0.000354146493600735,neither_zero,True
single_baseline_07,dual_baseline_11,2,relative_l2,0.06448129197269216,0.09472783252409434,neither_zero,True
single_baseline_07,dual_baseline_11,2,max_abs,0.005959400674328208,0.005975238047540188,neither_zero,True
single_baseline_07,dual_baseline_11,2,normalized_max_abs,1.9864930834417045,1.9917722774521038,neither_zero,True
single_baseline_07,dual_baseline_11,2,cosine_error,0.0020790732387133692,0.004487133243832653,neither_zero,True
single_baseline_07,dual_baseline_11,2,log_norm_ratio,7.580813995833238e-05,0.0001280474477327828,neither_zero,True
single_baseline_07,dual_baseline_11,4,relative_l2,0.07576928297449562,0.13372897703352327,neither_zero,True
single_baseline_07,dual_baseline_11,4,max_abs,0.005913133267313242,0.005976773798465729,neither_zero,True
single_baseline_07,dual_baseline_11,4,normalized_max_abs,1.9710820374249804,1.9922961072686851,neither_zero,True
single_baseline_07,dual_baseline_11,4,cosine_error,0.0028706091154333535,0.008942036081358573,neither_zero,True
single_baseline_07,dual_baseline_11,4,log_norm_ratio,4.105022349030008e-05,0.0001512792312364743,neither_zero,True
single_baseline_07,dual_baseline_11,5,relative_l2,0.08280131789621108,0.11086688207218229,neither_zero,True
single_baseline_07,dual_baseline_11,5,max_abs,0.005928184371441603,0.005959352012723684,neither_zero,True
single_baseline_07,dual_baseline_11,5,normalized_max_abs,1.976095793779247,1.9864851880660115,neither_zero,True
single_baseline_07,dual_baseline_11,5,cosine_error,0.003428090424367314,0.006145754620427768,neither_zero,True
single_baseline_07,dual_baseline_11,5,log_norm_ratio,1.7929215386212464e-05,0.00010396011900955024,neither_zero,True
single_baseline_07,dual_baseline_11,6,relative_l2,0.11325878526500822,0.12145219557566955,neither_zero,True
single_baseline_07,dual_baseline_11,6,max_abs,0.0059321115259081125,0.005959737114608288,neither_zero,True
single_baseline_07,dual_baseline_11,6,normalized_max_abs,1.9774120811065525,1.9866206500891914,neither_zero,True
single_baseline_07,dual_baseline_11,6,cosine_error,0.006414630661322196,0.007375358114384278,neither_zero,True
single_baseline_07,dual_baseline_11,6,log_norm_ratio,0.0001346235143355735,0.0001067684111316779,neither_zero,False
single_baseline_07,dual_baseline_11,8,relative_l2,0.09648525839108879,0.10452082796646944,neither_zero,True
single_baseline_07,dual_baseline_11,8,max_abs,0.005961150862276554,0.005964341107755899,neither_zero,True
single_baseline_07,dual_baseline_11,8,normalized_max_abs,1.9870817305923663,1.9881450082768717,neither_zero,True
single_baseline_07,dual_baseline_11,8,cosine_error,0.004655026470538837,0.005462305636124598,neither_zero,True
single_baseline_07,dual_baseline_11,8,log_norm_ratio,7.011702594269318e-05,0.00011319355897037096,neither_zero,True
single_baseline_07,dual_baseline_11,9,relative_l2,0.08547326245062824,0.11375555232581419,neither_zero,True
single_baseline_07,dual_baseline_11,9,max_abs,0.005910949315875769,0.005957070272415876,neither_zero,True
single_baseline_07,dual_baseline_11,9,normalized_max_abs,1.9703532751075097,1.9857270605934405,neither_zero,True
single_baseline_07,dual_baseline_11,9,cosine_error,0.0036530984610508854,0.0064710255121182,neither_zero,True
single_baseline_07,dual_baseline_11,9,log_norm_ratio,7.164877852609918e-05,0.00018101471761390988,neither_zero,True
single_baseline_07,dual_baseline_11,10,relative_l2,0.10035041393131341,0.11462983090523451,neither_zero,True
single_baseline_07,dual_baseline_11,10,max_abs,0.0059108491986989975,0.00594778242520988,neither_zero,True
single_baseline_07,dual_baseline_11,10,normalized_max_abs,1.9703355000353524,1.9826470570430124,neither_zero,True
single_baseline_07,dual_baseline_11,10,cosine_error,0.005035116814709029,0.006571025593287261,neither_zero,True
single_baseline_07,dual_baseline_11,10,log_norm_ratio,2.7865331592568657e-06,0.0001985496010601438,neither_zero,True
single_baseline_07,dual_baseline_11,12,relative_l2,0.11542553131792932,0.1281904108794343,neither_zero,True
single_baseline_07,dual_baseline_11,12,max_abs,0.0058546606451272964,0.005939641036093235,neither_zero,True
single_baseline_07,dual_baseline_11,12,normalized_max_abs,1.9516687996506714,1.9799972695114094,neither_zero,True
single_baseline_07,dual_baseline_11,12,cosine_error,0.006662221600765461,0.008216884210253905,neither_zero,True
single_baseline_07,dual_baseline_11,12,log_norm_ratio,0.00010514888086904333,0.0003993144073782176,neither_zero,True
single_baseline_07,dual_baseline_11,13,relative_l2,0.056540125150099894,0.08811547143108552,neither_zero,True
single_baseline_07,dual_baseline_11,13,max_abs,0.005738729611039162,0.005892634857445955,neither_zero,True
single_baseline_07,dual_baseline_11,13,normalized_max_abs,1.9129769605997928,1.9642808135823902,neither_zero,True
single_baseline_07,dual_baseline_11,13,cosine_error,0.0015985736725272481,0.003882467918829735,neither_zero,True
single_baseline_07,dual_baseline_11,13,log_norm_ratio,0.00011741726724828312,0.00017695298734545184,neither_zero,True
single_baseline_07,dual_baseline_11,14,relative_l2,0.08247541920819079,0.09979719351372945,neither_zero,True
single_baseline_07,dual_baseline_11,14,max_abs,0.005794694414362311,0.005890344735234976,neither_zero,True
single_baseline_07,dual_baseline_11,14,normalized_max_abs,1.9316730284736785,1.9635584075632604,neither_zero,True
single_baseline_07,dual_baseline_11,14,cosine_error,0.003401379152757955,0.004980025156854584,neither_zero,True
single_baseline_07,dual_baseline_11,14,log_norm_ratio,8.38763497802044e-05,0.0002657099935791046,neither_zero,True
single_baseline_07,dual_baseline_11,16,relative_l2,0.05110310993885381,0.08436554172823829,neither_zero,True
single_baseline_07,dual_baseline_11,16,max_abs,0.005606755847111344,0.005808895919471979,neither_zero,True
single_baseline_07,dual_baseline_11,16,normalized_max_abs,1.8690434934194946,1.9364281700460415,neither_zero,True
single_baseline_07,dual_baseline_11,16,cosine_error,0.0013059810100848335,0.003559225492313911,neither_zero,True
single_baseline_07,dual_baseline_11,16,log_norm_ratio,0.0001784280174545907,0.0002576750825546444,neither_zero,True
single_baseline_07,dual_baseline_11,17,relative_l2,0.05490708194520862,0.07984475971614276,neither_zero,True
single_baseline_07,dual_baseline_11,17,max_abs,0.0055740096140652895,0.005828710272908211,neither_zero,True
single_baseline_07,dual_baseline_11,17,normalized_max_abs,1.8581312469856055,1.9430371665975241,neither_zero,True
single_baseline_07,dual_baseline_11,17,cosine_error,0.0015074058622047692,0.003187814275713241,neither_zero,True
single_baseline_07,dual_baseline_11,17,log_norm_ratio,8.007429374811898e-06,0.0001790272257123107,neither_zero,True
single_baseline_07,dual_baseline_11,18,relative_l2,0.03855292305123091,0.05675008870631503,neither_zero,True
single_baseline_07,dual_baseline_11,18,max_abs,0.004709557164460421,0.005600189324468374,neither_zero,True
single_baseline_07,dual_baseline_11,18,normalized_max_abs,1.56996252250272,1.8668605919637218,neither_zero,True
single_baseline_07,dual_baseline_11,18,cosine_error,0.0007432318387918802,0.0016104724420231697,neither_zero,True
single_baseline_07,dual_baseline_11,18,log_norm_ratio,9.77974122928132e-05,0.00017426153486520073,neither_zero,True
single_baseline_07,dual_baseline_11,20,relative_l2,0.01823591321505786,0.03618305776935488,neither_zero,True
single_baseline_07,dual_baseline_11,20,max_abs,0.004679517704062164,0.005794270662590861,neither_zero,True
single_baseline_07,dual_baseline_11,20,normalized_max_abs,1.559844910943895,1.9314304327498888,neither_zero,True
single_baseline_07,dual_baseline_11,20,cosine_error,0.00016627797505142095,0.0006546084234719807,neither_zero,True
single_baseline_07,dual_baseline_11,20,log_norm_ratio,2.404941204683354e-05,3.119384705013665e-05,neither_zero,True
single_baseline_07,dual_baseline_11,21,relative_l2,0.03690392098315586,0.050826764560299505,neither_zero,True
single_baseline_07,dual_baseline_11,21,max_abs,0.004253444029018283,0.005037351744249463,neither_zero,True
single_baseline_07,dual_baseline_11,21,normalized_max_abs,1.4180151795999094,1.6793544432923737,neither_zero,True
single_baseline_07,dual_baseline_11,21,cosine_error,0.0006809818719697436,0.0012917344042318035,neither_zero,True
single_baseline_07,dual_baseline_11,21,log_norm_ratio,4.902081472433932e-05,0.00022368858879896094,neither_zero,True
single_baseline_07,dual_baseline_11,22,relative_l2,0.05124795507159141,0.0577932887500439,neither_zero,True
single_baseline_07,dual_baseline_11,22,max_abs,0.004991097608581185,0.005380292423069477,neither_zero,True
single_baseline_07,dual_baseline_11,22,normalized_max_abs,1.6640353558010104,1.793792894607881,neither_zero,True
single_baseline_07,dual_baseline_11,22,cosine_error,0.001313192810550201,0.0016701450821178243,neither_zero,True
single_baseline_07,dual_baseline_11,22,log_norm_ratio,1.2518728131980113e-05,0.00012333987278905878,neither_zero,True
single_baseline_07,dual_baseline_11,24,relative_l2,0.01080780064795134,0.02795966456988454,neither_zero,True
single_baseline_07,dual_baseline_11,24,max_abs,0.0020914276246912777,0.004742427030578256,neither_zero,True
single_baseline_07,dual_baseline_11,24,normalized_max_abs,0.697250330088466,1.5810536720436101,neither_zero,True
single_baseline_07,dual_baseline_11,24,cosine_error,5.8405920189796845e-05,0.0003909045336550898,neither_zero,True
single_baseline_07,dual_baseline_11,24,log_norm_ratio,4.719484296601844e-05,0.0001037535551461458,neither_zero,True
single_baseline_07,dual_baseline_11,25,relative_l2,0.006993787624974036,0.020624469441589088,neither_zero,True
single_baseline_07,dual_baseline_11,25,max_abs,0.0017779848858481273,0.0037428823998197913,neither_zero,True
single_baseline_07,dual_baseline_11,25,normalized_max_abs,0.592710383866862,1.2477301994024919,neither_zero,True
single_baseline_07,dual_baseline_11,25,cosine_error,2.4456831737129647e-05,0.00021269104683663276,neither_zero,True
single_baseline_07,dual_baseline_11,25,log_norm_ratio,2.447389812979707e-05,8.241009325611086e-05,neither_zero,True
single_baseline_07,dual_baseline_11,26,relative_l2,0.0010792821266882083,0.0030323136778769143,neither_zero,True
single_baseline_07,dual_baseline_11,26,max_abs,0.00023196078836917877,0.0004952069721184671,neither_zero,True
single_baseline_07,dual_baseline_11,26,normalized_max_abs,0.0773312572236276,0.16509247524793977,neither_zero,True
single_baseline_07,dual_baseline_11,26,cosine_error,5.824249770247647e-07,4.597282226015409e-06,neither_zero,True
single_baseline_07,dual_baseline_11,26,log_norm_ratio,4.4135029767237637e-08,2.4824088155444077e-05,neither_zero,True
single_baseline_07,dual_baseline_11,28,relative_l2,0.0,0.0,neither_zero,True
single_baseline_07,dual_baseline_11,28,max_abs,0.0,0.0,neither_zero,True
single_baseline_07,dual_baseline_11,28,normalized_max_abs,0.0,0.0,neither_zero,True
single_baseline_07,dual_baseline_11,28,cosine_error,0.0,0.0,neither_zero,True
single_baseline_07,dual_baseline_11,28,log_norm_ratio,0.0,0.0,neither_zero,True
single_baseline_07,dual_baseline_11,29,relative_l2,0.0,0.0,neither_zero,True
single_baseline_07,dual_baseline_11,29,max_abs,0.0,0.0,neither_zero,True
single_baseline_07,dual_baseline_11,29,normalized_max_abs,0.0,0.0,neither_zero,True
single_baseline_07,dual_baseline_11,29,cosine_error,0.0,0.0,neither_zero,True
single_baseline_07,dual_baseline_11,29,log_norm_ratio,0.0,0.0,neither_zero,True
single_baseline_07,dual_baseline_11,30,relative_l2,0.0,0.0,neither_zero,True
single_baseline_07,dual_baseline_11,30,max_abs,0.0,0.0,neither_zero,True
single_baseline_07,dual_baseline_11,30,normalized_max_abs,0.0,0.0,neither_zero,True
single_baseline_07,dual_baseline_11,30,cosine_error,0.0,0.0,neither_zero,True
single_baseline_07,dual_baseline_11,30,log_norm_ratio,0.0,0.0,neither_zero,True
single_baseline_07,dual_baseline_11,global,relative_l2,0.06590833270242584,0.07576209242758418,neither_zero,True
single_baseline_07,dual_baseline_11,global,max_abs,0.005961150862276554,0.005976773798465729,neither_zero,True
single_baseline_07,dual_baseline_11,global,normalized_max_abs,1.9870575183034656,1.9922651826504838,neither_zero,True
single_baseline_07,dual_baseline_11,global,cosine_error,0.002171966479273313,0.002869989563512809,neither_zero,True
single_baseline_07,dual_baseline_11,global,log_norm_ratio,5.679476395801151e-06,2.5695636726825657e-05,neither_zero,True
single_baseline_07,dual_baseline_12,0,relative_l2,0.04040713403564704,0.06824693312551014,neither_zero,True
single_baseline_07,dual_baseline_12,0,max_abs,0.005879621719941497,0.0059624831192195415,neither_zero,True
single_baseline_07,dual_baseline_12,0,normalized_max_abs,1.959895184715092,1.9875157967593196,neither_zero,True
single_baseline_07,dual_baseline_12,0,cosine_error,0.0008164536090156105,0.0023289119890768095,neither_zero,True
single_baseline_07,dual_baseline_12,0,log_norm_ratio,0.00011228704054109506,0.00013442475574679274,neither_zero,True
single_baseline_07,dual_baseline_12,1,relative_l2,0.09356580469354098,0.13775838756793352,neither_zero,True
single_baseline_07,dual_baseline_12,1,max_abs,0.005902356933802366,0.005959174828603864,neither_zero,True
single_baseline_07,dual_baseline_12,1,normalized_max_abs,1.967515358971551,1.9864546474587708,neither_zero,True
single_baseline_07,dual_baseline_12,1,cosine_error,0.0043786730944846974,0.009490543321821088,neither_zero,True
single_baseline_07,dual_baseline_12,1,log_norm_ratio,0.00033071628255984704,0.000354146493600735,neither_zero,True
single_baseline_07,dual_baseline_12,2,relative_l2,0.06850299180188286,0.09472783252409434,neither_zero,True
single_baseline_07,dual_baseline_12,2,max_abs,0.005958950147032738,0.005975238047540188,neither_zero,True
single_baseline_07,dual_baseline_12,2,normalized_max_abs,1.9863427515339278,1.9917722774521038,neither_zero,True
single_baseline_07,dual_baseline_12,2,cosine_error,0.0023464291977610685,0.004487133243832653,neither_zero,True
single_baseline_07,dual_baseline_12,2,log_norm_ratio,4.268961520590341e-05,0.0001280474477327828,neither_zero,True
single_baseline_07,dual_baseline_12,4,relative_l2,0.08334703233011738,0.13372897703352327,neither_zero,True
single_baseline_07,dual_baseline_12,4,max_abs,0.005892410175874829,0.005976773798465729,neither_zero,True
single_baseline_07,dual_baseline_12,4,normalized_max_abs,1.9641742084538385,1.9922961072686851,neither_zero,True
single_baseline_07,dual_baseline_12,4,cosine_error,0.003473536125729537,0.008942036081358573,neither_zero,True
single_baseline_07,dual_baseline_12,4,log_norm_ratio,4.994277200691346e-05,0.0001512792312364743,neither_zero,True
single_baseline_07,dual_baseline_12,5,relative_l2,0.08994273249818632,0.11086688207218229,neither_zero,True
single_baseline_07,dual_baseline_12,5,max_abs,0.005931597435846925,0.005959352012723684,neither_zero,True
single_baseline_07,dual_baseline_12,5,normalized_max_abs,1.977233501683162,1.9864851880660115,neither_zero,True
single_baseline_07,dual_baseline_12,5,cosine_error,0.004045009111987241,0.006145754620427768,neither_zero,True
single_baseline_07,dual_baseline_12,5,log_norm_ratio,4.0137387924776956e-05,0.00010396011900955024,neither_zero,True
single_baseline_07,dual_baseline_12,6,relative_l2,0.09832568071463368,0.12145219557566955,neither_zero,True
single_baseline_07,dual_baseline_12,6,max_abs,0.005930922692641616,0.005959737114608288,neither_zero,True
single_baseline_07,dual_baseline_12,6,normalized_max_abs,1.9770156415798295,1.9866206500891914,neither_zero,True
single_baseline_07,dual_baseline_12,6,cosine_error,0.004834495951061446,0.007375358114384278,neither_zero,True
single_baseline_07,dual_baseline_12,6,log_norm_ratio,0.00011010395855368068,0.0001067684111316779,neither_zero,False
single_baseline_07,dual_baseline_12,8,relative_l2,0.10075413614181514,0.10452082796646944,neither_zero,True
single_baseline_07,dual_baseline_12,8,max_abs,0.0059576553758233786,0.005964341107755899,neither_zero,True
single_baseline_07,dual_baseline_12,8,normalized_max_abs,1.9859163958738966,1.9881450082768717,neither_zero,True
single_baseline_07,dual_baseline_12,8,cosine_error,0.005075845026078163,0.005462305636124598,neither_zero,True
single_baseline_07,dual_baseline_12,8,log_norm_ratio,2.9054363491653908e-05,0.00011319355897037096,neither_zero,True
single_baseline_07,dual_baseline_12,9,relative_l2,0.08926838583412663,0.11375555232581419,neither_zero,True
single_baseline_07,dual_baseline_12,9,max_abs,0.005911728600040078,0.005957070272415876,neither_zero,True
single_baseline_07,dual_baseline_12,9,normalized_max_abs,1.9706130413520386,1.9857270605934405,neither_zero,True
single_baseline_07,dual_baseline_12,9,cosine_error,0.00398453525271214,0.0064710255121182,neither_zero,True
single_baseline_07,dual_baseline_12,9,log_norm_ratio,2.8435913309762628e-05,0.00018101471761390988,neither_zero,True
single_baseline_07,dual_baseline_12,10,relative_l2,0.11188783017839239,0.11462983090523451,neither_zero,True
single_baseline_07,dual_baseline_12,10,max_abs,0.005917693488299847,0.00594778242520988,neither_zero,True
single_baseline_07,dual_baseline_12,10,normalized_max_abs,1.9726169906164426,1.9826470570430124,neither_zero,True
single_baseline_07,dual_baseline_12,10,cosine_error,0.006259664702508938,0.006571025593287261,neither_zero,True
single_baseline_07,dual_baseline_12,10,log_norm_ratio,3.5475489414320196e-05,0.0001985496010601438,neither_zero,True
single_baseline_07,dual_baseline_12,12,relative_l2,0.12289894968218831,0.1281904108794343,neither_zero,True
single_baseline_07,dual_baseline_12,12,max_abs,0.005881443386897445,0.005939641036093235,neither_zero,True
single_baseline_07,dual_baseline_12,12,normalized_max_abs,1.9605969074694232,1.9799972695114094,neither_zero,True
single_baseline_07,dual_baseline_12,12,cosine_error,0.007552395175086879,0.008216884210253905,neither_zero,True
single_baseline_07,dual_baseline_12,12,log_norm_ratio,4.2392366095215385e-05,0.0003993144073782176,neither_zero,True
single_baseline_07,dual_baseline_12,13,relative_l2,0.06331233030666036,0.08811547143108552,neither_zero,True
single_baseline_07,dual_baseline_12,13,max_abs,0.0057821793016046286,0.005892634857445955,neither_zero,True
single_baseline_07,dual_baseline_12,13,normalized_max_abs,1.9274606987492675,1.9642808135823902,neither_zero,True
single_baseline_07,dual_baseline_12,13,cosine_error,0.0020044964762914175,0.003882467918829735,neither_zero,True
single_baseline_07,dual_baseline_12,13,log_norm_ratio,0.000140043250339406,0.00017695298734545184,neither_zero,True
single_baseline_07,dual_baseline_12,14,relative_l2,0.0911979333410743,0.09979719351372945,neither_zero,True
single_baseline_07,dual_baseline_12,14,max_abs,0.005892292829230428,0.005890344735234976,neither_zero,False
single_baseline_07,dual_baseline_12,14,normalized_max_abs,1.9642076562109503,1.9635584075632604,neither_zero,False
single_baseline_07,dual_baseline_12,14,cosine_error,0.0041588524921272185,0.004980025156854584,neither_zero,True
single_baseline_07,dual_baseline_12,14,log_norm_ratio,7.791011271721096e-05,0.0002657099935791046,neither_zero,True
single_baseline_07,dual_baseline_12,16,relative_l2,0.06653436775565033,0.08436554172823829,neither_zero,True
single_baseline_07,dual_baseline_12,16,max_abs,0.005629628663882613,0.005808895919471979,neither_zero,True
single_baseline_07,dual_baseline_12,16,normalized_max_abs,1.8766682751164794,1.9364281700460415,neither_zero,True
single_baseline_07,dual_baseline_12,16,cosine_error,0.002213471886117868,0.003559225492313911,neither_zero,True
single_baseline_07,dual_baseline_12,16,log_norm_ratio,2.765933204811972e-05,0.0002576750825546444,neither_zero,True
single_baseline_07,dual_baseline_12,17,relative_l2,0.05603952345546934,0.07984475971614276,neither_zero,True
single_baseline_07,dual_baseline_12,17,max_abs,0.005571285262703896,0.005828710272908211,neither_zero,True
single_baseline_07,dual_baseline_12,17,normalized_max_abs,1.857223067283224,1.9430371665975241,neither_zero,True
single_baseline_07,dual_baseline_12,17,cosine_error,0.001570446625637656,0.003187814275713241,neither_zero,True
single_baseline_07,dual_baseline_12,17,log_norm_ratio,0.00015580670636435295,0.0001790272257123107,neither_zero,True
single_baseline_07,dual_baseline_12,18,relative_l2,0.04843979129466935,0.05675008870631503,neither_zero,True
single_baseline_07,dual_baseline_12,18,max_abs,0.005546719999983907,0.005600189324468374,neither_zero,True
single_baseline_07,dual_baseline_12,18,normalized_max_abs,1.849036521818501,1.8668605919637218,neither_zero,True
single_baseline_07,dual_baseline_12,18,cosine_error,0.0011732364641572346,0.0016104724420231697,neither_zero,True
single_baseline_07,dual_baseline_12,18,log_norm_ratio,2.565840687726757e-05,0.00017426153486520073,neither_zero,True
single_baseline_07,dual_baseline_12,20,relative_l2,0.002851983707057735,0.03618305776935488,neither_zero,True
single_baseline_07,dual_baseline_12,20,max_abs,0.0007665505399927497,0.005794270662590861,neither_zero,True
single_baseline_07,dual_baseline_12,20,normalized_max_abs,0.2555177764903059,1.9314304327498888,neither_zero,True
single_baseline_07,dual_baseline_12,20,cosine_error,4.06664357233133e-06,0.0006546084234719807,neither_zero,True
single_baseline_07,dual_baseline_12,20,log_norm_ratio,2.731469793063782e-05,3.119384705013665e-05,neither_zero,True
single_baseline_07,dual_baseline_12,21,relative_l2,0.03806060984075679,0.050826764560299505,neither_zero,True
single_baseline_07,dual_baseline_12,21,max_abs,0.003883085446432233,0.005037351744249463,neither_zero,True
single_baseline_07,dual_baseline_12,21,normalized_max_abs,1.2945448603905276,1.6793544432923737,neither_zero,True
single_baseline_07,dual_baseline_12,21,cosine_error,0.0007243470246589556,0.0012917344042318035,neither_zero,True
single_baseline_07,dual_baseline_12,21,log_norm_ratio,6.0533566735819743e-05,0.00022368858879896094,neither_zero,True
single_baseline_07,dual_baseline_12,22,relative_l2,0.051130051196367474,0.0577932887500439,neither_zero,True
single_baseline_07,dual_baseline_12,22,max_abs,0.004981569014489651,0.005380292423069477,neither_zero,True
single_baseline_07,dual_baseline_12,22,normalized_max_abs,1.660858516014882,1.793792894607881,neither_zero,True
single_baseline_07,dual_baseline_12,22,cosine_error,0.001307161314687888,0.0016701450821178243,neither_zero,True
single_baseline_07,dual_baseline_12,22,log_norm_ratio,1.5582299940140065e-05,0.00012333987278905878,neither_zero,True
single_baseline_07,dual_baseline_12,24,relative_l2,0.01409876893232901,0.02795966456988454,neither_zero,True
single_baseline_07,dual_baseline_12,24,max_abs,0.0027482223813422024,0.004742427030578256,neither_zero,True
single_baseline_07,dual_baseline_12,24,normalized_max_abs,0.916215765692689,1.5810536720436101,neither_zero,True
single_baseline_07,dual_baseline_12,24,cosine_error,9.939068759590164e-05,0.0003909045336550898,neither_zero,True
single_baseline_07,dual_baseline_12,24,log_norm_ratio,3.783883179913528e-05,0.0001037535551461458,neither_zero,True
single_baseline_07,dual_baseline_12,25,relative_l2,0.010018818679654758,0.020624469441589088,neither_zero,True
single_baseline_07,dual_baseline_12,25,max_abs,0.0026310497778467834,0.0037428823998197913,neither_zero,True
single_baseline_07,dual_baseline_12,25,normalized_max_abs,0.8770887402996714,1.2477301994024919,neither_zero,True
single_baseline_07,dual_baseline_12,25,cosine_error,5.018911705689799e-05,0.00021269104683663276,neither_zero,True
single_baseline_07,dual_baseline_12,25,log_norm_ratio,1.8368456232193044e-05,8.241009325611086e-05,neither_zero,True
single_baseline_07,dual_baseline_12,26,relative_l2,0.001141992263924425,0.0030323136778769143,neither_zero,True
single_baseline_07,dual_baseline_12,26,max_abs,0.0002378134522587061,0.0004952069721184671,neither_zero,True
single_baseline_07,dual_baseline_12,26,normalized_max_abs,0.07928242259026769,0.16509247524793977,neither_zero,True
single_baseline_07,dual_baseline_12,26,cosine_error,6.520733721870897e-07,4.597282226015409e-06,neither_zero,True
single_baseline_07,dual_baseline_12,26,log_norm_ratio,7.392174900024046e-07,2.4824088155444077e-05,neither_zero,True
single_baseline_07,dual_baseline_12,28,relative_l2,0.0,0.0,neither_zero,True
single_baseline_07,dual_baseline_12,28,max_abs,0.0,0.0,neither_zero,True
single_baseline_07,dual_baseline_12,28,normalized_max_abs,0.0,0.0,neither_zero,True
single_baseline_07,dual_baseline_12,28,cosine_error,0.0,0.0,neither_zero,True
single_baseline_07,dual_baseline_12,28,log_norm_ratio,0.0,0.0,neither_zero,True
single_baseline_07,dual_baseline_12,29,relative_l2,0.0,0.0,neither_zero,True
single_baseline_07,dual_baseline_12,29,max_abs,0.0,0.0,neither_zero,True
single_baseline_07,dual_baseline_12,29,normalized_max_abs,0.0,0.0,neither_zero,True
single_baseline_07,dual_baseline_12,29,cosine_error,0.0,0.0,neither_zero,True
single_baseline_07,dual_baseline_12,29,log_norm_ratio,0.0,0.0,neither_zero,True
single_baseline_07,dual_baseline_12,30,relative_l2,0.0,0.0,neither_zero,True
single_baseline_07,dual_baseline_12,30,max_abs,0.0,0.0,neither_zero,True
single_baseline_07,dual_baseline_12,30,normalized_max_abs,0.0,0.0,neither_zero,True
single_baseline_07,dual_baseline_12,30,cosine_error,0.0,0.0,neither_zero,True
single_baseline_07,dual_baseline_12,30,log_norm_ratio,0.0,0.0,neither_zero,True
single_baseline_07,dual_baseline_12,global,relative_l2,0.06842652606412428,0.07576209242758418,neither_zero,True
single_baseline_07,dual_baseline_12,global,max_abs,0.005958950147032738,0.005976773798465729,neither_zero,True
single_baseline_07,dual_baseline_12,global,normalized_max_abs,1.9863239438860585,1.9922651826504838,neither_zero,True
single_baseline_07,dual_baseline_12,global,cosine_error,0.002341135156269991,0.002869989563512809,neither_zero,True
single_baseline_07,dual_baseline_12,global,log_norm_ratio,1.733013398965964e-05,2.5695636726825657e-05,neither_zero,True
single_baseline_07,dual_baseline_13,0,relative_l2,0.05887517680481041,0.06824693312551014,neither_zero,True
single_baseline_07,dual_baseline_13,0,max_abs,0.005960823269560933,0.0059624831192195415,neither_zero,True
single_baseline_07,dual_baseline_13,0,normalized_max_abs,1.9869626617860694,1.9875157967593196,neither_zero,True
single_baseline_07,dual_baseline_13,0,cosine_error,0.0017332053716144769,0.0023289119890768095,neither_zero,True
single_baseline_07,dual_baseline_13,0,log_norm_ratio,3.6237724348868015e-05,0.00013442475574679274,neither_zero,True
single_baseline_07,dual_baseline_13,1,relative_l2,0.12560890598540103,0.13775838756793352,neither_zero,True
single_baseline_07,dual_baseline_13,1,max_abs,0.005927051650360227,0.005959174828603864,neither_zero,True
single_baseline_07,dual_baseline_13,1,normalized_max_abs,1.9757462748831056,1.9864546474587708,neither_zero,True
single_baseline_07,dual_baseline_13,1,cosine_error,0.007890836821963676,0.009490543321821088,neither_zero,True
single_baseline_07,dual_baseline_13,1,log_norm_ratio,0.0002627047920185655,0.000354146493600735,neither_zero,True
single_baseline_07,dual_baseline_13,2,relative_l2,0.0912572057457578,0.09472783252409434,neither_zero,True
single_baseline_07,dual_baseline_13,2,max_abs,0.0059668265748769045,0.005975238047540188,neither_zero,True
single_baseline_07,dual_baseline_13,2,normalized_max_abs,1.9889684162619758,1.9917722774521038,neither_zero,True
single_baseline_07,dual_baseline_13,2,cosine_error,0.004164004763985374,0.004487133243832653,neither_zero,True
single_baseline_07,dual_baseline_13,2,log_norm_ratio,1.5871788988610266e-05,0.0001280474477327828,neither_zero,True
single_baseline_07,dual_baseline_13,4,relative_l2,0.11535123562581524,0.13372897703352327,neither_zero,True
single_baseline_07,dual_baseline_13,4,max_abs,0.005964109906926751,0.005976773798465729,neither_zero,True
single_baseline_07,dual_baseline_13,4,normalized_max_abs,1.9880745749052207,1.9922961072686851,neither_zero,True
single_baseline_07,dual_baseline_13,4,cosine_error,0.006653120046132166,0.008942036081358573,neither_zero,True
single_baseline_07,dual_baseline_13,4,log_norm_ratio,2.503809679503539e-05,0.0001512792312364743,neither_zero,True
single_baseline_07,dual_baseline_13,5,relative_l2,0.09055637087436903,0.11086688207218229,neither_zero,True
single_baseline_07,dual_baseline_13,5,max_abs,0.005870221182703972,0.005959352012723684,neither_zero,True
single_baseline_07,dual_baseline_13,5,normalized_max_abs,1.9567742432698556,1.9864851880660115,neither_zero,True
single_baseline_07,dual_baseline_13,5,cosine_error,0.004100740373012779,0.006145754620427768,neither_zero,True
single_baseline_07,dual_baseline_13,5,log_norm_ratio,0.0001268798391242853,0.00010396011900955024,neither_zero,False
single_baseline_07,dual_baseline_13,6,relative_l2,0.1003804066813841,0.12145219557566955,neither_zero,True
single_baseline_07,dual_baseline_13,6,max_abs,0.005921554751694202,0.005959737114608288,neither_zero,True
single_baseline_07,dual_baseline_13,6,normalized_max_abs,1.9738929291888196,1.9866206500891914,neither_zero,True
single_baseline_07,dual_baseline_13,6,cosine_error,0.005038946255859211,0.007375358114384278,neither_zero,True
single_baseline_07,dual_baseline_13,6,log_norm_ratio,0.0001681788206231842,0.0001067684111316779,neither_zero,False
single_baseline_07,dual_baseline_13,8,relative_l2,0.10384094647978813,0.10452082796646944,neither_zero,True
single_baseline_07,dual_baseline_13,8,max_abs,0.005960752023383975,0.005964341107755899,neither_zero,True
single_baseline_07,dual_baseline_13,8,normalized_max_abs,1.9869486279811426,1.9881450082768717,neither_zero,True
single_baseline_07,dual_baseline_13,8,cosine_error,0.005391919015198643,0.005462305636124598,neither_zero,True
single_baseline_07,dual_baseline_13,8,log_norm_ratio,8.37282809357691e-05,0.00011319355897037096,neither_zero,True
single_baseline_07,dual_baseline_13,9,relative_l2,0.09511948908312372,0.11375555232581419,neither_zero,True
single_baseline_07,dual_baseline_13,9,max_abs,0.005920005729421973,0.005957070272415876,neither_zero,True
single_baseline_07,dual_baseline_13,9,normalized_max_abs,1.9733721360616316,1.9857270605934405,neither_zero,True
single_baseline_07,dual_baseline_13,9,cosine_error,0.004523997971734972,0.0064710255121182,neither_zero,True
single_baseline_07,dual_baseline_13,9,log_norm_ratio,3.091291635229658e-05,0.00018101471761390988,neither_zero,True
single_baseline_07,dual_baseline_13,10,relative_l2,0.10346573412468706,0.11462983090523451,neither_zero,True
single_baseline_07,dual_baseline_13,10,max_abs,0.005901452153921127,0.00594778242520988,neither_zero,True
single_baseline_07,dual_baseline_13,10,normalized_max_abs,1.9672030684170099,1.9826470570430124,neither_zero,True
single_baseline_07,dual_baseline_13,10,cosine_error,0.005352960836609522,0.006571025593287261,neither_zero,True
single_baseline_07,dual_baseline_13,10,log_norm_ratio,7.18030821360571e-05,0.0001985496010601438,neither_zero,True
single_baseline_07,dual_baseline_13,12,relative_l2,0.1041970337114661,0.1281904108794343,neither_zero,True
single_baseline_07,dual_baseline_13,12,max_abs,0.005808346206322312,0.005939641036093235,neither_zero,True
single_baseline_07,dual_baseline_13,12,normalized_max_abs,1.9362297416645782,1.9799972695114094,neither_zero,True
single_baseline_07,dual_baseline_13,12,cosine_error,0.005429209593364015,0.008216884210253905,neither_zero,True
single_baseline_07,dual_baseline_13,12,log_norm_ratio,0.0001302592786905694,0.0003993144073782176,neither_zero,True
single_baseline_07,dual_baseline_13,13,relative_l2,0.06363200777963525,0.08811547143108552,neither_zero,True
single_baseline_07,dual_baseline_13,13,max_abs,0.005706167779862881,0.005892634857445955,neither_zero,True
single_baseline_07,dual_baseline_13,13,normalized_max_abs,1.902122636201002,1.9642808135823902,neither_zero,True
single_baseline_07,dual_baseline_13,13,cosine_error,0.0020248280666144147,0.003882467918829735,neither_zero,True
single_baseline_07,dual_baseline_13,13,log_norm_ratio,0.00016038134502918884,0.00017695298734545184,neither_zero,True
single_baseline_07,dual_baseline_13,14,relative_l2,0.0846393309067725,0.09979719351372945,neither_zero,True
single_baseline_07,dual_baseline_13,14,max_abs,0.005781188840046525,0.005890344735234976,neither_zero,True
single_baseline_07,dual_baseline_13,14,normalized_max_abs,1.9271709181337113,1.9635584075632604,neither_zero,True
single_baseline_07,dual_baseline_13,14,cosine_error,0.0035823761991071734,0.004980025156854584,neither_zero,True
single_baseline_07,dual_baseline_13,14,log_norm_ratio,0.0001331304513734256,0.0002657099935791046,neither_zero,True
single_baseline_07,dual_baseline_13,16,relative_l2,0.05669545618047929,0.08436554172823829,neither_zero,True
single_baseline_07,dual_baseline_13,16,max_abs,0.005668350262567401,0.005808895919471979,neither_zero,True
single_baseline_07,dual_baseline_13,16,normalized_max_abs,1.8895758971329188,1.9364281700460415,neither_zero,True
single_baseline_07,dual_baseline_13,16,cosine_error,0.0016072439233755231,0.003559225492313911,neither_zero,True
single_baseline_07,dual_baseline_13,16,log_norm_ratio,3.557735668677625e-05,0.0002576750825546444,neither_zero,True
single_baseline_07,dual_baseline_13,17,relative_l2,0.058212642827096595,0.07984475971614276,neither_zero,True
single_baseline_07,dual_baseline_13,17,max_abs,0.005476877326145768,0.005828710272908211,neither_zero,True
single_baseline_07,dual_baseline_13,17,normalized_max_abs,1.8257515864232994,1.9430371665975241,neither_zero,True
single_baseline_07,dual_baseline_13,17,cosine_error,0.0016945787059102768,0.003187814275713241,neither_zero,True
single_baseline_07,dual_baseline_13,17,log_norm_ratio,0.00013703550194255163,0.0001790272257123107,neither_zero,True
single_baseline_07,dual_baseline_13,18,relative_l2,0.04251589436319616,0.05675008870631503,neither_zero,True
single_baseline_07,dual_baseline_13,18,max_abs,0.005003220168873668,0.005600189324468374,neither_zero,True
single_baseline_07,dual_baseline_13,18,normalized_max_abs,1.6678569285824998,1.8668605919637218,neither_zero,True
single_baseline_07,dual_baseline_13,18,cosine_error,0.0009038055701438008,0.0016104724420231697,neither_zero,True
single_baseline_07,dual_baseline_13,18,log_norm_ratio,5.4750676901307215e-06,0.00017426153486520073,neither_zero,True
single_baseline_07,dual_baseline_13,20,relative_l2,0.03340543417523715,0.03618305776935488,neither_zero,True
single_baseline_07,dual_baseline_13,20,max_abs,0.0056901846546679735,0.005794270662590861,neither_zero,True
single_baseline_07,dual_baseline_13,20,normalized_max_abs,1.8967351204185068,1.9314304327498888,neither_zero,True
single_baseline_07,dual_baseline_13,20,cosine_error,0.0005579665471688866,0.0006546084234719807,neither_zero,True
single_baseline_07,dual_baseline_13,20,log_norm_ratio,9.090679575595752e-06,3.119384705013665e-05,neither_zero,True
single_baseline_07,dual_baseline_13,21,relative_l2,0.03915933205682392,0.050826764560299505,neither_zero,True
single_baseline_07,dual_baseline_13,21,max_abs,0.004807232180610299,0.005037351744249463,neither_zero,True
single_baseline_07,dual_baseline_13,21,normalized_max_abs,1.6026372107727958,1.6793544432923737,neither_zero,True
single_baseline_07,dual_baseline_13,21,cosine_error,0.0007668198173583773,0.0012917344042318035,neither_zero,True
single_baseline_07,dual_baseline_13,21,log_norm_ratio,0.00013305816916411688,0.00022368858879896094,neither_zero,True
single_baseline_07,dual_baseline_13,22,relative_l2,0.024124210672645825,0.0577932887500439,neither_zero,True
single_baseline_07,dual_baseline_13,22,max_abs,0.003035409259609878,0.005380292423069477,neither_zero,True
single_baseline_07,dual_baseline_13,22,normalized_max_abs,1.0120074443228306,1.793792894607881,neither_zero,True
single_baseline_07,dual_baseline_13,22,cosine_error,0.0002909950852900689,0.0016701450821178243,neither_zero,True
single_baseline_07,dual_baseline_13,22,log_norm_ratio,2.2577507851393965e-05,0.00012333987278905878,neither_zero,True
single_baseline_07,dual_baseline_13,24,relative_l2,0.007080123936840526,0.02795966456988454,neither_zero,True
single_baseline_07,dual_baseline_13,24,max_abs,0.0008803366217762232,0.004742427030578256,neither_zero,True
single_baseline_07,dual_baseline_13,24,normalized_max_abs,0.2934909116030462,1.5810536720436101,neither_zero,True
single_baseline_07,dual_baseline_13,24,cosine_error,2.506433251248108e-05,0.0003909045336550898,neither_zero,True
single_baseline_07,dual_baseline_13,24,log_norm_ratio,3.5934765347910446e-05,0.0001037535551461458,neither_zero,True
single_baseline_07,dual_baseline_13,25,relative_l2,0.008941181221819278,0.020624469441589088,neither_zero,True
single_baseline_07,dual_baseline_13,25,max_abs,0.002216265653260052,0.0037428823998197913,neither_zero,True
single_baseline_07,dual_baseline_13,25,normalized_max_abs,0.7388159340345889,1.2477301994024919,neither_zero,True
single_baseline_07,dual_baseline_13,25,cosine_error,3.997312378400952e-05,0.00021269104683663276,neither_zero,True
single_baseline_07,dual_baseline_13,25,log_norm_ratio,3.14931231008371e-05,8.241009325611086e-05,neither_zero,True
single_baseline_07,dual_baseline_13,26,relative_l2,0.0003600659277632863,0.0030323136778769143,neither_zero,True
single_baseline_07,dual_baseline_13,26,max_abs,7.660128176212311e-05,0.0004952069721184671,neither_zero,True
single_baseline_07,dual_baseline_13,26,normalized_max_abs,0.025537391320547043,0.16509247524793977,neither_zero,True
single_baseline_07,dual_baseline_13,26,cosine_error,6.482361969428752e-08,4.597282226015409e-06,neither_zero,True
single_baseline_07,dual_baseline_13,26,log_norm_ratio,5.473032654843145e-07,2.4824088155444077e-05,neither_zero,True
single_baseline_07,dual_baseline_13,28,relative_l2,0.0,0.0,neither_zero,True
single_baseline_07,dual_baseline_13,28,max_abs,0.0,0.0,neither_zero,True
single_baseline_07,dual_baseline_13,28,normalized_max_abs,0.0,0.0,neither_zero,True
single_baseline_07,dual_baseline_13,28,cosine_error,0.0,0.0,neither_zero,True
single_baseline_07,dual_baseline_13,28,log_norm_ratio,0.0,0.0,neither_zero,True
single_baseline_07,dual_baseline_13,29,relative_l2,0.0,0.0,neither_zero,True
single_baseline_07,dual_baseline_13,29,max_abs,0.0,0.0,neither_zero,True
single_baseline_07,dual_baseline_13,29,normalized_max_abs,0.0,0.0,neither_zero,True
single_baseline_07,dual_baseline_13,29,cosine_error,0.0,0.0,neither_zero,True
single_baseline_07,dual_baseline_13,29,log_norm_ratio,0.0,0.0,neither_zero,True
single_baseline_07,dual_baseline_13,30,relative_l2,0.0,0.0,neither_zero,True
single_baseline_07,dual_baseline_13,30,max_abs,0.0,0.0,neither_zero,True
single_baseline_07,dual_baseline_13,30,normalized_max_abs,0.0,0.0,neither_zero,True
single_baseline_07,dual_baseline_13,30,cosine_error,0.0,0.0,neither_zero,True
single_baseline_07,dual_baseline_13,30,log_norm_ratio,0.0,0.0,neither_zero,True
single_baseline_07,dual_baseline_13,global,relative_l2,0.07183169740861887,0.07576209242758418,neither_zero,True
single_baseline_07,dual_baseline_13,global,max_abs,0.0059668265748769045,0.005976773798465729,neither_zero,True
single_baseline_07,dual_baseline_13,global,normalized_max_abs,1.9889494293882237,1.9922651826504838,neither_zero,True
single_baseline_07,dual_baseline_13,global,cosine_error,0.0025799153458287982,0.002869989563512809,neither_zero,True
single_baseline_07,dual_baseline_13,global,log_norm_ratio,7.363306856904521e-06,2.5695636726825657e-05,neither_zero,True
single_baseline_07,dual_baseline_14,0,relative_l2,0.05969625556858906,0.06824693312551014,neither_zero,True
single_baseline_07,dual_baseline_14,0,max_abs,0.005950836697593331,0.0059624831192195415,neither_zero,True
single_baseline_07,dual_baseline_14,0,normalized_max_abs,1.9836337683226124,1.9875157967593196,neither_zero,True
single_baseline_07,dual_baseline_14,0,cosine_error,0.0017819666731383466,0.0023289119890768095,neither_zero,True
single_baseline_07,dual_baseline_14,0,log_norm_ratio,8.34449551363043e-05,0.00013442475574679274,neither_zero,True
single_baseline_07,dual_baseline_14,1,relative_l2,0.10150601981088316,0.13775838756793352,neither_zero,True
single_baseline_07,dual_baseline_14,1,max_abs,0.00590747594833374,0.005959174828603864,neither_zero,True
single_baseline_07,dual_baseline_14,1,normalized_max_abs,1.9692219046655173,1.9864546474587708,neither_zero,True
single_baseline_07,dual_baseline_14,1,cosine_error,0.005152456605431954,0.009490543321821088,neither_zero,True
single_baseline_07,dual_baseline_14,1,log_norm_ratio,0.0001418124066788907,0.000354146493600735,neither_zero,True
single_baseline_07,dual_baseline_14,2,relative_l2,0.059445205320107525,0.09472783252409434,neither_zero,True
single_baseline_07,dual_baseline_14,2,max_abs,0.0059550050646066666,0.005975238047540188,neither_zero,True
single_baseline_07,dual_baseline_14,2,normalized_max_abs,1.9850278608821665,1.9917722774521038,neither_zero,True
single_baseline_07,dual_baseline_14,2,cosine_error,0.0017668780818144159,0.004487133243832653,neither_zero,True
single_baseline_07,dual_baseline_14,2,log_norm_ratio,6.72752184656672e-06,0.0001280474477327828,neither_zero,True
single_baseline_07,dual_baseline_14,4,relative_l2,0.07823297202737999,0.13372897703352327,neither_zero,True
single_baseline_07,dual_baseline_14,4,max_abs,0.005897879600524902,0.005976773798465729,neither_zero,True
single_baseline_07,dual_baseline_14,4,normalized_max_abs,1.9659973847963035,1.9922961072686851,neither_zero,True
single_baseline_07,dual_baseline_14,4,cosine_error,0.0030602496487291964,0.008942036081358573,neither_zero,True
single_baseline_07,dual_baseline_14,4,log_norm_ratio,1.6610076345695525e-05,0.0001512792312364743,neither_zero,True
single_baseline_07,dual_baseline_14,5,relative_l2,0.07725685518102417,0.11086688207218229,neither_zero,True
single_baseline_07,dual_baseline_14,5,max_abs,0.005866752937436104,0.005959352012723684,neither_zero,True
single_baseline_07,dual_baseline_14,5,normalized_max_abs,1.9556182932937867,1.9864851880660115,neither_zero,True
single_baseline_07,dual_baseline_14,5,cosine_error,0.0029844781821490862,0.006145754620427768,neither_zero,True
single_baseline_07,dual_baseline_14,5,log_norm_ratio,5.661056286104733e-05,0.00010396011900955024,neither_zero,True
single_baseline_07,dual_baseline_14,6,relative_l2,0.08716226517001664,0.12145219557566955,neither_zero,True
single_baseline_07,dual_baseline_14,6,max_abs,0.005921615986153483,0.005959737114608288,neither_zero,True
single_baseline_07,dual_baseline_14,6,normalized_max_abs,1.973913341102796,1.9866206500891914,neither_zero,True
single_baseline_07,dual_baseline_14,6,cosine_error,0.0037989359860801653,0.007375358114384278,neither_zero,True
single_baseline_07,dual_baseline_14,6,log_norm_ratio,8.135781962287753e-05,0.0001067684111316779,neither_zero,True
single_baseline_07,dual_baseline_14,8,relative_l2,0.09623523779193742,0.10452082796646944,neither_zero,True
single_baseline_07,dual_baseline_14,8,max_abs,0.005953815998509526,0.005964341107755899,neither_zero,True
single_baseline_07,dual_baseline_14,8,normalized_max_abs,1.9846364292533005,1.9881450082768717,neither_zero,True
single_baseline_07,dual_baseline_14,8,cosine_error,0.004630759690485542,0.005462305636124598,neither_zero,True
single_baseline_07,dual_baseline_14,8,log_norm_ratio,3.233143724237676e-05,0.00011319355897037096,neither_zero,True
single_baseline_07,dual_baseline_14,9,relative_l2,0.09456445138913908,0.11375555232581419,neither_zero,True
single_baseline_07,dual_baseline_14,9,max_abs,0.005930629326030612,0.005957070272415876,neither_zero,True
single_baseline_07,dual_baseline_14,9,normalized_max_abs,1.9769134011364367,1.9857270605934405,neither_zero,True
single_baseline_07,dual_baseline_14,9,cosine_error,0.004471889623443248,0.0064710255121182,neither_zero,True
single_baseline_07,dual_baseline_14,9,log_norm_ratio,0.00015287173593334368,0.00018101471761390988,neither_zero,True
single_baseline_07,dual_baseline_14,10,relative_l2,0.09205866156958063,0.11462983090523451,neither_zero,True
single_baseline_07,dual_baseline_14,10,max_abs,0.005919396411627531,0.00594778242520988,neither_zero,True
single_baseline_07,dual_baseline_14,10,normalized_max_abs,1.9731846468319172,1.9826470570430124,neither_zero,True
single_baseline_07,dual_baseline_14,10,cosine_error,0.004237825525621686,0.006571025593287261,neither_zero,True
single_baseline_07,dual_baseline_14,10,log_norm_ratio,0.00010197725574200768,0.0001985496010601438,neither_zero,True
single_baseline_07,dual_baseline_14,12,relative_l2,0.10322298635448332,0.1281904108794343,neither_zero,True
single_baseline_07,dual_baseline_14,12,max_abs,0.005776250967755914,0.005939641036093235,neither_zero,True
single_baseline_07,dual_baseline_14,12,normalized_max_abs,1.9255306970018413,1.9799972695114094,neither_zero,True
single_baseline_07,dual_baseline_14,12,cosine_error,0.005327497582204299,0.008216884210253905,neither_zero,True
single_baseline_07,dual_baseline_14,12,log_norm_ratio,9.623097933491742e-07,0.0003993144073782176,neither_zero,True
single_baseline_07,dual_baseline_14,13,relative_l2,0.0493513972849308,0.08811547143108552,neither_zero,True
single_baseline_07,dual_baseline_14,13,max_abs,0.0056918838527053595,0.005892634857445955,neither_zero,True
single_baseline_07,dual_baseline_14,13,normalized_max_abs,1.8973611601581752,1.9642808135823902,neither_zero,True
single_baseline_07,dual_baseline_14,13,cosine_error,0.0012177908742124766,0.003882467918829735,neither_zero,True
single_baseline_07,dual_baseline_14,13,log_norm_ratio,8.79126084200978e-06,0.00017695298734545184,neither_zero,True
single_baseline_07,dual_baseline_14,14,relative_l2,0.08633117377411763,0.09979719351372945,neither_zero,True
single_baseline_07,dual_baseline_14,14,max_abs,0.005828629247844219,0.005890344735234976,neither_zero,True
single_baseline_07,dual_baseline_14,14,normalized_max_abs,1.942985273412821,1.9635584075632604,neither_zero,True
single_baseline_07,dual_baseline_14,14,cosine_error,0.0037265781500768203,0.004980025156854584,neither_zero,True
single_baseline_07,dual_baseline_14,14,log_norm_ratio,1.1386461131229744e-05,0.0002657099935791046,neither_zero,True
single_baseline_07,dual_baseline_14,16,relative_l2,0.059570571662339165,0.08436554172823829,neither_zero,True
single_baseline_07,dual_baseline_14,16,max_abs,0.005650156643241644,0.005808895919471979,neither_zero,True
single_baseline_07,dual_baseline_14,16,normalized_max_abs,1.8835113921168056,1.9364281700460415,neither_zero,True
single_baseline_07,dual_baseline_14,16,cosine_error,0.0017744206770525794,0.003559225492313911,neither_zero,True
single_baseline_07,dual_baseline_14,16,log_norm_ratio,5.389232496320391e-05,0.0002576750825546444,neither_zero,True
single_baseline_07,dual_baseline_14,17,relative_l2,0.06925882690928752,0.07984475971614276,neither_zero,True
single_baseline_07,dual_baseline_14,17,max_abs,0.005621640011668205,0.005828710272908211,neither_zero,True
single_baseline_07,dual_baseline_14,17,normalized_max_abs,1.8740091403191583,1.9430371665975241,neither_zero,True
single_baseline_07,dual_baseline_14,17,cosine_error,0.002398824565690294,0.003187814275713241,neither_zero,True
single_baseline_07,dual_baseline_14,17,log_norm_ratio,0.00018743245250284663,0.0001790272257123107,neither_zero,False
single_baseline_07,dual_baseline_14,18,relative_l2,0.047230691320508965,0.05675008870631503,neither_zero,True
single_baseline_07,dual_baseline_14,18,max_abs,0.005472671007737517,0.005600189324468374,neither_zero,True
single_baseline_07,dual_baseline_14,18,normalized_max_abs,1.8243515076336159,1.8668605919637218,neither_zero,True
single_baseline_07,dual_baseline_14,18,cosine_error,0.0011154732656631916,0.0016104724420231697,neither_zero,True
single_baseline_07,dual_baseline_14,18,log_norm_ratio,9.766081673220065e-05,0.00017426153486520073,neither_zero,True
single_baseline_07,dual_baseline_14,20,relative_l2,0.016884695402526455,0.03618305776935488,neither_zero,True
single_baseline_07,dual_baseline_14,20,max_abs,0.004566240240819752,0.005794270662590861,neither_zero,True
single_baseline_07,dual_baseline_14,20,normalized_max_abs,1.5220856191241579,1.9314304327498888,neither_zero,True
single_baseline_07,dual_baseline_14,20,cosine_error,0.0001425502246975574,0.0006546084234719807,neither_zero,True
single_baseline_07,dual_baseline_14,20,log_norm_ratio,2.9369365370253586e-05,3.119384705013665e-05,neither_zero,True
single_baseline_07,dual_baseline_14,21,relative_l2,0.018115638142607637,0.050826764560299505,neither_zero,True
single_baseline_07,dual_baseline_14,21,max_abs,0.0028901707846671343,0.005037351744249463,neither_zero,True
single_baseline_07,dual_baseline_14,21,normalized_max_abs,0.9635264266366097,1.6793544432923737,neither_zero,True
single_baseline_07,dual_baseline_14,21,cosine_error,0.0001640979683367183,0.0012917344042318035,neither_zero,True
single_baseline_07,dual_baseline_14,21,log_norm_ratio,7.84460463572193e-05,0.00022368858879896094,neither_zero,True
single_baseline_07,dual_baseline_14,22,relative_l2,0.0035447711527012934,0.0577932887500439,neither_zero,True
single_baseline_07,dual_baseline_14,22,max_abs,0.0006056071724742651,0.005380292423069477,neither_zero,True
single_baseline_07,dual_baseline_14,22,normalized_max_abs,0.2019098454398551,1.793792894607881,neither_zero,True
single_baseline_07,dual_baseline_14,22,cosine_error,6.282705863558391e-06,0.0016701450821178243,neither_zero,True
single_baseline_07,dual_baseline_14,22,log_norm_ratio,1.1784243465695132e-05,0.00012333987278905878,neither_zero,True
single_baseline_07,dual_baseline_14,24,relative_l2,0.002348233564986937,0.02795966456988454,neither_zero,True
single_baseline_07,dual_baseline_14,24,max_abs,0.0004980492522008717,0.004742427030578256,neither_zero,True
single_baseline_07,dual_baseline_14,24,normalized_max_abs,0.16604208598833647,1.5810536720436101,neither_zero,True
single_baseline_07,dual_baseline_14,24,cosine_error,2.757103175987652e-06,0.0003909045336550898,neither_zero,True
single_baseline_07,dual_baseline_14,24,log_norm_ratio,4.213531127239039e-06,0.0001037535551461458,neither_zero,True
single_baseline_07,dual_baseline_14,25,relative_l2,0.0010763065138966368,0.020624469441589088,neither_zero,True
single_baseline_07,dual_baseline_14,25,max_abs,0.00025765772443264723,0.0037428823998197913,neither_zero,True
single_baseline_07,dual_baseline_14,25,normalized_max_abs,0.08589297354003565,1.2477301994024919,neither_zero,True
single_baseline_07,dual_baseline_14,25,cosine_error,5.791976157576428e-07,0.00021269104683663276,neither_zero,True
single_baseline_07,dual_baseline_14,25,log_norm_ratio,6.967628968834461e-06,8.241009325611086e-05,neither_zero,True
single_baseline_07,dual_baseline_14,26,relative_l2,0.0015193102229466206,0.0030323136778769143,neither_zero,True
single_baseline_07,dual_baseline_14,26,max_abs,0.0002331144642084837,0.0004952069721184671,neither_zero,True
single_baseline_07,dual_baseline_14,26,normalized_max_abs,0.07771587051844009,0.16509247524793977,neither_zero,True
single_baseline_07,dual_baseline_14,26,cosine_error,1.1541278619464634e-06,4.597282226015409e-06,neither_zero,True
single_baseline_07,dual_baseline_14,26,log_norm_ratio,8.165410643023124e-06,2.4824088155444077e-05,neither_zero,True
single_baseline_07,dual_baseline_14,28,relative_l2,0.0,0.0,neither_zero,True
single_baseline_07,dual_baseline_14,28,max_abs,0.0,0.0,neither_zero,True
single_baseline_07,dual_baseline_14,28,normalized_max_abs,0.0,0.0,neither_zero,True
single_baseline_07,dual_baseline_14,28,cosine_error,0.0,0.0,neither_zero,True
single_baseline_07,dual_baseline_14,28,log_norm_ratio,0.0,0.0,neither_zero,True
single_baseline_07,dual_baseline_14,29,relative_l2,0.0,0.0,neither_zero,True
single_baseline_07,dual_baseline_14,29,max_abs,0.0,0.0,neither_zero,True
single_baseline_07,dual_baseline_14,29,normalized_max_abs,0.0,0.0,neither_zero,True
single_baseline_07,dual_baseline_14,29,cosine_error,0.0,0.0,neither_zero,True
single_baseline_07,dual_baseline_14,29,log_norm_ratio,0.0,0.0,neither_zero,True
single_baseline_07,dual_baseline_14,30,relative_l2,0.0,0.0,neither_zero,True
single_baseline_07,dual_baseline_14,30,max_abs,0.0,0.0,neither_zero,True
single_baseline_07,dual_baseline_14,30,normalized_max_abs,0.0,0.0,neither_zero,True
single_baseline_07,dual_baseline_14,30,cosine_error,0.0,0.0,neither_zero,True
single_baseline_07,dual_baseline_14,30,log_norm_ratio,0.0,0.0,neither_zero,True
single_baseline_07,dual_baseline_14,global,relative_l2,0.063160733196939,0.07576209242758418,neither_zero,True
single_baseline_07,dual_baseline_14,global,max_abs,0.0059550050646066666,0.005976773798465729,neither_zero,True
single_baseline_07,dual_baseline_14,global,normalized_max_abs,1.9850089116253151,1.9922651826504838,neither_zero,True
single_baseline_07,dual_baseline_14,global,cosine_error,0.001994656739027878,0.002869989563512809,neither_zero,True
single_baseline_07,dual_baseline_14,global,log_norm_ratio,8.858344046135032e-06,2.5695636726825657e-05,neither_zero,True
single_baseline_07,dual_baseline_15,0,relative_l2,0.039090076837369835,0.06824693312551014,neither_zero,True
single_baseline_07,dual_baseline_15,0,max_abs,0.0057407214771956205,0.0059624831192195415,neither_zero,True
single_baseline_07,dual_baseline_15,0,normalized_max_abs,1.913594601126509,1.9875157967593196,neither_zero,True
single_baseline_07,dual_baseline_15,0,cosine_error,0.0007640359504218486,0.0023289119890768095,neither_zero,True
single_baseline_07,dual_baseline_15,0,log_norm_ratio,2.5147074680774224e-05,0.00013442475574679274,neither_zero,True
single_baseline_07,dual_baseline_15,1,relative_l2,0.11060693581826837,0.13775838756793352,neither_zero,True
single_baseline_07,dual_baseline_15,1,max_abs,0.005908112972974777,0.005959174828603864,neither_zero,True
single_baseline_07,dual_baseline_15,1,normalized_max_abs,1.9694342530335702,1.9864546474587708,neither_zero,True
single_baseline_07,dual_baseline_15,1,cosine_error,0.0061178703690994984,0.009490543321821088,neither_zero,True
single_baseline_07,dual_baseline_15,1,log_norm_ratio,0.00015282959492862256,0.000354146493600735,neither_zero,True
single_baseline_07,dual_baseline_15,2,relative_l2,0.04549287969009396,0.09472783252409434,neither_zero,True
single_baseline_07,dual_baseline_15,2,max_abs,0.005961529212072492,0.005975238047540188,neither_zero,True
single_baseline_07,dual_baseline_15,2,normalized_max_abs,1.9872026053782104,1.9917722774521038,neither_zero,True
single_baseline_07,dual_baseline_15,2,cosine_error,0.0010348770537352836,0.004487133243832653,neither_zero,True
single_baseline_07,dual_baseline_15,2,log_norm_ratio,7.625305804141799e-05,0.0001280474477327828,neither_zero,True
single_baseline_07,dual_baseline_15,4,relative_l2,0.10970010849991074,0.13372897703352327,neither_zero,True
single_baseline_07,dual_baseline_15,4,max_abs,0.005944813834503293,0.005976773798465729,neither_zero,True
single_baseline_07,dual_baseline_15,4,normalized_max_abs,1.9816424280167044,1.9922961072686851,neither_zero,True
single_baseline_07,dual_baseline_15,4,cosine_error,0.0060176306584162065,0.008942036081358573,neither_zero,True
single_baseline_07,dual_baseline_15,4,log_norm_ratio,9.611800613930702e-05,0.0001512792312364743,neither_zero,True
single_baseline_07,dual_baseline_15,5,relative_l2,0.08329758776261109,0.11086688207218229,neither_zero,True
single_baseline_07,dual_baseline_15,5,max_abs,0.005925223929807544,0.005959352012723684,neither_zero,True
single_baseline_07,dual_baseline_15,5,normalized_max_abs,1.9751088094627736,1.9864851880660115,neither_zero,True
single_baseline_07,dual_baseline_15,5,cosine_error,0.003469382890464945,0.006145754620427768,neither_zero,True
single_baseline_07,dual_baseline_15,5,log_norm_ratio,4.0249148407054116e-05,0.00010396011900955024,neither_zero,True
single_baseline_07,dual_baseline_15,6,relative_l2,0.10403531569731514,0.12145219557566955,neither_zero,True
single_baseline_07,dual_baseline_15,6,max_abs,0.005915194284170866,0.005959737114608288,neither_zero,True
single_baseline_07,dual_baseline_15,6,normalized_max_abs,1.971772728937854,1.9866206500891914,neither_zero,True
single_baseline_07,dual_baseline_15,6,cosine_error,0.005412406279825199,0.007375358114384278,neither_zero,True
single_baseline_07,dual_baseline_15,6,log_norm_ratio,0.00013714371678139847,0.0001067684111316779,neither_zero,False
single_baseline_07,dual_baseline_15,8,relative_l2,0.10564483042827696,0.10452082796646944,neither_zero,False
single_baseline_07,dual_baseline_15,8,max_abs,0.005961816757917404,0.005964341107755899,neither_zero,True
single_baseline_07,dual_baseline_15,8,normalized_max_abs,1.9873036993183697,1.9881450082768717,neither_zero,True
single_baseline_07,dual_baseline_15,8,cosine_error,0.005580622974430849,0.005462305636124598,neither_zero,False
single_baseline_07,dual_baseline_15,8,log_norm_ratio,3.737551530893466e-05,0.00011319355897037096,neither_zero,True
single_baseline_07,dual_baseline_15,9,relative_l2,0.10666676794135957,0.11375555232581419,neither_zero,True
single_baseline_07,dual_baseline_15,9,max_abs,0.00592515105381608,0.005957070272415876,neither_zero,True
single_baseline_07,dual_baseline_15,9,normalized_max_abs,1.9750872762581801,1.9857270605934405,neither_zero,True
single_baseline_07,dual_baseline_15,9,cosine_error,0.005689104572067061,0.0064710255121182,neither_zero,True
single_baseline_07,dual_baseline_15,9,log_norm_ratio,3.612815514783822e-05,0.00018101471761390988,neither_zero,True
single_baseline_07,dual_baseline_15,10,relative_l2,0.09031689841531802,0.11462983090523451,neither_zero,True
single_baseline_07,dual_baseline_15,10,max_abs,0.005905536003410816,0.00594778242520988,neither_zero,True
single_baseline_07,dual_baseline_15,10,normalized_max_abs,1.968564387807142,1.9826470570430124,neither_zero,True
single_baseline_07,dual_baseline_15,10,cosine_error,0.004078740327413066,0.006571025593287261,neither_zero,True
single_baseline_07,dual_baseline_15,10,log_norm_ratio,4.171169652181152e-05,0.0001985496010601438,neither_zero,True
single_baseline_07,dual_baseline_15,12,relative_l2,0.09969498453896207,0.1281904108794343,neither_zero,True
single_baseline_07,dual_baseline_15,12,max_abs,0.005773134529590607,0.005939641036093235,neither_zero,True
single_baseline_07,dual_baseline_15,12,normalized_max_abs,1.9244918229317733,1.9799972695114094,neither_zero,True
single_baseline_07,dual_baseline_15,12,cosine_error,0.004969836317712195,0.008216884210253905,neither_zero,True
single_baseline_07,dual_baseline_15,12,log_norm_ratio,5.8974607089021e-05,0.0003993144073782176,neither_zero,True
single_baseline_07,dual_baseline_15,13,relative_l2,0.047670339792549934,0.08811547143108552,neither_zero,True
single_baseline_07,dual_baseline_15,13,max_abs,0.005684144562110305,0.005892634857445955,neither_zero,True
single_baseline_07,dual_baseline_15,13,normalized_max_abs,1.8947813061481087,1.9642808135823902,neither_zero,True
single_baseline_07,dual_baseline_15,13,cosine_error,0.0011362591260563049,0.003882467918829735,neither_zero,True
single_baseline_07,dual_baseline_15,13,log_norm_ratio,2.5346029671478983e-05,0.00017695298734545184,neither_zero,True
single_baseline_07,dual_baseline_15,14,relative_l2,0.08643303847356364,0.09979719351372945,neither_zero,True
single_baseline_07,dual_baseline_15,14,max_abs,0.005825656233355403,0.005890344735234976,neither_zero,True
single_baseline_07,dual_baseline_15,14,normalized_max_abs,1.9419942130581844,1.9635584075632604,neither_zero,True
single_baseline_07,dual_baseline_15,14,cosine_error,0.003735855547072675,0.004980025156854584,neither_zero,True
single_baseline_07,dual_baseline_15,14,log_norm_ratio,0.00014202892373128568,0.0002657099935791046,neither_zero,True
single_baseline_07,dual_baseline_15,16,relative_l2,0.05940462476895599,0.08436554172823829,neither_zero,True
single_baseline_07,dual_baseline_15,16,max_abs,0.005670722806826234,0.005808895919471979,neither_zero,True
single_baseline_07,dual_baseline_15,16,normalized_max_abs,1.890367238042785,1.9364281700460415,neither_zero,True
single_baseline_07,dual_baseline_15,16,cosine_error,0.0017645303994091588,0.003559225492313911,neither_zero,True
single_baseline_07,dual_baseline_15,16,log_norm_ratio,4.3423371429245556e-05,0.0002576750825546444,neither_zero,True
single_baseline_07,dual_baseline_15,17,relative_l2,0.07115030334629044,0.07984475971614276,neither_zero,True
single_baseline_07,dual_baseline_15,17,max_abs,0.005613411543890834,0.005828710272908211,neither_zero,True
single_baseline_07,dual_baseline_15,17,normalized_max_abs,1.8712659834686625,1.9430371665975241,neither_zero,True
single_baseline_07,dual_baseline_15,17,cosine_error,0.002531799342666674,0.003187814275713241,neither_zero,True
single_baseline_07,dual_baseline_15,17,log_norm_ratio,0.00025653251837812115,0.0001790272257123107,neither_zero,False
single_baseline_07,dual_baseline_15,18,relative_l2,0.04336393459834192,0.05675008870631503,neither_zero,True
single_baseline_07,dual_baseline_15,18,max_abs,0.005422827322036028,0.005600189324468374,neither_zero,True
single_baseline_07,dual_baseline_15,18,normalized_max_abs,1.8077357814138297,1.8668605919637218,neither_zero,True
single_baseline_07,dual_baseline_15,18,cosine_error,0.0009402721921049073,0.0016104724420231697,neither_zero,True
single_baseline_07,dual_baseline_15,18,log_norm_ratio,6.246355376021845e-05,0.00017426153486520073,neither_zero,True
single_baseline_07,dual_baseline_15,20,relative_l2,0.016964391534142153,0.03618305776935488,neither_zero,True
single_baseline_07,dual_baseline_15,20,max_abs,0.004587700241245329,0.005794270662590861,neither_zero,True
single_baseline_07,dual_baseline_15,20,normalized_max_abs,1.5292389786303378,1.9314304327498888,neither_zero,True
single_baseline_07,dual_baseline_15,20,cosine_error,0.00014389933986291847,0.0006546084234719807,neither_zero,True
single_baseline_07,dual_baseline_15,20,log_norm_ratio,3.1617094470733935e-05,3.119384705013665e-05,neither_zero,False
single_baseline_07,dual_baseline_15,21,relative_l2,0.016142909317926602,0.050826764560299505,neither_zero,True
single_baseline_07,dual_baseline_15,21,max_abs,0.003257945994846523,0.005037351744249463,neither_zero,True
single_baseline_07,dual_baseline_15,21,normalized_max_abs,1.0861354904156855,1.6793544432923737,neither_zero,True
single_baseline_07,dual_baseline_15,21,cosine_error,0.00013030283412851507,0.0012917344042318035,neither_zero,True
single_baseline_07,dual_baseline_15,21,log_norm_ratio,6.079343652691646e-05,0.00022368858879896094,neither_zero,True
single_baseline_07,dual_baseline_15,22,relative_l2,0.006518183365836808,0.0577932887500439,neither_zero,True
single_baseline_07,dual_baseline_15,22,max_abs,0.0013682718417840078,0.005380292423069477,neither_zero,True
single_baseline_07,dual_baseline_15,22,normalized_max_abs,0.4561827677264749,1.793792894607881,neither_zero,True
single_baseline_07,dual_baseline_15,22,cosine_error,2.1243359394351735e-05,0.0016701450821178243,neither_zero,True
single_baseline_07,dual_baseline_15,22,log_norm_ratio,1.0390464082225563e-07,0.00012333987278905878,neither_zero,True
single_baseline_07,dual_baseline_15,24,relative_l2,0.0018600609077953933,0.02795966456988454,neither_zero,True
single_baseline_07,dual_baseline_15,24,max_abs,0.0003761090920306742,0.004742427030578256,neither_zero,True
single_baseline_07,dual_baseline_15,24,normalized_max_abs,0.12538908134885673,1.5810536720436101,neither_zero,True
single_baseline_07,dual_baseline_15,24,cosine_error,1.7299134270620797e-06,0.0003909045336550898,neither_zero,True
single_baseline_07,dual_baseline_15,24,log_norm_ratio,8.233428999364508e-08,0.0001037535551461458,neither_zero,True
single_baseline_07,dual_baseline_15,25,relative_l2,0.0018547626693791485,0.020624469441589088,neither_zero,True
single_baseline_07,dual_baseline_15,25,max_abs,0.00037832302041351795,0.0037428823998197913,neither_zero,True
single_baseline_07,dual_baseline_15,25,normalized_max_abs,0.12611804770657697,1.2477301994024919,neither_zero,True
single_baseline_07,dual_baseline_15,25,cosine_error,1.7200681993179145e-06,0.00021269104683663276,neither_zero,True
single_baseline_07,dual_baseline_15,25,log_norm_ratio,5.054123929270914e-06,8.241009325611086e-05,neither_zero,True
single_baseline_07,dual_baseline_15,26,relative_l2,4.806549247684165e-05,0.0030323136778769143,neither_zero,True
single_baseline_07,dual_baseline_15,26,max_abs,7.72776547819376e-06,0.0004952069721184671,neither_zero,True
single_baseline_07,dual_baseline_15,26,normalized_max_abs,0.002576288105241996,0.16509247524793977,neither_zero,True
single_baseline_07,dual_baseline_15,26,cosine_error,1.1549984302305916e-09,4.597282226015409e-06,neither_zero,True
single_baseline_07,dual_baseline_15,26,log_norm_ratio,5.412586595167076e-07,2.4824088155444077e-05,neither_zero,True
single_baseline_07,dual_baseline_15,28,relative_l2,0.0,0.0,neither_zero,True
single_baseline_07,dual_baseline_15,28,max_abs,0.0,0.0,neither_zero,True
single_baseline_07,dual_baseline_15,28,normalized_max_abs,0.0,0.0,neither_zero,True
single_baseline_07,dual_baseline_15,28,cosine_error,0.0,0.0,neither_zero,True
single_baseline_07,dual_baseline_15,28,log_norm_ratio,0.0,0.0,neither_zero,True
single_baseline_07,dual_baseline_15,29,relative_l2,0.0,0.0,neither_zero,True
single_baseline_07,dual_baseline_15,29,max_abs,0.0,0.0,neither_zero,True
single_baseline_07,dual_baseline_15,29,normalized_max_abs,0.0,0.0,neither_zero,True
single_baseline_07,dual_baseline_15,29,cosine_error,0.0,0.0,neither_zero,True
single_baseline_07,dual_baseline_15,29,log_norm_ratio,0.0,0.0,neither_zero,True
single_baseline_07,dual_baseline_15,30,relative_l2,0.0,0.0,neither_zero,True
single_baseline_07,dual_baseline_15,30,max_abs,0.0,0.0,neither_zero,True
single_baseline_07,dual_baseline_15,30,normalized_max_abs,0.0,0.0,neither_zero,True
single_baseline_07,dual_baseline_15,30,cosine_error,0.0,0.0,neither_zero,True
single_baseline_07,dual_baseline_15,30,log_norm_ratio,0.0,0.0,neither_zero,True
single_baseline_07,dual_baseline_15,global,relative_l2,0.06687478191177244,0.07576209242758418,neither_zero,True
single_baseline_07,dual_baseline_15,global,max_abs,0.005961816757917404,0.005976773798465729,neither_zero,True
single_baseline_07,dual_baseline_15,global,normalized_max_abs,1.9872794843248138,1.9922651826504838,neither_zero,True
single_baseline_07,dual_baseline_15,global,cosine_error,0.002236147267677735,0.002869989563512809,neither_zero,True
single_baseline_07,dual_baseline_15,global,log_norm_ratio,1.3024551271449004e-05,2.5695636726825657e-05,neither_zero,True
single_baseline_08,dual_baseline_11,0,relative_l2,0.054298010620550556,0.06824693312551014,neither_zero,True
single_baseline_08,dual_baseline_11,0,max_abs,0.005902518751099706,0.0059624831192195415,neither_zero,True
single_baseline_08,dual_baseline_11,0,normalized_max_abs,1.9675276112977484,1.9875157967593196,neither_zero,True
single_baseline_08,dual_baseline_11,0,cosine_error,0.0014742052436390596,0.0023289119890768095,neither_zero,True
single_baseline_08,dual_baseline_11,0,log_norm_ratio,4.705843745675767e-05,0.00013442475574679274,neither_zero,True
single_baseline_08,dual_baseline_11,1,relative_l2,0.10504052445207547,0.13775838756793352,neither_zero,True
single_baseline_08,dual_baseline_11,1,max_abs,0.00591039122082293,0.005959174828603864,neither_zero,True
single_baseline_08,dual_baseline_11,1,normalized_max_abs,1.9701936933776492,1.9864546474587708,neither_zero,True
single_baseline_08,dual_baseline_11,1,cosine_error,0.005517174532687408,0.009490543321821088,neither_zero,True
single_baseline_08,dual_baseline_11,1,log_norm_ratio,7.641219217664684e-05,0.000354146493600735,neither_zero,True
single_baseline_08,dual_baseline_11,2,relative_l2,0.061075879434113814,0.09472783252409434,neither_zero,True
single_baseline_08,dual_baseline_11,2,max_abs,0.005958564579486847,0.005975238047540188,neither_zero,True
single_baseline_08,dual_baseline_11,2,normalized_max_abs,1.9862143814865532,1.9917722774521038,neither_zero,True
single_baseline_08,dual_baseline_11,2,cosine_error,0.0018653332483129503,0.004487133243832653,neither_zero,True
single_baseline_08,dual_baseline_11,2,log_norm_ratio,0.00011148081669596117,0.0001280474477327828,neither_zero,True
single_baseline_08,dual_baseline_11,4,relative_l2,0.0893174518029107,0.13372897703352327,neither_zero,True
single_baseline_08,dual_baseline_11,4,max_abs,0.0059440843760967255,0.005976773798465729,neither_zero,True
single_baseline_08,dual_baseline_11,4,normalized_max_abs,1.9813995781338016,1.9922961072686851,neither_zero,True
single_baseline_08,dual_baseline_11,4,cosine_error,0.003988860274365957,0.008942036081358573,neither_zero,True
single_baseline_08,dual_baseline_11,4,log_norm_ratio,1.423408925802784e-05,0.0001512792312364743,neither_zero,True
single_baseline_08,dual_baseline_11,5,relative_l2,0.09903589757528637,0.11086688207218229,neither_zero,True
single_baseline_08,dual_baseline_11,5,max_abs,0.005957123590633273,0.005959352012723684,neither_zero,True
single_baseline_08,dual_baseline_11,5,normalized_max_abs,1.9857425219118803,1.9864851880660115,neither_zero,True
single_baseline_08,dual_baseline_11,5,cosine_error,0.004904055050312883,0.006145754620427768,neither_zero,True
single_baseline_08,dual_baseline_11,5,log_norm_ratio,1.1134668307777359e-07,0.00010396011900955024,neither_zero,True
single_baseline_08,dual_baseline_11,6,relative_l2,0.11658745616983038,0.12145219557566955,neither_zero,True
single_baseline_08,dual_baseline_11,6,max_abs,0.005960268201306462,0.005959737114608288,neither_zero,False
single_baseline_08,dual_baseline_11,6,normalized_max_abs,1.9867976826967195,1.9866206500891914,neither_zero,False
single_baseline_08,dual_baseline_11,6,cosine_error,0.006797134487323442,0.007375358114384278,neither_zero,True
single_baseline_08,dual_baseline_11,6,log_norm_ratio,0.00012128993154127742,0.0001067684111316779,neither_zero,False
single_baseline_08,dual_baseline_11,8,relative_l2,0.08576669404387487,0.10452082796646944,neither_zero,True
single_baseline_08,dual_baseline_11,8,max_abs,0.005961346440017223,0.005964341107755899,neither_zero,True
single_baseline_08,dual_baseline_11,8,normalized_max_abs,1.9871467699788719,1.9881450082768717,neither_zero,True
single_baseline_08,dual_baseline_11,8,cosine_error,0.003678144000624939,0.005462305636124598,neither_zero,True
single_baseline_08,dual_baseline_11,8,log_norm_ratio,4.957123238484728e-05,0.00011319355897037096,neither_zero,True
single_baseline_08,dual_baseline_11,9,relative_l2,0.09534062682148062,0.11375555232581419,neither_zero,True
single_baseline_08,dual_baseline_11,9,max_abs,0.005949552170932293,0.005957070272415876,neither_zero,True
single_baseline_08,dual_baseline_11,9,normalized_max_abs,1.9832212879501672,1.9857270605934405,neither_zero,True
single_baseline_08,dual_baseline_11,9,cosine_error,0.004545321604272012,0.0064710255121182,neither_zero,True
single_baseline_08,dual_baseline_11,9,log_norm_ratio,8.978272155915408e-05,0.00018101471761390988,neither_zero,True
single_baseline_08,dual_baseline_11,10,relative_l2,0.11063338199781932,0.11462983090523451,neither_zero,True
single_baseline_08,dual_baseline_11,10,max_abs,0.00590411969460547,0.00594778242520988,neither_zero,True
single_baseline_08,dual_baseline_11,10,normalized_max_abs,1.9680922723082723,1.9826470570430124,neither_zero,True
single_baseline_08,dual_baseline_11,10,cosine_error,0.006120365885499024,0.006571025593287261,neither_zero,True
single_baseline_08,dual_baseline_11,10,log_norm_ratio,8.113745071404307e-05,0.0001985496010601438,neither_zero,True
single_baseline_08,dual_baseline_11,12,relative_l2,0.13016724703844804,0.1281904108794343,neither_zero,False
single_baseline_08,dual_baseline_11,12,max_abs,0.0059290919452905655,0.005939641036093235,neither_zero,True
single_baseline_08,dual_baseline_11,12,normalized_max_abs,1.9764806982475587,1.9799972695114094,neither_zero,True
single_baseline_08,dual_baseline_11,12,cosine_error,0.008473095924107943,0.008216884210253905,neither_zero,False
single_baseline_08,dual_baseline_11,12,log_norm_ratio,0.0001596432104738187,0.0003993144073782176,neither_zero,True
single_baseline_08,dual_baseline_11,13,relative_l2,0.061587837919913666,0.08811547143108552,neither_zero,True
single_baseline_08,dual_baseline_11,13,max_abs,0.0057215343695133924,0.005892634857445955,neither_zero,True
single_baseline_08,dual_baseline_11,13,normalized_max_abs,1.9072451604255642,1.9642808135823902,neither_zero,True
single_baseline_08,dual_baseline_11,13,cosine_error,0.0018967927143085372,0.003882467918829735,neither_zero,True
single_baseline_08,dual_baseline_11,13,log_norm_ratio,0.00014347085551585635,0.00017695298734545184,neither_zero,True
single_baseline_08,dual_baseline_11,14,relative_l2,0.07436216366057334,0.09979719351372945,neither_zero,True
single_baseline_08,dual_baseline_11,14,max_abs,0.005817173980176449,0.005890344735234976,neither_zero,True
single_baseline_08,dual_baseline_11,14,normalized_max_abs,1.9391667874220002,1.9635584075632604,neither_zero,True
single_baseline_08,dual_baseline_11,14,cosine_error,0.002765070521319024,0.004980025156854584,neither_zero,True
single_baseline_08,dual_baseline_11,14,log_norm_ratio,7.509999051986808e-05,0.0002657099935791046,neither_zero,True
single_baseline_08,dual_baseline_11,16,relative_l2,0.06486545762982607,0.08436554172823829,neither_zero,True
single_baseline_08,dual_baseline_11,16,max_abs,0.005585939157754183,0.005808895919471979,neither_zero,True
single_baseline_08,dual_baseline_11,16,normalized_max_abs,1.8621042778507362,1.9364281700460415,neither_zero,True
single_baseline_08,dual_baseline_11,16,cosine_error,0.0021039428147128225,0.003559225492313911,neither_zero,True
single_baseline_08,dual_baseline_11,16,log_norm_ratio,8.68845017211408e-05,0.0002576750825546444,neither_zero,True
single_baseline_08,dual_baseline_11,17,relative_l2,0.07028455349035398,0.07984475971614276,neither_zero,True
single_baseline_08,dual_baseline_11,17,max_abs,0.005634545115754008,0.005828710272908211,neither_zero,True
single_baseline_08,dual_baseline_11,17,normalized_max_abs,1.8783111381282263,1.9430371665975241,neither_zero,True
single_baseline_08,dual_baseline_11,17,cosine_error,0.002470367053828304,0.003187814275713241,neither_zero,True
single_baseline_08,dual_baseline_11,17,log_norm_ratio,0.00017101979633752957,0.0001790272257123107,neither_zero,True
single_baseline_08,dual_baseline_11,18,relative_l2,0.03678860545939131,0.05675008870631503,neither_zero,True
single_baseline_08,dual_baseline_11,18,max_abs,0.005176014732569456,0.005600189324468374,neither_zero,True
single_baseline_08,dual_baseline_11,18,normalized_max_abs,1.7254592867834968,1.8668605919637218,neither_zero,True
single_baseline_08,dual_baseline_11,18,cosine_error,0.0006767787031374262,0.0016104724420231697,neither_zero,True
single_baseline_08,dual_baseline_11,18,log_norm_ratio,0.00012713709543748315,0.00017426153486520073,neither_zero,True
single_baseline_08,dual_baseline_11,20,relative_l2,0.024557465379361244,0.03618305776935488,neither_zero,True
single_baseline_08,dual_baseline_11,20,max_abs,0.0051434519700706005,0.005794270662590861,neither_zero,True
single_baseline_08,dual_baseline_11,20,normalized_max_abs,1.714490229032457,1.9314304327498888,neither_zero,True
single_baseline_08,dual_baseline_11,20,cosine_error,0.0003015487368890346,0.0006546084234719807,neither_zero,True
single_baseline_08,dual_baseline_11,20,log_norm_ratio,5.142265494738893e-05,3.119384705013665e-05,neither_zero,False
single_baseline_08,dual_baseline_11,21,relative_l2,0.04509545713935594,0.050826764560299505,neither_zero,True
single_baseline_08,dual_baseline_11,21,max_abs,0.00465315580368042,0.005037351744249463,neither_zero,True
single_baseline_08,dual_baseline_11,21,normalized_max_abs,1.5512710390262205,1.6793544432923737,neither_zero,True
single_baseline_08,dual_baseline_11,21,cosine_error,0.0010168424713901114,0.0012917344042318035,neither_zero,True
single_baseline_08,dual_baseline_11,21,log_norm_ratio,4.2533141089607724e-05,0.00022368858879896094,neither_zero,True
single_baseline_08,dual_baseline_11,22,relative_l2,0.05422035316331267,0.0577932887500439,neither_zero,True
single_baseline_08,dual_baseline_11,22,max_abs,0.005057240137830377,0.005380292423069477,neither_zero,True
single_baseline_08,dual_baseline_11,22,normalized_max_abs,1.6860875820515548,1.793792894607881,neither_zero,True
single_baseline_08,dual_baseline_11,22,cosine_error,0.001469924175145021,0.0016701450821178243,neither_zero,True
single_baseline_08,dual_baseline_11,22,log_norm_ratio,5.624292491058895e-07,0.00012333987278905878,neither_zero,True
single_baseline_08,dual_baseline_11,24,relative_l2,0.020267549799170736,0.02795966456988454,neither_zero,True
single_baseline_08,dual_baseline_11,24,max_abs,0.004221614100970328,0.004742427030578256,neither_zero,True
single_baseline_08,dual_baseline_11,24,normalized_max_abs,1.4074222749363303,1.5810536720436101,neither_zero,True
single_baseline_08,dual_baseline_11,24,cosine_error,0.00020539649770179302,0.0003909045336550898,neither_zero,True
single_baseline_08,dual_baseline_11,24,log_norm_ratio,5.451002794473686e-05,0.0001037535551461458,neither_zero,True
single_baseline_08,dual_baseline_11,25,relative_l2,0.007506575801520824,0.020624469441589088,neither_zero,True
single_baseline_08,dual_baseline_11,25,max_abs,0.001649739351705648,0.0037428823998197913,neither_zero,True
single_baseline_08,dual_baseline_11,25,normalized_max_abs,0.5499583984698352,1.2477301994024919,neither_zero,True
single_baseline_08,dual_baseline_11,25,cosine_error,2.817472748506411e-05,0.00021269104683663276,neither_zero,True
single_baseline_08,dual_baseline_11,25,log_norm_ratio,2.3804220129428535e-05,8.241009325611086e-05,neither_zero,True
single_baseline_08,dual_baseline_11,26,relative_l2,0.00047121257249758546,0.0030323136778769143,neither_zero,True
single_baseline_08,dual_baseline_11,26,max_abs,0.00010012171696871519,0.0004952069721184671,neither_zero,True
single_baseline_08,dual_baseline_11,26,normalized_max_abs,0.03337865120658352,0.16509247524793977,neither_zero,True
single_baseline_08,dual_baseline_11,26,cosine_error,1.110167047180255e-07,4.597282226015409e-06,neither_zero,True
single_baseline_08,dual_baseline_11,26,log_norm_ratio,2.9195339956932346e-06,2.4824088155444077e-05,neither_zero,True
single_baseline_08,dual_baseline_11,28,relative_l2,0.0,0.0,neither_zero,True
single_baseline_08,dual_baseline_11,28,max_abs,0.0,0.0,neither_zero,True
single_baseline_08,dual_baseline_11,28,normalized_max_abs,0.0,0.0,neither_zero,True
single_baseline_08,dual_baseline_11,28,cosine_error,0.0,0.0,neither_zero,True
single_baseline_08,dual_baseline_11,28,log_norm_ratio,0.0,0.0,neither_zero,True
single_baseline_08,dual_baseline_11,29,relative_l2,0.0,0.0,neither_zero,True
single_baseline_08,dual_baseline_11,29,max_abs,0.0,0.0,neither_zero,True
single_baseline_08,dual_baseline_11,29,normalized_max_abs,0.0,0.0,neither_zero,True
single_baseline_08,dual_baseline_11,29,cosine_error,0.0,0.0,neither_zero,True
single_baseline_08,dual_baseline_11,29,log_norm_ratio,0.0,0.0,neither_zero,True
single_baseline_08,dual_baseline_11,30,relative_l2,0.0,0.0,neither_zero,True
single_baseline_08,dual_baseline_11,30,max_abs,0.0,0.0,neither_zero,True
single_baseline_08,dual_baseline_11,30,normalized_max_abs,0.0,0.0,neither_zero,True
single_baseline_08,dual_baseline_11,30,cosine_error,0.0,0.0,neither_zero,True
single_baseline_08,dual_baseline_11,30,log_norm_ratio,0.0,0.0,neither_zero,True
single_baseline_08,dual_baseline_11,global,relative_l2,0.07095789839298637,0.07576209242758418,neither_zero,True
single_baseline_08,dual_baseline_11,global,max_abs,0.005961346440017223,0.005976773798465729,neither_zero,True
single_baseline_08,dual_baseline_11,global,normalized_max_abs,1.9871227111209244,1.9922651826504838,neither_zero,True
single_baseline_08,dual_baseline_11,global,cosine_error,0.0025175656150218106,0.002869989563512809,neither_zero,True
single_baseline_08,dual_baseline_11,global,log_norm_ratio,2.1518786233407653e-05,2.5695636726825657e-05,neither_zero,True
single_baseline_08,dual_baseline_12,0,relative_l2,0.0412531335489378,0.06824693312551014,neither_zero,True
single_baseline_08,dual_baseline_12,0,max_abs,0.005878933239728212,0.0059624831192195415,neither_zero,True
single_baseline_08,dual_baseline_12,0,normalized_max_abs,1.9596656888190873,1.9875157967593196,neither_zero,True
single_baseline_08,dual_baseline_12,0,cosine_error,0.0008509248343014919,0.0023289119890768095,neither_zero,True
single_baseline_08,dual_baseline_12,0,log_norm_ratio,1.6999279500339923e-05,0.00013442475574679274,neither_zero,True
single_baseline_08,dual_baseline_12,1,relative_l2,0.10055162557525849,0.13775838756793352,neither_zero,True
single_baseline_08,dual_baseline_12,1,max_abs,0.005905438214540482,0.005959174828603864,neither_zero,True
single_baseline_08,dual_baseline_12,1,normalized_max_abs,1.9685424854644993,1.9864546474587708,neither_zero,True
single_baseline_08,dual_baseline_12,1,cosine_error,0.005055445823671456,0.009490543321821088,neither_zero,True
single_baseline_08,dual_baseline_12,1,log_norm_ratio,2.6003751772488945e-05,0.000354146493600735,neither_zero,True
single_baseline_08,dual_baseline_12,2,relative_l2,0.05742434174766418,0.09472783252409434,neither_zero,True
single_baseline_08,dual_baseline_12,2,max_abs,0.005954469786956906,0.005975238047540188,neither_zero,True
single_baseline_08,dual_baseline_12,2,normalized_max_abs,1.9848492785997196,1.9917722774521038,neither_zero,True
single_baseline_08,dual_baseline_12,2,cosine_error,0.0016487890573660957,0.004487133243832653,neither_zero,True
single_baseline_08,dual_baseline_12,2,log_norm_ratio,7.016938468399607e-06,0.0001280474477327828,neither_zero,True
single_baseline_08,dual_baseline_12,4,relative_l2,0.09057536299491421,0.13372897703352327,neither_zero,True
single_baseline_08,dual_baseline_12,4,max_abs,0.0059347511269152164,0.005976773798465729,neither_zero,True
single_baseline_08,dual_baseline_12,4,normalized_max_abs,1.9782881281424975,1.9922961072686851,neither_zero,True
single_baseline_08,dual_baseline_12,4,cosine_error,0.004102260118003964,0.008942036081358573,neither_zero,True
single_baseline_08,dual_baseline_12,4,log_norm_ratio,7.675890623922866e-05,0.0001512792312364743,neither_zero,True
single_baseline_08,dual_baseline_12,5,relative_l2,0.09024105983814168,0.11086688207218229,neither_zero,True
single_baseline_08,dual_baseline_12,5,max_abs,0.00593211967498064,0.005959352012723684,neither_zero,True
single_baseline_08,dual_baseline_12,5,normalized_max_abs,1.9774075844192613,1.9864851880660115,neither_zero,True
single_baseline_08,dual_baseline_12,5,cosine_error,0.00407181416939828,0.006145754620427768,neither_zero,True
single_baseline_08,dual_baseline_12,5,log_norm_ratio,2.2096825855578273e-05,0.00010396011900955024,neither_zero,True
single_baseline_08,dual_baseline_12,6,relative_l2,0.1067116309506753,0.12145219557566955,neither_zero,True
single_baseline_08,dual_baseline_12,6,max_abs,0.00594730069860816,0.005959737114608288,neither_zero,True
single_baseline_08,dual_baseline_12,6,normalized_max_abs,1.9824750912560016,1.9866206500891914,neither_zero,True
single_baseline_08,dual_baseline_12,6,cosine_error,0.005694232414624079,0.007375358114384278,neither_zero,True
single_baseline_08,dual_baseline_12,6,log_norm_ratio,9.677037575935599e-05,0.0001067684111316779,neither_zero,True
single_baseline_08,dual_baseline_12,8,relative_l2,0.07993026983683178,0.10452082796646944,neither_zero,True
single_baseline_08,dual_baseline_12,8,max_abs,0.005921954056248069,0.005964341107755899,neither_zero,True
single_baseline_08,dual_baseline_12,8,normalized_max_abs,1.974015768626027,1.9881450082768717,neither_zero,True
single_baseline_08,dual_baseline_12,8,cosine_error,0.0031944511619899085,0.005462305636124598,neither_zero,True
single_baseline_08,dual_baseline_12,8,log_norm_ratio,8.508569933907528e-06,0.00011319355897037096,neither_zero,True
single_baseline_08,dual_baseline_12,9,relative_l2,0.09883609992860258,0.11375555232581419,neither_zero,True
single_baseline_08,dual_baseline_12,9,max_abs,0.005958175053820014,0.005957070272415876,neither_zero,False
single_baseline_08,dual_baseline_12,9,normalized_max_abs,1.9860956362061553,1.9857270605934405,neither_zero,False
single_baseline_08,dual_baseline_12,9,cosine_error,0.004884513706025717,0.0064710255121182,neither_zero,True
single_baseline_08,dual_baseline_12,9,log_norm_ratio,4.656985634275335e-05,0.00018101471761390988,neither_zero,True
single_baseline_08,dual_baseline_12,10,relative_l2,0.11282754299359872,0.11462983090523451,neither_zero,True
single_baseline_08,dual_baseline_12,10,max_abs,0.005888903979212046,0.00594778242520988,neither_zero,True
single_baseline_08,dual_baseline_12,10,normalized_max_abs,1.9630203845564589,1.9826470570430124,neither_zero,True
single_baseline_08,dual_baseline_12,10,cosine_error,0.006365299218950793,0.006571025593287261,neither_zero,True
single_baseline_08,dual_baseline_12,10,log_norm_ratio,4.287542814034374e-05,0.0001985496010601438,neither_zero,True
single_baseline_08,dual_baseline_12,12,relative_l2,0.12112043908032159,0.1281904108794343,neither_zero,True
single_baseline_08,dual_baseline_12,12,max_abs,0.005924405297264457,0.005939641036093235,neither_zero,True
single_baseline_08,dual_baseline_12,12,normalized_max_abs,1.9749183899803642,1.9799972695114094,neither_zero,True
single_baseline_08,dual_baseline_12,12,cosine_error,0.0073351690776860545,0.008216884210253905,neither_zero,True
single_baseline_08,dual_baseline_12,12,log_norm_ratio,1.2101963509467159e-05,0.0003993144073782176,neither_zero,True
single_baseline_08,dual_baseline_12,13,relative_l2,0.05097586234410685,0.08811547143108552,neither_zero,True
single_baseline_08,dual_baseline_12,13,max_abs,0.005823015468195081,0.005892634857445955,neither_zero,True
single_baseline_08,dual_baseline_12,13,normalized_max_abs,1.9410735329910913,1.9642808135823902,neither_zero,True
single_baseline_08,dual_baseline_12,13,cosine_error,0.0012994712992220325,0.003882467918829735,neither_zero,True
single_baseline_08,dual_baseline_12,13,log_norm_ratio,0.00016609683860686436,0.00017695298734545184,neither_zero,True
single_baseline_08,dual_baseline_12,14,relative_l2,0.08062488426038265,0.09979719351372945,neither_zero,True
single_baseline_08,dual_baseline_12,14,max_abs,0.005798290250822902,0.005890344735234976,neither_zero,True
single_baseline_08,dual_baseline_12,14,normalized_max_abs,1.9328720078223074,1.9635584075632604,neither_zero,True
single_baseline_08,dual_baseline_12,14,cosine_error,0.0032504639830936988,0.004980025156854584,neither_zero,True
single_baseline_08,dual_baseline_12,14,log_norm_ratio,8.668647197746991e-05,0.0002657099935791046,neither_zero,True
single_baseline_08,dual_baseline_12,16,relative_l2,0.07382267547901317,0.08436554172823829,neither_zero,True
single_baseline_08,dual_baseline_12,16,max_abs,0.005619277944788337,0.005808895919471979,neither_zero,True
single_baseline_08,dual_baseline_12,16,normalized_max_abs,1.8732179502702568,1.9364281700460415,neither_zero,True
single_baseline_08,dual_baseline_12,16,cosine_error,0.0027250657500135222,0.003559225492313911,neither_zero,True
single_baseline_08,dual_baseline_12,16,log_norm_ratio,6.388418368536217e-05,0.0002576750825546444,neither_zero,True
single_baseline_08,dual_baseline_12,17,relative_l2,0.06200747009753302,0.07984475971614276,neither_zero,True
single_baseline_08,dual_baseline_12,17,max_abs,0.005580391269177198,0.005828710272908211,neither_zero,True
single_baseline_08,dual_baseline_12,17,normalized_max_abs,1.8602586119512134,1.9430371665975241,neither_zero,True
single_baseline_08,dual_baseline_12,17,cosine_error,0.001922507545461416,0.003187814275713241,neither_zero,True
single_baseline_08,dual_baseline_12,17,log_norm_ratio,2.3220519347997033e-05,0.0001790272257123107,neither_zero,True
single_baseline_08,dual_baseline_12,18,relative_l2,0.054754273379852766,0.05675008870631503,neither_zero,True
single_baseline_08,dual_baseline_12,18,max_abs,0.005333200562745333,0.005600189324468374,neither_zero,True
single_baseline_08,dual_baseline_12,18,normalized_max_abs,1.7778582393446507,1.8668605919637218,neither_zero,True
single_baseline_08,dual_baseline_12,18,cosine_error,0.001499020738198964,0.0016104724420231697,neither_zero,True
single_baseline_08,dual_baseline_12,18,log_norm_ratio,3.681276267382837e-06,0.00017426153486520073,neither_zero,True
single_baseline_08,dual_baseline_12,20,relative_l2,0.03597180574832051,0.03618305776935488,neither_zero,True
single_baseline_08,dual_baseline_12,20,max_abs,0.005774541292339563,0.005794270662590861,neither_zero,True
single_baseline_08,dual_baseline_12,20,normalized_max_abs,1.9248541019669991,1.9314304327498888,neither_zero,True
single_baseline_08,dual_baseline_12,20,cosine_error,0.0006469854422721522,0.0006546084234719807,neither_zero,True
single_baseline_08,dual_baseline_12,20,log_norm_ratio,5.8544969823587505e-08,3.119384705013665e-05,neither_zero,True
single_baseline_08,dual_baseline_12,21,relative_l2,0.045368125130191644,0.050826764560299505,neither_zero,True
single_baseline_08,dual_baseline_12,21,max_abs,0.004467914579436183,0.005037351744249463,neither_zero,True
single_baseline_08,dual_baseline_12,21,normalized_max_abs,1.4895152417721162,1.6793544432923737,neither_zero,True
single_baseline_08,dual_baseline_12,21,cosine_error,0.0010291875503686265,0.0012917344042318035,neither_zero,True
single_baseline_08,dual_baseline_12,21,log_norm_ratio,5.404589310122013e-05,0.00022368858879896094,neither_zero,True
single_baseline_08,dual_baseline_12,22,relative_l2,0.0545762275127511,0.0577932887500439,neither_zero,True
single_baseline_08,dual_baseline_12,22,max_abs,0.005069499369710684,0.005380292423069477,neither_zero,True
single_baseline_08,dual_baseline_12,22,normalized_max_abs,1.6901748189783234,1.793792894607881,neither_zero,True
single_baseline_08,dual_baseline_12,22,cosine_error,0.001489324582553908,0.0016701450821178243,neither_zero,True
single_baseline_08,dual_baseline_12,22,log_norm_ratio,2.86634573213518e-05,0.00012333987278905878,neither_zero,True
single_baseline_08,dual_baseline_12,24,relative_l2,0.02268911296314174,0.02795966456988454,neither_zero,True
single_baseline_08,dual_baseline_12,24,max_abs,0.004255903768353164,0.004742427030578256,neither_zero,True
single_baseline_08,dual_baseline_12,24,normalized_max_abs,1.4188540414280657,1.5810536720436101,neither_zero,True
single_baseline_08,dual_baseline_12,24,cosine_error,0.0002574123236003256,0.0003909045336550898,neither_zero,True
single_baseline_08,dual_baseline_12,24,log_norm_ratio,6.386603911164195e-05,0.0001037535551461458,neither_zero,True
single_baseline_08,dual_baseline_12,25,relative_l2,0.005919584408570468,0.020624469441589088,neither_zero,True
single_baseline_08,dual_baseline_12,25,max_abs,0.0008514529326930642,0.0037428823998197913,neither_zero,True
single_baseline_08,dual_baseline_12,25,normalized_max_abs,0.2838410144924949,1.2477301994024919,neither_zero,True
single_baseline_08,dual_baseline_12,25,cosine_error,1.7520816536165107e-05,0.00021269104683663276,neither_zero,True
single_baseline_08,dual_baseline_12,25,log_norm_ratio,2.9909662027037548e-05,8.241009325611086e-05,neither_zero,True
single_baseline_08,dual_baseline_12,26,relative_l2,0.00046021223566374784,0.0030323136778769143,neither_zero,True
single_baseline_08,dual_baseline_12,26,max_abs,0.00010597438085824251,0.0004952069721184671,neither_zero,True
single_baseline_08,dual_baseline_12,26,normalized_max_abs,0.03532981657322362,0.16509247524793977,neither_zero,True
single_baseline_08,dual_baseline_12,26,cosine_error,1.058954104404819e-07,4.597282226015409e-06,neither_zero,True
single_baseline_08,dual_baseline_12,26,log_norm_ratio,2.2244515357068233e-06,2.4824088155444077e-05,neither_zero,True
single_baseline_08,dual_baseline_12,28,relative_l2,0.0,0.0,neither_zero,True
single_baseline_08,dual_baseline_12,28,max_abs,0.0,0.0,neither_zero,True
single_baseline_08,dual_baseline_12,28,normalized_max_abs,0.0,0.0,neither_zero,True
single_baseline_08,dual_baseline_12,28,cosine_error,0.0,0.0,neither_zero,True
single_baseline_08,dual_baseline_12,28,log_norm_ratio,0.0,0.0,neither_zero,True
single_baseline_08,dual_baseline_12,29,relative_l2,0.0,0.0,neither_zero,True
single_baseline_08,dual_baseline_12,29,max_abs,0.0,0.0,neither_zero,True
single_baseline_08,dual_baseline_12,29,normalized_max_abs,0.0,0.0,neither_zero,True
single_baseline_08,dual_baseline_12,29,cosine_error,0.0,0.0,neither_zero,True
single_baseline_08,dual_baseline_12,29,log_norm_ratio,0.0,0.0,neither_zero,True
single_baseline_08,dual_baseline_12,30,relative_l2,0.0,0.0,neither_zero,True
single_baseline_08,dual_baseline_12,30,max_abs,0.0,0.0,neither_zero,True
single_baseline_08,dual_baseline_12,30,normalized_max_abs,0.0,0.0,neither_zero,True
single_baseline_08,dual_baseline_12,30,cosine_error,0.0,0.0,neither_zero,True
single_baseline_08,dual_baseline_12,30,log_norm_ratio,0.0,0.0,neither_zero,True
single_baseline_08,dual_baseline_12,global,relative_l2,0.0691927078099554,0.07576209242758418,neither_zero,True
single_baseline_08,dual_baseline_12,global,max_abs,0.005958175053820014,0.005976773798465729,neither_zero,True
single_baseline_08,dual_baseline_12,global,normalized_max_abs,1.986065578541629,1.9922651826504838,neither_zero,True
single_baseline_08,dual_baseline_12,global,cosine_error,0.0023938189746841587,0.002869989563512809,neither_zero,True
single_baseline_08,dual_baseline_12,global,log_norm_ratio,1.4908241521838605e-06,2.5695636726825657e-05,neither_zero,True
single_baseline_08,dual_baseline_13,0,relative_l2,0.06110347680476171,0.06824693312551014,neither_zero,True
single_baseline_08,dual_baseline_13,0,max_abs,0.005956441164016724,0.0059624831192195415,neither_zero,True
single_baseline_08,dual_baseline_13,0,normalized_max_abs,1.9855019440793706,1.9875157967593196,neither_zero,True
single_baseline_08,dual_baseline_13,0,cosine_error,0.0018670543395535866,0.0023289119890768095,neither_zero,True
single_baseline_08,dual_baseline_13,0,log_norm_ratio,0.00013152548538981738,0.00013442475574679274,neither_zero,True
single_baseline_08,dual_baseline_13,1,relative_l2,0.11882043717226515,0.13775838756793352,neither_zero,True
single_baseline_08,dual_baseline_13,1,max_abs,0.005942660383880138,0.005959174828603864,neither_zero,True
single_baseline_08,dual_baseline_13,1,normalized_max_abs,1.980949350362587,1.9864546474587708,neither_zero,True
single_baseline_08,dual_baseline_13,1,cosine_error,0.007059443807656551,0.009490543321821088,neither_zero,True
single_baseline_08,dual_baseline_13,1,log_norm_ratio,4.200773876873559e-05,0.000354146493600735,neither_zero,True
single_baseline_08,dual_baseline_13,2,relative_l2,0.09395607102982348,0.09472783252409434,neither_zero,True
single_baseline_08,dual_baseline_13,2,max_abs,0.005971541628241539,0.005975238047540188,neither_zero,True
single_baseline_08,dual_baseline_13,2,normalized_max_abs,1.9905401214398561,1.9917722774521038,neither_zero,True
single_baseline_08,dual_baseline_13,2,cosine_error,0.004414097829781416,0.004487133243832653,neither_zero,True
single_baseline_08,dual_baseline_13,2,log_norm_ratio,5.154446572597773e-05,0.0001280474477327828,neither_zero,True
single_baseline_08,dual_baseline_13,4,relative_l2,0.1054453642629175,0.13372897703352327,neither_zero,True
single_baseline_08,dual_baseline_13,4,max_abs,0.005927430698648095,0.005976773798465729,neither_zero,True
single_baseline_08,dual_baseline_13,4,normalized_max_abs,1.9758480921685524,1.9922961072686851,neither_zero,True
single_baseline_08,dual_baseline_13,4,cosine_error,0.0055593723054501165,0.008942036081358573,neither_zero,True
single_baseline_08,dual_baseline_13,4,log_norm_ratio,1.7780374373093721e-06,0.0001512792312364743,neither_zero,True
single_baseline_08,dual_baseline_13,5,relative_l2,0.10145051733293113,0.11086688207218229,neither_zero,True
single_baseline_08,dual_baseline_13,5,max_abs,0.005933991866186261,0.005959352012723684,neither_zero,True
single_baseline_08,dual_baseline_13,5,normalized_max_abs,1.9780315054802684,1.9864851880660115,neither_zero,True
single_baseline_08,dual_baseline_13,5,cosine_error,0.005146657939254395,0.006145754620427768,neither_zero,True
single_baseline_08,dual_baseline_13,5,log_norm_ratio,0.00010883927705499055,0.00010396011900955024,neither_zero,False
single_baseline_08,dual_baseline_13,6,relative_l2,0.1316268762471454,0.12145219557566955,neither_zero,False
single_baseline_08,dual_baseline_13,6,max_abs,0.005959085887297988,0.005959737114608288,neither_zero,True
single_baseline_08,dual_baseline_13,6,normalized_max_abs,1.986403569772113,1.9866206500891914,neither_zero,True
single_baseline_08,dual_baseline_13,6,cosine_error,0.008664146786625304,0.007375358114384278,neither_zero,False
single_baseline_08,dual_baseline_13,6,log_norm_ratio,0.00015484523782889923,0.0001067684111316779,neither_zero,False
single_baseline_08,dual_baseline_13,8,relative_l2,0.07131594459795645,0.10452082796646944,neither_zero,True
single_baseline_08,dual_baseline_13,8,max_abs,0.005945595679804683,0.005964341107755899,neither_zero,True
single_baseline_08,dual_baseline_13,8,normalized_max_abs,1.9818964339019483,1.9881450082768717,neither_zero,True
single_baseline_08,dual_baseline_13,8,cosine_error,0.0025431406579368154,0.005462305636124598,neither_zero,True
single_baseline_08,dual_baseline_13,8,log_norm_ratio,6.318248737806325e-05,0.00011319355897037096,neither_zero,True
single_baseline_08,dual_baseline_13,9,relative_l2,0.10515176292248977,0.11375555232581419,neither_zero,True
single_baseline_08,dual_baseline_13,9,max_abs,0.005938763031736016,0.005957070272415876,neither_zero,True
single_baseline_08,dual_baseline_13,9,normalized_max_abs,1.9796246870600631,1.9857270605934405,neither_zero,True
single_baseline_08,dual_baseline_13,9,cosine_error,0.00552851718952363,0.0064710255121182,neither_zero,True
single_baseline_08,dual_baseline_13,9,log_norm_ratio,1.2778973319239617e-05,0.00018101471761390988,neither_zero,True
single_baseline_08,dual_baseline_13,10,relative_l2,0.11036074478533055,0.11462983090523451,neither_zero,True
single_baseline_08,dual_baseline_13,10,max_abs,0.0058864138554781675,0.00594778242520988,neither_zero,True
single_baseline_08,dual_baseline_13,10,normalized_max_abs,1.9621903211580871,1.9826470570430124,neither_zero,True
single_baseline_08,dual_baseline_13,10,cosine_error,0.006089786848138545,0.006571025593287261,neither_zero,True
single_baseline_08,dual_baseline_13,10,log_norm_ratio,6.547835418710795e-06,0.0001985496010601438,neither_zero,True
single_baseline_08,dual_baseline_13,12,relative_l2,0.12363721894540856,0.1281904108794343,neither_zero,True
single_baseline_08,dual_baseline_13,12,max_abs,0.0059099995996803045,0.005939641036093235,neither_zero,True
single_baseline_08,dual_baseline_13,12,normalized_max_abs,1.9701162072038796,1.9799972695114094,neither_zero,True
single_baseline_08,dual_baseline_13,12,cosine_error,0.007643657183688424,0.008216884210253905,neither_zero,True
single_baseline_08,dual_baseline_13,12,log_norm_ratio,7.57649490857057e-05,0.0003993144073782176,neither_zero,True
single_baseline_08,dual_baseline_13,13,relative_l2,0.07013396911738208,0.08811547143108552,neither_zero,True
single_baseline_08,dual_baseline_13,13,max_abs,0.0057029754389077425,0.005892634857445955,neither_zero,True
single_baseline_08,dual_baseline_13,13,normalized_max_abs,1.9010584852283179,1.9642808135823902,neither_zero,True
single_baseline_08,dual_baseline_13,13,cosine_error,0.0024598279914447296,0.003882467918829735,neither_zero,True
single_baseline_08,dual_baseline_13,13,log_norm_ratio,0.00018643493329653491,0.00017695298734545184,neither_zero,False
single_baseline_08,dual_baseline_13,14,relative_l2,0.08127883418007951,0.09979719351372945,neither_zero,True
single_baseline_08,dual_baseline_13,14,max_abs,0.005731225246563554,0.005890344735234976,neither_zero,True
single_baseline_08,dual_baseline_13,14,normalized_max_abs,1.9105154538356341,1.9635584075632604,neither_zero,True
single_baseline_08,dual_baseline_13,14,cosine_error,0.00330352749344609,0.004980025156854584,neither_zero,True
single_baseline_08,dual_baseline_13,14,log_norm_ratio,0.00012435409211316141,0.0002657099935791046,neither_zero,True
single_baseline_08,dual_baseline_13,16,relative_l2,0.0522379121421094,0.08436554172823829,neither_zero,True
single_baseline_08,dual_baseline_13,16,max_abs,0.005702991737052798,0.005808895919471979,neither_zero,True
single_baseline_08,dual_baseline_13,16,normalized_max_abs,1.9011238241657666,1.9364281700460415,neither_zero,True
single_baseline_08,dual_baseline_13,16,cosine_error,0.0013644745287246796,0.003559225492313911,neither_zero,True
single_baseline_08,dual_baseline_13,16,log_norm_ratio,5.5966159046788807e-05,0.0002576750825546444,neither_zero,True
single_baseline_08,dual_baseline_13,17,relative_l2,0.06652984212578626,0.07984475971614276,neither_zero,True
single_baseline_08,dual_baseline_13,17,max_abs,0.005632809363305569,0.005828710272908211,neither_zero,True
single_baseline_08,dual_baseline_13,17,normalized_max_abs,1.8777325141062404,1.9430371665975241,neither_zero,True
single_baseline_08,dual_baseline_13,17,cosine_error,0.0022132019992386898,0.003187814275713241,neither_zero,True
single_baseline_08,dual_baseline_13,17,log_norm_ratio,4.199172376969762e-05,0.0001790272257123107,neither_zero,True
single_baseline_08,dual_baseline_13,18,relative_l2,0.040083586587465594,0.05675008870631503,neither_zero,True
single_baseline_08,dual_baseline_13,18,max_abs,0.005351763917133212,0.005600189324468374,neither_zero,True
single_baseline_08,dual_baseline_13,18,normalized_max_abs,1.784046319780062,1.8668605919637218,neither_zero,True
single_baseline_08,dual_baseline_13,18,cosine_error,0.0008033743196326215,0.0016104724420231697,neither_zero,True
single_baseline_08,dual_baseline_13,18,log_norm_ratio,3.4814750834746545e-05,0.00017426153486520073,neither_zero,True
single_baseline_08,dual_baseline_13,20,relative_l2,0.0020506683810415536,0.03618305776935488,neither_zero,True
single_baseline_08,dual_baseline_13,20,max_abs,0.000544537091627717,0.005794270662590861,neither_zero,True
single_baseline_08,dual_baseline_13,20,normalized_max_abs,0.1815130243995761,1.9314304327498888,neither_zero,True
single_baseline_08,dual_baseline_13,20,cosine_error,2.1024917185030745e-06,0.0006546084234719807,neither_zero,True
single_baseline_08,dual_baseline_13,20,log_norm_ratio,1.8282563324933418e-05,3.119384705013665e-05,neither_zero,True
single_baseline_08,dual_baseline_13,21,relative_l2,0.035293298014986776,0.050826764560299505,neither_zero,True
single_baseline_08,dual_baseline_13,21,max_abs,0.0046343146823346615,0.005037351744249463,neither_zero,True
single_baseline_08,dual_baseline_13,21,normalized_max_abs,1.5449897780670805,1.6793544432923737,neither_zero,True
single_baseline_08,dual_baseline_13,21,cosine_error,0.0006228792665013971,0.0012917344042318035,neither_zero,True
single_baseline_08,dual_baseline_13,21,log_norm_ratio,0.00012657049552945281,0.00022368858879896094,neither_zero,True
single_baseline_08,dual_baseline_13,22,relative_l2,0.02890076759181594,0.0577932887500439,neither_zero,True
single_baseline_08,dual_baseline_13,22,max_abs,0.003977644839324057,0.005380292423069477,neither_zero,True
single_baseline_08,dual_baseline_13,22,normalized_max_abs,1.3261494065500725,1.793792894607881,neither_zero,True
single_baseline_08,dual_baseline_13,22,cosine_error,0.00041763110455839136,0.0016701450821178243,neither_zero,True
single_baseline_08,dual_baseline_13,22,log_norm_ratio,9.496350470245702e-06,0.00012333987278905878,neither_zero,True
single_baseline_08,dual_baseline_13,24,relative_l2,0.016782646318989836,0.02795966456988454,neither_zero,True
single_baseline_08,dual_baseline_13,24,max_abs,0.003639686619862914,0.004742427030578256,neither_zero,True
single_baseline_08,dual_baseline_13,24,normalized_max_abs,1.2134166447513248,1.5810536720436101,neither_zero,True
single_baseline_08,dual_baseline_13,24,cosine_error,0.00014083570849521276,0.0003909045336550898,neither_zero,True
single_baseline_08,dual_baseline_13,24,log_norm_ratio,6.577010556289907e-05,0.0001037535551461458,neither_zero,True
single_baseline_08,dual_baseline_13,25,relative_l2,0.015242627337172108,0.020624469441589088,neither_zero,True
single_baseline_08,dual_baseline_13,25,max_abs,0.003806804190389812,0.0037428823998197913,neither_zero,False
single_baseline_08,dual_baseline_13,25,normalized_max_abs,1.2690390204227109,1.2477301994024919,neither_zero,False
single_baseline_08,dual_baseline_13,25,cosine_error,0.00011617065310942642,0.00021269104683663276,neither_zero,True
single_baseline_08,dual_baseline_13,25,log_norm_ratio,1.678499515848385e-05,8.241009325611086e-05,neither_zero,True
single_baseline_08,dual_baseline_13,26,relative_l2,0.0012527209517876334,0.0030323136778769143,neither_zero,True
single_baseline_08,dual_baseline_13,26,max_abs,0.0002084403531625867,0.0004952069721184671,neither_zero,True
single_baseline_08,dual_baseline_13,26,normalized_max_abs,0.06948999733759112,0.16509247524793977,neither_zero,True
single_baseline_08,dual_baseline_13,26,cosine_error,7.84653866547913e-07,4.597282226015409e-06,neither_zero,True
single_baseline_08,dual_baseline_13,26,log_norm_ratio,2.416365760227424e-06,2.4824088155444077e-05,neither_zero,True
single_baseline_08,dual_baseline_13,28,relative_l2,0.0,0.0,neither_zero,True
single_baseline_08,dual_baseline_13,28,max_abs,0.0,0.0,neither_zero,True
single_baseline_08,dual_baseline_13,28,normalized_max_abs,0.0,0.0,neither_zero,True
single_baseline_08,dual_baseline_13,28,cosine_error,0.0,0.0,neither_zero,True
single_baseline_08,dual_baseline_13,28,log_norm_ratio,0.0,0.0,neither_zero,True
single_baseline_08,dual_baseline_13,29,relative_l2,0.0,0.0,neither_zero,True
single_baseline_08,dual_baseline_13,29,max_abs,0.0,0.0,neither_zero,True
single_baseline_08,dual_baseline_13,29,normalized_max_abs,0.0,0.0,neither_zero,True
single_baseline_08,dual_baseline_13,29,cosine_error,0.0,0.0,neither_zero,True
single_baseline_08,dual_baseline_13,29,log_norm_ratio,0.0,0.0,neither_zero,True
single_baseline_08,dual_baseline_13,30,relative_l2,0.0,0.0,neither_zero,True
single_baseline_08,dual_baseline_13,30,max_abs,0.0,0.0,neither_zero,True
single_baseline_08,dual_baseline_13,30,normalized_max_abs,0.0,0.0,neither_zero,True
single_baseline_08,dual_baseline_13,30,cosine_error,0.0,0.0,neither_zero,True
single_baseline_08,dual_baseline_13,30,log_norm_ratio,0.0,0.0,neither_zero,True
single_baseline_08,dual_baseline_13,global,relative_l2,0.07422449609699826,0.07576209242758418,neither_zero,True
single_baseline_08,dual_baseline_13,global,max_abs,0.005971541628241539,0.005976773798465729,neither_zero,True
single_baseline_08,dual_baseline_13,global,normalized_max_abs,1.990521119562463,1.9922651826504838,neither_zero,True
single_baseline_08,dual_baseline_13,global,cosine_error,0.0027547015567924715,0.002869989563512809,neither_zero,True
single_baseline_08,dual_baseline_13,global,log_norm_ratio,2.3202616694523246e-05,2.5695636726825657e-05,neither_zero,True
single_baseline_08,dual_baseline_14,0,relative_l2,0.056750473044946716,0.06824693312551014,neither_zero,True
single_baseline_08,dual_baseline_14,0,max_abs,0.005906510399654508,0.0059624831192195415,neither_zero,True
single_baseline_08,dual_baseline_14,0,normalized_max_abs,1.9688581752615997,1.9875157967593196,neither_zero,True
single_baseline_08,dual_baseline_14,0,cosine_error,0.0016103270959630933,0.0023289119890768095,neither_zero,True
single_baseline_08,dual_baseline_14,0,log_norm_ratio,1.184280590442941e-05,0.00013442475574679274,neither_zero,True
single_baseline_08,dual_baseline_14,1,relative_l2,0.08738715152027897,0.13775838756793352,neither_zero,True
single_baseline_08,dual_baseline_14,1,max_abs,0.005884961923584342,0.005959174828603864,neither_zero,True
single_baseline_08,dual_baseline_14,1,normalized_max_abs,1.9617171409307954,1.9864546474587708,neither_zero,True
single_baseline_08,dual_baseline_14,1,cosine_error,0.0038188659024104288,0.009490543321821088,neither_zero,True
single_baseline_08,dual_baseline_14,1,log_norm_ratio,0.00016290012410836427,0.000354146493600735,neither_zero,True
single_baseline_08,dual_baseline_14,2,relative_l2,0.06305830452544758,0.09472783252409434,neither_zero,True
single_baseline_08,dual_baseline_14,2,max_abs,0.005959720117971301,0.005975238047540188,neither_zero,True
single_baseline_08,dual_baseline_14,2,normalized_max_abs,1.9865995660600468,1.9917722774521038,neither_zero,True
single_baseline_08,dual_baseline_14,2,cosine_error,0.0019882582867186693,0.004487133243832653,neither_zero,True
single_baseline_08,dual_baseline_14,2,log_norm_ratio,4.240019858397633e-05,0.0001280474477327828,neither_zero,True
single_baseline_08,dual_baseline_14,4,relative_l2,0.0924768984107456,0.13372897703352327,neither_zero,True
single_baseline_08,dual_baseline_14,4,max_abs,0.0059117223136126995,0.005976773798465729,neither_zero,True
single_baseline_08,dual_baseline_14,4,normalized_max_abs,1.9706120164344343,1.9922961072686851,neither_zero,True
single_baseline_08,dual_baseline_14,4,cosine_error,0.004276173120918436,0.008942036081358573,neither_zero,True
single_baseline_08,dual_baseline_14,4,log_norm_ratio,4.342621057793584e-05,0.0001512792312364743,neither_zero,True
single_baseline_08,dual_baseline_14,5,relative_l2,0.09640672509785565,0.11086688207218229,neither_zero,True
single_baseline_08,dual_baseline_14,5,max_abs,0.005920545198023319,0.005959352012723684,neither_zero,True
single_baseline_08,dual_baseline_14,5,normalized_max_abs,1.9735493583929689,1.9864851880660115,neither_zero,True
single_baseline_08,dual_baseline_14,5,cosine_error,0.00464730682142156,0.006145754620427768,neither_zero,True
single_baseline_08,dual_baseline_14,5,log_norm_ratio,3.857000079194541e-05,0.00010396011900955024,neither_zero,True
single_baseline_08,dual_baseline_14,6,relative_l2,0.11269026217269468,0.12145219557566955,neither_zero,True
single_baseline_08,dual_baseline_14,6,max_abs,0.005955969914793968,0.005959737114608288,neither_zero,True
single_baseline_08,dual_baseline_14,6,normalized_max_abs,1.9853648905145294,1.9866206500891914,neither_zero,True
single_baseline_08,dual_baseline_14,6,cosine_error,0.006349977218444547,0.007375358114384278,neither_zero,True
single_baseline_08,dual_baseline_14,6,log_norm_ratio,6.802423682867926e-05,0.0001067684111316779,neither_zero,True
single_baseline_08,dual_baseline_14,8,relative_l2,0.09012572210528644,0.10452082796646944,neither_zero,True
single_baseline_08,dual_baseline_14,8,max_abs,0.005931629100814462,0.005964341107755899,neither_zero,True
single_baseline_08,dual_baseline_14,8,normalized_max_abs,1.9772406808074694,1.9881450082768717,neither_zero,True
single_baseline_08,dual_baseline_14,8,cosine_error,0.004061536251682374,0.005462305636124598,neither_zero,True
single_baseline_08,dual_baseline_14,8,log_norm_ratio,5.2877230800004944e-05,0.00011319355897037096,neither_zero,True
single_baseline_08,dual_baseline_14,9,relative_l2,0.09683924943918201,0.11375555232581419,neither_zero,True
single_baseline_08,dual_baseline_14,9,max_abs,0.005957284942269325,0.005957070272415876,neither_zero,False
single_baseline_08,dual_baseline_14,9,normalized_max_abs,1.9857987726646436,1.9857270605934405,neither_zero,False
single_baseline_08,dual_baseline_14,9,cosine_error,0.0046897073950296075,0.0064710255121182,neither_zero,True
single_baseline_08,dual_baseline_14,9,log_norm_ratio,0.0001710056789664233,0.00018101471761390988,neither_zero,True
single_baseline_08,dual_baseline_14,10,relative_l2,0.09650482496576317,0.11462983090523451,neither_zero,True
single_baseline_08,dual_baseline_14,10,max_abs,0.005914754467085004,0.00594778242520988,neither_zero,True
single_baseline_08,dual_baseline_14,10,normalized_max_abs,1.9716374438300484,1.9826470570430124,neither_zero,True
single_baseline_08,dual_baseline_14,10,cosine_error,0.004657414151905903,0.006571025593287261,neither_zero,True
single_baseline_08,dual_baseline_14,10,log_norm_ratio,0.00018032817329676092,0.0001985496010601438,neither_zero,True
single_baseline_08,dual_baseline_14,12,relative_l2,0.1091487527656375,0.1281904108794343,neither_zero,True
single_baseline_08,dual_baseline_14,12,max_abs,0.005915811751037836,0.005939641036093235,neither_zero,True
single_baseline_08,dual_baseline_14,12,normalized_max_abs,1.9720537054041865,1.9799972695114094,neither_zero,True
single_baseline_08,dual_baseline_14,12,cosine_error,0.005957042566368531,0.008216884210253905,neither_zero,True
single_baseline_08,dual_baseline_14,12,log_norm_ratio,5.353201981142348e-05,0.0003993144073782176,neither_zero,True
single_baseline_08,dual_baseline_14,13,relative_l2,0.060957823477986964,0.08811547143108552,neither_zero,True
single_baseline_08,dual_baseline_14,13,max_abs,0.0057770193088799715,0.005892634857445955,neither_zero,True
single_baseline_08,dual_baseline_14,13,normalized_max_abs,1.9257409397748355,1.9642808135823902,neither_zero,True
single_baseline_08,dual_baseline_14,13,cosine_error,0.0018579600450306932,0.003882467918829735,neither_zero,True
single_baseline_08,dual_baseline_14,13,log_norm_ratio,1.7262327425478578e-05,0.00017695298734545184,neither_zero,True
single_baseline_08,dual_baseline_14,14,relative_l2,0.0865704590219802,0.09979719351372945,neither_zero,True
single_baseline_08,dual_baseline_14,14,max_abs,0.005816624965518713,0.005890344735234976,neither_zero,True
single_baseline_08,dual_baseline_14,14,normalized_max_abs,1.9389839227617005,1.9635584075632604,neither_zero,True
single_baseline_08,dual_baseline_14,14,cosine_error,0.0037472319648742536,0.004980025156854584,neither_zero,True
single_baseline_08,dual_baseline_14,14,log_norm_ratio,2.610101870926515e-06,0.0002657099935791046,neither_zero,True
single_baseline_08,dual_baseline_14,16,relative_l2,0.07731833813630216,0.08436554172823829,neither_zero,True
single_baseline_08,dual_baseline_14,16,max_abs,0.0056398059241473675,0.005808895919471979,neither_zero,True
single_baseline_08,dual_baseline_14,16,normalized_max_abs,1.8800610678017144,1.9364281700460415,neither_zero,True
single_baseline_08,dual_baseline_14,16,cosine_error,0.002989486878746117,0.003559225492313911,neither_zero,True
single_baseline_08,dual_baseline_14,16,log_norm_ratio,0.00014543584069680765,0.0002576750825546444,neither_zero,True
single_baseline_08,dual_baseline_14,17,relative_l2,0.05485627877241281,0.07984475971614276,neither_zero,True
single_baseline_08,dual_baseline_14,17,max_abs,0.005559605313464999,0.005828710272908211,neither_zero,True
single_baseline_08,dual_baseline_14,17,normalized_max_abs,1.8533294825665356,1.9430371665975241,neither_zero,True
single_baseline_08,dual_baseline_14,17,cosine_error,0.0015046182716571543,0.003187814275713241,neither_zero,True
single_baseline_08,dual_baseline_14,17,log_norm_ratio,8.405226790540207e-06,0.0001790272257123107,neither_zero,True
single_baseline_08,dual_baseline_14,18,relative_l2,0.04209666346585912,0.05675008870631503,neither_zero,True
single_baseline_08,dual_baseline_14,18,max_abs,0.004921046318486333,0.005600189324468374,neither_zero,True
single_baseline_08,dual_baseline_14,18,normalized_max_abs,1.6404637255870635,1.8668605919637218,neither_zero,True
single_baseline_08,dual_baseline_14,18,cosine_error,0.0008861690106980458,0.0016104724420231697,neither_zero,True
single_baseline_08,dual_baseline_14,18,log_norm_ratio,0.0001270004998768644,0.00017426153486520073,neither_zero,True
single_baseline_08,dual_baseline_14,20,relative_l2,0.029403593062133877,0.03618305776935488,neither_zero,True
single_baseline_08,dual_baseline_14,20,max_abs,0.005710819736123085,0.005794270662590861,neither_zero,True
single_baseline_08,dual_baseline_14,20,normalized_max_abs,1.9036135059339045,1.9314304327498888,neither_zero,True
single_baseline_08,dual_baseline_14,20,cosine_error,0.0004322865033840051,0.0006546084234719807,neither_zero,True
single_baseline_08,dual_baseline_14,20,log_norm_ratio,1.9961224697165775e-06,3.119384705013665e-05,neither_zero,True
single_baseline_08,dual_baseline_14,21,relative_l2,0.0433308026595652,0.050826764560299505,neither_zero,True
single_baseline_08,dual_baseline_14,21,max_abs,0.004449710249900818,0.005037351744249463,neither_zero,True
single_baseline_08,dual_baseline_14,21,normalized_max_abs,1.4834462747345705,1.6793544432923737,neither_zero,True
single_baseline_08,dual_baseline_14,21,cosine_error,0.0009388441960110905,0.0012917344042318035,neither_zero,True
single_baseline_08,dual_baseline_14,21,log_norm_ratio,7.195837272249397e-05,0.00022368858879896094,neither_zero,True
single_baseline_08,dual_baseline_14,22,relative_l2,0.03185379673296868,0.0577932887500439,neither_zero,True
single_baseline_08,dual_baseline_14,22,max_abs,0.003991609206423163,0.005380292423069477,neither_zero,True
single_baseline_08,dual_baseline_14,22,normalized_max_abs,1.3308052390338092,1.793792894607881,neither_zero,True
single_baseline_08,dual_baseline_14,22,cosine_error,0.0005073444891811052,0.0016701450821178243,neither_zero,True
single_baseline_08,dual_baseline_14,22,log_norm_ratio,2.4865400846851483e-05,0.00012333987278905878,neither_zero,True
single_baseline_08,dual_baseline_14,24,relative_l2,0.01808960950718059,0.02795966456988454,neither_zero,True
single_baseline_08,dual_baseline_14,24,max_abs,0.00427882035728544,0.004742427030578256,neither_zero,True
single_baseline_08,dual_baseline_14,24,normalized_max_abs,1.4264939753518422,1.5810536720436101,neither_zero,True
single_baseline_08,dual_baseline_14,24,cosine_error,0.00016362870767205884,0.0003909045336550898,neither_zero,True
single_baseline_08,dual_baseline_14,24,log_norm_ratio,0.00010591840203798489,0.0001037535551461458,neither_zero,False
single_baseline_08,dual_baseline_14,25,relative_l2,0.01281504821940248,0.020624469441589088,neither_zero,True
single_baseline_08,dual_baseline_14,25,max_abs,0.003170066513121128,0.0037428823998197913,neither_zero,True
single_baseline_08,dual_baseline_14,25,normalized_max_abs,1.0567758481341085,1.2477301994024919,neither_zero,True
single_baseline_08,dual_baseline_14,25,cosine_error,8.211526933954438e-05,0.00021269104683663276,neither_zero,True
single_baseline_08,dual_baseline_14,25,log_norm_ratio,4.1310489290402644e-05,8.241009325611086e-05,neither_zero,True
single_baseline_08,dual_baseline_14,26,relative_l2,0.0012850600443165179,0.0030323136778769143,neither_zero,True
single_baseline_08,dual_baseline_14,26,max_abs,0.0002614052500575781,0.0004952069721184671,neither_zero,True
single_baseline_08,dual_baseline_14,26,normalized_max_abs,0.0871474733894949,0.16509247524793977,neither_zero,True
single_baseline_08,dual_baseline_14,26,cosine_error,8.256804228112813e-07,4.597282226015409e-06,neither_zero,True
single_baseline_08,dual_baseline_14,26,log_norm_ratio,5.201741617318704e-06,2.4824088155444077e-05,neither_zero,True
single_baseline_08,dual_baseline_14,28,relative_l2,0.0,0.0,neither_zero,True
single_baseline_08,dual_baseline_14,28,max_abs,0.0,0.0,neither_zero,True
single_baseline_08,dual_baseline_14,28,normalized_max_abs,0.0,0.0,neither_zero,True
single_baseline_08,dual_baseline_14,28,cosine_error,0.0,0.0,neither_zero,True
single_baseline_08,dual_baseline_14,28,log_norm_ratio,0.0,0.0,neither_zero,True
single_baseline_08,dual_baseline_14,29,relative_l2,0.0,0.0,neither_zero,True
single_baseline_08,dual_baseline_14,29,max_abs,0.0,0.0,neither_zero,True
single_baseline_08,dual_baseline_14,29,normalized_max_abs,0.0,0.0,neither_zero,True
single_baseline_08,dual_baseline_14,29,cosine_error,0.0,0.0,neither_zero,True
single_baseline_08,dual_baseline_14,29,log_norm_ratio,0.0,0.0,neither_zero,True
single_baseline_08,dual_baseline_14,30,relative_l2,0.0,0.0,neither_zero,True
single_baseline_08,dual_baseline_14,30,max_abs,0.0,0.0,neither_zero,True
single_baseline_08,dual_baseline_14,30,normalized_max_abs,0.0,0.0,neither_zero,True
single_baseline_08,dual_baseline_14,30,cosine_error,0.0,0.0,neither_zero,True
single_baseline_08,dual_baseline_14,30,log_norm_ratio,0.0,0.0,neither_zero,True
single_baseline_08,dual_baseline_14,global,relative_l2,0.06787690001668224,0.07576209242758418,neither_zero,True
single_baseline_08,dual_baseline_14,global,max_abs,0.005959720117971301,0.005976773798465729,neither_zero,True
single_baseline_08,dual_baseline_14,global,normalized_max_abs,1.9865806017995546,1.9922651826504838,neither_zero,True
single_baseline_08,dual_baseline_14,global,cosine_error,0.002303652835234149,0.002869989563512809,neither_zero,True
single_baseline_08,dual_baseline_14,global,log_norm_ratio,6.980965791391096e-06,2.5695636726825657e-05,neither_zero,True
single_baseline_08,dual_baseline_15,0,relative_l2,0.04125196921830596,0.06824693312551014,neither_zero,True
single_baseline_08,dual_baseline_15,0,max_abs,0.005909968167543411,0.0059624831192195415,neither_zero,True
single_baseline_08,dual_baseline_15,0,normalized_max_abs,1.9700107770713964,1.9875157967593196,neither_zero,True
single_baseline_08,dual_baseline_15,0,cosine_error,0.0008509197045060146,0.0023289119890768095,neither_zero,True
single_baseline_08,dual_baseline_15,0,log_norm_ratio,7.014068636005964e-05,0.00013442475574679274,neither_zero,True
single_baseline_08,dual_baseline_15,1,relative_l2,0.11592318015603136,0.13775838756793352,neither_zero,True
single_baseline_08,dual_baseline_15,1,max_abs,0.005925408098846674,0.005959174828603864,neither_zero,True
single_baseline_08,dual_baseline_15,1,normalized_max_abs,1.975199633481721,1.9864546474587708,neither_zero,True
single_baseline_08,dual_baseline_15,1,cosine_error,0.006720100907427806,0.009490543321821088,neither_zero,True
single_baseline_08,dual_baseline_15,1,log_norm_ratio,0.00015188293585870313,0.000354146493600735,neither_zero,True
single_baseline_08,dual_baseline_15,2,relative_l2,0.059446996728781586,0.09472783252409434,neither_zero,True
single_baseline_08,dual_baseline_15,2,max_abs,0.005966244265437126,0.005975238047540188,neither_zero,True
single_baseline_08,dual_baseline_15,2,normalized_max_abs,1.9887743105560907,1.9917722774521038,neither_zero,True
single_baseline_08,dual_baseline_15,2,cosine_error,0.0017671642271359644,0.004487133243832653,neither_zero,True
single_baseline_08,dual_baseline_15,2,log_norm_ratio,0.00011192573477899654,0.0001280474477327828,neither_zero,True
single_baseline_08,dual_baseline_15,4,relative_l2,0.11007934057399742,0.13372897703352327,neither_zero,True
single_baseline_08,dual_baseline_15,4,max_abs,0.0059310689102858305,0.005976773798465729,neither_zero,True
single_baseline_08,dual_baseline_15,4,normalized_max_abs,1.97706100606194,1.9922961072686851,neither_zero,True
single_baseline_08,dual_baseline_15,4,cosine_error,0.006059467924822481,0.008942036081358573,neither_zero,True
single_baseline_08,dual_baseline_15,4,log_norm_ratio,0.00012293414037162188,0.0001512792312364743,neither_zero,True
single_baseline_08,dual_baseline_15,5,relative_l2,0.10422003758882763,0.11086688207218229,neither_zero,True
single_baseline_08,dual_baseline_15,5,max_abs,0.005939032882452011,0.005959352012723684,neither_zero,True
single_baseline_08,dual_baseline_15,5,normalized_max_abs,1.979711873303169,1.9864851880660115,neither_zero,True
single_baseline_08,dual_baseline_15,5,cosine_error,0.005431028485026079,0.006145754620427768,neither_zero,True
single_baseline_08,dual_baseline_15,5,log_norm_ratio,2.2208586337975193e-05,0.00010396011900955024,neither_zero,True
single_baseline_08,dual_baseline_15,6,relative_l2,0.11104861509364759,0.12145219557566955,neither_zero,True
single_baseline_08,dual_baseline_15,6,max_abs,0.005954511230811477,0.005959737114608288,neither_zero,True
single_baseline_08,dual_baseline_15,6,normalized_max_abs,1.9848786523355886,1.9866206500891914,neither_zero,True
single_baseline_08,dual_baseline_15,6,cosine_error,0.006166653240482156,0.007375358114384278,neither_zero,True
single_baseline_08,dual_baseline_15,6,log_norm_ratio,0.00012381013398723976,0.0001067684111316779,neither_zero,False
single_baseline_08,dual_baseline_15,8,relative_l2,0.09568696717235975,0.10452082796646944,neither_zero,True
single_baseline_08,dual_baseline_15,8,max_abs,0.005934723420068622,0.005964341107755899,neither_zero,True
single_baseline_08,dual_baseline_15,8,normalized_max_abs,1.9782722902568388,1.9881450082768717,neither_zero,True
single_baseline_08,dual_baseline_15,8,cosine_error,0.004578074748778582,0.005462305636124598,neither_zero,True
single_baseline_08,dual_baseline_15,8,log_norm_ratio,1.6829721751133154e-05,0.00011319355897037096,neither_zero,True
single_baseline_08,dual_baseline_15,9,relative_l2,0.10291639789916146,0.11375555232581419,neither_zero,True
single_baseline_08,dual_baseline_15,9,max_abs,0.005959100089967251,0.005957070272415876,neither_zero,False
single_baseline_08,dual_baseline_15,9,normalized_max_abs,1.9864039873772377,1.9857270605934405,neither_zero,False
single_baseline_08,dual_baseline_15,9,cosine_error,0.005295987612641051,0.0064710255121182,neither_zero,True
single_baseline_08,dual_baseline_15,9,log_norm_ratio,1.7994212114713212e-05,0.00018101471761390988,neither_zero,True
single_baseline_08,dual_baseline_15,10,relative_l2,0.09934117937079949,0.11462983090523451,neither_zero,True
single_baseline_08,dual_baseline_15,10,max_abs,0.005900402320548892,0.00594778242520988,neither_zero,True
single_baseline_08,dual_baseline_15,10,normalized_max_abs,1.9668532672987307,1.9826470570430124,neither_zero,True
single_baseline_08,dual_baseline_15,10,cosine_error,0.0049349202165924755,0.006571025593287261,neither_zero,True
single_baseline_08,dual_baseline_15,10,log_norm_ratio,0.00012006261407654684,0.0001985496010601438,neither_zero,True
single_baseline_08,dual_baseline_15,12,relative_l2,0.11127700858769299,0.1281904108794343,neither_zero,True
single_baseline_08,dual_baseline_15,12,max_abs,0.005912695312872529,0.005939641036093235,neither_zero,True
single_baseline_08,dual_baseline_15,12,normalized_max_abs,1.9710148313341185,1.9799972695114094,neither_zero,True
single_baseline_08,dual_baseline_15,12,cosine_error,0.0061919824410446855,0.008216884210253905,neither_zero,True
single_baseline_08,dual_baseline_15,12,log_norm_ratio,0.0001134689366938393,0.0003993144073782176,neither_zero,True
single_baseline_08,dual_baseline_15,13,relative_l2,0.06566232557264833,0.08811547143108552,neither_zero,True
single_baseline_08,dual_baseline_15,13,max_abs,0.00572318653576076,0.005892634857445955,neither_zero,True
single_baseline_08,dual_baseline_15,13,normalized_max_abs,1.9077960499355502,1.9642808135823902,neither_zero,True
single_baseline_08,dual_baseline_15,13,cosine_error,0.0021558799874698,0.003882467918829735,neither_zero,True
single_baseline_08,dual_baseline_15,13,log_norm_ratio,5.1399617938869216e-05,0.00017695298734545184,neither_zero,True
single_baseline_08,dual_baseline_15,14,relative_l2,0.08454907772276042,0.09979719351372945,neither_zero,True
single_baseline_08,dual_baseline_15,14,max_abs,0.005840599769726396,0.005890344735234976,neither_zero,True
single_baseline_08,dual_baseline_15,14,normalized_max_abs,1.9469756709390897,1.9635584075632604,neither_zero,True
single_baseline_08,dual_baseline_15,14,cosine_error,0.003574740706573598,0.004980025156854584,neither_zero,True
single_baseline_08,dual_baseline_15,14,log_norm_ratio,0.00013325256447098194,0.0002657099935791046,neither_zero,True
single_baseline_08,dual_baseline_15,16,relative_l2,0.07716727623741808,0.08436554172823829,neither_zero,True
single_baseline_08,dual_baseline_15,16,max_abs,0.0056603720877319574,0.005808895919471979,neither_zero,True
single_baseline_08,dual_baseline_15,16,normalized_max_abs,1.886916914259813,1.9364281700460415,neither_zero,True
single_baseline_08,dual_baseline_15,16,cosine_error,0.0029777870296723297,0.003559225492313911,neither_zero,True
single_baseline_08,dual_baseline_15,16,log_norm_ratio,0.00013496688716276787,0.0002576750825546444,neither_zero,True
single_baseline_08,dual_baseline_15,17,relative_l2,0.05666667557570739,0.07984475971614276,neither_zero,True
single_baseline_08,dual_baseline_15,17,max_abs,0.0055603692308068275,0.005828710272908211,neither_zero,True
single_baseline_08,dual_baseline_15,17,normalized_max_abs,1.8535839953616944,1.9430371665975241,neither_zero,True
single_baseline_08,dual_baseline_15,17,cosine_error,0.0016056775007787794,0.003187814275713241,neither_zero,True
single_baseline_08,dual_baseline_15,17,log_norm_ratio,7.750529266582049e-05,0.0001790272257123107,neither_zero,True
single_baseline_08,dual_baseline_15,18,relative_l2,0.04229263603977227,0.05675008870631503,neither_zero,True
single_baseline_08,dual_baseline_15,18,max_abs,0.005292226327583194,0.005600189324468374,neither_zero,True
single_baseline_08,dual_baseline_15,18,normalized_max_abs,1.7641990658335196,1.8668605919637218,neither_zero,True
single_baseline_08,dual_baseline_15,18,cosine_error,0.000894411424158581,0.0016104724420231697,neither_zero,True
single_baseline_08,dual_baseline_15,18,log_norm_ratio,9.180323690472507e-05,0.00017426153486520073,neither_zero,True
single_baseline_08,dual_baseline_15,20,relative_l2,0.029499140791111367,0.03618305776935488,neither_zero,True
single_baseline_08,dual_baseline_15,20,max_abs,0.005736751947551966,0.005794270662590861,neither_zero,True
single_baseline_08,dual_baseline_15,20,normalized_max_abs,1.912257607865979,1.9314304327498888,neither_zero,True
single_baseline_08,dual_baseline_15,20,cosine_error,0.0004351014912024054,0.0006546084234719807,neither_zero,True
single_baseline_08,dual_baseline_15,20,log_norm_ratio,4.2438515702689885e-06,3.119384705013665e-05,neither_zero,True
single_baseline_08,dual_baseline_15,21,relative_l2,0.045748104304827515,0.050826764560299505,neither_zero,True
single_baseline_08,dual_baseline_15,21,max_abs,0.004350047674961388,0.005037351744249463,neither_zero,True
single_baseline_08,dual_baseline_15,21,normalized_max_abs,1.4502207235815157,1.6793544432923737,neither_zero,True
single_baseline_08,dual_baseline_15,21,cosine_error,0.0010464998786932078,0.0012917344042318035,neither_zero,True
single_baseline_08,dual_baseline_15,21,log_norm_ratio,5.430576289215733e-05,0.00022368858879896094,neither_zero,True
single_baseline_08,dual_baseline_15,22,relative_l2,0.03321074022912173,0.0577932887500439,neither_zero,True
single_baseline_08,dual_baseline_15,22,max_abs,0.004258284578099847,0.005380292423069477,neither_zero,True
single_baseline_08,dual_baseline_15,22,normalized_max_abs,1.4197149903134525,1.793792894607881,neither_zero,True
single_baseline_08,dual_baseline_15,22,cosine_error,0.0005514838176587933,0.0016701450821178243,neither_zero,True
single_baseline_08,dual_baseline_15,22,log_norm_ratio,1.3185062022014894e-05,0.00012333987278905878,neither_zero,True
single_baseline_08,dual_baseline_15,24,relative_l2,0.01829426845751271,0.02795966456988454,neither_zero,True
single_baseline_08,dual_baseline_15,24,max_abs,0.004292835830710828,0.004742427030578256,neither_zero,True
single_baseline_08,dual_baseline_15,24,normalized_max_abs,1.4311665221599779,1.5810536720436101,neither_zero,True
single_baseline_08,dual_baseline_15,24,cosine_error,0.00016735197201778185,0.0003909045336550898,neither_zero,True
single_baseline_08,dual_baseline_15,24,log_norm_ratio,0.00010162253662073825,0.0001037535551461458,neither_zero,True
single_baseline_08,dual_baseline_15,25,relative_l2,0.013535174441480726,0.020624469441589088,neither_zero,True
single_baseline_08,dual_baseline_15,25,max_abs,0.0032750614918768406,0.0037428823998197913,neither_zero,True
single_baseline_08,dual_baseline_15,25,normalized_max_abs,1.0917769714965457,1.2477301994024919,neither_zero,True
single_baseline_08,dual_baseline_15,25,cosine_error,9.160349884540508e-05,0.00021269104683663276,neither_zero,True
single_baseline_08,dual_baseline_15,25,log_norm_ratio,4.3223994330053844e-05,8.241009325611086e-05,neither_zero,True
single_baseline_08,dual_baseline_15,26,relative_l2,0.000920053381217587,0.0030323136778769143,neither_zero,True
single_baseline_08,dual_baseline_15,26,max_abs,0.000132859218865633,0.0004952069721184671,neither_zero,True
single_baseline_08,dual_baseline_15,26,normalized_max_abs,0.0442927035248586,0.16509247524793977,neither_zero,True
single_baseline_08,dual_baseline_15,26,cosine_error,4.232472013976363e-07,4.597282226015409e-06,neither_zero,True
single_baseline_08,dual_baseline_15,26,log_norm_ratio,2.422410366123612e-06,2.4824088155444077e-05,neither_zero,True
single_baseline_08,dual_baseline_15,28,relative_l2,0.0,0.0,neither_zero,True
single_baseline_08,dual_baseline_15,28,max_abs,0.0,0.0,neither_zero,True
single_baseline_08,dual_baseline_15,28,normalized_max_abs,0.0,0.0,neither_zero,True
single_baseline_08,dual_baseline_15,28,cosine_error,0.0,0.0,neither_zero,True
single_baseline_08,dual_baseline_15,28,log_norm_ratio,0.0,0.0,neither_zero,True
single_baseline_08,dual_baseline_15,29,relative_l2,0.0,0.0,neither_zero,True
single_baseline_08,dual_baseline_15,29,max_abs,0.0,0.0,neither_zero,True
single_baseline_08,dual_baseline_15,29,normalized_max_abs,0.0,0.0,neither_zero,True
single_baseline_08,dual_baseline_15,29,cosine_error,0.0,0.0,neither_zero,True
single_baseline_08,dual_baseline_15,29,log_norm_ratio,0.0,0.0,neither_zero,True
single_baseline_08,dual_baseline_15,30,relative_l2,0.0,0.0,neither_zero,True
single_baseline_08,dual_baseline_15,30,max_abs,0.0,0.0,neither_zero,True
single_baseline_08,dual_baseline_15,30,normalized_max_abs,0.0,0.0,neither_zero,True
single_baseline_08,dual_baseline_15,30,cosine_error,0.0,0.0,neither_zero,True
single_baseline_08,dual_baseline_15,30,log_norm_ratio,0.0,0.0,neither_zero,True
single_baseline_08,dual_baseline_15,global,relative_l2,0.07166596644713373,0.07576209242758418,neither_zero,True
single_baseline_08,dual_baseline_15,global,max_abs,0.005966244265437126,0.005976773798465729,neither_zero,True
single_baseline_08,dual_baseline_15,global,normalized_max_abs,1.9887553255352892,1.9922651826504838,neither_zero,True
single_baseline_08,dual_baseline_15,global,cosine_error,0.0025680125977627366,0.002869989563512809,neither_zero,True
single_baseline_08,dual_baseline_15,global,log_norm_ratio,2.8147585660666246e-06,2.5695636726825657e-05,neither_zero,True
single_baseline_09,dual_baseline_11,0,relative_l2,0.05435427435371613,0.06824693312551014,neither_zero,True
single_baseline_09,dual_baseline_11,0,max_abs,0.0059428715612739325,0.0059624831192195415,neither_zero,True
single_baseline_09,dual_baseline_11,0,normalized_max_abs,1.980978694057368,1.9875157967593196,neither_zero,True
single_baseline_09,dual_baseline_11,0,cosine_error,0.0014772582055755379,0.0023289119890768095,neither_zero,True
single_baseline_09,dual_baseline_11,0,log_norm_ratio,4.442243604067639e-05,0.00013442475574679274,neither_zero,True
single_baseline_09,dual_baseline_11,1,relative_l2,0.10842002200282098,0.13775838756793352,neither_zero,True
single_baseline_09,dual_baseline_11,1,max_abs,0.00593123328872025,0.005959174828603864,neither_zero,True
single_baseline_09,dual_baseline_11,1,normalized_max_abs,1.9771403518058217,1.9864546474587708,neither_zero,True
single_baseline_09,dual_baseline_11,1,cosine_error,0.005878174928552693,0.009490543321821088,neither_zero,True
single_baseline_09,dual_baseline_11,1,log_norm_ratio,0.00012455300686550647,0.000354146493600735,neither_zero,True
single_baseline_09,dual_baseline_11,2,relative_l2,0.07803738842816305,0.09472783252409434,neither_zero,True
single_baseline_09,dual_baseline_11,2,max_abs,0.005930569022893906,0.005975238047540188,neither_zero,True
single_baseline_09,dual_baseline_11,2,normalized_max_abs,1.9768824062464008,1.9917722774521038,neither_zero,True
single_baseline_09,dual_baseline_11,2,cosine_error,0.00304494605957073,0.004487133243832653,neither_zero,True
single_baseline_09,dual_baseline_11,2,log_norm_ratio,9.559795711943804e-06,0.0001280474477327828,neither_zero,True
single_baseline_09,dual_baseline_11,4,relative_l2,0.0754236789971288,0.13372897703352327,neither_zero,True
single_baseline_09,dual_baseline_11,4,max_abs,0.005934418411925435,0.005976773798465729,neither_zero,True
single_baseline_09,dual_baseline_11,4,normalized_max_abs,1.9781775280888412,1.9922961072686851,neither_zero,True
single_baseline_09,dual_baseline_11,4,cosine_error,0.00284475491267544,0.008942036081358573,neither_zero,True
single_baseline_09,dual_baseline_11,4,log_norm_ratio,0.0001402946355070373,0.0001512792312364743,neither_zero,True
single_baseline_09,dual_baseline_11,5,relative_l2,0.07735532887118375,0.11086688207218229,neither_zero,True
single_baseline_09,dual_baseline_11,5,max_abs,0.005887255305424333,0.005959352012723684,neither_zero,True
single_baseline_09,dual_baseline_11,5,normalized_max_abs,1.962452534708279,1.9864851880660115,neither_zero,True
single_baseline_09,dual_baseline_11,5,cosine_error,0.0029920815966241188,0.006145754620427768,neither_zero,True
single_baseline_09,dual_baseline_11,5,log_norm_ratio,5.333093716488393e-05,0.00010396011900955024,neither_zero,True
single_baseline_09,dual_baseline_11,6,relative_l2,0.10702470062962743,0.12145219557566955,neither_zero,True
single_baseline_09,dual_baseline_11,6,max_abs,0.005924722412601113,0.005959737114608288,neither_zero,True
single_baseline_09,dual_baseline_11,6,normalized_max_abs,1.9749489915543565,1.9866206500891914,neither_zero,True
single_baseline_09,dual_baseline_11,6,cosine_error,0.005727582660228325,0.007375358114384278,neither_zero,True
single_baseline_09,dual_baseline_11,6,log_norm_ratio,7.72380846715738e-05,0.0001067684111316779,neither_zero,True
single_baseline_09,dual_baseline_11,8,relative_l2,0.06817182680968932,0.10452082796646944,neither_zero,True
single_baseline_09,dual_baseline_11,8,max_abs,0.005934193264693022,0.005964341107755899,neither_zero,True
single_baseline_09,dual_baseline_11,8,normalized_max_abs,1.9780957225384717,1.9881450082768717,neither_zero,True
single_baseline_09,dual_baseline_11,8,cosine_error,0.0023238459313897897,0.005462305636124598,neither_zero,True
single_baseline_09,dual_baseline_11,8,log_norm_ratio,6.412063628857234e-05,0.00011319355897037096,neither_zero,True
single_baseline_09,dual_baseline_11,9,relative_l2,0.0901748939405784,0.11375555232581419,neither_zero,True
single_baseline_09,dual_baseline_11,9,max_abs,0.005925156641751528,0.005957070272415876,neither_zero,True
single_baseline_09,dual_baseline_11,9,normalized_max_abs,1.9750892922281225,1.9857270605934405,neither_zero,True
single_baseline_09,dual_baseline_11,9,cosine_error,0.0040659217883241006,0.0064710255121182,neither_zero,True
single_baseline_09,dual_baseline_11,9,log_norm_ratio,4.104492679611679e-05,0.00018101471761390988,neither_zero,True
single_baseline_09,dual_baseline_11,10,relative_l2,0.09769829842732562,0.11462983090523451,neither_zero,True
single_baseline_09,dual_baseline_11,10,max_abs,0.005924840457737446,0.00594778242520988,neither_zero,True
single_baseline_09,dual_baseline_11,10,normalized_max_abs,1.9749993771614536,1.9826470570430124,neither_zero,True
single_baseline_09,dual_baseline_11,10,cosine_error,0.00477282961391734,0.006571025593287261,neither_zero,True
single_baseline_09,dual_baseline_11,10,log_norm_ratio,7.408887967650883e-05,0.0001985496010601438,neither_zero,True
single_baseline_09,dual_baseline_11,12,relative_l2,0.08869504942781671,0.1281904108794343,neither_zero,True
single_baseline_09,dual_baseline_11,12,max_abs,0.005874561611562967,0.005939641036093235,neither_zero,True
single_baseline_09,dual_baseline_11,12,normalized_max_abs,1.9583031508741096,1.9799972695114094,neither_zero,True
single_baseline_09,dual_baseline_11,12,cosine_error,0.0039338294241990646,0.008216884210253905,neither_zero,True
single_baseline_09,dual_baseline_11,12,log_norm_ratio,0.00010918395738404261,0.0003993144073782176,neither_zero,True
single_baseline_09,dual_baseline_11,13,relative_l2,0.06338936935035655,0.08811547143108552,neither_zero,True
single_baseline_09,dual_baseline_11,13,max_abs,0.0057188521604985,0.005892634857445955,neither_zero,True
single_baseline_09,dual_baseline_11,13,normalized_max_abs,1.906351059327411,1.9642808135823902,neither_zero,True
single_baseline_09,dual_baseline_11,13,cosine_error,0.0020092364186231615,0.003882467918829735,neither_zero,True
single_baseline_09,dual_baseline_11,13,log_norm_ratio,6.595776719881799e-05,0.00017695298734545184,neither_zero,True
single_baseline_09,dual_baseline_11,14,relative_l2,0.08537320289925605,0.09979719351372945,neither_zero,True
single_baseline_09,dual_baseline_11,14,max_abs,0.0057919376995414495,0.005890344735234976,neither_zero,True
single_baseline_09,dual_baseline_11,14,normalized_max_abs,1.9307542219026916,1.9635584075632604,neither_zero,True
single_baseline_09,dual_baseline_11,14,cosine_error,0.003644757066425197,0.004980025156854584,neither_zero,True
single_baseline_09,dual_baseline_11,14,log_norm_ratio,0.00012995477624180328,0.0002657099935791046,neither_zero,True
single_baseline_09,dual_baseline_11,16,relative_l2,0.043920273174259866,0.08436554172823829,neither_zero,True
single_baseline_09,dual_baseline_11,16,max_abs,0.005473730154335499,0.005808895919471979,neither_zero,True
single_baseline_09,dual_baseline_11,16,normalized_max_abs,1.824698491358535,1.9364281700460415,neither_zero,True
single_baseline_09,dual_baseline_11,16,cosine_error,0.0009647069086995419,0.003559225492313911,neither_zero,True
single_baseline_09,dual_baseline_11,16,log_norm_ratio,0.0002525325594219405,0.0002576750825546444,neither_zero,True
single_baseline_09,dual_baseline_11,17,relative_l2,0.06074635588658239,0.07984475971614276,neither_zero,True
single_baseline_09,dual_baseline_11,17,max_abs,0.0056199426762759686,0.005828710272908211,neither_zero,True
single_baseline_09,dual_baseline_11,17,normalized_max_abs,1.873443613681825,1.9430371665975241,neither_zero,True
single_baseline_09,dual_baseline_11,17,cosine_error,0.0018452892065833337,0.003187814275713241,neither_zero,True
single_baseline_09,dual_baseline_11,17,log_norm_ratio,0.0001287799238179967,0.0001790272257123107,neither_zero,True
single_baseline_09,dual_baseline_11,18,relative_l2,0.0337937618312849,0.05675008870631503,neither_zero,True
single_baseline_09,dual_baseline_11,18,max_abs,0.00464307121001184,0.005600189324468374,neither_zero,True
single_baseline_09,dual_baseline_11,18,normalized_max_abs,1.5477989828933534,1.8668605919637218,neither_zero,True
single_baseline_09,dual_baseline_11,18,cosine_error,0.0005710220248641429,0.0016104724420231697,neither_zero,True
single_baseline_09,dual_baseline_11,18,log_norm_ratio,2.2975639213788504e-05,0.00017426153486520073,neither_zero,True
single_baseline_09,dual_baseline_11,20,relative_l2,0.025307830172914353,0.03618305776935488,neither_zero,True
single_baseline_09,dual_baseline_11,20,max_abs,0.0053548205178231,0.005794270662590861,neither_zero,True
single_baseline_09,dual_baseline_11,20,normalized_max_abs,1.784946529476154,1.9314304327498888,neither_zero,True
single_baseline_09,dual_baseline_11,20,cosine_error,0.00032025675907321194,0.0006546084234719807,neither_zero,True
single_baseline_09,dual_baseline_11,20,log_norm_ratio,4.5823294724980625e-05,3.119384705013665e-05,neither_zero,False
single_baseline_09,dual_baseline_11,21,relative_l2,0.046477907579049876,0.050826764560299505,neither_zero,True
single_baseline_09,dual_baseline_11,21,max_abs,0.004700663033872843,0.005037351744249463,neither_zero,True
single_baseline_09,dual_baseline_11,21,normalized_max_abs,1.5671087761284488,1.6793544432923737,neither_zero,True
single_baseline_09,dual_baseline_11,21,cosine_error,0.0010802780321105265,0.0012917344042318035,neither_zero,True
single_baseline_09,dual_baseline_11,21,log_norm_ratio,0.00018205781552207257,0.00022368858879896094,neither_zero,True
single_baseline_09,dual_baseline_11,22,relative_l2,0.05398854989421926,0.0577932887500439,neither_zero,True
single_baseline_09,dual_baseline_11,22,max_abs,0.00505468319170177,0.005380292423069477,neither_zero,True
single_baseline_09,dual_baseline_11,22,normalized_max_abs,1.6852349635134973,1.793792894607881,neither_zero,True
single_baseline_09,dual_baseline_11,22,cosine_error,0.001457383982469307,0.0016701450821178243,neither_zero,True
single_baseline_09,dual_baseline_11,22,log_norm_ratio,1.525882955412152e-06,0.00012333987278905878,neither_zero,True
single_baseline_09,dual_baseline_11,24,relative_l2,0.02038313285586522,0.02795966456988454,neither_zero,True
single_baseline_09,dual_baseline_11,24,max_abs,0.004229313810355961,0.004742427030578256,neither_zero,True
single_baseline_09,dual_baseline_11,24,normalized_max_abs,1.4099892415611068,1.5810536720436101,neither_zero,True
single_baseline_09,dual_baseline_11,24,cosine_error,0.0002077462026792709,0.0003909045336550898,neither_zero,True
single_baseline_09,dual_baseline_11,24,log_norm_ratio,5.6558712180116925e-05,0.0001037535551461458,neither_zero,True
single_baseline_09,dual_baseline_11,25,relative_l2,0.0072787669690931875,0.020624469441589088,neither_zero,True
single_baseline_09,dual_baseline_11,25,max_abs,0.001549517284729518,0.0037428823998197913,neither_zero,True
single_baseline_09,dual_baseline_11,25,normalized_max_abs,0.5165482919651058,1.2477301994024919,neither_zero,True
single_baseline_09,dual_baseline_11,25,cosine_error,2.6490575101290048e-05,0.00021269104683663276,neither_zero,True
single_baseline_09,dual_baseline_11,25,log_norm_ratio,2.6857542060273753e-05,8.241009325611086e-05,neither_zero,True
single_baseline_09,dual_baseline_11,26,relative_l2,0.0004226208193562735,0.0030323136778769143,neither_zero,True
single_baseline_09,dual_baseline_11,26,max_abs,9.327544830739498e-05,0.0004952069721184671,neither_zero,True
single_baseline_09,dual_baseline_11,26,normalized_max_abs,0.031096237154653355,0.16509247524793977,neither_zero,True
single_baseline_09,dual_baseline_11,26,cosine_error,8.930069095303139e-08,4.597282226015409e-06,neither_zero,True
single_baseline_09,dual_baseline_11,26,log_norm_ratio,2.7310592406347143e-06,2.4824088155444077e-05,neither_zero,True
single_baseline_09,dual_baseline_11,28,relative_l2,0.0,0.0,neither_zero,True
single_baseline_09,dual_baseline_11,28,max_abs,0.0,0.0,neither_zero,True
single_baseline_09,dual_baseline_11,28,normalized_max_abs,0.0,0.0,neither_zero,True
single_baseline_09,dual_baseline_11,28,cosine_error,0.0,0.0,neither_zero,True
single_baseline_09,dual_baseline_11,28,log_norm_ratio,0.0,0.0,neither_zero,True
single_baseline_09,dual_baseline_11,29,relative_l2,0.0,0.0,neither_zero,True
single_baseline_09,dual_baseline_11,29,max_abs,0.0,0.0,neither_zero,True
single_baseline_09,dual_baseline_11,29,normalized_max_abs,0.0,0.0,neither_zero,True
single_baseline_09,dual_baseline_11,29,cosine_error,0.0,0.0,neither_zero,True
single_baseline_09,dual_baseline_11,29,log_norm_ratio,0.0,0.0,neither_zero,True
single_baseline_09,dual_baseline_11,30,relative_l2,0.0,0.0,neither_zero,True
single_baseline_09,dual_baseline_11,30,max_abs,0.0,0.0,neither_zero,True
single_baseline_09,dual_baseline_11,30,normalized_max_abs,0.0,0.0,neither_zero,True
single_baseline_09,dual_baseline_11,30,cosine_error,0.0,0.0,neither_zero,True
single_baseline_09,dual_baseline_11,30,log_norm_ratio,0.0,0.0,neither_zero,True
single_baseline_09,dual_baseline_11,global,relative_l2,0.06408882072244601,0.07576209242758418,neither_zero,True
single_baseline_09,dual_baseline_11,global,max_abs,0.0059428715612739325,0.005976773798465729,neither_zero,True
single_baseline_09,dual_baseline_11,global,normalized_max_abs,1.980964242052841,1.9922651826504838,neither_zero,True
single_baseline_09,dual_baseline_11,global,cosine_error,0.0020537039194767903,0.002869989563512809,neither_zero,True
single_baseline_09,dual_baseline_11,global,log_norm_ratio,7.536206810161411e-06,2.5695636726825657e-05,neither_zero,True
single_baseline_09,dual_baseline_12,0,relative_l2,0.02954749153319634,0.06824693312551014,neither_zero,True
single_baseline_09,dual_baseline_12,0,max_abs,0.005859734956175089,0.0059624831192195415,neither_zero,True
single_baseline_09,dual_baseline_12,0,normalized_max_abs,1.953266343085448,1.9875157967593196,neither_zero,True
single_baseline_09,dual_baseline_12,0,cosine_error,0.00043653550659505935,0.0023289119890768095,neither_zero,True
single_baseline_09,dual_baseline_12,0,log_norm_ratio,1.9635280916264342e-05,0.00013442475574679274,neither_zero,True
single_baseline_09,dual_baseline_12,1,relative_l2,0.10913710965917316,0.13775838756793352,neither_zero,True
single_baseline_09,dual_baseline_12,1,max_abs,0.005902284989133477,0.005959174828603864,neither_zero,True
single_baseline_09,dual_baseline_12,1,normalized_max_abs,1.967490613135448,1.9864546474587708,neither_zero,True
single_baseline_09,dual_baseline_12,1,cosine_error,0.005955585945078612,0.009490543321821088,neither_zero,True
single_baseline_09,dual_baseline_12,1,log_norm_ratio,2.213706291639674e-05,0.000354146493600735,neither_zero,True
single_baseline_09,dual_baseline_12,2,relative_l2,0.0863086864076629,0.09472783252409434,neither_zero,True
single_baseline_09,dual_baseline_12,2,max_abs,0.0059554059989750385,0.005975238047540188,neither_zero,True
single_baseline_09,dual_baseline_12,2,normalized_max_abs,1.9851613533629295,1.9917722774521038,neither_zero,True
single_baseline_09,dual_baseline_12,2,cosine_error,0.003724994512811719,0.004487133243832653,neither_zero,True
single_baseline_09,dual_baseline_12,2,log_norm_ratio,0.0001089379594522509,0.0001280474477327828,neither_zero,True
single_baseline_09,dual_baseline_12,4,relative_l2,0.08471285726906443,0.13372897703352327,neither_zero,True
single_baseline_09,dual_baseline_12,4,max_abs,0.00592772476375103,0.005976773798465729,neither_zero,True
single_baseline_09,dual_baseline_12,4,normalized_max_abs,1.975945962391235,1.9922961072686851,neither_zero,True
single_baseline_09,dual_baseline_12,4,cosine_error,0.003588309783272181,0.008942036081358573,neither_zero,True
single_baseline_09,dual_baseline_12,4,log_norm_ratio,4.930164000973909e-05,0.0001512792312364743,neither_zero,True
single_baseline_09,dual_baseline_12,5,relative_l2,0.08947127873360156,0.11086688207218229,neither_zero,True
single_baseline_09,dual_baseline_12,5,max_abs,0.005901794182136655,0.005959352012723684,neither_zero,True
single_baseline_09,dual_baseline_12,5,normalized_max_abs,1.9672989111563361,1.9864851880660115,neither_zero,True
single_baseline_09,dual_baseline_12,5,cosine_error,0.004002678947308658,0.006145754620427768,neither_zero,True
single_baseline_09,dual_baseline_12,5,log_norm_ratio,3.1122764626311246e-05,0.00010396011900955024,neither_zero,True
single_baseline_09,dual_baseline_12,6,relative_l2,0.10282461894450402,0.12145219557566955,neither_zero,True
single_baseline_09,dual_baseline_12,6,max_abs,0.0059186797589063644,0.005959737114608288,neither_zero,True
single_baseline_09,dual_baseline_12,6,normalized_max_abs,1.9729345781858574,1.9866206500891914,neither_zero,True
single_baseline_09,dual_baseline_12,6,cosine_error,0.005286728442190469,0.007375358114384278,neither_zero,True
single_baseline_09,dual_baseline_12,6,log_norm_ratio,5.2718528889671234e-05,0.0001067684111316779,neither_zero,True
single_baseline_09,dual_baseline_12,8,relative_l2,0.06752076957405162,0.10452082796646944,neither_zero,True
single_baseline_09,dual_baseline_12,8,max_abs,0.005928080063313246,0.005964341107755899,neither_zero,True
single_baseline_09,dual_baseline_12,8,normalized_max_abs,1.9760578031353313,1.9881450082768717,neither_zero,True
single_baseline_09,dual_baseline_12,8,cosine_error,0.0022795794579819617,0.005462305636124598,neither_zero,True
single_baseline_09,dual_baseline_12,8,log_norm_ratio,2.3057973837627945e-05,0.00011319355897037096,neither_zero,True
single_baseline_09,dual_baseline_12,9,relative_l2,0.07097121312457895,0.11375555232581419,neither_zero,True
single_baseline_09,dual_baseline_12,9,max_abs,0.005922403885051608,0.005957070272415876,neither_zero,True
single_baseline_09,dual_baseline_12,9,normalized_max_abs,1.974171689435344,1.9857270605934405,neither_zero,True
single_baseline_09,dual_baseline_12,9,cosine_error,0.002518462003699873,0.0064710255121182,neither_zero,True
single_baseline_09,dual_baseline_12,9,log_norm_ratio,2.1679384201955e-06,0.00018101471761390988,neither_zero,True
single_baseline_09,dual_baseline_12,10,relative_l2,0.1042754123713323,0.11462983090523451,neither_zero,True
single_baseline_09,dual_baseline_12,10,max_abs,0.005895563634112477,0.00594778242520988,neither_zero,True
single_baseline_09,dual_baseline_12,10,normalized_max_abs,1.9652401762450697,1.9826470570430124,neither_zero,True
single_baseline_09,dual_baseline_12,10,cosine_error,0.005436874953497317,0.006571025593287261,neither_zero,True
single_baseline_09,dual_baseline_12,10,log_norm_ratio,3.582685710278552e-05,0.0001985496010601438,neither_zero,True
single_baseline_09,dual_baseline_12,12,relative_l2,0.08192348086501257,0.1281904108794343,neither_zero,True
single_baseline_09,dual_baseline_12,12,max_abs,0.0057682443875819445,0.005939641036093235,neither_zero,True
single_baseline_09,dual_baseline_12,12,normalized_max_abs,1.9228619778162903,1.9799972695114094,neither_zero,True
single_baseline_09,dual_baseline_12,12,cosine_error,0.0033558563419899823,0.008216884210253905,neither_zero,True
single_baseline_09,dual_baseline_12,12,log_norm_ratio,3.8357289580318186e-05,0.0003993144073782176,neither_zero,True
single_baseline_09,dual_baseline_12,13,relative_l2,0.05729135612907164,0.08811547143108552,neither_zero,True
single_baseline_09,dual_baseline_12,13,max_abs,0.005754502955824137,0.005892634857445955,neither_zero,True
single_baseline_09,dual_baseline_12,13,normalized_max_abs,1.9182352243573026,1.9642808135823902,neither_zero,True
single_baseline_09,dual_baseline_12,13,cosine_error,0.0016412912056495976,0.003882467918829735,neither_zero,True
single_baseline_09,dual_baseline_12,13,log_norm_ratio,8.85837502897747e-05,0.00017695298734545184,neither_zero,True
single_baseline_09,dual_baseline_12,14,relative_l2,0.08249786415716862,0.09979719351372945,neither_zero,True
single_baseline_09,dual_baseline_12,14,max_abs,0.00578509527258575,0.005890344735234976,neither_zero,True
single_baseline_09,dual_baseline_12,14,normalized_max_abs,1.9284734346265628,1.9635584075632604,neither_zero,True
single_baseline_09,dual_baseline_12,14,cosine_error,0.003403899164098001,0.004980025156854584,neither_zero,True
single_baseline_09,dual_baseline_12,14,log_norm_ratio,0.0002917412387392192,0.0002657099935791046,neither_zero,False
single_baseline_09,dual_baseline_12,16,relative_l2,0.062049043218215374,0.08436554172823829,neither_zero,True
single_baseline_09,dual_baseline_12,16,max_abs,0.0056397386360913515,0.005808895919471979,neither_zero,True
single_baseline_09,dual_baseline_12,16,normalized_max_abs,1.8800383451093996,1.9364281700460415,neither_zero,True
single_baseline_09,dual_baseline_12,16,cosine_error,0.0019252326138898823,0.003559225492313911,neither_zero,True
single_baseline_09,dual_baseline_12,16,log_norm_ratio,0.00010176387401542985,0.0002576750825546444,neither_zero,True
single_baseline_09,dual_baseline_12,17,relative_l2,0.056443421590657,0.07984475971614276,neither_zero,True
single_baseline_09,dual_baseline_12,17,max_abs,0.005557507276535034,0.005828710272908211,neither_zero,True
single_baseline_09,dual_baseline_12,17,normalized_max_abs,1.8526303763144585,1.9430371665975241,neither_zero,True
single_baseline_09,dual_baseline_12,17,cosine_error,0.0015929600363450147,0.003187814275713241,neither_zero,True
single_baseline_09,dual_baseline_12,17,log_norm_ratio,1.901935317159694e-05,0.0001790272257123107,neither_zero,True
single_baseline_09,dual_baseline_12,18,relative_l2,0.05299092776957739,0.05675008870631503,neither_zero,True
single_baseline_09,dual_baseline_12,18,max_abs,0.005341927753761411,0.005600189324468374,neither_zero,True
single_baseline_09,dual_baseline_12,18,normalized_max_abs,1.7807675071045495,1.8668605919637218,neither_zero,True
single_baseline_09,dual_baseline_12,18,cosine_error,0.00140415524799542,0.0016104724420231697,neither_zero,True
single_baseline_09,dual_baseline_12,18,log_norm_ratio,0.00010048017995639088,0.00017426153486520073,neither_zero,True
single_baseline_09,dual_baseline_12,20,relative_l2,0.021521964665465815,0.03618305776935488,neither_zero,True
single_baseline_09,dual_baseline_12,20,max_abs,0.005819133948534727,0.005794270662590861,neither_zero,False
single_baseline_09,dual_baseline_12,20,normalized_max_abs,1.9397182242471316,1.9314304327498888,neither_zero,False
single_baseline_09,dual_baseline_12,20,cosine_error,0.00023159874942135783,0.0006546084234719807,neither_zero,True
single_baseline_09,dual_baseline_12,20,log_norm_ratio,5.540815252514592e-06,3.119384705013665e-05,neither_zero,True
single_baseline_09,dual_baseline_12,21,relative_l2,0.04683670370881133,0.050826764560299505,neither_zero,True
single_baseline_09,dual_baseline_12,21,max_abs,0.004536614986136556,0.005037351744249463,neither_zero,True
single_baseline_09,dual_baseline_12,21,normalized_max_abs,1.512418377463036,1.6793544432923737,neither_zero,True
single_baseline_09,dual_baseline_12,21,cosine_error,0.0010970320085516017,0.0012917344042318035,neither_zero,True
single_baseline_09,dual_baseline_12,21,log_norm_ratio,0.00019357056753377663,0.00022368858879896094,neither_zero,True
single_baseline_09,dual_baseline_12,22,relative_l2,0.05441086617522002,0.0577932887500439,neither_zero,True
single_baseline_09,dual_baseline_12,22,max_abs,0.005069575272500515,0.005380292423069477,neither_zero,True
single_baseline_09,dual_baseline_12,22,normalized_max_abs,1.6901999938209782,1.793792894607881,neither_zero,True
single_baseline_09,dual_baseline_12,22,cosine_error,0.001480310164791332,0.0016701450821178243,neither_zero,True
single_baseline_09,dual_baseline_12,22,log_norm_ratio,2.6575145116848214e-05,0.00012333987278905878,neither_zero,True
single_baseline_09,dual_baseline_12,24,relative_l2,0.022811167967205573,0.02795966456988454,neither_zero,True
single_baseline_09,dual_baseline_12,24,max_abs,0.004263603477738798,0.004742427030578256,neither_zero,True
single_baseline_09,dual_baseline_12,24,normalized_max_abs,1.421421008252096,1.5810536720436101,neither_zero,True
single_baseline_09,dual_baseline_12,24,cosine_error,0.0002601896695442196,0.0003909045336550898,neither_zero,True
single_baseline_09,dual_baseline_12,24,log_norm_ratio,6.591472334704531e-05,0.0001037535551461458,neither_zero,True
single_baseline_09,dual_baseline_12,25,relative_l2,0.005857469651185803,0.020624469441589088,neither_zero,True
single_baseline_09,dual_baseline_12,25,max_abs,0.0008916539663914591,0.0037428823998197913,neither_zero,True
single_baseline_09,dual_baseline_12,25,normalized_max_abs,0.29724246247683433,1.2477301994024919,neither_zero,True
single_baseline_09,dual_baseline_12,25,cosine_error,1.71549975646057e-05,0.00021269104683663276,neither_zero,True
single_baseline_09,dual_baseline_12,25,log_norm_ratio,3.296298395781156e-05,8.241009325611086e-05,neither_zero,True
single_baseline_09,dual_baseline_12,26,relative_l2,0.0004254662698898825,0.0030323136778769143,neither_zero,True
single_baseline_09,dual_baseline_12,26,max_abs,9.91281121969223e-05,0.0004952069721184671,neither_zero,True
single_baseline_09,dual_baseline_12,26,normalized_max_abs,0.03304740252129345,0.16509247524793977,neither_zero,True
single_baseline_09,dual_baseline_12,26,cosine_error,9.050888305495164e-08,4.597282226015409e-06,neither_zero,True
single_baseline_09,dual_baseline_12,26,log_norm_ratio,2.0359767806471574e-06,2.4824088155444077e-05,neither_zero,True
single_baseline_09,dual_baseline_12,28,relative_l2,0.0,0.0,neither_zero,True
single_baseline_09,dual_baseline_12,28,max_abs,0.0,0.0,neither_zero,True
single_baseline_09,dual_baseline_12,28,normalized_max_abs,0.0,0.0,neither_zero,True
single_baseline_09,dual_baseline_12,28,cosine_error,0.0,0.0,neither_zero,True
single_baseline_09,dual_baseline_12,28,log_norm_ratio,0.0,0.0,neither_zero,True
single_baseline_09,dual_baseline_12,29,relative_l2,0.0,0.0,neither_zero,True
single_baseline_09,dual_baseline_12,29,max_abs,0.0,0.0,neither_zero,True
single_baseline_09,dual_baseline_12,29,normalized_max_abs,0.0,0.0,neither_zero,True
single_baseline_09,dual_baseline_12,29,cosine_error,0.0,0.0,neither_zero,True
single_baseline_09,dual_baseline_12,29,log_norm_ratio,0.0,0.0,neither_zero,True
single_baseline_09,dual_baseline_12,30,relative_l2,0.0,0.0,neither_zero,True
single_baseline_09,dual_baseline_12,30,max_abs,0.0,0.0,neither_zero,True
single_baseline_09,dual_baseline_12,30,normalized_max_abs,0.0,0.0,neither_zero,True
single_baseline_09,dual_baseline_12,30,cosine_error,0.0,0.0,neither_zero,True
single_baseline_09,dual_baseline_12,30,log_norm_ratio,0.0,0.0,neither_zero,True
single_baseline_09,dual_baseline_12,global,relative_l2,0.06437985652628934,0.07576209242758418,neither_zero,True
single_baseline_09,dual_baseline_12,global,max_abs,0.0059554059989750385,0.005976773798465729,neither_zero,True
single_baseline_09,dual_baseline_12,global,normalized_max_abs,1.9851424028332176,1.9922651826504838,neither_zero,True
single_baseline_09,dual_baseline_12,global,cosine_error,0.00207241491052379,0.002869989563512809,neither_zero,True
single_baseline_09,dual_baseline_12,global,log_norm_ratio,1.5473403575357377e-05,2.5695636726825657e-05,neither_zero,True
single_baseline_09,dual_baseline_13,0,relative_l2,0.06083289151039177,0.06824693312551014,neither_zero,True
single_baseline_09,dual_baseline_13,0,max_abs,0.005891141714528203,0.0059624831192195415,neither_zero,True
single_baseline_09,dual_baseline_13,0,normalized_max_abs,1.9637352246009667,1.9875157967593196,neither_zero,True
single_baseline_09,dual_baseline_13,0,cosine_error,0.0018505505407103717,0.0023289119890768095,neither_zero,True
single_baseline_09,dual_baseline_13,0,log_norm_ratio,0.00012888948397381535,0.00013442475574679274,neither_zero,True
single_baseline_09,dual_baseline_13,1,relative_l2,0.0816234877623803,0.13775838756793352,neither_zero,True
single_baseline_09,dual_baseline_13,1,max_abs,0.005864832084625959,0.005959174828603864,neither_zero,True
single_baseline_09,dual_baseline_13,1,normalized_max_abs,1.9550057646807266,1.9864546474587708,neither_zero,True
single_baseline_09,dual_baseline_13,1,cosine_error,0.0033314931299804895,0.009490543321821088,neither_zero,True
single_baseline_09,dual_baseline_13,1,log_norm_ratio,9.01485534578196e-05,0.000354146493600735,neither_zero,True
single_baseline_09,dual_baseline_13,2,relative_l2,0.051989784771421674,0.09472783252409434,neither_zero,True
single_baseline_09,dual_baseline_13,2,max_abs,0.005845903418958187,0.005975238047540188,neither_zero,True
single_baseline_09,dual_baseline_13,2,normalized_max_abs,1.948660166156347,1.9917722774521038,neither_zero,True
single_baseline_09,dual_baseline_13,2,cosine_error,0.0013515356754495444,0.004487133243832653,neither_zero,True
single_baseline_09,dual_baseline_13,2,log_norm_ratio,5.0376555257874314e-05,0.0001280474477327828,neither_zero,True
single_baseline_09,dual_baseline_13,4,relative_l2,0.110740420351799,0.13372897703352327,neither_zero,True
single_baseline_09,dual_baseline_13,4,max_abs,0.005954560125246644,0.005976773798465729,neither_zero,True
single_baseline_09,dual_baseline_13,4,normalized_max_abs,1.9848914076473139,1.9922961072686851,neither_zero,True
single_baseline_09,dual_baseline_13,4,cosine_error,0.006132474739719118,0.008942036081358573,neither_zero,True
single_baseline_09,dual_baseline_13,4,log_norm_ratio,0.00012428250881164595,0.0001512792312364743,neither_zero,True
single_baseline_09,dual_baseline_13,5,relative_l2,0.08136012987625593,0.11086688207218229,neither_zero,True
single_baseline_09,dual_baseline_13,5,max_abs,0.005837179021909833,0.005959352012723684,neither_zero,True
single_baseline_09,dual_baseline_13,5,normalized_max_abs,1.9457599991431684,1.9864851880660115,neither_zero,True
single_baseline_09,dual_baseline_13,5,cosine_error,0.003309917911526794,0.006145754620427768,neither_zero,True
single_baseline_09,dual_baseline_13,5,log_norm_ratio,5.5619686573212336e-05,0.00010396011900955024,neither_zero,True
single_baseline_09,dual_baseline_13,6,relative_l2,0.1027459174072469,0.12145219557566955,neither_zero,True
single_baseline_09,dual_baseline_13,6,max_abs,0.005936772096902132,0.005959737114608288,neither_zero,True
single_baseline_09,dual_baseline_13,6,normalized_max_abs,1.9789654838415254,1.9866206500891914,neither_zero,True
single_baseline_09,dual_baseline_13,6,cosine_error,0.005278940474335192,0.007375358114384278,neither_zero,True
single_baseline_09,dual_baseline_13,6,log_norm_ratio,0.00011079339095922191,0.0001067684111316779,neither_zero,False
single_baseline_09,dual_baseline_13,8,relative_l2,0.07083347012507449,0.10452082796646944,neither_zero,True
single_baseline_09,dual_baseline_13,8,max_abs,0.005918171023949981,0.005964341107755899,neither_zero,True
single_baseline_09,dual_baseline_13,8,normalized_max_abs,1.9727547380035808,1.9881450082768717,neither_zero,True
single_baseline_09,dual_baseline_13,8,cosine_error,0.002508882236670784,0.005462305636124598,neither_zero,True
single_baseline_09,dual_baseline_13,8,log_norm_ratio,7.773189128178756e-05,0.00011319355897037096,neither_zero,True
single_baseline_09,dual_baseline_13,9,relative_l2,0.09511210043041249,0.11375555232581419,neither_zero,True
single_baseline_09,dual_baseline_13,9,max_abs,0.0059443069621920586,0.005957070272415876,neither_zero,True
single_baseline_09,dual_baseline_13,9,normalized_max_abs,1.981472698427999,1.9857270605934405,neither_zero,True
single_baseline_09,dual_baseline_13,9,cosine_error,0.004523432190470245,0.0064710255121182,neither_zero,True
single_baseline_09,dual_baseline_13,9,log_norm_ratio,6.151676808219736e-05,0.00018101471761390988,neither_zero,True
single_baseline_09,dual_baseline_13,10,relative_l2,0.09617010539229635,0.11462983090523451,neither_zero,True
single_baseline_09,dual_baseline_13,10,max_abs,0.005870214430615306,0.00594778242520988,neither_zero,True
single_baseline_09,dual_baseline_13,10,normalized_max_abs,1.956790216878979,1.9826470570430124,neither_zero,True
single_baseline_09,dual_baseline_13,10,cosine_error,0.004624346901029419,0.006571025593287261,neither_zero,True
single_baseline_09,dual_baseline_13,10,log_norm_ratio,5.007356188340733e-07,0.0001985496010601438,neither_zero,True
single_baseline_09,dual_baseline_13,12,relative_l2,0.08805983598785315,0.1281904108794343,neither_zero,True
single_baseline_09,dual_baseline_13,12,max_abs,0.00574684701859951,0.005939641036093235,neither_zero,True
single_baseline_09,dual_baseline_13,12,normalized_max_abs,1.9157290991660367,1.9799972695114094,neither_zero,True
single_baseline_09,dual_baseline_13,12,cosine_error,0.0038777488266942273,0.008216884210253905,neither_zero,True
single_baseline_09,dual_baseline_13,12,log_norm_ratio,0.00012622420217558156,0.0003993144073782176,neither_zero,True
single_baseline_09,dual_baseline_13,13,relative_l2,0.06877949385545615,0.08811547143108552,neither_zero,True
single_baseline_09,dual_baseline_13,13,max_abs,0.005741905886679888,0.005892634857445955,neither_zero,True
single_baseline_09,dual_baseline_13,13,normalized_max_abs,1.9140357562798567,1.9642808135823902,neither_zero,True
single_baseline_09,dual_baseline_13,13,cosine_error,0.0023655611034136825,0.003882467918829735,neither_zero,True
single_baseline_09,dual_baseline_13,13,log_norm_ratio,0.0001089218449795428,0.00017695298734545184,neither_zero,True
single_baseline_09,dual_baseline_13,14,relative_l2,0.0803990250555067,0.09979719351372945,neither_zero,True
single_baseline_09,dual_baseline_13,14,max_abs,0.005731688579544425,0.005890344735234976,neither_zero,True
single_baseline_09,dual_baseline_13,14,normalized_max_abs,1.9106699068159556,1.9635584075632604,neither_zero,True
single_baseline_09,dual_baseline_13,14,cosine_error,0.0032322591938716005,0.004980025156854584,neither_zero,True
single_baseline_09,dual_baseline_13,14,log_norm_ratio,8.070067464859911e-05,0.0002657099935791046,neither_zero,True
single_baseline_09,dual_baseline_13,16,relative_l2,0.043974594929504236,0.08436554172823829,neither_zero,True
single_baseline_09,dual_baseline_13,16,max_abs,0.005751578137278557,0.005808895919471979,neither_zero,True
single_baseline_09,dual_baseline_13,16,normalized_max_abs,1.9173203692877796,1.9364281700460415,neither_zero,True
single_baseline_09,dual_baseline_13,16,cosine_error,0.0009669825398697096,0.003559225492313911,neither_zero,True
single_baseline_09,dual_baseline_13,16,log_norm_ratio,0.00010968189865414281,0.0002576750825546444,neither_zero,True
single_baseline_09,dual_baseline_13,17,relative_l2,0.05787973868470371,0.07984475971614276,neither_zero,True
single_baseline_09,dual_baseline_13,17,max_abs,0.005288637010380626,0.005828710272908211,neither_zero,True
single_baseline_09,dual_baseline_13,17,normalized_max_abs,1.7630006272114132,1.9430371665975241,neither_zero,True
single_baseline_09,dual_baseline_13,17,cosine_error,0.0016750324907288672,0.003187814275713241,neither_zero,True
single_baseline_09,dual_baseline_13,17,log_norm_ratio,2.481487496954474e-07,0.0001790272257123107,neither_zero,True
single_baseline_09,dual_baseline_13,18,relative_l2,0.03540412257857375,0.05675008870631503,neither_zero,True
single_baseline_09,dual_baseline_13,18,max_abs,0.004781591473147273,0.005600189324468374,neither_zero,True
single_baseline_09,dual_baseline_13,18,normalized_max_abs,1.5939755195572431,1.8668605919637218,neither_zero,True
single_baseline_09,dual_baseline_13,18,cosine_error,0.0006267670061806951,0.0016104724420231697,neither_zero,True
single_baseline_09,dual_baseline_13,18,log_norm_ratio,6.934670538903188e-05,0.00017426153486520073,neither_zero,True
single_baseline_09,dual_baseline_13,20,relative_l2,0.027429144219903015,0.03618305776935488,neither_zero,True
single_baseline_09,dual_baseline_13,20,max_abs,0.005619220668449998,0.005794270662590861,neither_zero,True
single_baseline_09,dual_baseline_13,20,normalized_max_abs,1.8730802268958224,1.9314304327498888,neither_zero,True
single_baseline_09,dual_baseline_13,20,cosine_error,0.0003761836670692631,0.0006546084234719807,neither_zero,True
single_baseline_09,dual_baseline_13,20,log_norm_ratio,1.2683203102604039e-05,3.119384705013665e-05,neither_zero,True
single_baseline_09,dual_baseline_13,21,relative_l2,0.03841612570194506,0.050826764560299505,neither_zero,True
single_baseline_09,dual_baseline_13,21,max_abs,0.004703015089035034,0.005037351744249463,neither_zero,True
single_baseline_09,dual_baseline_13,21,normalized_max_abs,1.5678929051460038,1.6793544432923737,neither_zero,True
single_baseline_09,dual_baseline_13,21,cosine_error,0.0007380603312325817,0.0012917344042318035,neither_zero,True
single_baseline_09,dual_baseline_13,21,log_norm_ratio,0.00026609516996205386,0.00022368858879896094,neither_zero,False
single_baseline_09,dual_baseline_13,22,relative_l2,0.029157879843202058,0.0577932887500439,neither_zero,True
single_baseline_09,dual_baseline_13,22,max_abs,0.00397485273424536,0.005380292423069477,neither_zero,True
single_baseline_09,dual_baseline_13,22,normalized_max_abs,1.3252185168797497,1.793792894607881,neither_zero,True
single_baseline_09,dual_baseline_13,22,cosine_error,0.0004250958359343082,0.0016701450821178243,neither_zero,True
single_baseline_09,dual_baseline_13,22,log_norm_ratio,1.1584662674767736e-05,0.00012333987278905878,neither_zero,True
single_baseline_09,dual_baseline_13,24,relative_l2,0.016965697091685845,0.02795966456988454,neither_zero,True
single_baseline_09,dual_baseline_13,24,max_abs,0.0036473863292485476,0.004742427030578256,neither_zero,True
single_baseline_09,dual_baseline_13,24,normalized_max_abs,1.2159835173872608,1.5810536720436101,neither_zero,True
single_baseline_09,dual_baseline_13,24,cosine_error,0.00014392489984438317,0.0003909045336550898,neither_zero,True
single_baseline_09,dual_baseline_13,24,log_norm_ratio,6.781878979821895e-05,0.0001037535551461458,neither_zero,True
single_baseline_09,dual_baseline_13,25,relative_l2,0.014857501225935807,0.020624469441589088,neither_zero,True
single_baseline_09,dual_baseline_13,25,max_abs,0.003706582123413682,0.0037428823998197913,neither_zero,True
single_baseline_09,dual_baseline_13,25,normalized_max_abs,1.2356289191043386,1.2477301994024919,neither_zero,True
single_baseline_09,dual_baseline_13,25,cosine_error,0.00011037466418739594,0.00021269104683663276,neither_zero,True
single_baseline_09,dual_baseline_13,25,log_norm_ratio,1.9838317089255398e-05,8.241009325611086e-05,neither_zero,True
single_baseline_09,dual_baseline_13,26,relative_l2,0.0012409339956850653,0.0030323136778769143,neither_zero,True
single_baseline_09,dual_baseline_13,26,max_abs,0.0002152866218239069,0.0004952069721184671,neither_zero,True
single_baseline_09,dual_baseline_13,26,normalized_max_abs,0.07177241138952128,0.16509247524793977,neither_zero,True
single_baseline_09,dual_baseline_13,26,cosine_error,7.699578222775116e-07,4.597282226015409e-06,neither_zero,True
single_baseline_09,dual_baseline_13,26,log_norm_ratio,2.2278910050791003e-06,2.4824088155444077e-05,neither_zero,True
single_baseline_09,dual_baseline_13,28,relative_l2,0.0,0.0,neither_zero,True
single_baseline_09,dual_baseline_13,28,max_abs,0.0,0.0,neither_zero,True
single_baseline_09,dual_baseline_13,28,normalized_max_abs,0.0,0.0,neither_zero,True
single_baseline_09,dual_baseline_13,28,cosine_error,0.0,0.0,neither_zero,True
single_baseline_09,dual_baseline_13,28,log_norm_ratio,0.0,0.0,neither_zero,True
single_baseline_09,dual_baseline_13,29,relative_l2,0.0,0.0,neither_zero,True
single_baseline_09,dual_baseline_13,29,max_abs,0.0,0.0,neither_zero,True
single_baseline_09,dual_baseline_13,29,normalized_max_abs,0.0,0.0,neither_zero,True
single_baseline_09,dual_baseline_13,29,cosine_error,0.0,0.0,neither_zero,True
single_baseline_09,dual_baseline_13,29,log_norm_ratio,0.0,0.0,neither_zero,True
single_baseline_09,dual_baseline_13,30,relative_l2,0.0,0.0,neither_zero,True
single_baseline_09,dual_baseline_13,30,max_abs,0.0,0.0,neither_zero,True
single_baseline_09,dual_baseline_13,30,normalized_max_abs,0.0,0.0,neither_zero,True
single_baseline_09,dual_baseline_13,30,cosine_error,0.0,0.0,neither_zero,True
single_baseline_09,dual_baseline_13,30,log_norm_ratio,0.0,0.0,neither_zero,True
single_baseline_09,dual_baseline_13,global,relative_l2,0.06295342822570664,0.07576209242758418,neither_zero,True
single_baseline_09,dual_baseline_13,global,max_abs,0.005954560125246644,0.005976773798465729,neither_zero,True
single_baseline_09,dual_baseline_13,global,normalized_max_abs,1.9848604439195905,1.9922651826504838,neither_zero,True
single_baseline_09,dual_baseline_13,global,cosine_error,0.001981585290384169,0.002869989563512809,neither_zero,True
single_baseline_09,dual_baseline_13,global,log_norm_ratio,9.220037271210298e-06,2.5695636726825657e-05,neither_zero,True
single_baseline_09,dual_baseline_14,0,relative_l2,0.06459783473987211,0.06824693312551014,neither_zero,True
single_baseline_09,dual_baseline_14,0,max_abs,0.0059490688145160675,0.0059624831192195415,neither_zero,True
single_baseline_09,dual_baseline_14,0,normalized_max_abs,1.9830444675656407,1.9875157967593196,neither_zero,True
single_baseline_09,dual_baseline_14,0,cosine_error,0.0020864592936896686,0.0023289119890768095,neither_zero,True
single_baseline_09,dual_baseline_14,0,log_norm_ratio,9.206804488580146e-06,0.00013442475574679274,neither_zero,True
single_baseline_09,dual_baseline_14,1,relative_l2,0.12314522522877679,0.13775838756793352,neither_zero,True
single_baseline_09,dual_baseline_14,1,max_abs,0.0059108976274728775,0.005959174828603864,neither_zero,True
single_baseline_09,dual_baseline_14,1,normalized_max_abs,1.9703615834661417,1.9864546474587708,neither_zero,True
single_baseline_09,dual_baseline_14,1,cosine_error,0.007583951339214745,0.009490543321821088,neither_zero,True
single_baseline_09,dual_baseline_14,1,log_norm_ratio,0.0002110409387973528,0.000354146493600735,neither_zero,True
single_baseline_09,dual_baseline_14,2,relative_l2,0.0756904864992867,0.09472783252409434,neither_zero,True
single_baseline_09,dual_baseline_14,2,max_abs,0.005954307969659567,0.005975238047540188,neither_zero,True
single_baseline_09,dual_baseline_14,2,normalized_max_abs,1.984795492836017,1.9917722774521038,neither_zero,True
single_baseline_09,dual_baseline_14,2,cosine_error,0.0028646936058336347,0.004487133243832653,neither_zero,True
single_baseline_09,dual_baseline_14,2,log_norm_ratio,5.9520822399827864e-05,0.0001280474477327828,neither_zero,True
single_baseline_09,dual_baseline_14,4,relative_l2,0.083652281385213,0.13372897703352327,neither_zero,True
single_baseline_09,dual_baseline_14,4,max_abs,0.005931928986683488,0.005976773798465729,neither_zero,True
single_baseline_09,dual_baseline_14,4,normalized_max_abs,1.9773477037101657,1.9922961072686851,neither_zero,True
single_baseline_09,dual_baseline_14,4,cosine_error,0.003499137813519959,0.008942036081358573,neither_zero,True
single_baseline_09,dual_baseline_14,4,log_norm_ratio,8.263433567092856e-05,0.0001512792312364743,neither_zero,True
single_baseline_09,dual_baseline_14,5,relative_l2,0.07969470022418512,0.11086688207218229,neither_zero,True
single_baseline_09,dual_baseline_14,5,max_abs,0.005879823584109545,0.005959352012723684,neither_zero,True
single_baseline_09,dual_baseline_14,5,normalized_max_abs,1.9599752512247492,1.9864851880660115,neither_zero,True
single_baseline_09,dual_baseline_14,5,cosine_error,0.003175669036513118,0.006145754620427768,neither_zero,True
single_baseline_09,dual_baseline_14,5,log_norm_ratio,1.4649589689880108e-05,0.00010396011900955024,neither_zero,True
single_baseline_09,dual_baseline_14,6,relative_l2,0.09607772238917679,0.12145219557566955,neither_zero,True
single_baseline_09,dual_baseline_14,6,max_abs,0.00593369803391397,0.005959737114608288,neither_zero,True
single_baseline_09,dual_baseline_14,6,normalized_max_abs,1.97794077471518,1.9866206500891914,neither_zero,True
single_baseline_09,dual_baseline_14,6,cosine_error,0.004615574727443783,0.007375358114384278,neither_zero,True
single_baseline_09,dual_baseline_14,6,log_norm_ratio,2.397238995894815e-05,0.0001067684111316779,neither_zero,True
single_baseline_09,dual_baseline_14,8,relative_l2,0.07956877315156671,0.10452082796646944,neither_zero,True
single_baseline_09,dual_baseline_14,8,max_abs,0.005921630654484034,0.005964341107755899,neither_zero,True
single_baseline_09,dual_baseline_14,8,normalized_max_abs,1.9739078131427197,1.9881450082768717,neither_zero,True
single_baseline_09,dual_baseline_14,8,cosine_error,0.003165715428604998,0.005462305636124598,neither_zero,True
single_baseline_09,dual_baseline_14,8,log_norm_ratio,3.832782689640339e-05,0.00011319355897037096,neither_zero,True
single_baseline_09,dual_baseline_14,9,relative_l2,0.0802421583436541,0.11375555232581419,neither_zero,True
single_baseline_09,dual_baseline_14,9,max_abs,0.005918249022215605,0.005957070272415876,neither_zero,True
single_baseline_09,dual_baseline_14,9,normalized_max_abs,1.9727865560452076,1.9857270605934405,neither_zero,True
single_baseline_09,dual_baseline_14,9,cosine_error,0.003219788166638482,0.0064710255121182,neither_zero,True
single_baseline_09,dual_baseline_14,9,log_norm_ratio,0.00012226788420341837,0.00018101471761390988,neither_zero,True
single_baseline_09,dual_baseline_14,10,relative_l2,0.11281043096588282,0.11462983090523451,neither_zero,True
single_baseline_09,dual_baseline_14,10,max_abs,0.005932315951213241,0.00594778242520988,neither_zero,True
single_baseline_09,dual_baseline_14,10,normalized_max_abs,1.9774912746334585,1.9826470570430124,neither_zero,True
single_baseline_09,dual_baseline_14,10,cosine_error,0.006364184344835544,0.006571025593287261,neither_zero,True
single_baseline_09,dual_baseline_14,10,log_norm_ratio,0.00017327960225922243,0.0001985496010601438,neither_zero,True
single_baseline_09,dual_baseline_14,12,relative_l2,0.07911542676390913,0.1281904108794343,neither_zero,True
single_baseline_09,dual_baseline_14,12,max_abs,0.005822634790092707,0.005939641036093235,neither_zero,True
single_baseline_09,dual_baseline_14,12,normalized_max_abs,1.9409931854973002,1.9799972695114094,neither_zero,True
single_baseline_09,dual_baseline_14,12,cosine_error,0.003129634987918295,0.008216884210253905,neither_zero,True
single_baseline_09,dual_baseline_14,12,log_norm_ratio,3.07276672167597e-06,0.0003993144073782176,neither_zero,True
single_baseline_09,dual_baseline_14,13,relative_l2,0.06275633034242757,0.08811547143108552,neither_zero,True
single_baseline_09,dual_baseline_14,13,max_abs,0.005710436729714274,0.005892634857445955,neither_zero,True
single_baseline_09,dual_baseline_14,13,normalized_max_abs,1.9035459648717585,1.9642808135823902,neither_zero,True
single_baseline_09,dual_baseline_14,13,cosine_error,0.0019692953320218365,0.003882467918829735,neither_zero,True
single_baseline_09,dual_baseline_14,13,log_norm_ratio,6.025076089174594e-05,0.00017695298734545184,neither_zero,True
single_baseline_09,dual_baseline_14,14,relative_l2,0.0752098658289548,0.09979719351372945,neither_zero,True
single_baseline_09,dual_baseline_14,14,max_abs,0.005769994575530291,0.005890344735234976,neither_zero,True
single_baseline_09,dual_baseline_14,14,normalized_max_abs,1.9234395861342493,1.9635584075632604,neither_zero,True
single_baseline_09,dual_baseline_14,14,cosine_error,0.002828814091585641,0.004980025156854584,neither_zero,True
single_baseline_09,dual_baseline_14,14,log_norm_ratio,0.00020244466489064832,0.0002657099935791046,neither_zero,True
single_baseline_09,dual_baseline_14,16,relative_l2,0.0653793628504048,0.08436554172823829,neither_zero,True
single_baseline_09,dual_baseline_14,16,max_abs,0.005614151246845722,0.005808895919471979,neither_zero,True
single_baseline_09,dual_baseline_14,16,normalized_max_abs,1.8715086461220787,1.9364281700460415,neither_zero,True
single_baseline_09,dual_baseline_14,16,cosine_error,0.002137273537697326,0.003559225492313911,neither_zero,True
single_baseline_09,dual_baseline_14,16,log_norm_ratio,2.021221700402441e-05,0.0002576750825546444,neither_zero,True
single_baseline_09,dual_baseline_14,17,relative_l2,0.05214001468965728,0.07984475971614276,neither_zero,True
single_baseline_09,dual_baseline_14,17,max_abs,0.005183209432289004,0.005828710272908211,neither_zero,True
single_baseline_09,dual_baseline_14,17,normalized_max_abs,1.7278556766436048,1.9430371665975241,neither_zero,True
single_baseline_09,dual_baseline_14,17,cosine_error,0.0013593581266020394,0.003187814275713241,neither_zero,True
single_baseline_09,dual_baseline_14,17,log_norm_ratio,5.064509931009286e-05,0.0001790272257123107,neither_zero,True
single_baseline_09,dual_baseline_14,18,relative_l2,0.04286195702921985,0.05675008870631503,neither_zero,True
single_baseline_09,dual_baseline_14,18,max_abs,0.005072738043963909,0.005600189324468374,neither_zero,True
single_baseline_09,dual_baseline_14,18,normalized_max_abs,1.6910311775094053,1.8668605919637218,neither_zero,True
single_baseline_09,dual_baseline_14,18,cosine_error,0.0009185943989579171,0.0016104724420231697,neither_zero,True
single_baseline_09,dual_baseline_14,18,log_norm_ratio,2.2839043653172642e-05,0.00017426153486520073,neither_zero,True
single_baseline_09,dual_baseline_14,20,relative_l2,0.02878479101818689,0.03618305776935488,neither_zero,True
single_baseline_09,dual_baseline_14,20,max_abs,0.005755412392318249,0.005794270662590861,neither_zero,True
single_baseline_09,dual_baseline_14,20,normalized_max_abs,1.9184776298625301,1.9314304327498888,neither_zero,True
single_baseline_09,dual_baseline_14,20,cosine_error,0.0004142852148176779,0.0006546084234719807,neither_zero,True
single_baseline_09,dual_baseline_14,20,log_norm_ratio,7.5954826921484415e-06,3.119384705013665e-05,neither_zero,True
single_baseline_09,dual_baseline_14,21,relative_l2,0.04248952571877479,0.050826764560299505,neither_zero,True
single_baseline_09,dual_baseline_14,21,max_abs,0.004478482180275023,0.005037351744249463,neither_zero,True
single_baseline_09,dual_baseline_14,21,normalized_max_abs,1.4930380412019357,1.6793544432923737,neither_zero,True
single_baseline_09,dual_baseline_14,21,cosine_error,0.0009028484570439144,0.0012917344042318035,neither_zero,True
single_baseline_09,dual_baseline_14,21,log_norm_ratio,0.000211483047155107,0.00022368858879896094,neither_zero,True
single_baseline_09,dual_baseline_14,22,relative_l2,0.03210998601014962,0.0577932887500439,neither_zero,True
single_baseline_09,dual_baseline_14,22,max_abs,0.003993348218500614,0.005380292423069477,neither_zero,True
single_baseline_09,dual_baseline_14,22,normalized_max_abs,1.331385026849633,1.793792894607881,neither_zero,True
single_baseline_09,dual_baseline_14,22,cosine_error,0.0005155370836916751,0.0016701450821178243,neither_zero,True
single_baseline_09,dual_baseline_14,22,log_norm_ratio,2.2777088642271538e-05,0.00012333987278905878,neither_zero,True
single_baseline_09,dual_baseline_14,24,relative_l2,0.01825396959554136,0.02795966456988454,neither_zero,True
single_baseline_09,dual_baseline_14,24,max_abs,0.0042865200666710734,0.004742427030578256,neither_zero,True
single_baseline_09,dual_baseline_14,24,normalized_max_abs,1.4290609419766187,1.5810536720436101,neither_zero,True
single_baseline_09,dual_baseline_14,24,cosine_error,0.0001666158632360748,0.0003909045336550898,neither_zero,True
single_baseline_09,dual_baseline_14,24,log_norm_ratio,0.00010796708627335272,0.0001037535551461458,neither_zero,False
single_baseline_09,dual_baseline_14,25,relative_l2,0.012539781956440534,0.020624469441589088,neither_zero,True
single_baseline_09,dual_baseline_14,25,max_abs,0.003069844446144998,0.0037428823998197913,neither_zero,True
single_baseline_09,dual_baseline_14,25,normalized_max_abs,1.023365741629379,1.2477301994024919,neither_zero,True
single_baseline_09,dual_baseline_14,25,cosine_error,7.862556977789037e-05,0.00021269104683663276,neither_zero,True
single_baseline_09,dual_baseline_14,25,log_norm_ratio,4.436381122112428e-05,8.241009325611086e-05,neither_zero,True
single_baseline_09,dual_baseline_14,26,relative_l2,0.0012618403244742014,0.0030323136778769143,neither_zero,True
single_baseline_09,dual_baseline_14,26,max_abs,0.0002497269306331873,0.0004952069721184671,neither_zero,True
single_baseline_09,dual_baseline_14,26,normalized_max_abs,0.08325414672123958,0.16509247524793977,neither_zero,True
single_baseline_09,dual_baseline_14,26,cosine_error,7.961102643783136e-07,4.597282226015409e-06,neither_zero,True
single_baseline_09,dual_baseline_14,26,log_norm_ratio,5.390216372384385e-06,2.4824088155444077e-05,neither_zero,True
single_baseline_09,dual_baseline_14,28,relative_l2,0.0,0.0,neither_zero,True
single_baseline_09,dual_baseline_14,28,max_abs,0.0,0.0,neither_zero,True
single_baseline_09,dual_baseline_14,28,normalized_max_abs,0.0,0.0,neither_zero,True
single_baseline_09,dual_baseline_14,28,cosine_error,0.0,0.0,neither_zero,True
single_baseline_09,dual_baseline_14,28,log_norm_ratio,0.0,0.0,neither_zero,True
single_baseline_09,dual_baseline_14,29,relative_l2,0.0,0.0,neither_zero,True
single_baseline_09,dual_baseline_14,29,max_abs,0.0,0.0,neither_zero,True
single_baseline_09,dual_baseline_14,29,normalized_max_abs,0.0,0.0,neither_zero,True
single_baseline_09,dual_baseline_14,29,cosine_error,0.0,0.0,neither_zero,True
single_baseline_09,dual_baseline_14,29,log_norm_ratio,0.0,0.0,neither_zero,True
single_baseline_09,dual_baseline_14,30,relative_l2,0.0,0.0,neither_zero,True
single_baseline_09,dual_baseline_14,30,max_abs,0.0,0.0,neither_zero,True
single_baseline_09,dual_baseline_14,30,normalized_max_abs,0.0,0.0,neither_zero,True
single_baseline_09,dual_baseline_14,30,cosine_error,0.0,0.0,neither_zero,True
single_baseline_09,dual_baseline_14,30,log_norm_ratio,0.0,0.0,neither_zero,True
single_baseline_09,dual_baseline_14,global,relative_l2,0.06526214175088349,0.07576209242758418,neither_zero,True
single_baseline_09,dual_baseline_14,global,max_abs,0.005954307969659567,0.005976773798465729,neither_zero,True
single_baseline_09,dual_baseline_14,global,normalized_max_abs,1.98477639175789,1.9922651826504838,neither_zero,True
single_baseline_09,dual_baseline_14,global,cosine_error,0.0021295884589461744,0.002869989563512809,neither_zero,True
single_baseline_09,dual_baseline_14,global,log_norm_ratio,7.001613631831641e-06,2.5695636726825657e-05,neither_zero,True
single_baseline_09,dual_baseline_15,0,relative_l2,0.04166495832783512,0.06824693312551014,neither_zero,True
single_baseline_09,dual_baseline_15,0,max_abs,0.005877332296222448,0.0059624831192195415,neither_zero,True
single_baseline_09,dual_baseline_15,0,normalized_max_abs,1.9591321872404153,1.9875157967593196,neither_zero,True
single_baseline_09,dual_baseline_15,0,cosine_error,0.0008680406927766837,0.0023289119890768095,neither_zero,True
single_baseline_09,dual_baseline_15,0,log_norm_ratio,6.750468494408918e-05,0.00013442475574679274,neither_zero,True
single_baseline_09,dual_baseline_15,1,relative_l2,0.10749984360964797,0.13775838756793352,neither_zero,True
single_baseline_09,dual_baseline_15,1,max_abs,0.005933251231908798,0.005959174828603864,neither_zero,True
single_baseline_09,dual_baseline_15,1,normalized_max_abs,1.9778130208295335,1.9864546474587708,neither_zero,True
single_baseline_09,dual_baseline_15,1,cosine_error,0.005779244057764865,0.009490543321821088,neither_zero,True
single_baseline_09,dual_baseline_15,1,log_norm_ratio,0.0002000237505478067,0.000354146493600735,neither_zero,True
single_baseline_09,dual_baseline_15,2,relative_l2,0.08621593339407282,0.09472783252409434,neither_zero,True
single_baseline_09,dual_baseline_15,2,max_abs,0.005942631047219038,0.005975238047540188,neither_zero,True
single_baseline_09,dual_baseline_15,2,normalized_max_abs,1.9809031340349181,1.9917722774521038,neither_zero,True
single_baseline_09,dual_baseline_15,2,cosine_error,0.0037166307190971137,0.004487133243832653,neither_zero,True
single_baseline_09,dual_baseline_15,2,log_norm_ratio,1.0004713794959149e-05,0.0001280474477327828,neither_zero,True
single_baseline_09,dual_baseline_15,4,relative_l2,0.10927393186525584,0.13372897703352327,neither_zero,True
single_baseline_09,dual_baseline_15,4,max_abs,0.005930475424975157,0.005976773798465729,neither_zero,True
single_baseline_09,dual_baseline_15,4,normalized_max_abs,1.9768631738190254,1.9922961072686851,neither_zero,True
single_baseline_09,dual_baseline_15,4,cosine_error,0.005970414753667441,0.008942036081358573,neither_zero,True
single_baseline_09,dual_baseline_15,4,log_norm_ratio,3.126405877296186e-06,0.0001512792312364743,neither_zero,True
single_baseline_09,dual_baseline_15,5,relative_l2,0.08817578354242048,0.11086688207218229,neither_zero,True
single_baseline_09,dual_baseline_15,5,max_abs,0.00588895077817142,0.005959352012723684,neither_zero,True
single_baseline_09,dual_baseline_15,5,normalized_max_abs,1.9630175497581275,1.9864851880660115,neither_zero,True
single_baseline_09,dual_baseline_15,5,cosine_error,0.0038876044774803775,0.006145754620427768,neither_zero,True
single_baseline_09,dual_baseline_15,5,log_norm_ratio,3.101100414389154e-05,0.00010396011900955024,neither_zero,True
single_baseline_09,dual_baseline_15,6,relative_l2,0.09370838890695618,0.12145219557566955,neither_zero,True
single_baseline_09,dual_baseline_15,6,max_abs,0.005940983537584543,0.005959737114608288,neither_zero,True
single_baseline_09,dual_baseline_15,6,normalized_max_abs,1.980369326807316,1.9866206500891914,neither_zero,True
single_baseline_09,dual_baseline_15,6,cosine_error,0.00439097809825395,0.007375358114384278,neither_zero,True
single_baseline_09,dual_baseline_15,6,log_norm_ratio,7.97582871174371e-05,0.0001067684111316779,neither_zero,True
single_baseline_09,dual_baseline_15,8,relative_l2,0.09050631754005331,0.10452082796646944,neither_zero,True
single_baseline_09,dual_baseline_15,8,max_abs,0.005938142305240035,0.005964341107755899,neither_zero,True
single_baseline_09,dual_baseline_15,8,normalized_max_abs,1.9794120902174037,1.9881450082768717,neither_zero,True
single_baseline_09,dual_baseline_15,8,cosine_error,0.004095824786403246,0.005462305636124598,neither_zero,True
single_baseline_09,dual_baseline_15,8,log_norm_ratio,3.137912565485783e-05,0.00011319355897037096,neither_zero,True
single_baseline_09,dual_baseline_15,9,relative_l2,0.08584160250416228,0.11375555232581419,neither_zero,True
single_baseline_09,dual_baseline_15,9,max_abs,0.005921405972912908,0.005957070272415876,neither_zero,True
single_baseline_09,dual_baseline_15,9,normalized_max_abs,1.9738390458110653,1.9857270605934405,neither_zero,True
single_baseline_09,dual_baseline_15,9,cosine_error,0.003684634008625065,0.0064710255121182,neither_zero,True
single_baseline_09,dual_baseline_15,9,log_norm_ratio,6.673200687767403e-05,0.00018101471761390988,neither_zero,True
single_baseline_09,dual_baseline_15,10,relative_l2,0.11212216870405065,0.11462983090523451,neither_zero,True
single_baseline_09,dual_baseline_15,10,max_abs,0.0059330512303858995,0.00594778242520988,neither_zero,True
single_baseline_09,dual_baseline_15,10,normalized_max_abs,1.9777363742135063,1.9826470570430124,neither_zero,True
single_baseline_09,dual_baseline_15,10,cosine_error,0.0062863943827833335,0.006571025593287261,neither_zero,True
single_baseline_09,dual_baseline_15,10,log_norm_ratio,0.00011301404303908377,0.0001985496010601438,neither_zero,True
single_baseline_09,dual_baseline_15,12,relative_l2,0.07650067266206913,0.1281904108794343,neither_zero,True
single_baseline_09,dual_baseline_15,12,max_abs,0.005811832612380385,0.005939641036093235,neither_zero,True
single_baseline_09,dual_baseline_15,12,normalized_max_abs,1.9373919456485302,1.9799972695114094,neither_zero,True
single_baseline_09,dual_baseline_15,12,cosine_error,0.0029263588570243027,0.008216884210253905,neither_zero,True
single_baseline_09,dual_baseline_15,12,log_norm_ratio,6.300968360404293e-05,0.0003993144073782176,neither_zero,True
single_baseline_09,dual_baseline_15,13,relative_l2,0.05723532632523588,0.08811547143108552,neither_zero,True
single_baseline_09,dual_baseline_15,13,max_abs,0.005683900788426399,0.005892634857445955,neither_zero,True
single_baseline_09,dual_baseline_15,13,normalized_max_abs,1.8947003395100823,1.9642808135823902,neither_zero,True
single_baseline_09,dual_baseline_15,13,cosine_error,0.0016379837217088689,0.003882467918829735,neither_zero,True
single_baseline_09,dual_baseline_15,13,log_norm_ratio,2.6113470378276205e-05,0.00017695298734545184,neither_zero,True
single_baseline_09,dual_baseline_15,14,relative_l2,0.07799730063878461,0.09979719351372945,neither_zero,True
single_baseline_09,dual_baseline_15,14,max_abs,0.005769698414951563,0.005890344735234976,neither_zero,True
single_baseline_09,dual_baseline_15,14,normalized_max_abs,1.9233405618362984,1.9635584075632604,neither_zero,True
single_baseline_09,dual_baseline_15,14,cosine_error,0.0030420052907107475,0.004980025156854584,neither_zero,True
single_baseline_09,dual_baseline_15,14,log_norm_ratio,7.180220229069598e-05,0.0002657099935791046,neither_zero,True
single_baseline_09,dual_baseline_15,16,relative_l2,0.06517888005842766,0.08436554172823829,neither_zero,True
single_baseline_09,dual_baseline_15,16,max_abs,0.005634717410430312,0.005808895919471979,neither_zero,True
single_baseline_09,dual_baseline_15,16,normalized_max_abs,1.8783644915159388,1.9364281700460415,neither_zero,True
single_baseline_09,dual_baseline_15,16,cosine_error,0.002124207904365627,0.003559225492313911,neither_zero,True
single_baseline_09,dual_baseline_15,16,log_norm_ratio,3.068117053819103e-05,0.0002576750825546444,neither_zero,True
single_baseline_09,dual_baseline_15,17,relative_l2,0.05393355124822994,0.07984475971614276,neither_zero,True
single_baseline_09,dual_baseline_15,17,max_abs,0.005342697259038687,0.005828710272908211,neither_zero,True
single_baseline_09,dual_baseline_15,17,normalized_max_abs,1.7810216768608234,1.9430371665975241,neither_zero,True
single_baseline_09,dual_baseline_15,17,cosine_error,0.0014545809751375094,0.003187814275713241,neither_zero,True
single_baseline_09,dual_baseline_15,17,log_norm_ratio,0.00011974516518540783,0.0001790272257123107,neither_zero,True
single_baseline_09,dual_baseline_15,18,relative_l2,0.04235139843164279,0.05675008870631503,neither_zero,True
single_baseline_09,dual_baseline_15,18,max_abs,0.0050172952469438314,0.005600189324468374,neither_zero,True
single_baseline_09,dual_baseline_15,18,normalized_max_abs,1.6725489500581303,1.8668605919637218,neither_zero,True
single_baseline_09,dual_baseline_15,18,cosine_error,0.0008968314813651013,0.0016104724420231697,neither_zero,True
single_baseline_09,dual_baseline_15,18,log_norm_ratio,1.2358219318892373e-05,0.00017426153486520073,neither_zero,True
single_baseline_09,dual_baseline_15,20,relative_l2,0.028909135912076122,0.03618305776935488,neither_zero,True
single_baseline_09,dual_baseline_15,20,max_abs,0.0057813446037471294,0.005794270662590861,neither_zero,True
single_baseline_09,dual_baseline_15,20,normalized_max_abs,1.9271217311237316,1.9314304327498888,neither_zero,True
single_baseline_09,dual_baseline_15,20,cosine_error,0.00041787313433960804,0.0006546084234719807,neither_zero,True
single_baseline_09,dual_baseline_15,20,log_norm_ratio,9.84321179264999e-06,3.119384705013665e-05,neither_zero,True
single_baseline_09,dual_baseline_15,21,relative_l2,0.04507124740596614,0.050826764560299505,neither_zero,True
single_baseline_09,dual_baseline_15,21,max_abs,0.004542958224192262,0.005037351744249463,neither_zero,True
single_baseline_09,dual_baseline_15,21,normalized_max_abs,1.5145330885058268,1.6793544432923737,neither_zero,True
single_baseline_09,dual_baseline_15,21,cosine_error,0.0010158867805802885,0.0012917344042318035,neither_zero,True
single_baseline_09,dual_baseline_15,21,log_norm_ratio,0.00019383043732474232,0.00022368858879896094,neither_zero,True
single_baseline_09,dual_baseline_15,22,relative_l2,0.03347207036167149,0.0577932887500439,neither_zero,True
single_baseline_09,dual_baseline_15,22,max_abs,0.004250422120094299,0.005380292423069477,neither_zero,True
single_baseline_09,dual_baseline_15,22,normalized_max_abs,1.4170936414377588,1.793792894607881,neither_zero,True
single_baseline_09,dual_baseline_15,22,cosine_error,0.0005601959018963765,0.0016701450821178243,neither_zero,True
single_baseline_09,dual_baseline_15,22,log_norm_ratio,1.1096749817290255e-05,0.00012333987278905878,neither_zero,True
single_baseline_09,dual_baseline_15,24,relative_l2,0.018468906256993524,0.02795966456988454,neither_zero,True
single_baseline_09,dual_baseline_15,24,max_abs,0.004300535540096462,0.004742427030578256,neither_zero,True
single_baseline_09,dual_baseline_15,24,normalized_max_abs,1.4337334887847544,1.5810536720436101,neither_zero,True
single_baseline_09,dual_baseline_15,24,cosine_error,0.00017056255737002424,0.0003909045336550898,neither_zero,True
single_baseline_09,dual_baseline_15,24,log_norm_ratio,0.00010367122085611732,0.0001037535551461458,neither_zero,True
single_baseline_09,dual_baseline_15,25,relative_l2,0.013271738188547356,0.020624469441589088,neither_zero,True
single_baseline_09,dual_baseline_15,25,max_abs,0.0031748394249007106,0.0037428823998197913,neither_zero,True
single_baseline_09,dual_baseline_15,25,normalized_max_abs,1.0583668675849953,1.2477301994024919,neither_zero,True
single_baseline_09,dual_baseline_15,25,cosine_error,8.807252219089623e-05,0.00021269104683663276,neither_zero,True
single_baseline_09,dual_baseline_15,25,log_norm_ratio,4.627731626085092e-05,8.241009325611086e-05,neither_zero,True
single_baseline_09,dual_baseline_15,26,relative_l2,0.0009018002094199569,0.0030323136778769143,neither_zero,True
single_baseline_09,dual_baseline_15,26,max_abs,0.0001361621543765068,0.0004952069721184671,neither_zero,True
single_baseline_09,dual_baseline_15,26,normalized_max_abs,0.04539383858040048,0.16509247524793977,neither_zero,True
single_baseline_09,dual_baseline_15,26,cosine_error,4.066202200503355e-07,4.597282226015409e-06,neither_zero,True
single_baseline_09,dual_baseline_15,26,log_norm_ratio,2.233935611057281e-06,2.4824088155444077e-05,neither_zero,True
single_baseline_09,dual_baseline_15,28,relative_l2,0.0,0.0,neither_zero,True
single_baseline_09,dual_baseline_15,28,max_abs,0.0,0.0,neither_zero,True
single_baseline_09,dual_baseline_15,28,normalized_max_abs,0.0,0.0,neither_zero,True
single_baseline_09,dual_baseline_15,28,cosine_error,0.0,0.0,neither_zero,True
single_baseline_09,dual_baseline_15,28,log_norm_ratio,0.0,0.0,neither_zero,True
single_baseline_09,dual_baseline_15,29,relative_l2,0.0,0.0,neither_zero,True
single_baseline_09,dual_baseline_15,29,max_abs,0.0,0.0,neither_zero,True
single_baseline_09,dual_baseline_15,29,normalized_max_abs,0.0,0.0,neither_zero,True
single_baseline_09,dual_baseline_15,29,cosine_error,0.0,0.0,neither_zero,True
single_baseline_09,dual_baseline_15,29,log_norm_ratio,0.0,0.0,neither_zero,True
single_baseline_09,dual_baseline_15,30,relative_l2,0.0,0.0,neither_zero,True
single_baseline_09,dual_baseline_15,30,max_abs,0.0,0.0,neither_zero,True
single_baseline_09,dual_baseline_15,30,normalized_max_abs,0.0,0.0,neither_zero,True
single_baseline_09,dual_baseline_15,30,cosine_error,0.0,0.0,neither_zero,True
single_baseline_09,dual_baseline_15,30,log_norm_ratio,0.0,0.0,neither_zero,True
single_baseline_09,dual_baseline_15,global,relative_l2,0.06654162161015048,0.07576209242758418,neither_zero,True
single_baseline_09,dual_baseline_15,global,max_abs,0.005942631047219038,0.005976773798465729,neither_zero,True
single_baseline_09,dual_baseline_15,global,normalized_max_abs,1.980884070415688,1.9922651826504838,neither_zero,True
single_baseline_09,dual_baseline_15,global,cosine_error,0.002213918365398082,0.002869989563512809,neither_zero,True
single_baseline_09,dual_baseline_15,global,log_norm_ratio,1.1167820857178326e-05,2.5695636726825657e-05,neither_zero,True
single_baseline_10,dual_baseline_11,0,relative_l2,0.054832541861324156,0.06824693312551014,neither_zero,True
single_baseline_10,dual_baseline_11,0,max_abs,0.0059415309224277735,0.0059624831192195415,neither_zero,True
single_baseline_10,dual_baseline_11,0,normalized_max_abs,1.9805318095902742,1.9875157967593196,neither_zero,True
single_baseline_10,dual_baseline_11,0,cosine_error,0.0015033715133171421,0.0023289119890768095,neither_zero,True
single_baseline_10,dual_baseline_11,0,log_norm_ratio,4.5721625756689295e-05,0.00013442475574679274,neither_zero,True
single_baseline_10,dual_baseline_11,1,relative_l2,0.10058264689153051,0.13775838756793352,neither_zero,True
single_baseline_10,dual_baseline_11,1,max_abs,0.005919666728004813,0.005959174828603864,neither_zero,True
single_baseline_10,dual_baseline_11,1,normalized_max_abs,1.9732856284238847,1.9864546474587708,neither_zero,True
single_baseline_10,dual_baseline_11,1,cosine_error,0.005058551668456923,0.009490543321821088,neither_zero,True
single_baseline_10,dual_baseline_11,1,log_norm_ratio,2.323032292429305e-05,0.000354146493600735,neither_zero,True
single_baseline_10,dual_baseline_11,2,relative_l2,0.05771190245078887,0.09472783252409434,neither_zero,True
single_baseline_10,dual_baseline_11,2,max_abs,0.005879609612748027,0.005975238047540188,neither_zero,True
single_baseline_10,dual_baseline_11,2,normalized_max_abs,1.9598957122274643,1.9917722774521038,neither_zero,True
single_baseline_10,dual_baseline_11,2,cosine_error,0.0016653501562835515,0.004487133243832653,neither_zero,True
single_baseline_10,dual_baseline_11,2,log_norm_ratio,1.1033723267498707e-05,0.0001280474477327828,neither_zero,True
single_baseline_10,dual_baseline_11,4,relative_l2,0.0866366741404875,0.13372897703352327,neither_zero,True
single_baseline_10,dual_baseline_11,4,max_abs,0.005961464950814843,0.005976773798465729,neither_zero,True
single_baseline_10,dual_baseline_11,4,normalized_max_abs,1.9871930602720833,1.9922961072686851,neither_zero,True
single_baseline_10,dual_baseline_11,4,cosine_error,0.0037534779797555595,0.008942036081358573,neither_zero,True
single_baseline_10,dual_baseline_11,4,log_norm_ratio,0.00014157111976192927,0.0001512792312364743,neither_zero,True
single_baseline_10,dual_baseline_11,5,relative_l2,0.09531842381003908,0.11086688207218229,neither_zero,True
single_baseline_10,dual_baseline_11,5,max_abs,0.005916182650253177,0.005959352012723684,neither_zero,True
single_baseline_10,dual_baseline_11,5,normalized_max_abs,1.9720951505346118,1.9864851880660115,neither_zero,True
single_baseline_10,dual_baseline_11,5,cosine_error,0.004543039193617648,0.006145754620427768,neither_zero,True
single_baseline_10,dual_baseline_11,5,log_norm_ratio,5.2747108211258905e-05,0.00010396011900955024,neither_zero,True
single_baseline_10,dual_baseline_11,6,relative_l2,0.10572951146030947,0.12145219557566955,neither_zero,True
single_baseline_10,dual_baseline_11,6,max_abs,0.005945685552433133,0.005959737114608288,neither_zero,True
single_baseline_10,dual_baseline_11,6,normalized_max_abs,1.9819368517422036,1.9866206500891914,neither_zero,True
single_baseline_10,dual_baseline_11,6,cosine_error,0.005589795709028289,0.007375358114384278,neither_zero,True
single_baseline_10,dual_baseline_11,6,log_norm_ratio,7.763112294576299e-05,0.0001067684111316779,neither_zero,True
single_baseline_10,dual_baseline_11,8,relative_l2,0.0708334006847697,0.10452082796646944,neither_zero,True
single_baseline_10,dual_baseline_11,8,max_abs,0.0059463451616466045,0.005964341107755899,neither_zero,True
single_baseline_10,dual_baseline_11,8,normalized_max_abs,1.9821461112792693,1.9881450082768717,neither_zero,True
single_baseline_10,dual_baseline_11,8,cosine_error,0.002508784683527221,0.005462305636124598,neither_zero,True
single_baseline_10,dual_baseline_11,8,log_norm_ratio,3.9922159330032385e-05,0.00011319355897037096,neither_zero,True
single_baseline_10,dual_baseline_11,9,relative_l2,0.0887421585416623,0.11375555232581419,neither_zero,True
single_baseline_10,dual_baseline_11,9,max_abs,0.005922569893300533,0.005957070272415876,neither_zero,True
single_baseline_10,dual_baseline_11,9,normalized_max_abs,1.9742270265571618,1.9857270605934405,neither_zero,True
single_baseline_10,dual_baseline_11,9,cosine_error,0.003937768864532232,0.0064710255121182,neither_zero,True
single_baseline_10,dual_baseline_11,9,log_norm_ratio,4.688353570175131e-05,0.00018101471761390988,neither_zero,True
single_baseline_10,dual_baseline_11,10,relative_l2,0.09545554358189612,0.11462983090523451,neither_zero,True
single_baseline_10,dual_baseline_11,10,max_abs,0.00590586313046515,0.00594778242520988,neither_zero,True
single_baseline_10,dual_baseline_11,10,normalized_max_abs,1.9686734330604563,1.9826470570430124,neither_zero,True
single_baseline_10,dual_baseline_11,10,cosine_error,0.004556260617258223,0.006571025593287261,neither_zero,True
single_baseline_10,dual_baseline_11,10,log_norm_ratio,8.423142689481396e-05,0.0001985496010601438,neither_zero,True
single_baseline_10,dual_baseline_11,12,relative_l2,0.08817281421532044,0.1281904108794343,neither_zero,True
single_baseline_10,dual_baseline_11,12,max_abs,0.005820621270686388,0.005939641036093235,neither_zero,True
single_baseline_10,dual_baseline_11,12,normalized_max_abs,1.9403221232184877,1.9799972695114094,neither_zero,True
single_baseline_10,dual_baseline_11,12,cosine_error,0.0038874903363806945,0.008216884210253905,neither_zero,True
single_baseline_10,dual_baseline_11,12,log_norm_ratio,6.949916863538287e-05,0.0003993144073782176,neither_zero,True
single_baseline_10,dual_baseline_11,13,relative_l2,0.06683837814949332,0.08811547143108552,neither_zero,True
single_baseline_10,dual_baseline_11,13,max_abs,0.005767166614532471,0.005892634857445955,neither_zero,True
single_baseline_10,dual_baseline_11,13,normalized_max_abs,1.9224564434226097,1.9642808135823902,neither_zero,True
single_baseline_10,dual_baseline_11,13,cosine_error,0.002233946187421565,0.003882467918829735,neither_zero,True
single_baseline_10,dual_baseline_11,13,log_norm_ratio,0.00012044110881510648,0.00017695298734545184,neither_zero,True
single_baseline_10,dual_baseline_11,14,relative_l2,0.07401583564247165,0.09979719351372945,neither_zero,True
single_baseline_10,dual_baseline_11,14,max_abs,0.00579859665594995,0.005890344735234976,neither_zero,True
single_baseline_10,dual_baseline_11,14,normalized_max_abs,1.9329739985760832,1.9635584075632604,neither_zero,True
single_baseline_10,dual_baseline_11,14,cosine_error,0.002739430236381235,0.004980025156854584,neither_zero,True
single_baseline_10,dual_baseline_11,14,log_norm_ratio,9.596532027976786e-05,0.0002657099935791046,neither_zero,True
single_baseline_10,dual_baseline_11,16,relative_l2,0.053406553875920165,0.08436554172823829,neither_zero,True
single_baseline_10,dual_baseline_11,16,max_abs,0.005246204556897283,0.005808895919471979,neither_zero,True
single_baseline_10,dual_baseline_11,16,normalized_max_abs,1.7488516995560632,1.9364281700460415,neither_zero,True
single_baseline_10,dual_baseline_11,16,cosine_error,0.0014261519142650947,0.003559225492313911,neither_zero,True
single_baseline_10,dual_baseline_11,16,log_norm_ratio,1.545091398278163e-05,0.0002576750825546444,neither_zero,True
single_baseline_10,dual_baseline_11,17,relative_l2,0.05235026046724412,0.07984475971614276,neither_zero,True
single_baseline_10,dual_baseline_11,17,max_abs,0.005400663940235972,0.005828710272908211,neither_zero,True
single_baseline_10,dual_baseline_11,17,normalized_max_abs,1.8003453737321304,1.9430371665975241,neither_zero,True
single_baseline_10,dual_baseline_11,17,cosine_error,0.0013704118596934434,0.003187814275713241,neither_zero,True
single_baseline_10,dual_baseline_11,17,log_norm_ratio,0.00010389435447132681,0.0001790272257123107,neither_zero,True
single_baseline_10,dual_baseline_11,18,relative_l2,0.04296229336899654,0.05675008870631503,neither_zero,True
single_baseline_10,dual_baseline_11,18,max_abs,0.004748012404888868,0.005600189324468374,neither_zero,True
single_baseline_10,dual_baseline_11,18,normalized_max_abs,1.5827818352657304,1.8668605919637218,neither_zero,True
single_baseline_10,dual_baseline_11,18,cosine_error,0.0009229148076550509,0.0016104724420231697,neither_zero,True
single_baseline_10,dual_baseline_11,18,log_norm_ratio,3.9282198699013665e-05,0.00017426153486520073,neither_zero,True
single_baseline_10,dual_baseline_11,20,relative_l2,0.02119832375088728,0.03618305776935488,neither_zero,True
single_baseline_10,dual_baseline_11,20,max_abs,0.005503952736034989,0.005794270662590861,neither_zero,True
single_baseline_10,dual_baseline_11,20,normalized_max_abs,1.8346574459194578,1.9314304327498888,neither_zero,True
single_baseline_10,dual_baseline_11,20,cosine_error,0.00022469468093666567,0.0006546084234719807,neither_zero,True
single_baseline_10,dual_baseline_11,20,log_norm_ratio,5.133028359156805e-05,3.119384705013665e-05,neither_zero,False
single_baseline_10,dual_baseline_11,21,relative_l2,0.04086077931087895,0.050826764560299505,neither_zero,True
single_baseline_10,dual_baseline_11,21,max_abs,0.004463417222723365,0.005037351744249463,neither_zero,True
single_baseline_10,dual_baseline_11,21,normalized_max_abs,1.4880160266010902,1.6793544432923737,neither_zero,True
single_baseline_10,dual_baseline_11,21,cosine_error,0.0008348018905612875,0.0012917344042318035,neither_zero,True
single_baseline_10,dual_baseline_11,21,log_norm_ratio,2.966712272932609e-07,0.00022368858879896094,neither_zero,True
single_baseline_10,dual_baseline_11,22,relative_l2,0.051129532364491886,0.0577932887500439,neither_zero,True
single_baseline_10,dual_baseline_11,22,max_abs,0.005035859765484929,0.005380292423069477,neither_zero,True
single_baseline_10,dual_baseline_11,22,normalized_max_abs,1.678959089522763,1.793792894607881,neither_zero,True
single_baseline_10,dual_baseline_11,22,cosine_error,0.0013071766326496759,0.0016701450821178243,neither_zero,True
single_baseline_10,dual_baseline_11,22,log_norm_ratio,4.839853154125963e-05,0.00012333987278905878,neither_zero,True
single_baseline_10,dual_baseline_11,24,relative_l2,0.009598078939844054,0.02795966456988454,neither_zero,True
single_baseline_10,dual_baseline_11,24,max_abs,0.0018796302028931677,0.004742427030578256,neither_zero,True
single_baseline_10,dual_baseline_11,24,normalized_max_abs,0.6266402738201229,1.5810536720436101,neither_zero,True
single_baseline_10,dual_baseline_11,24,cosine_error,4.606262038309161e-05,0.0003909045336550898,neither_zero,True
single_baseline_10,dual_baseline_11,24,log_norm_ratio,4.548972518203367e-05,0.0001037535551461458,neither_zero,True
single_baseline_10,dual_baseline_11,25,relative_l2,0.006524153568387833,0.020624469441589088,neither_zero,True
single_baseline_10,dual_baseline_11,25,max_abs,0.001618143855012022,0.0037428823998197913,neither_zero,True
single_baseline_10,dual_baseline_11,25,normalized_max_abs,0.5394256571525792,1.2477301994024919,neither_zero,True
single_baseline_10,dual_baseline_11,25,cosine_error,2.1282513602005615e-05,0.00021269104683663276,neither_zero,True
single_baseline_10,dual_baseline_11,25,log_norm_ratio,2.36324726565628e-05,8.241009325611086e-05,neither_zero,True
single_baseline_10,dual_baseline_11,26,relative_l2,0.0014309136729255313,0.0030323136778769143,neither_zero,True
single_baseline_10,dual_baseline_11,26,max_abs,0.0002599218860268593,0.0004952069721184671,neither_zero,True
single_baseline_10,dual_baseline_11,26,normalized_max_abs,0.08665294840437877,0.16509247524793977,neither_zero,True
single_baseline_10,dual_baseline_11,26,cosine_error,1.0237258091239099e-06,4.597282226015409e-06,neither_zero,True
single_baseline_10,dual_baseline_11,26,log_norm_ratio,8.98396053188352e-06,2.4824088155444077e-05,neither_zero,True
single_baseline_10,dual_baseline_11,28,relative_l2,0.0,0.0,neither_zero,True
single_baseline_10,dual_baseline_11,28,max_abs,0.0,0.0,neither_zero,True
single_baseline_10,dual_baseline_11,28,normalized_max_abs,0.0,0.0,neither_zero,True
single_baseline_10,dual_baseline_11,28,cosine_error,0.0,0.0,neither_zero,True
single_baseline_10,dual_baseline_11,28,log_norm_ratio,0.0,0.0,neither_zero,True
single_baseline_10,dual_baseline_11,29,relative_l2,0.0,0.0,neither_zero,True
single_baseline_10,dual_baseline_11,29,max_abs,0.0,0.0,neither_zero,True
single_baseline_10,dual_baseline_11,29,normalized_max_abs,0.0,0.0,neither_zero,True
single_baseline_10,dual_baseline_11,29,cosine_error,0.0,0.0,neither_zero,True
single_baseline_10,dual_baseline_11,29,log_norm_ratio,0.0,0.0,neither_zero,True
single_baseline_10,dual_baseline_11,30,relative_l2,0.0,0.0,neither_zero,True
single_baseline_10,dual_baseline_11,30,max_abs,0.0,0.0,neither_zero,True
single_baseline_10,dual_baseline_11,30,normalized_max_abs,0.0,0.0,neither_zero,True
single_baseline_10,dual_baseline_11,30,cosine_error,0.0,0.0,neither_zero,True
single_baseline_10,dual_baseline_11,30,log_norm_ratio,0.0,0.0,neither_zero,True
single_baseline_10,dual_baseline_11,global,relative_l2,0.06339976644100362,0.07576209242758418,neither_zero,True
single_baseline_10,dual_baseline_11,global,max_abs,0.005961464950814843,0.005976773798465729,neither_zero,True
single_baseline_10,dual_baseline_11,global,normalized_max_abs,1.9871620606392497,1.9922651826504838,neither_zero,True
single_baseline_10,dual_baseline_11,global,cosine_error,0.0020097657981789085,0.002869989563512809,neither_zero,True
single_baseline_10,dual_baseline_11,global,log_norm_ratio,3.01448090351106e-07,2.5695636726825657e-05,neither_zero,True
single_baseline_10,dual_baseline_12,0,relative_l2,0.030159195577302254,0.06824693312551014,neither_zero,True
single_baseline_10,dual_baseline_12,0,max_abs,0.005476025165989995,0.0059624831192195415,neither_zero,True
single_baseline_10,dual_baseline_12,0,normalized_max_abs,1.8253615394680942,1.9875157967593196,neither_zero,True
single_baseline_10,dual_baseline_12,0,cosine_error,0.0004548324423081507,0.0023289119890768095,neither_zero,True
single_baseline_10,dual_baseline_12,0,log_norm_ratio,0.00010977934271375297,0.00013442475574679274,neither_zero,True
single_baseline_10,dual_baseline_12,1,relative_l2,0.0980446834032898,0.13775838756793352,neither_zero,True
single_baseline_10,dual_baseline_12,1,max_abs,0.00592867867089808,0.005959174828603864,neither_zero,True
single_baseline_10,dual_baseline_12,1,normalized_max_abs,1.976289552499909,1.9864546474587708,neither_zero,True
single_baseline_10,dual_baseline_12,1,cosine_error,0.004806757447894383,0.009490543321821088,neither_zero,True
single_baseline_10,dual_baseline_12,1,log_norm_ratio,7.918562102473555e-05,0.000354146493600735,neither_zero,True
single_baseline_10,dual_baseline_12,2,relative_l2,0.05598888692294972,0.09472783252409434,neither_zero,True
single_baseline_10,dual_baseline_12,2,max_abs,0.005931332474574447,0.005975238047540188,neither_zero,True
single_baseline_10,dual_baseline_12,2,normalized_max_abs,1.9771367400473103,1.9917722774521038,neither_zero,True
single_baseline_10,dual_baseline_12,2,cosine_error,0.0015675404009549698,0.004487133243832653,neither_zero,True
single_baseline_10,dual_baseline_12,2,log_norm_ratio,0.00010746403189665678,0.0001280474477327828,neither_zero,True
single_baseline_10,dual_baseline_12,4,relative_l2,0.09348354534394977,0.13372897703352327,neither_zero,True
single_baseline_10,dual_baseline_12,4,max_abs,0.005948044126853347,0.005976773798465729,neither_zero,True
single_baseline_10,dual_baseline_12,4,normalized_max_abs,1.9827192126821236,1.9922961072686851,neither_zero,True
single_baseline_10,dual_baseline_12,4,cosine_error,0.004369806357045647,0.008942036081358573,neither_zero,True
single_baseline_10,dual_baseline_12,4,log_norm_ratio,5.057812426468701e-05,0.0001512792312364743,neither_zero,True
single_baseline_10,dual_baseline_12,5,relative_l2,0.08842056930675692,0.11086688207218229,neither_zero,True
single_baseline_10,dual_baseline_12,5,max_abs,0.005910743726417422,0.005959352012723684,neither_zero,True
single_baseline_10,dual_baseline_12,5,normalized_max_abs,1.970282144419907,1.9864851880660115,neither_zero,True
single_baseline_10,dual_baseline_12,5,cosine_error,0.003909217453481939,0.006145754620427768,neither_zero,True
single_baseline_10,dual_baseline_12,5,log_norm_ratio,3.053893567262115e-05,0.00010396011900955024,neither_zero,True
single_baseline_10,dual_baseline_12,6,relative_l2,0.09354384093259621,0.12145219557566955,neither_zero,True
single_baseline_10,dual_baseline_12,6,max_abs,0.005949325626716018,0.005959737114608288,neither_zero,True
single_baseline_10,dual_baseline_12,6,normalized_max_abs,1.9831500814303427,1.9866206500891914,neither_zero,True
single_baseline_10,dual_baseline_12,6,cosine_error,0.004375456059022009,0.007375358114384278,neither_zero,True
single_baseline_10,dual_baseline_12,6,log_norm_ratio,5.31115671637674e-05,0.0001067684111316779,neither_zero,True
single_baseline_10,dual_baseline_12,8,relative_l2,0.08213989719467951,0.10452082796646944,neither_zero,True
single_baseline_10,dual_baseline_12,8,max_abs,0.005913157947361469,0.005964341107755899,neither_zero,True
single_baseline_10,dual_baseline_12,8,normalized_max_abs,1.9710835331827672,1.9881450082768717,neither_zero,True
single_baseline_10,dual_baseline_12,8,cosine_error,0.0033734852023917794,0.005462305636124598,neither_zero,True
single_baseline_10,dual_baseline_12,8,log_norm_ratio,1.1405031210501189e-06,0.00011319355897037096,neither_zero,True
single_baseline_10,dual_baseline_12,9,relative_l2,0.08203897267958475,0.11375555232581419,neither_zero,True
single_baseline_10,dual_baseline_12,9,max_abs,0.005916263908147812,0.005957070272415876,neither_zero,True
single_baseline_10,dual_baseline_12,9,normalized_max_abs,1.9721249920448036,1.9857270605934405,neither_zero,True
single_baseline_10,dual_baseline_12,9,cosine_error,0.003365208864972158,0.0064710255121182,neither_zero,True
single_baseline_10,dual_baseline_12,9,log_norm_ratio,3.670670485259249e-06,0.00018101471761390988,neither_zero,True
single_baseline_10,dual_baseline_12,10,relative_l2,0.11674774823151234,0.11462983090523451,neither_zero,False
single_baseline_10,dual_baseline_12,10,max_abs,0.0059194371569901705,0.00594778242520988,neither_zero,True
single_baseline_10,dual_baseline_12,10,normalized_max_abs,1.9731983821253318,1.9826470570430124,neither_zero,True
single_baseline_10,dual_baseline_12,10,cosine_error,0.006815330591504187,0.006571025593287261,neither_zero,False
single_baseline_10,dual_baseline_12,10,log_norm_ratio,4.5969404321161844e-05,0.0001985496010601438,neither_zero,True
single_baseline_10,dual_baseline_12,12,relative_l2,0.08035781639247351,0.1281904108794343,neither_zero,True
single_baseline_10,dual_baseline_12,12,max_abs,0.005804911954328418,0.005939641036093235,neither_zero,True
single_baseline_10,dual_baseline_12,12,normalized_max_abs,1.9350853739691394,1.9799972695114094,neither_zero,True
single_baseline_10,dual_baseline_12,12,cosine_error,0.0032289382658560184,0.008216884210253905,neither_zero,True
single_baseline_10,dual_baseline_12,12,log_norm_ratio,7.80420783288119e-05,0.0003993144073782176,neither_zero,True
single_baseline_10,dual_baseline_12,13,relative_l2,0.07311914486074958,0.08811547143108552,neither_zero,True
single_baseline_10,dual_baseline_12,13,max_abs,0.005788534181192517,0.005892634857445955,neither_zero,True
single_baseline_10,dual_baseline_12,13,normalized_max_abs,1.92957921599907,1.9642808135823902,neither_zero,True
single_baseline_10,dual_baseline_12,13,cosine_error,0.002673576913462372,0.003882467918829735,neither_zero,True
single_baseline_10,dual_baseline_12,13,log_norm_ratio,0.00014306709190608344,0.00017695298734545184,neither_zero,True
single_baseline_10,dual_baseline_12,14,relative_l2,0.07996327292750281,0.09979719351372945,neither_zero,True
single_baseline_10,dual_baseline_12,14,max_abs,0.005831795046105981,0.005890344735234976,neither_zero,True
single_baseline_10,dual_baseline_12,14,normalized_max_abs,1.944040900397371,1.9635584075632604,neither_zero,True
single_baseline_10,dual_baseline_12,14,cosine_error,0.00319727078365728,0.004980025156854584,neither_zero,True
single_baseline_10,dual_baseline_12,14,log_norm_ratio,6.58211422175878e-05,0.0002657099935791046,neither_zero,True
single_baseline_10,dual_baseline_12,16,relative_l2,0.06369778958840693,0.08436554172823829,neither_zero,True
single_baseline_10,dual_baseline_12,16,max_abs,0.005540492478758097,0.005808895919471979,neither_zero,True
single_baseline_10,dual_baseline_12,16,normalized_max_abs,1.8469542281028133,1.9364281700460415,neither_zero,True
single_baseline_10,dual_baseline_12,16,cosine_error,0.0020289695820780995,0.003559225492313911,neither_zero,True
single_baseline_10,dual_baseline_12,16,log_norm_ratio,0.00013531777142367814,0.0002576750825546444,neither_zero,True
single_baseline_10,dual_baseline_12,17,relative_l2,0.057168476770910956,0.07984475971614276,neither_zero,True
single_baseline_10,dual_baseline_12,17,max_abs,0.005409270757809281,0.005828710272908211,neither_zero,True
single_baseline_10,dual_baseline_12,17,normalized_max_abs,1.8032145106330992,1.9430371665975241,neither_zero,True
single_baseline_10,dual_baseline_12,17,cosine_error,0.0016341881517012435,0.003187814275713241,neither_zero,True
single_baseline_10,dual_baseline_12,17,log_norm_ratio,4.3904922518127615e-05,0.0001790272257123107,neither_zero,True
single_baseline_10,dual_baseline_12,18,relative_l2,0.05031365422495798,0.05675008870631503,neither_zero,True
single_baseline_10,dual_baseline_12,18,max_abs,0.005521594081073999,0.005600189324468374,neither_zero,True
single_baseline_10,dual_baseline_12,18,normalized_max_abs,1.8406606272882553,1.8668605919637218,neither_zero,True
single_baseline_10,dual_baseline_12,18,cosine_error,0.0012658349038531247,0.0016104724420231697,neither_zero,True
single_baseline_10,dual_baseline_12,18,log_norm_ratio,8.417362047114203e-05,0.00017426153486520073,neither_zero,True
single_baseline_10,dual_baseline_12,20,relative_l2,0.0002670774380537199,0.03618305776935488,neither_zero,True
single_baseline_10,dual_baseline_12,20,max_abs,5.7884491980075836e-05,0.005794270662590861,neither_zero,True
single_baseline_10,dual_baseline_12,20,normalized_max_abs,0.01929489937644627,1.9314304327498888,neither_zero,True
single_baseline_10,dual_baseline_12,20,cosine_error,3.566517836617322e-08,0.0006546084234719807,neither_zero,True
single_baseline_10,dual_baseline_12,20,log_norm_ratio,3.38263859315378e-08,3.119384705013665e-05,neither_zero,True
single_baseline_10,dual_baseline_12,21,relative_l2,0.04169511428378029,0.050826764560299505,neither_zero,True
single_baseline_10,dual_baseline_12,21,max_abs,0.004258266882970929,0.005037351744249463,neither_zero,True
single_baseline_10,dual_baseline_12,21,normalized_max_abs,1.4196229147360013,1.6793544432923737,neither_zero,True
single_baseline_10,dual_baseline_12,21,cosine_error,0.0008692509642009849,0.0012917344042318035,neither_zero,True
single_baseline_10,dual_baseline_12,21,log_norm_ratio,1.121608078424211e-05,0.00022368858879896094,neither_zero,True
single_baseline_10,dual_baseline_12,22,relative_l2,0.050704411119808716,0.0577932887500439,neither_zero,True
single_baseline_10,dual_baseline_12,22,max_abs,0.005015520146116614,0.005380292423069477,neither_zero,True
single_baseline_10,dual_baseline_12,22,normalized_max_abs,1.672177846516371,1.793792894607881,neither_zero,True
single_baseline_10,dual_baseline_12,22,cosine_error,0.0012854945395754935,0.0016701450821178243,neither_zero,True
single_baseline_10,dual_baseline_12,22,log_norm_ratio,2.0297503469142606e-05,0.00012333987278905878,neither_zero,True
single_baseline_10,dual_baseline_12,24,relative_l2,0.012894175966407207,0.02795966456988454,neither_zero,True
single_baseline_10,dual_baseline_12,24,max_abs,0.00256906432332471,0.004742427030578256,neither_zero,True
single_baseline_10,dual_baseline_12,24,normalized_max_abs,0.8564871795269857,1.5810536720436101,neither_zero,True
single_baseline_10,dual_baseline_12,24,cosine_error,8.313223794698121e-05,0.0003909045336550898,neither_zero,True
single_baseline_10,dual_baseline_12,24,log_norm_ratio,3.613371401506761e-05,0.0001037535551461458,neither_zero,True
single_baseline_10,dual_baseline_12,25,relative_l2,0.009423284401224955,0.020624469441589088,neither_zero,True
single_baseline_10,dual_baseline_12,25,max_abs,0.002471208747010678,0.0037428823998197913,neither_zero,True
single_baseline_10,dual_baseline_12,25,normalized_max_abs,0.8238040135853886,1.2477301994024919,neither_zero,True
single_baseline_10,dual_baseline_12,25,cosine_error,4.439976904502263e-05,0.00021269104683663276,neither_zero,True
single_baseline_10,dual_baseline_12,25,log_norm_ratio,1.7527030759022574e-05,8.241009325611086e-05,neither_zero,True
single_baseline_10,dual_baseline_12,26,relative_l2,0.0013718006468870477,0.0030323136778769143,neither_zero,True
single_baseline_10,dual_baseline_12,26,max_abs,0.00025294232182204723,0.0004952069721184671,neither_zero,True
single_baseline_10,dual_baseline_12,26,normalized_max_abs,0.08432609618670084,0.16509247524793977,neither_zero,True
single_baseline_10,dual_baseline_12,26,cosine_error,9.408919515729863e-07,4.597282226015409e-06,neither_zero,True
single_baseline_10,dual_baseline_12,26,log_norm_ratio,8.288878071827975e-06,2.4824088155444077e-05,neither_zero,True
single_baseline_10,dual_baseline_12,28,relative_l2,0.0,0.0,neither_zero,True
single_baseline_10,dual_baseline_12,28,max_abs,0.0,0.0,neither_zero,True
single_baseline_10,dual_baseline_12,28,normalized_max_abs,0.0,0.0,neither_zero,True
single_baseline_10,dual_baseline_12,28,cosine_error,0.0,0.0,neither_zero,True
single_baseline_10,dual_baseline_12,28,log_norm_ratio,0.0,0.0,neither_zero,True
single_baseline_10,dual_baseline_12,29,relative_l2,0.0,0.0,neither_zero,True
single_baseline_10,dual_baseline_12,29,max_abs,0.0,0.0,neither_zero,True
single_baseline_10,dual_baseline_12,29,normalized_max_abs,0.0,0.0,neither_zero,True
single_baseline_10,dual_baseline_12,29,cosine_error,0.0,0.0,neither_zero,True
single_baseline_10,dual_baseline_12,29,log_norm_ratio,0.0,0.0,neither_zero,True
single_baseline_10,dual_baseline_12,30,relative_l2,0.0,0.0,neither_zero,True
single_baseline_10,dual_baseline_12,30,max_abs,0.0,0.0,neither_zero,True
single_baseline_10,dual_baseline_12,30,normalized_max_abs,0.0,0.0,neither_zero,True
single_baseline_10,dual_baseline_12,30,cosine_error,0.0,0.0,neither_zero,True
single_baseline_10,dual_baseline_12,30,log_norm_ratio,0.0,0.0,neither_zero,True
single_baseline_10,dual_baseline_12,global,relative_l2,0.0641928446834118,0.07576209242758418,neither_zero,True
single_baseline_10,dual_baseline_12,global,max_abs,0.005949325626716018,0.005976773798465729,neither_zero,True
single_baseline_10,dual_baseline_12,global,normalized_max_abs,1.9831156048620178,1.9922651826504838,neither_zero,True
single_baseline_10,dual_baseline_12,global,cosine_error,0.0020604071839774862,0.002869989563512809,neither_zero,True
single_baseline_10,dual_baseline_12,global,log_norm_ratio,2.270816229526677e-05,2.5695636726825657e-05,neither_zero,True
single_baseline_10,dual_baseline_13,0,relative_l2,0.06219289274991171,0.06824693312551014,neither_zero,True
single_baseline_10,dual_baseline_13,0,max_abs,0.005950202001258731,0.0059624831192195415,neither_zero,True
single_baseline_10,dual_baseline_13,0,normalized_max_abs,1.9834222005808102,1.9875157967593196,neither_zero,True
single_baseline_10,dual_baseline_13,0,cosine_error,0.0019340521379391795,0.0023289119890768095,neither_zero,True
single_baseline_10,dual_baseline_13,0,log_norm_ratio,3.8745422176418874e-05,0.00013442475574679274,neither_zero,True
single_baseline_10,dual_baseline_13,1,relative_l2,0.09598409539343421,0.13775838756793352,neither_zero,True
single_baseline_10,dual_baseline_13,1,max_abs,0.005931720603257418,0.005959174828603864,neither_zero,True
single_baseline_10,dual_baseline_13,1,normalized_max_abs,1.9773026416634878,1.9864546474587708,neither_zero,True
single_baseline_10,dual_baseline_13,1,cosine_error,0.004606524695435987,0.009490543321821088,neither_zero,True
single_baseline_10,dual_baseline_13,1,log_norm_ratio,1.1174130483429361e-05,0.000354146493600735,neither_zero,True
single_baseline_10,dual_baseline_13,2,relative_l2,0.07818211246377528,0.09472783252409434,neither_zero,True
single_baseline_10,dual_baseline_13,2,max_abs,0.005921691423282027,0.005975238047540188,neither_zero,True
single_baseline_10,dual_baseline_13,2,normalized_max_abs,1.9739231673580793,1.9917722774521038,neither_zero,True
single_baseline_10,dual_baseline_13,2,cosine_error,0.0030563696198226964,0.004487133243832653,neither_zero,True
single_baseline_10,dual_baseline_13,2,log_norm_ratio,4.8902627702330916e-05,0.0001280474477327828,neither_zero,True
single_baseline_10,dual_baseline_13,4,relative_l2,0.12183926794715207,0.13372897703352327,neither_zero,True
single_baseline_10,dual_baseline_13,4,max_abs,0.0059557403437793255,0.005976773798465729,neither_zero,True
single_baseline_10,dual_baseline_13,4,normalized_max_abs,1.9852848213630865,1.9922961072686851,neither_zero,True
single_baseline_10,dual_baseline_13,4,cosine_error,0.007423327732448914,0.008942036081358573,neither_zero,True
single_baseline_10,dual_baseline_13,4,log_norm_ratio,0.00012555899306656838,0.0001512792312364743,neither_zero,True
single_baseline_10,dual_baseline_13,5,relative_l2,0.09447076177964485,0.11086688207218229,neither_zero,True
single_baseline_10,dual_baseline_13,5,max_abs,0.005917402449995279,0.005959352012723684,neither_zero,True
single_baseline_10,dual_baseline_13,5,normalized_max_abs,1.9725016044249142,1.9864851880660115,neither_zero,True
single_baseline_10,dual_baseline_13,5,cosine_error,0.004462611643696768,0.006145754620427768,neither_zero,True
single_baseline_10,dual_baseline_13,5,log_norm_ratio,5.6203515527002215e-05,0.00010396011900955024,neither_zero,True
single_baseline_10,dual_baseline_13,6,relative_l2,0.10149722453090398,0.12145219557566955,neither_zero,True
single_baseline_10,dual_baseline_13,6,max_abs,0.005956639535725117,0.005959737114608288,neither_zero,True
single_baseline_10,dual_baseline_13,6,normalized_max_abs,1.9855881021669846,1.9866206500891914,neither_zero,True
single_baseline_10,dual_baseline_13,6,cosine_error,0.005151409848238031,0.007375358114384278,neither_zero,True
single_baseline_10,dual_baseline_13,6,log_norm_ratio,0.00011118642923334821,0.0001067684111316779,neither_zero,False
single_baseline_10,dual_baseline_13,8,relative_l2,0.07417044622721469,0.10452082796646944,neither_zero,True
single_baseline_10,dual_baseline_13,8,max_abs,0.005942759336903691,0.005964341107755899,neither_zero,True
single_baseline_10,dual_baseline_13,8,normalized_max_abs,1.9809508176364214,1.9881450082768717,neither_zero,True
single_baseline_10,dual_baseline_13,8,cosine_error,0.002750773368282333,0.005462305636124598,neither_zero,True
single_baseline_10,dual_baseline_13,8,log_norm_ratio,5.353341432308379e-05,0.00011319355897037096,neither_zero,True
single_baseline_10,dual_baseline_13,9,relative_l2,0.09719391459866121,0.11375555232581419,neither_zero,True
single_baseline_10,dual_baseline_13,9,max_abs,0.005936958361417055,0.005957070272415876,neither_zero,True
single_baseline_10,dual_baseline_13,9,normalized_max_abs,1.9790231190405398,1.9857270605934405,neither_zero,True
single_baseline_10,dual_baseline_13,9,cosine_error,0.004723589961033392,0.0064710255121182,neither_zero,True
single_baseline_10,dual_baseline_13,9,log_norm_ratio,5.5678159176762074e-05,0.00018101471761390988,neither_zero,True
single_baseline_10,dual_baseline_13,10,relative_l2,0.1001424010096392,0.11462983090523451,neither_zero,True
single_baseline_10,dual_baseline_13,10,max_abs,0.005905692931264639,0.00594778242520988,neither_zero,True
single_baseline_10,dual_baseline_13,10,normalized_max_abs,1.968616851272663,1.9826470570430124,neither_zero,True
single_baseline_10,dual_baseline_13,10,cosine_error,0.005014298540192086,0.006571025593287261,neither_zero,True
single_baseline_10,dual_baseline_13,10,log_norm_ratio,9.641811599534614e-06,0.0001985496010601438,neither_zero,True
single_baseline_10,dual_baseline_13,12,relative_l2,0.08683804332159331,0.1281904108794343,neither_zero,True
single_baseline_10,dual_baseline_13,12,max_abs,0.00583552336320281,0.005939641036093235,neither_zero,True
single_baseline_10,dual_baseline_13,12,normalized_max_abs,1.9452897819008148,1.9799972695114094,neither_zero,True
single_baseline_10,dual_baseline_13,12,cosine_error,0.0037710347200134997,0.008216884210253905,neither_zero,True
single_baseline_10,dual_baseline_13,12,log_norm_ratio,0.00016590899092403078,0.0003993144073782176,neither_zero,True
single_baseline_10,dual_baseline_13,13,relative_l2,0.06505298170742851,0.08811547143108552,neither_zero,True
single_baseline_10,dual_baseline_13,13,max_abs,0.0056922296062111855,0.005892634857445955,neither_zero,True
single_baseline_10,dual_baseline_13,13,normalized_max_abs,1.8974764153689136,1.9642808135823902,neither_zero,True
single_baseline_10,dual_baseline_13,13,cosine_error,0.002116277648556819,0.003882467918829735,neither_zero,True
single_baseline_10,dual_baseline_13,13,log_norm_ratio,0.00016340518659593457,0.00017695298734545184,neither_zero,True
single_baseline_10,dual_baseline_13,14,relative_l2,0.08624595027624236,0.09979719351372945,neither_zero,True
single_baseline_10,dual_baseline_13,14,max_abs,0.005804446991533041,0.005890344735234976,neither_zero,True
single_baseline_10,dual_baseline_13,14,normalized_max_abs,1.934924069673041,1.9635584075632604,neither_zero,True
single_baseline_10,dual_baseline_13,14,cosine_error,0.0037197115618567977,0.004980025156854584,neither_zero,True
single_baseline_10,dual_baseline_13,14,log_norm_ratio,0.00014521942187304814,0.0002657099935791046,neither_zero,True
single_baseline_10,dual_baseline_13,16,relative_l2,0.04686844928318028,0.08436554172823829,neither_zero,True
single_baseline_10,dual_baseline_13,16,max_abs,0.005652331979945302,0.005808895919471979,neither_zero,True
single_baseline_10,dual_baseline_13,16,normalized_max_abs,1.8842361140648076,1.9364281700460415,neither_zero,True
single_baseline_10,dual_baseline_13,16,cosine_error,0.0010984575890936599,0.003559225492313911,neither_zero,True
single_baseline_10,dual_baseline_13,16,log_norm_ratio,0.00012739974678511266,0.0002576750825546444,neither_zero,True
single_baseline_10,dual_baseline_13,17,relative_l2,0.05443461221237813,0.07984475971614276,neither_zero,True
single_baseline_10,dual_baseline_13,17,max_abs,0.005278734257444739,0.005828710272908211,neither_zero,True
single_baseline_10,dual_baseline_13,17,normalized_max_abs,1.7596993452506338,1.9430371665975241,neither_zero,True
single_baseline_10,dual_baseline_13,17,cosine_error,0.001481600425168872,0.003187814275713241,neither_zero,True
single_baseline_10,dual_baseline_13,17,log_norm_ratio,2.5133718096326005e-05,0.0001790272257123107,neither_zero,True
single_baseline_10,dual_baseline_13,18,relative_l2,0.04146882726814762,0.05675008870631503,neither_zero,True
single_baseline_10,dual_baseline_13,18,max_abs,0.005053467117249966,0.005600189324468374,neither_zero,True
single_baseline_10,dual_baseline_13,18,normalized_max_abs,1.6846070851138688,1.8668605919637218,neither_zero,True
single_baseline_10,dual_baseline_13,18,cosine_error,0.000859876017681227,0.0016104724420231697,neither_zero,True
single_baseline_10,dual_baseline_13,18,log_norm_ratio,5.3040145903740675e-05,0.00017426153486520073,neither_zero,True
single_baseline_10,dual_baseline_13,20,relative_l2,0.035047148606406814,0.03618305776935488,neither_zero,True
single_baseline_10,dual_baseline_13,20,max_abs,0.005735536804422736,0.005794270662590861,neither_zero,True
single_baseline_10,dual_baseline_13,20,normalized_max_abs,1.9118524103024512,1.9314304327498888,neither_zero,True
single_baseline_10,dual_baseline_13,20,cosine_error,0.000614162318908873,0.0006546084234719807,neither_zero,True
single_baseline_10,dual_baseline_13,20,log_norm_ratio,1.8190191969139763e-05,3.119384705013665e-05,neither_zero,True
single_baseline_10,dual_baseline_13,21,relative_l2,0.04357702674955018,0.050826764560299505,neither_zero,True
single_baseline_10,dual_baseline_13,21,max_abs,0.00482897087931633,0.005037351744249463,neither_zero,True
single_baseline_10,dual_baseline_13,21,normalized_max_abs,1.6098844678536135,1.6793544432923737,neither_zero,True
single_baseline_10,dual_baseline_13,21,cosine_error,0.0009495546372305652,0.0012917344042318035,neither_zero,True
single_baseline_10,dual_baseline_13,21,log_norm_ratio,8.374068321247686e-05,0.00022368858879896094,neither_zero,True
single_baseline_10,dual_baseline_13,22,relative_l2,0.021761968138048902,0.0577932887500439,neither_zero,True
single_baseline_10,dual_baseline_13,22,max_abs,0.0029193838126957417,0.005380292423069477,neither_zero,True
single_baseline_10,dual_baseline_13,22,normalized_max_abs,0.9733244839818976,1.793792894607881,neither_zero,True
single_baseline_10,dual_baseline_13,22,cosine_error,0.0002368037625959385,0.0016701450821178243,neither_zero,True
single_baseline_10,dual_baseline_13,22,log_norm_ratio,5.8457311260701315e-05,0.00012333987278905878,neither_zero,True
single_baseline_10,dual_baseline_13,24,relative_l2,0.007704969269513846,0.02795966456988454,neither_zero,True
single_baseline_10,dual_baseline_13,24,max_abs,0.001024133656756021,0.004742427030578256,neither_zero,True
single_baseline_10,dual_baseline_13,24,normalized_max_abs,0.3414306676441891,1.5810536720436101,neither_zero,True
single_baseline_10,dual_baseline_13,24,cosine_error,2.9683705951022432e-05,0.0003909045336550898,neither_zero,True
single_baseline_10,dual_baseline_13,24,log_norm_ratio,3.422964756380444e-05,0.0001037535551461458,neither_zero,True
single_baseline_10,dual_baseline_13,25,relative_l2,0.009100602452855934,0.020624469441589088,neither_zero,True
single_baseline_10,dual_baseline_13,25,max_abs,0.002231268212199211,0.0037428823998197913,neither_zero,True
single_baseline_10,dual_baseline_13,25,normalized_max_abs,0.7438171980208079,1.2477301994024919,neither_zero,True
single_baseline_10,dual_baseline_13,25,cosine_error,4.1411282057590704e-05,0.00021269104683663276,neither_zero,True
single_baseline_10,dual_baseline_13,25,log_norm_ratio,3.065169762753383e-05,8.241009325611086e-05,neither_zero,True
single_baseline_10,dual_baseline_13,26,relative_l2,0.0017948066682821197,0.0030323136778769143,neither_zero,True
single_baseline_10,dual_baseline_13,26,max_abs,0.00024687102995812893,0.0004952069721184671,neither_zero,True
single_baseline_10,dual_baseline_13,26,normalized_max_abs,0.08230204446610939,0.16509247524793977,neither_zero,True
single_baseline_10,dual_baseline_13,26,cosine_error,1.6106431842688451e-06,4.597282226015409e-06,neither_zero,True
single_baseline_10,dual_baseline_13,26,log_norm_ratio,8.480792296345264e-06,2.4824088155444077e-05,neither_zero,True
single_baseline_10,dual_baseline_13,28,relative_l2,0.0,0.0,neither_zero,True
single_baseline_10,dual_baseline_13,28,max_abs,0.0,0.0,neither_zero,True
single_baseline_10,dual_baseline_13,28,normalized_max_abs,0.0,0.0,neither_zero,True
single_baseline_10,dual_baseline_13,28,cosine_error,0.0,0.0,neither_zero,True
single_baseline_10,dual_baseline_13,28,log_norm_ratio,0.0,0.0,neither_zero,True
single_baseline_10,dual_baseline_13,29,relative_l2,0.0,0.0,neither_zero,True
single_baseline_10,dual_baseline_13,29,max_abs,0.0,0.0,neither_zero,True
single_baseline_10,dual_baseline_13,29,normalized_max_abs,0.0,0.0,neither_zero,True
single_baseline_10,dual_baseline_13,29,cosine_error,0.0,0.0,neither_zero,True
single_baseline_10,dual_baseline_13,29,log_norm_ratio,0.0,0.0,neither_zero,True
single_baseline_10,dual_baseline_13,30,relative_l2,0.0,0.0,neither_zero,True
single_baseline_10,dual_baseline_13,30,max_abs,0.0,0.0,neither_zero,True
single_baseline_10,dual_baseline_13,30,normalized_max_abs,0.0,0.0,neither_zero,True
single_baseline_10,dual_baseline_13,30,cosine_error,0.0,0.0,neither_zero,True
single_baseline_10,dual_baseline_13,30,log_norm_ratio,0.0,0.0,neither_zero,True
single_baseline_10,dual_baseline_13,global,relative_l2,0.0671883685713074,0.07576209242758418,neither_zero,True
single_baseline_10,dual_baseline_13,global,max_abs,0.005956639535725117,0.005976773798465729,neither_zero,True
single_baseline_10,dual_baseline_13,global,normalized_max_abs,1.9855535832142788,1.9922651826504838,neither_zero,True
single_baseline_10,dual_baseline_13,global,cosine_error,0.002257142914716903,0.002869989563512809,neither_zero,True
single_baseline_10,dual_baseline_13,global,log_norm_ratio,1.985278551309895e-06,2.5695636726825657e-05,neither_zero,True
single_baseline_10,dual_baseline_14,0,relative_l2,0.0649674481077862,0.06824693312551014,neither_zero,True
single_baseline_10,dual_baseline_14,0,max_abs,0.005945522570982575,0.0059624831192195415,neither_zero,True
single_baseline_10,dual_baseline_14,0,normalized_max_abs,1.9818623735541254,1.9875157967593196,neither_zero,True
single_baseline_10,dual_baseline_14,0,cosine_error,0.002110552197055471,0.0023289119890768095,neither_zero,True
single_baseline_10,dual_baseline_14,0,log_norm_ratio,8.093725730883784e-05,0.00013442475574679274,neither_zero,True
single_baseline_10,dual_baseline_14,1,relative_l2,0.10627818774984614,0.13775838756793352,neither_zero,True
single_baseline_10,dual_baseline_14,1,max_abs,0.005914815003052354,0.005959174828603864,neither_zero,True
single_baseline_10,dual_baseline_14,1,normalized_max_abs,1.9716683348224624,1.9864546474587708,neither_zero,True
single_baseline_10,dual_baseline_14,1,cosine_error,0.0056481402474020115,0.009490543321821088,neither_zero,True
single_baseline_10,dual_baseline_14,1,log_norm_ratio,0.000109718254856282,0.000354146493600735,neither_zero,True
single_baseline_10,dual_baseline_14,2,relative_l2,0.04500413815554524,0.09472783252409434,neither_zero,True
single_baseline_10,dual_baseline_14,2,max_abs,0.005809542024508119,0.005975238047540188,neither_zero,True
single_baseline_10,dual_baseline_14,2,normalized_max_abs,1.9365395415286868,1.9917722774521038,neither_zero,True
single_baseline_10,dual_baseline_14,2,cosine_error,0.0010127433258352303,0.004487133243832653,neither_zero,True
single_baseline_10,dual_baseline_14,2,log_norm_ratio,5.8046894844358165e-05,0.0001280474477327828,neither_zero,True
single_baseline_10,dual_baseline_14,4,relative_l2,0.10361949803806446,0.13372897703352327,neither_zero,True
single_baseline_10,dual_baseline_14,4,max_abs,0.005952456500381231,0.005976773798465729,neither_zero,True
single_baseline_10,dual_baseline_14,4,normalized_max_abs,1.984190185922712,1.9922961072686851,neither_zero,True
single_baseline_10,dual_baseline_14,4,cosine_error,0.005368947160468207,0.008942036081358573,neither_zero,True
single_baseline_10,dual_baseline_14,4,log_norm_ratio,8.391081992584803e-05,0.0001512792312364743,neither_zero,True
single_baseline_10,dual_baseline_14,5,relative_l2,0.07583275223972044,0.11086688207218229,neither_zero,True
single_baseline_10,dual_baseline_14,5,max_abs,0.005925674457103014,0.005959352012723684,neither_zero,True
single_baseline_10,dual_baseline_14,5,normalized_max_abs,1.9752591411287113,1.9864851880660115,neither_zero,True
single_baseline_10,dual_baseline_14,5,cosine_error,0.0028753435008107564,0.006145754620427768,neither_zero,True
single_baseline_10,dual_baseline_14,5,log_norm_ratio,1.4065760736293268e-05,0.00010396011900955024,neither_zero,True
single_baseline_10,dual_baseline_14,6,relative_l2,0.1046403830427777,0.12145219557566955,neither_zero,True
single_baseline_10,dual_baseline_14,6,max_abs,0.005943375872448087,0.005959737114608288,neither_zero,True
single_baseline_10,dual_baseline_14,6,normalized_max_abs,1.9811667884655146,1.9866206500891914,neither_zero,True
single_baseline_10,dual_baseline_14,6,cosine_error,0.005474937982420824,0.007375358114384278,neither_zero,True
single_baseline_10,dual_baseline_14,6,log_norm_ratio,2.4365428232998478e-05,0.0001067684111316779,neither_zero,True
single_baseline_10,dual_baseline_14,8,relative_l2,0.07657349558781512,0.10452082796646944,neither_zero,True
single_baseline_10,dual_baseline_14,8,max_abs,0.005929724778980017,0.005964341107755899,neither_zero,True
single_baseline_10,dual_baseline_14,8,normalized_max_abs,1.976605896916498,1.9881450082768717,neither_zero,True
single_baseline_10,dual_baseline_14,8,cosine_error,0.002931931475726124,0.005462305636124598,neither_zero,True
single_baseline_10,dual_baseline_14,8,log_norm_ratio,6.252630385496096e-05,0.00011319355897037096,neither_zero,True
single_baseline_10,dual_baseline_14,9,relative_l2,0.07905735049449086,0.11375555232581419,neither_zero,True
single_baseline_10,dual_baseline_14,9,max_abs,0.005911353975534439,0.005957070272415876,neither_zero,True
single_baseline_10,dual_baseline_14,9,normalized_max_abs,1.9704881641822007,1.9857270605934405,neither_zero,True
single_baseline_10,dual_baseline_14,9,cosine_error,0.00312542449054265,0.0064710255121182,neither_zero,True
single_baseline_10,dual_baseline_14,9,log_norm_ratio,0.0001281064931089288,0.00018101471761390988,neither_zero,True
single_baseline_10,dual_baseline_14,10,relative_l2,0.1159324353350364,0.11462983090523451,neither_zero,False
single_baseline_10,dual_baseline_14,10,max_abs,0.005927631631493568,0.00594778242520988,neither_zero,True
single_baseline_10,dual_baseline_14,10,normalized_max_abs,1.9759300998862437,1.9826470570430124,neither_zero,True
single_baseline_10,dual_baseline_14,10,cosine_error,0.006721380699633239,0.006571025593287261,neither_zero,False
single_baseline_10,dual_baseline_14,10,log_norm_ratio,0.00018342214947757334,0.0001985496010601438,neither_zero,True
single_baseline_10,dual_baseline_14,12,relative_l2,0.09033589070748173,0.1281904108794343,neither_zero,True
single_baseline_10,dual_baseline_14,12,max_abs,0.00583036127500236,0.005939641036093235,neither_zero,True
single_baseline_10,dual_baseline_14,12,normalized_max_abs,1.9435689838156034,1.9799972695114094,neither_zero,True
single_baseline_10,dual_baseline_14,12,cosine_error,0.004080435295011453,0.008216884210253905,neither_zero,True
single_baseline_10,dual_baseline_14,12,log_norm_ratio,3.661202202704216e-05,0.0003993144073782176,neither_zero,True
single_baseline_10,dual_baseline_14,13,relative_l2,0.05430761632407167,0.08811547143108552,neither_zero,True
single_baseline_10,dual_baseline_14,13,max_abs,0.005718092666938901,0.005892634857445955,neither_zero,True
single_baseline_10,dual_baseline_14,13,normalized_max_abs,1.9060978859088191,1.9642808135823902,neither_zero,True
single_baseline_10,dual_baseline_14,13,cosine_error,0.0014746670837658682,0.003882467918829735,neither_zero,True
single_baseline_10,dual_baseline_14,13,log_norm_ratio,5.767419275327624e-06,0.00017695298734545184,neither_zero,True
single_baseline_10,dual_baseline_14,14,relative_l2,0.08342914405289065,0.09979719351372945,neither_zero,True
single_baseline_10,dual_baseline_14,14,max_abs,0.005755115766078234,0.005890344735234976,neither_zero,True
single_baseline_10,dual_baseline_14,14,normalized_max_abs,1.9184797043319333,1.9635584075632604,neither_zero,True
single_baseline_10,dual_baseline_14,14,cosine_error,0.003480292463563961,0.004980025156854584,neither_zero,True
single_baseline_10,dual_baseline_14,14,log_norm_ratio,2.3475431630985146e-05,0.0002657099935791046,neither_zero,True
single_baseline_10,dual_baseline_14,16,relative_l2,0.0675617533611868,0.08436554172823829,neither_zero,True
single_baseline_10,dual_baseline_14,16,max_abs,0.005554577335715294,0.005808895919471979,neither_zero,True
single_baseline_10,dual_baseline_14,16,normalized_max_abs,1.8516494941299861,1.9364281700460415,neither_zero,True
single_baseline_10,dual_baseline_14,16,cosine_error,0.002282766756184995,0.003559225492313911,neither_zero,True
single_baseline_10,dual_baseline_14,16,log_norm_ratio,0.00021686942843503567,0.0002576750825546444,neither_zero,True
single_baseline_10,dual_baseline_14,17,relative_l2,0.0632611692492044,0.07984475971614276,neither_zero,True
single_baseline_10,dual_baseline_14,17,max_abs,0.005481330910697579,0.005828710272908211,neither_zero,True
single_baseline_10,dual_baseline_14,17,normalized_max_abs,1.8272362169119034,1.9430371665975241,neither_zero,True
single_baseline_10,dual_baseline_14,17,cosine_error,0.002001136056596242,0.003187814275713241,neither_zero,True
single_baseline_10,dual_baseline_14,17,log_norm_ratio,7.553066865664134e-05,0.0001790272257123107,neither_zero,True
single_baseline_10,dual_baseline_14,18,relative_l2,0.04375368696342753,0.05675008870631503,neither_zero,True
single_baseline_10,dual_baseline_14,18,max_abs,0.00544754508882761,0.005600189324468374,neither_zero,True
single_baseline_10,dual_baseline_14,18,normalized_max_abs,1.8159756144035715,1.8668605919637218,neither_zero,True
single_baseline_10,dual_baseline_14,18,cosine_error,0.0009572292658684978,0.0016104724420231697,neither_zero,True
single_baseline_10,dual_baseline_14,18,log_norm_ratio,3.9145603138541185e-05,0.00017426153486520073,neither_zero,True
single_baseline_10,dual_baseline_14,20,relative_l2,0.019933896448758773,0.03618305776935488,neither_zero,True
single_baseline_10,dual_baseline_14,20,max_abs,0.005390675272792578,0.005794270662590861,neither_zero,True
single_baseline_10,dual_baseline_14,20,normalized_max_abs,1.7968981570302376,1.9314304327498888,neither_zero,True
single_baseline_10,dual_baseline_14,20,cosine_error,0.0001986805265752345,0.0006546084234719807,neither_zero,True
single_baseline_10,dual_baseline_14,20,log_norm_ratio,2.0884938255268125e-06,3.119384705013665e-05,neither_zero,True
single_baseline_10,dual_baseline_14,21,relative_l2,0.022801690465085414,0.050826764560299505,neither_zero,True
single_baseline_10,dual_baseline_14,21,max_abs,0.0030778561485931277,0.005037351744249463,neither_zero,True
single_baseline_10,dual_baseline_14,21,normalized_max_abs,1.02609705706267,1.6793544432923737,neither_zero,True
single_baseline_10,dual_baseline_14,21,cosine_error,0.000259965692122166,0.0012917344042318035,neither_zero,True
single_baseline_10,dual_baseline_14,21,log_norm_ratio,2.9128560405719012e-05,0.00022368858879896094,neither_zero,True
single_baseline_10,dual_baseline_14,22,relative_l2,0.004231697661542939,0.0577932887500439,neither_zero,True
single_baseline_10,dual_baseline_14,22,max_abs,0.0008029760210774839,0.005380292423069477,neither_zero,True
single_baseline_10,dual_baseline_14,22,normalized_max_abs,0.2677127545324014,1.793792894607881,neither_zero,True
single_baseline_10,dual_baseline_14,22,cosine_error,8.95355799446218e-06,0.0016701450821178243,neither_zero,True
single_baseline_10,dual_baseline_14,22,log_norm_ratio,2.409555994353423e-05,0.00012333987278905878,neither_zero,True
single_baseline_10,dual_baseline_14,24,relative_l2,0.00225273537569537,0.02795966456988454,neither_zero,True
single_baseline_10,dual_baseline_14,24,max_abs,0.0003769206814467907,0.004742427030578256,neither_zero,True
single_baseline_10,dual_baseline_14,24,normalized_max_abs,0.12565965298212903,1.5810536720436101,neither_zero,True
single_baseline_10,dual_baseline_14,24,cosine_error,2.5374058369997954e-06,0.0003909045336550898,neither_zero,True
single_baseline_10,dual_baseline_14,24,log_norm_ratio,5.918648911152609e-06,0.0001037535551461458,neither_zero,True
single_baseline_10,dual_baseline_14,25,relative_l2,0.0005845978064250365,0.020624469441589088,neither_zero,True
single_baseline_10,dual_baseline_14,25,max_abs,9.781669359654188e-05,0.0037428823998197913,neither_zero,True
single_baseline_10,dual_baseline_14,25,normalized_max_abs,0.03260824682575275,1.2477301994024919,neither_zero,True
single_baseline_10,dual_baseline_14,25,cosine_error,1.708595775973265e-07,0.00021269104683663276,neither_zero,True
single_baseline_10,dual_baseline_14,25,log_norm_ratio,6.126203495593095e-06,8.241009325611086e-05,neither_zero,True
single_baseline_10,dual_baseline_14,26,relative_l2,0.0001310959425021364,0.0030323136778769143,neither_zero,True
single_baseline_10,dual_baseline_14,26,max_abs,1.6919337213039398e-05,0.0004952069721184671,neither_zero,True
single_baseline_10,dual_baseline_14,26,normalized_max_abs,0.005640581010582105,0.16509247524793977,neither_zero,True
single_baseline_10,dual_baseline_14,26,cosine_error,8.592706657317706e-09,4.597282226015409e-06,neither_zero,True
single_baseline_10,dual_baseline_14,26,log_norm_ratio,8.626849188000031e-07,2.4824088155444077e-05,neither_zero,True
single_baseline_10,dual_baseline_14,28,relative_l2,0.0,0.0,neither_zero,True
single_baseline_10,dual_baseline_14,28,max_abs,0.0,0.0,neither_zero,True
single_baseline_10,dual_baseline_14,28,normalized_max_abs,0.0,0.0,neither_zero,True
single_baseline_10,dual_baseline_14,28,cosine_error,0.0,0.0,neither_zero,True
single_baseline_10,dual_baseline_14,28,log_norm_ratio,0.0,0.0,neither_zero,True
single_baseline_10,dual_baseline_14,29,relative_l2,0.0,0.0,neither_zero,True
single_baseline_10,dual_baseline_14,29,max_abs,0.0,0.0,neither_zero,True
single_baseline_10,dual_baseline_14,29,normalized_max_abs,0.0,0.0,neither_zero,True
single_baseline_10,dual_baseline_14,29,cosine_error,0.0,0.0,neither_zero,True
single_baseline_10,dual_baseline_14,29,log_norm_ratio,0.0,0.0,neither_zero,True
single_baseline_10,dual_baseline_14,30,relative_l2,0.0,0.0,neither_zero,True
single_baseline_10,dual_baseline_14,30,max_abs,0.0,0.0,neither_zero,True
single_baseline_10,dual_baseline_14,30,normalized_max_abs,0.0,0.0,neither_zero,True
single_baseline_10,dual_baseline_14,30,cosine_error,0.0,0.0,neither_zero,True
single_baseline_10,dual_baseline_14,30,log_norm_ratio,0.0,0.0,neither_zero,True
single_baseline_10,dual_baseline_14,global,relative_l2,0.06463418817212839,0.07576209242758418,neither_zero,True
single_baseline_10,dual_baseline_14,global,max_abs,0.005952456500381231,0.005976773798465729,neither_zero,True
single_baseline_10,dual_baseline_14,global,normalized_max_abs,1.9841592331338433,1.9922651826504838,neither_zero,True
single_baseline_10,dual_baseline_14,global,cosine_error,0.0020888187759873222,0.002869989563512809,neither_zero,True
single_baseline_10,dual_baseline_14,global,log_norm_ratio,1.4236372351712523e-05,2.5695636726825657e-05,neither_zero,True
single_baseline_10,dual_baseline_15,0,relative_l2,0.05138432602706297,0.06824693312551014,neither_zero,True
single_baseline_10,dual_baseline_15,0,max_abs,0.005843592807650566,0.0059624831192195415,neither_zero,True
single_baseline_10,dual_baseline_15,0,normalized_max_abs,1.947885416897883,1.9875157967593196,neither_zero,True
single_baseline_10,dual_baseline_15,0,cosine_error,0.0013202041126214592,0.0023289119890768095,neither_zero,True
single_baseline_10,dual_baseline_15,0,log_norm_ratio,2.2639376853402574e-05,0.00013442475574679274,neither_zero,True
single_baseline_10,dual_baseline_15,1,relative_l2,0.08894090501110676,0.13775838756793352,neither_zero,True
single_baseline_10,dual_baseline_15,1,max_abs,0.00592693081125617,0.005959174828603864,neither_zero,True
single_baseline_10,dual_baseline_15,1,normalized_max_abs,1.9757070672889756,1.9864546474587708,neither_zero,True
single_baseline_10,dual_baseline_15,1,cosine_error,0.003955627827043839,0.009490543321821088,neither_zero,True
single_baseline_10,dual_baseline_15,1,log_norm_ratio,9.870106660656831e-05,0.000354146493600735,neither_zero,True
single_baseline_10,dual_baseline_15,2,relative_l2,0.054659013946295236,0.09472783252409434,neither_zero,True
single_baseline_10,dual_baseline_15,2,max_abs,0.005879397038370371,0.005975238047540188,neither_zero,True
single_baseline_10,dual_baseline_15,2,normalized_max_abs,1.959824853167299,1.9917722774521038,neither_zero,True
single_baseline_10,dual_baseline_15,2,cosine_error,0.0014938209838464278,0.004487133243832653,neither_zero,True
single_baseline_10,dual_baseline_15,2,log_norm_ratio,1.1478641350649893e-05,0.0001280474477327828,neither_zero,True
single_baseline_10,dual_baseline_15,4,relative_l2,0.11499401545084674,0.13372897703352327,neither_zero,True
single_baseline_10,dual_baseline_15,4,max_abs,0.005947063444182277,0.005976773798465729,neither_zero,True
single_baseline_10,dual_baseline_15,4,normalized_max_abs,1.9823924660768955,1.9922961072686851,neither_zero,True
single_baseline_10,dual_baseline_15,4,cosine_error,0.0066118408962048125,0.008942036081358573,neither_zero,True
single_baseline_10,dual_baseline_15,4,log_norm_ratio,4.4028901321645565e-06,0.0001512792312364743,neither_zero,True
single_baseline_10,dual_baseline_15,5,relative_l2,0.07715807240278148,0.11086688207218229,neither_zero,True
single_baseline_10,dual_baseline_15,5,max_abs,0.005934566026553512,0.005959352012723684,neither_zero,True
single_baseline_10,dual_baseline_15,5,normalized_max_abs,1.9782228955800916,1.9864851880660115,neither_zero,True
single_baseline_10,dual_baseline_15,5,cosine_error,0.0029767741790132085,0.006145754620427768,neither_zero,True
single_baseline_10,dual_baseline_15,5,log_norm_ratio,3.042717519027835e-05,0.00010396011900955024,neither_zero,True
single_baseline_10,dual_baseline_15,6,relative_l2,0.10139629387721404,0.12145219557566955,neither_zero,True
single_baseline_10,dual_baseline_15,6,max_abs,0.005956536158919334,0.005959737114608288,neither_zero,True
single_baseline_10,dual_baseline_15,6,normalized_max_abs,1.9855536425099296,1.9866206500891914,neither_zero,True
single_baseline_10,dual_baseline_15,6,cosine_error,0.005141013036650377,0.007375358114384278,neither_zero,True
single_baseline_10,dual_baseline_15,6,log_norm_ratio,8.015132539154338e-05,0.0001067684111316779,neither_zero,True
single_baseline_10,dual_baseline_15,8,relative_l2,0.0874903754318868,0.10452082796646944,neither_zero,True
single_baseline_10,dual_baseline_15,8,max_abs,0.005929812788963318,0.005964341107755899,neither_zero,True
single_baseline_10,dual_baseline_15,8,normalized_max_abs,1.976635234037269,1.9881450082768717,neither_zero,True
single_baseline_10,dual_baseline_15,8,cosine_error,0.0038273103532959762,0.005462305636124598,neither_zero,True
single_baseline_10,dual_baseline_15,8,log_norm_ratio,7.180648696177604e-06,0.00011319355897037096,neither_zero,True
single_baseline_10,dual_baseline_15,9,relative_l2,0.0793313960034762,0.11375555232581419,neither_zero,True
single_baseline_10,dual_baseline_15,9,max_abs,0.0059210138861089945,0.005957070272415876,neither_zero,True
single_baseline_10,dual_baseline_15,9,normalized_max_abs,1.973708347756169,1.9857270605934405,neither_zero,True
single_baseline_10,dual_baseline_15,9,cosine_error,0.0031469249631577156,0.0064710255121182,neither_zero,True
single_baseline_10,dual_baseline_15,9,log_norm_ratio,6.089339797222914e-05,0.00018101471761390988,neither_zero,True
single_baseline_10,dual_baseline_15,10,relative_l2,0.11497221778734829,0.11462983090523451,neither_zero,False
single_baseline_10,dual_baseline_15,10,max_abs,0.005928366910666227,0.00594778242520988,neither_zero,True
single_baseline_10,dual_baseline_15,10,normalized_max_abs,1.9761751995043368,1.9826470570430124,neither_zero,True
single_baseline_10,dual_baseline_15,10,cosine_error,0.006610111877341951,0.006571025593287261,neither_zero,False
single_baseline_10,dual_baseline_15,10,log_norm_ratio,0.00012315659025742722,0.0001985496010601438,neither_zero,True
single_baseline_10,dual_baseline_15,12,relative_l2,0.08626437577524701,0.1281904108794343,neither_zero,True
single_baseline_10,dual_baseline_15,12,max_abs,0.005819559097290039,0.005939641036093235,neither_zero,True
single_baseline_10,dual_baseline_15,12,normalized_max_abs,1.9399675927172793,1.9799972695114094,neither_zero,True
single_baseline_10,dual_baseline_15,12,cosine_error,0.003720857779529463,0.008216884210253905,neither_zero,True
single_baseline_10,dual_baseline_15,12,log_norm_ratio,2.3324894855410995e-05,0.0003993144073782176,neither_zero,True
single_baseline_10,dual_baseline_15,13,relative_l2,0.05827988425743891,0.08811547143108552,neither_zero,True
single_baseline_10,dual_baseline_15,13,max_abs,0.005678875837475061,0.005892634857445955,neither_zero,True
single_baseline_10,dual_baseline_15,13,normalized_max_abs,1.893025149930742,1.9642808135823902,neither_zero,True
single_baseline_10,dual_baseline_15,13,cosine_error,0.0016983202325574487,0.003882467918829735,neither_zero,True
single_baseline_10,dual_baseline_15,13,log_norm_ratio,2.8369871238153066e-05,0.00017695298734545184,neither_zero,True
single_baseline_10,dual_baseline_15,14,relative_l2,0.08135330679140901,0.09979719351372945,neither_zero,True
single_baseline_10,dual_baseline_15,14,max_abs,0.005754956742748618,0.005890344735234976,neither_zero,True
single_baseline_10,dual_baseline_15,14,normalized_max_abs,1.9184263957814933,1.9635584075632604,neither_zero,True
single_baseline_10,dual_baseline_15,14,cosine_error,0.0033096784299798676,0.004980025156854584,neither_zero,True
single_baseline_10,dual_baseline_15,14,log_norm_ratio,0.00015411789423091385,0.0002657099935791046,neither_zero,True
single_baseline_10,dual_baseline_15,16,relative_l2,0.0672504264369004,0.08436554172823829,neither_zero,True
single_baseline_10,dual_baseline_15,16,max_abs,0.005575143499299884,0.005808895919471979,neither_zero,True
single_baseline_10,dual_baseline_15,16,normalized_max_abs,1.8585053400559655,1.9364281700460415,neither_zero,True
single_baseline_10,dual_baseline_15,16,cosine_error,0.0022617554110049287,0.003559225492313911,neither_zero,True
single_baseline_10,dual_baseline_15,16,log_norm_ratio,0.00020640047490097478,0.0002576750825546444,neither_zero,True
single_baseline_10,dual_baseline_15,17,relative_l2,0.0658588197016825,0.07984475971614276,neither_zero,True
single_baseline_10,dual_baseline_15,17,max_abs,0.0054764768574386835,0.005828710272908211,neither_zero,True
single_baseline_10,dual_baseline_15,17,normalized_max_abs,1.8256179459586162,1.9430371665975241,neither_zero,True
single_baseline_10,dual_baseline_15,17,cosine_error,0.002168995289432152,0.003187814275713241,neither_zero,True
single_baseline_10,dual_baseline_15,17,log_norm_ratio,0.00014463073453194737,0.0001790272257123107,neither_zero,True
single_baseline_10,dual_baseline_15,18,relative_l2,0.040674070746659116,0.05675008870631503,neither_zero,True
single_baseline_10,dual_baseline_15,18,max_abs,0.005397701403126121,0.005600189324468374,neither_zero,True
single_baseline_10,dual_baseline_15,18,normalized_max_abs,1.7993598881837851,1.8668605919637218,neither_zero,True
single_baseline_10,dual_baseline_15,18,cosine_error,0.0008271932737891063,0.0016104724420231697,neither_zero,True
single_baseline_10,dual_baseline_15,18,log_norm_ratio,3.94834016631943e-06,0.00017426153486520073,neither_zero,True
single_baseline_10,dual_baseline_15,20,relative_l2,0.020012625082661186,0.03618305776935488,neither_zero,True
single_baseline_10,dual_baseline_15,20,max_abs,0.005412135273218155,0.005794270662590861,neither_zero,True
single_baseline_10,dual_baseline_15,20,normalized_max_abs,1.8040515159812418,1.9314304327498888,neither_zero,True
single_baseline_10,dual_baseline_15,20,cosine_error,0.00020025344028773429,0.0006546084234719807,neither_zero,True
single_baseline_10,dual_baseline_15,20,log_norm_ratio,4.336222926092645e-06,3.119384705013665e-05,neither_zero,True
single_baseline_10,dual_baseline_15,21,relative_l2,0.02035312755414081,0.050826764560299505,neither_zero,True
single_baseline_10,dual_baseline_15,21,max_abs,0.0030473920051008463,0.005037351744249463,neither_zero,True
single_baseline_10,dual_baseline_15,21,normalized_max_abs,1.015940907303152,1.6793544432923737,neither_zero,True
single_baseline_10,dual_baseline_15,21,cosine_error,0.00020712721173488102,0.0012917344042318035,neither_zero,True
single_baseline_10,dual_baseline_15,21,log_norm_ratio,1.1475950575288408e-05,0.00022368858879896094,neither_zero,True
single_baseline_10,dual_baseline_15,22,relative_l2,0.004151625540498504,0.0577932887500439,neither_zero,True
single_baseline_10,dual_baseline_15,22,max_abs,0.0005105469608679414,0.005380292423069477,neither_zero,True
single_baseline_10,dual_baseline_15,22,normalized_max_abs,0.170216705884563,1.793792894607881,neither_zero,True
single_baseline_10,dual_baseline_15,22,cosine_error,8.617665676502462e-06,0.0016701450821178243,neither_zero,True
single_baseline_10,dual_baseline_15,22,log_norm_ratio,3.5775898768539094e-05,0.00012333987278905878,neither_zero,True
single_baseline_10,dual_baseline_15,24,relative_l2,0.002660591121237378,0.02795966456988454,neither_zero,True
single_baseline_10,dual_baseline_15,24,max_abs,0.0005489698960445821,0.004742427030578256,neither_zero,True
single_baseline_10,dual_baseline_15,24,normalized_max_abs,0.18301825829723253,1.5810536720436101,neither_zero,True
single_baseline_10,dual_baseline_15,24,cosine_error,3.539376981831488e-06,0.0003909045336550898,neither_zero,True
single_baseline_10,dual_baseline_15,24,log_norm_ratio,1.6227834940142511e-06,0.0001037535551461458,neither_zero,True
single_baseline_10,dual_baseline_15,25,relative_l2,0.0013778307609205202,0.020624469441589088,neither_zero,True
single_baseline_10,dual_baseline_15,25,max_abs,0.00025277805980294943,0.0037428823998197913,neither_zero,True
single_baseline_10,dual_baseline_15,25,normalized_max_abs,0.08426628485509213,1.2477301994024919,neither_zero,True
single_baseline_10,dual_baseline_15,25,cosine_error,9.492039262370966e-07,0.00021269104683663276,neither_zero,True
single_baseline_10,dual_baseline_15,25,log_norm_ratio,4.212698455994094e-06,8.241009325611086e-05,neither_zero,True
single_baseline_10,dual_baseline_15,26,relative_l2,0.0015921258051081687,0.0030323136778769143,neither_zero,True
single_baseline_10,dual_baseline_15,26,max_abs,0.00024332886096090078,0.0004952069721184671,neither_zero,True
single_baseline_10,dual_baseline_15,26,normalized_max_abs,0.08112115357597219,0.16509247524793977,neither_zero,True
single_baseline_10,dual_baseline_15,26,cosine_error,1.267407030880463e-06,4.597282226015409e-06,neither_zero,True
single_baseline_10,dual_baseline_15,26,log_norm_ratio,8.48683690226096e-06,2.4824088155444077e-05,neither_zero,True
single_baseline_10,dual_baseline_15,28,relative_l2,0.0,0.0,neither_zero,True
single_baseline_10,dual_baseline_15,28,max_abs,0.0,0.0,neither_zero,True
single_baseline_10,dual_baseline_15,28,normalized_max_abs,0.0,0.0,neither_zero,True
single_baseline_10,dual_baseline_15,28,cosine_error,0.0,0.0,neither_zero,True
single_baseline_10,dual_baseline_15,28,log_norm_ratio,0.0,0.0,neither_zero,True
single_baseline_10,dual_baseline_15,29,relative_l2,0.0,0.0,neither_zero,True
single_baseline_10,dual_baseline_15,29,max_abs,0.0,0.0,neither_zero,True
single_baseline_10,dual_baseline_15,29,normalized_max_abs,0.0,0.0,neither_zero,True
single_baseline_10,dual_baseline_15,29,cosine_error,0.0,0.0,neither_zero,True
single_baseline_10,dual_baseline_15,29,log_norm_ratio,0.0,0.0,neither_zero,True
single_baseline_10,dual_baseline_15,30,relative_l2,0.0,0.0,neither_zero,True
single_baseline_10,dual_baseline_15,30,max_abs,0.0,0.0,neither_zero,True
single_baseline_10,dual_baseline_15,30,normalized_max_abs,0.0,0.0,neither_zero,True
single_baseline_10,dual_baseline_15,30,cosine_error,0.0,0.0,neither_zero,True
single_baseline_10,dual_baseline_15,30,log_norm_ratio,0.0,0.0,neither_zero,True
single_baseline_10,dual_baseline_15,global,relative_l2,0.06429601442876744,0.07576209242758418,neither_zero,True
single_baseline_10,dual_baseline_15,global,max_abs,0.005956536158919334,0.005976773798465729,neither_zero,True
single_baseline_10,dual_baseline_15,global,normalized_max_abs,1.9855191241562964,1.9922651826504838,neither_zero,True
single_baseline_10,dual_baseline_15,global,cosine_error,0.002067026604657074,0.002869989563512809,neither_zero,True
single_baseline_10,dual_baseline_15,global,log_norm_ratio,1.8402579577068573e-05,2.5695636726825657e-05,neither_zero,True
single_baseline_11,dual_baseline_11,0,relative_l2,0.048831259081347604,0.06824693312551014,neither_zero,True
single_baseline_11,dual_baseline_11,0,max_abs,0.005941557232290506,0.0059624831192195415,neither_zero,True
single_baseline_11,dual_baseline_11,0,normalized_max_abs,1.9805405796397326,1.9875157967593196,neither_zero,True
single_baseline_11,dual_baseline_11,0,cosine_error,0.0011922980831868824,0.0023289119890768095,neither_zero,True
single_baseline_11,dual_baseline_11,0,log_norm_ratio,4.4574453616207724e-05,0.00013442475574679274,neither_zero,True
single_baseline_11,dual_baseline_11,1,relative_l2,0.10091635982642337,0.13775838756793352,neither_zero,True
single_baseline_11,dual_baseline_11,1,max_abs,0.005910814739763737,0.005959174828603864,neither_zero,True
single_baseline_11,dual_baseline_11,1,normalized_max_abs,1.9703348708928132,1.9864546474587708,neither_zero,True
single_baseline_11,dual_baseline_11,1,cosine_error,0.005092255353882025,0.009490543321821088,neither_zero,True
single_baseline_11,dual_baseline_11,1,log_norm_ratio,3.933247505935019e-05,0.000354146493600735,neither_zero,True
single_baseline_11,dual_baseline_11,2,relative_l2,0.06490408751625165,0.09472783252409434,neither_zero,True
single_baseline_11,dual_baseline_11,2,max_abs,0.005948393605649471,0.005975238047540188,neither_zero,True
single_baseline_11,dual_baseline_11,2,normalized_max_abs,1.9828237043931214,1.9917722774521038,neither_zero,True
single_baseline_11,dual_baseline_11,2,cosine_error,0.0021062868258509004,0.004487133243832653,neither_zero,True
single_baseline_11,dual_baseline_11,2,log_norm_ratio,7.866306994896198e-06,0.0001280474477327828,neither_zero,True
single_baseline_11,dual_baseline_11,4,relative_l2,0.09360198598092956,0.13372897703352327,neither_zero,True
single_baseline_11,dual_baseline_11,4,max_abs,0.005928636062890291,0.005976773798465729,neither_zero,True
single_baseline_11,dual_baseline_11,4,normalized_max_abs,1.9762498879481056,1.9922961072686851,neither_zero,True
single_baseline_11,dual_baseline_11,4,cosine_error,0.004380898259284116,0.008942036081358573,neither_zero,True
single_baseline_11,dual_baseline_11,4,log_norm_ratio,5.336798969263529e-05,0.0001512792312364743,neither_zero,True
single_baseline_11,dual_baseline_11,5,relative_l2,0.09720481622086558,0.11086688207218229,neither_zero,True
single_baseline_11,dual_baseline_11,5,max_abs,0.005955265136435628,0.005959352012723684,neither_zero,True
single_baseline_11,dual_baseline_11,5,normalized_max_abs,1.9851228722983998,1.9864851880660115,neither_zero,True
single_baseline_11,dual_baseline_11,5,cosine_error,0.004724565157715244,0.006145754620427768,neither_zero,True
single_baseline_11,dual_baseline_11,5,log_norm_ratio,3.7616214688977005e-05,0.00010396011900955024,neither_zero,True
single_baseline_11,dual_baseline_11,6,relative_l2,0.10906327316040551,0.12145219557566955,neither_zero,True
single_baseline_11,dual_baseline_11,6,max_abs,0.005943144904449582,0.005959737114608288,neither_zero,True
single_baseline_11,dual_baseline_11,6,normalized_max_abs,1.9810897975200223,1.9866206500891914,neither_zero,True
single_baseline_11,dual_baseline_11,6,cosine_error,0.0059479529825033906,0.007375358114384278,neither_zero,True
single_baseline_11,dual_baseline_11,6,log_norm_ratio,9.392185060417295e-05,0.0001067684111316779,neither_zero,True
single_baseline_11,dual_baseline_11,8,relative_l2,0.08602184135551583,0.10452082796646944,neither_zero,True
single_baseline_11,dual_baseline_11,8,max_abs,0.005946211749687791,0.005964341107755899,neither_zero,True
single_baseline_11,dual_baseline_11,8,normalized_max_abs,1.9821019475970643,1.9881450082768717,neither_zero,True
single_baseline_11,dual_baseline_11,8,cosine_error,0.003700255797917773,0.005462305636124598,neither_zero,True
single_baseline_11,dual_baseline_11,8,log_norm_ratio,0.00010338926209346006,0.00011319355897037096,neither_zero,True
single_baseline_11,dual_baseline_11,9,relative_l2,0.08414991504733403,0.11375555232581419,neither_zero,True
single_baseline_11,dual_baseline_11,9,max_abs,0.005913554457947612,0.005957070272415876,neither_zero,True
single_baseline_11,dual_baseline_11,9,normalized_max_abs,1.9712218250229343,1.9857270605934405,neither_zero,True
single_baseline_11,dual_baseline_11,9,cosine_error,0.0035409506917748468,0.0064710255121182,neither_zero,True
single_baseline_11,dual_baseline_11,9,log_norm_ratio,9.92771452460765e-05,0.00018101471761390988,neither_zero,True
single_baseline_11,dual_baseline_11,10,relative_l2,0.10654453567419901,0.11462983090523451,neither_zero,True
single_baseline_11,dual_baseline_11,10,max_abs,0.00587821239605546,0.00594778242520988,neither_zero,True
single_baseline_11,dual_baseline_11,10,normalized_max_abs,1.9594562763071675,1.9826470570430124,neither_zero,True
single_baseline_11,dual_baseline_11,10,cosine_error,0.005675875242754147,0.006571025593287261,neither_zero,True
single_baseline_11,dual_baseline_11,10,log_norm_ratio,1.092755037769009e-06,0.0001985496010601438,neither_zero,True
single_baseline_11,dual_baseline_11,12,relative_l2,0.09856204007270039,0.1281904108794343,neither_zero,True
single_baseline_11,dual_baseline_11,12,max_abs,0.00584689574316144,0.005939641036093235,neither_zero,True
single_baseline_11,dual_baseline_11,12,normalized_max_abs,1.9490807999728037,1.9799972695114094,neither_zero,True
single_baseline_11,dual_baseline_11,12,cosine_error,0.004858278854103171,0.008216884210253905,neither_zero,True
single_baseline_11,dual_baseline_11,12,log_norm_ratio,0.00021923956337905796,0.0003993144073782176,neither_zero,True
single_baseline_11,dual_baseline_11,13,relative_l2,0.0729842942386228,0.08811547143108552,neither_zero,True
single_baseline_11,dual_baseline_11,13,max_abs,0.005810291972011328,0.005892634857445955,neither_zero,True
single_baseline_11,dual_baseline_11,13,normalized_max_abs,1.9368320678672406,1.9642808135823902,neither_zero,True
single_baseline_11,dual_baseline_11,13,cosine_error,0.002663410519243792,0.003882467918829735,neither_zero,True
single_baseline_11,dual_baseline_11,13,log_norm_ratio,2.1456432852304976e-05,0.00017695298734545184,neither_zero,True
single_baseline_11,dual_baseline_11,14,relative_l2,0.06047019348476352,0.09979719351372945,neither_zero,True
single_baseline_11,dual_baseline_11,14,max_abs,0.00574495573528111,0.005890344735234976,neither_zero,True
single_baseline_11,dual_baseline_11,14,normalized_max_abs,1.915092688482518,1.9635584075632604,neither_zero,True
single_baseline_11,dual_baseline_11,14,cosine_error,0.0018284081037425182,0.004980025156854584,neither_zero,True
single_baseline_11,dual_baseline_11,14,log_norm_ratio,4.763165840527328e-05,0.0002657099935791046,neither_zero,True
single_baseline_11,dual_baseline_11,16,relative_l2,0.06183022354385548,0.08436554172823829,neither_zero,True
single_baseline_11,dual_baseline_11,16,max_abs,0.005617700284346938,0.005808895919471979,neither_zero,True
single_baseline_11,dual_baseline_11,16,normalized_max_abs,1.8726920282768449,1.9364281700460415,neither_zero,True
single_baseline_11,dual_baseline_11,16,cosine_error,0.0019117471994775093,0.003559225492313911,neither_zero,True
single_baseline_11,dual_baseline_11,16,log_norm_ratio,0.00014062132658692537,0.0002576750825546444,neither_zero,True
single_baseline_11,dual_baseline_11,17,relative_l2,0.056657635874565127,0.07984475971614276,neither_zero,True
single_baseline_11,dual_baseline_11,17,max_abs,0.0055575924925506115,0.005828710272908211,neither_zero,True
single_baseline_11,dual_baseline_11,17,normalized_max_abs,1.8526586398197518,1.9430371665975241,neither_zero,True
single_baseline_11,dual_baseline_11,17,cosine_error,0.0016050694591385195,0.003187814275713241,neither_zero,True
single_baseline_11,dual_baseline_11,17,log_norm_ratio,1.6034477317933072e-05,0.0001790272257123107,neither_zero,True
single_baseline_11,dual_baseline_11,18,relative_l2,0.0442972694061607,0.05675008870631503,neither_zero,True
single_baseline_11,dual_baseline_11,18,max_abs,0.0050770079251378775,0.005600189324468374,neither_zero,True
single_baseline_11,dual_baseline_11,18,normalized_max_abs,1.692454702336961,1.8668605919637218,neither_zero,True
single_baseline_11,dual_baseline_11,18,cosine_error,0.00098119678846309,0.0016104724420231697,neither_zero,True
single_baseline_11,dual_baseline_11,18,log_norm_ratio,7.718259425208674e-05,0.00017426153486520073,neither_zero,True
single_baseline_11,dual_baseline_11,20,relative_l2,0.020903872979527588,0.03618305776935488,neither_zero,True
single_baseline_11,dual_baseline_11,20,max_abs,0.005422643152996898,0.005794270662590861,neither_zero,True
single_baseline_11,dual_baseline_11,20,normalized_max_abs,1.8075542953335524,1.9314304327498888,neither_zero,True
single_baseline_11,dual_baseline_11,20,cosine_error,0.00021849541537433126,0.0006546084234719807,neither_zero,True
single_baseline_11,dual_baseline_11,20,log_norm_ratio,4.874667297449444e-05,3.119384705013665e-05,neither_zero,False
single_baseline_11,dual_baseline_11,21,relative_l2,0.03690278036431938,0.050826764560299505,neither_zero,True
single_baseline_11,dual_baseline_11,21,max_abs,0.0043322425335645676,0.005037351744249463,neither_zero,True
single_baseline_11,dual_baseline_11,21,normalized_max_abs,1.4442850622677186,1.6793544432923737,neither_zero,True
single_baseline_11,dual_baseline_11,21,cosine_error,0.0006809351136829456,0.0012917344042318035,neither_zero,True
single_baseline_11,dual_baseline_11,21,log_norm_ratio,4.1683391137855354e-05,0.00022368858879896094,neither_zero,True
single_baseline_11,dual_baseline_11,22,relative_l2,0.051182722145880585,0.0577932887500439,neither_zero,True
single_baseline_11,dual_baseline_11,22,max_abs,0.005071869818493724,0.005380292423069477,neither_zero,True
single_baseline_11,dual_baseline_11,22,normalized_max_abs,1.6909648658209222,1.793792894607881,neither_zero,True
single_baseline_11,dual_baseline_11,22,cosine_error,0.0013098475755259908,0.0016701450821178243,neither_zero,True
single_baseline_11,dual_baseline_11,22,log_norm_ratio,9.233964352615555e-06,0.00012333987278905878,neither_zero,True
single_baseline_11,dual_baseline_11,24,relative_l2,0.01064288840101076,0.02795966456988454,neither_zero,True
single_baseline_11,dual_baseline_11,24,max_abs,0.0021496108383871615,0.004742427030578256,neither_zero,True
single_baseline_11,dual_baseline_11,24,normalized_max_abs,0.7166477333149109,1.5810536720436101,neither_zero,True
single_baseline_11,dual_baseline_11,24,cosine_error,5.6637095266487414e-05,0.0003909045336550898,neither_zero,True
single_baseline_11,dual_baseline_11,24,log_norm_ratio,4.7112508675972037e-05,0.0001037535551461458,neither_zero,True
single_baseline_11,dual_baseline_11,25,relative_l2,0.006881163533469813,0.020624469441589088,neither_zero,True
single_baseline_11,dual_baseline_11,25,max_abs,0.0016253221401711926,0.0037428823998197913,neither_zero,True
single_baseline_11,dual_baseline_11,25,normalized_max_abs,0.5418186157126111,1.2477301994024919,neither_zero,True
single_baseline_11,dual_baseline_11,25,cosine_error,2.367547699289041e-05,0.00021269104683663276,neither_zero,True
single_baseline_11,dual_baseline_11,25,log_norm_ratio,1.941977420062986e-05,8.241009325611086e-05,neither_zero,True
single_baseline_11,dual_baseline_11,26,relative_l2,0.0010461493034303237,0.0030323136778769143,neither_zero,True
single_baseline_11,dual_baseline_11,26,max_abs,0.00022725085727870464,0.0004952069721184671,neither_zero,True
single_baseline_11,dual_baseline_11,26,normalized_max_abs,0.07576105695303992,0.16509247524793977,neither_zero,True
single_baseline_11,dual_baseline_11,26,cosine_error,5.472143289608766e-07,4.597282226015409e-06,neither_zero,True
single_baseline_11,dual_baseline_11,26,log_norm_ratio,4.971236295928619e-07,2.4824088155444077e-05,neither_zero,True
single_baseline_11,dual_baseline_11,28,relative_l2,0.0,0.0,neither_zero,True
single_baseline_11,dual_baseline_11,28,max_abs,0.0,0.0,neither_zero,True
single_baseline_11,dual_baseline_11,28,normalized_max_abs,0.0,0.0,neither_zero,True
single_baseline_11,dual_baseline_11,28,cosine_error,0.0,0.0,neither_zero,True
single_baseline_11,dual_baseline_11,28,log_norm_ratio,0.0,0.0,neither_zero,True
single_baseline_11,dual_baseline_11,29,relative_l2,0.0,0.0,neither_zero,True
single_baseline_11,dual_baseline_11,29,max_abs,0.0,0.0,neither_zero,True
single_baseline_11,dual_baseline_11,29,normalized_max_abs,0.0,0.0,neither_zero,True
single_baseline_11,dual_baseline_11,29,cosine_error,0.0,0.0,neither_zero,True
single_baseline_11,dual_baseline_11,29,log_norm_ratio,0.0,0.0,neither_zero,True
single_baseline_11,dual_baseline_11,30,relative_l2,0.0,0.0,neither_zero,True
single_baseline_11,dual_baseline_11,30,max_abs,0.0,0.0,neither_zero,True
single_baseline_11,dual_baseline_11,30,normalized_max_abs,0.0,0.0,neither_zero,True
single_baseline_11,dual_baseline_11,30,cosine_error,0.0,0.0,neither_zero,True
single_baseline_11,dual_baseline_11,30,log_norm_ratio,0.0,0.0,neither_zero,True
single_baseline_11,dual_baseline_11,global,relative_l2,0.06621510948170185,0.07576209242758418,neither_zero,True
single_baseline_11,dual_baseline_11,global,max_abs,0.005955265136435628,0.005976773798465729,neither_zero,True
single_baseline_11,dual_baseline_11,global,normalized_max_abs,1.985095602550436,1.9922651826504838,neither_zero,True
single_baseline_11,dual_baseline_11,global,cosine_error,0.0021922324198708765,0.002869989563512809,neither_zero,True
single_baseline_11,dual_baseline_11,global,log_norm_ratio,5.507278454947053e-06,2.5695636726825657e-05,neither_zero,True
single_baseline_11,dual_baseline_12,0,relative_l2,0.036019133686635084,0.06824693312551014,neither_zero,True
single_baseline_11,dual_baseline_12,0,max_abs,0.005839200224727392,0.0059624831192195415,neither_zero,True
single_baseline_11,dual_baseline_12,0,normalized_max_abs,1.9464212066936122,1.9875157967593196,neither_zero,True
single_baseline_11,dual_baseline_12,0,cosine_error,0.0006487014446683315,0.0023289119890768095,neither_zero,True
single_baseline_11,dual_baseline_12,0,log_norm_ratio,1.948326334081197e-05,0.00013442475574679274,neither_zero,True
single_baseline_11,dual_baseline_12,1,relative_l2,0.09381413896966477,0.13775838756793352,neither_zero,True
single_baseline_11,dual_baseline_12,1,max_abs,0.005883839214220643,0.005959174828603864,neither_zero,True
single_baseline_11,dual_baseline_12,1,normalized_max_abs,1.9613425879753554,1.9864546474587708,neither_zero,True
single_baseline_11,dual_baseline_12,1,cosine_error,0.0044008219560293105,0.009490543321821088,neither_zero,True
single_baseline_11,dual_baseline_12,1,log_norm_ratio,6.308346888974163e-05,0.000354146493600735,neither_zero,True
single_baseline_11,dual_baseline_12,2,relative_l2,0.053035689297635656,0.09472783252409434,neither_zero,True
single_baseline_11,dual_baseline_12,2,max_abs,0.005949712125584483,0.005975238047540188,neither_zero,True
single_baseline_11,dual_baseline_12,2,normalized_max_abs,1.983263216764894,1.9917722774521038,neither_zero,True
single_baseline_11,dual_baseline_12,2,cosine_error,0.0014065416497862637,0.004487133243832653,neither_zero,True
single_baseline_11,dual_baseline_12,2,log_norm_ratio,0.00011063144816928397,0.0001280474477327828,neither_zero,True
single_baseline_11,dual_baseline_12,4,relative_l2,0.08988323611042223,0.13372897703352327,neither_zero,True
single_baseline_11,dual_baseline_12,4,max_abs,0.005937759764492512,0.005976773798465729,neither_zero,True
single_baseline_11,dual_baseline_12,4,normalized_max_abs,1.9792910264736598,1.9922961072686851,neither_zero,True
single_baseline_11,dual_baseline_12,4,cosine_error,0.004039649348015151,0.008942036081358573,neither_zero,True
single_baseline_11,dual_baseline_12,4,log_norm_ratio,3.7625005804673616e-05,0.0001512792312364743,neither_zero,True
single_baseline_11,dual_baseline_12,5,relative_l2,0.09457577252652716,0.11086688207218229,neither_zero,True
single_baseline_11,dual_baseline_12,5,max_abs,0.005923035321757197,0.005959352012723684,neither_zero,True
single_baseline_11,dual_baseline_12,5,normalized_max_abs,1.9743794140606385,1.9864851880660115,neither_zero,True
single_baseline_11,dual_baseline_12,5,cosine_error,0.0044723571655275185,0.006145754620427768,neither_zero,True
single_baseline_11,dual_baseline_12,5,log_norm_ratio,1.5408042150391178e-05,0.00010396011900955024,neither_zero,True
single_baseline_11,dual_baseline_12,6,relative_l2,0.09581713712149677,0.12145219557566955,neither_zero,True
single_baseline_11,dual_baseline_12,6,max_abs,0.0059420878533273935,0.005959737114608288,neither_zero,True
single_baseline_11,dual_baseline_12,6,normalized_max_abs,1.980737439765451,1.9866206500891914,neither_zero,True
single_baseline_11,dual_baseline_12,6,cosine_error,0.00459077807438335,0.007375358114384278,neither_zero,True
single_baseline_11,dual_baseline_12,6,log_norm_ratio,6.940229482230635e-05,0.0001067684111316779,neither_zero,True
single_baseline_11,dual_baseline_12,8,relative_l2,0.08534551855612055,0.10452082796646944,neither_zero,True
single_baseline_11,dual_baseline_12,8,max_abs,0.005942357471212745,0.005964341107755899,neither_zero,True
single_baseline_11,dual_baseline_12,8,normalized_max_abs,1.9808170140412282,1.9881450082768717,neither_zero,True
single_baseline_11,dual_baseline_12,8,cosine_error,0.0036421538226120154,0.005462305636124598,neither_zero,True
single_baseline_11,dual_baseline_12,8,log_norm_ratio,6.232659964247909e-05,0.00011319355897037096,neither_zero,True
single_baseline_11,dual_baseline_12,9,relative_l2,0.09231301957081657,0.11375555232581419,neither_zero,True
single_baseline_11,dual_baseline_12,9,max_abs,0.005935577442869544,0.005957070272415876,neither_zero,True
single_baseline_11,dual_baseline_12,9,normalized_max_abs,1.9785629578118475,1.9857270605934405,neither_zero,True
single_baseline_11,dual_baseline_12,9,cosine_error,0.004261084107541113,0.0064710255121182,neither_zero,True
single_baseline_11,dual_baseline_12,9,log_norm_ratio,5.606428002972871e-05,0.00018101471761390988,neither_zero,True
single_baseline_11,dual_baseline_12,10,relative_l2,0.1048954353477119,0.11462983090523451,neither_zero,True
single_baseline_11,dual_baseline_12,10,max_abs,0.005930876592174172,0.00594778242520988,neither_zero,True
single_baseline_11,dual_baseline_12,10,normalized_max_abs,1.977011628959255,1.9826470570430124,neither_zero,True
single_baseline_11,dual_baseline_12,10,cosine_error,0.0055017299791121355,0.006571025593287261,neither_zero,True
single_baseline_11,dual_baseline_12,10,log_norm_ratio,3.716926753592012e-05,0.0001985496010601438,neither_zero,True
single_baseline_11,dual_baseline_12,12,relative_l2,0.10095320004908745,0.1281904108794343,neither_zero,True
single_baseline_11,dual_baseline_12,12,max_abs,0.005862746620550752,0.005939641036093235,neither_zero,True
single_baseline_11,dual_baseline_12,12,normalized_max_abs,1.9543647390302712,1.9799972695114094,neither_zero,True
single_baseline_11,dual_baseline_12,12,cosine_error,0.005096137101284981,0.008216884210253905,neither_zero,True
single_baseline_11,dual_baseline_12,12,log_norm_ratio,7.169831641481644e-05,0.0003993144073782176,neither_zero,True
single_baseline_11,dual_baseline_12,13,relative_l2,0.07191965030651644,0.08811547143108552,neither_zero,True
single_baseline_11,dual_baseline_12,13,max_abs,0.005811593495309353,0.005892634857445955,neither_zero,True
single_baseline_11,dual_baseline_12,13,normalized_max_abs,1.9372660745730046,1.9642808135823902,neither_zero,True
single_baseline_11,dual_baseline_12,13,cosine_error,0.0025863310877263235,0.003882467918829735,neither_zero,True
single_baseline_11,dual_baseline_12,13,log_norm_ratio,4.408241594345956e-05,0.00017695298734545184,neither_zero,True
single_baseline_11,dual_baseline_12,14,relative_l2,0.07706769980490358,0.09979719351372945,neither_zero,True
single_baseline_11,dual_baseline_12,14,max_abs,0.005887674167752266,0.005890344735234976,neither_zero,True
single_baseline_11,dual_baseline_12,14,normalized_max_abs,1.9626683207884896,1.9635584075632604,neither_zero,True
single_baseline_11,dual_baseline_12,14,cosine_error,0.0029700476875519355,0.004980025156854584,neither_zero,True
single_baseline_11,dual_baseline_12,14,log_norm_ratio,0.00011415480409211795,0.0002657099935791046,neither_zero,True
single_baseline_11,dual_baseline_12,16,relative_l2,0.07019773542927663,0.08436554172823829,neither_zero,True
single_baseline_11,dual_baseline_12,16,max_abs,0.005564912222325802,0.005808895919471979,neither_zero,True
single_baseline_11,dual_baseline_12,16,normalized_max_abs,1.8550948305034756,1.9364281700460415,neither_zero,True
single_baseline_11,dual_baseline_12,16,cosine_error,0.002463885980021341,0.003559225492313911,neither_zero,True
single_baseline_11,dual_baseline_12,16,log_norm_ratio,1.0147358819444578e-05,0.0002576750825546444,neither_zero,True
single_baseline_11,dual_baseline_12,17,relative_l2,0.056510729811011025,0.07984475971614276,neither_zero,True
single_baseline_11,dual_baseline_12,17,max_abs,0.005503438645973802,0.005828710272908211,neither_zero,True
single_baseline_11,dual_baseline_12,17,normalized_max_abs,1.8346061122415818,1.9430371665975241,neither_zero,True
single_baseline_11,dual_baseline_12,17,cosine_error,0.0015969330177433294,0.003187814275713241,neither_zero,True
single_baseline_11,dual_baseline_12,17,log_norm_ratio,0.00013176479967162607,0.0001790272257123107,neither_zero,True
single_baseline_11,dual_baseline_12,18,relative_l2,0.05184283403291508,0.05675008870631503,neither_zero,True
single_baseline_11,dual_baseline_12,18,max_abs,0.005540477344766259,0.005600189324468374,neither_zero,True
single_baseline_11,dual_baseline_12,18,normalized_max_abs,1.8469553472454745,1.8668605919637218,neither_zero,True
single_baseline_11,dual_baseline_12,18,cosine_error,0.0013439008349103165,0.0016104724420231697,neither_zero,True
single_baseline_11,dual_baseline_12,18,log_norm_ratio,4.627322491800024e-05,0.00017426153486520073,neither_zero,True
single_baseline_11,dual_baseline_12,20,relative_l2,0.00017545818249883972,0.03618305776935488,neither_zero,True
single_baseline_11,dual_baseline_12,20,max_abs,3.487267531454563e-05,0.005794270662590861,neither_zero,True
single_baseline_11,dual_baseline_12,20,normalized_max_abs,0.011624269209745738,1.9314304327498888,neither_zero,True
single_baseline_11,dual_baseline_12,20,cosine_error,1.5389400087606475e-08,0.0006546084234719807,neither_zero,True
single_baseline_11,dual_baseline_12,20,log_norm_ratio,2.6174370030305353e-06,3.119384705013665e-05,neither_zero,True
single_baseline_11,dual_baseline_12,21,relative_l2,0.037425243012890484,0.050826764560299505,neither_zero,True
single_baseline_11,dual_baseline_12,21,max_abs,0.0039618839509785175,0.005037351744249463,neither_zero,True
single_baseline_11,dual_baseline_12,21,normalized_max_abs,1.320814743058337,1.6793544432923737,neither_zero,True
single_baseline_11,dual_baseline_12,21,cosine_error,0.0007003602479176418,0.0012917344042318035,neither_zero,True
single_baseline_11,dual_baseline_12,21,log_norm_ratio,5.319614314938916e-05,0.00022368858879896094,neither_zero,True
single_baseline_11,dual_baseline_12,22,relative_l2,0.050594786445414874,0.0577932887500439,neither_zero,True
single_baseline_11,dual_baseline_12,22,max_abs,0.005051530199125409,0.005380292423069477,neither_zero,True
single_baseline_11,dual_baseline_12,22,normalized_max_abs,1.6841836228145302,1.793792894607881,neither_zero,True
single_baseline_11,dual_baseline_12,22,cosine_error,0.001279940178231409,0.0016701450821178243,neither_zero,True
single_baseline_11,dual_baseline_12,22,log_norm_ratio,1.886706371969107e-05,0.00012333987278905878,neither_zero,True
single_baseline_11,dual_baseline_12,24,relative_l2,0.014101633368484346,0.02795966456988454,neither_zero,True
single_baseline_11,dual_baseline_12,24,max_abs,0.0027942010783590376,0.004742427030578256,neither_zero,True
single_baseline_11,dual_baseline_12,24,normalized_max_abs,0.9315443676933239,1.5810536720436101,neither_zero,True
single_baseline_11,dual_baseline_12,24,cosine_error,9.943107317555988e-05,0.0003909045336550898,neither_zero,True
single_baseline_11,dual_baseline_12,24,log_norm_ratio,3.775649750923039e-05,0.0001037535551461458,neither_zero,True
single_baseline_11,dual_baseline_12,25,relative_l2,0.009496993384601488,0.020624469441589088,neither_zero,True
single_baseline_11,dual_baseline_12,25,max_abs,0.0024783870321698487,0.0037428823998197913,neither_zero,True
single_baseline_11,dual_baseline_12,25,normalized_max_abs,0.8261969721454206,1.2477301994024919,neither_zero,True
single_baseline_11,dual_baseline_12,25,cosine_error,4.509695346843756e-05,0.00021269104683663276,neither_zero,True
single_baseline_11,dual_baseline_12,25,log_norm_ratio,1.3314332302987686e-05,8.241009325611086e-05,neither_zero,True
single_baseline_11,dual_baseline_12,26,relative_l2,0.0011082933003152648,0.0030323136778769143,neither_zero,True
single_baseline_11,dual_baseline_12,26,max_abs,0.00023310352116823196,0.0004952069721184671,neither_zero,True
single_baseline_11,dual_baseline_12,26,normalized_max_abs,0.07771222231968002,0.16509247524793977,neither_zero,True
single_baseline_11,dual_baseline_12,26,cosine_error,6.141571199380635e-07,4.597282226015409e-06,neither_zero,True
single_baseline_11,dual_baseline_12,26,log_norm_ratio,1.9795883038512362e-07,2.4824088155444077e-05,neither_zero,True
single_baseline_11,dual_baseline_12,28,relative_l2,0.0,0.0,neither_zero,True
single_baseline_11,dual_baseline_12,28,max_abs,0.0,0.0,neither_zero,True
single_baseline_11,dual_baseline_12,28,normalized_max_abs,0.0,0.0,neither_zero,True
single_baseline_11,dual_baseline_12,28,cosine_error,0.0,0.0,neither_zero,True
single_baseline_11,dual_baseline_12,28,log_norm_ratio,0.0,0.0,neither_zero,True
single_baseline_11,dual_baseline_12,29,relative_l2,0.0,0.0,neither_zero,True
single_baseline_11,dual_baseline_12,29,max_abs,0.0,0.0,neither_zero,True
single_baseline_11,dual_baseline_12,29,normalized_max_abs,0.0,0.0,neither_zero,True
single_baseline_11,dual_baseline_12,29,cosine_error,0.0,0.0,neither_zero,True
single_baseline_11,dual_baseline_12,29,log_norm_ratio,0.0,0.0,neither_zero,True
single_baseline_11,dual_baseline_12,30,relative_l2,0.0,0.0,neither_zero,True
single_baseline_11,dual_baseline_12,30,max_abs,0.0,0.0,neither_zero,True
single_baseline_11,dual_baseline_12,30,normalized_max_abs,0.0,0.0,neither_zero,True
single_baseline_11,dual_baseline_12,30,cosine_error,0.0,0.0,neither_zero,True
single_baseline_11,dual_baseline_12,30,log_norm_ratio,0.0,0.0,neither_zero,True
single_baseline_11,dual_baseline_12,global,relative_l2,0.0653512601686426,0.07576209242758418,neither_zero,True
single_baseline_11,dual_baseline_12,global,max_abs,0.005949712125584483,0.005976773798465729,neither_zero,True
single_baseline_11,dual_baseline_12,global,normalized_max_abs,1.9832449000388286,1.9922651826504838,neither_zero,True
single_baseline_11,dual_baseline_12,global,cosine_error,0.002135430824341422,0.002869989563512809,neither_zero,True
single_baseline_11,dual_baseline_12,global,log_norm_ratio,1.750233193064494e-05,2.5695636726825657e-05,neither_zero,True
single_baseline_11,dual_baseline_13,0,relative_l2,0.05708242149557953,0.06824693312551014,neither_zero,True
single_baseline_11,dual_baseline_13,0,max_abs,0.0059599855449050665,0.0059624831192195415,neither_zero,True
single_baseline_11,dual_baseline_13,0,normalized_max_abs,1.9866834172024288,1.9875157967593196,neither_zero,True
single_baseline_11,dual_baseline_13,0,cosine_error,0.0016294033442058042,0.0023289119890768095,neither_zero,True
single_baseline_11,dual_baseline_13,0,log_norm_ratio,0.00012904150154926275,0.00013442475574679274,neither_zero,True
single_baseline_11,dual_baseline_13,1,relative_l2,0.1084161440027544,0.13775838756793352,neither_zero,True
single_baseline_11,dual_baseline_13,1,max_abs,0.0059199638199061155,0.005959174828603864,neither_zero,True
single_baseline_11,dual_baseline_13,1,normalized_max_abs,1.9733835901213048,1.9864546474587708,neither_zero,True
single_baseline_11,dual_baseline_13,1,cosine_error,0.005877059090271031,0.009490543321821088,neither_zero,True
single_baseline_11,dual_baseline_13,1,log_norm_ratio,4.928021651652699e-06,0.000354146493600735,neither_zero,True
single_baseline_11,dual_baseline_13,2,relative_l2,0.0912246074847065,0.09472783252409434,neither_zero,True
single_baseline_11,dual_baseline_13,2,max_abs,0.005965915974229574,0.005975238047540188,neither_zero,True
single_baseline_11,dual_baseline_13,2,normalized_max_abs,1.9886645700252719,1.9917722774521038,neither_zero,True
single_baseline_11,dual_baseline_13,2,cosine_error,0.004161179816968286,0.004487133243832653,neither_zero,True
single_baseline_11,dual_baseline_13,2,log_norm_ratio,5.207004397493417e-05,0.0001280474477327828,neither_zero,True
single_baseline_11,dual_baseline_13,4,relative_l2,0.11290498229065277,0.13372897703352327,neither_zero,True
single_baseline_11,dual_baseline_13,4,max_abs,0.005969342077150941,0.005976773798465729,neither_zero,True
single_baseline_11,dual_baseline_13,4,normalized_max_abs,1.989818819363033,1.9922961072686851,neither_zero,True
single_baseline_11,dual_baseline_13,4,cosine_error,0.00637400491732687,0.008942036081358573,neither_zero,True
single_baseline_11,dual_baseline_13,4,log_norm_ratio,3.7355862997371844e-05,0.0001512792312364743,neither_zero,True
single_baseline_11,dual_baseline_13,5,relative_l2,0.09685388453724345,0.11086688207218229,neither_zero,True
single_baseline_11,dual_baseline_13,5,max_abs,0.005942037561908364,0.005959352012723684,neither_zero,True
single_baseline_11,dual_baseline_13,5,normalized_max_abs,1.9807134504476207,1.9864851880660115,neither_zero,True
single_baseline_11,dual_baseline_13,5,cosine_error,0.004690669525061475,0.006145754620427768,neither_zero,True
single_baseline_11,dual_baseline_13,5,log_norm_ratio,7.133440904920578e-05,0.00010396011900955024,neither_zero,True
single_baseline_11,dual_baseline_13,6,relative_l2,0.11049154287539222,0.12145219557566955,neither_zero,True
single_baseline_11,dual_baseline_13,6,max_abs,0.005937971407547593,0.005959737114608288,neither_zero,True
single_baseline_11,dual_baseline_13,6,normalized_max_abs,1.9793652624304676,1.9866206500891914,neither_zero,True
single_baseline_11,dual_baseline_13,6,cosine_error,0.006104960592730024,0.007375358114384278,neither_zero,True
single_baseline_11,dual_baseline_13,6,log_norm_ratio,0.00012747715689183476,0.0001067684111316779,neither_zero,False
single_baseline_11,dual_baseline_13,8,relative_l2,0.0835876104245712,0.10452082796646944,neither_zero,True
single_baseline_11,dual_baseline_13,8,max_abs,0.005944589385762811,0.005964341107755899,neither_zero,True
single_baseline_11,dual_baseline_13,8,normalized_max_abs,1.9815609972728117,1.9881450082768717,neither_zero,True
single_baseline_11,dual_baseline_13,8,cosine_error,0.003493846222384578,0.005462305636124598,neither_zero,True
single_baseline_11,dual_baseline_13,8,log_norm_ratio,0.00011700051708662121,0.00011319355897037096,neither_zero,False
single_baseline_11,dual_baseline_13,9,relative_l2,0.09883719441082914,0.11375555232581419,neither_zero,True
single_baseline_11,dual_baseline_13,9,max_abs,0.00592990405857563,0.005957070272415876,neither_zero,True
single_baseline_11,dual_baseline_13,9,normalized_max_abs,1.9766716407983105,1.9857270605934405,neither_zero,True
single_baseline_11,dual_baseline_13,9,cosine_error,0.004884411537171229,0.0064710255121182,neither_zero,True
single_baseline_11,dual_baseline_13,9,log_norm_ratio,3.284549632163051e-06,0.00018101471761390988,neither_zero,True
single_baseline_11,dual_baseline_13,10,relative_l2,0.09511974843429132,0.11462983090523451,neither_zero,True
single_baseline_11,dual_baseline_13,10,max_abs,0.005858824821189046,0.00594778242520988,neither_zero,True
single_baseline_11,dual_baseline_13,10,normalized_max_abs,1.9529937309452137,1.9826470570430124,neither_zero,True
single_baseline_11,dual_baseline_13,10,cosine_error,0.004524213073639927,0.006571025593287261,neither_zero,True
single_baseline_11,dual_baseline_13,10,log_norm_ratio,7.349686025753372e-05,0.0001985496010601438,neither_zero,True
single_baseline_11,dual_baseline_13,12,relative_l2,0.09311461173009485,0.1281904108794343,neither_zero,True
single_baseline_11,dual_baseline_13,12,max_abs,0.005803509848192334,0.005939641036093235,neither_zero,True
single_baseline_11,dual_baseline_13,12,normalized_max_abs,1.9346179775472756,1.9799972695114094,neither_zero,True
single_baseline_11,dual_baseline_13,12,cosine_error,0.004335235422215256,0.008216884210253905,neither_zero,True
single_baseline_11,dual_baseline_13,12,log_norm_ratio,1.6168596180462116e-05,0.0003993144073782176,neither_zero,True
single_baseline_11,dual_baseline_13,13,relative_l2,0.061817507657543236,0.08811547143108552,neither_zero,True
single_baseline_11,dual_baseline_13,13,max_abs,0.00579207600094378,0.005892634857445955,neither_zero,True
single_baseline_11,dual_baseline_13,13,normalized_max_abs,1.9307597142291677,1.9642808135823902,neither_zero,True
single_baseline_11,dual_baseline_13,13,cosine_error,0.0019108231438634826,0.003882467918829735,neither_zero,True
single_baseline_11,dual_baseline_13,13,log_norm_ratio,6.442051063308278e-05,0.00017695298734545184,neither_zero,True
single_baseline_11,dual_baseline_13,14,relative_l2,0.07700803151335604,0.09979719351372945,neither_zero,True
single_baseline_11,dual_baseline_13,14,max_abs,0.005789617309346795,0.005890344735234976,neither_zero,True
single_baseline_11,dual_baseline_13,14,normalized_max_abs,1.929980565313431,1.9635584075632604,neither_zero,True
single_baseline_11,dual_baseline_13,14,cosine_error,0.002965401057025696,0.004980025156854584,neither_zero,True
single_baseline_11,dual_baseline_13,14,log_norm_ratio,9.688575999859131e-05,0.0002657099935791046,neither_zero,True
single_baseline_11,dual_baseline_13,16,relative_l2,0.05123757060573921,0.08436554172823829,neither_zero,True
single_baseline_11,dual_baseline_13,16,max_abs,0.005513705546036363,0.005808895919471979,neither_zero,True
single_baseline_11,dual_baseline_13,16,normalized_max_abs,1.8380242259340314,1.9364281700460415,neither_zero,True
single_baseline_11,dual_baseline_13,16,cosine_error,0.0013126472446278736,0.003559225492313911,neither_zero,True
single_baseline_11,dual_baseline_13,16,log_norm_ratio,2.2293341808768154e-06,0.0002576750825546444,neither_zero,True
single_baseline_11,dual_baseline_13,17,relative_l2,0.057559948410188466,0.07984475971614276,neither_zero,True
single_baseline_11,dual_baseline_13,17,max_abs,0.005510140908882022,0.005828710272908211,neither_zero,True
single_baseline_11,dual_baseline_13,17,normalized_max_abs,1.8368403540108194,1.9430371665975241,neither_zero,True
single_baseline_11,dual_baseline_13,17,cosine_error,0.0016567546395215293,0.003187814275713241,neither_zero,True
single_baseline_11,dual_baseline_13,17,log_norm_ratio,0.00011299359524978159,0.0001790272257123107,neither_zero,True
single_baseline_11,dual_baseline_13,18,relative_l2,0.041946357621360085,0.05675008870631503,neither_zero,True
single_baseline_11,dual_baseline_13,18,max_abs,0.005141194444149733,0.005600189324468374,neither_zero,True
single_baseline_11,dual_baseline_13,18,normalized_max_abs,1.7138515766727396,1.8668605919637218,neither_zero,True
single_baseline_11,dual_baseline_13,18,cosine_error,0.0008797616635138894,0.0016104724420231697,neither_zero,True
single_baseline_11,dual_baseline_13,18,log_norm_ratio,1.5139750350618045e-05,0.00017426153486520073,neither_zero,True
single_baseline_11,dual_baseline_13,20,relative_l2,0.03490023519646423,0.03618305776935488,neither_zero,True
single_baseline_11,dual_baseline_13,20,max_abs,0.005725527415052056,0.005794270662590861,neither_zero,True
single_baseline_11,dual_baseline_13,20,normalized_max_abs,1.9085160834173143,1.9314304327498888,neither_zero,True
single_baseline_11,dual_baseline_13,20,cosine_error,0.0006090225912880332,0.0006546084234719807,neither_zero,True
single_baseline_11,dual_baseline_13,20,log_norm_ratio,1.5606581352060302e-05,3.119384705013665e-05,neither_zero,True
single_baseline_11,dual_baseline_13,21,relative_l2,0.039994351280323776,0.050826764560299505,neither_zero,True
single_baseline_11,dual_baseline_13,21,max_abs,0.004885557806119323,0.005037351744249463,neither_zero,True
single_baseline_11,dual_baseline_13,21,normalized_max_abs,1.6287494427769258,1.6793544432923737,neither_zero,True
single_baseline_11,dual_baseline_13,21,cosine_error,0.0007998667188241493,0.0012917344042318035,neither_zero,True
single_baseline_11,dual_baseline_13,21,log_norm_ratio,0.00012572074557757376,0.00022368858879896094,neither_zero,True
single_baseline_11,dual_baseline_13,22,relative_l2,0.021240398284689,0.0577932887500439,neither_zero,True
single_baseline_11,dual_baseline_13,22,max_abs,0.002992125111632049,0.005380292423069477,neither_zero,True
single_baseline_11,dual_baseline_13,22,normalized_max_abs,0.9975764809079124,1.793792894607881,neither_zero,True
single_baseline_11,dual_baseline_13,22,cosine_error,0.00022558142558515293,0.0016701450821178243,neither_zero,True
single_baseline_11,dual_baseline_13,22,log_norm_ratio,1.9292744071965843e-05,0.00012333987278905878,neither_zero,True
single_baseline_11,dual_baseline_13,24,relative_l2,0.007649265270921939,0.02795966456988454,neither_zero,True
single_baseline_11,dual_baseline_13,24,max_abs,0.000976078343228437,0.004742427030578256,neither_zero,True
single_baseline_11,dual_baseline_13,24,normalized_max_abs,0.3254097531147854,1.5810536720436101,neither_zero,True
single_baseline_11,dual_baseline_13,24,cosine_error,2.9256035795954816e-05,0.0003909045336550898,neither_zero,True
single_baseline_11,dual_baseline_13,24,log_norm_ratio,3.585243105799332e-05,0.0001037535551461458,neither_zero,True
single_baseline_11,dual_baseline_13,25,relative_l2,0.009077893902538839,0.020624469441589088,neither_zero,True
single_baseline_11,dual_baseline_13,25,max_abs,0.002201581373810768,0.0037428823998197913,neither_zero,True
single_baseline_11,dual_baseline_13,25,normalized_max_abs,0.7339207719311699,1.2477301994024919,neither_zero,True
single_baseline_11,dual_baseline_13,25,cosine_error,4.120481874936299e-05,0.00021269104683663276,neither_zero,True
single_baseline_11,dual_baseline_13,25,log_norm_ratio,2.6438999171429137e-05,8.241009325611086e-05,neither_zero,True
single_baseline_11,dual_baseline_13,26,relative_l2,0.0003910938753350781,0.0030323136778769143,neither_zero,True
single_baseline_11,dual_baseline_13,26,max_abs,8.131121285259724e-05,0.0004952069721184671,neither_zero,True
single_baseline_11,dual_baseline_13,26,normalized_max_abs,0.027107593695260036,0.16509247524793977,neither_zero,True
single_baseline_11,dual_baseline_13,26,cosine_error,7.647720845493922e-08,4.597282226015409e-06,neither_zero,True
single_baseline_11,dual_baseline_13,26,log_norm_ratio,6.0446059086339605e-09,2.4824088155444077e-05,neither_zero,True
single_baseline_11,dual_baseline_13,28,relative_l2,0.0,0.0,neither_zero,True
single_baseline_11,dual_baseline_13,28,max_abs,0.0,0.0,neither_zero,True
single_baseline_11,dual_baseline_13,28,normalized_max_abs,0.0,0.0,neither_zero,True
single_baseline_11,dual_baseline_13,28,cosine_error,0.0,0.0,neither_zero,True
single_baseline_11,dual_baseline_13,28,log_norm_ratio,0.0,0.0,neither_zero,True
single_baseline_11,dual_baseline_13,29,relative_l2,0.0,0.0,neither_zero,True
single_baseline_11,dual_baseline_13,29,max_abs,0.0,0.0,neither_zero,True
single_baseline_11,dual_baseline_13,29,normalized_max_abs,0.0,0.0,neither_zero,True
single_baseline_11,dual_baseline_13,29,cosine_error,0.0,0.0,neither_zero,True
single_baseline_11,dual_baseline_13,29,log_norm_ratio,0.0,0.0,neither_zero,True
single_baseline_11,dual_baseline_13,30,relative_l2,0.0,0.0,neither_zero,True
single_baseline_11,dual_baseline_13,30,max_abs,0.0,0.0,neither_zero,True
single_baseline_11,dual_baseline_13,30,normalized_max_abs,0.0,0.0,neither_zero,True
single_baseline_11,dual_baseline_13,30,cosine_error,0.0,0.0,neither_zero,True
single_baseline_11,dual_baseline_13,30,log_norm_ratio,0.0,0.0,neither_zero,True
single_baseline_11,dual_baseline_13,global,relative_l2,0.0687031025933259,0.07576209242758418,neither_zero,True
single_baseline_11,dual_baseline_13,global,max_abs,0.005969342077150941,0.005976773798465729,neither_zero,True
single_baseline_11,dual_baseline_13,global,normalized_max_abs,1.9897879331975408,1.9922651826504838,neither_zero,True
single_baseline_11,dual_baseline_13,global,cosine_error,0.0023600750986123575,0.002869989563512809,neither_zero,True
single_baseline_11,dual_baseline_13,global,log_norm_ratio,7.191108916014173e-06,2.5695636726825657e-05,neither_zero,True
single_baseline_11,dual_baseline_14,0,relative_l2,0.06037334764319543,0.06824693312551014,neither_zero,True
single_baseline_11,dual_baseline_14,0,max_abs,0.005945548880845308,0.0059624831192195415,neither_zero,True
single_baseline_11,dual_baseline_14,0,normalized_max_abs,1.9818711436035839,1.9875157967593196,neither_zero,True
single_baseline_11,dual_baseline_14,0,cosine_error,0.0018224875652842476,0.0023289119890768095,neither_zero,True
single_baseline_11,dual_baseline_14,0,log_norm_ratio,9.358822064154944e-06,0.00013442475574679274,neither_zero,True
single_baseline_11,dual_baseline_14,1,relative_l2,0.1110455781381483,0.13775838756793352,neither_zero,True
single_baseline_11,dual_baseline_14,1,max_abs,0.00591189437545836,0.005959174828603864,neither_zero,True
single_baseline_11,dual_baseline_14,1,normalized_max_abs,1.9706947610180552,1.9864546474587708,neither_zero,True
single_baseline_11,dual_baseline_14,1,cosine_error,0.006166328098728191,0.009490543321821088,neither_zero,True
single_baseline_11,dual_baseline_14,1,log_norm_ratio,0.0001258204069911844,0.000354146493600735,neither_zero,True
single_baseline_11,dual_baseline_14,2,relative_l2,0.061025336807452105,0.09472783252409434,neither_zero,True
single_baseline_11,dual_baseline_14,2,max_abs,0.005954094463959336,0.005975238047540188,neither_zero,True
single_baseline_11,dual_baseline_14,2,normalized_max_abs,1.9847240152571253,1.9917722774521038,neither_zero,True
single_baseline_11,dual_baseline_14,2,cosine_error,0.0018621579799769084,0.004487133243832653,neither_zero,True
single_baseline_11,dual_baseline_14,2,log_norm_ratio,6.121431111690131e-05,0.0001280474477327828,neither_zero,True
single_baseline_11,dual_baseline_14,4,relative_l2,0.10194662412678189,0.13372897703352327,neither_zero,True
single_baseline_11,dual_baseline_14,4,max_abs,0.005931138526648283,0.005976773798465729,neither_zero,True
single_baseline_11,dual_baseline_14,4,normalized_max_abs,1.9770840585176708,1.9922961072686851,neither_zero,True
single_baseline_11,dual_baseline_14,4,cosine_error,0.005196579381491873,0.008942036081358573,neither_zero,True
single_baseline_11,dual_baseline_14,4,log_norm_ratio,4.2923101435269735e-06,0.0001512792312364743,neither_zero,True
single_baseline_11,dual_baseline_14,5,relative_l2,0.08928028234013236,0.11086688207218229,neither_zero,True
single_baseline_11,dual_baseline_14,5,max_abs,0.0059073378797620535,0.005959352012723684,neither_zero,True
single_baseline_11,dual_baseline_14,5,normalized_max_abs,1.9691468424744492,1.9864851880660115,neither_zero,True
single_baseline_11,dual_baseline_14,5,cosine_error,0.003985488651869873,0.006145754620427768,neither_zero,True
single_baseline_11,dual_baseline_14,5,log_norm_ratio,1.0651327860410395e-06,0.00010396011900955024,neither_zero,True
single_baseline_11,dual_baseline_14,6,relative_l2,0.10805823235409788,0.12145219557566955,neither_zero,True
single_baseline_11,dual_baseline_14,6,max_abs,0.005941342329606414,0.005959737114608288,neither_zero,True
single_baseline_11,dual_baseline_14,6,normalized_max_abs,1.9804889266530856,1.9866206500891914,neither_zero,True
single_baseline_11,dual_baseline_14,6,cosine_error,0.005838527330567889,0.007375358114384278,neither_zero,True
single_baseline_11,dual_baseline_14,6,log_norm_ratio,4.06561558915029e-05,0.0001067684111316779,neither_zero,True
single_baseline_11,dual_baseline_14,8,relative_l2,0.07997982596877776,0.10452082796646944,neither_zero,True
single_baseline_11,dual_baseline_14,8,max_abs,0.005943778669461608,0.005964341107755899,neither_zero,True
single_baseline_11,dual_baseline_14,8,normalized_max_abs,1.9812906004796387,1.9881450082768717,neither_zero,True
single_baseline_11,dual_baseline_14,8,cosine_error,0.003198389289592707,0.005462305636124598,neither_zero,True
single_baseline_11,dual_baseline_14,8,log_norm_ratio,9.407989085715083e-07,0.00011319355897037096,neither_zero,True
single_baseline_11,dual_baseline_14,9,relative_l2,0.08977457095527606,0.11375555232581419,neither_zero,True
single_baseline_11,dual_baseline_14,9,max_abs,0.005936947884038091,0.005957070272415876,neither_zero,True
single_baseline_11,dual_baseline_14,9,normalized_max_abs,1.9790196265155908,1.9857270605934405,neither_zero,True
single_baseline_11,dual_baseline_14,9,cosine_error,0.004030447938510262,0.0064710255121182,neither_zero,True
single_baseline_11,dual_baseline_14,9,log_norm_ratio,0.0001805001026534441,0.00018101471761390988,neither_zero,True
single_baseline_11,dual_baseline_14,10,relative_l2,0.09593390960620657,0.11462983090523451,neither_zero,True
single_baseline_11,dual_baseline_14,10,max_abs,0.00594133441336453,0.00594778242520988,neither_zero,True
single_baseline_11,dual_baseline_14,10,normalized_max_abs,1.9804978161065219,1.9826470570430124,neither_zero,True
single_baseline_11,dual_baseline_14,10,cosine_error,0.0046021139711327486,0.006571025593287261,neither_zero,True
single_baseline_11,dual_baseline_14,10,log_norm_ratio,0.00010028347762049498,0.0001985496010601438,neither_zero,True
single_baseline_11,dual_baseline_14,12,relative_l2,0.08737578373329395,0.1281904108794343,neither_zero,True
single_baseline_11,dual_baseline_14,12,max_abs,0.005802251165732741,0.005939641036093235,neither_zero,True
single_baseline_11,dual_baseline_14,12,normalized_max_abs,1.9341983918520587,1.9799972695114094,neither_zero,True
single_baseline_11,dual_baseline_14,12,cosine_error,0.0038176892577553856,0.008216884210253905,neither_zero,True
single_baseline_11,dual_baseline_14,12,log_norm_ratio,0.00011312837271670199,0.0003993144073782176,neither_zero,True
single_baseline_11,dual_baseline_14,13,relative_l2,0.07627799730661387,0.08811547143108552,neither_zero,True
single_baseline_11,dual_baseline_14,13,max_abs,0.0057666299398988485,0.005892634857445955,neither_zero,True
single_baseline_11,dual_baseline_14,13,normalized_max_abs,1.9222776947836648,1.9642808135823902,neither_zero,True
single_baseline_11,dual_baseline_14,13,cosine_error,0.0029094657072922248,0.003882467918829735,neither_zero,True
single_baseline_11,dual_baseline_14,13,log_norm_ratio,0.00010475209523805545,0.00017695298734545184,neither_zero,True
single_baseline_11,dual_baseline_14,14,relative_l2,0.07578612892454874,0.09979719351372945,neither_zero,True
single_baseline_11,dual_baseline_14,14,max_abs,0.005788045935332775,0.005890344735234976,neither_zero,True
single_baseline_11,dual_baseline_14,14,normalized_max_abs,1.9294570441358385,1.9635584075632604,neither_zero,True
single_baseline_11,dual_baseline_14,14,cosine_error,0.00287183974769023,0.004980025156854584,neither_zero,True
single_baseline_11,dual_baseline_14,14,log_norm_ratio,2.4858230243619887e-05,0.0002657099935791046,neither_zero,True
single_baseline_11,dual_baseline_14,16,relative_l2,0.0632931698761733,0.08436554172823829,neither_zero,True
single_baseline_11,dual_baseline_14,16,max_abs,0.00556054525077343,0.005808895919471979,neither_zero,True
single_baseline_11,dual_baseline_14,16,normalized_max_abs,1.8536390759420183,1.9364281700460415,neither_zero,True
single_baseline_11,dual_baseline_14,16,cosine_error,0.002003192154842459,0.003559225492313911,neither_zero,True
single_baseline_11,dual_baseline_14,16,log_norm_ratio,9.169901583089126e-05,0.0002576750825546444,neither_zero,True
single_baseline_11,dual_baseline_14,17,relative_l2,0.054863378323385927,0.07984475971614276,neither_zero,True
single_baseline_11,dual_baseline_14,17,max_abs,0.005555396666750312,0.005828710272908211,neither_zero,True
single_baseline_11,dual_baseline_14,17,normalized_max_abs,1.8519266473885116,1.9430371665975241,neither_zero,True
single_baseline_11,dual_baseline_14,17,cosine_error,0.001505227714357238,0.003187814275713241,neither_zero,True
single_baseline_11,dual_baseline_14,17,log_norm_ratio,0.00016339054581010744,0.0001790272257123107,neither_zero,True
single_baseline_11,dual_baseline_14,18,relative_l2,0.04470849389750991,0.05675008870631503,neither_zero,True
single_baseline_11,dual_baseline_14,18,max_abs,0.00546642835251987,0.005600189324468374,neither_zero,True
single_baseline_11,dual_baseline_14,18,normalized_max_abs,1.822270476736299,1.8668605919637218,neither_zero,True
single_baseline_11,dual_baseline_14,18,cosine_error,0.000999498749887806,0.0016104724420231697,neither_zero,True
single_baseline_11,dual_baseline_14,18,log_norm_ratio,7.704599869152712e-05,0.00017426153486520073,neither_zero,True
single_baseline_11,dual_baseline_14,20,relative_l2,0.019633373868796284,0.03618305776935488,neither_zero,True
single_baseline_11,dual_baseline_14,20,max_abs,0.005309365689754486,0.005794270662590861,neither_zero,True
single_baseline_11,dual_baseline_14,20,normalized_max_abs,1.7697951408684958,1.9314304327498888,neither_zero,True
single_baseline_11,dual_baseline_14,20,cosine_error,0.00019273557429866361,0.0006546084234719807,neither_zero,True
single_baseline_11,dual_baseline_14,20,log_norm_ratio,4.672104442653562e-06,3.119384705013665e-05,neither_zero,True
single_baseline_11,dual_baseline_14,21,relative_l2,0.01748333551978483,0.050826764560299505,neither_zero,True
single_baseline_11,dual_baseline_14,21,max_abs,0.0030453287763521075,0.005037351744249463,neither_zero,True
single_baseline_11,dual_baseline_14,21,normalized_max_abs,1.015253067181678,1.6793544432923737,neither_zero,True
single_baseline_11,dual_baseline_14,21,cosine_error,0.00015284185039532439,0.0012917344042318035,neither_zero,True
single_baseline_11,dual_baseline_14,21,log_norm_ratio,7.110862277069838e-05,0.00022368858879896094,neither_zero,True
single_baseline_11,dual_baseline_14,22,relative_l2,0.0060486420921202376,0.0577932887500439,neither_zero,True
single_baseline_11,dual_baseline_14,22,max_abs,0.0011736390588339418,0.005380292423069477,neither_zero,True
single_baseline_11,dual_baseline_14,22,normalized_max_abs,0.3912920647937142,1.793792894607881,neither_zero,True
single_baseline_11,dual_baseline_14,22,cosine_error,1.8293197699525976e-05,0.0016701450821178243,neither_zero,True
single_baseline_11,dual_baseline_14,22,log_norm_ratio,1.5069007245135467e-05,0.00012333987278905878,neither_zero,True
single_baseline_11,dual_baseline_14,24,relative_l2,0.0016514700097723062,0.02795966456988454,neither_zero,True
single_baseline_11,dual_baseline_14,24,max_abs,0.00026325101498514414,0.004742427030578256,neither_zero,True
single_baseline_11,dual_baseline_14,24,normalized_max_abs,0.0877639058256248,1.5810536720436101,neither_zero,True
single_baseline_11,dual_baseline_14,24,cosine_error,1.3636732250077443e-06,0.0003909045336550898,neither_zero,True
single_baseline_11,dual_baseline_14,24,log_norm_ratio,4.2958654172119124e-06,0.0001037535551461458,neither_zero,True
single_baseline_11,dual_baseline_14,25,relative_l2,0.0016141967537149067,0.020624469441589088,neither_zero,True
single_baseline_11,dual_baseline_14,25,max_abs,0.0003353891661390662,0.0037428823998197913,neither_zero,True
single_baseline_11,dual_baseline_14,25,normalized_max_abs,0.11180558563198773,1.2477301994024919,neither_zero,True
single_baseline_11,dual_baseline_14,25,cosine_error,1.302816240000837e-06,0.00021269104683663276,neither_zero,True
single_baseline_11,dual_baseline_14,25,log_norm_ratio,1.913505039758126e-06,8.241009325611086e-05,neither_zero,True
single_baseline_11,dual_baseline_14,26,relative_l2,0.001503621376509988,0.0030323136778769143,neither_zero,True
single_baseline_11,dual_baseline_14,26,max_abs,0.00023356243036687374,0.0004952069721184671,neither_zero,True
single_baseline_11,dual_baseline_14,26,normalized_max_abs,0.07786521984784836,0.16509247524793977,neither_zero,True
single_baseline_11,dual_baseline_14,26,cosine_error,1.1304181746218944e-06,4.597282226015409e-06,neither_zero,True
single_baseline_11,dual_baseline_14,26,log_norm_ratio,7.6241519834625645e-06,2.4824088155444077e-05,neither_zero,True
single_baseline_11,dual_baseline_14,28,relative_l2,0.0,0.0,neither_zero,True
single_baseline_11,dual_baseline_14,28,max_abs,0.0,0.0,neither_zero,True
single_baseline_11,dual_baseline_14,28,normalized_max_abs,0.0,0.0,neither_zero,True
single_baseline_11,dual_baseline_14,28,cosine_error,0.0,0.0,neither_zero,True
single_baseline_11,dual_baseline_14,28,log_norm_ratio,0.0,0.0,neither_zero,True
single_baseline_11,dual_baseline_14,29,relative_l2,0.0,0.0,neither_zero,True
single_baseline_11,dual_baseline_14,29,max_abs,0.0,0.0,neither_zero,True
single_baseline_11,dual_baseline_14,29,normalized_max_abs,0.0,0.0,neither_zero,True
single_baseline_11,dual_baseline_14,29,cosine_error,0.0,0.0,neither_zero,True
single_baseline_11,dual_baseline_14,29,log_norm_ratio,0.0,0.0,neither_zero,True
single_baseline_11,dual_baseline_14,30,relative_l2,0.0,0.0,neither_zero,True
single_baseline_11,dual_baseline_14,30,max_abs,0.0,0.0,neither_zero,True
single_baseline_11,dual_baseline_14,30,normalized_max_abs,0.0,0.0,neither_zero,True
single_baseline_11,dual_baseline_14,30,cosine_error,0.0,0.0,neither_zero,True
single_baseline_11,dual_baseline_14,30,log_norm_ratio,0.0,0.0,neither_zero,True
single_baseline_11,dual_baseline_14,global,relative_l2,0.06538338042621072,0.07576209242758418,neither_zero,True
single_baseline_11,dual_baseline_14,global,max_abs,0.005954094463959336,0.005976773798465729,neither_zero,True
single_baseline_11,dual_baseline_14,global,normalized_max_abs,1.9847055310056287,1.9922651826504838,neither_zero,True
single_baseline_11,dual_baseline_14,global,cosine_error,0.002137512480011039,0.002869989563512809,neither_zero,True
single_baseline_11,dual_baseline_14,global,log_norm_ratio,9.030541987036805e-06,2.5695636726825657e-05,neither_zero,True
single_baseline_11,dual_baseline_15,0,relative_l2,0.03498400579579791,0.06824693312551014,neither_zero,True
single_baseline_11,dual_baseline_15,0,max_abs,0.005818463861942291,0.0059624831192195415,neither_zero,True
single_baseline_11,dual_baseline_15,0,normalized_max_abs,1.9395090107213466,1.9875157967593196,neither_zero,True
single_baseline_11,dual_baseline_15,0,cosine_error,0.0006119794453092187,0.0023289119890768095,neither_zero,True
single_baseline_11,dual_baseline_15,0,log_norm_ratio,6.765670251948725e-05,0.00013442475574679274,neither_zero,True
single_baseline_11,dual_baseline_15,1,relative_l2,0.07977029959720366,0.13775838756793352,neither_zero,True
single_baseline_11,dual_baseline_15,1,max_abs,0.005887633189558983,0.005959174828603864,neither_zero,True
single_baseline_11,dual_baseline_15,1,normalized_max_abs,1.9626074392711608,1.9864546474587708,neither_zero,True
single_baseline_11,dual_baseline_15,1,cosine_error,0.0031820090436909254,0.009490543321821088,neither_zero,True
single_baseline_11,dual_baseline_15,1,log_norm_ratio,0.00011480321874152754,0.000354146493600735,neither_zero,True
single_baseline_11,dual_baseline_15,2,relative_l2,0.06321445479628097,0.09472783252409434,neither_zero,True
single_baseline_11,dual_baseline_15,2,max_abs,0.005960618611425161,0.005975238047540188,neither_zero,True
single_baseline_11,dual_baseline_15,2,normalized_max_abs,1.9868987594155998,1.9917722774521038,neither_zero,True
single_baseline_11,dual_baseline_15,2,cosine_error,0.001998050219231051,0.004487133243832653,neither_zero,True
single_baseline_11,dual_baseline_15,2,log_norm_ratio,8.311225077984683e-06,0.0001280474477327828,neither_zero,True
single_baseline_11,dual_baseline_15,4,relative_l2,0.11907613766349125,0.13372897703352327,neither_zero,True
single_baseline_11,dual_baseline_15,4,max_abs,0.005942274816334248,0.005976773798465729,neither_zero,True
single_baseline_11,dual_baseline_15,4,normalized_max_abs,1.9807962262086178,1.9922961072686851,neither_zero,True
single_baseline_11,dual_baseline_15,4,cosine_error,0.0070901539011827275,0.008942036081358573,neither_zero,True
single_baseline_11,dual_baseline_15,4,log_norm_ratio,8.380023993695689e-05,0.0001512792312364743,neither_zero,True
single_baseline_11,dual_baseline_15,5,relative_l2,0.08958317730432232,0.11086688207218229,neither_zero,True
single_baseline_11,dual_baseline_15,5,max_abs,0.00594655005261302,0.005959352012723684,neither_zero,True
single_baseline_11,dual_baseline_15,5,normalized_max_abs,1.9822176400358906,1.9864851880660115,neither_zero,True
single_baseline_11,dual_baseline_15,5,cosine_error,0.004012634088891742,0.006145754620427768,neither_zero,True
single_baseline_11,dual_baseline_15,5,log_norm_ratio,1.5296281667953874e-05,0.00010396011900955024,neither_zero,True
single_baseline_11,dual_baseline_15,6,relative_l2,0.10092064469131626,0.12145219557566955,neither_zero,True
single_baseline_11,dual_baseline_15,6,max_abs,0.005936816800385714,0.005959737114608288,neither_zero,True
single_baseline_11,dual_baseline_15,6,normalized_max_abs,1.9789803853148464,1.9866206500891914,neither_zero,True
single_baseline_11,dual_baseline_15,6,cosine_error,0.005092974765625202,0.007375358114384278,neither_zero,True
single_baseline_11,dual_baseline_15,6,log_norm_ratio,9.644205305003914e-05,0.0001067684111316779,neither_zero,True
single_baseline_11,dual_baseline_15,8,relative_l2,0.0912910280722805,0.10452082796646944,neither_zero,True
single_baseline_11,dual_baseline_15,8,max_abs,0.005950390826910734,0.005964341107755899,neither_zero,True
single_baseline_11,dual_baseline_15,8,normalized_max_abs,1.983494995381343,1.9881450082768717,neither_zero,True
single_baseline_11,dual_baseline_15,8,cosine_error,0.004167317809102178,0.005462305636124598,neither_zero,True
single_baseline_11,dual_baseline_15,8,log_norm_ratio,7.064775145974328e-05,0.00011319355897037096,neither_zero,True
single_baseline_11,dual_baseline_15,9,relative_l2,0.09555354859135103,0.11375555232581419,neither_zero,True
single_baseline_11,dual_baseline_15,9,max_abs,0.005936502479016781,0.005957070272415876,neither_zero,True
single_baseline_11,dual_baseline_15,9,normalized_max_abs,1.9788713089829302,1.9857270605934405,neither_zero,True
single_baseline_11,dual_baseline_15,9,cosine_error,0.00456527909181581,0.0064710255121182,neither_zero,True
single_baseline_11,dual_baseline_15,9,log_norm_ratio,8.499788427757471e-06,0.00018101471761390988,neither_zero,True
single_baseline_11,dual_baseline_15,10,relative_l2,0.09901143378208373,0.11462983090523451,neither_zero,True
single_baseline_11,dual_baseline_15,10,max_abs,0.0059420696925371885,0.00594778242520988,neither_zero,True
single_baseline_11,dual_baseline_15,10,normalized_max_abs,1.980742915724615,1.9826470570430124,neither_zero,True
single_baseline_11,dual_baseline_15,10,cosine_error,0.004901827366107447,0.006571025593287261,neither_zero,True
single_baseline_11,dual_baseline_15,10,log_norm_ratio,4.001791840029565e-05,0.0001985496010601438,neither_zero,True
single_baseline_11,dual_baseline_15,12,relative_l2,0.08258364819766413,0.1281904108794343,neither_zero,True
single_baseline_11,dual_baseline_15,12,max_abs,0.005789243616163731,0.005939641036093235,neither_zero,True
single_baseline_11,dual_baseline_15,12,normalized_max_abs,1.9298618355697907,1.9799972695114094,neither_zero,True
single_baseline_11,dual_baseline_15,12,cosine_error,0.0034106047078279467,0.008216884210253905,neither_zero,True
single_baseline_11,dual_baseline_15,12,log_norm_ratio,0.000173065289599085,0.0003993144073782176,neither_zero,True
single_baseline_11,dual_baseline_15,13,relative_l2,0.07128635503537707,0.08811547143108552,neither_zero,True
single_baseline_11,dual_baseline_15,13,max_abs,0.005748178111389279,0.005892634857445955,neither_zero,True
single_baseline_11,dual_baseline_15,13,normalized_max_abs,1.9161268686093498,1.9642808135823902,neither_zero,True
single_baseline_11,dual_baseline_15,13,cosine_error,0.002541049143416907,0.003882467918829735,neither_zero,True
single_baseline_11,dual_baseline_15,13,log_norm_ratio,7.061480472466504e-05,0.00017695298734545184,neither_zero,True
single_baseline_11,dual_baseline_15,14,relative_l2,0.07285258559410372,0.09979719351372945,neither_zero,True
single_baseline_11,dual_baseline_15,14,max_abs,0.005812020739540458,0.005890344735234976,neither_zero,True
single_baseline_11,dual_baseline_15,14,normalized_max_abs,1.9374487937920768,1.9635584075632604,neither_zero,True
single_baseline_11,dual_baseline_15,14,cosine_error,0.0026540247584334598,0.004980025156854584,neither_zero,True
single_baseline_11,dual_baseline_15,14,log_norm_ratio,0.00010578423235649876,0.0002657099935791046,neither_zero,True
single_baseline_11,dual_baseline_15,16,relative_l2,0.06317781425397298,0.08436554172823829,neither_zero,True
single_baseline_11,dual_baseline_15,16,max_abs,0.00558111141435802,0.005808895919471979,neither_zero,True
single_baseline_11,dual_baseline_15,16,normalized_max_abs,1.8604949224001168,1.9364281700460415,neither_zero,True
single_baseline_11,dual_baseline_15,16,cosine_error,0.0019958769266810172,0.003559225492313911,neither_zero,True
single_baseline_11,dual_baseline_15,16,log_norm_ratio,8.123006229682177e-05,0.0002576750825546444,neither_zero,True
single_baseline_11,dual_baseline_15,17,relative_l2,0.05663777593315833,0.07984475971614276,neither_zero,True
single_baseline_11,dual_baseline_15,17,max_abs,0.0055471681989729404,0.005828710272908211,neither_zero,True
single_baseline_11,dual_baseline_15,17,normalized_max_abs,1.8491833485136426,1.9430371665975241,neither_zero,True
single_baseline_11,dual_baseline_15,17,cosine_error,0.001604264744803463,0.003187814275713241,neither_zero,True
single_baseline_11,dual_baseline_15,17,log_norm_ratio,0.00023249061168541816,0.0001790272257123107,neither_zero,False
single_baseline_11,dual_baseline_15,18,relative_l2,0.04231147566669009,0.05675008870631503,neither_zero,True
single_baseline_11,dual_baseline_15,18,max_abs,0.00541658466681838,0.005600189324468374,neither_zero,True
single_baseline_11,dual_baseline_15,18,normalized_max_abs,1.8056547505165128,1.8668605919637218,neither_zero,True
single_baseline_11,dual_baseline_15,18,cosine_error,0.0008951670717487481,0.0016104724420231697,neither_zero,True
single_baseline_11,dual_baseline_15,18,log_norm_ratio,4.184873571931003e-05,0.00017426153486520073,neither_zero,True
single_baseline_11,dual_baseline_15,20,relative_l2,0.019712156314180388,0.03618305776935488,neither_zero,True
single_baseline_11,dual_baseline_15,20,max_abs,0.005330825690180063,0.005794270662590861,neither_zero,True
single_baseline_11,dual_baseline_15,20,normalized_max_abs,1.7769485009298513,1.9314304327498888,neither_zero,True
single_baseline_11,dual_baseline_15,20,cosine_error,0.00019428587375525108,0.0006546084234719807,neither_zero,True
single_baseline_11,dual_baseline_15,20,log_norm_ratio,6.91983354320643e-06,3.119384705013665e-05,neither_zero,True
single_baseline_11,dual_baseline_15,21,relative_l2,0.014221655864175219,0.050826764560299505,neither_zero,True
single_baseline_11,dual_baseline_15,21,max_abs,0.0026651823427528143,0.005037351744249463,neither_zero,True
single_baseline_11,dual_baseline_15,21,normalized_max_abs,0.8885196794151958,1.6793544432923737,neither_zero,True
single_baseline_11,dual_baseline_15,21,cosine_error,0.00010113172501524659,0.0012917344042318035,neither_zero,True
single_baseline_11,dual_baseline_15,21,log_norm_ratio,5.345601294045023e-05,0.00022368858879896094,neither_zero,True
single_baseline_11,dual_baseline_15,22,relative_l2,0.0022070408707908517,0.0577932887500439,neither_zero,True
single_baseline_11,dual_baseline_15,22,max_abs,0.00040581764187663794,0.005380292423069477,neither_zero,True
single_baseline_11,dual_baseline_15,22,normalized_max_abs,0.13529987931501977,1.793792894607881,neither_zero,True
single_baseline_11,dual_baseline_15,22,cosine_error,2.4355172119072677e-06,0.0016701450821178243,neither_zero,True
single_baseline_11,dual_baseline_15,22,log_norm_ratio,3.3886684201761905e-06,0.00012333987278905878,neither_zero,True
single_baseline_11,dual_baseline_15,24,relative_l2,0.0,0.02795966456988454,neither_zero,True
single_baseline_11,dual_baseline_15,24,max_abs,0.0,0.004742427030578256,neither_zero,True
single_baseline_11,dual_baseline_15,24,normalized_max_abs,0.0,1.5810536720436101,neither_zero,True
single_baseline_11,dual_baseline_15,24,cosine_error,0.0,0.0003909045336550898,neither_zero,True
single_baseline_11,dual_baseline_15,24,log_norm_ratio,0.0,0.0001037535551461458,neither_zero,True
single_baseline_11,dual_baseline_15,25,relative_l2,0.0,0.020624469441589088,neither_zero,True
single_baseline_11,dual_baseline_15,25,max_abs,0.0,0.0037428823998197913,neither_zero,True
single_baseline_11,dual_baseline_15,25,normalized_max_abs,0.0,1.2477301994024919,neither_zero,True
single_baseline_11,dual_baseline_15,25,cosine_error,2.220446049250313e-16,0.00021269104683663276,neither_zero,True
single_baseline_11,dual_baseline_15,25,log_norm_ratio,0.0,8.241009325611086e-05,neither_zero,True
single_baseline_11,dual_baseline_15,26,relative_l2,0.0,0.0030323136778769143,neither_zero,True
single_baseline_11,dual_baseline_15,26,max_abs,0.0,0.0004952069721184671,neither_zero,True
single_baseline_11,dual_baseline_15,26,normalized_max_abs,0.0,0.16509247524793977,neither_zero,True
single_baseline_11,dual_baseline_15,26,cosine_error,2.220446049250313e-16,4.597282226015409e-06,neither_zero,True
single_baseline_11,dual_baseline_15,26,log_norm_ratio,0.0,2.4824088155444077e-05,neither_zero,True
single_baseline_11,dual_baseline_15,28,relative_l2,0.0,0.0,neither_zero,True
single_baseline_11,dual_baseline_15,28,max_abs,0.0,0.0,neither_zero,True
single_baseline_11,dual_baseline_15,28,normalized_max_abs,0.0,0.0,neither_zero,True
single_baseline_11,dual_baseline_15,28,cosine_error,0.0,0.0,neither_zero,True
single_baseline_11,dual_baseline_15,28,log_norm_ratio,0.0,0.0,neither_zero,True
single_baseline_11,dual_baseline_15,29,relative_l2,0.0,0.0,neither_zero,True
single_baseline_11,dual_baseline_15,29,max_abs,0.0,0.0,neither_zero,True
single_baseline_11,dual_baseline_15,29,normalized_max_abs,0.0,0.0,neither_zero,True
single_baseline_11,dual_baseline_15,29,cosine_error,0.0,0.0,neither_zero,True
single_baseline_11,dual_baseline_15,29,log_norm_ratio,0.0,0.0,neither_zero,True
single_baseline_11,dual_baseline_15,30,relative_l2,0.0,0.0,neither_zero,True
single_baseline_11,dual_baseline_15,30,max_abs,0.0,0.0,neither_zero,True
single_baseline_11,dual_baseline_15,30,normalized_max_abs,0.0,0.0,neither_zero,True
single_baseline_11,dual_baseline_15,30,cosine_error,0.0,0.0,neither_zero,True
single_baseline_11,dual_baseline_15,30,log_norm_ratio,0.0,0.0,neither_zero,True
single_baseline_11,dual_baseline_15,global,relative_l2,0.06399316841700474,0.07576209242758418,neither_zero,True
single_baseline_11,dual_baseline_15,global,max_abs,0.005960618611425161,0.005976773798465729,neither_zero,True
single_baseline_11,dual_baseline_15,global,normalized_max_abs,1.986880254910145,1.9922651826504838,neither_zero,True
single_baseline_11,dual_baseline_15,global,cosine_error,0.0020475897362955964,0.002869989563512809,neither_zero,True
single_baseline_11,dual_baseline_15,global,log_norm_ratio,1.3196749212440077e-05,2.5695636726825657e-05,neither_zero,True
single_baseline_12,dual_baseline_11,0,relative_l2,0.05375371011030617,0.06824693312551014,neither_zero,True
single_baseline_12,dual_baseline_11,0,max_abs,0.005930708022788167,0.0059624831192195415,neither_zero,True
single_baseline_12,dual_baseline_11,0,normalized_max_abs,1.9769241372095192,1.9875157967593196,neither_zero,True
single_baseline_12,dual_baseline_11,0,cosine_error,0.0014448019532832257,0.0023289119890768095,neither_zero,True
single_baseline_12,dual_baseline_11,0,log_norm_ratio,5.0207667972631406e-05,0.00013442475574679274,neither_zero,True
single_baseline_12,dual_baseline_11,1,relative_l2,0.0950389805051191,0.13775838756793352,neither_zero,True
single_baseline_12,dual_baseline_11,1,max_abs,0.005915170535445213,0.005959174828603864,neither_zero,True
single_baseline_12,dual_baseline_11,1,normalized_max_abs,1.9717866963912964,1.9864546474587708,neither_zero,True
single_baseline_12,dual_baseline_11,1,cosine_error,0.004516659145358037,0.009490543321821088,neither_zero,True
single_baseline_12,dual_baseline_11,1,log_norm_ratio,0.00010194639294805932,0.000354146493600735,neither_zero,True
single_baseline_12,dual_baseline_11,2,relative_l2,0.06383611112318352,0.09472783252409434,neither_zero,True
single_baseline_12,dual_baseline_11,2,max_abs,0.005834430921822786,0.005975238047540188,neither_zero,True
single_baseline_12,dual_baseline_11,2,normalized_max_abs,1.9448359500220882,1.9917722774521038,neither_zero,True
single_baseline_12,dual_baseline_11,2,cosine_error,0.00203755815963369,0.004487133243832653,neither_zero,True
single_baseline_12,dual_baseline_11,2,log_norm_ratio,1.65666310368619e-05,0.0001280474477327828,neither_zero,True
single_baseline_12,dual_baseline_11,4,relative_l2,0.11579615339441404,0.13372897703352327,neither_zero,True
single_baseline_12,dual_baseline_11,4,max_abs,0.005974155152216554,0.005976773798465729,neither_zero,True
single_baseline_12,dual_baseline_11,4,normalized_max_abs,1.9914233630177418,1.9922961072686851,neither_zero,True
single_baseline_12,dual_baseline_11,4,cosine_error,0.006704494486692636,0.008942036081358573,neither_zero,True
single_baseline_12,dual_baseline_11,4,log_norm_ratio,1.791002752181815e-05,0.0001512792312364743,neither_zero,True
single_baseline_12,dual_baseline_11,5,relative_l2,0.09952074185274287,0.11086688207218229,neither_zero,True
single_baseline_12,dual_baseline_11,5,max_abs,0.0059589913580566645,0.005959352012723684,neither_zero,True
single_baseline_12,dual_baseline_11,5,normalized_max_abs,1.986364967754724,1.9864851880660115,neither_zero,True
single_baseline_12,dual_baseline_11,5,cosine_error,0.004952207186000979,0.006145754620427768,neither_zero,True
single_baseline_12,dual_baseline_11,5,log_norm_ratio,3.6677186179354743e-06,0.00010396011900955024,neither_zero,True
single_baseline_12,dual_baseline_11,6,relative_l2,0.1238723892382031,0.12145219557566955,neither_zero,False
single_baseline_12,dual_baseline_11,6,max_abs,0.005950485123321414,0.005959737114608288,neither_zero,True
single_baseline_12,dual_baseline_11,6,normalized_max_abs,1.9835365883946083,1.9866206500891914,neither_zero,True
single_baseline_12,dual_baseline_11,6,cosine_error,0.007673065393837941,0.007375358114384278,neither_zero,False
single_baseline_12,dual_baseline_11,6,log_norm_ratio,0.00011569420501619424,0.0001067684111316779,neither_zero,False
single_baseline_12,dual_baseline_11,8,relative_l2,0.08934577936882226,0.10452082796646944,neither_zero,True
single_baseline_12,dual_baseline_11,8,max_abs,0.005960693582892418,0.005964341107755899,neither_zero,True
single_baseline_12,dual_baseline_11,8,normalized_max_abs,1.9869293017189849,1.9881450082768717,neither_zero,True
single_baseline_12,dual_baseline_11,8,cosine_error,0.003991709706488766,0.005462305636124598,neither_zero,True
single_baseline_12,dual_baseline_11,8,log_norm_ratio,9.522551058529542e-05,0.00011319355897037096,neither_zero,True
single_baseline_12,dual_baseline_11,9,relative_l2,0.08445988779451917,0.11375555232581419,neither_zero,True
single_baseline_12,dual_baseline_11,9,max_abs,0.005934691987931728,0.005957070272415876,neither_zero,True
single_baseline_12,dual_baseline_11,9,normalized_max_abs,1.9782674935516353,1.9857270605934405,neither_zero,True
single_baseline_12,dual_baseline_11,9,cosine_error,0.003567171295995819,0.0064710255121182,neither_zero,True
single_baseline_12,dual_baseline_11,9,log_norm_ratio,0.00012410401603880924,0.00018101471761390988,neither_zero,True
single_baseline_12,dual_baseline_11,10,relative_l2,0.09934467633587866,0.11462983090523451,neither_zero,True
single_baseline_12,dual_baseline_11,10,max_abs,0.005899449810385704,0.00594778242520988,neither_zero,True
single_baseline_12,dual_baseline_11,10,normalized_max_abs,1.9665356028095335,1.9826470570430124,neither_zero,True
single_baseline_12,dual_baseline_11,10,cosine_error,0.004934719922377151,0.006571025593287261,neither_zero,True
single_baseline_12,dual_baseline_11,10,log_norm_ratio,7.618142616293767e-06,0.0001985496010601438,neither_zero,True
single_baseline_12,dual_baseline_11,12,relative_l2,0.11124850537139008,0.1281904108794343,neither_zero,True
single_baseline_12,dual_baseline_11,12,max_abs,0.005809314316138625,0.005939641036093235,neither_zero,True
single_baseline_12,dual_baseline_11,12,normalized_max_abs,1.936552614299441,1.9799972695114094,neither_zero,True
single_baseline_12,dual_baseline_11,12,cosine_error,0.006188724933141376,0.008216884210253905,neither_zero,True
single_baseline_12,dual_baseline_11,12,log_norm_ratio,9.936230134623914e-05,0.0003993144073782176,neither_zero,True
single_baseline_12,dual_baseline_11,13,relative_l2,0.06622505394017915,0.08811547143108552,neither_zero,True
single_baseline_12,dual_baseline_11,13,max_abs,0.005756614729762077,0.005892634857445955,neither_zero,True
single_baseline_12,dual_baseline_11,13,normalized_max_abs,1.918939024866333,1.9642808135823902,neither_zero,True
single_baseline_12,dual_baseline_11,13,cosine_error,0.002192882550956843,0.003882467918829735,neither_zero,True
single_baseline_12,dual_baseline_11,13,log_norm_ratio,1.6725344687256662e-06,0.00017695298734545184,neither_zero,True
single_baseline_12,dual_baseline_11,14,relative_l2,0.07885654034675361,0.09979719351372945,neither_zero,True
single_baseline_12,dual_baseline_11,14,max_abs,0.005798302823677659,0.005890344735234976,neither_zero,True
single_baseline_12,dual_baseline_11,14,normalized_max_abs,1.932875748951369,1.9635584075632604,neither_zero,True
single_baseline_12,dual_baseline_11,14,cosine_error,0.003109308742825445,0.004980025156854584,neither_zero,True
single_baseline_12,dual_baseline_11,14,log_norm_ratio,4.2671320852229746e-05,0.0002657099935791046,neither_zero,True
single_baseline_12,dual_baseline_11,16,relative_l2,0.06798679536783424,0.08436554172823829,neither_zero,True
single_baseline_12,dual_baseline_11,16,max_abs,0.005691042635589838,0.005808895919471979,neither_zero,True
single_baseline_12,dual_baseline_11,16,normalized_max_abs,1.897141114122589,1.9364281700460415,neither_zero,True
single_baseline_12,dual_baseline_11,16,cosine_error,0.002311504857328006,0.003559225492313911,neither_zero,True
single_baseline_12,dual_baseline_11,16,log_norm_ratio,0.0001813371670256441,0.0002576750825546444,neither_zero,True
single_baseline_12,dual_baseline_11,17,relative_l2,0.060425562400044104,0.07984475971614276,neither_zero,True
single_baseline_12,dual_baseline_11,17,max_abs,0.005420819157734513,0.005828710272908211,neither_zero,True
single_baseline_12,dual_baseline_11,17,normalized_max_abs,1.8070641023004086,1.9430371665975241,neither_zero,True
single_baseline_12,dual_baseline_11,17,cosine_error,0.0018257624838430297,0.003187814275713241,neither_zero,True
single_baseline_12,dual_baseline_11,17,log_norm_ratio,7.732836654228448e-05,0.0001790272257123107,neither_zero,True
single_baseline_12,dual_baseline_11,18,relative_l2,0.041713179449591485,0.05675008870631503,neither_zero,True
single_baseline_12,dual_baseline_11,18,max_abs,0.00552733545191586,0.005600189324468374,neither_zero,True
single_baseline_12,dual_baseline_11,18,normalized_max_abs,1.8425744089683962,1.8668605919637218,neither_zero,True
single_baseline_12,dual_baseline_11,18,cosine_error,0.0008700123565984486,0.0016104724420231697,neither_zero,True
single_baseline_12,dual_baseline_11,18,log_norm_ratio,2.0572698218516518e-05,0.00017426153486520073,neither_zero,True
single_baseline_12,dual_baseline_11,20,relative_l2,0.005561413070143474,0.03618305776935488,neither_zero,True
single_baseline_12,dual_baseline_11,20,max_abs,0.0014489724999293685,0.005794270662590861,neither_zero,True
single_baseline_12,dual_baseline_11,20,normalized_max_abs,0.4829925909139063,1.9314304327498888,neither_zero,True
single_baseline_12,dual_baseline_11,20,cosine_error,1.5463986099528704e-05,0.0006546084234719807,neither_zero,True
single_baseline_12,dual_baseline_11,20,log_norm_ratio,5.524325909699965e-05,3.119384705013665e-05,neither_zero,False
single_baseline_12,dual_baseline_11,21,relative_l2,0.03805037185181112,0.050826764560299505,neither_zero,True
single_baseline_12,dual_baseline_11,21,max_abs,0.004588894546031952,0.005037351744249463,neither_zero,True
single_baseline_12,dual_baseline_11,21,normalized_max_abs,1.529847712670595,1.6793544432923737,neither_zero,True
single_baseline_12,dual_baseline_11,21,cosine_error,0.000723950319451383,0.0012917344042318035,neither_zero,True
single_baseline_12,dual_baseline_11,21,log_norm_ratio,4.996104981552658e-05,0.00022368858879896094,neither_zero,True
single_baseline_12,dual_baseline_11,22,relative_l2,0.023585689161888607,0.0577932887500439,neither_zero,True
single_baseline_12,dual_baseline_11,22,max_abs,0.004272147896699607,0.005380292423069477,neither_zero,True
single_baseline_12,dual_baseline_11,22,normalized_max_abs,1.4243373619112618,1.793792894607881,neither_zero,True
single_baseline_12,dual_baseline_11,22,cosine_error,0.00027815931095398483,0.0016701450821178243,neither_zero,True
single_baseline_12,dual_baseline_11,22,log_norm_ratio,6.963372712545716e-05,0.00012333987278905878,neither_zero,True
single_baseline_12,dual_baseline_11,24,relative_l2,0.024102615570285747,0.02795966456988454,neither_zero,True
single_baseline_12,dual_baseline_11,24,max_abs,0.004332104464992881,0.004742427030578256,neither_zero,True
single_baseline_12,dual_baseline_11,24,normalized_max_abs,1.4442580907574454,1.5810536720436101,neither_zero,True
single_baseline_12,dual_baseline_11,24,cosine_error,0.00029047888327726756,0.0003909045336550898,neither_zero,True
single_baseline_12,dual_baseline_11,24,log_norm_ratio,4.010246886079129e-05,0.0001037535551461458,neither_zero,True
single_baseline_12,dual_baseline_11,25,relative_l2,0.006175217928173327,0.020624469441589088,neither_zero,True
single_baseline_12,dual_baseline_11,25,max_abs,0.00117390880768653,0.0037428823998197913,neither_zero,True
single_baseline_12,dual_baseline_11,25,normalized_max_abs,0.39133515676730257,1.2477301994024919,neither_zero,True
single_baseline_12,dual_baseline_11,25,cosine_error,1.9066833028991148e-05,0.00021269104683663276,neither_zero,True
single_baseline_12,dual_baseline_11,25,log_norm_ratio,1.5333169030596774e-05,8.241009325611086e-05,neither_zero,True
single_baseline_12,dual_baseline_11,26,relative_l2,0.0013520415317233242,0.0030323136778769143,neither_zero,True
single_baseline_12,dual_baseline_11,26,max_abs,0.00032684108009561896,0.0004952069721184671,neither_zero,True
single_baseline_12,dual_baseline_11,26,normalized_max_abs,0.10896251825069646,0.16509247524793977,neither_zero,True
single_baseline_12,dual_baseline_11,26,cosine_error,9.14006567431791e-07,4.597282226015409e-06,neither_zero,True
single_baseline_12,dual_baseline_11,26,log_norm_ratio,2.9140614540761016e-06,2.4824088155444077e-05,neither_zero,True
single_baseline_12,dual_baseline_11,28,relative_l2,0.0,0.0,neither_zero,True
single_baseline_12,dual_baseline_11,28,max_abs,0.0,0.0,neither_zero,True
single_baseline_12,dual_baseline_11,28,normalized_max_abs,0.0,0.0,neither_zero,True
single_baseline_12,dual_baseline_11,28,cosine_error,0.0,0.0,neither_zero,True
single_baseline_12,dual_baseline_11,28,log_norm_ratio,0.0,0.0,neither_zero,True
single_baseline_12,dual_baseline_11,29,relative_l2,0.0,0.0,neither_zero,True
single_baseline_12,dual_baseline_11,29,max_abs,0.0,0.0,neither_zero,True
single_baseline_12,dual_baseline_11,29,normalized_max_abs,0.0,0.0,neither_zero,True
single_baseline_12,dual_baseline_11,29,cosine_error,0.0,0.0,neither_zero,True
single_baseline_12,dual_baseline_11,29,log_norm_ratio,0.0,0.0,neither_zero,True
single_baseline_12,dual_baseline_11,30,relative_l2,0.0,0.0,neither_zero,True
single_baseline_12,dual_baseline_11,30,max_abs,0.0,0.0,neither_zero,True
single_baseline_12,dual_baseline_11,30,normalized_max_abs,0.0,0.0,neither_zero,True
single_baseline_12,dual_baseline_11,30,cosine_error,0.0,0.0,neither_zero,True
single_baseline_12,dual_baseline_11,30,log_norm_ratio,0.0,0.0,neither_zero,True
single_baseline_12,dual_baseline_11,global,relative_l2,0.06939048067553547,0.07576209242758418,neither_zero,True
single_baseline_12,dual_baseline_11,global,max_abs,0.005974155152216554,0.005976773798465729,neither_zero,True
single_baseline_12,dual_baseline_11,global,normalized_max_abs,1.9913922973910068,1.9922651826504838,neither_zero,True
single_baseline_12,dual_baseline_11,global,cosine_error,0.0024075356640697043,0.002869989563512809,neither_zero,True
single_baseline_12,dual_baseline_11,global,log_norm_ratio,6.763267230575727e-06,2.5695636726825657e-05,neither_zero,True
single_baseline_12,dual_baseline_12,0,relative_l2,0.04252899123851256,0.06824693312551014,neither_zero,True
single_baseline_12,dual_baseline_12,0,max_abs,0.00589662604033947,0.0059624831192195415,neither_zero,True
single_baseline_12,dual_baseline_12,0,normalized_max_abs,1.965563505601695,1.9875157967593196,neither_zero,True
single_baseline_12,dual_baseline_12,0,cosine_error,0.0009043699774516911,0.0023289119890768095,neither_zero,True
single_baseline_12,dual_baseline_12,0,log_norm_ratio,1.3850048984338724e-05,0.00013442475574679274,neither_zero,True
single_baseline_12,dual_baseline_12,1,relative_l2,0.08861426544190924,0.13775838756793352,neither_zero,True
single_baseline_12,dual_baseline_12,1,max_abs,0.005908229621127248,0.005959174828603864,neither_zero,True
single_baseline_12,dual_baseline_12,1,normalized_max_abs,1.969472984143958,1.9864546474587708,neither_zero,True
single_baseline_12,dual_baseline_12,1,cosine_error,0.0039270255963160805,0.009490543321821088,neither_zero,True
single_baseline_12,dual_baseline_12,1,log_norm_ratio,0.00020436233689713384,0.000354146493600735,neither_zero,True
single_baseline_12,dual_baseline_12,2,relative_l2,0.052986791310717235,0.09472783252409434,neither_zero,True
single_baseline_12,dual_baseline_12,2,max_abs,0.005933890584856272,0.005975238047540188,neither_zero,True
single_baseline_12,dual_baseline_12,2,normalized_max_abs,1.9779894546514856,1.9917722774521038,neither_zero,True
single_baseline_12,dual_baseline_12,2,cosine_error,0.0014039805216999879,0.004487133243832653,neither_zero,True
single_baseline_12,dual_baseline_12,2,log_norm_ratio,0.00013506438620114616,0.0001280474477327828,neither_zero,False
single_baseline_12,dual_baseline_12,4,relative_l2,0.12240697303155176,0.13372897703352327,neither_zero,True
single_baseline_12,dual_baseline_12,4,max_abs,0.005975551437586546,0.005976773798465729,neither_zero,True
single_baseline_12,dual_baseline_12,4,normalized_max_abs,1.9918884912410544,1.9922961072686851,neither_zero,True
single_baseline_12,dual_baseline_12,4,cosine_error,0.0074922783909399104,0.008942036081358573,neither_zero,True
single_baseline_12,dual_baseline_12,4,log_norm_ratio,7.308296797526035e-05,0.0001512792312364743,neither_zero,True
single_baseline_12,dual_baseline_12,5,relative_l2,0.07975564755048022,0.11086688207218229,neither_zero,True
single_baseline_12,dual_baseline_12,5,max_abs,0.0059307541232556105,0.005959352012723684,neither_zero,True
single_baseline_12,dual_baseline_12,5,normalized_max_abs,1.976952392601507,1.9864851880660115,neither_zero,True
single_baseline_12,dual_baseline_12,5,cosine_error,0.003180540454342129,0.006145754620427768,neither_zero,True
single_baseline_12,dual_baseline_12,5,log_norm_ratio,1.8540453920703917e-05,0.00010396011900955024,neither_zero,True
single_baseline_12,dual_baseline_12,6,relative_l2,0.10608579934599528,0.12145219557566955,neither_zero,True
single_baseline_12,dual_baseline_12,6,max_abs,0.005939468974247575,0.005959737114608288,neither_zero,True
single_baseline_12,dual_baseline_12,6,normalized_max_abs,1.9798644617867238,1.9866206500891914,neither_zero,True
single_baseline_12,dual_baseline_12,6,cosine_error,0.005627607327142514,0.007375358114384278,neither_zero,True
single_baseline_12,dual_baseline_12,6,log_norm_ratio,9.117464923427855e-05,0.0001067684111316779,neither_zero,True
single_baseline_12,dual_baseline_12,8,relative_l2,0.08850845589405648,0.10452082796646944,neither_zero,True
single_baseline_12,dual_baseline_12,8,max_abs,0.005954899359494448,0.005964341107755899,neither_zero,True
single_baseline_12,dual_baseline_12,8,normalized_max_abs,1.9849977092984477,1.9881450082768717,neither_zero,True
single_baseline_12,dual_baseline_12,8,cosine_error,0.003917084070329202,0.005462305636124598,neither_zero,True
single_baseline_12,dual_baseline_12,8,log_norm_ratio,5.416284813430061e-05,0.00011319355897037096,neither_zero,True
single_baseline_12,dual_baseline_12,9,relative_l2,0.09042140043227519,0.11375555232581419,neither_zero,True
single_baseline_12,dual_baseline_12,9,max_abs,0.005936159752309322,0.005957070272415876,neither_zero,True
single_baseline_12,dual_baseline_12,9,normalized_max_abs,1.9787567574531642,1.9857270605934405,neither_zero,True
single_baseline_12,dual_baseline_12,9,cosine_error,0.004088342253974586,0.0064710255121182,neither_zero,True
single_baseline_12,dual_baseline_12,9,log_norm_ratio,8.089115082248266e-05,0.00018101471761390988,neither_zero,True
single_baseline_12,dual_baseline_12,10,relative_l2,0.10992923409598564,0.11462983090523451,neither_zero,True
single_baseline_12,dual_baseline_12,10,max_abs,0.005909733707085252,0.00594778242520988,neither_zero,True
single_baseline_12,dual_baseline_12,10,normalized_max_abs,1.969963812495547,1.9826470570430124,neither_zero,True
single_baseline_12,dual_baseline_12,10,cosine_error,0.006042494426298783,0.006571025593287261,neither_zero,True
single_baseline_12,dual_baseline_12,10,log_norm_ratio,4.5880165190007385e-05,0.0001985496010601438,neither_zero,True
single_baseline_12,dual_baseline_12,12,relative_l2,0.10150069185026041,0.1281904108794343,neither_zero,True
single_baseline_12,dual_baseline_12,12,max_abs,0.005828936817124486,0.005939641036093235,neither_zero,True
single_baseline_12,dual_baseline_12,12,normalized_max_abs,1.943093834745664,1.9799972695114094,neither_zero,True
single_baseline_12,dual_baseline_12,12,cosine_error,0.005151442247566251,0.008216884210253905,neither_zero,True
single_baseline_12,dual_baseline_12,12,log_norm_ratio,4.817894561815091e-05,0.0003993144073782176,neither_zero,True
single_baseline_12,dual_baseline_12,13,relative_l2,0.07135729622646048,0.08811547143108552,neither_zero,True
single_baseline_12,dual_baseline_12,13,max_abs,0.005679821828380227,0.005892634857445955,neither_zero,True
single_baseline_12,dual_baseline_12,13,normalized_max_abs,1.893340638264053,1.9642808135823902,neither_zero,True
single_baseline_12,dual_baseline_12,13,cosine_error,0.0025459849894611253,0.003882467918829735,neither_zero,True
single_baseline_12,dual_baseline_12,13,log_norm_ratio,2.095344862243416e-05,0.00017695298734545184,neither_zero,True
single_baseline_12,dual_baseline_12,14,relative_l2,0.08929892492392534,0.09979719351372945,neither_zero,True
single_baseline_12,dual_baseline_12,14,max_abs,0.005881928605958819,0.005890344735234976,neither_zero,True
single_baseline_12,dual_baseline_12,14,normalized_max_abs,1.960752569371697,1.9635584075632604,neither_zero,True
single_baseline_12,dual_baseline_12,14,cosine_error,0.003987943381777992,0.004980025156854584,neither_zero,True
single_baseline_12,dual_baseline_12,14,log_norm_ratio,0.00020445778334947945,0.0002657099935791046,neither_zero,True
single_baseline_12,dual_baseline_12,16,relative_l2,0.07144596538727686,0.08436554172823829,neither_zero,True
single_baseline_12,dual_baseline_12,16,max_abs,0.005746415117755532,0.005808895919471979,neither_zero,True
single_baseline_12,dual_baseline_12,16,normalized_max_abs,1.9155998429064176,1.9364281700460415,neither_zero,True
single_baseline_12,dual_baseline_12,16,cosine_error,0.002552340537837927,0.003559225492313911,neither_zero,True
single_baseline_12,dual_baseline_12,16,log_norm_ratio,3.056848161922017e-05,0.0002576750825546444,neither_zero,True
single_baseline_12,dual_baseline_12,17,relative_l2,0.06937977103836597,0.07984475971614276,neither_zero,True
single_baseline_12,dual_baseline_12,17,max_abs,0.005587390391156077,0.005828710272908211,neither_zero,True
single_baseline_12,dual_baseline_12,17,normalized_max_abs,1.8625916688237323,1.9430371665975241,neither_zero,True
single_baseline_12,dual_baseline_12,17,cosine_error,0.002406943445285359,0.003187814275713241,neither_zero,True
single_baseline_12,dual_baseline_12,17,log_norm_ratio,7.047091044725218e-05,0.0001790272257123107,neither_zero,True
single_baseline_12,dual_baseline_12,18,relative_l2,0.04671764386269501,0.05675008870631503,neither_zero,True
single_baseline_12,dual_baseline_12,18,max_abs,0.005049980245530605,0.005600189324468374,neither_zero,True
single_baseline_12,dual_baseline_12,18,normalized_max_abs,1.68344484375114,1.8668605919637218,neither_zero,True
single_baseline_12,dual_baseline_12,18,cosine_error,0.0010913761105190156,0.0016104724420231697,neither_zero,True
single_baseline_12,dual_baseline_12,18,log_norm_ratio,0.00010288312095159581,0.00017426153486520073,neither_zero,True
single_baseline_12,dual_baseline_12,20,relative_l2,0.020163423849423486,0.03618305776935488,neither_zero,True
single_baseline_12,dual_baseline_12,20,max_abs,0.005451264791190624,0.005794270662590861,neither_zero,True
single_baseline_12,dual_baseline_12,20,normalized_max_abs,1.8170948761161845,1.9314304327498888,neither_zero,True
single_baseline_12,dual_baseline_12,20,cosine_error,0.00020328261170232675,0.0006546084234719807,neither_zero,True
single_baseline_12,dual_baseline_12,20,log_norm_ratio,3.8791491195517164e-06,3.119384705013665e-05,neither_zero,True
single_baseline_12,dual_baseline_12,21,relative_l2,0.03753838008404372,0.050826764560299505,neither_zero,True
single_baseline_12,dual_baseline_12,21,max_abs,0.004424846498295665,0.005037351744249463,neither_zero,True
single_baseline_12,dual_baseline_12,21,normalized_max_abs,1.4751573012697816,1.6793544432923737,neither_zero,True
single_baseline_12,dual_baseline_12,21,cosine_error,0.0007046064137702368,0.0012917344042318035,neither_zero,True
single_baseline_12,dual_baseline_12,21,log_norm_ratio,6.147380182727817e-05,0.00022368858879896094,neither_zero,True
single_baseline_12,dual_baseline_12,22,relative_l2,0.02248385169514467,0.0577932887500439,neither_zero,True
single_baseline_12,dual_baseline_12,22,max_abs,0.004054592689499259,0.005380292423069477,neither_zero,True
single_baseline_12,dual_baseline_12,22,normalized_max_abs,1.351804185231873,1.793792894607881,neither_zero,True
single_baseline_12,dual_baseline_12,22,cosine_error,0.0002527817222998108,0.0016701450821178243,neither_zero,True
single_baseline_12,dual_baseline_12,22,log_norm_ratio,9.773475519779492e-05,0.00012333987278905878,neither_zero,True
single_baseline_12,dual_baseline_12,24,relative_l2,0.026109185052032826,0.02795966456988454,neither_zero,True
single_baseline_12,dual_baseline_12,24,max_abs,0.004334856057539582,0.004742427030578256,neither_zero,True
single_baseline_12,dual_baseline_12,24,normalized_max_abs,1.445175542263009,1.5810536720436101,neither_zero,True
single_baseline_12,dual_baseline_12,24,cosine_error,0.0003408547792962402,0.0003909045336550898,neither_zero,True
single_baseline_12,dual_baseline_12,24,log_norm_ratio,3.074645769390916e-05,0.0001037535551461458,neither_zero,True
single_baseline_12,dual_baseline_12,25,relative_l2,0.009159879064941463,0.020624469441589088,neither_zero,True
single_baseline_12,dual_baseline_12,25,max_abs,0.002026973699685186,0.0037428823998197913,neither_zero,True
single_baseline_12,dual_baseline_12,25,normalized_max_abs,0.6757135352725946,1.2477301994024919,neither_zero,True
single_baseline_12,dual_baseline_12,25,cosine_error,4.195236182835682e-05,0.00021269104683663276,neither_zero,True
single_baseline_12,dual_baseline_12,25,log_norm_ratio,2.143861092816176e-05,8.241009325611086e-05,neither_zero,True
single_baseline_12,dual_baseline_12,26,relative_l2,0.0014013046805917426,0.0030323136778769143,neither_zero,True
single_baseline_12,dual_baseline_12,26,max_abs,0.0003326937439851463,0.0004952069721184671,neither_zero,True
single_baseline_12,dual_baseline_12,26,normalized_max_abs,0.11091368361733656,0.16509247524793977,neither_zero,True
single_baseline_12,dual_baseline_12,26,cosine_error,9.818271183847926e-07,4.597282226015409e-06,neither_zero,True
single_baseline_12,dual_baseline_12,26,log_norm_ratio,2.2189789940077674e-06,2.4824088155444077e-05,neither_zero,True
single_baseline_12,dual_baseline_12,28,relative_l2,0.0,0.0,neither_zero,True
single_baseline_12,dual_baseline_12,28,max_abs,0.0,0.0,neither_zero,True
single_baseline_12,dual_baseline_12,28,normalized_max_abs,0.0,0.0,neither_zero,True
single_baseline_12,dual_baseline_12,28,cosine_error,0.0,0.0,neither_zero,True
single_baseline_12,dual_baseline_12,28,log_norm_ratio,0.0,0.0,neither_zero,True
single_baseline_12,dual_baseline_12,29,relative_l2,0.0,0.0,neither_zero,True
single_baseline_12,dual_baseline_12,29,max_abs,0.0,0.0,neither_zero,True
single_baseline_12,dual_baseline_12,29,normalized_max_abs,0.0,0.0,neither_zero,True
single_baseline_12,dual_baseline_12,29,cosine_error,0.0,0.0,neither_zero,True
single_baseline_12,dual_baseline_12,29,log_norm_ratio,0.0,0.0,neither_zero,True
single_baseline_12,dual_baseline_12,30,relative_l2,0.0,0.0,neither_zero,True
single_baseline_12,dual_baseline_12,30,max_abs,0.0,0.0,neither_zero,True
single_baseline_12,dual_baseline_12,30,normalized_max_abs,0.0,0.0,neither_zero,True
single_baseline_12,dual_baseline_12,30,cosine_error,0.0,0.0,neither_zero,True
single_baseline_12,dual_baseline_12,30,log_norm_ratio,0.0,0.0,neither_zero,True
single_baseline_12,dual_baseline_12,global,relative_l2,0.06830397811684032,0.07576209242758418,neither_zero,True
single_baseline_12,dual_baseline_12,global,max_abs,0.005975551437586546,0.005976773798465729,neither_zero,True
single_baseline_12,dual_baseline_12,global,normalized_max_abs,1.9918577275413654,1.9922651826504838,neither_zero,True
single_baseline_12,dual_baseline_12,global,cosine_error,0.0023327544797430155,0.002869989563512809,neither_zero,True
single_baseline_12,dual_baseline_12,global,log_norm_ratio,1.6246343154908487e-05,2.5695636726825657e-05,neither_zero,True
single_baseline_12,dual_baseline_13,0,relative_l2,0.06803734955812676,0.06824693312551014,neither_zero,True
single_baseline_12,dual_baseline_13,0,max_abs,0.005958174122497439,0.0059624831192195415,neither_zero,True
single_baseline_12,dual_baseline_13,0,normalized_max_abs,1.9860796031777692,1.9875157967593196,neither_zero,True
single_baseline_12,dual_baseline_13,0,cosine_error,0.0023148431298761762,0.0023289119890768095,neither_zero,True
single_baseline_12,dual_baseline_13,0,log_norm_ratio,0.00013467471590584485,0.00013442475574679274,neither_zero,False
single_baseline_12,dual_baseline_13,1,relative_l2,0.11334770945100522,0.13775838756793352,neither_zero,True
single_baseline_12,dual_baseline_13,1,max_abs,0.005907087121158838,0.005959174828603864,neither_zero,True
single_baseline_12,dual_baseline_13,1,normalized_max_abs,1.9690912216582799,1.9864546474587708,neither_zero,True
single_baseline_12,dual_baseline_13,1,cosine_error,0.006424718280438224,0.009490543321821088,neither_zero,True
single_baseline_12,dual_baseline_13,1,log_norm_ratio,0.0001363508463557872,0.000354146493600735,neither_zero,True
single_baseline_12,dual_baseline_13,2,relative_l2,0.07375191125681249,0.09472783252409434,neither_zero,True
single_baseline_12,dual_baseline_13,2,max_abs,0.005927789723500609,0.005975238047540188,neither_zero,True
single_baseline_12,dual_baseline_13,2,normalized_max_abs,1.9759559609000792,1.9917722774521038,neither_zero,True
single_baseline_12,dual_baseline_13,2,cosine_error,0.002719877351653799,0.004487133243832653,neither_zero,True
single_baseline_12,dual_baseline_13,2,log_norm_ratio,7.650298200673918e-05,0.0001280474477327828,neither_zero,True
single_baseline_12,dual_baseline_13,4,relative_l2,0.11093595236020284,0.13372897703352327,neither_zero,True
single_baseline_12,dual_baseline_13,4,max_abs,0.005956073757261038,0.005976773798465729,neither_zero,True
single_baseline_12,dual_baseline_13,4,normalized_max_abs,1.9853959613198802,1.9922961072686851,neither_zero,True
single_baseline_12,dual_baseline_13,4,cosine_error,0.00615340443976975,0.008942036081358573,neither_zero,True
single_baseline_12,dual_baseline_13,4,log_norm_ratio,1.8979008265062776e-06,0.0001512792312364743,neither_zero,True
single_baseline_12,dual_baseline_13,5,relative_l2,0.09657421292790334,0.11086688207218229,neither_zero,True
single_baseline_12,dual_baseline_13,5,max_abs,0.005923716351389885,0.005959352012723684,neither_zero,True
single_baseline_12,dual_baseline_13,5,normalized_max_abs,1.9746062746305126,1.9864851880660115,neither_zero,True
single_baseline_12,dual_baseline_13,5,cosine_error,0.004663774749565697,0.006145754620427768,neither_zero,True
single_baseline_12,dual_baseline_13,5,log_norm_ratio,0.0001052829051202976,0.00010396011900955024,neither_zero,False
single_baseline_12,dual_baseline_13,6,relative_l2,0.08196602523047271,0.12145219557566955,neither_zero,True
single_baseline_12,dual_baseline_13,6,max_abs,0.005950951483100653,0.005959737114608288,neither_zero,True
single_baseline_12,dual_baseline_13,6,normalized_max_abs,1.983692044910557,1.9866206500891914,neither_zero,True
single_baseline_12,dual_baseline_13,6,cosine_error,0.003359704906890748,0.007375358114384278,neither_zero,True
single_baseline_12,dual_baseline_13,6,log_norm_ratio,0.0001492495113038299,0.0001067684111316779,neither_zero,False
single_baseline_12,dual_baseline_13,8,relative_l2,0.09160474820988182,0.10452082796646944,neither_zero,True
single_baseline_12,dual_baseline_13,8,max_abs,0.005947118159383535,0.005964341107755899,neither_zero,True
single_baseline_12,dual_baseline_13,8,normalized_max_abs,1.982403935086105,1.9881450082768717,neither_zero,True
single_baseline_12,dual_baseline_13,8,cosine_error,0.004196165697469945,0.005462305636124598,neither_zero,True
single_baseline_12,dual_baseline_13,8,log_norm_ratio,0.00010883676557846713,0.00011319355897037096,neither_zero,True
single_baseline_12,dual_baseline_13,9,relative_l2,0.11279316770646458,0.11375555232581419,neither_zero,True
single_baseline_12,dual_baseline_13,9,max_abs,0.005940722534433007,0.005957070272415876,neither_zero,True
single_baseline_12,dual_baseline_13,9,normalized_max_abs,1.9802777131445124,1.9857270605934405,neither_zero,True
single_baseline_12,dual_baseline_13,9,cosine_error,0.006361286143989453,0.0064710255121182,neither_zero,True
single_baseline_12,dual_baseline_13,9,log_norm_ratio,2.1542321160506238e-05,0.00018101471761390988,neither_zero,True
single_baseline_12,dual_baseline_13,10,relative_l2,0.10943427947530647,0.11462983090523451,neither_zero,True
single_baseline_12,dual_baseline_13,10,max_abs,0.00590851902961731,0.00594778242520988,neither_zero,True
single_baseline_12,dual_baseline_13,10,normalized_max_abs,1.9695589091996792,1.9826470570430124,neither_zero,True
single_baseline_12,dual_baseline_13,10,cosine_error,0.005988419657675825,0.006571025593287261,neither_zero,True
single_baseline_12,dual_baseline_13,10,log_norm_ratio,8.220775791164433e-05,0.0001985496010601438,neither_zero,True
single_baseline_12,dual_baseline_13,12,relative_l2,0.08972208115161898,0.1281904108794343,neither_zero,True
single_baseline_12,dual_baseline_13,12,max_abs,0.005785173503682017,0.005939641036093235,neither_zero,True
single_baseline_12,dual_baseline_13,12,normalized_max_abs,1.928505200968012,1.9799972695114094,neither_zero,True
single_baseline_12,dual_baseline_13,12,cosine_error,0.004025564294205197,0.008216884210253905,neither_zero,True
single_baseline_12,dual_baseline_13,12,log_norm_ratio,0.0001360458582133979,0.0003993144073782176,neither_zero,True
single_baseline_12,dual_baseline_13,13,relative_l2,0.05337947211722125,0.08811547143108552,neither_zero,True
single_baseline_12,dual_baseline_13,13,max_abs,0.005604470381513238,0.005892634857445955,neither_zero,True
single_baseline_12,dual_baseline_13,13,normalized_max_abs,1.86822231449538,1.9642808135823902,neither_zero,True
single_baseline_12,dual_baseline_13,13,cosine_error,0.001424741997874901,0.003882467918829735,neither_zero,True
single_baseline_12,dual_baseline_13,13,log_norm_ratio,4.12915433120061e-05,0.00017695298734545184,neither_zero,True
single_baseline_12,dual_baseline_13,14,relative_l2,0.08233390869033304,0.09979719351372945,neither_zero,True
single_baseline_12,dual_baseline_13,14,max_abs,0.005739694694057107,0.005890344735234976,neither_zero,True
single_baseline_12,dual_baseline_13,14,normalized_max_abs,1.9133386126754972,1.9635584075632604,neither_zero,True
single_baseline_12,dual_baseline_13,14,cosine_error,0.0033894585504338215,0.004980025156854584,neither_zero,True
single_baseline_12,dual_baseline_13,14,log_norm_ratio,6.582780741068865e-06,0.0002657099935791046,neither_zero,True
single_baseline_12,dual_baseline_13,16,relative_l2,0.062311428971131434,0.08436554172823829,neither_zero,True
single_baseline_12,dual_baseline_13,16,max_abs,0.0057936012744903564,0.005808895919471979,neither_zero,True
single_baseline_12,dual_baseline_13,16,normalized_max_abs,1.931329014399516,1.9364281700460415,neither_zero,True
single_baseline_12,dual_baseline_13,16,cosine_error,0.0019414310670935464,0.003559225492313911,neither_zero,True
single_baseline_12,dual_baseline_13,16,log_norm_ratio,3.8486506257748285e-05,0.0002576750825546444,neither_zero,True
single_baseline_12,dual_baseline_13,17,relative_l2,0.062070360978500314,0.07984475971614276,neither_zero,True
single_baseline_12,dual_baseline_13,17,max_abs,0.0055477002169936895,0.005828710272908211,neither_zero,True
single_baseline_12,dual_baseline_13,17,normalized_max_abs,1.8493607000612775,1.9430371665975241,neither_zero,True
single_baseline_12,dual_baseline_13,17,cosine_error,0.0019264631146392874,0.003187814275713241,neither_zero,True
single_baseline_12,dual_baseline_13,17,log_norm_ratio,5.169970602537326e-05,0.0001790272257123107,neither_zero,True
single_baseline_12,dual_baseline_13,18,relative_l2,0.04541305987884529,0.05675008870631503,neither_zero,True
single_baseline_12,dual_baseline_13,18,max_abs,0.005331071559339762,0.005600189324468374,neither_zero,True
single_baseline_12,dual_baseline_13,18,normalized_max_abs,1.7771483838208928,1.8668605919637218,neither_zero,True
single_baseline_12,dual_baseline_13,18,cosine_error,0.0010312444187241532,0.0016104724420231697,neither_zero,True
single_baseline_12,dual_baseline_13,18,log_norm_ratio,7.174964638427172e-05,0.00017426153486520073,neither_zero,True
single_baseline_12,dual_baseline_13,20,relative_l2,0.0295607073828365,0.03618305776935488,neither_zero,True
single_baseline_12,dual_baseline_13,20,max_abs,0.005645741242915392,0.005794270662590861,neither_zero,True
single_baseline_12,dual_baseline_13,20,normalized_max_abs,1.88192059592444,1.9314304327498888,neither_zero,True
single_baseline_12,dual_baseline_13,20,cosine_error,0.0004369271235821204,0.0006546084234719807,neither_zero,True
single_baseline_12,dual_baseline_13,20,log_norm_ratio,2.2103167474544813e-05,3.119384705013665e-05,neither_zero,True
single_baseline_12,dual_baseline_13,21,relative_l2,0.03524372818093334,0.050826764560299505,neither_zero,True
single_baseline_12,dual_baseline_13,21,max_abs,0.004591246601194143,0.005037351744249463,neither_zero,True
single_baseline_12,dual_baseline_13,21,normalized_max_abs,1.530631841870745,1.6793544432923737,neither_zero,True
single_baseline_12,dual_baseline_13,21,cosine_error,0.0006211344369071448,0.0012917344042318035,neither_zero,True
single_baseline_12,dual_baseline_13,21,log_norm_ratio,0.00013399840425532572,0.00022368858879896094,neither_zero,True
single_baseline_12,dual_baseline_13,22,relative_l2,0.05603270239654551,0.0577932887500439,neither_zero,True
single_baseline_12,dual_baseline_13,22,max_abs,0.005336344707757235,0.005380292423069477,neither_zero,True
single_baseline_12,dual_baseline_13,22,normalized_max_abs,1.7791408366518402,1.793792894607881,neither_zero,True
single_baseline_12,dual_baseline_13,22,cosine_error,0.0015699236197771471,0.0016701450821178243,neither_zero,True
single_baseline_12,dual_baseline_13,22,log_norm_ratio,5.9574947406189134e-05,0.00012333987278905878,neither_zero,True
single_baseline_12,dual_baseline_13,24,relative_l2,0.01885280708758998,0.02795966456988454,neither_zero,True
single_baseline_12,dual_baseline_13,24,max_abs,0.004541765432804823,0.004742427030578256,neither_zero,True
single_baseline_12,dual_baseline_13,24,normalized_max_abs,1.5141561206522627,1.5810536720436101,neither_zero,True
single_baseline_12,dual_baseline_13,24,cosine_error,0.0001777188773721683,0.0003909045336550898,neither_zero,True
single_baseline_12,dual_baseline_13,24,log_norm_ratio,2.8842391242635355e-05,0.0001037535551461458,neither_zero,True
single_baseline_12,dual_baseline_13,25,relative_l2,0.006606754233908539,0.020624469441589088,neither_zero,True
single_baseline_12,dual_baseline_13,25,max_abs,0.0011826394475065172,0.0037428823998197913,neither_zero,True
single_baseline_12,dual_baseline_13,25,normalized_max_abs,0.3942455484749387,1.2477301994024919,neither_zero,True
single_baseline_12,dual_baseline_13,25,cosine_error,2.1824747639676012e-05,0.00021269104683663276,neither_zero,True
single_baseline_12,dual_baseline_13,25,log_norm_ratio,8.313944059584272e-06,8.241009325611086e-05,neither_zero,True
single_baseline_12,dual_baseline_13,26,relative_l2,0.0003987959390246985,0.0030323136778769143,neither_zero,True
single_baseline_12,dual_baseline_13,26,max_abs,8.455419447273016e-05,0.0004952069721184671,neither_zero,True
single_baseline_12,dual_baseline_13,26,normalized_max_abs,0.028188741362791737,0.16509247524793977,neither_zero,True
single_baseline_12,dual_baseline_13,26,cosine_error,7.951638392178495e-08,4.597282226015409e-06,neither_zero,True
single_baseline_12,dual_baseline_13,26,log_norm_ratio,2.410893218477312e-06,2.4824088155444077e-05,neither_zero,True
single_baseline_12,dual_baseline_13,28,relative_l2,0.0,0.0,neither_zero,True
single_baseline_12,dual_baseline_13,28,max_abs,0.0,0.0,neither_zero,True
single_baseline_12,dual_baseline_13,28,normalized_max_abs,0.0,0.0,neither_zero,True
single_baseline_12,dual_baseline_13,28,cosine_error,0.0,0.0,neither_zero,True
single_baseline_12,dual_baseline_13,28,log_norm_ratio,0.0,0.0,neither_zero,True
single_baseline_12,dual_baseline_13,29,relative_l2,0.0,0.0,neither_zero,True
single_baseline_12,dual_baseline_13,29,max_abs,0.0,0.0,neither_zero,True
single_baseline_12,dual_baseline_13,29,normalized_max_abs,0.0,0.0,neither_zero,True
single_baseline_12,dual_baseline_13,29,cosine_error,0.0,0.0,neither_zero,True
single_baseline_12,dual_baseline_13,29,log_norm_ratio,0.0,0.0,neither_zero,True
single_baseline_12,dual_baseline_13,30,relative_l2,0.0,0.0,neither_zero,True
single_baseline_12,dual_baseline_13,30,max_abs,0.0,0.0,neither_zero,True
single_baseline_12,dual_baseline_13,30,normalized_max_abs,0.0,0.0,neither_zero,True
single_baseline_12,dual_baseline_13,30,cosine_error,0.0,0.0,neither_zero,True
single_baseline_12,dual_baseline_13,30,log_norm_ratio,0.0,0.0,neither_zero,True
single_baseline_12,dual_baseline_13,global,relative_l2,0.07004614269032378,0.07576209242758418,neither_zero,True
single_baseline_12,dual_baseline_13,global,max_abs,0.005958174122497439,0.005976773798465729,neither_zero,True
single_baseline_12,dual_baseline_13,global,normalized_max_abs,1.9860652680996411,1.9922651826504838,neither_zero,True
single_baseline_12,dual_baseline_13,global,cosine_error,0.0024532517399871168,0.002869989563512809,neither_zero,True
single_baseline_12,dual_baseline_13,global,log_norm_ratio,8.447097691730794e-06,2.5695636726825657e-05,neither_zero,True
single_baseline_12,dual_baseline_14,0,relative_l2,0.06432839342540901,0.06824693312551014,neither_zero,True
single_baseline_12,dual_baseline_14,0,max_abs,0.005936905276030302,0.0059624831192195415,neither_zero,True
single_baseline_12,dual_baseline_14,0,normalized_max_abs,1.9789899107177922,1.9875157967593196,neither_zero,True
single_baseline_12,dual_baseline_14,0,cosine_error,0.0020691020077859834,0.0023289119890768095,neither_zero,True
single_baseline_12,dual_baseline_14,0,log_norm_ratio,1.4992036420600532e-05,0.00013442475574679274,neither_zero,True
single_baseline_12,dual_baseline_14,1,relative_l2,0.10181852152899527,0.13775838756793352,neither_zero,True
single_baseline_12,dual_baseline_14,1,max_abs,0.005908296210691333,0.005959174828603864,neither_zero,True
single_baseline_12,dual_baseline_14,1,normalized_max_abs,1.9694951813766148,1.9864546474587708,neither_zero,True
single_baseline_12,dual_baseline_14,1,cosine_error,0.0051835856733304375,0.009490543321821088,neither_zero,True
single_baseline_12,dual_baseline_14,1,log_norm_ratio,1.5458461016217e-05,0.000354146493600735,neither_zero,True
single_baseline_12,dual_baseline_14,2,relative_l2,0.05213901008847966,0.09472783252409434,neither_zero,True
single_baseline_12,dual_baseline_14,2,max_abs,0.005835235118865967,0.005975238047540188,neither_zero,True
single_baseline_12,dual_baseline_14,2,normalized_max_abs,1.9451040192376527,1.9917722774521038,neither_zero,True
single_baseline_12,dual_baseline_14,2,cosine_error,0.0013593509387724856,0.004487133243832653,neither_zero,True
single_baseline_12,dual_baseline_14,2,log_norm_ratio,8.564724914867439e-05,0.0001280474477327828,neither_zero,True
single_baseline_12,dual_baseline_14,4,relative_l2,0.11448378663377677,0.13372897703352327,neither_zero,True
single_baseline_12,dual_baseline_14,4,max_abs,0.005965650314465165,0.005976773798465729,neither_zero,True
single_baseline_12,dual_baseline_14,4,normalized_max_abs,1.9885883625590568,1.9922961072686851,neither_zero,True
single_baseline_12,dual_baseline_14,4,cosine_error,0.006553528410352061,0.008942036081358573,neither_zero,True
single_baseline_12,dual_baseline_14,4,log_norm_ratio,3.9750272314323445e-05,0.0001512792312364743,neither_zero,True
single_baseline_12,dual_baseline_14,5,relative_l2,0.08439009735686204,0.11086688207218229,neither_zero,True
single_baseline_12,dual_baseline_14,5,max_abs,0.005940234987065196,0.005959352012723684,neither_zero,True
single_baseline_12,dual_baseline_14,5,normalized_max_abs,1.9801127354521393,1.9864851880660115,neither_zero,True
single_baseline_12,dual_baseline_14,5,cosine_error,0.003560968333233272,0.006145754620427768,neither_zero,True
single_baseline_12,dual_baseline_14,5,log_norm_ratio,3.5013628857011994e-05,0.00010396011900955024,neither_zero,True
single_baseline_12,dual_baseline_14,6,relative_l2,0.08598538260509969,0.12145219557566955,neither_zero,True
single_baseline_12,dual_baseline_14,6,max_abs,0.005926708457991481,0.005959737114608288,neither_zero,True
single_baseline_12,dual_baseline_14,6,normalized_max_abs,1.9756108672719563,1.9866206500891914,neither_zero,True
single_baseline_12,dual_baseline_14,6,cosine_error,0.003696971851573916,0.007375358114384278,neither_zero,True
single_baseline_12,dual_baseline_14,6,log_norm_ratio,6.242851030343588e-05,0.0001067684111316779,neither_zero,True
single_baseline_12,dual_baseline_14,8,relative_l2,0.09749710548198595,0.10452082796646944,neither_zero,True
single_baseline_12,dual_baseline_14,8,max_abs,0.005953820422291756,0.005964341107755899,neither_zero,True
single_baseline_12,dual_baseline_14,8,normalized_max_abs,1.984637903870482,1.9881450082768717,neither_zero,True
single_baseline_12,dual_baseline_14,8,cosine_error,0.004752877092276897,0.005462305636124598,neither_zero,True
single_baseline_12,dual_baseline_14,8,log_norm_ratio,7.22295259957693e-06,0.00011319355897037096,neither_zero,True
single_baseline_12,dual_baseline_14,9,relative_l2,0.07643505252713505,0.11375555232581419,neither_zero,True
single_baseline_12,dual_baseline_14,9,max_abs,0.005925748264417052,0.005957070272415876,neither_zero,True
single_baseline_12,dual_baseline_14,9,normalized_max_abs,1.975286196875013,1.9857270605934405,neither_zero,True
single_baseline_12,dual_baseline_14,9,cosine_error,0.0029217374020680253,0.0064710255121182,neither_zero,True
single_baseline_12,dual_baseline_14,9,log_norm_ratio,0.00020532697344609907,0.00018101471761390988,neither_zero,False
single_baseline_12,dual_baseline_14,10,relative_l2,0.1123819502645363,0.11462983090523451,neither_zero,True
single_baseline_12,dual_baseline_14,10,max_abs,0.005888502346351743,0.00594778242520988,neither_zero,True
single_baseline_12,dual_baseline_14,10,normalized_max_abs,1.9628865033631733,1.9826470570430124,neither_zero,True
single_baseline_12,dual_baseline_14,10,cosine_error,0.006315425473569114,0.006571025593287261,neither_zero,True
single_baseline_12,dual_baseline_14,10,log_norm_ratio,9.157257996643628e-05,0.0001985496010601438,neither_zero,True
single_baseline_12,dual_baseline_14,12,relative_l2,0.07583619065871454,0.1281904108794343,neither_zero,True
single_baseline_12,dual_baseline_14,12,max_abs,0.0057839148212224245,0.005939641036093235,neither_zero,True
single_baseline_12,dual_baseline_14,12,normalized_max_abs,1.928085615337927,1.9799972695114094,neither_zero,True
single_baseline_12,dual_baseline_14,12,cosine_error,0.0028755832909647117,0.008216884210253905,neither_zero,True
single_baseline_12,dual_baseline_14,12,log_norm_ratio,6.748889316044225e-06,0.0003993144073782176,neither_zero,True
single_baseline_12,dual_baseline_14,13,relative_l2,0.06766110419627205,0.08811547143108552,neither_zero,True
single_baseline_12,dual_baseline_14,13,max_abs,0.005746547365561128,0.005892634857445955,neither_zero,True
single_baseline_12,dual_baseline_14,13,normalized_max_abs,1.915583267517553,1.9642808135823902,neither_zero,True
single_baseline_12,dual_baseline_14,13,cosine_error,0.0022892970738136453,0.003882467918829735,neither_zero,True
single_baseline_12,dual_baseline_14,13,log_norm_ratio,0.00012788106255913134,0.00017695298734545184,neither_zero,True
single_baseline_12,dual_baseline_14,14,relative_l2,0.0883929994897343,0.09979719351372945,neither_zero,True
single_baseline_12,dual_baseline_14,14,max_abs,0.005791523726657033,0.005890344735234976,neither_zero,True
single_baseline_12,dual_baseline_14,14,normalized_max_abs,1.9306159235111646,1.9635584075632604,neither_zero,True
single_baseline_12,dual_baseline_14,14,cosine_error,0.003907104470074474,0.004980025156854584,neither_zero,True
single_baseline_12,dual_baseline_14,14,log_norm_ratio,0.00011516120950102776,0.0002657099935791046,neither_zero,True
single_baseline_12,dual_baseline_14,16,relative_l2,0.05072088480991244,0.08436554172823829,neither_zero,True
single_baseline_12,dual_baseline_14,16,max_abs,0.0056707889307290316,0.005808895919471979,neither_zero,True
single_baseline_12,dual_baseline_14,16,normalized_max_abs,1.890389427539809,1.9364281700460415,neither_zero,True
single_baseline_12,dual_baseline_14,16,cosine_error,0.001286368359843637,0.003559225492313911,neither_zero,True
single_baseline_12,dual_baseline_14,16,log_norm_ratio,5.09831753922382e-05,0.0002576750825546444,neither_zero,True
single_baseline_12,dual_baseline_14,17,relative_l2,0.07152262479685058,0.07984475971614276,neither_zero,True
single_baseline_12,dual_baseline_14,17,max_abs,0.005612341919913888,0.005828710272908211,neither_zero,True
single_baseline_12,dual_baseline_14,17,normalized_max_abs,1.870909417600026,1.9430371665975241,neither_zero,True
single_baseline_12,dual_baseline_14,17,cosine_error,0.0025579988673817278,0.003187814275713241,neither_zero,True
single_baseline_12,dual_baseline_14,17,log_norm_ratio,0.00010209665658575321,0.0001790272257123107,neither_zero,True
single_baseline_12,dual_baseline_14,18,relative_l2,0.0438461012963794,0.05675008870631503,neither_zero,True
single_baseline_12,dual_baseline_14,18,max_abs,0.005365688819438219,0.005600189324468374,neither_zero,True
single_baseline_12,dual_baseline_14,18,normalized_max_abs,1.788688279159289,1.8668605919637218,neither_zero,True
single_baseline_12,dual_baseline_14,18,cosine_error,0.0009612597348328533,0.0016104724420231697,neither_zero,True
single_baseline_12,dual_baseline_14,18,log_norm_ratio,2.0436102658066427e-05,0.00017426153486520073,neither_zero,True
single_baseline_12,dual_baseline_14,20,relative_l2,0.0005056220223958503,0.03618305776935488,neither_zero,True
single_baseline_12,dual_baseline_14,20,max_abs,0.00011847401037812233,0.005794270662590861,neither_zero,True
single_baseline_12,dual_baseline_14,20,normalized_max_abs,0.03949148050172082,1.9314304327498888,neither_zero,True
single_baseline_12,dual_baseline_14,20,cosine_error,1.2782538194588966e-07,0.0006546084234719807,neither_zero,True
single_baseline_12,dual_baseline_14,20,log_norm_ratio,1.8244816798139034e-06,3.119384705013665e-05,neither_zero,True
single_baseline_12,dual_baseline_14,21,relative_l2,0.029343380287869765,0.050826764560299505,neither_zero,True
single_baseline_12,dual_baseline_14,21,max_abs,0.0037369088968262076,0.005037351744249463,neither_zero,True
single_baseline_12,dual_baseline_14,21,normalized_max_abs,1.2458123565317956,1.6793544432923737,neither_zero,True
single_baseline_12,dual_baseline_14,21,cosine_error,0.0004305480107645865,0.0012917344042318035,neither_zero,True
single_baseline_12,dual_baseline_14,21,log_norm_ratio,7.9386281448529e-05,0.00022368858879896094,neither_zero,True
single_baseline_12,dual_baseline_14,22,relative_l2,0.05668990862057886,0.0577932887500439,neither_zero,True
single_baseline_12,dual_baseline_14,22,max_abs,0.005180503241717815,0.005380292423069477,neither_zero,True
single_baseline_12,dual_baseline_14,22,normalized_max_abs,1.72718332341145,1.793792894607881,neither_zero,True
single_baseline_12,dual_baseline_14,22,cosine_error,0.0016070194090729295,0.0016701450821178243,neither_zero,True
single_baseline_12,dual_baseline_14,22,log_norm_ratio,9.393669872326037e-05,0.00012333987278905878,neither_zero,True
single_baseline_12,dual_baseline_14,24,relative_l2,0.02019969364848752,0.02795966456988454,neither_zero,True
single_baseline_12,dual_baseline_14,24,max_abs,0.004209551960229874,0.004742427030578256,neither_zero,True
single_baseline_12,dual_baseline_14,24,normalized_max_abs,1.4034009396945255,1.5810536720436101,neither_zero,True
single_baseline_12,dual_baseline_14,24,cosine_error,0.00020401605440589776,0.0003909045336550898,neither_zero,True
single_baseline_12,dual_baseline_14,24,log_norm_ratio,1.1305905232313509e-05,0.0001037535551461458,neither_zero,True
single_baseline_12,dual_baseline_14,25,relative_l2,0.00601724935447291,0.020624469441589088,neither_zero,True
single_baseline_12,dual_baseline_14,25,max_abs,0.0009866797481663525,0.0037428823998197913,neither_zero,True
single_baseline_12,dual_baseline_14,25,normalized_max_abs,0.3289203312894035,1.2477301994024919,neither_zero,True
single_baseline_12,dual_baseline_14,25,cosine_error,1.810370020349783e-05,0.00021269104683663276,neither_zero,True
single_baseline_12,dual_baseline_14,25,log_norm_ratio,3.283943819142656e-05,8.241009325611086e-05,neither_zero,True
single_baseline_12,dual_baseline_14,26,relative_l2,0.0015280650567602823,0.0030323136778769143,neither_zero,True
single_baseline_12,dual_baseline_14,26,max_abs,0.0002214366104453802,0.0004952069721184671,neither_zero,True
single_baseline_12,dual_baseline_14,26,normalized_max_abs,0.07382270482289585,0.16509247524793977,neither_zero,True
single_baseline_12,dual_baseline_14,26,cosine_error,1.1674839283104532e-06,4.597282226015409e-06,neither_zero,True
single_baseline_12,dual_baseline_14,26,log_norm_ratio,5.20721415901171e-06,2.4824088155444077e-05,neither_zero,True
single_baseline_12,dual_baseline_14,28,relative_l2,0.0,0.0,neither_zero,True
single_baseline_12,dual_baseline_14,28,max_abs,0.0,0.0,neither_zero,True
single_baseline_12,dual_baseline_14,28,normalized_max_abs,0.0,0.0,neither_zero,True
single_baseline_12,dual_baseline_14,28,cosine_error,0.0,0.0,neither_zero,True
single_baseline_12,dual_baseline_14,28,log_norm_ratio,0.0,0.0,neither_zero,True
single_baseline_12,dual_baseline_14,29,relative_l2,0.0,0.0,neither_zero,True
single_baseline_12,dual_baseline_14,29,max_abs,0.0,0.0,neither_zero,True
single_baseline_12,dual_baseline_14,29,normalized_max_abs,0.0,0.0,neither_zero,True
single_baseline_12,dual_baseline_14,29,cosine_error,0.0,0.0,neither_zero,True
single_baseline_12,dual_baseline_14,29,log_norm_ratio,0.0,0.0,neither_zero,True
single_baseline_12,dual_baseline_14,30,relative_l2,0.0,0.0,neither_zero,True
single_baseline_12,dual_baseline_14,30,max_abs,0.0,0.0,neither_zero,True
single_baseline_12,dual_baseline_14,30,normalized_max_abs,0.0,0.0,neither_zero,True
single_baseline_12,dual_baseline_14,30,cosine_error,0.0,0.0,neither_zero,True
single_baseline_12,dual_baseline_14,30,log_norm_ratio,0.0,0.0,neither_zero,True
single_baseline_12,dual_baseline_14,global,relative_l2,0.06624623685026279,0.07576209242758418,neither_zero,True
single_baseline_12,dual_baseline_14,global,max_abs,0.005965650314465165,0.005976773798465729,neither_zero,True
single_baseline_12,dual_baseline_14,global,normalized_max_abs,1.9885573411575062,1.9922651826504838,neither_zero,True
single_baseline_12,dual_baseline_14,global,cosine_error,0.002194298977814424,0.002869989563512809,neither_zero,True
single_baseline_12,dual_baseline_14,global,log_norm_ratio,7.774553211372508e-06,2.5695636726825657e-05,neither_zero,True
single_baseline_12,dual_baseline_15,0,relative_l2,0.05069568916337291,0.06824693312551014,neither_zero,True
single_baseline_12,dual_baseline_15,0,max_abs,0.005899736657738686,0.0059624831192195415,neither_zero,True
single_baseline_12,dual_baseline_15,0,normalized_max_abs,1.9666003894057484,1.9875157967593196,neither_zero,True
single_baseline_12,dual_baseline_15,0,cosine_error,0.0012851179470994012,0.0023289119890768095,neither_zero,True
single_baseline_12,dual_baseline_15,0,log_norm_ratio,7.32899168760858e-05,0.00013442475574679274,neither_zero,True
single_baseline_12,dual_baseline_15,1,relative_l2,0.08065533551749092,0.13775838756793352,neither_zero,True
single_baseline_12,dual_baseline_15,1,max_abs,0.005902007455006242,0.005959174828603864,neither_zero,True
single_baseline_12,dual_baseline_15,1,normalized_max_abs,1.9673988623064524,1.9864546474587708,neither_zero,True
single_baseline_12,dual_baseline_15,1,cosine_error,0.003252727340174788,0.009490543321821088,neither_zero,True
single_baseline_12,dual_baseline_15,1,log_norm_ratio,2.6475649265872802e-05,0.000354146493600735,neither_zero,True
single_baseline_12,dual_baseline_15,2,relative_l2,0.06142893148743711,0.09472783252409434,neither_zero,True
single_baseline_12,dual_baseline_15,2,max_abs,0.0058398188557475805,0.005975238047540188,neither_zero,True
single_baseline_12,dual_baseline_15,2,normalized_max_abs,1.9466319516773807,1.9917722774521038,neither_zero,True
single_baseline_12,dual_baseline_15,2,cosine_error,0.001886787099884213,0.004487133243832653,neither_zero,True
single_baseline_12,dual_baseline_15,2,log_norm_ratio,1.6121712953800056e-05,0.0001280474477327828,neither_zero,True
single_baseline_12,dual_baseline_15,4,relative_l2,0.09857884422904828,0.13372897703352327,neither_zero,True
single_baseline_12,dual_baseline_15,4,max_abs,0.0059045914094895124,0.005976773798465729,neither_zero,True
single_baseline_12,dual_baseline_15,4,normalized_max_abs,1.9682350026628577,1.9922961072686851,neither_zero,True
single_baseline_12,dual_baseline_15,4,cosine_error,0.0048594666510543005,0.008942036081358573,neither_zero,True
single_baseline_12,dual_baseline_15,4,log_norm_ratio,0.00011925820210783346,0.0001512792312364743,neither_zero,True
single_baseline_12,dual_baseline_15,5,relative_l2,0.08449750837103004,0.11086688207218229,neither_zero,True
single_baseline_12,dual_baseline_15,5,max_abs,0.005949126556515694,0.005959352012723684,neither_zero,True
single_baseline_12,dual_baseline_15,5,normalized_max_abs,1.983076489526825,1.9864851880660115,neither_zero,True
single_baseline_12,dual_baseline_15,5,cosine_error,0.0035699808739318994,0.006145754620427768,neither_zero,True
single_baseline_12,dual_baseline_15,5,log_norm_ratio,1.8652214403110934e-05,0.00010396011900955024,neither_zero,True
single_baseline_12,dual_baseline_15,6,relative_l2,0.10203494237654516,0.12145219557566955,neither_zero,True
single_baseline_12,dual_baseline_15,6,max_abs,0.005917808506637812,0.005959737114608288,neither_zero,True
single_baseline_12,dual_baseline_15,6,normalized_max_abs,1.9726441546797766,1.9866206500891914,neither_zero,True
single_baseline_12,dual_baseline_15,6,cosine_error,0.005206173154691629,0.007375358114384278,neither_zero,True
single_baseline_12,dual_baseline_15,6,log_norm_ratio,0.00011821440746198011,0.0001067684111316779,neither_zero,False
single_baseline_12,dual_baseline_15,8,relative_l2,0.0938866481776056,0.10452082796646944,neither_zero,True
single_baseline_12,dual_baseline_15,8,max_abs,0.005963303614407778,0.005964341107755899,neither_zero,True
single_baseline_12,dual_baseline_15,8,normalized_max_abs,1.9877993259911875,1.9881450082768717,neither_zero,True
single_baseline_12,dual_baseline_15,8,cosine_error,0.004407624798431153,0.005462305636124598,neither_zero,True
single_baseline_12,dual_baseline_15,8,log_norm_ratio,6.248399995154075e-05,0.00011319355897037096,neither_zero,True
single_baseline_12,dual_baseline_15,9,relative_l2,0.09283383303339404,0.11375555232581419,neither_zero,True
single_baseline_12,dual_baseline_15,9,max_abs,0.005929629784077406,0.005957070272415876,neither_zero,True
single_baseline_12,dual_baseline_15,9,normalized_max_abs,1.9765800608506454,1.9857270605934405,neither_zero,True
single_baseline_12,dual_baseline_15,9,cosine_error,0.004309130499503322,0.0064710255121182,neither_zero,True
single_baseline_12,dual_baseline_15,9,log_norm_ratio,1.632708236505487e-05,0.00018101471761390988,neither_zero,True
single_baseline_12,dual_baseline_15,10,relative_l2,0.11506937907509399,0.11462983090523451,neither_zero,False
single_baseline_12,dual_baseline_15,10,max_abs,0.005894252331927419,0.00594778242520988,neither_zero,True
single_baseline_12,dual_baseline_15,10,normalized_max_abs,1.96480321637731,1.9826470570430124,neither_zero,True
single_baseline_12,dual_baseline_15,10,cosine_error,0.006620687781077272,0.006571025593287261,neither_zero,False
single_baseline_12,dual_baseline_15,10,log_norm_ratio,3.130702074627437e-05,0.0001985496010601438,neither_zero,True
single_baseline_12,dual_baseline_15,12,relative_l2,0.076331618733516,0.1281904108794343,neither_zero,True
single_baseline_12,dual_baseline_15,12,max_abs,0.0057623174507170916,0.005939641036093235,neither_zero,True
single_baseline_12,dual_baseline_15,12,normalized_max_abs,1.9208859170355246,1.9799972695114094,neither_zero,True
single_baseline_12,dual_baseline_15,12,cosine_error,0.0029134115493222312,0.008216884210253905,neither_zero,True
single_baseline_12,dual_baseline_15,12,log_norm_ratio,5.3188027566218866e-05,0.0003993144073782176,neither_zero,True
single_baseline_12,dual_baseline_15,13,relative_l2,0.06398929837447156,0.08811547143108552,neither_zero,True
single_baseline_12,dual_baseline_15,13,max_abs,0.0056927145924419165,0.005892634857445955,neither_zero,True
single_baseline_12,dual_baseline_15,13,normalized_max_abs,1.8976383776782677,1.9642808135823902,neither_zero,True
single_baseline_12,dual_baseline_15,13,cosine_error,0.0020475026913201466,0.003882467918829735,neither_zero,True
single_baseline_12,dual_baseline_15,13,log_norm_ratio,9.374377204563573e-05,0.00017695298734545184,neither_zero,True
single_baseline_12,dual_baseline_15,14,relative_l2,0.08645978647982255,0.09979719351372945,neither_zero,True
single_baseline_12,dual_baseline_15,14,max_abs,0.005815498530864716,0.005890344735234976,neither_zero,True
single_baseline_12,dual_baseline_15,14,normalized_max_abs,1.938607972055034,1.9635584075632604,neither_zero,True
single_baseline_12,dual_baseline_15,14,cosine_error,0.0037377050831437497,0.004980025156854584,neither_zero,True
single_baseline_12,dual_baseline_15,14,log_norm_ratio,1.5481253099061267e-05,0.0002657099935791046,neither_zero,True
single_baseline_12,dual_baseline_15,16,relative_l2,0.05013367410821075,0.08436554172823829,neither_zero,True
single_baseline_12,dual_baseline_15,16,max_abs,0.005697480635717511,0.005808895919471979,neither_zero,True
single_baseline_12,dual_baseline_15,16,normalized_max_abs,1.8992872577235091,1.9364281700460415,neither_zero,True
single_baseline_12,dual_baseline_15,16,cosine_error,0.00125674273404619,0.003559225492313911,neither_zero,True
single_baseline_12,dual_baseline_15,16,log_norm_ratio,4.051422185817718e-05,0.0002576750825546444,neither_zero,True
single_baseline_12,dual_baseline_15,17,relative_l2,0.07337799511379706,0.07984475971614276,neither_zero,True
single_baseline_12,dual_baseline_15,17,max_abs,0.0056142841931432486,0.005828710272908211,neither_zero,True
single_baseline_12,dual_baseline_15,17,normalized_max_abs,1.8715568865761179,1.9430371665975241,neither_zero,True
single_baseline_12,dual_baseline_15,17,cosine_error,0.0026926113585908906,0.003187814275713241,neither_zero,True
single_baseline_12,dual_baseline_15,17,log_norm_ratio,0.00017119672246103214,0.0001790272257123107,neither_zero,True
single_baseline_12,dual_baseline_15,18,relative_l2,0.04306060694716143,0.05675008870631503,neither_zero,True
single_baseline_12,dual_baseline_15,18,max_abs,0.005377942929044366,0.005600189324468374,neither_zero,True
single_baseline_12,dual_baseline_15,18,normalized_max_abs,1.7927732686101574,1.8668605919637218,neither_zero,True
single_baseline_12,dual_baseline_15,18,cosine_error,0.0009271215116705145,0.0016104724420231697,neither_zero,True
single_baseline_12,dual_baseline_15,18,log_norm_ratio,1.4761160314163227e-05,0.00017426153486520073,neither_zero,True
single_baseline_12,dual_baseline_15,20,relative_l2,0.0004891507875748863,0.03618305776935488,neither_zero,True
single_baseline_12,dual_baseline_15,20,max_abs,9.701400995254517e-05,0.005794270662590861,neither_zero,True
single_baseline_12,dual_baseline_15,20,normalized_max_abs,0.03233812099554089,1.9314304327498888,neither_zero,True
single_baseline_12,dual_baseline_15,20,cosine_error,1.1963420620819676e-07,0.0006546084234719807,neither_zero,True
single_baseline_12,dual_baseline_15,20,log_norm_ratio,4.232474206408625e-07,3.119384705013665e-05,neither_zero,True
single_baseline_12,dual_baseline_15,21,relative_l2,0.032886078965930154,0.050826764560299505,neither_zero,True
single_baseline_12,dual_baseline_15,21,max_abs,0.003907130449078977,0.005037351744249463,neither_zero,True
single_baseline_12,dual_baseline_15,21,normalized_max_abs,1.302560893624747,1.6793544432923737,neither_zero,True
single_baseline_12,dual_baseline_15,21,cosine_error,0.0005407785726847525,0.0012917344042318035,neither_zero,True
single_baseline_12,dual_baseline_15,21,log_norm_ratio,6.173367161827032e-05,0.00022368858879896094,neither_zero,True
single_baseline_12,dual_baseline_15,22,relative_l2,0.056792341940626545,0.0577932887500439,neither_zero,True
single_baseline_12,dual_baseline_15,22,max_abs,0.005173457786440849,0.005380292423069477,neither_zero,True
single_baseline_12,dual_baseline_15,22,normalized_max_abs,1.7248343638041626,1.793792894607881,neither_zero,True
single_baseline_12,dual_baseline_15,22,cosine_error,0.0016128143275513374,0.0016701450821178243,neither_zero,True
single_baseline_12,dual_baseline_15,22,log_norm_ratio,8.225635989829891e-05,0.00012333987278905878,neither_zero,True
single_baseline_12,dual_baseline_15,24,relative_l2,0.01990403456925809,0.02795966456988454,neither_zero,True
single_baseline_12,dual_baseline_15,24,max_abs,0.0042667267844080925,0.004742427030578256,neither_zero,True
single_baseline_12,dual_baseline_15,24,normalized_max_abs,1.4224621611111155,1.5810536720436101,neither_zero,True
single_baseline_12,dual_baseline_15,24,cosine_error,0.00019808666008491738,0.0003909045336550898,neither_zero,True
single_baseline_12,dual_baseline_15,24,log_norm_ratio,7.010039815106602e-06,0.0001037535551461458,neither_zero,True
single_baseline_12,dual_baseline_15,25,relative_l2,0.0068828390296055714,0.020624469441589088,neither_zero,True
single_baseline_12,dual_baseline_15,25,max_abs,0.0013004502980038524,0.0037428823998197913,neither_zero,True
single_baseline_12,dual_baseline_15,25,normalized_max_abs,0.4335190931400742,1.2477301994024919,neither_zero,True
single_baseline_12,dual_baseline_15,25,cosine_error,2.3686955866186743e-05,0.00021269104683663276,neither_zero,True
single_baseline_12,dual_baseline_15,25,log_norm_ratio,3.4752943231107324e-05,8.241009325611086e-05,neither_zero,True
single_baseline_12,dual_baseline_15,26,relative_l2,0.0004444327417606068,0.0030323136778769143,neither_zero,True
single_baseline_12,dual_baseline_15,26,max_abs,9.959022281691432e-05,0.0004952069721184671,neither_zero,True
single_baseline_12,dual_baseline_15,26,normalized_max_abs,0.033201463874795674,0.16509247524793977,neither_zero,True
single_baseline_12,dual_baseline_15,26,cosine_error,9.875754702903805e-08,4.597282226015409e-06,neither_zero,True
single_baseline_12,dual_baseline_15,26,log_norm_ratio,2.4169378244514437e-06,2.4824088155444077e-05,neither_zero,True
single_baseline_12,dual_baseline_15,28,relative_l2,0.0,0.0,neither_zero,True
single_baseline_12,dual_baseline_15,28,max_abs,0.0,0.0,neither_zero,True
single_baseline_12,dual_baseline_15,28,normalized_max_abs,0.0,0.0,neither_zero,True
single_baseline_12,dual_baseline_15,28,cosine_error,0.0,0.0,neither_zero,True
single_baseline_12,dual_baseline_15,28,log_norm_ratio,0.0,0.0,neither_zero,True
single_baseline_12,dual_baseline_15,29,relative_l2,0.0,0.0,neither_zero,True
single_baseline_12,dual_baseline_15,29,max_abs,0.0,0.0,neither_zero,True
single_baseline_12,dual_baseline_15,29,normalized_max_abs,0.0,0.0,neither_zero,True
single_baseline_12,dual_baseline_15,29,cosine_error,0.0,0.0,neither_zero,True
single_baseline_12,dual_baseline_15,29,log_norm_ratio,0.0,0.0,neither_zero,True
single_baseline_12,dual_baseline_15,30,relative_l2,0.0,0.0,neither_zero,True
single_baseline_12,dual_baseline_15,30,max_abs,0.0,0.0,neither_zero,True
single_baseline_12,dual_baseline_15,30,normalized_max_abs,0.0,0.0,neither_zero,True
single_baseline_12,dual_baseline_15,30,cosine_error,0.0,0.0,neither_zero,True
single_baseline_12,dual_baseline_15,30,log_norm_ratio,0.0,0.0,neither_zero,True
single_baseline_12,dual_baseline_15,global,relative_l2,0.0654828274699967,0.07576209242758418,neither_zero,True
single_baseline_12,dual_baseline_15,global,max_abs,0.005963303614407778,0.005976773798465729,neither_zero,True
single_baseline_12,dual_baseline_15,global,normalized_max_abs,1.9877751049584957,1.9922651826504838,neither_zero,True
single_baseline_12,dual_baseline_15,global,cosine_error,0.002144025876586797,0.002869989563512809,neither_zero,True
single_baseline_12,dual_baseline_15,global,log_norm_ratio,1.194076043671327e-05,2.5695636726825657e-05,neither_zero,True
single_baseline_13,dual_baseline_11,0,relative_l2,0.06211431961934136,0.06824693312551014,neither_zero,True
single_baseline_13,dual_baseline_11,0,max_abs,0.0059219785034656525,0.0059624831192195415,neither_zero,True
single_baseline_13,dual_baseline_11,0,normalized_max_abs,1.9740141126383155,1.9875157967593196,neither_zero,True
single_baseline_13,dual_baseline_11,0,cosine_error,0.0019291348316993195,0.0023289119890768095,neither_zero,True
single_baseline_13,dual_baseline_11,0,log_norm_ratio,2.1099527928616986e-05,0.00013442475574679274,neither_zero,True
single_baseline_13,dual_baseline_11,1,relative_l2,0.11731759720363041,0.13775838756793352,neither_zero,True
single_baseline_13,dual_baseline_11,1,max_abs,0.0059534425381571054,0.005959174828603864,neither_zero,True
single_baseline_13,dual_baseline_11,1,normalized_max_abs,1.9845438233386443,1.9864546474587708,neither_zero,True
single_baseline_13,dual_baseline_11,1,cosine_error,0.006881756439149789,0.009490543321821088,neither_zero,True
single_baseline_13,dual_baseline_11,1,log_norm_ratio,6.852316619302246e-06,0.000354146493600735,neither_zero,True
single_baseline_13,dual_baseline_11,2,relative_l2,0.08029587023471789,0.09472783252409434,neither_zero,True
single_baseline_13,dual_baseline_11,2,max_abs,0.005959080066531897,0.005975238047540188,neither_zero,True
single_baseline_13,dual_baseline_11,2,normalized_max_abs,1.9863862127671728,1.9917722774521038,neither_zero,True
single_baseline_13,dual_baseline_11,2,cosine_error,0.0032239293394967783,0.004487133243832653,neither_zero,True
single_baseline_13,dual_baseline_11,2,log_norm_ratio,6.769682664977013e-05,0.0001280474477327828,neither_zero,True
single_baseline_13,dual_baseline_11,4,relative_l2,0.07289159748801632,0.13372897703352327,neither_zero,True
single_baseline_13,dual_baseline_11,4,max_abs,0.005902692675590515,0.005976773798465729,neither_zero,True
single_baseline_13,dual_baseline_11,4,normalized_max_abs,1.967601773768737,1.9922961072686851,neither_zero,True
single_baseline_13,dual_baseline_11,4,cosine_error,0.0026566182356724255,0.008942036081358573,neither_zero,True
single_baseline_13,dual_baseline_11,4,log_norm_ratio,9.708111474709181e-06,0.0001512792312364743,neither_zero,True
single_baseline_13,dual_baseline_11,5,relative_l2,0.0850881355748405,0.11086688207218229,neither_zero,True
single_baseline_13,dual_baseline_11,5,max_abs,0.0059410869143903255,0.005959352012723684,neither_zero,True
single_baseline_13,dual_baseline_11,5,normalized_max_abs,1.98039671616163,1.9864851880660115,neither_zero,True
single_baseline_13,dual_baseline_11,5,cosine_error,0.003620024738097194,0.006145754620427768,neither_zero,True
single_baseline_13,dual_baseline_11,5,log_norm_ratio,8.111357342195795e-06,0.00010396011900955024,neither_zero,True
single_baseline_13,dual_baseline_11,6,relative_l2,0.1109961182217165,0.12145219557566955,neither_zero,True
single_baseline_13,dual_baseline_11,6,max_abs,0.0059496499598026276,0.005959737114608288,neither_zero,True
single_baseline_13,dual_baseline_11,6,normalized_max_abs,1.9832583486480908,1.9866206500891914,neither_zero,True
single_baseline_13,dual_baseline_11,6,cosine_error,0.006160442210802364,0.007375358114384278,neither_zero,True
single_baseline_13,dual_baseline_11,6,log_norm_ratio,6.086318287516818e-05,0.0001067684111316779,neither_zero,True
single_baseline_13,dual_baseline_11,8,relative_l2,0.09468832177774561,0.10452082796646944,neither_zero,True
single_baseline_13,dual_baseline_11,8,max_abs,0.005950657185167074,0.005964341107755899,neither_zero,True
single_baseline_13,dual_baseline_11,8,normalized_max_abs,1.9835837828717444,1.9881450082768717,neither_zero,True
single_baseline_13,dual_baseline_11,8,cosine_error,0.004483613879328496,0.005462305636124598,neither_zero,True
single_baseline_13,dual_baseline_11,8,log_norm_ratio,0.0001531157183002207,0.00011319355897037096,neither_zero,False
single_baseline_13,dual_baseline_11,9,relative_l2,0.09849673361950873,0.11375555232581419,neither_zero,True
single_baseline_13,dual_baseline_11,9,max_abs,0.0059176660142838955,0.005957070272415876,neither_zero,True
single_baseline_13,dual_baseline_11,9,normalized_max_abs,1.9725923695308996,1.9857270605934405,neither_zero,True
single_baseline_13,dual_baseline_11,9,cosine_error,0.0048510777179126,0.0064710255121182,neither_zero,True
single_baseline_13,dual_baseline_11,9,log_norm_ratio,5.6910701575059457e-05,0.00018101471761390988,neither_zero,True
single_baseline_13,dual_baseline_11,10,relative_l2,0.10229693897742469,0.11462983090523451,neither_zero,True
single_baseline_13,dual_baseline_11,10,max_abs,0.005902118748053908,0.00594778242520988,neither_zero,True
single_baseline_13,dual_baseline_11,10,normalized_max_abs,1.9674252723744756,1.9826470570430124,neither_zero,True
single_baseline_13,dual_baseline_11,10,cosine_error,0.005232976322997018,0.006571025593287261,neither_zero,True
single_baseline_13,dual_baseline_11,10,log_norm_ratio,0.00012464587296626362,0.0001985496010601438,neither_zero,True
single_baseline_13,dual_baseline_11,12,relative_l2,0.11466571467289732,0.1281904108794343,neither_zero,True
single_baseline_13,dual_baseline_11,12,max_abs,0.005887888604775071,0.005939641036093235,neither_zero,True
single_baseline_13,dual_baseline_11,12,normalized_max_abs,1.9627458973196343,1.9799972695114094,neither_zero,True
single_baseline_13,dual_baseline_11,12,cosine_error,0.006575672298163471,0.008216884210253905,neither_zero,True
single_baseline_13,dual_baseline_11,12,log_norm_ratio,0.0002415881790623754,0.0003993144073782176,neither_zero,True
single_baseline_13,dual_baseline_11,13,relative_l2,0.05382285333173124,0.08811547143108552,neither_zero,True
single_baseline_13,dual_baseline_11,13,max_abs,0.005514979129657149,0.005892634857445955,neither_zero,True
single_baseline_13,dual_baseline_11,13,normalized_max_abs,1.838390993669966,1.9642808135823902,neither_zero,True
single_baseline_13,dual_baseline_11,13,cosine_error,0.001448497707853602,0.003882467918829735,neither_zero,True
single_baseline_13,dual_baseline_11,13,log_norm_ratio,3.348213182954412e-05,0.00017695298734545184,neither_zero,True
single_baseline_13,dual_baseline_11,14,relative_l2,0.08498485613067787,0.09979719351372945,neither_zero,True
single_baseline_13,dual_baseline_11,14,max_abs,0.005763262743130326,0.005890344735234976,neither_zero,True
single_baseline_13,dual_baseline_11,14,normalized_max_abs,1.9211953668138264,1.9635584075632604,neither_zero,True
single_baseline_13,dual_baseline_11,14,cosine_error,0.00361126672764589,0.004980025156854584,neither_zero,True
single_baseline_13,dual_baseline_11,14,log_norm_ratio,1.494043120723503e-05,0.0002657099935791046,neither_zero,True
single_baseline_13,dual_baseline_11,16,relative_l2,0.05728116382981485,0.08436554172823829,neither_zero,True
single_baseline_13,dual_baseline_11,16,max_abs,0.005773394834250212,0.005808895919471979,neither_zero,True
single_baseline_13,dual_baseline_11,16,normalized_max_abs,1.9245936833477697,1.9364281700460415,neither_zero,True
single_baseline_13,dual_baseline_11,16,cosine_error,0.0016409052656218837,0.003559225492313911,neither_zero,True
single_baseline_13,dual_baseline_11,16,log_norm_ratio,0.00022185674675475014,0.0002576750825546444,neither_zero,True
single_baseline_13,dual_baseline_11,17,relative_l2,0.06790294839579877,0.07984475971614276,neither_zero,True
single_baseline_13,dual_baseline_11,17,max_abs,0.005642717704176903,0.005828710272908211,neither_zero,True
single_baseline_13,dual_baseline_11,17,normalized_max_abs,1.8810353760066252,1.9430371665975241,neither_zero,True
single_baseline_13,dual_baseline_11,17,cosine_error,0.00230548922385454,0.003187814275713241,neither_zero,True
single_baseline_13,dual_baseline_11,17,log_norm_ratio,3.673832800596697e-05,0.0001790272257123107,neither_zero,True
single_baseline_13,dual_baseline_11,18,relative_l2,0.0418099308069031,0.05675008870631503,neither_zero,True
single_baseline_13,dual_baseline_11,18,max_abs,0.005131205776706338,0.005600189324468374,neither_zero,True
single_baseline_13,dual_baseline_11,18,normalized_max_abs,1.710521920292133,1.8668605919637218,neither_zero,True
single_baseline_13,dual_baseline_11,18,cosine_error,0.0008741130918418216,0.0016104724420231697,neither_zero,True
single_baseline_13,dual_baseline_11,18,log_norm_ratio,9.424312799777945e-05,0.00017426153486520073,neither_zero,True
single_baseline_13,dual_baseline_11,20,relative_l2,0.021409787330917498,0.03618305776935488,neither_zero,True
single_baseline_13,dual_baseline_11,20,max_abs,0.005639295093715191,0.005794270662590861,neither_zero,True
single_baseline_13,dual_baseline_11,20,normalized_max_abs,1.8797718717051919,1.9314304327498888,neither_zero,True
single_baseline_13,dual_baseline_11,20,cosine_error,0.00022919876105054193,0.0006546084234719807,neither_zero,True
single_baseline_13,dual_baseline_11,20,log_norm_ratio,4.479932495691458e-05,3.119384705013665e-05,neither_zero,False
single_baseline_13,dual_baseline_11,21,relative_l2,0.047822713994862355,0.050826764560299505,neither_zero,True
single_baseline_13,dual_baseline_11,21,max_abs,0.004681733204051852,0.005037351744249463,neither_zero,True
single_baseline_13,dual_baseline_11,21,normalized_max_abs,1.5607980636311976,1.6793544432923737,neither_zero,True
single_baseline_13,dual_baseline_11,21,cosine_error,0.0011436039101484496,0.0012917344042318035,neither_zero,True
single_baseline_13,dual_baseline_11,21,log_norm_ratio,8.910162740429976e-05,0.00022368858879896094,neither_zero,True
single_baseline_13,dual_baseline_11,22,relative_l2,0.05208716393389206,0.0577932887500439,neither_zero,True
single_baseline_13,dual_baseline_11,22,max_abs,0.0051409241277724504,0.005380292423069477,neither_zero,True
single_baseline_13,dual_baseline_11,22,normalized_max_abs,1.7139876197563804,1.793792894607881,neither_zero,True
single_baseline_13,dual_baseline_11,22,cosine_error,0.0013565365920585881,0.0016701450821178243,neither_zero,True
single_baseline_13,dual_baseline_11,22,log_norm_ratio,1.98109324362387e-07,0.00012333987278905878,neither_zero,True
single_baseline_13,dual_baseline_11,24,relative_l2,0.014560505856982693,0.02795966456988454,neither_zero,True
single_baseline_13,dual_baseline_11,24,max_abs,0.002095432544592768,0.004742427030578256,neither_zero,True
single_baseline_13,dual_baseline_11,24,normalized_max_abs,0.6985855097955354,1.5810536720436101,neither_zero,True
single_baseline_13,dual_baseline_11,24,cosine_error,0.00010600521876913405,0.0003909045336550898,neither_zero,True
single_baseline_13,dual_baseline_11,24,log_norm_ratio,1.0452280557212263e-05,0.0001037535551461458,neither_zero,True
single_baseline_13,dual_baseline_11,25,relative_l2,0.01228731760585291,0.020624469441589088,neither_zero,True
single_baseline_13,dual_baseline_11,25,max_abs,0.0020931430481141433,0.0037428823998197913,neither_zero,True
single_baseline_13,dual_baseline_11,25,normalized_max_abs,0.6977718009326567,1.2477301994024919,neither_zero,True
single_baseline_13,dual_baseline_11,25,cosine_error,7.549057487665767e-05,0.00021269104683663276,neither_zero,True
single_baseline_13,dual_baseline_11,25,log_norm_ratio,2.330831878020718e-05,8.241009325611086e-05,neither_zero,True
single_baseline_13,dual_baseline_11,26,relative_l2,0.0014070551990749411,0.0030323136778769143,neither_zero,True
single_baseline_13,dual_baseline_11,26,max_abs,0.0003088023513555527,0.0004952069721184671,neither_zero,True
single_baseline_13,dual_baseline_11,26,normalized_max_abs,0.10294875367439593,0.16509247524793977,neither_zero,True
single_baseline_13,dual_baseline_11,26,cosine_error,9.899026023330038e-07,4.597282226015409e-06,neither_zero,True
single_baseline_13,dual_baseline_11,26,log_norm_ratio,6.671741179129156e-07,2.4824088155444077e-05,neither_zero,True
single_baseline_13,dual_baseline_11,28,relative_l2,0.0,0.0,neither_zero,True
single_baseline_13,dual_baseline_11,28,max_abs,0.0,0.0,neither_zero,True
single_baseline_13,dual_baseline_11,28,normalized_max_abs,0.0,0.0,neither_zero,True
single_baseline_13,dual_baseline_11,28,cosine_error,0.0,0.0,neither_zero,True
single_baseline_13,dual_baseline_11,28,log_norm_ratio,0.0,0.0,neither_zero,True
single_baseline_13,dual_baseline_11,29,relative_l2,0.0,0.0,neither_zero,True
single_baseline_13,dual_baseline_11,29,max_abs,0.0,0.0,neither_zero,True
single_baseline_13,dual_baseline_11,29,normalized_max_abs,0.0,0.0,neither_zero,True
single_baseline_13,dual_baseline_11,29,cosine_error,0.0,0.0,neither_zero,True
single_baseline_13,dual_baseline_11,29,log_norm_ratio,0.0,0.0,neither_zero,True
single_baseline_13,dual_baseline_11,30,relative_l2,0.0,0.0,neither_zero,True
single_baseline_13,dual_baseline_11,30,max_abs,0.0,0.0,neither_zero,True
single_baseline_13,dual_baseline_11,30,normalized_max_abs,0.0,0.0,neither_zero,True
single_baseline_13,dual_baseline_11,30,cosine_error,0.0,0.0,neither_zero,True
single_baseline_13,dual_baseline_11,30,log_norm_ratio,0.0,0.0,neither_zero,True
single_baseline_13,dual_baseline_11,global,relative_l2,0.06983741290387287,0.07576209242758418,neither_zero,True
single_baseline_13,dual_baseline_11,global,max_abs,0.005959080066531897,0.005976773798465729,neither_zero,True
single_baseline_13,dual_baseline_11,global,normalized_max_abs,1.9863672505433705,1.9922651826504838,neither_zero,True
single_baseline_13,dual_baseline_11,global,cosine_error,0.002438642297651006,0.002869989563512809,neither_zero,True
single_baseline_13,dual_baseline_11,global,log_norm_ratio,4.176850493481398e-06,2.5695636726825657e-05,neither_zero,True
single_baseline_13,dual_baseline_12,0,relative_l2,0.060429256978027375,0.06824693312551014,neither_zero,True
single_baseline_13,dual_baseline_12,0,max_abs,0.0059565887786448,0.0059624831192195415,neither_zero,True
single_baseline_13,dual_baseline_12,0,normalized_max_abs,1.9855509953888946,1.9875157967593196,neither_zero,True
single_baseline_13,dual_baseline_12,0,cosine_error,0.0018259250635421775,0.0023289119890768095,neither_zero,True
single_baseline_13,dual_baseline_12,0,log_norm_ratio,4.295818902852887e-05,0.00013442475574679274,neither_zero,True
single_baseline_13,dual_baseline_12,1,relative_l2,0.11669059642785122,0.13775838756793352,neither_zero,True
single_baseline_13,dual_baseline_12,1,max_abs,0.005926196230575442,0.005959174828603864,neither_zero,True
single_baseline_13,dual_baseline_12,1,normalized_max_abs,1.9754614325918762,1.9864546474587708,neither_zero,True
single_baseline_13,dual_baseline_12,1,cosine_error,0.006809085654515545,0.009490543321821088,neither_zero,True
single_baseline_13,dual_baseline_12,1,log_norm_ratio,0.00010926826056833618,0.000354146493600735,neither_zero,True
single_baseline_13,dual_baseline_12,2,relative_l2,0.07231174408517406,0.09472783252409434,neither_zero,True
single_baseline_13,dual_baseline_12,2,max_abs,0.005943423369899392,0.005975238047540188,neither_zero,True
single_baseline_13,dual_baseline_12,2,normalized_max_abs,1.9811670913165216,1.9917722774521038,neither_zero,True
single_baseline_13,dual_baseline_12,2,cosine_error,0.002614625698055373,0.004487133243832653,neither_zero,True
single_baseline_13,dual_baseline_12,2,log_norm_ratio,5.0800928514437546e-05,0.0001280474477327828,neither_zero,True
single_baseline_13,dual_baseline_12,4,relative_l2,0.09255866924806928,0.13372897703352327,neither_zero,True
single_baseline_13,dual_baseline_12,4,max_abs,0.0059123653918504715,0.005976773798465729,neither_zero,True
single_baseline_13,dual_baseline_12,4,normalized_max_abs,1.9708260740527337,1.9922961072686851,neither_zero,True
single_baseline_13,dual_baseline_12,4,cosine_error,0.004283979936439475,0.008942036081358573,neither_zero,True
single_baseline_13,dual_baseline_12,4,log_norm_ratio,0.00010070110697179253,0.0001512792312364743,neither_zero,True
single_baseline_13,dual_baseline_12,5,relative_l2,0.08330586404038841,0.11086688207218229,neither_zero,True
single_baseline_13,dual_baseline_12,5,max_abs,0.0059085560496896505,0.005959352012723684,neither_zero,True
single_baseline_13,dual_baseline_12,5,normalized_max_abs,1.9695529061727426,1.9864851880660115,neither_zero,True
single_baseline_13,dual_baseline_12,5,cosine_error,0.003469982307751196,0.006145754620427768,neither_zero,True
single_baseline_13,dual_baseline_12,5,log_norm_ratio,1.4096815196438451e-05,0.00010396011900955024,neither_zero,True
single_baseline_13,dual_baseline_12,6,relative_l2,0.09916622760990226,0.12145219557566955,neither_zero,True
single_baseline_13,dual_baseline_12,6,max_abs,0.005929284729063511,0.005959737114608288,neither_zero,True
single_baseline_13,dual_baseline_12,6,normalized_max_abs,1.976469642283924,1.9866206500891914,neither_zero,True
single_baseline_13,dual_baseline_12,6,cosine_error,0.004917148392541759,0.007375358114384278,neither_zero,True
single_baseline_13,dual_baseline_12,6,log_norm_ratio,3.634362709326857e-05,0.0001067684111316779,neither_zero,True
single_baseline_13,dual_baseline_12,8,relative_l2,0.09090459674397357,0.10452082796646944,neither_zero,True
single_baseline_13,dual_baseline_12,8,max_abs,0.005941276205703616,0.005964341107755899,neither_zero,True
single_baseline_13,dual_baseline_12,8,normalized_max_abs,1.9804565865294952,1.9881450082768717,neither_zero,True
single_baseline_13,dual_baseline_12,8,cosine_error,0.0041322795859638495,0.005462305636124598,neither_zero,True
single_baseline_13,dual_baseline_12,8,log_norm_ratio,0.00011205305584921072,0.00011319355897037096,neither_zero,True
single_baseline_13,dual_baseline_12,9,relative_l2,0.08268767271073706,0.11375555232581419,neither_zero,True
single_baseline_13,dual_baseline_12,9,max_abs,0.0059352845419198275,0.005957070272415876,neither_zero,True
single_baseline_13,dual_baseline_12,9,normalized_max_abs,1.9784653223290332,1.9857270605934405,neither_zero,True
single_baseline_13,dual_baseline_12,9,cosine_error,0.0034189628989177434,0.0064710255121182,neither_zero,True
single_baseline_13,dual_baseline_12,9,log_norm_ratio,0.00010012356679149628,0.00018101471761390988,neither_zero,True
single_baseline_13,dual_baseline_12,10,relative_l2,0.10586958891674905,0.11462983090523451,neither_zero,True
single_baseline_13,dual_baseline_12,10,max_abs,0.005929171107709408,0.00594778242520988,neither_zero,True
single_baseline_13,dual_baseline_12,10,normalized_max_abs,1.9764431189645777,1.9826470570430124,neither_zero,True
single_baseline_13,dual_baseline_12,10,cosine_error,0.005604665329596248,0.006571025593287261,neither_zero,True
single_baseline_13,dual_baseline_12,10,log_norm_ratio,8.638385039245742e-05,0.0001985496010601438,neither_zero,True
single_baseline_13,dual_baseline_12,12,relative_l2,0.1080491298908703,0.1281904108794343,neither_zero,True
single_baseline_13,dual_baseline_12,12,max_abs,0.005848960252478719,0.005939641036093235,neither_zero,True
single_baseline_13,dual_baseline_12,12,normalized_max_abs,1.949769010546146,1.9799972695114094,neither_zero,True
single_baseline_13,dual_baseline_12,12,cosine_error,0.005837851819325279,0.008216884210253905,neither_zero,True
single_baseline_13,dual_baseline_12,12,log_norm_ratio,9.404693209800537e-05,0.0003993144073782176,neither_zero,True
single_baseline_13,dual_baseline_12,13,relative_l2,0.04889299274263032,0.08811547143108552,neither_zero,True
single_baseline_13,dual_baseline_12,13,max_abs,0.005656534107401967,0.005892634857445955,neither_zero,True
single_baseline_13,dual_baseline_12,13,normalized_max_abs,1.8855777911479017,1.9642808135823902,neither_zero,True
single_baseline_13,dual_baseline_12,13,cosine_error,0.0011952752867520067,0.003882467918829735,neither_zero,True
single_baseline_13,dual_baseline_12,13,log_norm_ratio,1.0856148738542935e-05,0.00017695298734545184,neither_zero,True
single_baseline_13,dual_baseline_12,14,relative_l2,0.07005753401174154,0.09979719351372945,neither_zero,True
single_baseline_13,dual_baseline_12,14,max_abs,0.005879358155652881,0.005890344735234976,neither_zero,True
single_baseline_13,dual_baseline_12,14,normalized_max_abs,1.9598961610123673,1.9635584075632604,neither_zero,True
single_baseline_13,dual_baseline_12,14,cosine_error,0.0024543786449072735,0.004980025156854584,neither_zero,True
single_baseline_13,dual_baseline_12,14,log_norm_ratio,0.00014684603129023888,0.0002657099935791046,neither_zero,True
single_baseline_13,dual_baseline_12,16,relative_l2,0.05924410679848977,0.08436554172823829,neither_zero,True
single_baseline_13,dual_baseline_12,16,max_abs,0.005698578665032983,0.005808895919471979,neither_zero,True
single_baseline_13,dual_baseline_12,16,normalized_max_abs,1.8996532919798448,1.9364281700460415,neither_zero,True
single_baseline_13,dual_baseline_12,16,cosine_error,0.0017550543275713926,0.003559225492313911,neither_zero,True
single_baseline_13,dual_baseline_12,16,log_norm_ratio,7.108806134834919e-05,0.0002576750825546444,neither_zero,True
single_baseline_13,dual_baseline_12,17,relative_l2,0.06553989669494745,0.07984475971614276,neither_zero,True
single_baseline_13,dual_baseline_12,17,max_abs,0.005541756981983781,0.005828710272908211,neither_zero,True
single_baseline_13,dual_baseline_12,17,normalized_max_abs,1.8473794853545265,1.9430371665975241,neither_zero,True
single_baseline_13,dual_baseline_12,17,cosine_error,0.0021479714053038723,0.003187814275713241,neither_zero,True
single_baseline_13,dual_baseline_12,17,log_norm_ratio,0.00011106094898361723,0.0001790272257123107,neither_zero,True
single_baseline_13,dual_baseline_12,18,relative_l2,0.06027890301483693,0.05675008870631503,neither_zero,False
single_baseline_13,dual_baseline_12,18,max_abs,0.005537987453863025,0.005600189324468374,neither_zero,True
single_baseline_13,dual_baseline_12,18,normalized_max_abs,1.8461254686724935,1.8668605919637218,neither_zero,True
single_baseline_13,dual_baseline_12,18,cosine_error,0.0018168257212484162,0.0016104724420231697,neither_zero,False
single_baseline_13,dual_baseline_12,18,log_norm_ratio,2.921269117233068e-05,0.00017426153486520073,neither_zero,True
single_baseline_13,dual_baseline_12,20,relative_l2,0.0014328981143557722,0.03618305776935488,neither_zero,True
single_baseline_13,dual_baseline_12,20,max_abs,0.0003352935891598463,0.005794270662590861,neither_zero,True
single_baseline_13,dual_baseline_12,20,normalized_max_abs,0.11176494510531512,1.9314304327498888,neither_zero,True
single_baseline_13,dual_baseline_12,20,cosine_error,1.0265836924983063e-06,0.0006546084234719807,neither_zero,True
single_baseline_13,dual_baseline_12,20,log_norm_ratio,6.564785020759182e-06,3.119384705013665e-05,neither_zero,True
single_baseline_13,dual_baseline_12,21,relative_l2,0.047979165515340524,0.050826764560299505,neither_zero,True
single_baseline_13,dual_baseline_12,21,max_abs,0.0045217780862003565,0.005037351744249463,neither_zero,True
single_baseline_13,dual_baseline_12,21,normalized_max_abs,1.5074721633012844,1.6793544432923737,neither_zero,True
single_baseline_13,dual_baseline_12,21,cosine_error,0.0011511109131382424,0.0012917344042318035,neither_zero,True
single_baseline_13,dual_baseline_12,21,log_norm_ratio,0.00010061437941587855,0.00022368858879896094,neither_zero,True
single_baseline_13,dual_baseline_12,22,relative_l2,0.05100255711505354,0.0577932887500439,neither_zero,True
single_baseline_13,dual_baseline_12,22,max_abs,0.005164464004337788,0.005380292423069477,neither_zero,True
single_baseline_13,dual_baseline_12,22,normalized_max_abs,1.7218358307007158,1.793792894607881,neither_zero,True
single_baseline_13,dual_baseline_12,22,cosine_error,0.0013006663187395962,0.0016701450821178243,neither_zero,True
single_baseline_13,dual_baseline_12,22,log_norm_ratio,2.79029187478662e-05,0.00012333987278905878,neither_zero,True
single_baseline_13,dual_baseline_12,24,relative_l2,0.017888395153064212,0.02795966456988454,neither_zero,True
single_baseline_13,dual_baseline_12,24,max_abs,0.0033536255941726267,0.004742427030578256,neither_zero,True
single_baseline_13,dual_baseline_12,24,normalized_max_abs,1.1180480380597242,1.5810536720436101,neither_zero,True
single_baseline_13,dual_baseline_12,24,cosine_error,0.00015999751537298934,0.0003909045336550898,neither_zero,True
single_baseline_13,dual_baseline_12,24,log_norm_ratio,1.0962693903262959e-06,0.0001037535551461458,neither_zero,True
single_baseline_13,dual_baseline_12,25,relative_l2,0.01429282671531081,0.020624469441589088,neither_zero,True
single_baseline_13,dual_baseline_12,25,max_abs,0.0029462079401127994,0.0037428823998197913,neither_zero,True
single_baseline_13,dual_baseline_12,25,normalized_max_abs,0.9821501794379487,1.2477301994024919,neither_zero,True
single_baseline_13,dual_baseline_12,25,cosine_error,0.00010214501960770228,0.00021269104683663276,neither_zero,True
single_baseline_13,dual_baseline_12,25,log_norm_ratio,2.9413760677778068e-05,8.241009325611086e-05,neither_zero,True
single_baseline_13,dual_baseline_12,26,relative_l2,0.0014699821390219041,0.0030323136778769143,neither_zero,True
single_baseline_13,dual_baseline_12,26,max_abs,0.00031465501524508,0.0004952069721184671,neither_zero,True
single_baseline_13,dual_baseline_12,26,normalized_max_abs,0.10489991904103603,0.16509247524793977,neither_zero,True
single_baseline_13,dual_baseline_12,26,cosine_error,1.0804237723371912e-06,4.597282226015409e-06,neither_zero,True
single_baseline_13,dual_baseline_12,26,log_norm_ratio,2.7908342136424156e-08,2.4824088155444077e-05,neither_zero,True
single_baseline_13,dual_baseline_12,28,relative_l2,0.0,0.0,neither_zero,True
single_baseline_13,dual_baseline_12,28,max_abs,0.0,0.0,neither_zero,True
single_baseline_13,dual_baseline_12,28,normalized_max_abs,0.0,0.0,neither_zero,True
single_baseline_13,dual_baseline_12,28,cosine_error,0.0,0.0,neither_zero,True
single_baseline_13,dual_baseline_12,28,log_norm_ratio,0.0,0.0,neither_zero,True
single_baseline_13,dual_baseline_12,29,relative_l2,0.0,0.0,neither_zero,True
single_baseline_13,dual_baseline_12,29,max_abs,0.0,0.0,neither_zero,True
single_baseline_13,dual_baseline_12,29,normalized_max_abs,0.0,0.0,neither_zero,True
single_baseline_13,dual_baseline_12,29,cosine_error,0.0,0.0,neither_zero,True
single_baseline_13,dual_baseline_12,29,log_norm_ratio,0.0,0.0,neither_zero,True
single_baseline_13,dual_baseline_12,30,relative_l2,0.0,0.0,neither_zero,True
single_baseline_13,dual_baseline_12,30,max_abs,0.0,0.0,neither_zero,True
single_baseline_13,dual_baseline_12,30,normalized_max_abs,0.0,0.0,neither_zero,True
single_baseline_13,dual_baseline_12,30,cosine_error,0.0,0.0,neither_zero,True
single_baseline_13,dual_baseline_12,30,log_norm_ratio,0.0,0.0,neither_zero,True
single_baseline_13,dual_baseline_12,global,relative_l2,0.06776694783409483,0.07576209242758418,neither_zero,True
single_baseline_13,dual_baseline_12,global,max_abs,0.0059565887786448,0.005976773798465729,neither_zero,True
single_baseline_13,dual_baseline_12,global,normalized_max_abs,1.9855369723242497,1.9922651826504838,neither_zero,True
single_baseline_13,dual_baseline_12,global,cosine_error,0.002296241665665888,0.002869989563512809,neither_zero,True
single_baseline_13,dual_baseline_12,global,log_norm_ratio,2.7186460878934223e-05,2.5695636726825657e-05,neither_zero,False
single_baseline_13,dual_baseline_13,0,relative_l2,0.0602695133865172,0.06824693312551014,neither_zero,True
single_baseline_13,dual_baseline_13,0,max_abs,0.005843903170898557,0.0059624831192195415,neither_zero,True
single_baseline_13,dual_baseline_13,0,normalized_max_abs,1.9479887212516054,1.9875157967593196,neither_zero,True
single_baseline_13,dual_baseline_13,0,cosine_error,0.0018163932906581914,0.0023289119890768095,neither_zero,True
single_baseline_13,dual_baseline_13,0,log_norm_ratio,0.0001055665758615579,0.00013442475574679274,neither_zero,True
single_baseline_13,dual_baseline_13,1,relative_l2,0.08869872838909279,0.13775838756793352,neither_zero,True
single_baseline_13,dual_baseline_13,1,max_abs,0.00591420941054821,0.005959174828603864,neither_zero,True
single_baseline_13,dual_baseline_13,1,normalized_max_abs,1.9714653930945683,1.9864546474587708,neither_zero,True
single_baseline_13,dual_baseline_13,1,cosine_error,0.0039338936542916425,0.009490543321821088,neither_zero,True
single_baseline_13,dual_baseline_13,1,log_norm_ratio,4.1256770027021793e-05,0.000354146493600735,neither_zero,True
single_baseline_13,dual_baseline_13,2,relative_l2,0.054432637929715665,0.09472783252409434,neither_zero,True
single_baseline_13,dual_baseline_13,2,max_abs,0.005922607844695449,0.005975238047540188,neither_zero,True
single_baseline_13,dual_baseline_13,2,normalized_max_abs,1.974228645190292,1.9917722774521038,neither_zero,True
single_baseline_13,dual_baseline_13,2,cosine_error,0.0014814675027277069,0.004487133243832653,neither_zero,True
single_baseline_13,dual_baseline_13,2,log_norm_ratio,7.760475679861975e-06,0.0001280474477327828,neither_zero,True
single_baseline_13,dual_baseline_13,4,relative_l2,0.10581508253666361,0.13372897703352327,neither_zero,True
single_baseline_13,dual_baseline_13,4,max_abs,0.005964800715446472,0.005976773798465729,neither_zero,True
single_baseline_13,dual_baseline_13,4,normalized_max_abs,1.9883048488062078,1.9922961072686851,neither_zero,True
single_baseline_13,dual_baseline_13,4,cosine_error,0.005598559509793155,0.008942036081358573,neither_zero,True
single_baseline_13,dual_baseline_13,4,log_norm_ratio,2.5720238169853103e-05,0.0001512792312364743,neither_zero,True
single_baseline_13,dual_baseline_13,5,relative_l2,0.07228655156101724,0.11086688207218229,neither_zero,True
single_baseline_13,dual_baseline_13,5,max_abs,0.005929536418989301,0.005959352012723684,neither_zero,True
single_baseline_13,dual_baseline_13,5,normalized_max_abs,1.9765463307234894,1.9864851880660115,neither_zero,True
single_baseline_13,dual_baseline_13,5,cosine_error,0.0026129311572997693,0.006145754620427768,neither_zero,True
single_baseline_13,dual_baseline_13,5,log_norm_ratio,0.0001008392663959484,0.00010396011900955024,neither_zero,True
single_baseline_13,dual_baseline_13,6,relative_l2,0.10785514428251738,0.12145219557566955,neither_zero,True
single_baseline_13,dual_baseline_13,6,max_abs,0.0059501416981220245,0.005959737114608288,neither_zero,True
single_baseline_13,dual_baseline_13,6,normalized_max_abs,1.9834221109302927,1.9866206500891914,neither_zero,True
single_baseline_13,dual_baseline_13,6,cosine_error,0.005816910815097498,0.007375358114384278,neither_zero,True
single_baseline_13,dual_baseline_13,6,log_norm_ratio,9.441848916275116e-05,0.0001067684111316779,neither_zero,True
single_baseline_13,dual_baseline_13,8,relative_l2,0.08298635346660196,0.10452082796646944,neither_zero,True
single_baseline_13,dual_baseline_13,8,max_abs,0.00595359830185771,0.005964341107755899,neither_zero,True
single_baseline_13,dual_baseline_13,8,normalized_max_abs,1.9845640165905312,1.9881450082768717,neither_zero,True
single_baseline_13,dual_baseline_13,8,cosine_error,0.0034439276819894227,0.005462305636124598,neither_zero,True
single_baseline_13,dual_baseline_13,8,log_norm_ratio,0.00016672697329345981,0.00011319355897037096,neither_zero,False
single_baseline_13,dual_baseline_13,9,relative_l2,0.08664903448643262,0.11375555232581419,neither_zero,True
single_baseline_13,dual_baseline_13,9,max_abs,0.005952403414994478,0.005957070272415876,neither_zero,True
single_baseline_13,dual_baseline_13,9,normalized_max_abs,1.9841715664851407,1.9857270605934405,neither_zero,True
single_baseline_13,dual_baseline_13,9,cosine_error,0.0037546135845040185,0.0064710255121182,neither_zero,True
single_baseline_13,dual_baseline_13,9,log_norm_ratio,0.00015947239645344393,0.00018101471761390988,neither_zero,True
single_baseline_13,dual_baseline_13,10,relative_l2,0.09981717908061191,0.11462983090523451,neither_zero,True
single_baseline_13,dual_baseline_13,10,max_abs,0.0059115649200975895,0.00594778242520988,neither_zero,True
single_baseline_13,dual_baseline_13,10,normalized_max_abs,1.9705742331246443,1.9826470570430124,neither_zero,True
single_baseline_13,dual_baseline_13,10,cosine_error,0.004981982740221991,0.006571025593287261,neither_zero,True
single_baseline_13,dual_baseline_13,10,log_norm_ratio,5.005625767098763e-05,0.0001985496010601438,neither_zero,True
single_baseline_13,dual_baseline_13,12,relative_l2,0.11527266080604703,0.1281904108794343,neither_zero,True
single_baseline_13,dual_baseline_13,12,max_abs,0.005887103732675314,0.005939641036093235,neither_zero,True
single_baseline_13,dual_baseline_13,12,normalized_max_abs,1.9624842577749477,1.9799972695114094,neither_zero,True
single_baseline_13,dual_baseline_13,12,cosine_error,0.006643934205070368,0.008216884210253905,neither_zero,True
single_baseline_13,dual_baseline_13,12,log_norm_ratio,6.180019502811629e-06,0.0003993144073782176,neither_zero,True
single_baseline_13,dual_baseline_13,13,relative_l2,0.06052631704889647,0.08811547143108552,neither_zero,True
single_baseline_13,dual_baseline_13,13,max_abs,0.005741476081311703,0.005892634857445955,neither_zero,True
single_baseline_13,dual_baseline_13,13,normalized_max_abs,1.913892482799033,1.9642808135823902,neither_zero,True
single_baseline_13,dual_baseline_13,13,cosine_error,0.0018317348511247555,0.003882467918829735,neither_zero,True
single_baseline_13,dual_baseline_13,13,log_norm_ratio,9.481945951099953e-06,0.00017695298734545184,neither_zero,True
single_baseline_13,dual_baseline_13,14,relative_l2,0.09349345099958316,0.09979719351372945,neither_zero,True
single_baseline_13,dual_baseline_13,14,max_abs,0.005852010101079941,0.005890344735234976,neither_zero,True
single_baseline_13,dual_baseline_13,14,normalized_max_abs,1.9507793278268388,1.9635584075632604,neither_zero,True
single_baseline_13,dual_baseline_13,14,cosine_error,0.004370791201459778,0.004980025156854584,neither_zero,True
single_baseline_13,dual_baseline_13,14,log_norm_ratio,6.419453280035855e-05,0.0002657099935791046,neither_zero,True
single_baseline_13,dual_baseline_13,16,relative_l2,0.02731148888595291,0.08436554172823829,neither_zero,True
single_baseline_13,dual_baseline_13,16,max_abs,0.0050875162705779076,0.005808895919471979,neither_zero,True
single_baseline_13,dual_baseline_13,16,normalized_max_abs,1.6959516748002412,1.9364281700460415,neither_zero,True
single_baseline_13,dual_baseline_13,16,cosine_error,0.00037298505877259025,0.003559225492313911,neither_zero,True
single_baseline_13,dual_baseline_13,16,log_norm_ratio,7.900608598694624e-05,0.0002576750825546444,neither_zero,True
single_baseline_13,dual_baseline_13,17,relative_l2,0.06412395220460428,0.07984475971614276,neither_zero,True
single_baseline_13,dual_baseline_13,17,max_abs,0.005633020540699363,0.005828710272908211,neither_zero,True
single_baseline_13,dual_baseline_13,17,normalized_max_abs,1.8778027656751408,1.9430371665975241,neither_zero,True
single_baseline_13,dual_baseline_13,17,cosine_error,0.0020561261154588006,0.003187814275713241,neither_zero,True
single_baseline_13,dual_baseline_13,17,log_norm_ratio,9.228974456173738e-05,0.0001790272257123107,neither_zero,True
single_baseline_13,dual_baseline_13,18,relative_l2,0.03386250465913535,0.05675008870631503,neither_zero,True
single_baseline_13,dual_baseline_13,18,max_abs,0.004784871824085712,0.005600189324468374,neither_zero,True
single_baseline_13,dual_baseline_13,18,normalized_max_abs,1.5950690464971318,1.8668605919637218,neither_zero,True
single_baseline_13,dual_baseline_13,18,cosine_error,0.0005733357103002712,0.0016104724420231697,neither_zero,True
single_baseline_13,dual_baseline_13,18,log_norm_ratio,1.9207833950450934e-06,0.00017426153486520073,neither_zero,True
single_baseline_13,dual_baseline_13,20,relative_l2,0.034675474947417254,0.03618305776935488,neither_zero,True
single_baseline_13,dual_baseline_13,20,max_abs,0.005676794098690152,0.005794270662590861,neither_zero,True
single_baseline_13,dual_baseline_13,20,normalized_max_abs,1.8922715855164842,1.9314304327498888,neither_zero,True
single_baseline_13,dual_baseline_13,20,cosine_error,0.0006012012229490438,0.0006546084234719807,neither_zero,True
single_baseline_13,dual_baseline_13,20,log_norm_ratio,1.1659233334409746e-05,3.119384705013665e-05,neither_zero,True
single_baseline_13,dual_baseline_13,21,relative_l2,0.026818890646319735,0.050826764560299505,neither_zero,True
single_baseline_13,dual_baseline_13,21,max_abs,0.004317390033975244,0.005037351744249463,neither_zero,True
single_baseline_13,dual_baseline_13,21,normalized_max_abs,1.4393331937704663,1.6793544432923737,neither_zero,True
single_baseline_13,dual_baseline_13,21,cosine_error,0.00035967372994150093,0.0012917344042318035,neither_zero,True
single_baseline_13,dual_baseline_13,21,log_norm_ratio,0.0001731389818440186,0.00022368858879896094,neither_zero,True
single_baseline_13,dual_baseline_13,22,relative_l2,0.002564591159582934,0.0577932887500439,neither_zero,True
single_baseline_13,dual_baseline_13,22,max_abs,0.00035772472620010376,0.005380292423069477,neither_zero,True
single_baseline_13,dual_baseline_13,22,normalized_max_abs,0.11926565908261723,1.793792894607881,neither_zero,True
single_baseline_13,dual_baseline_13,22,cosine_error,3.28854503373055e-06,0.0016701450821178243,neither_zero,True
single_baseline_13,dual_baseline_13,22,log_norm_ratio,1.0256889043775125e-05,0.00012333987278905878,neither_zero,True
single_baseline_13,dual_baseline_13,24,relative_l2,0.001841437658469862,0.02795966456988454,neither_zero,True
single_baseline_13,dual_baseline_13,24,max_abs,0.0002770500723272562,0.004742427030578256,neither_zero,True
single_baseline_13,dual_baseline_13,24,normalized_max_abs,0.0923643027856284,1.5810536720436101,neither_zero,True
single_baseline_13,dual_baseline_13,24,cosine_error,1.6954473665009573e-06,0.0003909045336550898,neither_zero,True
single_baseline_13,dual_baseline_13,24,log_norm_ratio,8.077970609932659e-07,0.0001037535551461458,neither_zero,True
single_baseline_13,dual_baseline_13,25,relative_l2,0.003707868831692888,0.020624469441589088,neither_zero,True
single_baseline_13,dual_baseline_13,25,max_abs,0.0009103858610615134,0.0037428823998197913,neither_zero,True
single_baseline_13,dual_baseline_13,25,normalized_max_abs,0.30348689439944276,1.2477301994024919,neither_zero,True
single_baseline_13,dual_baseline_13,25,cosine_error,6.874124942046755e-06,0.00021269104683663276,neither_zero,True
single_baseline_13,dual_baseline_13,25,log_norm_ratio,1.6289093809264623e-05,8.241009325611086e-05,neither_zero,True
single_baseline_13,dual_baseline_13,26,relative_l2,1.595111500989381e-05,0.0030323136778769143,neither_zero,True
single_baseline_13,dual_baseline_13,26,max_abs,2.4533364921808243e-06,0.0004952069721184671,neither_zero,True
single_baseline_13,dual_baseline_13,26,normalized_max_abs,0.0008178951769954814,0.16509247524793977,neither_zero,True
single_baseline_13,dual_baseline_13,26,cosine_error,1.2720402509103224e-10,4.597282226015409e-06,neither_zero,True
single_baseline_13,dual_baseline_13,26,log_norm_ratio,1.6400588244563903e-07,2.4824088155444077e-05,neither_zero,True
single_baseline_13,dual_baseline_13,28,relative_l2,0.0,0.0,neither_zero,True
single_baseline_13,dual_baseline_13,28,max_abs,0.0,0.0,neither_zero,True
single_baseline_13,dual_baseline_13,28,normalized_max_abs,0.0,0.0,neither_zero,True
single_baseline_13,dual_baseline_13,28,cosine_error,0.0,0.0,neither_zero,True
single_baseline_13,dual_baseline_13,28,log_norm_ratio,0.0,0.0,neither_zero,True
single_baseline_13,dual_baseline_13,29,relative_l2,0.0,0.0,neither_zero,True
single_baseline_13,dual_baseline_13,29,max_abs,0.0,0.0,neither_zero,True
single_baseline_13,dual_baseline_13,29,normalized_max_abs,0.0,0.0,neither_zero,True
single_baseline_13,dual_baseline_13,29,cosine_error,0.0,0.0,neither_zero,True
single_baseline_13,dual_baseline_13,29,log_norm_ratio,0.0,0.0,neither_zero,True
single_baseline_13,dual_baseline_13,30,relative_l2,0.0,0.0,neither_zero,True
single_baseline_13,dual_baseline_13,30,max_abs,0.0,0.0,neither_zero,True
single_baseline_13,dual_baseline_13,30,normalized_max_abs,0.0,0.0,neither_zero,True
single_baseline_13,dual_baseline_13,30,cosine_error,0.0,0.0,neither_zero,True
single_baseline_13,dual_baseline_13,30,log_norm_ratio,0.0,0.0,neither_zero,True
single_baseline_13,dual_baseline_13,global,relative_l2,0.06479339915464513,0.07576209242758418,neither_zero,True
single_baseline_13,dual_baseline_13,global,max_abs,0.005964800715446472,0.005976773798465729,neither_zero,True
single_baseline_13,dual_baseline_13,global,normalized_max_abs,1.9882741404540447,1.9922651826504838,neither_zero,True
single_baseline_13,dual_baseline_13,global,cosine_error,0.002099097516982229,0.002869989563512809,neither_zero,True
single_baseline_13,dual_baseline_13,global,log_norm_ratio,2.4930200323590644e-06,2.5695636726825657e-05,neither_zero,True
single_baseline_13,dual_baseline_14,0,relative_l2,0.055528562560800465,0.06824693312551014,neither_zero,True
single_baseline_13,dual_baseline_14,0,max_abs,0.0059281757567077875,0.0059624831192195415,neither_zero,True
single_baseline_13,dual_baseline_14,0,normalized_max_abs,1.9760798859862614,1.9875157967593196,neither_zero,True
single_baseline_13,dual_baseline_14,0,cosine_error,0.0015417322935005195,0.0023289119890768095,neither_zero,True
single_baseline_13,dual_baseline_14,0,log_norm_ratio,1.4116103623648314e-05,0.00013442475574679274,neither_zero,True
single_baseline_13,dual_baseline_14,1,relative_l2,0.13116478441974325,0.13775838756793352,neither_zero,True
single_baseline_13,dual_baseline_14,1,max_abs,0.005915181478485465,0.005959174828603864,neither_zero,True
single_baseline_13,dual_baseline_14,1,normalized_max_abs,1.9717897320445592,1.9864546474587708,neither_zero,True
single_baseline_13,dual_baseline_14,1,cosine_error,0.008602782225851313,0.009490543321821088,neither_zero,True
single_baseline_13,dual_baseline_14,1,log_norm_ratio,7.963561531266519e-05,0.000354146493600735,neither_zero,True
single_baseline_13,dual_baseline_14,2,relative_l2,0.07784484816212087,0.09472783252409434,neither_zero,True
single_baseline_13,dual_baseline_14,2,max_abs,0.0059575235936790705,0.005975238047540188,neither_zero,True
single_baseline_13,dual_baseline_14,2,normalized_max_abs,1.9858673816420862,1.9917722774521038,neither_zero,True
single_baseline_13,dual_baseline_14,2,cosine_error,0.003029914384499066,0.004487133243832653,neither_zero,True
single_baseline_13,dual_baseline_14,2,log_norm_ratio,1.3837914620666324e-06,0.0001280474477327828,neither_zero,True
single_baseline_13,dual_baseline_14,4,relative_l2,0.0887544334626068,0.13372897703352327,neither_zero,True
single_baseline_13,dual_baseline_14,4,max_abs,0.005924378056079149,0.005976773798465729,neither_zero,True
single_baseline_13,dual_baseline_14,4,normalized_max_abs,1.974830371877992,1.9922961072686851,neither_zero,True
single_baseline_13,dual_baseline_14,4,cosine_error,0.00393893781157717,0.008942036081358573,neither_zero,True
single_baseline_13,dual_baseline_14,4,log_norm_ratio,6.73684113107517e-05,0.0001512792312364743,neither_zero,True
single_baseline_13,dual_baseline_14,5,relative_l2,0.08011587814347014,0.11086688207218229,neither_zero,True
single_baseline_13,dual_baseline_14,5,max_abs,0.005893225548788905,0.005959352012723684,neither_zero,True
single_baseline_13,dual_baseline_14,5,normalized_max_abs,1.9644426504100452,1.9864851880660115,neither_zero,True
single_baseline_13,dual_baseline_14,5,cosine_error,0.003209374607150095,0.006145754620427768,neither_zero,True
single_baseline_13,dual_baseline_14,5,log_norm_ratio,3.056999013282694e-05,0.00010396011900955024,neither_zero,True
single_baseline_13,dual_baseline_14,6,relative_l2,0.10467002386382016,0.12145219557566955,neither_zero,True
single_baseline_13,dual_baseline_14,6,max_abs,0.005921643227338791,0.005959737114608288,neither_zero,True
single_baseline_13,dual_baseline_14,6,normalized_max_abs,1.973922421688101,1.9866206500891914,neither_zero,True
single_baseline_13,dual_baseline_14,6,cosine_error,0.0054779485374540915,0.007375358114384278,neither_zero,True
single_baseline_13,dual_baseline_14,6,log_norm_ratio,7.597488162407177e-06,0.0001067684111316779,neither_zero,True
single_baseline_13,dual_baseline_14,8,relative_l2,0.09546112112551959,0.10452082796646944,neither_zero,True
single_baseline_13,dual_baseline_14,8,max_abs,0.005960571579635143,0.005964341107755899,neither_zero,True
single_baseline_13,dual_baseline_14,8,normalized_max_abs,1.9868883249124931,1.9881450082768717,neither_zero,True
single_baseline_13,dual_baseline_14,8,cosine_error,0.0045566424064625854,0.005462305636124598,neither_zero,True
single_baseline_13,dual_baseline_14,8,log_norm_ratio,5.066725511525886e-05,0.00011319355897037096,neither_zero,True
single_baseline_13,dual_baseline_14,9,relative_l2,0.0944554717884617,0.11375555232581419,neither_zero,True
single_baseline_13,dual_baseline_14,9,max_abs,0.0059211410116404295,0.005957070272415876,neither_zero,True
single_baseline_13,dual_baseline_14,9,normalized_max_abs,1.9737505705427563,1.9857270605934405,neither_zero,True
single_baseline_13,dual_baseline_14,9,cosine_error,0.004461026236145305,0.0064710255121182,neither_zero,True
single_baseline_13,dual_baseline_14,9,log_norm_ratio,2.4312255832183072e-05,0.00018101471761390988,neither_zero,True
single_baseline_13,dual_baseline_14,10,relative_l2,0.1138719743141262,0.11462983090523451,neither_zero,True
single_baseline_13,dual_baseline_14,10,max_abs,0.005951909348368645,0.00594778242520988,neither_zero,False
single_baseline_13,dual_baseline_14,10,normalized_max_abs,1.9840227348117025,1.9826470570430124,neither_zero,False
single_baseline_13,dual_baseline_14,10,cosine_error,0.00648483960326951,0.006571025593287261,neither_zero,True
single_baseline_13,dual_baseline_14,10,log_norm_ratio,0.00022383659554897484,0.0001985496010601438,neither_zero,False
single_baseline_13,dual_baseline_14,12,relative_l2,0.10589864705183313,0.1281904108794343,neither_zero,True
single_baseline_13,dual_baseline_14,12,max_abs,0.00587238697335124,0.005939641036093235,neither_zero,True
single_baseline_13,dual_baseline_14,12,normalized_max_abs,1.957578380486145,1.9799972695114094,neither_zero,True
single_baseline_13,dual_baseline_14,12,cosine_error,0.005608012253086603,0.008216884210253905,neither_zero,True
single_baseline_13,dual_baseline_14,12,log_norm_ratio,0.00013547698839995982,0.0003993144073782176,neither_zero,True
single_baseline_13,dual_baseline_14,13,relative_l2,0.05986009493556249,0.08811547143108552,neither_zero,True
single_baseline_13,dual_baseline_14,13,max_abs,0.005751584656536579,0.005892634857445955,neither_zero,True
single_baseline_13,dual_baseline_14,13,normalized_max_abs,1.9172624236599038,1.9642808135823902,neither_zero,True
single_baseline_13,dual_baseline_14,13,cosine_error,0.0017918888593955185,0.003882467918829735,neither_zero,True
single_baseline_13,dual_baseline_14,13,log_norm_ratio,0.00015969065991997575,0.00017695298734545184,neither_zero,True
single_baseline_13,dual_baseline_14,14,relative_l2,0.08067663272844455,0.09979719351372945,neither_zero,True
single_baseline_13,dual_baseline_14,14,max_abs,0.005757973762229085,0.005890344735234976,neither_zero,True
single_baseline_13,dual_baseline_14,14,normalized_max_abs,1.9194324232403495,1.9635584075632604,neither_zero,True
single_baseline_13,dual_baseline_14,14,cosine_error,0.0032545451702427064,0.004980025156854584,neither_zero,True
single_baseline_13,dual_baseline_14,14,log_norm_ratio,5.7549457441725484e-05,0.0002657099935791046,neither_zero,True
single_baseline_13,dual_baseline_14,16,relative_l2,0.0577438894025067,0.08436554172823829,neither_zero,True
single_baseline_13,dual_baseline_14,16,max_abs,0.00569805596023798,0.005808895919471979,neither_zero,True
single_baseline_13,dual_baseline_14,16,normalized_max_abs,1.8994790453925943,1.9364281700460415,neither_zero,True
single_baseline_13,dual_baseline_14,16,cosine_error,0.0016671957716902774,0.003559225492313911,neither_zero,True
single_baseline_13,dual_baseline_14,16,log_norm_ratio,1.0463595663051205e-05,0.0002576750825546444,neither_zero,True
single_baseline_13,dual_baseline_14,17,relative_l2,0.06637452259860559,0.07984475971614276,neither_zero,True
single_baseline_13,dual_baseline_14,17,max_abs,0.00572131248190999,0.005828710272908211,neither_zero,True
single_baseline_13,dual_baseline_14,17,normalized_max_abs,1.9072354386423798,1.9430371665975241,neither_zero,True
single_baseline_13,dual_baseline_14,17,cosine_error,0.0022030927764014052,0.003187814275713241,neither_zero,True
single_baseline_13,dual_baseline_14,17,log_norm_ratio,0.00014268669512208028,0.0001790272257123107,neither_zero,True
single_baseline_13,dual_baseline_14,18,relative_l2,0.04749735589200028,0.05675008870631503,neither_zero,True
single_baseline_13,dual_baseline_14,18,max_abs,0.005351521074771881,0.005600189324468374,neither_zero,True
single_baseline_13,dual_baseline_14,18,normalized_max_abs,1.78396536665363,1.8668605919637218,neither_zero,True
single_baseline_13,dual_baseline_14,18,cosine_error,0.0011281011374513206,0.0016104724420231697,neither_zero,True
single_baseline_13,dual_baseline_14,18,log_norm_ratio,9.410653243745443e-05,0.00017426153486520073,neither_zero,True
single_baseline_13,dual_baseline_14,20,relative_l2,0.020459071769314763,0.03618305776935488,neither_zero,True
single_baseline_13,dual_baseline_14,20,max_abs,0.005526017630472779,0.005794270662590861,neither_zero,True
single_baseline_13,dual_baseline_14,20,normalized_max_abs,1.8420127228449774,1.9314304327498888,neither_zero,True
single_baseline_13,dual_baseline_14,20,cosine_error,0.00020928857562718672,0.0006546084234719807,neither_zero,True
single_baseline_13,dual_baseline_14,20,log_norm_ratio,8.619452460311822e-06,3.119384705013665e-05,neither_zero,True
single_baseline_13,dual_baseline_14,21,relative_l2,0.04518332659751647,0.050826764560299505,neither_zero,True
single_baseline_13,dual_baseline_14,21,max_abs,0.004888978088274598,0.005037351744249463,neither_zero,True
single_baseline_13,dual_baseline_14,21,normalized_max_abs,1.6298894449410906,1.6793544432923737,neither_zero,True
single_baseline_13,dual_baseline_14,21,cosine_error,0.0010208804723154108,0.0012917344042318035,neither_zero,True
single_baseline_13,dual_baseline_14,21,log_norm_ratio,0.00011852685903724093,0.00022368858879896094,neither_zero,True
single_baseline_13,dual_baseline_14,22,relative_l2,0.024233392523986274,0.0577932887500439,neither_zero,True
single_baseline_13,dual_baseline_14,22,max_abs,0.0032089328160509467,0.005380292423069477,neither_zero,True
single_baseline_13,dual_baseline_14,22,normalized_max_abs,1.069860395260194,1.793792894607881,neither_zero,True
single_baseline_13,dual_baseline_14,22,cosine_error,0.0002936354440495892,0.0016701450821178243,neither_zero,True
single_baseline_13,dual_baseline_14,22,log_norm_ratio,2.410486227329948e-05,0.00012333987278905878,neither_zero,True
single_baseline_13,dual_baseline_14,24,relative_l2,0.008511981009849857,0.02795966456988454,neither_zero,True
single_baseline_13,dual_baseline_14,24,max_abs,0.0014030477868800517,0.004742427030578256,neither_zero,True
single_baseline_13,dual_baseline_14,24,normalized_max_abs,0.4677549062575924,1.5810536720436101,neither_zero,True
single_baseline_13,dual_baseline_14,24,cosine_error,3.622755539567368e-05,0.0003909045336550898,neither_zero,True
single_baseline_13,dual_baseline_14,24,log_norm_ratio,4.095609353605749e-05,0.0001037535551461458,neither_zero,True
single_baseline_13,dual_baseline_14,25,relative_l2,0.010569705598375834,0.020624469441589088,neither_zero,True
single_baseline_13,dual_baseline_14,25,max_abs,0.0022552130394615233,0.0037428823998197913,neither_zero,True
single_baseline_13,dual_baseline_14,25,normalized_max_abs,0.751799579799223,1.2477301994024919,neither_zero,True
single_baseline_13,dual_baseline_14,25,cosine_error,5.5860785222905385e-05,0.00021269104683663276,neither_zero,True
single_baseline_13,dual_baseline_14,25,log_norm_ratio,4.081458794113515e-05,8.241009325611086e-05,neither_zero,True
single_baseline_13,dual_baseline_14,26,relative_l2,0.0016993028744782682,0.0030323136778769143,neither_zero,True
single_baseline_13,dual_baseline_14,26,max_abs,0.0002393876202404499,0.0004952069721184671,neither_zero,True
single_baseline_13,dual_baseline_14,26,normalized_max_abs,0.07980722605770411,0.16509247524793977,neither_zero,True
single_baseline_13,dual_baseline_14,26,cosine_error,1.4437981082915385e-06,4.597282226015409e-06,neither_zero,True
single_baseline_13,dual_baseline_14,26,log_norm_ratio,7.4541014952787996e-06,2.4824088155444077e-05,neither_zero,True
single_baseline_13,dual_baseline_14,28,relative_l2,0.0,0.0,neither_zero,True
single_baseline_13,dual_baseline_14,28,max_abs,0.0,0.0,neither_zero,True
single_baseline_13,dual_baseline_14,28,normalized_max_abs,0.0,0.0,neither_zero,True
single_baseline_13,dual_baseline_14,28,cosine_error,0.0,0.0,neither_zero,True
single_baseline_13,dual_baseline_14,28,log_norm_ratio,0.0,0.0,neither_zero,True
single_baseline_13,dual_baseline_14,29,relative_l2,0.0,0.0,neither_zero,True
single_baseline_13,dual_baseline_14,29,max_abs,0.0,0.0,neither_zero,True
single_baseline_13,dual_baseline_14,29,normalized_max_abs,0.0,0.0,neither_zero,True
single_baseline_13,dual_baseline_14,29,cosine_error,0.0,0.0,neither_zero,True
single_baseline_13,dual_baseline_14,29,log_norm_ratio,0.0,0.0,neither_zero,True
single_baseline_13,dual_baseline_14,30,relative_l2,0.0,0.0,neither_zero,True
single_baseline_13,dual_baseline_14,30,max_abs,0.0,0.0,neither_zero,True
single_baseline_13,dual_baseline_14,30,normalized_max_abs,0.0,0.0,neither_zero,True
single_baseline_13,dual_baseline_14,30,cosine_error,0.0,0.0,neither_zero,True
single_baseline_13,dual_baseline_14,30,log_norm_ratio,0.0,0.0,neither_zero,True
single_baseline_13,dual_baseline_14,global,relative_l2,0.06994052577755903,0.07576209242758418,neither_zero,True
single_baseline_13,dual_baseline_14,global,max_abs,0.005960571579635143,0.005976773798465729,neither_zero,True
single_baseline_13,dual_baseline_14,global,normalized_max_abs,1.9868645775885392,1.9922651826504838,neither_zero,True
single_baseline_13,dual_baseline_14,global,cosine_error,0.0024458841713910218,0.002869989563512809,neither_zero,True
single_baseline_13,dual_baseline_14,global,log_norm_ratio,1.8714670935391013e-05,2.5695636726825657e-05,neither_zero,True
single_baseline_13,dual_baseline_15,0,relative_l2,0.05967881747349451,0.06824693312551014,neither_zero,True
single_baseline_13,dual_baseline_15,0,max_abs,0.0059460250195115805,0.0059624831192195415,neither_zero,True
single_baseline_13,dual_baseline_15,0,normalized_max_abs,1.9820297043880435,1.9875157967593196,neither_zero,True
single_baseline_13,dual_baseline_15,0,cosine_error,0.0017808583312910464,0.0023289119890768095,neither_zero,True
single_baseline_13,dual_baseline_15,0,log_norm_ratio,4.4181776831701257e-05,0.00013442475574679274,neither_zero,True
single_baseline_13,dual_baseline_15,1,relative_l2,0.11585096739082759,0.13775838756793352,neither_zero,True
single_baseline_13,dual_baseline_15,1,max_abs,0.0059554604813456535,0.005959174828603864,neither_zero,True
single_baseline_13,dual_baseline_15,1,normalized_max_abs,1.9852164924145637,1.9864546474587708,neither_zero,True
single_baseline_13,dual_baseline_15,1,cosine_error,0.006711181463526783,0.009490543321821088,neither_zero,True
single_baseline_13,dual_baseline_15,1,log_norm_ratio,6.861842706304628e-05,0.000354146493600735,neither_zero,True
single_baseline_13,dual_baseline_15,2,relative_l2,0.08564225928263537,0.09472783252409434,neither_zero,True
single_baseline_13,dual_baseline_15,2,max_abs,0.005945828277617693,0.005975238047540188,neither_zero,True
single_baseline_13,dual_baseline_15,2,normalized_max_abs,1.9819688915531966,1.9917722774521038,neither_zero,True
single_baseline_13,dual_baseline_15,2,cosine_error,0.0036675458704842345,0.004487133243832653,neither_zero,True
single_baseline_13,dual_baseline_15,2,log_norm_ratio,6.814174473287247e-05,0.0001280474477327828,neither_zero,True
single_baseline_13,dual_baseline_15,4,relative_l2,0.10857251125522878,0.13372897703352327,neither_zero,True
single_baseline_13,dual_baseline_15,4,max_abs,0.0059423965867608786,0.005976773798465729,neither_zero,True
single_baseline_13,dual_baseline_15,4,normalized_max_abs,1.9808366633924879,1.9922961072686851,neither_zero,True
single_baseline_13,dual_baseline_15,4,cosine_error,0.005894850065813362,0.008942036081358573,neither_zero,True
single_baseline_13,dual_baseline_15,4,log_norm_ratio,0.0001468763411042878,0.0001512792312364743,neither_zero,True
single_baseline_13,dual_baseline_15,5,relative_l2,0.08070534448412262,0.11086688207218229,neither_zero,True
single_baseline_13,dual_baseline_15,5,max_abs,0.005910063162446022,0.005959352012723684,neither_zero,True
single_baseline_13,dual_baseline_15,5,normalized_max_abs,1.9700551329218214,1.9864851880660115,neither_zero,True
single_baseline_13,dual_baseline_15,5,cosine_error,0.003256722486267072,0.006145754620427768,neither_zero,True
single_baseline_13,dual_baseline_15,5,log_norm_ratio,1.4208575678763027e-05,0.00010396011900955024,neither_zero,True
single_baseline_13,dual_baseline_15,6,relative_l2,0.10730457604314403,0.12145219557566955,neither_zero,True
single_baseline_13,dual_baseline_15,6,max_abs,0.005918555893003941,0.005959737114608288,neither_zero,True
single_baseline_13,dual_baseline_15,6,normalized_max_abs,1.9728932886868635,1.9866206500891914,neither_zero,True
single_baseline_13,dual_baseline_15,6,cosine_error,0.0057574989295055,0.007375358114384278,neither_zero,True
single_baseline_13,dual_baseline_15,6,log_norm_ratio,6.338338532096787e-05,0.0001067684111316779,neither_zero,True
single_baseline_13,dual_baseline_15,8,relative_l2,0.09664511396819606,0.10452082796646944,neither_zero,True
single_baseline_13,dual_baseline_15,8,max_abs,0.005959043512120843,0.005964341107755899,neither_zero,True
single_baseline_13,dual_baseline_15,8,normalized_max_abs,1.9863792694248634,1.9881450082768717,neither_zero,True
single_baseline_13,dual_baseline_15,8,cosine_error,0.00467069398010711,0.005462305636124598,neither_zero,True
single_baseline_13,dual_baseline_15,8,log_norm_ratio,0.00012037420766647407,0.00011319355897037096,neither_zero,False
single_baseline_13,dual_baseline_15,9,relative_l2,0.10191647487365094,0.11375555232581419,neither_zero,True
single_baseline_13,dual_baseline_15,9,max_abs,0.005930344806984067,0.005957070272415876,neither_zero,True
single_baseline_13,dual_baseline_15,9,normalized_max_abs,1.9768187131053516,1.9857270605934405,neither_zero,True
single_baseline_13,dual_baseline_15,9,cosine_error,0.005194325737343797,0.0064710255121182,neither_zero,True
single_baseline_13,dual_baseline_15,9,log_norm_ratio,0.00016468763524896105,0.00018101471761390988,neither_zero,True
single_baseline_13,dual_baseline_15,10,relative_l2,0.11323633973075672,0.11462983090523451,neither_zero,True
single_baseline_13,dual_baseline_15,10,max_abs,0.005952644627541304,0.00594778242520988,neither_zero,False
single_baseline_13,dual_baseline_15,10,normalized_max_abs,1.984267834410773,1.9826470570430124,neither_zero,False
single_baseline_13,dual_baseline_15,10,cosine_error,0.006412269718079289,0.006571025593287261,neither_zero,True
single_baseline_13,dual_baseline_15,10,log_norm_ratio,0.00016357103632878256,0.0001985496010601438,neither_zero,True
single_baseline_13,dual_baseline_15,12,relative_l2,0.10635313177311263,0.1281904108794343,neither_zero,True
single_baseline_13,dual_baseline_15,12,max_abs,0.005881068063899875,0.005939641036093235,neither_zero,True
single_baseline_13,dual_baseline_15,12,normalized_max_abs,1.960471792415187,1.9799972695114094,neither_zero,True
single_baseline_13,dual_baseline_15,12,cosine_error,0.005656580495895347,0.008216884210253905,neither_zero,True
single_baseline_13,dual_baseline_15,12,log_norm_ratio,0.00019541390528238404,0.0003993144073782176,neither_zero,True
single_baseline_13,dual_baseline_15,13,relative_l2,0.05743554990477246,0.08811547143108552,neither_zero,True
single_baseline_13,dual_baseline_15,13,max_abs,0.005756796337664127,0.005892634857445955,neither_zero,True
single_baseline_13,dual_baseline_15,13,normalized_max_abs,1.918999711900735,1.9642808135823902,neither_zero,True
single_baseline_13,dual_baseline_15,13,cosine_error,0.0016496204179951013,0.003882467918829735,neither_zero,True
single_baseline_13,dual_baseline_15,13,log_norm_ratio,0.0001255533694065361,0.00017695298734545184,neither_zero,True
single_baseline_13,dual_baseline_15,14,relative_l2,0.08297286942188627,0.09979719351372945,neither_zero,True
single_baseline_13,dual_baseline_15,14,max_abs,0.005755000747740269,0.005890344735234976,neither_zero,True
single_baseline_13,dual_baseline_15,14,normalized_max_abs,1.9184410649338957,1.9635584075632604,neither_zero,True
single_baseline_13,dual_baseline_15,14,cosine_error,0.0034424974722395696,0.004980025156854584,neither_zero,True
single_baseline_13,dual_baseline_15,14,log_norm_ratio,7.309300515835608e-05,0.0002657099935791046,neither_zero,True
single_baseline_13,dual_baseline_15,16,relative_l2,0.05706636469982738,0.08436554172823829,neither_zero,True
single_baseline_13,dual_baseline_15,16,max_abs,0.005711570382118225,0.005808895919471979,neither_zero,True
single_baseline_13,dual_baseline_15,16,normalized_max_abs,1.90398415403864,1.9364281700460415,neither_zero,True
single_baseline_13,dual_baseline_15,16,cosine_error,0.0016282849987485637,0.003559225492313911,neither_zero,True
single_baseline_13,dual_baseline_15,16,log_norm_ratio,5.357870799329162e-09,0.0002576750825546444,neither_zero,True
single_baseline_13,dual_baseline_15,17,relative_l2,0.06907223855179717,0.07984475971614276,neither_zero,True
single_baseline_13,dual_baseline_15,17,max_abs,0.005713084014132619,0.005828710272908211,neither_zero,True
single_baseline_13,dual_baseline_15,17,normalized_max_abs,1.904492427244147,1.9430371665975241,neither_zero,True
single_baseline_13,dual_baseline_15,17,cosine_error,0.002385969910542185,0.003187814275713241,neither_zero,True
single_baseline_13,dual_baseline_15,17,log_norm_ratio,0.0002117867609973359,0.0001790272257123107,neither_zero,False
single_baseline_13,dual_baseline_15,18,relative_l2,0.04525231793472329,0.05675008870631503,neither_zero,True
single_baseline_13,dual_baseline_15,18,max_abs,0.0051672353874892,0.005600189324468374,neither_zero,True
single_baseline_13,dual_baseline_15,18,normalized_max_abs,1.7225324994204052,1.8668605919637218,neither_zero,True
single_baseline_13,dual_baseline_15,18,cosine_error,0.001023944722240544,0.0016104724420231697,neither_zero,True
single_baseline_13,dual_baseline_15,18,log_norm_ratio,5.890926946518787e-05,0.00017426153486520073,neither_zero,True
single_baseline_13,dual_baseline_15,20,relative_l2,0.020542965980892478,0.03618305776935488,neither_zero,True
single_baseline_13,dual_baseline_15,20,max_abs,0.0055474776308983564,0.005794270662590861,neither_zero,True
single_baseline_13,dual_baseline_15,20,normalized_max_abs,1.8491660829063332,1.9314304327498888,neither_zero,True
single_baseline_13,dual_baseline_15,20,cosine_error,0.0002110089596573106,0.0006546084234719807,neither_zero,True
single_baseline_13,dual_baseline_15,20,log_norm_ratio,1.0867181560795418e-05,3.119384705013665e-05,neither_zero,True
single_baseline_13,dual_baseline_15,21,relative_l2,0.044586209009081765,0.050826764560299505,neither_zero,True
single_baseline_13,dual_baseline_15,21,max_abs,0.004714873852208257,0.005037351744249463,neither_zero,True
single_baseline_13,dual_baseline_15,21,normalized_max_abs,1.571846505995498,1.6793544432923737,neither_zero,True
single_baseline_13,dual_baseline_15,21,cosine_error,0.0009940601996231146,0.0012917344042318035,neither_zero,True
single_baseline_13,dual_baseline_15,21,log_norm_ratio,0.00010087424920689874,0.00022368858879896094,neither_zero,True
single_baseline_13,dual_baseline_15,22,relative_l2,0.022230238059143394,0.0577932887500439,neither_zero,True
single_baseline_13,dual_baseline_15,22,max_abs,0.0033778356155380607,0.005380292423069477,neither_zero,True
single_baseline_13,dual_baseline_15,22,normalized_max_abs,1.126172704111277,1.793792894607881,neither_zero,True
single_baseline_13,dual_baseline_15,22,cosine_error,0.0002470947349124675,0.0016701450821178243,neither_zero,True
single_baseline_13,dual_baseline_15,22,log_norm_ratio,1.2424523448509584e-05,0.00012333987278905878,neither_zero,True
single_baseline_13,dual_baseline_15,24,relative_l2,0.008210514559717438,0.02795966456988454,neither_zero,True
single_baseline_13,dual_baseline_15,24,max_abs,0.0011517104831000324,0.004742427030578256,neither_zero,True
single_baseline_13,dual_baseline_15,24,normalized_max_abs,0.38396285151219717,1.5810536720436101,neither_zero,True
single_baseline_13,dual_baseline_15,24,cosine_error,3.370683838144206e-05,0.0003909045336550898,neither_zero,True
single_baseline_13,dual_baseline_15,24,log_norm_ratio,3.6660228118912274e-05,0.0001037535551461458,neither_zero,True
single_baseline_13,dual_baseline_15,25,relative_l2,0.01026263364552552,0.020624469441589088,neither_zero,True
single_baseline_13,dual_baseline_15,25,max_abs,0.0022874752175994217,0.0037428823998197913,neither_zero,True
single_baseline_13,dual_baseline_15,25,normalized_max_abs,0.7625544655080371,1.2477301994024919,neither_zero,True
single_baseline_13,dual_baseline_15,25,cosine_error,5.266216196875284e-05,0.00021269104683663276,neither_zero,True
single_baseline_13,dual_baseline_15,25,log_norm_ratio,4.2728092980824105e-05,8.241009325611086e-05,neither_zero,True
single_baseline_13,dual_baseline_15,26,relative_l2,0.00038896962002135763,0.0030323136778769143,neither_zero,True
single_baseline_13,dual_baseline_15,26,max_abs,8.155149407684803e-05,0.0004952069721184671,neither_zero,True
single_baseline_13,dual_baseline_15,26,normalized_max_abs,0.027187698831699185,0.16509247524793977,neither_zero,True
single_baseline_13,dual_baseline_15,26,cosine_error,7.564867943177234e-08,4.597282226015409e-06,neither_zero,True
single_baseline_13,dual_baseline_15,26,log_norm_ratio,1.7005048838296036e-07,2.4824088155444077e-05,neither_zero,True
single_baseline_13,dual_baseline_15,28,relative_l2,0.0,0.0,neither_zero,True
single_baseline_13,dual_baseline_15,28,max_abs,0.0,0.0,neither_zero,True
single_baseline_13,dual_baseline_15,28,normalized_max_abs,0.0,0.0,neither_zero,True
single_baseline_13,dual_baseline_15,28,cosine_error,0.0,0.0,neither_zero,True
single_baseline_13,dual_baseline_15,28,log_norm_ratio,0.0,0.0,neither_zero,True
single_baseline_13,dual_baseline_15,29,relative_l2,0.0,0.0,neither_zero,True
single_baseline_13,dual_baseline_15,29,max_abs,0.0,0.0,neither_zero,True
single_baseline_13,dual_baseline_15,29,normalized_max_abs,0.0,0.0,neither_zero,True
single_baseline_13,dual_baseline_15,29,cosine_error,0.0,0.0,neither_zero,True
single_baseline_13,dual_baseline_15,29,log_norm_ratio,0.0,0.0,neither_zero,True
single_baseline_13,dual_baseline_15,30,relative_l2,0.0,0.0,neither_zero,True
single_baseline_13,dual_baseline_15,30,max_abs,0.0,0.0,neither_zero,True
single_baseline_13,dual_baseline_15,30,normalized_max_abs,0.0,0.0,neither_zero,True
single_baseline_13,dual_baseline_15,30,cosine_error,0.0,0.0,neither_zero,True
single_baseline_13,dual_baseline_15,30,log_norm_ratio,0.0,0.0,neither_zero,True
single_baseline_13,dual_baseline_15,global,relative_l2,0.07118480221685868,0.07576209242758418,neither_zero,True
single_baseline_13,dual_baseline_15,global,max_abs,0.005959043512120843,0.005976773798465729,neither_zero,True
single_baseline_13,dual_baseline_15,global,normalized_max_abs,1.9863552198573613,1.9922651826504838,neither_zero,True
single_baseline_13,dual_baseline_15,global,cosine_error,0.002533695744083464,0.002869989563512809,neither_zero,True
single_baseline_13,dual_baseline_15,global,log_norm_ratio,2.2880878160844844e-05,2.5695636726825657e-05,neither_zero,True
single_baseline_14,dual_baseline_11,0,relative_l2,0.05402876127572531,0.06824693312551014,neither_zero,True
single_baseline_14,dual_baseline_11,0,max_abs,0.005938502494245768,0.0059624831192195415,neither_zero,True
single_baseline_14,dual_baseline_11,0,normalized_max_abs,1.9795221689370615,1.9875157967593196,neither_zero,True
single_baseline_14,dual_baseline_11,0,cosine_error,0.0014596138176985463,0.0023289119890768095,neither_zero,True
single_baseline_14,dual_baseline_11,0,log_norm_ratio,4.191159402363897e-05,0.00013442475574679274,neither_zero,True
single_baseline_14,dual_baseline_11,1,relative_l2,0.08410911510772767,0.13775838756793352,neither_zero,True
single_baseline_14,dual_baseline_11,1,max_abs,0.005838839802891016,0.005959174828603864,neither_zero,True
single_baseline_14,dual_baseline_11,1,normalized_max_abs,1.9463423035248042,1.9864546474587708,neither_zero,True
single_baseline_14,dual_baseline_11,1,cosine_error,0.0035376088709319076,0.009490543321821088,neither_zero,True
single_baseline_14,dual_baseline_11,1,log_norm_ratio,0.0001258461549899444,0.000354146493600735,neither_zero,True
single_baseline_14,dual_baseline_11,2,relative_l2,0.055422542452463246,0.09472783252409434,neither_zero,True
single_baseline_14,dual_baseline_11,2,max_abs,0.00592130608856678,0.005975238047540188,neither_zero,True
single_baseline_14,dual_baseline_11,2,normalized_max_abs,1.9737947207594229,1.9917722774521038,neither_zero,True
single_baseline_14,dual_baseline_11,2,cosine_error,0.0015359164772469347,0.004487133243832653,neither_zero,True
single_baseline_14,dual_baseline_11,2,log_norm_ratio,5.798148091355804e-05,0.0001280474477327828,neither_zero,True
single_baseline_14,dual_baseline_11,4,relative_l2,0.10326537143234252,0.13372897703352327,neither_zero,True
single_baseline_14,dual_baseline_11,4,max_abs,0.00595673406496644,0.005976773798465729,neither_zero,True
single_baseline_14,dual_baseline_11,4,normalized_max_abs,1.9856162222128744,1.9922961072686851,neither_zero,True
single_baseline_14,dual_baseline_11,4,cosine_error,0.005332525308723413,0.008942036081358573,neither_zero,True
single_baseline_14,dual_baseline_11,4,log_norm_ratio,0.00012464043345114913,0.0001512792312364743,neither_zero,True
single_baseline_14,dual_baseline_11,5,relative_l2,0.07042909116568423,0.11086688207218229,neither_zero,True
single_baseline_14,dual_baseline_11,5,max_abs,0.00590280769392848,0.005959352012723684,neither_zero,True
single_baseline_14,dual_baseline_11,5,normalized_max_abs,1.9676364488679579,1.9864851880660115,neither_zero,True
single_baseline_14,dual_baseline_11,5,cosine_error,0.0024802311763200136,0.006145754620427768,neither_zero,True
single_baseline_14,dual_baseline_11,5,log_norm_ratio,4.1774243691498665e-05,0.00010396011900955024,neither_zero,True
single_baseline_14,dual_baseline_11,6,relative_l2,0.09376073379195442,0.12145219557566955,neither_zero,True
single_baseline_14,dual_baseline_11,6,max_abs,0.005930726416409016,0.005959737114608288,neither_zero,True
single_baseline_14,dual_baseline_11,6,normalized_max_abs,1.976950214798529,1.9866206500891914,neither_zero,True
single_baseline_14,dual_baseline_11,6,cosine_error,0.004395659652506101,0.007375358114384278,neither_zero,True
single_baseline_14,dual_baseline_11,6,log_norm_ratio,2.7855103203801618e-05,0.0001067684111316779,neither_zero,True
single_baseline_14,dual_baseline_11,8,relative_l2,0.09139220028261708,0.10452082796646944,neither_zero,True
single_baseline_14,dual_baseline_11,8,max_abs,0.005949094193056226,0.005964341107755899,neither_zero,True
single_baseline_14,dual_baseline_11,8,normalized_max_abs,1.9830626233488264,1.9881450082768717,neither_zero,True
single_baseline_14,dual_baseline_11,8,cosine_error,0.004176544862603659,0.005462305636124598,neither_zero,True
single_baseline_14,dual_baseline_11,8,log_norm_ratio,6.703688634333773e-05,0.00011319355897037096,neither_zero,True
single_baseline_14,dual_baseline_11,9,relative_l2,0.08771311379949756,0.11375555232581419,neither_zero,True
single_baseline_14,dual_baseline_11,9,max_abs,0.005926536628976464,0.005957070272415876,neither_zero,True
single_baseline_14,dual_baseline_11,9,normalized_max_abs,1.9755491432797494,1.9857270605934405,neither_zero,True
single_baseline_14,dual_baseline_11,9,cosine_error,0.003847132090477934,0.0064710255121182,neither_zero,True
single_baseline_14,dual_baseline_11,9,log_norm_ratio,8.860215721121704e-05,0.00018101471761390988,neither_zero,True
single_baseline_14,dual_baseline_11,10,relative_l2,0.10257542416857134,0.11462983090523451,neither_zero,True
single_baseline_14,dual_baseline_11,10,max_abs,0.005925868637859821,0.00594778242520988,neither_zero,True
single_baseline_14,dual_baseline_11,10,normalized_max_abs,1.9753421129896647,1.9826470570430124,neither_zero,True
single_baseline_14,dual_baseline_11,10,cosine_error,0.0052608864877066175,0.006571025593287261,neither_zero,True
single_baseline_14,dual_baseline_11,10,log_norm_ratio,5.261459650498909e-06,0.0001985496010601438,neither_zero,True
single_baseline_14,dual_baseline_11,12,relative_l2,0.10879969507453012,0.1281904108794343,neither_zero,True
single_baseline_14,dual_baseline_11,12,max_abs,0.0058596034068614244,0.005939641036093235,neither_zero,True
single_baseline_14,dual_baseline_11,12,normalized_max_abs,1.9533170906208153,1.9799972695114094,neither_zero,True
single_baseline_14,dual_baseline_11,12,cosine_error,0.005921149729749775,0.008216884210253905,neither_zero,True
single_baseline_14,dual_baseline_11,12,log_norm_ratio,0.00043178003346272477,0.0003993144073782176,neither_zero,False
single_baseline_14,dual_baseline_11,13,relative_l2,0.062414275790579725,0.08811547143108552,neither_zero,True
single_baseline_14,dual_baseline_11,13,max_abs,0.005708969896659255,0.005892634857445955,neither_zero,True
single_baseline_14,dual_baseline_11,13,normalized_max_abs,1.9030568555939025,1.9642808135823902,neither_zero,True
single_baseline_14,dual_baseline_11,13,cosine_error,0.0019478459023958283,0.003882467918829735,neither_zero,True
single_baseline_14,dual_baseline_11,13,log_norm_ratio,3.888848017957043e-05,0.00017695298734545184,neither_zero,True
single_baseline_14,dual_baseline_11,14,relative_l2,0.0789398456307167,0.09979719351372945,neither_zero,True
single_baseline_14,dual_baseline_11,14,max_abs,0.005691831931471825,0.005890344735234976,neither_zero,True
single_baseline_14,dual_baseline_11,14,normalized_max_abs,1.8973837603467012,1.9635584075632604,neither_zero,True
single_baseline_14,dual_baseline_11,14,cosine_error,0.0031158480052511095,0.004980025156854584,neither_zero,True
single_baseline_14,dual_baseline_11,14,log_norm_ratio,3.173980697372729e-05,0.0002657099935791046,neither_zero,True
single_baseline_14,dual_baseline_11,16,relative_l2,0.05774263398870769,0.08436554172823829,neither_zero,True
single_baseline_14,dual_baseline_11,16,max_abs,0.005619720788672566,0.005808895919471979,neither_zero,True
single_baseline_14,dual_baseline_11,16,normalized_max_abs,1.8733652839691146,1.9364281700460415,neither_zero,True
single_baseline_14,dual_baseline_11,16,cosine_error,0.0016671906506390277,0.003559225492313911,neither_zero,True
single_baseline_14,dual_baseline_11,16,log_norm_ratio,5.164150931934682e-05,0.0002576750825546444,neither_zero,True
single_baseline_14,dual_baseline_11,17,relative_l2,0.05970932782010412,0.07984475971614276,neither_zero,True
single_baseline_14,dual_baseline_11,17,max_abs,0.005497874692082405,0.005828710272908211,neither_zero,True
single_baseline_14,dual_baseline_11,17,normalized_max_abs,1.8327511907391594,1.9430371665975241,neither_zero,True
single_baseline_14,dual_baseline_11,17,cosine_error,0.0017827686860487635,0.003187814275713241,neither_zero,True
single_baseline_14,dual_baseline_11,17,log_norm_ratio,9.614329056696675e-05,0.0001790272257123107,neither_zero,True
single_baseline_14,dual_baseline_11,18,relative_l2,0.04511897595656229,0.05675008870631503,neither_zero,True
single_baseline_14,dual_baseline_11,18,max_abs,0.005394467385485768,0.005600189324468374,neither_zero,True
single_baseline_14,dual_baseline_11,18,normalized_max_abs,1.7982818067589108,1.8668605919637218,neither_zero,True
single_baseline_14,dual_baseline_11,18,cosine_error,0.0010179942747904347,0.0016104724420231697,neither_zero,True
single_baseline_14,dual_baseline_11,18,log_norm_ratio,0.00014064783651683023,0.00017426153486520073,neither_zero,True
single_baseline_14,dual_baseline_11,20,relative_l2,0.005447356048009259,0.03618305776935488,neither_zero,True
single_baseline_14,dual_baseline_11,20,max_abs,0.0013906568055972457,0.005794270662590861,neither_zero,True
single_baseline_14,dual_baseline_11,20,normalized_max_abs,0.4635539553995757,1.9314304327498888,neither_zero,True
single_baseline_14,dual_baseline_11,20,cosine_error,1.4836374773397054e-05,0.0006546084234719807,neither_zero,True
single_baseline_14,dual_baseline_11,20,log_norm_ratio,4.887403124023504e-05,3.119384705013665e-05,neither_zero,False
single_baseline_14,dual_baseline_11,21,relative_l2,0.0469580929325003,0.050826764560299505,neither_zero,True
single_baseline_14,dual_baseline_11,21,max_abs,0.004676674958318472,0.005037351744249463,neither_zero,True
single_baseline_14,dual_baseline_11,21,normalized_max_abs,1.5591117436719146,1.6793544432923737,neither_zero,True
single_baseline_14,dual_baseline_11,21,cosine_error,0.0011026223513550537,0.0012917344042318035,neither_zero,True
single_baseline_14,dual_baseline_11,21,log_norm_ratio,8.598196457732049e-05,0.00022368858879896094,neither_zero,True
single_baseline_14,dual_baseline_11,22,relative_l2,0.05030602845004052,0.0577932887500439,neither_zero,True
single_baseline_14,dual_baseline_11,22,max_abs,0.0050039528869092464,0.005380292423069477,neither_zero,True
single_baseline_14,dual_baseline_11,22,normalized_max_abs,1.6683210553766754,1.793792894607881,neither_zero,True
single_baseline_14,dual_baseline_11,22,cosine_error,0.001265388872915385,0.0016701450821178243,neither_zero,True
single_baseline_14,dual_baseline_11,22,log_norm_ratio,3.252218251884163e-05,0.00012333987278905878,neither_zero,True
single_baseline_14,dual_baseline_11,24,relative_l2,0.010529793515964713,0.02795966456988454,neither_zero,True
single_baseline_14,dual_baseline_11,24,max_abs,0.0018106431234627962,0.004742427030578256,neither_zero,True
single_baseline_14,dual_baseline_11,24,normalized_max_abs,0.6036410252031568,1.5810536720436101,neither_zero,True
single_baseline_14,dual_baseline_11,24,cosine_error,5.543919482520199e-05,0.0003909045336550898,neither_zero,True
single_baseline_14,dual_baseline_11,24,log_norm_ratio,2.0292021716973917e-05,0.0001037535551461458,neither_zero,True
single_baseline_14,dual_baseline_11,25,relative_l2,0.008873725179410014,0.020624469441589088,neither_zero,True
single_baseline_14,dual_baseline_11,25,max_abs,0.0015671567525714636,0.0037428823998197913,neither_zero,True
single_baseline_14,dual_baseline_11,25,normalized_max_abs,0.5224285581893973,1.2477301994024919,neither_zero,True
single_baseline_14,dual_baseline_11,25,cosine_error,3.9372155621664184e-05,0.00021269104683663276,neither_zero,True
single_baseline_14,dual_baseline_11,25,log_norm_ratio,5.478398072779371e-05,8.241009325611086e-05,neither_zero,True
single_baseline_14,dual_baseline_11,26,relative_l2,0.0018418353022901116,0.0030323136778769143,neither_zero,True
single_baseline_14,dual_baseline_11,26,max_abs,0.00026226381305605173,0.0004952069721184671,neither_zero,True
single_baseline_14,dual_baseline_11,26,normalized_max_abs,0.0874337017496606,0.16509247524793977,neither_zero,True
single_baseline_14,dual_baseline_11,26,cosine_error,1.6960800514054242e-06,4.597282226015409e-06,neither_zero,True
single_baseline_14,dual_baseline_11,26,log_norm_ratio,1.5840127623507422e-05,2.4824088155444077e-05,neither_zero,True
single_baseline_14,dual_baseline_11,28,relative_l2,0.0,0.0,neither_zero,True
single_baseline_14,dual_baseline_11,28,max_abs,0.0,0.0,neither_zero,True
single_baseline_14,dual_baseline_11,28,normalized_max_abs,0.0,0.0,neither_zero,True
single_baseline_14,dual_baseline_11,28,cosine_error,0.0,0.0,neither_zero,True
single_baseline_14,dual_baseline_11,28,log_norm_ratio,0.0,0.0,neither_zero,True
single_baseline_14,dual_baseline_11,29,relative_l2,0.0,0.0,neither_zero,True
single_baseline_14,dual_baseline_11,29,max_abs,0.0,0.0,neither_zero,True
single_baseline_14,dual_baseline_11,29,normalized_max_abs,0.0,0.0,neither_zero,True
single_baseline_14,dual_baseline_11,29,cosine_error,0.0,0.0,neither_zero,True
single_baseline_14,dual_baseline_11,29,log_norm_ratio,0.0,0.0,neither_zero,True
single_baseline_14,dual_baseline_11,30,relative_l2,0.0,0.0,neither_zero,True
single_baseline_14,dual_baseline_11,30,max_abs,0.0,0.0,neither_zero,True
single_baseline_14,dual_baseline_11,30,normalized_max_abs,0.0,0.0,neither_zero,True
single_baseline_14,dual_baseline_11,30,cosine_error,0.0,0.0,neither_zero,True
single_baseline_14,dual_baseline_11,30,log_norm_ratio,0.0,0.0,neither_zero,True
single_baseline_14,dual_baseline_11,global,relative_l2,0.06458739847821363,0.07576209242758418,neither_zero,True
single_baseline_14,dual_baseline_11,global,max_abs,0.00595673406496644,0.005976773798465729,neither_zero,True
single_baseline_14,dual_baseline_11,global,normalized_max_abs,1.985585247175851,1.9922651826504838,neither_zero,True
single_baseline_14,dual_baseline_11,global,cosine_error,0.0020857702762586694,0.002869989563512809,neither_zero,True
single_baseline_14,dual_baseline_11,global,log_norm_ratio,2.041095509683008e-06,2.5695636726825657e-05,neither_zero,True
single_baseline_14,dual_baseline_12,0,relative_l2,0.04156046132311146,0.06824693312551014,neither_zero,True
single_baseline_14,dual_baseline_12,0,max_abs,0.005899221636354923,0.0059624831192195415,neither_zero,True
single_baseline_14,dual_baseline_12,0,normalized_max_abs,1.9664284085008006,1.9875157967593196,neither_zero,True
single_baseline_14,dual_baseline_12,0,cosine_error,0.0008636548538675237,0.0023289119890768095,neither_zero,True
single_baseline_14,dual_baseline_12,0,log_norm_ratio,2.214612293344843e-05,0.00013442475574679274,neither_zero,True
single_baseline_14,dual_baseline_12,1,relative_l2,0.08648083747785316,0.13775838756793352,neither_zero,True
single_baseline_14,dual_baseline_12,1,max_abs,0.005859333788976073,0.005959174828603864,neither_zero,True
single_baseline_14,dual_baseline_12,1,normalized_max_abs,1.9531738511321637,1.9864546474587708,neither_zero,True
single_baseline_14,dual_baseline_12,1,cosine_error,0.0037395549684876572,0.009490543321821088,neither_zero,True
single_baseline_14,dual_baseline_12,1,log_norm_ratio,2.3430211040901647e-05,0.000354146493600735,neither_zero,True
single_baseline_14,dual_baseline_12,2,relative_l2,0.06191595787885022,0.09472783252409434,neither_zero,True
single_baseline_14,dual_baseline_12,2,max_abs,0.0059480806812644005,0.005975238047540188,neither_zero,True
single_baseline_14,dual_baseline_12,2,normalized_max_abs,1.982719548786925,1.9917722774521038,neither_zero,True
single_baseline_14,dual_baseline_12,2,cosine_error,0.0019169070895916906,0.004487133243832653,neither_zero,True
single_baseline_14,dual_baseline_12,2,log_norm_ratio,6.0516274250571595e-05,0.0001280474477327828,neither_zero,True
single_baseline_14,dual_baseline_12,4,relative_l2,0.11469999723392743,0.13372897703352327,neither_zero,True
single_baseline_14,dual_baseline_12,4,max_abs,0.005956610664725304,0.005976773798465729,neither_zero,True
single_baseline_14,dual_baseline_12,4,normalized_max_abs,1.9855747798000971,1.9922961072686851,neither_zero,True
single_baseline_14,dual_baseline_12,4,cosine_error,0.006578265454728283,0.008942036081358573,neither_zero,True
single_baseline_14,dual_baseline_12,4,log_norm_ratio,3.364743795392046e-05,0.0001512792312364743,neither_zero,True
single_baseline_14,dual_baseline_12,5,relative_l2,0.09192573599098068,0.11086688207218229,neither_zero,True
single_baseline_14,dual_baseline_12,5,max_abs,0.005935342516750097,0.005959352012723684,neither_zero,True
single_baseline_14,dual_baseline_12,5,normalized_max_abs,1.9784815765700041,1.9864851880660115,neither_zero,True
single_baseline_14,dual_baseline_12,5,cosine_error,0.004225438767129219,0.006145754620427768,neither_zero,True
single_baseline_14,dual_baseline_12,5,log_norm_ratio,6.398241623003226e-05,0.00010396011900955024,neither_zero,True
single_baseline_14,dual_baseline_12,6,relative_l2,0.0922769199343718,0.12145219557566955,neither_zero,True
single_baseline_14,dual_baseline_12,6,max_abs,0.005931123159825802,0.005959737114608288,neither_zero,True
single_baseline_14,dual_baseline_12,6,normalized_max_abs,1.9770824653742536,1.9866206500891914,neither_zero,True
single_baseline_14,dual_baseline_12,6,cosine_error,0.004257529171889041,0.007375358114384278,neither_zero,True
single_baseline_14,dual_baseline_12,6,log_norm_ratio,3.335547421982945e-06,0.0001067684111316779,neither_zero,True
single_baseline_14,dual_baseline_12,8,relative_l2,0.08048248069023922,0.10452082796646944,neither_zero,True
single_baseline_14,dual_baseline_12,8,max_abs,0.005954492837190628,0.005964341107755899,neither_zero,True
single_baseline_14,dual_baseline_12,8,normalized_max_abs,1.984862199730083,1.9881450082768717,neither_zero,True
single_baseline_14,dual_baseline_12,8,cosine_error,0.0032387986358919374,0.005462305636124598,neither_zero,True
single_baseline_14,dual_baseline_12,8,log_norm_ratio,2.5974223892344364e-05,0.00011319355897037096,neither_zero,True
single_baseline_14,dual_baseline_12,9,relative_l2,0.08144229622456564,0.11375555232581419,neither_zero,True
single_baseline_14,dual_baseline_12,9,max_abs,0.005921561038121581,0.005957070272415876,neither_zero,True
single_baseline_14,dual_baseline_12,9,normalized_max_abs,1.9738905819873724,1.9857270605934405,neither_zero,True
single_baseline_14,dual_baseline_12,9,cosine_error,0.003316573310613413,0.0064710255121182,neither_zero,True
single_baseline_14,dual_baseline_12,9,log_norm_ratio,4.5389291994989076e-05,0.00018101471761390988,neither_zero,True
single_baseline_14,dual_baseline_12,10,relative_l2,0.09528974828860085,0.11462983090523451,neither_zero,True
single_baseline_14,dual_baseline_12,10,max_abs,0.005879654549062252,0.00594778242520988,neither_zero,True
single_baseline_14,dual_baseline_12,10,normalized_max_abs,1.9599371588843018,1.9826470570430124,neither_zero,True
single_baseline_14,dual_baseline_12,10,cosine_error,0.00454026472117508,0.006571025593287261,neither_zero,True
single_baseline_14,dual_baseline_12,10,log_norm_ratio,4.352348222410679e-05,0.0001985496010601438,neither_zero,True
single_baseline_14,dual_baseline_12,12,relative_l2,0.09850883937091878,0.1281904108794343,neither_zero,True
single_baseline_14,dual_baseline_12,12,max_abs,0.005807175766676664,0.005939641036093235,neither_zero,True
single_baseline_14,dual_baseline_12,12,normalized_max_abs,1.935840022824965,1.9799972695114094,neither_zero,True
single_baseline_14,dual_baseline_12,12,cosine_error,0.004853334642650364,0.008216884210253905,neither_zero,True
single_baseline_14,dual_baseline_12,12,log_norm_ratio,0.0002842387864983636,0.0003993144073782176,neither_zero,True
single_baseline_14,dual_baseline_12,13,relative_l2,0.06880902418457525,0.08811547143108552,neither_zero,True
single_baseline_14,dual_baseline_12,13,max_abs,0.005780559731647372,0.005892634857445955,neither_zero,True
single_baseline_14,dual_baseline_12,13,normalized_max_abs,1.9269211222708182,1.9642808135823902,neither_zero,True
single_baseline_14,dual_baseline_12,13,cosine_error,0.0023674846427843566,0.003882467918829735,neither_zero,True
single_baseline_14,dual_baseline_12,13,log_norm_ratio,6.15144632705289e-05,0.00017695298734545184,neither_zero,True
single_baseline_14,dual_baseline_12,14,relative_l2,0.08122896423464473,0.09979719351372945,neither_zero,True
single_baseline_14,dual_baseline_12,14,max_abs,0.005847993306815624,0.005890344735234976,neither_zero,True
single_baseline_14,dual_baseline_12,14,normalized_max_abs,1.9494404726913528,1.9635584075632604,neither_zero,True
single_baseline_14,dual_baseline_12,14,cosine_error,0.0032996921080464814,0.004980025156854584,neither_zero,True
single_baseline_14,dual_baseline_12,14,log_norm_ratio,0.0001935262694711031,0.0002657099935791046,neither_zero,True
single_baseline_14,dual_baseline_12,16,relative_l2,0.07607793616890267,0.08436554172823829,neither_zero,True
single_baseline_14,dual_baseline_12,16,max_abs,0.005717776948586106,0.005808895919471979,neither_zero,True
single_baseline_14,dual_baseline_12,16,normalized_max_abs,1.9060528520475173,1.9364281700460415,neither_zero,True
single_baseline_14,dual_baseline_12,16,cosine_error,0.002894208153708444,0.003559225492313911,neither_zero,True
single_baseline_14,dual_baseline_12,16,log_norm_ratio,9.912717608708e-05,0.0002576750825546444,neither_zero,True
single_baseline_14,dual_baseline_12,17,relative_l2,0.05389068760096551,0.07984475971614276,neither_zero,True
single_baseline_14,dual_baseline_12,17,max_abs,0.0053900182247161865,0.005828710272908211,neither_zero,True
single_baseline_14,dual_baseline_12,17,normalized_max_abs,1.796796557346181,1.9430371665975241,neither_zero,True
single_baseline_14,dual_baseline_12,17,cosine_error,0.0014521767826352061,0.003187814275713241,neither_zero,True
single_baseline_14,dual_baseline_12,17,log_norm_ratio,5.165598642268471e-05,0.0001790272257123107,neither_zero,True
single_baseline_14,dual_baseline_12,18,relative_l2,0.05124567666726514,0.05675008870631503,neither_zero,True
single_baseline_14,dual_baseline_12,18,max_abs,0.005315995309501886,0.005600189324468374,neither_zero,True
single_baseline_14,dual_baseline_12,18,normalized_max_abs,1.7721226150359062,1.8668605919637218,neither_zero,True
single_baseline_14,dual_baseline_12,18,cosine_error,0.001313082115097064,0.0016104724420231697,neither_zero,True
single_baseline_14,dual_baseline_12,18,log_norm_ratio,1.719201734683143e-05,0.00017426153486520073,neither_zero,True
single_baseline_14,dual_baseline_12,20,relative_l2,0.019540491724889742,0.03618305776935488,neither_zero,True
single_baseline_14,dual_baseline_12,20,max_abs,0.005281306570395827,0.005794270662590861,neither_zero,True
single_baseline_14,dual_baseline_12,20,normalized_max_abs,1.7604420663206584,1.9314304327498888,neither_zero,True
single_baseline_14,dual_baseline_12,20,cosine_error,0.00019091588071806775,0.0006546084234719807,neither_zero,True
single_baseline_14,dual_baseline_12,20,log_norm_ratio,2.4900787373728156e-06,3.119384705013665e-05,neither_zero,True
single_baseline_14,dual_baseline_12,21,relative_l2,0.04783318545745788,0.050826764560299505,neither_zero,True
single_baseline_14,dual_baseline_12,21,max_abs,0.004572833422571421,0.005037351744249463,neither_zero,True
single_baseline_14,dual_baseline_12,21,normalized_max_abs,1.5244930114942208,1.6793544432923737,neither_zero,True
single_baseline_14,dual_baseline_12,21,cosine_error,0.0011441136029484156,0.0012917344042318035,neither_zero,True
single_baseline_14,dual_baseline_12,21,log_norm_ratio,9.749471658888725e-05,0.00022368858879896094,neither_zero,True
single_baseline_14,dual_baseline_12,22,relative_l2,0.04977269097014378,0.0577932887500439,neither_zero,True
single_baseline_14,dual_baseline_12,22,max_abs,0.005027492763474584,0.005380292423069477,neither_zero,True
single_baseline_14,dual_baseline_12,22,normalized_max_abs,1.6761692651025621,1.793792894607881,neither_zero,True
single_baseline_14,dual_baseline_12,22,cosine_error,0.0012386658497499647,0.0016701450821178243,neither_zero,True
single_baseline_14,dual_baseline_12,22,log_norm_ratio,4.421154446649995e-06,0.00012333987278905878,neither_zero,True
single_baseline_14,dual_baseline_12,24,relative_l2,0.014622262950965383,0.02795966456988454,neither_zero,True
single_baseline_14,dual_baseline_12,24,max_abs,0.0033238318865187466,0.004742427030578256,neither_zero,True
single_baseline_14,dual_baseline_12,24,normalized_max_abs,1.108115352673841,1.5810536720436101,neither_zero,True
single_baseline_14,dual_baseline_12,24,cosine_error,0.00010690801697665897,0.0003909045336550898,neither_zero,True
single_baseline_14,dual_baseline_12,24,log_norm_ratio,2.9648032883779353e-05,0.0001037535551461458,neither_zero,True
single_baseline_14,dual_baseline_12,25,relative_l2,0.010436014175595351,0.020624469441589088,neither_zero,True
single_baseline_14,dual_baseline_12,25,max_abs,0.002029511786531657,0.0037428823998197913,neither_zero,True
single_baseline_14,dual_baseline_12,25,normalized_max_abs,0.6765595813733202,1.2477301994024919,neither_zero,True
single_baseline_14,dual_baseline_12,25,cosine_error,5.4456658019508275e-05,0.00021269104683663276,neither_zero,True
single_baseline_14,dual_baseline_12,25,log_norm_ratio,6.0889422625371154e-05,8.241009325611086e-05,neither_zero,True
single_baseline_14,dual_baseline_12,26,relative_l2,0.0018998365117333135,0.0030323136778769143,neither_zero,True
single_baseline_14,dual_baseline_12,26,max_abs,0.0002671940019354224,0.0004952069721184671,neither_zero,True
single_baseline_14,dual_baseline_12,26,normalized_max_abs,0.08907733172295113,0.16509247524793977,neither_zero,True
single_baseline_14,dual_baseline_12,26,cosine_error,1.804582518083464e-06,4.597282226015409e-06,neither_zero,True
single_baseline_14,dual_baseline_12,26,log_norm_ratio,1.653521008357376e-05,2.4824088155444077e-05,neither_zero,True
single_baseline_14,dual_baseline_12,28,relative_l2,0.0,0.0,neither_zero,True
single_baseline_14,dual_baseline_12,28,max_abs,0.0,0.0,neither_zero,True
single_baseline_14,dual_baseline_12,28,normalized_max_abs,0.0,0.0,neither_zero,True
single_baseline_14,dual_baseline_12,28,cosine_error,0.0,0.0,neither_zero,True
single_baseline_14,dual_baseline_12,28,log_norm_ratio,0.0,0.0,neither_zero,True
single_baseline_14,dual_baseline_12,29,relative_l2,0.0,0.0,neither_zero,True
single_baseline_14,dual_baseline_12,29,max_abs,0.0,0.0,neither_zero,True
single_baseline_14,dual_baseline_12,29,normalized_max_abs,0.0,0.0,neither_zero,True
single_baseline_14,dual_baseline_12,29,cosine_error,0.0,0.0,neither_zero,True
single_baseline_14,dual_baseline_12,29,log_norm_ratio,0.0,0.0,neither_zero,True
single_baseline_14,dual_baseline_12,30,relative_l2,0.0,0.0,neither_zero,True
single_baseline_14,dual_baseline_12,30,max_abs,0.0,0.0,neither_zero,True
single_baseline_14,dual_baseline_12,30,normalized_max_abs,0.0,0.0,neither_zero,True
single_baseline_14,dual_baseline_12,30,cosine_error,0.0,0.0,neither_zero,True
single_baseline_14,dual_baseline_12,30,log_norm_ratio,0.0,0.0,neither_zero,True
single_baseline_14,dual_baseline_12,global,relative_l2,0.06563509297145821,0.07576209242758418,neither_zero,True
single_baseline_14,dual_baseline_12,global,max_abs,0.005956610664725304,0.005976773798465729,neither_zero,True
single_baseline_14,dual_baseline_12,global,normalized_max_abs,1.9855442677115316,1.9922651826504838,neither_zero,True
single_baseline_14,dual_baseline_12,global,cosine_error,0.002154027661136926,0.002869989563512809,neither_zero,True
single_baseline_14,dual_baseline_12,global,log_norm_ratio,2.096851487594215e-05,2.5695636726825657e-05,neither_zero,True
single_baseline_14,dual_baseline_13,0,relative_l2,0.0543471780623732,0.06824693312551014,neither_zero,True
single_baseline_14,dual_baseline_13,0,max_abs,0.00594799080863595,0.0059624831192195415,neither_zero,True
single_baseline_14,dual_baseline_13,0,normalized_max_abs,1.98268497449274,1.9875157967593196,neither_zero,True
single_baseline_14,dual_baseline_13,0,cosine_error,0.0014769865446573327,0.0023289119890768095,neither_zero,True
single_baseline_14,dual_baseline_13,0,log_norm_ratio,0.00012637864195663427,0.00013442475574679274,neither_zero,True
single_baseline_14,dual_baseline_13,1,relative_l2,0.11392645479147216,0.13775838756793352,neither_zero,True
single_baseline_14,dual_baseline_13,1,max_abs,0.005882930243387818,0.005959174828603864,neither_zero,True
single_baseline_14,dual_baseline_13,1,normalized_max_abs,1.9610386747792599,1.9864546474587708,neither_zero,True
single_baseline_14,dual_baseline_13,1,cosine_error,0.006490207818777627,0.009490543321821088,neither_zero,True
single_baseline_14,dual_baseline_13,1,log_norm_ratio,9.144170158226477e-05,0.000354146493600735,neither_zero,True
single_baseline_14,dual_baseline_13,2,relative_l2,0.07455615178808939,0.09472783252409434,neither_zero,True
single_baseline_14,dual_baseline_13,2,max_abs,0.00594133441336453,0.005975238047540188,neither_zero,True
single_baseline_14,dual_baseline_13,2,normalized_max_abs,1.9804709170512822,1.9917722774521038,neither_zero,True
single_baseline_14,dual_baseline_13,2,cosine_error,0.002779315316006281,0.004487133243832653,neither_zero,True
single_baseline_14,dual_baseline_13,2,log_norm_ratio,1.9548700562278573e-06,0.0001280474477327828,neither_zero,True
single_baseline_14,dual_baseline_13,4,relative_l2,0.10788290436273382,0.13372897703352327,neither_zero,True
single_baseline_14,dual_baseline_13,4,max_abs,0.005963712930679321,0.005976773798465729,neither_zero,True
single_baseline_14,dual_baseline_13,4,normalized_max_abs,1.9879424012517215,1.9922961072686851,neither_zero,True
single_baseline_14,dual_baseline_13,4,cosine_error,0.0058199868084285455,0.008942036081358573,neither_zero,True
single_baseline_14,dual_baseline_13,4,log_norm_ratio,0.00010862830675588684,0.0001512792312364743,neither_zero,True
single_baseline_14,dual_baseline_13,5,relative_l2,0.08125211202677919,0.11086688207218229,neither_zero,True
single_baseline_14,dual_baseline_13,5,max_abs,0.005898999981582165,0.005959352012723684,neither_zero,True
single_baseline_14,dual_baseline_13,5,normalized_max_abs,1.9663671895615569,1.9864851880660115,neither_zero,True
single_baseline_14,dual_baseline_13,5,cosine_error,0.0033014390685897066,0.006145754620427768,neither_zero,True
single_baseline_14,dual_baseline_13,5,log_norm_ratio,0.00015072486742947358,0.00010396011900955024,neither_zero,False
single_baseline_14,dual_baseline_13,6,relative_l2,0.08742971756786454,0.12145219557566955,neither_zero,True
single_baseline_14,dual_baseline_13,6,max_abs,0.005950243677943945,0.005959737114608288,neither_zero,True
single_baseline_14,dual_baseline_13,6,normalized_max_abs,1.9834561049163064,1.9866206500891914,neither_zero,True
single_baseline_14,dual_baseline_13,6,cosine_error,0.0038222105878028545,0.007375358114384278,neither_zero,True
single_baseline_14,dual_baseline_13,6,log_norm_ratio,6.141040949149835e-05,0.0001067684111316779,neither_zero,True
single_baseline_14,dual_baseline_13,8,relative_l2,0.08894455561076252,0.10452082796646944,neither_zero,True
single_baseline_14,dual_baseline_13,8,max_abs,0.005939661990851164,0.005964341107755899,neither_zero,True
single_baseline_14,dual_baseline_13,8,normalized_max_abs,1.9799185064393046,1.9881450082768717,neither_zero,True
single_baseline_14,dual_baseline_13,8,cosine_error,0.0039558827563236365,0.005462305636124598,neither_zero,True
single_baseline_14,dual_baseline_13,8,log_norm_ratio,8.06481413364747e-05,0.00011319355897037096,neither_zero,True
single_baseline_14,dual_baseline_13,9,relative_l2,0.10518337153285072,0.11375555232581419,neither_zero,True
single_baseline_14,dual_baseline_13,9,max_abs,0.005951456027105451,0.005957070272415876,neither_zero,True
single_baseline_14,dual_baseline_13,9,normalized_max_abs,1.983855764618099,1.9857270605934405,neither_zero,True
single_baseline_14,dual_baseline_13,9,cosine_error,0.005531847947574109,0.0064710255121182,neither_zero,True
single_baseline_14,dual_baseline_13,9,log_norm_ratio,1.3959537667083629e-05,0.00018101471761390988,neither_zero,True
single_baseline_14,dual_baseline_13,10,relative_l2,0.09536679330566858,0.11462983090523451,neither_zero,True
single_baseline_14,dual_baseline_13,10,max_abs,0.005900716874748468,0.00594778242520988,neither_zero,True
single_baseline_14,dual_baseline_13,10,normalized_max_abs,1.9669581214970664,1.9826470570430124,neither_zero,True
single_baseline_14,dual_baseline_13,10,cosine_error,0.004547772574888254,0.006571025593287261,neither_zero,True
single_baseline_14,dual_baseline_13,10,log_norm_ratio,7.985107494578778e-05,0.0001985496010601438,neither_zero,True
single_baseline_14,dual_baseline_13,12,relative_l2,0.10676519684741091,0.1281904108794343,neither_zero,True
single_baseline_14,dual_baseline_13,12,max_abs,0.005844522267580032,0.005939641036093235,neither_zero,True
single_baseline_14,dual_baseline_13,12,normalized_max_abs,1.948289594538649,1.9799972695114094,neither_zero,True
single_baseline_14,dual_baseline_13,12,cosine_error,0.00570050366044228,0.008216884210253905,neither_zero,True
single_baseline_14,dual_baseline_13,12,log_norm_ratio,0.0001963718739031059,0.0003993144073782176,neither_zero,True
single_baseline_14,dual_baseline_13,13,relative_l2,0.06445948000538242,0.08811547143108552,neither_zero,True
single_baseline_14,dual_baseline_13,13,max_abs,0.005651891464367509,0.005892634857445955,neither_zero,True
single_baseline_14,dual_baseline_13,13,normalized_max_abs,1.8840298965031492,1.9642808135823902,neither_zero,True
single_baseline_14,dual_baseline_13,13,cosine_error,0.002077678988013365,0.003882467918829735,neither_zero,True
single_baseline_14,dual_baseline_13,13,log_norm_ratio,8.185255796024844e-05,0.00017695298734545184,neither_zero,True
single_baseline_14,dual_baseline_13,14,relative_l2,0.06092435019882614,0.09979719351372945,neither_zero,True
single_baseline_14,dual_baseline_13,14,max_abs,0.005632063141092658,0.005890344735234976,neither_zero,True
single_baseline_14,dual_baseline_13,14,normalized_max_abs,1.8774595666934177,1.9635584075632604,neither_zero,True
single_baseline_14,dual_baseline_13,14,cosine_error,0.0018559205750542374,0.004980025156854584,neither_zero,True
single_baseline_14,dual_baseline_13,14,log_norm_ratio,1.7514294619538918e-05,0.0002657099935791046,neither_zero,True
single_baseline_14,dual_baseline_13,16,relative_l2,0.06754183873854483,0.08436554172823829,neither_zero,True
single_baseline_14,dual_baseline_13,16,max_abs,0.0056434809230268,0.005808895919471979,neither_zero,True
single_baseline_14,dual_baseline_13,16,normalized_max_abs,1.881285565308532,1.9364281700460415,neither_zero,True
single_baseline_14,dual_baseline_13,16,cosine_error,0.0022811538835361134,0.003559225492313911,neither_zero,True
single_baseline_14,dual_baseline_13,16,log_norm_ratio,9.120915144850433e-05,0.0002576750825546444,neither_zero,True
single_baseline_14,dual_baseline_13,17,relative_l2,0.05038032798194728,0.07984475971614276,neither_zero,True
single_baseline_14,dual_baseline_13,17,max_abs,0.005497907055541873,0.005828710272908211,neither_zero,True
single_baseline_14,dual_baseline_13,17,normalized_max_abs,1.832761979302413,1.9430371665975241,neither_zero,True
single_baseline_14,dual_baseline_13,17,cosine_error,0.0012691299174693027,0.003187814275713241,neither_zero,True
single_baseline_14,dual_baseline_13,17,log_norm_ratio,3.288478200083895e-05,0.0001790272257123107,neither_zero,True
single_baseline_14,dual_baseline_13,18,relative_l2,0.05105104893813987,0.05675008870631503,neither_zero,True
single_baseline_14,dual_baseline_13,18,max_abs,0.005399380344897509,0.005600189324468374,neither_zero,True
single_baseline_14,dual_baseline_13,18,normalized_max_abs,1.7999195746600105,1.8668605919637218,neither_zero,True
single_baseline_14,dual_baseline_13,18,cosine_error,0.0013031666058654912,0.0016104724420231697,neither_zero,True
single_baseline_14,dual_baseline_13,18,log_norm_ratio,4.8325491914238e-05,0.00017426153486520073,neither_zero,True
single_baseline_14,dual_baseline_13,20,relative_l2,0.02951545534048094,0.03618305776935488,neither_zero,True
single_baseline_14,dual_baseline_13,20,max_abs,0.005699165863916278,0.005794270662590861,neither_zero,True
single_baseline_14,dual_baseline_13,20,normalized_max_abs,1.899728867728818,1.9314304327498888,neither_zero,True
single_baseline_14,dual_baseline_13,20,cosine_error,0.00043558778165764256,0.0006546084234719807,neither_zero,True
single_baseline_14,dual_baseline_13,20,log_norm_ratio,1.5733939617755686e-05,3.119384705013665e-05,neither_zero,True
single_baseline_14,dual_baseline_13,21,relative_l2,0.038919099619318734,0.050826764560299505,neither_zero,True
single_baseline_14,dual_baseline_13,21,max_abs,0.0045928130857646465,0.005037351744249463,neither_zero,True
single_baseline_14,dual_baseline_13,21,normalized_max_abs,1.531153839496338,1.6793544432923737,neither_zero,True
single_baseline_14,dual_baseline_13,21,cosine_error,0.0007574624790666062,0.0012917344042318035,neither_zero,True
single_baseline_14,dual_baseline_13,21,log_norm_ratio,0.0001700193190171811,0.00022368858879896094,neither_zero,True
single_baseline_14,dual_baseline_13,22,relative_l2,0.02221859749997252,0.0577932887500439,neither_zero,True
single_baseline_14,dual_baseline_13,22,max_abs,0.0028026304207742214,0.005380292423069477,neither_zero,True
single_baseline_14,dual_baseline_13,22,normalized_max_abs,0.9343987537630117,1.793792894607881,neither_zero,True
single_baseline_14,dual_baseline_13,22,cosine_error,0.00024684264147323276,0.0016701450821178243,neither_zero,True
single_baseline_14,dual_baseline_13,22,log_norm_ratio,4.258096223822298e-05,0.00012333987278905878,neither_zero,True
single_baseline_14,dual_baseline_13,24,relative_l2,0.012109582461582339,0.02795966456988454,neither_zero,True
single_baseline_14,dual_baseline_13,24,max_abs,0.0019375586416572332,0.004742427030578256,neither_zero,True
single_baseline_14,dual_baseline_13,24,normalized_max_abs,0.6459528392192198,1.5810536720436101,neither_zero,True
single_baseline_14,dual_baseline_13,24,cosine_error,7.332280939487124e-05,0.0003909045336550898,neither_zero,True
single_baseline_14,dual_baseline_13,24,log_norm_ratio,3.1552099335116696e-05,0.0001037535551461458,neither_zero,True
single_baseline_14,dual_baseline_13,25,relative_l2,0.010817841811311417,0.020624469441589088,neither_zero,True
single_baseline_14,dual_baseline_13,25,max_abs,0.0021874943049624562,0.0037428823998197913,neither_zero,True
single_baseline_14,dual_baseline_13,25,normalized_max_abs,0.7292246963891131,1.2477301994024919,neither_zero,True
single_baseline_14,dual_baseline_13,25,cosine_error,5.8514504907791753e-05,0.00021269104683663276,neither_zero,True
single_baseline_14,dual_baseline_13,25,log_norm_ratio,4.7764755756893345e-05,8.241009325611086e-05,neither_zero,True
single_baseline_14,dual_baseline_13,26,relative_l2,0.0021678118496491604,0.0030323136778769143,neither_zero,True
single_baseline_14,dual_baseline_13,26,max_abs,0.00047692796215415,0.0004952069721184671,neither_zero,True
single_baseline_14,dual_baseline_13,26,normalized_max_abs,0.15899860506840413,0.16509247524793977,neither_zero,True
single_baseline_14,dual_baseline_13,26,cosine_error,2.3496089561758637e-06,4.597282226015409e-06,neither_zero,True
single_baseline_14,dual_baseline_13,26,log_norm_ratio,1.634329585920428e-05,2.4824088155444077e-05,neither_zero,True
single_baseline_14,dual_baseline_13,28,relative_l2,0.0,0.0,neither_zero,True
single_baseline_14,dual_baseline_13,28,max_abs,0.0,0.0,neither_zero,True
single_baseline_14,dual_baseline_13,28,normalized_max_abs,0.0,0.0,neither_zero,True
single_baseline_14,dual_baseline_13,28,cosine_error,0.0,0.0,neither_zero,True
single_baseline_14,dual_baseline_13,28,log_norm_ratio,0.0,0.0,neither_zero,True
single_baseline_14,dual_baseline_13,29,relative_l2,0.0,0.0,neither_zero,True
single_baseline_14,dual_baseline_13,29,max_abs,0.0,0.0,neither_zero,True
single_baseline_14,dual_baseline_13,29,normalized_max_abs,0.0,0.0,neither_zero,True
single_baseline_14,dual_baseline_13,29,cosine_error,0.0,0.0,neither_zero,True
single_baseline_14,dual_baseline_13,29,log_norm_ratio,0.0,0.0,neither_zero,True
single_baseline_14,dual_baseline_13,30,relative_l2,0.0,0.0,neither_zero,True
single_baseline_14,dual_baseline_13,30,max_abs,0.0,0.0,neither_zero,True
single_baseline_14,dual_baseline_13,30,normalized_max_abs,0.0,0.0,neither_zero,True
single_baseline_14,dual_baseline_13,30,cosine_error,0.0,0.0,neither_zero,True
single_baseline_14,dual_baseline_13,30,log_norm_ratio,0.0,0.0,neither_zero,True
single_baseline_14,dual_baseline_13,global,relative_l2,0.06702608939767746,0.07576209242758418,neither_zero,True
single_baseline_14,dual_baseline_13,global,max_abs,0.005963712930679321,0.005976773798465729,neither_zero,True
single_baseline_14,dual_baseline_13,global,normalized_max_abs,1.9879115442121778,1.9922651826504838,neither_zero,True
single_baseline_14,dual_baseline_13,global,cosine_error,0.002246256690157322,0.002869989563512809,neither_zero,True
single_baseline_14,dual_baseline_13,global,log_norm_ratio,3.724925970577012e-06,2.5695636726825657e-05,neither_zero,True
single_baseline_14,dual_baseline_14,0,relative_l2,0.06427302402987257,0.06824693312551014,neither_zero,True
single_baseline_14,dual_baseline_14,0,max_abs,0.005944699747487903,0.0059624831192195415,neither_zero,True
single_baseline_14,dual_baseline_14,0,normalized_max_abs,1.9815879422850076,1.9875157967593196,neither_zero,True
single_baseline_14,dual_baseline_14,0,cosine_error,0.002065524617181125,0.0023289119890768095,neither_zero,True
single_baseline_14,dual_baseline_14,0,log_norm_ratio,6.695962471442034e-06,0.00013442475574679274,neither_zero,True
single_baseline_14,dual_baseline_14,1,relative_l2,0.10210707155439787,0.13775838756793352,neither_zero,True
single_baseline_14,dual_baseline_14,1,max_abs,0.005900969495996833,0.005959174828603864,neither_zero,True
single_baseline_14,dual_baseline_14,1,normalized_max_abs,1.9670528648827283,1.9864546474587708,neither_zero,True
single_baseline_14,dual_baseline_14,1,cosine_error,0.0052140114874468235,0.009490543321821088,neither_zero,True
single_baseline_14,dual_baseline_14,1,log_norm_ratio,0.00021233408692176398,0.000354146493600735,neither_zero,True
single_baseline_14,dual_baseline_14,2,relative_l2,0.0580858077005387,0.09472783252409434,neither_zero,True
single_baseline_14,dual_baseline_14,2,max_abs,0.005891463020816445,0.005975238047540188,neither_zero,True
single_baseline_14,dual_baseline_14,2,normalized_max_abs,1.9638469003468602,1.9917722774521038,neither_zero,True
single_baseline_14,dual_baseline_14,2,cosine_error,0.001686999190646965,0.004487133243832653,neither_zero,True
single_baseline_14,dual_baseline_14,2,log_norm_ratio,1.1099137198233633e-05,0.0001280474477327828,neither_zero,True
single_baseline_14,dual_baseline_14,4,relative_l2,0.1017090786222,0.13372897703352327,neither_zero,True
single_baseline_14,dual_baseline_14,4,max_abs,0.005933560198172927,0.005976773798465729,neither_zero,True
single_baseline_14,dual_baseline_14,4,normalized_max_abs,1.9778914513342771,1.9922961072686851,neither_zero,True
single_baseline_14,dual_baseline_14,4,cosine_error,0.005172712551441916,0.008942036081358573,neither_zero,True
single_baseline_14,dual_baseline_14,4,log_norm_ratio,6.698013361510166e-05,0.0001512792312364743,neither_zero,True
single_baseline_14,dual_baseline_14,5,relative_l2,0.059319296114616296,0.11086688207218229,neither_zero,True
single_baseline_14,dual_baseline_14,5,max_abs,0.0059383169282227755,0.005959352012723684,neither_zero,True
single_baseline_14,dual_baseline_14,5,normalized_max_abs,1.9794730641350813,1.9864851880660115,neither_zero,True
single_baseline_14,dual_baseline_14,5,cosine_error,0.0017595277676258902,0.006145754620427768,neither_zero,True
single_baseline_14,dual_baseline_14,5,log_norm_ratio,8.04555911663988e-05,0.00010396011900955024,neither_zero,True
single_baseline_14,dual_baseline_14,6,relative_l2,0.09801592192394201,0.12145219557566955,neither_zero,True
single_baseline_14,dual_baseline_14,6,max_abs,0.005910980282351375,0.005959737114608288,neither_zero,True
single_baseline_14,dual_baseline_14,6,normalized_max_abs,1.970368032241821,1.9866206500891914,neither_zero,True
single_baseline_14,dual_baseline_14,6,cosine_error,0.004803682215313021,0.007375358114384278,neither_zero,True
single_baseline_14,dual_baseline_14,6,log_norm_ratio,2.5410591508886724e-05,0.0001067684111316779,neither_zero,True
single_baseline_14,dual_baseline_14,8,relative_l2,0.08985695320681951,0.10452082796646944,neither_zero,True
single_baseline_14,dual_baseline_14,8,max_abs,0.005953413899987936,0.005964341107755899,neither_zero,True
single_baseline_14,dual_baseline_14,8,normalized_max_abs,1.9845023943126343,1.9881450082768717,neither_zero,True
single_baseline_14,dual_baseline_14,8,cosine_error,0.004037278356697316,0.005462305636124598,neither_zero,True
single_baseline_14,dual_baseline_14,8,log_norm_ratio,3.5411576841558966e-05,0.00011319355897037096,neither_zero,True
single_baseline_14,dual_baseline_14,9,relative_l2,0.08288463076543283,0.11375555232581419,neither_zero,True
single_baseline_14,dual_baseline_14,9,max_abs,0.005926646525040269,0.005957070272415876,neither_zero,True
single_baseline_14,dual_baseline_14,9,normalized_max_abs,1.9755857759858797,1.9857270605934405,neither_zero,True
single_baseline_14,dual_baseline_14,9,cosine_error,0.0034354999753615223,0.0064710255121182,neither_zero,True
single_baseline_14,dual_baseline_14,9,log_norm_ratio,0.0001698251146185747,0.00018101471761390988,neither_zero,True
single_baseline_14,dual_baseline_14,10,relative_l2,0.11442193009928994,0.11462983090523451,neither_zero,True
single_baseline_14,dual_baseline_14,10,max_abs,0.0059359511360526085,0.00594778242520988,neither_zero,True
single_baseline_14,dual_baseline_14,10,normalized_max_abs,1.9787031887318136,1.9826470570430124,neither_zero,True
single_baseline_14,dual_baseline_14,10,cosine_error,0.0065467995400584345,0.006571025593287261,neither_zero,True
single_baseline_14,dual_baseline_14,10,log_norm_ratio,9.392926293232212e-05,0.0001985496010601438,neither_zero,True
single_baseline_14,dual_baseline_14,12,relative_l2,0.10491229629914464,0.1281904108794343,neither_zero,True
single_baseline_14,dual_baseline_14,12,max_abs,0.005860253237187862,0.005939641036093235,neither_zero,True
single_baseline_14,dual_baseline_14,12,normalized_max_abs,1.953533561965884,1.9799972695114094,neither_zero,True
single_baseline_14,dual_baseline_14,12,cosine_error,0.005505034470851711,0.008216884210253905,neither_zero,True
single_baseline_14,dual_baseline_14,12,log_norm_ratio,0.00032566884280032805,0.0003993144073782176,neither_zero,True
single_baseline_14,dual_baseline_14,13,relative_l2,0.04647166712020089,0.08811547143108552,neither_zero,True
single_baseline_14,dual_baseline_14,13,max_abs,0.005631692474707961,0.005892634857445955,neither_zero,True
single_baseline_14,dual_baseline_14,13,normalized_max_abs,1.8772969552129823,1.9642808135823902,neither_zero,True
single_baseline_14,dual_baseline_14,13,cosine_error,0.0010798984030638836,0.003882467918829735,neither_zero,True
single_baseline_14,dual_baseline_14,13,log_norm_ratio,8.732004791083103e-05,0.00017695298734545184,neither_zero,True
single_baseline_14,dual_baseline_14,14,relative_l2,0.07003645443940686,0.09979719351372945,neither_zero,True
single_baseline_14,dual_baseline_14,14,max_abs,0.0058163616340607405,0.005890344735234976,neither_zero,True
single_baseline_14,dual_baseline_14,14,normalized_max_abs,1.9388959901907603,1.9635584075632604,neither_zero,True
single_baseline_14,dual_baseline_14,14,cosine_error,0.002452802685424804,0.004980025156854584,neither_zero,True
single_baseline_14,dual_baseline_14,14,log_norm_ratio,0.0001042296956225648,0.0002657099935791046,neither_zero,True
single_baseline_14,dual_baseline_14,16,relative_l2,0.08140211303465265,0.08436554172823829,neither_zero,True
single_baseline_14,dual_baseline_14,16,max_abs,0.005712681449949741,0.005808895919471979,neither_zero,True
single_baseline_14,dual_baseline_14,16,normalized_max_abs,1.904354239143275,1.9364281700460415,neither_zero,True
single_baseline_14,dual_baseline_14,16,cosine_error,0.003313734351350517,0.003559225492313911,neither_zero,True
single_baseline_14,dual_baseline_14,16,log_norm_ratio,0.00018067883309841565,0.0002576750825546444,neither_zero,True
single_baseline_14,dual_baseline_14,17,relative_l2,0.04746174297668037,0.07984475971614276,neither_zero,True
single_baseline_14,dual_baseline_14,17,max_abs,0.005435196682810783,0.005828710272908211,neither_zero,True
single_baseline_14,dual_baseline_14,17,normalized_max_abs,1.8118570811860342,1.9430371665975241,neither_zero,True
single_baseline_14,dual_baseline_14,17,cosine_error,0.0011263988600977992,0.003187814275713241,neither_zero,True
single_baseline_14,dual_baseline_14,17,log_norm_ratio,8.328173256108554e-05,0.0001790272257123107,neither_zero,True
single_baseline_14,dual_baseline_14,18,relative_l2,0.056570329974444056,0.05675008870631503,neither_zero,True
single_baseline_14,dual_baseline_14,18,max_abs,0.0054636322893202305,0.005600189324468374,neither_zero,True
single_baseline_14,dual_baseline_14,18,normalized_max_abs,1.8213383903553548,1.8668605919637218,neither_zero,True
single_baseline_14,dual_baseline_14,18,cosine_error,0.00160031609299216,0.0016104724420231697,neither_zero,True
single_baseline_14,dual_baseline_14,18,log_norm_ratio,0.00014051124095633093,0.00017426153486520073,neither_zero,True
single_baseline_14,dual_baseline_14,20,relative_l2,0.0005450193874457366,0.03618305776935488,neither_zero,True
single_baseline_14,dual_baseline_14,20,max_abs,0.00011899019591510296,0.005794270662590861,neither_zero,True
single_baseline_14,dual_baseline_14,20,normalized_max_abs,0.03966354605182178,1.9314304327498888,neither_zero,True
single_baseline_14,dual_baseline_14,20,cosine_error,1.485134123457854e-07,0.0006546084234719807,neither_zero,True
single_baseline_14,dual_baseline_14,20,log_norm_ratio,4.544746176886441e-06,3.119384705013665e-05,neither_zero,True
single_baseline_14,dual_baseline_14,21,relative_l2,0.04923557180598741,0.050826764560299505,neither_zero,True
single_baseline_14,dual_baseline_14,21,max_abs,0.004713751841336489,0.005037351744249463,neither_zero,True
single_baseline_14,dual_baseline_14,21,normalized_max_abs,1.5714724495681662,1.6793544432923737,neither_zero,True
single_baseline_14,dual_baseline_14,21,cosine_error,0.0012122039958790687,0.0012917344042318035,neither_zero,True
single_baseline_14,dual_baseline_14,21,log_norm_ratio,0.0001154071962103318,0.00022368858879896094,neither_zero,True
single_baseline_14,dual_baseline_14,22,relative_l2,0.026688378494178194,0.0577932887500439,neither_zero,True
single_baseline_14,dual_baseline_14,22,max_abs,0.003555792267434299,0.005380292423069477,neither_zero,True
single_baseline_14,dual_baseline_14,22,normalized_max_abs,1.1855033894954015,1.793792894607881,neither_zero,True
single_baseline_14,dual_baseline_14,22,cosine_error,0.00035613766670306024,0.0016701450821178243,neither_zero,True
single_baseline_14,dual_baseline_14,22,log_norm_ratio,8.219210921175122e-06,0.00012333987278905878,neither_zero,True
single_baseline_14,dual_baseline_14,24,relative_l2,0.012047557443401911,0.02795966456988454,neither_zero,True
single_baseline_14,dual_baseline_14,24,max_abs,0.002005535992793739,0.004742427030578256,neither_zero,True
single_baseline_14,dual_baseline_14,24,normalized_max_abs,0.6686153594180196,1.5810536720436101,neither_zero,True
single_baseline_14,dual_baseline_14,24,cosine_error,7.257445331487755e-05,0.0003909045336550898,neither_zero,True
single_baseline_14,dual_baseline_14,24,log_norm_ratio,7.170039581023307e-05,0.0001037535551461458,neither_zero,True
single_baseline_14,dual_baseline_14,25,relative_l2,0.007927515827585352,0.020624469441589088,neither_zero,True
single_baseline_14,dual_baseline_14,25,max_abs,0.0017158312257379293,0.0037428823998197913,neither_zero,True
single_baseline_14,dual_baseline_14,25,normalized_max_abs,0.5719907928085427,1.2477301994024919,neither_zero,True
single_baseline_14,dual_baseline_14,25,cosine_error,3.142241229647791e-05,0.00021269104683663276,neither_zero,True
single_baseline_14,dual_baseline_14,25,log_norm_ratio,7.22902498887666e-05,8.241009325611086e-05,neither_zero,True
single_baseline_14,dual_baseline_14,26,relative_l2,0.002961321868891533,0.0030323136778769143,neither_zero,True
single_baseline_14,dual_baseline_14,26,max_abs,0.0003953174455091357,0.0004952069721184671,neither_zero,True
single_baseline_14,dual_baseline_14,26,normalized_max_abs,0.13179122924824824,0.16509247524793977,neither_zero,True
single_baseline_14,dual_baseline_14,26,cosine_error,4.384531594237018e-06,4.597282226015409e-06,neither_zero,True
single_baseline_14,dual_baseline_14,26,log_norm_ratio,2.396140323677437e-05,2.4824088155444077e-05,neither_zero,True
single_baseline_14,dual_baseline_14,28,relative_l2,0.0,0.0,neither_zero,True
single_baseline_14,dual_baseline_14,28,max_abs,0.0,0.0,neither_zero,True
single_baseline_14,dual_baseline_14,28,normalized_max_abs,0.0,0.0,neither_zero,True
single_baseline_14,dual_baseline_14,28,cosine_error,0.0,0.0,neither_zero,True
single_baseline_14,dual_baseline_14,28,log_norm_ratio,0.0,0.0,neither_zero,True
single_baseline_14,dual_baseline_14,29,relative_l2,0.0,0.0,neither_zero,True
single_baseline_14,dual_baseline_14,29,max_abs,0.0,0.0,neither_zero,True
single_baseline_14,dual_baseline_14,29,normalized_max_abs,0.0,0.0,neither_zero,True
single_baseline_14,dual_baseline_14,29,cosine_error,0.0,0.0,neither_zero,True
single_baseline_14,dual_baseline_14,29,log_norm_ratio,0.0,0.0,neither_zero,True
single_baseline_14,dual_baseline_14,30,relative_l2,0.0,0.0,neither_zero,True
single_baseline_14,dual_baseline_14,30,max_abs,0.0,0.0,neither_zero,True
single_baseline_14,dual_baseline_14,30,normalized_max_abs,0.0,0.0,neither_zero,True
single_baseline_14,dual_baseline_14,30,cosine_error,0.0,0.0,neither_zero,True
single_baseline_14,dual_baseline_14,30,log_norm_ratio,0.0,0.0,neither_zero,True
single_baseline_14,dual_baseline_14,global,relative_l2,0.06556424946864356,0.07576209242758418,neither_zero,True
single_baseline_14,dual_baseline_14,global,max_abs,0.005953413899987936,0.005976773798465729,neither_zero,True
single_baseline_14,dual_baseline_14,global,normalized_max_abs,1.9844786755053647,1.9922651826504838,neither_zero,True
single_baseline_14,dual_baseline_14,global,cosine_error,0.00214936218592765,0.002869989563512809,neither_zero,True
single_baseline_14,dual_baseline_14,global,log_norm_ratio,1.2496724932400454e-05,2.5695636726825657e-05,neither_zero,True
single_baseline_14,dual_baseline_15,0,relative_l2,0.03882870630075907,0.06824693312551014,neither_zero,True
single_baseline_14,dual_baseline_15,0,max_abs,0.005482063628733158,0.0059624831192195415,neither_zero,True
single_baseline_14,dual_baseline_15,0,normalized_max_abs,1.8273742404109412,1.9875157967593196,neither_zero,True
single_baseline_14,dual_baseline_15,0,cosine_error,0.0007538811005687318,0.0023289119890768095,neither_zero,True
single_baseline_14,dual_baseline_15,0,log_norm_ratio,6.49938429269099e-05,0.00013442475574679274,neither_zero,True
single_baseline_14,dual_baseline_15,1,relative_l2,0.09128311552668421,0.13775838756793352,neither_zero,True
single_baseline_14,dual_baseline_15,1,max_abs,0.005868038395419717,0.005959174828603864,neither_zero,True
single_baseline_14,dual_baseline_15,1,normalized_max_abs,1.9560754795941073,1.9864546474587708,neither_zero,True
single_baseline_14,dual_baseline_15,1,cosine_error,0.004167122157630154,0.009490543321821088,neither_zero,True
single_baseline_14,dual_baseline_15,1,log_norm_ratio,0.0002013168986720774,0.000354146493600735,neither_zero,True
single_baseline_14,dual_baseline_15,2,relative_l2,0.05328339088931452,0.09472783252409434,neither_zero,True
single_baseline_14,dual_baseline_15,2,max_abs,0.005912993336096406,0.005975238047540188,neither_zero,True
single_baseline_14,dual_baseline_15,2,normalized_max_abs,1.971023766734147,1.9917722774521038,neither_zero,True
single_baseline_14,dual_baseline_15,2,cosine_error,0.0014196411077022075,0.004487133243832653,neither_zero,True
single_baseline_14,dual_baseline_15,2,log_norm_ratio,5.842639899670159e-05,0.0001280474477327828,neither_zero,True
single_baseline_14,dual_baseline_15,4,relative_l2,0.109785094497381,0.13372897703352327,neither_zero,True
single_baseline_14,dual_baseline_15,4,max_abs,0.0059401479084044695,0.005976773798465729,neither_zero,True
single_baseline_14,dual_baseline_15,4,normalized_max_abs,1.9800873969918014,1.9922961072686851,neither_zero,True
single_baseline_14,dual_baseline_15,4,cosine_error,0.006026458906200793,0.008942036081358573,neither_zero,True
single_baseline_14,dual_baseline_15,4,log_norm_ratio,1.2527796178502581e-05,0.0001512792312364743,neither_zero,True
single_baseline_14,dual_baseline_15,5,relative_l2,0.06026714757631101,0.11086688207218229,neither_zero,True
single_baseline_14,dual_baseline_15,5,max_abs,0.0058911817613989115,0.005959352012723684,neither_zero,True
single_baseline_14,dual_baseline_15,5,normalized_max_abs,1.963761071287762,1.9864851880660115,neither_zero,True
single_baseline_14,dual_baseline_15,5,cosine_error,0.001816178887350084,0.006145754620427768,neither_zero,True
single_baseline_14,dual_baseline_15,5,log_norm_ratio,6.409417671244006e-05,0.00010396011900955024,neither_zero,True
single_baseline_14,dual_baseline_15,6,relative_l2,0.10124050533777171,0.12145219557566955,neither_zero,True
single_baseline_14,dual_baseline_15,6,max_abs,0.005938241258263588,0.005959737114608288,neither_zero,True
single_baseline_14,dual_baseline_15,6,normalized_max_abs,1.9794552145532756,1.9866206500891914,neither_zero,True
single_baseline_14,dual_baseline_15,6,cosine_error,0.0051249751695290335,0.007375358114384278,neither_zero,True
single_baseline_14,dual_baseline_15,6,log_norm_ratio,3.0375305649702122e-05,0.0001067684111316779,neither_zero,True
single_baseline_14,dual_baseline_15,8,relative_l2,0.07547143329061905,0.10452082796646944,neither_zero,True
single_baseline_14,dual_baseline_15,8,max_abs,0.005962897092103958,0.005964341107755899,neither_zero,True
single_baseline_14,dual_baseline_15,8,normalized_max_abs,1.987663662146861,1.9881450082768717,neither_zero,True
single_baseline_14,dual_baseline_15,8,cosine_error,0.002848065707210301,0.005462305636124598,neither_zero,True
single_baseline_14,dual_baseline_15,8,log_norm_ratio,3.429537570951521e-05,0.00011319355897037096,neither_zero,True
single_baseline_14,dual_baseline_15,9,relative_l2,0.09419300496113467,0.11375555232581419,neither_zero,True
single_baseline_14,dual_baseline_15,9,max_abs,0.005907115060836077,0.005957070272415876,neither_zero,True
single_baseline_14,dual_baseline_15,9,normalized_max_abs,1.969075166199561,1.9857270605934405,neither_zero,True
single_baseline_14,dual_baseline_15,9,cosine_error,0.004436245971178532,0.0064710255121182,neither_zero,True
single_baseline_14,dual_baseline_15,9,log_norm_ratio,1.9174776462531037e-05,0.00018101471761390988,neither_zero,True
single_baseline_14,dual_baseline_15,10,relative_l2,0.11432736128006316,0.11462983090523451,neither_zero,True
single_baseline_14,dual_baseline_15,10,max_abs,0.005936747416853905,0.00594778242520988,neither_zero,True
single_baseline_14,dual_baseline_15,10,normalized_max_abs,1.9789686227498064,1.9826470570430124,neither_zero,True
single_baseline_14,dual_baseline_15,10,cosine_error,0.006535592210561991,0.006571025593287261,neither_zero,True
single_baseline_14,dual_baseline_15,10,log_norm_ratio,3.366370371207846e-05,0.0001985496010601438,neither_zero,True
single_baseline_14,dual_baseline_15,12,relative_l2,0.10273562078082177,0.1281904108794343,neither_zero,True
single_baseline_14,dual_baseline_15,12,max_abs,0.005856893490999937,0.005939641036093235,neither_zero,True
single_baseline_14,dual_baseline_15,12,normalized_max_abs,1.9524131255626587,1.9799972695114094,neither_zero,True
single_baseline_14,dual_baseline_15,12,cosine_error,0.005279264893877866,0.008216884210253905,neither_zero,True
single_baseline_14,dual_baseline_15,12,log_norm_ratio,0.00038560575968266223,0.0003993144073782176,neither_zero,True
single_baseline_14,dual_baseline_15,13,relative_l2,0.05281389582081685,0.08811547143108552,neither_zero,True
single_baseline_14,dual_baseline_15,13,max_abs,0.0055924756452441216,0.005892634857445955,neither_zero,True
single_baseline_14,dual_baseline_15,13,normalized_max_abs,1.8642242182202917,1.9642808135823902,neither_zero,True
single_baseline_14,dual_baseline_15,13,cosine_error,0.0013947265551876864,0.003882467918829735,neither_zero,True
single_baseline_14,dual_baseline_15,13,log_norm_ratio,5.318275739740476e-05,0.00017695298734545184,neither_zero,True
single_baseline_14,dual_baseline_15,14,relative_l2,0.06705226439987995,0.09979719351372945,neither_zero,True
single_baseline_14,dual_baseline_15,14,max_abs,0.0057999137789011,0.005890344735234976,neither_zero,True
single_baseline_14,dual_baseline_15,14,normalized_max_abs,1.9334129141319043,1.9635584075632604,neither_zero,True
single_baseline_14,dual_baseline_15,14,cosine_error,0.0022480621085215757,0.004980025156854584,neither_zero,True
single_baseline_14,dual_baseline_15,14,log_norm_ratio,2.6412766977451355e-05,0.0002657099935791046,neither_zero,True
single_baseline_14,dual_baseline_15,16,relative_l2,0.08123606430431662,0.08436554172823829,neither_zero,True
single_baseline_14,dual_baseline_15,16,max_abs,0.005716979969292879,0.005808895919471979,neither_zero,True
single_baseline_14,dual_baseline_15,16,normalized_max_abs,1.9057871745528305,1.9364281700460415,neither_zero,True
single_baseline_14,dual_baseline_15,16,cosine_error,0.003300196266795119,0.003559225492313911,neither_zero,True
single_baseline_14,dual_baseline_15,16,log_norm_ratio,0.00017020987956448477,0.0002576750825546444,neither_zero,True
single_baseline_14,dual_baseline_15,17,relative_l2,0.05056496863615097,0.07984475971614276,neither_zero,True
single_baseline_14,dual_baseline_15,17,max_abs,0.005457909777760506,0.005828710272908211,neither_zero,True
single_baseline_14,dual_baseline_15,17,normalized_max_abs,1.819428493369497,1.9430371665975241,neither_zero,True
single_baseline_14,dual_baseline_15,17,cosine_error,0.001278591237436344,0.003187814275713241,neither_zero,True
single_baseline_14,dual_baseline_15,17,log_norm_ratio,0.00015238179843643938,0.0001790272257123107,neither_zero,True
single_baseline_14,dual_baseline_15,18,relative_l2,0.05417165314146297,0.05675008870631503,neither_zero,True
single_baseline_14,dual_baseline_15,18,max_abs,0.0055001662112772465,0.005600189324468374,neither_zero,True
single_baseline_14,dual_baseline_15,18,normalized_max_abs,1.833517217752035,1.8668605919637218,neither_zero,True
single_baseline_14,dual_baseline_15,18,cosine_error,0.0014674329901724903,0.0016104724420231697,neither_zero,True
single_baseline_14,dual_baseline_15,18,log_norm_ratio,0.00010531397798431003,0.00017426153486520073,neither_zero,True
single_baseline_14,dual_baseline_15,20,relative_l2,0.0006414895473931725,0.03618305776935488,neither_zero,True
single_baseline_14,dual_baseline_15,20,max_abs,0.00014492240734398365,0.005794270662590861,neither_zero,True
single_baseline_14,dual_baseline_15,20,normalized_max_abs,0.04830764865476939,1.9314304327498888,neither_zero,True
single_baseline_14,dual_baseline_15,20,cosine_error,2.0573274639446026e-07,0.0006546084234719807,neither_zero,True
single_baseline_14,dual_baseline_15,20,log_norm_ratio,6.792475277389566e-06,3.119384705013665e-05,neither_zero,True
single_baseline_14,dual_baseline_15,21,relative_l2,0.04872106868182432,0.050826764560299505,neither_zero,True
single_baseline_14,dual_baseline_15,21,max_abs,0.004732347093522549,0.005037351744249463,neither_zero,True
single_baseline_14,dual_baseline_15,21,normalized_max_abs,1.577671742082233,1.6793544432923737,neither_zero,True
single_baseline_14,dual_baseline_15,21,cosine_error,0.0011869825165481407,0.0012917344042318035,neither_zero,True
single_baseline_14,dual_baseline_15,21,log_norm_ratio,9.775458638000911e-05,0.00022368858879896094,neither_zero,True
single_baseline_14,dual_baseline_15,22,relative_l2,0.02698928209077085,0.0577932887500439,neither_zero,True
single_baseline_14,dual_baseline_15,22,max_abs,0.003724695066921413,0.005380292423069477,neither_zero,True
single_baseline_14,dual_baseline_15,22,normalized_max_abs,1.2418156896038992,1.793792894607881,neither_zero,True
single_baseline_14,dual_baseline_15,22,cosine_error,0.00036421772358952165,0.0016701450821178243,neither_zero,True
single_baseline_14,dual_baseline_15,22,log_norm_ratio,1.989954974612239e-05,0.00012333987278905878,neither_zero,True
single_baseline_14,dual_baseline_15,24,relative_l2,0.01290581286031272,0.02795966456988454,neither_zero,True
single_baseline_14,dual_baseline_15,24,max_abs,0.002268787007778883,0.004742427030578256,neither_zero,True
single_baseline_14,dual_baseline_15,24,normalized_max_abs,0.7563792652436445,1.5810536720436101,neither_zero,True
single_baseline_14,dual_baseline_15,24,cosine_error,8.328334474327903e-05,0.0003909045336550898,neither_zero,True
single_baseline_14,dual_baseline_15,24,log_norm_ratio,6.740453039299432e-05,0.0001037535551461458,neither_zero,True
single_baseline_14,dual_baseline_15,25,relative_l2,0.007429088903140589,0.020624469441589088,neither_zero,True
single_baseline_14,dual_baseline_15,25,max_abs,0.0015318808145821095,0.0037428823998197913,neither_zero,True
single_baseline_14,dual_baseline_15,25,normalized_max_abs,0.5106689448690849,1.2477301994024919,neither_zero,True
single_baseline_14,dual_baseline_15,25,cosine_error,2.7594975643419062e-05,0.00021269104683663276,neither_zero,True
single_baseline_14,dual_baseline_15,25,log_norm_ratio,7.420375492833845e-05,8.241009325611086e-05,neither_zero,True
single_baseline_14,dual_baseline_15,26,relative_l2,0.0019764030348746143,0.0030323136778769143,neither_zero,True
single_baseline_14,dual_baseline_15,26,max_abs,0.00039561674930155277,0.0004952069721184671,neither_zero,True
single_baseline_14,dual_baseline_15,26,normalized_max_abs,0.13189101137314407,0.16509247524793977,neither_zero,True
single_baseline_14,dual_baseline_15,26,cosine_error,1.9529829312636693e-06,4.597282226015409e-06,neither_zero,True
single_baseline_14,dual_baseline_15,26,log_norm_ratio,1.6337251253238853e-05,2.4824088155444077e-05,neither_zero,True
single_baseline_14,dual_baseline_15,28,relative_l2,0.0,0.0,neither_zero,True
single_baseline_14,dual_baseline_15,28,max_abs,0.0,0.0,neither_zero,True
single_baseline_14,dual_baseline_15,28,normalized_max_abs,0.0,0.0,neither_zero,True
single_baseline_14,dual_baseline_15,28,cosine_error,0.0,0.0,neither_zero,True
single_baseline_14,dual_baseline_15,28,log_norm_ratio,0.0,0.0,neither_zero,True
single_baseline_14,dual_baseline_15,29,relative_l2,0.0,0.0,neither_zero,True
single_baseline_14,dual_baseline_15,29,max_abs,0.0,0.0,neither_zero,True
single_baseline_14,dual_baseline_15,29,normalized_max_abs,0.0,0.0,neither_zero,True
single_baseline_14,dual_baseline_15,29,cosine_error,0.0,0.0,neither_zero,True
single_baseline_14,dual_baseline_15,29,log_norm_ratio,0.0,0.0,neither_zero,True
single_baseline_14,dual_baseline_15,30,relative_l2,0.0,0.0,neither_zero,True
single_baseline_14,dual_baseline_15,30,max_abs,0.0,0.0,neither_zero,True
single_baseline_14,dual_baseline_15,30,normalized_max_abs,0.0,0.0,neither_zero,True
single_baseline_14,dual_baseline_15,30,cosine_error,0.0,0.0,neither_zero,True
single_baseline_14,dual_baseline_15,30,log_norm_ratio,0.0,0.0,neither_zero,True
single_baseline_14,dual_baseline_15,global,relative_l2,0.06446081832756778,0.07576209242758418,neither_zero,True
single_baseline_14,dual_baseline_15,global,max_abs,0.005962897092103958,0.005976773798465729,neither_zero,True
single_baseline_14,dual_baseline_15,global,normalized_max_abs,1.9876397512924866,1.9922651826504838,neither_zero,True
single_baseline_14,dual_baseline_15,global,cosine_error,0.0020776330300729118,0.002869989563512809,neither_zero,True
single_baseline_14,dual_baseline_15,global,log_norm_ratio,1.666293215778376e-05,2.5695636726825657e-05,neither_zero,True
single_baseline_15,dual_baseline_11,0,relative_l2,0.04483133940919513,0.06824693312551014,neither_zero,True
single_baseline_15,dual_baseline_11,0,max_abs,0.005931314313784242,0.0059624831192195415,neither_zero,True
single_baseline_15,dual_baseline_11,0,normalized_max_abs,1.9771262364023487,1.9875157967593196,neither_zero,True
single_baseline_15,dual_baseline_11,0,cosine_error,0.0010049830810169302,0.0023289119890768095,neither_zero,True
single_baseline_15,dual_baseline_11,0,log_norm_ratio,6.0092205816078156e-05,0.00013442475574679274,neither_zero,True
single_baseline_15,dual_baseline_11,1,relative_l2,0.09682595175071458,0.13775838756793352,neither_zero,True
single_baseline_15,dual_baseline_11,1,max_abs,0.0058631564024835825,0.005959174828603864,neither_zero,True
single_baseline_15,dual_baseline_11,1,normalized_max_abs,1.954447944777015,1.9864546474587708,neither_zero,True
single_baseline_15,dual_baseline_11,1,cosine_error,0.004688206319103716,0.009490543321821088,neither_zero,True
single_baseline_15,dual_baseline_11,1,log_norm_ratio,0.00012405223802765858,0.000354146493600735,neither_zero,True
single_baseline_15,dual_baseline_11,2,relative_l2,0.0736480035313915,0.09472783252409434,neither_zero,True
single_baseline_15,dual_baseline_11,2,max_abs,0.005944105098024011,0.005975238047540188,neither_zero,True
single_baseline_15,dual_baseline_11,2,normalized_max_abs,1.9813944907818029,1.9917722774521038,neither_zero,True
single_baseline_15,dual_baseline_11,2,cosine_error,0.0027120546785275312,0.004487133243832653,neither_zero,True
single_baseline_15,dual_baseline_11,2,log_norm_ratio,1.4962341089581057e-05,0.0001280474477327828,neither_zero,True
single_baseline_15,dual_baseline_11,4,relative_l2,0.07246989002640265,0.13372897703352327,neither_zero,True
single_baseline_15,dual_baseline_11,4,max_abs,0.005904858699068427,0.005976773798465729,neither_zero,True
single_baseline_15,dual_baseline_11,4,normalized_max_abs,1.9683241009032917,1.9922961072686851,neither_zero,True
single_baseline_15,dual_baseline_11,4,cosine_error,0.002625967577594479,0.008942036081358573,neither_zero,True
single_baseline_15,dual_baseline_11,4,log_norm_ratio,9.574884662640197e-06,0.0001512792312364743,neither_zero,True
single_baseline_15,dual_baseline_11,5,relative_l2,0.07389383708976532,0.11086688207218229,neither_zero,True
single_baseline_15,dual_baseline_11,5,max_abs,0.005917288130149245,0.005959352012723684,neither_zero,True
single_baseline_15,dual_baseline_11,5,normalized_max_abs,1.9724636502363504,1.9864851880660115,neither_zero,True
single_baseline_15,dual_baseline_11,5,cosine_error,0.002730160111382718,0.006145754620427768,neither_zero,True
single_baseline_15,dual_baseline_11,5,log_norm_ratio,3.86018815171512e-06,0.00010396011900955024,neither_zero,True
single_baseline_15,dual_baseline_11,6,relative_l2,0.1109265803342576,0.12145219557566955,neither_zero,True
single_baseline_15,dual_baseline_11,6,max_abs,0.005939582595601678,0.005959737114608288,neither_zero,True
single_baseline_15,dual_baseline_11,6,normalized_max_abs,1.9799023363647483,1.9866206500891914,neither_zero,True
single_baseline_15,dual_baseline_11,6,cosine_error,0.0061528435831066375,0.007375358114384278,neither_zero,True
single_baseline_15,dual_baseline_11,6,log_norm_ratio,8.024088788187663e-05,0.0001067684111316779,neither_zero,True
single_baseline_15,dual_baseline_11,8,relative_l2,0.09122395829691385,0.10452082796646944,neither_zero,True
single_baseline_15,dual_baseline_11,8,max_abs,0.005946056451648474,0.005964341107755899,neither_zero,True
single_baseline_15,dual_baseline_11,8,normalized_max_abs,1.982050180764811,1.9881450082768717,neither_zero,True
single_baseline_15,dual_baseline_11,8,cosine_error,0.0041613272588502115,0.005462305636124598,neither_zero,True
single_baseline_15,dual_baseline_11,8,log_norm_ratio,0.00010267582995424415,0.00011319355897037096,neither_zero,True
single_baseline_15,dual_baseline_11,9,relative_l2,0.09871717273090469,0.11375555232581419,neither_zero,True
single_baseline_15,dual_baseline_11,9,max_abs,0.005934151355177164,0.005957070272415876,neither_zero,True
single_baseline_15,dual_baseline_11,9,normalized_max_abs,1.9780872792782613,1.9857270605934405,neither_zero,True
single_baseline_15,dual_baseline_11,9,cosine_error,0.0048725917861570656,0.0064710255121182,neither_zero,True
single_baseline_15,dual_baseline_11,9,log_norm_ratio,1.0619981313819281e-05,0.00018101471761390988,neither_zero,True
single_baseline_15,dual_baseline_11,10,relative_l2,0.09926500012554582,0.11462983090523451,neither_zero,True
single_baseline_15,dual_baseline_11,10,max_abs,0.005894822999835014,0.00594778242520988,neither_zero,True
single_baseline_15,dual_baseline_11,10,normalized_max_abs,1.9649932915825834,1.9826470570430124,neither_zero,True
single_baseline_15,dual_baseline_11,10,cosine_error,0.004927131514214644,0.006571025593287261,neither_zero,True
single_baseline_15,dual_baseline_11,10,log_norm_ratio,7.39037280940286e-05,0.0001985496010601438,neither_zero,True
single_baseline_15,dual_baseline_11,12,relative_l2,0.10069913888046679,0.1281904108794343,neither_zero,True
single_baseline_15,dual_baseline_11,12,max_abs,0.0058121634647250175,0.005939641036093235,neither_zero,True
single_baseline_15,dual_baseline_11,12,normalized_max_abs,1.9375026874130035,1.9799972695114094,neither_zero,True
single_baseline_15,dual_baseline_11,12,cosine_error,0.00507032236715832,0.008216884210253905,neither_zero,True
single_baseline_15,dual_baseline_11,12,log_norm_ratio,3.24656260844597e-05,0.0003993144073782176,neither_zero,True
single_baseline_15,dual_baseline_11,13,relative_l2,0.058275276505629414,0.08811547143108552,neither_zero,True
single_baseline_15,dual_baseline_11,13,max_abs,0.0057273623533546925,0.005892634857445955,neither_zero,True
single_baseline_15,dual_baseline_11,13,normalized_max_abs,1.909187889990484,1.9642808135823902,neither_zero,True
single_baseline_15,dual_baseline_11,13,cosine_error,0.0016980164612034887,0.003882467918829735,neither_zero,True
single_baseline_15,dual_baseline_11,13,log_norm_ratio,7.398466020548457e-06,0.00017695298734545184,neither_zero,True
single_baseline_15,dual_baseline_11,14,relative_l2,0.06516251542797437,0.09979719351372945,neither_zero,True
single_baseline_15,dual_baseline_11,14,max_abs,0.00580358156003058,0.005890344735234976,neither_zero,True
single_baseline_15,dual_baseline_11,14,normalized_max_abs,1.9346357264983667,1.9635584075632604,neither_zero,True
single_baseline_15,dual_baseline_11,14,cosine_error,0.0021232413821635765,0.004980025156854584,neither_zero,True
single_baseline_15,dual_baseline_11,14,log_norm_ratio,7.903156703482298e-05,0.0002657099935791046,neither_zero,True
single_baseline_15,dual_baseline_11,16,relative_l2,0.04650328817586773,0.08436554172823829,neither_zero,True
single_baseline_15,dual_baseline_11,16,max_abs,0.005468145711347461,0.005808895919471979,neither_zero,True
single_baseline_15,dual_baseline_11,16,normalized_max_abs,1.8228371690867151,1.9364281700460415,neither_zero,True
single_baseline_15,dual_baseline_11,16,cosine_error,0.0010812959147762369,0.003559225492313911,neither_zero,True
single_baseline_15,dual_baseline_11,16,log_norm_ratio,1.6785620901001884e-05,0.0002576750825546444,neither_zero,True
single_baseline_15,dual_baseline_11,17,relative_l2,0.06855031458062007,0.07984475971614276,neither_zero,True
single_baseline_15,dual_baseline_11,17,max_abs,0.005674451589584351,0.005828710272908211,neither_zero,True
single_baseline_15,dual_baseline_11,17,normalized_max_abs,1.8916143595943282,1.9430371665975241,neither_zero,True
single_baseline_15,dual_baseline_11,17,cosine_error,0.0023499086823823845,0.003187814275713241,neither_zero,True
single_baseline_15,dual_baseline_11,17,log_norm_ratio,0.00014757192596210518,0.0001790272257123107,neither_zero,True
single_baseline_15,dual_baseline_11,18,relative_l2,0.045883127018860305,0.05675008870631503,neither_zero,True
single_baseline_15,dual_baseline_11,18,max_abs,0.0054860664531588554,0.005600189324468374,neither_zero,True
single_baseline_15,dual_baseline_11,18,normalized_max_abs,1.8288171109619855,1.8668605919637218,neither_zero,True
single_baseline_15,dual_baseline_11,18,cosine_error,0.001052705654356556,0.0016104724420231697,neither_zero,True
single_baseline_15,dual_baseline_11,18,log_norm_ratio,7.38184433539204e-05,0.00017426153486520073,neither_zero,True
single_baseline_15,dual_baseline_11,20,relative_l2,0.021725515842055593,0.03618305776935488,neither_zero,True
single_baseline_15,dual_baseline_11,20,max_abs,0.0056779226288199425,0.005794270662590861,neither_zero,True
single_baseline_15,dual_baseline_11,20,normalized_max_abs,1.8926477635953218,1.9314304327498888,neither_zero,True
single_baseline_15,dual_baseline_11,20,cosine_error,0.00023601027902919736,0.0006546084234719807,neither_zero,True
single_baseline_15,dual_baseline_11,20,log_norm_ratio,5.385412610954229e-05,3.119384705013665e-05,neither_zero,False
single_baseline_15,dual_baseline_11,21,relative_l2,0.046227222445925926,0.050826764560299505,neither_zero,True
single_baseline_15,dual_baseline_11,21,max_abs,0.005008429521694779,0.005037351744249463,neither_zero,True
single_baseline_15,dual_baseline_11,21,normalized_max_abs,1.669712081361885,1.6793544432923737,neither_zero,True
single_baseline_15,dual_baseline_11,21,cosine_error,0.0010684859771619148,0.0012917344042318035,neither_zero,True
single_baseline_15,dual_baseline_11,21,log_norm_ratio,7.44735362577702e-06,0.00022368858879896094,neither_zero,True
single_baseline_15,dual_baseline_11,22,relative_l2,0.053004450762902264,0.0577932887500439,neither_zero,True
single_baseline_15,dual_baseline_11,22,max_abs,0.005289209773764014,0.005380292423069477,neither_zero,True
single_baseline_15,dual_baseline_11,22,normalized_max_abs,1.7634258817582356,1.793792894607881,neither_zero,True
single_baseline_15,dual_baseline_11,22,cosine_error,0.001404792856678716,0.0016701450821178243,neither_zero,True
single_baseline_15,dual_baseline_11,22,log_norm_ratio,4.1147750323560605e-05,0.00012333987278905878,neither_zero,True
single_baseline_15,dual_baseline_11,24,relative_l2,0.017516447907656534,0.02795966456988454,neither_zero,True
single_baseline_15,dual_baseline_11,24,max_abs,0.0029135989025235176,0.004742427030578256,neither_zero,True
single_baseline_15,dual_baseline_11,24,normalized_max_abs,0.9713497959700099,1.5810536720436101,neither_zero,True
single_baseline_15,dual_baseline_11,24,cosine_error,0.00015341584969641442,0.0003909045336550898,neither_zero,True
single_baseline_15,dual_baseline_11,24,log_norm_ratio,2.0058159208665637e-05,0.0001037535551461458,neither_zero,True
single_baseline_15,dual_baseline_11,25,relative_l2,0.01819788453682166,0.020624469441589088,neither_zero,True
single_baseline_15,dual_baseline_11,25,max_abs,0.0031809097854420543,0.0037428823998197913,neither_zero,True
single_baseline_15,dual_baseline_11,25,normalized_max_abs,1.0603904052540845,1.2477301994024919,neither_zero,True
single_baseline_15,dual_baseline_11,25,cosine_error,0.0001655894159435789,0.00021269104683663276,neither_zero,True
single_baseline_15,dual_baseline_11,25,log_norm_ratio,5.7936195126147264e-05,8.241009325611086e-05,neither_zero,True
single_baseline_15,dual_baseline_11,26,relative_l2,0.0018967158138764927,0.0030323136778769143,neither_zero,True
single_baseline_15,dual_baseline_11,26,max_abs,0.0003051209496334195,0.0004952069721184671,neither_zero,True
single_baseline_15,dual_baseline_11,26,normalized_max_abs,0.10172144527663049,0.16509247524793977,neither_zero,True
single_baseline_15,dual_baseline_11,26,cosine_error,1.798677500275403e-06,4.597282226015409e-06,neither_zero,True
single_baseline_15,dual_baseline_11,26,log_norm_ratio,1.5181934881359133e-05,2.4824088155444077e-05,neither_zero,True
single_baseline_15,dual_baseline_11,28,relative_l2,0.0,0.0,neither_zero,True
single_baseline_15,dual_baseline_11,28,max_abs,0.0,0.0,neither_zero,True
single_baseline_15,dual_baseline_11,28,normalized_max_abs,0.0,0.0,neither_zero,True
single_baseline_15,dual_baseline_11,28,cosine_error,0.0,0.0,neither_zero,True
single_baseline_15,dual_baseline_11,28,log_norm_ratio,0.0,0.0,neither_zero,True
single_baseline_15,dual_baseline_11,29,relative_l2,0.0,0.0,neither_zero,True
single_baseline_15,dual_baseline_11,29,max_abs,0.0,0.0,neither_zero,True
single_baseline_15,dual_baseline_11,29,normalized_max_abs,0.0,0.0,neither_zero,True
single_baseline_15,dual_baseline_11,29,cosine_error,0.0,0.0,neither_zero,True
single_baseline_15,dual_baseline_11,29,log_norm_ratio,0.0,0.0,neither_zero,True
single_baseline_15,dual_baseline_11,30,relative_l2,0.0,0.0,neither_zero,True
single_baseline_15,dual_baseline_11,30,max_abs,0.0,0.0,neither_zero,True
single_baseline_15,dual_baseline_11,30,normalized_max_abs,0.0,0.0,neither_zero,True
single_baseline_15,dual_baseline_11,30,cosine_error,0.0,0.0,neither_zero,True
single_baseline_15,dual_baseline_11,30,log_norm_ratio,0.0,0.0,neither_zero,True
single_baseline_15,dual_baseline_11,global,relative_l2,0.06479679508429756,0.07576209242758418,neither_zero,True
single_baseline_15,dual_baseline_11,global,max_abs,0.005946056451648474,0.005976773798465729,neither_zero,True
single_baseline_15,dual_baseline_11,global,normalized_max_abs,1.9820260297845804,1.9922651826504838,neither_zero,True
single_baseline_15,dual_baseline_11,global,cosine_error,0.0020993262567801096,0.002869989563512809,neither_zero,True
single_baseline_15,dual_baseline_11,global,log_norm_ratio,6.6460921112210515e-06,2.5695636726825657e-05,neither_zero,True
single_baseline_15,dual_baseline_12,0,relative_l2,0.03078825961185076,0.06824693312551014,neither_zero,True
single_baseline_15,dual_baseline_12,0,max_abs,0.00589617108926177,0.0059624831192195415,neither_zero,True
single_baseline_15,dual_baseline_12,0,normalized_max_abs,1.9654117010465542,1.9875157967593196,neither_zero,True
single_baseline_15,dual_baseline_12,0,cosine_error,0.00047396033658975156,0.0023289119890768095,neither_zero,True
single_baseline_15,dual_baseline_12,0,log_norm_ratio,3.965511140820473e-06,0.00013442475574679274,neither_zero,True
single_baseline_15,dual_baseline_12,1,relative_l2,0.09447225471538723,0.13775838756793352,neither_zero,True
single_baseline_15,dual_baseline_12,1,max_abs,0.00592262065038085,0.005959174828603864,neither_zero,True
single_baseline_15,dual_baseline_12,1,normalized_max_abs,1.9742699943886022,1.9864546474587708,neither_zero,True
single_baseline_15,dual_baseline_12,1,cosine_error,0.004463488541072702,0.009490543321821088,neither_zero,True
single_baseline_15,dual_baseline_12,1,log_norm_ratio,0.0002264681819766994,0.000354146493600735,neither_zero,True
single_baseline_15,dual_baseline_12,2,relative_l2,0.056057619880460034,0.09472783252409434,neither_zero,True
single_baseline_15,dual_baseline_12,2,max_abs,0.005926266312599182,0.005975238047540188,neither_zero,True
single_baseline_15,dual_baseline_12,2,normalized_max_abs,1.9754479972538042,1.9917722774521038,neither_zero,True
single_baseline_15,dual_baseline_12,2,cosine_error,0.0015714291778133882,0.004487133243832653,neither_zero,True
single_baseline_15,dual_baseline_12,2,log_norm_ratio,0.00013346009625386657,0.0001280474477327828,neither_zero,False
single_baseline_15,dual_baseline_12,4,relative_l2,0.08607783161858613,0.13372897703352327,neither_zero,True
single_baseline_15,dual_baseline_12,4,max_abs,0.0059387520886957645,0.005976773798465729,neither_zero,True
single_baseline_15,dual_baseline_12,4,normalized_max_abs,1.9796218075205112,1.9922961072686851,neither_zero,True
single_baseline_15,dual_baseline_12,4,cosine_error,0.0037049948752955197,0.008942036081358573,neither_zero,True
single_baseline_15,dual_baseline_12,4,log_norm_ratio,8.141811083447373e-05,0.0001512792312364743,neither_zero,True
single_baseline_15,dual_baseline_12,5,relative_l2,0.08702518355901066,0.11086688207218229,neither_zero,True
single_baseline_15,dual_baseline_12,5,max_abs,0.005910462932661176,0.005959352012723684,neither_zero,True
single_baseline_15,dual_baseline_12,5,normalized_max_abs,1.970188544874773,1.9864851880660115,neither_zero,True
single_baseline_15,dual_baseline_12,5,cosine_error,0.003786760597203176,0.006145754620427768,neither_zero,True
single_baseline_15,dual_baseline_12,5,log_norm_ratio,1.8347984386993616e-05,0.00010396011900955024,neither_zero,True
single_baseline_15,dual_baseline_12,6,relative_l2,0.08864577391223083,0.12145219557566955,neither_zero,True
single_baseline_15,dual_baseline_12,6,max_abs,0.005944532575085759,0.005959737114608288,neither_zero,True
single_baseline_15,dual_baseline_12,6,normalized_max_abs,1.9815523640876977,1.9866206500891914,neither_zero,True
single_baseline_15,dual_baseline_12,6,cosine_error,0.0039292540010670285,0.007375358114384278,neither_zero,True
single_baseline_15,dual_baseline_12,6,log_norm_ratio,5.572133209990928e-05,0.0001067684111316779,neither_zero,True
single_baseline_15,dual_baseline_12,8,relative_l2,0.08495324834849913,0.10452082796646944,neither_zero,True
single_baseline_15,dual_baseline_12,8,max_abs,0.005950236925855279,0.005964341107755899,neither_zero,True
single_baseline_15,dual_baseline_12,8,normalized_max_abs,1.9834435402798312,1.9881450082768717,neither_zero,True
single_baseline_15,dual_baseline_12,8,cosine_error,0.0036087476440278543,0.005462305636124598,neither_zero,True
single_baseline_15,dual_baseline_12,8,log_norm_ratio,6.161316750325704e-05,0.00011319355897037096,neither_zero,True
single_baseline_15,dual_baseline_12,9,relative_l2,0.07760577777952488,0.11375555232581419,neither_zero,True
single_baseline_15,dual_baseline_12,9,max_abs,0.005921535426750779,0.005957070272415876,neither_zero,True
single_baseline_15,dual_baseline_12,9,normalized_max_abs,1.973881891507903,1.9857270605934405,neither_zero,True
single_baseline_15,dual_baseline_12,9,cosine_error,0.0030114890361342406,0.0064710255121182,neither_zero,True
single_baseline_15,dual_baseline_12,9,log_norm_ratio,5.3832846530108885e-05,0.00018101471761390988,neither_zero,True
single_baseline_15,dual_baseline_12,10,relative_l2,0.11425851710280016,0.11462983090523451,neither_zero,True
single_baseline_15,dual_baseline_12,10,max_abs,0.00589326280169189,0.00594778242520988,neither_zero,True
single_baseline_15,dual_baseline_12,10,normalized_max_abs,1.964473364161968,1.9826470570430124,neither_zero,True
single_baseline_15,dual_baseline_12,10,cosine_error,0.0065282302781758395,0.006571025593287261,neither_zero,True
single_baseline_15,dual_baseline_12,10,log_norm_ratio,0.00011216575066771541,0.0001985496010601438,neither_zero,True
single_baseline_15,dual_baseline_12,12,relative_l2,0.08899743395106467,0.1281904108794343,neither_zero,True
single_baseline_15,dual_baseline_12,12,max_abs,0.005772684467956424,0.005939641036093235,neither_zero,True
single_baseline_15,dual_baseline_12,12,normalized_max_abs,1.9243422415997096,1.9799972695114094,neither_zero,True
single_baseline_15,dual_baseline_12,12,cosine_error,0.00396072076067433,0.008216884210253905,neither_zero,True
single_baseline_15,dual_baseline_12,12,log_norm_ratio,0.00011507562087978383,0.0003993144073782176,neither_zero,True
single_baseline_15,dual_baseline_12,13,relative_l2,0.060799308944610726,0.08811547143108552,neither_zero,True
single_baseline_15,dual_baseline_12,13,max_abs,0.005793100222945213,0.005892634857445955,neither_zero,True
single_baseline_15,dual_baseline_12,13,normalized_max_abs,1.9311012834153793,1.9642808135823902,neither_zero,True
single_baseline_15,dual_baseline_12,13,cosine_error,0.0018483330276963805,0.003882467918829735,neither_zero,True
single_baseline_15,dual_baseline_12,13,log_norm_ratio,3.0024449111428862e-05,0.00017695298734545184,neither_zero,True
single_baseline_15,dual_baseline_12,14,relative_l2,0.05507381792200675,0.09979719351372945,neither_zero,True
single_baseline_15,dual_baseline_12,14,max_abs,0.005758763989433646,0.005890344735234976,neither_zero,True
single_baseline_15,dual_baseline_12,14,normalized_max_abs,1.9196958471079801,1.9635584075632604,neither_zero,True
single_baseline_15,dual_baseline_12,14,cosine_error,0.0015166847942461592,0.004980025156854584,neither_zero,True
single_baseline_15,dual_baseline_12,14,log_norm_ratio,8.275489546261966e-05,0.0002657099935791046,neither_zero,True
single_baseline_15,dual_baseline_12,16,relative_l2,0.06490624867208517,0.08436554172823829,neither_zero,True
single_baseline_15,dual_baseline_12,16,max_abs,0.005656477063894272,0.005808895919471979,neither_zero,True
single_baseline_15,dual_baseline_12,16,normalized_max_abs,1.8856184861270222,1.9364281700460415,neither_zero,True
single_baseline_15,dual_baseline_12,16,cosine_error,0.002106683824857014,0.003559225492313911,neither_zero,True
single_baseline_15,dual_baseline_12,16,log_norm_ratio,0.00013398306450541672,0.0002576750825546444,neither_zero,True
single_baseline_15,dual_baseline_12,17,relative_l2,0.05889647695867827,0.07984475971614276,neither_zero,True
single_baseline_15,dual_baseline_12,17,max_abs,0.005330103216692805,0.005828710272908211,neither_zero,True
single_baseline_15,dual_baseline_12,17,normalized_max_abs,1.7768236495880592,1.9430371665975241,neither_zero,True
single_baseline_15,dual_baseline_12,17,cosine_error,0.0017343978933608284,0.003187814275713241,neither_zero,True
single_baseline_15,dual_baseline_12,17,log_norm_ratio,2.2735102742468763e-07,0.0001790272257123107,neither_zero,True
single_baseline_15,dual_baseline_12,18,relative_l2,0.03891941845823536,0.05675008870631503,neither_zero,True
single_baseline_15,dual_baseline_12,18,max_abs,0.005265695974230766,0.005600189324468374,neither_zero,True
single_baseline_15,dual_baseline_12,18,normalized_max_abs,1.755355267468628,1.8668605919637218,neither_zero,True
single_baseline_15,dual_baseline_12,18,cosine_error,0.0007573969289508264,0.0016104724420231697,neither_zero,True
single_baseline_15,dual_baseline_12,18,log_norm_ratio,4.9637375816232375e-05,0.00017426153486520073,neither_zero,True
single_baseline_15,dual_baseline_12,20,relative_l2,0.0010095594199634758,0.03618305776935488,neither_zero,True
single_baseline_15,dual_baseline_12,20,max_abs,0.00023185438476502895,0.005794270662590861,neither_zero,True
single_baseline_15,dual_baseline_12,20,normalized_max_abs,0.07728508815738915,1.9314304327498888,neither_zero,True
single_baseline_15,dual_baseline_12,20,cosine_error,5.096032783535875e-07,0.0006546084234719807,neither_zero,True
single_baseline_15,dual_baseline_12,20,log_norm_ratio,2.4900161320447995e-06,3.119384705013665e-05,neither_zero,True
single_baseline_15,dual_baseline_12,21,relative_l2,0.046620368350713585,0.050826764560299505,neither_zero,True
single_baseline_15,dual_baseline_12,21,max_abs,0.005034074420109391,0.005037351744249463,neither_zero,True
single_baseline_15,dual_baseline_12,21,normalized_max_abs,1.6782615870547766,1.6793544432923737,neither_zero,True
single_baseline_15,dual_baseline_12,21,cosine_error,0.0010867497975318718,0.0012917344042318035,neither_zero,True
single_baseline_15,dual_baseline_12,21,log_norm_ratio,1.8960105637347592e-05,0.00022368858879896094,neither_zero,True
single_baseline_15,dual_baseline_12,22,relative_l2,0.05352628352061287,0.0577932887500439,neither_zero,True
single_baseline_15,dual_baseline_12,22,max_abs,0.0052688701543956995,0.005380292423069477,neither_zero,True
single_baseline_15,dual_baseline_12,22,normalized_max_abs,1.7566446398046436,1.793792894607881,neither_zero,True
single_baseline_15,dual_baseline_12,22,cosine_error,0.0014326283205575718,0.0016701450821178243,neither_zero,True
single_baseline_15,dual_baseline_12,22,log_norm_ratio,6.924877839575398e-05,0.00012333987278905878,neither_zero,True
single_baseline_15,dual_baseline_12,24,relative_l2,0.02025743876898481,0.02795966456988454,neither_zero,True
single_baseline_15,dual_baseline_12,24,max_abs,0.0033510884386487305,0.004742427030578256,neither_zero,True
single_baseline_15,dual_baseline_12,24,normalized_max_abs,1.1172022755109114,1.5810536720436101,neither_zero,True
single_baseline_15,dual_baseline_12,24,cosine_error,0.00020518405136771278,0.0003909045336550898,neither_zero,True
single_baseline_15,dual_baseline_12,24,log_norm_ratio,1.0702148041774145e-05,0.0001037535551461458,neither_zero,True
single_baseline_15,dual_baseline_12,25,relative_l2,0.019244301672222793,0.020624469441589088,neither_zero,True
single_baseline_15,dual_baseline_12,25,max_abs,0.003060598741285503,0.0037428823998197913,neither_zero,True
single_baseline_15,dual_baseline_12,25,normalized_max_abs,1.0202834278561141,1.2477301994024919,neither_zero,True
single_baseline_15,dual_baseline_12,25,cosine_error,0.00018518138182821442,0.00021269104683663276,neither_zero,True
single_baseline_15,dual_baseline_12,25,log_norm_ratio,6.404163702374828e-05,8.241009325611086e-05,neither_zero,True
single_baseline_15,dual_baseline_12,26,relative_l2,0.001957201655118668,0.0030323136778769143,neither_zero,True
single_baseline_15,dual_baseline_12,26,max_abs,0.0003100511385127902,0.0004952069721184671,neither_zero,True
single_baseline_15,dual_baseline_12,26,normalized_max_abs,0.10336507524992102,0.16509247524793977,neither_zero,True
single_baseline_15,dual_baseline_12,26,cosine_error,1.9152235269936924e-06,4.597282226015409e-06,neither_zero,True
single_baseline_15,dual_baseline_12,26,log_norm_ratio,1.587701734151907e-05,2.4824088155444077e-05,neither_zero,True
single_baseline_15,dual_baseline_12,28,relative_l2,0.0,0.0,neither_zero,True
single_baseline_15,dual_baseline_12,28,max_abs,0.0,0.0,neither_zero,True
single_baseline_15,dual_baseline_12,28,normalized_max_abs,0.0,0.0,neither_zero,True
single_baseline_15,dual_baseline_12,28,cosine_error,0.0,0.0,neither_zero,True
single_baseline_15,dual_baseline_12,28,log_norm_ratio,0.0,0.0,neither_zero,True
single_baseline_15,dual_baseline_12,29,relative_l2,0.0,0.0,neither_zero,True
single_baseline_15,dual_baseline_12,29,max_abs,0.0,0.0,neither_zero,True
single_baseline_15,dual_baseline_12,29,normalized_max_abs,0.0,0.0,neither_zero,True
single_baseline_15,dual_baseline_12,29,cosine_error,0.0,0.0,neither_zero,True
single_baseline_15,dual_baseline_12,29,log_norm_ratio,0.0,0.0,neither_zero,True
single_baseline_15,dual_baseline_12,30,relative_l2,0.0,0.0,neither_zero,True
single_baseline_15,dual_baseline_12,30,max_abs,0.0,0.0,neither_zero,True
single_baseline_15,dual_baseline_12,30,normalized_max_abs,0.0,0.0,neither_zero,True
single_baseline_15,dual_baseline_12,30,cosine_error,0.0,0.0,neither_zero,True
single_baseline_15,dual_baseline_12,30,log_norm_ratio,0.0,0.0,neither_zero,True
single_baseline_15,dual_baseline_12,global,relative_l2,0.061916241256540064,0.07576209242758418,neither_zero,True
single_baseline_15,dual_baseline_12,global,max_abs,0.005950236925855279,0.005976773798465729,neither_zero,True
single_baseline_15,dual_baseline_12,global,normalized_max_abs,1.9834198341261635,1.9922651826504838,neither_zero,True
single_baseline_15,dual_baseline_12,global,cosine_error,0.0019168416978044833,0.002869989563512809,neither_zero,True
single_baseline_15,dual_baseline_12,global,log_norm_ratio,1.636351827433847e-05,2.5695636726825657e-05,neither_zero,True
single_baseline_15,dual_baseline_13,0,relative_l2,0.06402508895725713,0.06824693312551014,neither_zero,True
single_baseline_15,dual_baseline_13,0,max_abs,0.005947683705016971,0.0059624831192195415,neither_zero,True
single_baseline_15,dual_baseline_13,0,normalized_max_abs,1.9825827593866305,1.9875157967593196,neither_zero,True
single_baseline_15,dual_baseline_13,0,cosine_error,0.0020498918702334112,0.0023289119890768095,neither_zero,True
single_baseline_15,dual_baseline_13,0,log_norm_ratio,0.00014455925374920727,0.00013442475574679274,neither_zero,False
single_baseline_15,dual_baseline_13,1,relative_l2,0.10468021182785461,0.13775838756793352,neither_zero,True
single_baseline_15,dual_baseline_13,1,max_abs,0.005938016809523106,0.005959174828603864,neither_zero,True
single_baseline_15,dual_baseline_13,1,normalized_max_abs,1.9794014433627394,1.9864546474587708,neither_zero,True
single_baseline_15,dual_baseline_13,1,cosine_error,0.00547982906867972,0.009490543321821088,neither_zero,True
single_baseline_15,dual_baseline_13,1,log_norm_ratio,0.00015845669143539824,0.000354146493600735,neither_zero,True
single_baseline_15,dual_baseline_13,2,relative_l2,0.06578196518551169,0.09472783252409434,neither_zero,True
single_baseline_15,dual_baseline_13,2,max_abs,0.005918580340221524,0.005975238047540188,neither_zero,True
single_baseline_15,dual_baseline_13,2,normalized_max_abs,1.9728861259978088,1.9917722774521038,neither_zero,True
single_baseline_15,dual_baseline_13,2,cosine_error,0.0021637927263106205,0.004487133243832653,neither_zero,True
single_baseline_15,dual_baseline_13,2,log_norm_ratio,7.489869205943537e-05,0.0001280474477327828,neither_zero,True
single_baseline_15,dual_baseline_13,4,relative_l2,0.10950673274018967,0.13372897703352327,neither_zero,True
single_baseline_15,dual_baseline_13,4,max_abs,0.005960306851193309,0.005976773798465729,neither_zero,True
single_baseline_15,dual_baseline_13,4,normalized_max_abs,1.9868070196679695,1.9922961072686851,neither_zero,True
single_baseline_15,dual_baseline_13,4,cosine_error,0.005995900833935086,0.008942036081358573,neither_zero,True
single_baseline_15,dual_baseline_13,4,log_norm_ratio,6.437242032648111e-06,0.0001512792312364743,neither_zero,True
single_baseline_15,dual_baseline_13,5,relative_l2,0.08942972524859195,0.11086688207218229,neither_zero,True
single_baseline_15,dual_baseline_13,5,max_abs,0.005916564958170056,0.005959352012723684,neither_zero,True
single_baseline_15,dual_baseline_13,5,normalized_max_abs,1.9722224356540043,1.9864851880660115,neither_zero,True
single_baseline_15,dual_baseline_13,5,cosine_error,0.003999252618714033,0.006145754620427768,neither_zero,True
single_baseline_15,dual_baseline_13,5,log_norm_ratio,0.00010509043558647649,0.00010396011900955024,neither_zero,False
single_baseline_15,dual_baseline_13,6,relative_l2,0.10618598997544323,0.12145219557566955,neither_zero,True
single_baseline_15,dual_baseline_13,6,max_abs,0.0059548362623900175,0.005959737114608288,neither_zero,True
single_baseline_15,dual_baseline_13,6,normalized_max_abs,1.9849869984645274,1.9866206500891914,neither_zero,True
single_baseline_15,dual_baseline_13,6,cosine_error,0.005638367347719497,0.007375358114384278,neither_zero,True
single_baseline_15,dual_baseline_13,6,log_norm_ratio,0.00011379619416947431,0.0001067684111316779,neither_zero,False
single_baseline_15,dual_baseline_13,8,relative_l2,0.09303895154939743,0.10452082796646944,neither_zero,True
single_baseline_15,dual_baseline_13,8,max_abs,0.005954603664577007,0.005964341107755899,neither_zero,True
single_baseline_15,dual_baseline_13,8,normalized_max_abs,1.9848991427739213,1.9881450082768717,neither_zero,True
single_baseline_15,dual_baseline_13,8,cosine_error,0.0043286198254615105,0.005462305636124598,neither_zero,True
single_baseline_15,dual_baseline_13,8,log_norm_ratio,0.0001162870849474426,0.00011319355897037096,neither_zero,False
single_baseline_15,dual_baseline_13,9,relative_l2,0.10578940037034075,0.11375555232581419,neither_zero,True
single_baseline_15,dual_baseline_13,9,max_abs,0.005946778226643801,0.005957070272415876,neither_zero,True
single_baseline_15,dual_baseline_13,9,normalized_max_abs,1.9822963147966164,1.9857270605934405,neither_zero,True
single_baseline_15,dual_baseline_13,9,cosine_error,0.005596325576700867,0.0064710255121182,neither_zero,True
single_baseline_15,dual_baseline_13,9,log_norm_ratio,0.00011318167619215259,0.00018101471761390988,neither_zero,True
single_baseline_15,dual_baseline_13,10,relative_l2,0.10584927847448856,0.11462983090523451,neither_zero,True
single_baseline_15,dual_baseline_13,10,max_abs,0.005908910883590579,0.00594778242520988,neither_zero,True
single_baseline_15,dual_baseline_13,10,normalized_max_abs,1.9696895306769546,1.9826470570430124,neither_zero,True
single_baseline_15,dual_baseline_13,10,cosine_error,0.00560285577830133,0.006571025593287261,neither_zero,True
single_baseline_15,dual_baseline_13,10,log_norm_ratio,0.00014849334338917831,0.0001985496010601438,neither_zero,True
single_baseline_15,dual_baseline_13,12,relative_l2,0.07974294002630904,0.1281904108794343,neither_zero,True
single_baseline_15,dual_baseline_13,12,max_abs,0.005781153216958046,0.005939641036093235,neither_zero,True
single_baseline_15,dual_baseline_13,12,normalized_max_abs,1.9271653253015453,1.9799972695114094,neither_zero,True
single_baseline_15,dual_baseline_13,12,cosine_error,0.003180092964000125,0.008216884210253905,neither_zero,True
single_baseline_15,dual_baseline_13,12,log_norm_ratio,0.0002029425334749986,0.0003993144073782176,neither_zero,True
single_baseline_15,dual_baseline_13,13,relative_l2,0.05950537613019117,0.08811547143108552,neither_zero,True
single_baseline_15,dual_baseline_13,13,max_abs,0.005612268345430493,0.005892634857445955,neither_zero,True
single_baseline_15,dual_baseline_13,13,normalized_max_abs,1.8708217269654506,1.9642808135823902,neither_zero,True
single_baseline_15,dual_baseline_13,13,cosine_error,0.001770532792356616,0.003882467918829735,neither_zero,True
single_baseline_15,dual_baseline_13,13,log_norm_ratio,5.036254380130896e-05,0.00017695298734545184,neither_zero,True
single_baseline_15,dual_baseline_13,14,relative_l2,0.07045388461672271,0.09979719351372945,neither_zero,True
single_baseline_15,dual_baseline_13,14,max_abs,0.00569252367131412,0.005890344735234976,neither_zero,True
single_baseline_15,dual_baseline_13,14,normalized_max_abs,1.8976142059486905,1.9635584075632604,neither_zero,True
single_baseline_15,dual_baseline_13,14,cosine_error,0.0024821851095926384,0.004980025156854584,neither_zero,True
single_baseline_15,dual_baseline_13,14,log_norm_ratio,0.0001282856686279039,0.0002657099935791046,neither_zero,True
single_baseline_15,dual_baseline_13,16,relative_l2,0.06385411678552382,0.08436554172823829,neither_zero,True
single_baseline_15,dual_baseline_13,16,max_abs,0.005739525426179171,0.005808895919471979,neither_zero,True
single_baseline_15,dual_baseline_13,16,normalized_max_abs,1.913302531410169,1.9364281700460415,neither_zero,True
single_baseline_15,dual_baseline_13,16,cosine_error,0.0020389231907640415,0.003559225492313911,neither_zero,True
single_baseline_15,dual_baseline_13,16,log_norm_ratio,0.00012606503986683173,0.0002576750825546444,neither_zero,True
single_baseline_15,dual_baseline_13,17,relative_l2,0.05650615787088979,0.07984475971614276,neither_zero,True
single_baseline_15,dual_baseline_13,17,max_abs,0.0056817252188920975,0.005828710272908211,neither_zero,True
single_baseline_15,dual_baseline_13,17,normalized_max_abs,1.8940390699698921,1.9430371665975241,neither_zero,True
single_baseline_15,dual_baseline_13,17,cosine_error,0.0015965023717599003,0.003187814275713241,neither_zero,True
single_baseline_15,dual_baseline_13,17,log_norm_ratio,1.8543853394543995e-05,0.0001790272257123107,neither_zero,True
single_baseline_15,dual_baseline_13,18,relative_l2,0.051466391253069455,0.05675008870631503,neither_zero,True
single_baseline_15,dual_baseline_13,18,max_abs,0.0052062280010432005,0.005600189324468374,neither_zero,True
single_baseline_15,dual_baseline_13,18,normalized_max_abs,1.735530948116342,1.8668605919637218,neither_zero,True
single_baseline_15,dual_baseline_13,18,cosine_error,0.0013244190498032937,0.0016104724420231697,neither_zero,True
single_baseline_15,dual_baseline_13,18,log_norm_ratio,1.850390124886831e-05,0.00017426153486520073,neither_zero,True
single_baseline_15,dual_baseline_13,20,relative_l2,0.03523396941741083,0.03618305776935488,neither_zero,True
single_baseline_15,dual_baseline_13,20,max_abs,0.005695909494534135,0.005794270662590861,neither_zero,True
single_baseline_15,dual_baseline_13,20,normalized_max_abs,1.8986434073181266,1.9314304327498888,neither_zero,True
single_baseline_15,dual_baseline_13,20,cosine_error,0.0006207289435881114,0.0006546084234719807,neither_zero,True
single_baseline_15,dual_baseline_13,20,log_norm_ratio,2.0714034487184757e-05,3.119384705013665e-05,neither_zero,True
single_baseline_15,dual_baseline_13,21,relative_l2,0.03796871683200719,0.050826764560299505,neither_zero,True
single_baseline_15,dual_baseline_13,21,max_abs,0.00467937346547842,0.005037351744249463,neither_zero,True
single_baseline_15,dual_baseline_13,21,normalized_max_abs,1.5600112519642035,1.6793544432923737,neither_zero,True
single_baseline_15,dual_baseline_13,21,cosine_error,0.0007208734904730063,0.0012917344042318035,neither_zero,True
single_baseline_15,dual_baseline_13,21,log_norm_ratio,9.14847080655798e-05,0.00022368858879896094,neither_zero,True
single_baseline_15,dual_baseline_13,22,relative_l2,0.019525274608809304,0.0577932887500439,neither_zero,True
single_baseline_15,dual_baseline_13,22,max_abs,0.0030455373926088214,0.005380292423069477,neither_zero,True
single_baseline_15,dual_baseline_13,22,normalized_max_abs,1.0153840917084611,1.793792894607881,neither_zero,True
single_baseline_15,dual_baseline_13,22,cosine_error,0.00019062361722510524,0.0016701450821178243,neither_zero,True
single_baseline_15,dual_baseline_13,22,log_norm_ratio,3.108897060403683e-05,0.00012333987278905878,neither_zero,True
single_baseline_15,dual_baseline_13,24,relative_l2,0.0068294629846429354,0.02795966456988454,neither_zero,True
single_baseline_15,dual_baseline_13,24,max_abs,0.001297883969527902,0.004742427030578256,neither_zero,True
single_baseline_15,dual_baseline_13,24,normalized_max_abs,0.43269491410092237,1.5810536720436101,neither_zero,True
single_baseline_15,dual_baseline_13,24,cosine_error,2.3320948803084995e-05,0.0003909045336550898,neither_zero,True
single_baseline_15,dual_baseline_13,24,log_norm_ratio,8.798081590629168e-06,0.0001037535551461458,neither_zero,True
single_baseline_15,dual_baseline_13,25,relative_l2,0.012752027507317293,0.020624469441589088,neither_zero,True
single_baseline_15,dual_baseline_13,25,max_abs,0.0027295834152027965,0.0037428823998197913,neither_zero,True
single_baseline_15,dual_baseline_13,25,normalized_max_abs,0.9099359174122194,1.2477301994024919,neither_zero,True
single_baseline_15,dual_baseline_13,25,cosine_error,8.13099465190037e-05,0.00021269104683663276,neither_zero,True
single_baseline_15,dual_baseline_13,25,log_norm_ratio,5.0916970155282754e-05,8.241009325611086e-05,neither_zero,True
single_baseline_15,dual_baseline_13,26,relative_l2,0.0020381432781565,0.0030323136778769143,neither_zero,True
single_baseline_15,dual_baseline_13,26,max_abs,0.00041316577699035406,0.0004952069721184671,neither_zero,True
single_baseline_15,dual_baseline_13,26,normalized_max_abs,0.13774151950905486,0.16509247524793977,neither_zero,True
single_baseline_15,dual_baseline_13,26,cosine_error,2.076923576233014e-06,4.597282226015409e-06,neither_zero,True
single_baseline_15,dual_baseline_13,26,log_norm_ratio,1.5685103116952348e-05,2.4824088155444077e-05,neither_zero,True
single_baseline_15,dual_baseline_13,28,relative_l2,0.0,0.0,neither_zero,True
single_baseline_15,dual_baseline_13,28,max_abs,0.0,0.0,neither_zero,True
single_baseline_15,dual_baseline_13,28,normalized_max_abs,0.0,0.0,neither_zero,True
single_baseline_15,dual_baseline_13,28,cosine_error,0.0,0.0,neither_zero,True
single_baseline_15,dual_baseline_13,28,log_norm_ratio,0.0,0.0,neither_zero,True
single_baseline_15,dual_baseline_13,29,relative_l2,0.0,0.0,neither_zero,True
single_baseline_15,dual_baseline_13,29,max_abs,0.0,0.0,neither_zero,True
single_baseline_15,dual_baseline_13,29,normalized_max_abs,0.0,0.0,neither_zero,True
single_baseline_15,dual_baseline_13,29,cosine_error,0.0,0.0,neither_zero,True
single_baseline_15,dual_baseline_13,29,log_norm_ratio,0.0,0.0,neither_zero,True
single_baseline_15,dual_baseline_13,30,relative_l2,0.0,0.0,neither_zero,True
single_baseline_15,dual_baseline_13,30,max_abs,0.0,0.0,neither_zero,True
single_baseline_15,dual_baseline_13,30,normalized_max_abs,0.0,0.0,neither_zero,True
single_baseline_15,dual_baseline_13,30,cosine_error,0.0,0.0,neither_zero,True
single_baseline_15,dual_baseline_13,30,log_norm_ratio,0.0,0.0,neither_zero,True
single_baseline_15,dual_baseline_13,global,relative_l2,0.0677115590179423,0.07576209242758418,neither_zero,True
single_baseline_15,dual_baseline_13,global,max_abs,0.005960306851193309,0.005976773798465729,neither_zero,True
single_baseline_15,dual_baseline_13,global,normalized_max_abs,1.9867761802519315,1.9922651826504838,neither_zero,True
single_baseline_15,dual_baseline_13,global,cosine_error,0.0022924466734480786,0.002869989563512809,neither_zero,True
single_baseline_15,dual_baseline_13,global,log_norm_ratio,8.32992257228299e-06,2.5695636726825657e-05,neither_zero,True
single_baseline_15,dual_baseline_14,0,relative_l2,0.05708846069627215,0.06824693312551014,neither_zero,True
single_baseline_15,dual_baseline_14,0,max_abs,0.005935305962339044,0.0059624831192195415,neither_zero,True
single_baseline_15,dual_baseline_14,0,normalized_max_abs,1.9784568003662,1.9875157967593196,neither_zero,True
single_baseline_15,dual_baseline_14,0,cosine_error,0.0016295864009410188,0.0023289119890768095,neither_zero,True
single_baseline_15,dual_baseline_14,0,log_norm_ratio,2.487657426403441e-05,0.00013442475574679274,neither_zero,True
single_baseline_15,dual_baseline_14,1,relative_l2,0.11970462488945667,0.13775838756793352,neither_zero,True
single_baseline_15,dual_baseline_14,1,max_abs,0.005927739664912224,0.005959174828603864,neither_zero,True
single_baseline_15,dual_baseline_14,1,normalized_max_abs,1.9759763871134985,1.9864546474587708,neither_zero,True
single_baseline_15,dual_baseline_14,1,cosine_error,0.00716486704265229,0.009490543321821088,neither_zero,True
single_baseline_15,dual_baseline_14,1,log_norm_ratio,3.756430609577152e-05,0.000354146493600735,neither_zero,True
single_baseline_15,dual_baseline_14,2,relative_l2,0.06799963026952274,0.09472783252409434,neither_zero,True
single_baseline_15,dual_baseline_14,2,max_abs,0.0059500078205019236,0.005975238047540188,neither_zero,True
single_baseline_15,dual_baseline_14,2,normalized_max_abs,1.9833620908840013,1.9917722774521038,neither_zero,True
single_baseline_15,dual_baseline_14,2,cosine_error,0.002312165640158015,0.004487133243832653,neither_zero,True
single_baseline_15,dual_baseline_14,2,log_norm_ratio,8.404295920142503e-05,0.0001280474477327828,neither_zero,True
single_baseline_15,dual_baseline_14,4,relative_l2,0.08177649982268047,0.13372897703352327,neither_zero,True
single_baseline_15,dual_baseline_14,4,max_abs,0.005923436488956213,0.005976773798465729,neither_zero,True
single_baseline_15,dual_baseline_14,4,normalized_max_abs,1.9745168166719882,1.9922961072686851,neither_zero,True
single_baseline_15,dual_baseline_14,4,cosine_error,0.003343857592488786,0.008942036081358573,neither_zero,True
single_baseline_15,dual_baseline_14,4,log_norm_ratio,4.808541517340664e-05,0.0001512792312364743,neither_zero,True
single_baseline_15,dual_baseline_14,5,relative_l2,0.076220731537361,0.11086688207218229,neither_zero,True
single_baseline_15,dual_baseline_14,5,max_abs,0.005907739279791713,0.005959352012723684,neither_zero,True
single_baseline_15,dual_baseline_14,5,normalized_max_abs,1.9692806448092843,1.9864851880660115,neither_zero,True
single_baseline_15,dual_baseline_14,5,cosine_error,0.002904900502049612,0.006145754620427768,neither_zero,True
single_baseline_15,dual_baseline_14,5,log_norm_ratio,3.4821159323173636e-05,0.00010396011900955024,neither_zero,True
single_baseline_15,dual_baseline_14,6,relative_l2,0.1006381456345709,0.12145219557566955,neither_zero,True
single_baseline_15,dual_baseline_14,6,max_abs,0.0059305885806679726,0.005959737114608288,neither_zero,True
single_baseline_15,dual_baseline_14,6,normalized_max_abs,1.9769042685891223,1.9866206500891914,neither_zero,True
single_baseline_15,dual_baseline_14,6,cosine_error,0.005064154419260447,0.007375358114384278,neither_zero,True
single_baseline_15,dual_baseline_14,6,log_norm_ratio,2.6975193169137697e-05,0.0001067684111316779,neither_zero,True
single_baseline_15,dual_baseline_14,8,relative_l2,0.10018942053655408,0.10452082796646944,neither_zero,True
single_baseline_15,dual_baseline_14,8,max_abs,0.005943062948063016,0.005964341107755899,neither_zero,True
single_baseline_15,dual_baseline_14,8,normalized_max_abs,1.9810520229419388,1.9881450082768717,neither_zero,True
single_baseline_15,dual_baseline_14,8,cosine_error,0.005018961134841571,0.005462305636124598,neither_zero,True
single_baseline_15,dual_baseline_14,8,log_norm_ratio,2.2736676928053282e-07,0.00011319355897037096,neither_zero,True
single_baseline_15,dual_baseline_14,9,relative_l2,0.09823208052629537,0.11375555232581419,neither_zero,True
single_baseline_15,dual_baseline_14,9,max_abs,0.0059403786435723305,0.005957070272415876,neither_zero,True
single_baseline_15,dual_baseline_14,9,normalized_max_abs,1.9801630807234214,1.9857270605934405,neither_zero,True
single_baseline_15,dual_baseline_14,9,cosine_error,0.004825108985074711,0.0064710255121182,neither_zero,True
single_baseline_15,dual_baseline_14,9,log_norm_ratio,7.060297609343202e-05,0.00018101471761390988,neither_zero,True
single_baseline_15,dual_baseline_14,10,relative_l2,0.10737965300227147,0.11462983090523451,neither_zero,True
single_baseline_15,dual_baseline_14,10,max_abs,0.005909173283725977,0.00594778242520988,neither_zero,True
single_baseline_15,dual_baseline_14,10,normalized_max_abs,1.9697771526021421,1.9826470570430124,neither_zero,True
single_baseline_15,dual_baseline_14,10,cosine_error,0.005765340406021946,0.006571025593287261,neither_zero,True
single_baseline_15,dual_baseline_14,10,log_norm_ratio,2.5286994488765733e-05,0.0001985496010601438,neither_zero,True
single_baseline_15,dual_baseline_14,12,relative_l2,0.066000613616882,0.1281904108794343,neither_zero,True
single_baseline_15,dual_baseline_14,12,max_abs,0.005763225723057985,0.005939641036093235,neither_zero,True
single_baseline_15,dual_baseline_14,12,normalized_max_abs,1.9211891397003042,1.9799972695114094,neither_zero,True
single_baseline_15,dual_baseline_14,12,cosine_error,0.0021781981959941854,0.008216884210253905,neither_zero,True
single_baseline_15,dual_baseline_14,12,log_norm_ratio,7.364556457799086e-05,0.0003993144073782176,neither_zero,True
single_baseline_15,dual_baseline_14,13,relative_l2,0.05307465015270794,0.08811547143108552,neither_zero,True
single_baseline_15,dual_baseline_14,13,max_abs,0.0057662418112158775,0.005892634857445955,neither_zero,True
single_baseline_15,dual_baseline_14,13,normalized_max_abs,1.9221481648148089,1.9642808135823902,neither_zero,True
single_baseline_15,dual_baseline_14,13,cosine_error,0.0014086195355698106,0.003882467918829735,neither_zero,True
single_baseline_15,dual_baseline_14,13,log_norm_ratio,0.00011881006206992508,0.00017695298734545184,neither_zero,True
single_baseline_15,dual_baseline_14,14,relative_l2,0.07750393851001067,0.09979719351372945,neither_zero,True
single_baseline_15,dual_baseline_14,14,max_abs,0.005808338522911072,0.005890344735234976,neither_zero,True
single_baseline_15,dual_baseline_14,14,normalized_max_abs,1.936221620036606,1.9635584075632604,neither_zero,True
single_baseline_15,dual_baseline_14,14,cosine_error,0.003003449868421715,0.004980025156854584,neither_zero,True
single_baseline_15,dual_baseline_14,14,log_norm_ratio,6.541678385933605e-06,0.0002657099935791046,neither_zero,True
single_baseline_15,dual_baseline_14,16,relative_l2,0.06602738176644188,0.08436554172823829,neither_zero,True
single_baseline_15,dual_baseline_14,16,max_abs,0.005459624575451016,0.005808895919471979,neither_zero,True
single_baseline_15,dual_baseline_14,16,normalized_max_abs,1.819996600445202,1.9364281700460415,neither_zero,True
single_baseline_15,dual_baseline_14,16,cosine_error,0.0021802542187085994,0.003559225492313911,neither_zero,True
single_baseline_15,dual_baseline_14,16,log_norm_ratio,0.00021553472151680824,0.0002576750825546444,neither_zero,True
single_baseline_15,dual_baseline_14,17,relative_l2,0.044465128526106505,0.07984475971614276,neither_zero,True
single_baseline_15,dual_baseline_14,17,max_abs,0.00554627226665616,0.005828710272908211,neither_zero,True
single_baseline_15,dual_baseline_14,17,normalized_max_abs,1.8488849708549657,1.9430371665975241,neither_zero,True
single_baseline_15,dual_baseline_14,17,cosine_error,0.0009886048097488276,0.003187814275713241,neither_zero,True
single_baseline_15,dual_baseline_14,17,log_norm_ratio,3.185309716589395e-05,0.0001790272257123107,neither_zero,True
single_baseline_15,dual_baseline_14,18,relative_l2,0.055838375685072175,0.05675008870631503,neither_zero,True
single_baseline_15,dual_baseline_14,18,max_abs,0.004996506264433265,0.005600189324468374,neither_zero,True
single_baseline_15,dual_baseline_14,18,normalized_max_abs,1.6656188036028254,1.8668605919637218,neither_zero,True
single_baseline_15,dual_baseline_14,18,cosine_error,0.0015590742565040339,0.0016104724420231697,neither_zero,True
single_baseline_15,dual_baseline_14,18,log_norm_ratio,7.368184779343036e-05,0.00017426153486520073,neither_zero,True
single_baseline_15,dual_baseline_14,20,relative_l2,0.020580133554894138,0.03618305776935488,neither_zero,True
single_baseline_15,dual_baseline_14,20,max_abs,0.005564645165577531,0.005794270662590861,neither_zero,True
single_baseline_15,dual_baseline_14,20,normalized_max_abs,1.854888615734412,1.9314304327498888,neither_zero,True
single_baseline_15,dual_baseline_14,20,cosine_error,0.0002117710406662754,0.0006546084234719807,neither_zero,True
single_baseline_15,dual_baseline_14,20,log_norm_ratio,4.3534869247790664e-07,3.119384705013665e-05,neither_zero,True
single_baseline_15,dual_baseline_14,21,relative_l2,0.04277030084600662,0.050826764560299505,neither_zero,True
single_baseline_15,dual_baseline_14,21,max_abs,0.004617942031472921,0.005037351744249463,neither_zero,True
single_baseline_15,dual_baseline_14,21,normalized_max_abs,1.5395312178357294,1.6793544432923737,neither_zero,True
single_baseline_15,dual_baseline_14,21,cosine_error,0.0009146823635393098,0.0012917344042318035,neither_zero,True
single_baseline_15,dual_baseline_14,21,log_norm_ratio,3.6872585258727815e-05,0.00022368858879896094,neither_zero,True
single_baseline_15,dual_baseline_14,22,relative_l2,0.025861076999381595,0.0577932887500439,neither_zero,True
single_baseline_15,dual_baseline_14,22,max_abs,0.003843695158138871,0.005380292423069477,neither_zero,True
single_baseline_15,dual_baseline_14,22,normalized_max_abs,1.2814903952329635,1.793792894607881,neither_zero,True
single_baseline_15,dual_baseline_14,22,cosine_error,0.0003344173971671083,0.0016701450821178243,neither_zero,True
single_baseline_15,dual_baseline_14,22,log_norm_ratio,6.545072192115834e-05,0.00012333987278905878,neither_zero,True
single_baseline_15,dual_baseline_14,24,relative_l2,0.01156305435197455,0.02795966456988454,neither_zero,True
single_baseline_15,dual_baseline_14,24,max_abs,0.002283035544678569,0.004742427030578256,neither_zero,True
single_baseline_15,dual_baseline_14,24,normalized_max_abs,0.7611295118882302,1.5810536720436101,neither_zero,True
single_baseline_15,dual_baseline_14,24,cosine_error,6.68537174138839e-05,0.0003909045336550898,neither_zero,True
single_baseline_15,dual_baseline_14,24,log_norm_ratio,3.135021488448112e-05,0.0001037535551461458,neither_zero,True
single_baseline_15,dual_baseline_14,25,relative_l2,0.017448411562231203,0.020624469441589088,neither_zero,True
single_baseline_15,dual_baseline_14,25,max_abs,0.00332958425860852,0.0037428823998197913,neither_zero,True
single_baseline_15,dual_baseline_14,25,normalized_max_abs,1.109952636026378,1.2477301994024919,neither_zero,True
single_baseline_15,dual_baseline_14,25,cosine_error,0.0001522321717892794,0.00021269104683663276,neither_zero,True
single_baseline_15,dual_baseline_14,25,log_norm_ratio,7.54424642870691e-05,8.241009325611086e-05,neither_zero,True
single_baseline_15,dual_baseline_14,26,relative_l2,0.0029760186482095333,0.0030323136778769143,neither_zero,True
single_baseline_15,dual_baseline_14,26,max_abs,0.0003937699366360903,0.0004952069721184671,neither_zero,True
single_baseline_15,dual_baseline_14,26,normalized_max_abs,0.13127531956865246,0.16509247524793977,neither_zero,True
single_baseline_15,dual_baseline_14,26,cosine_error,4.428175171211635e-06,4.597282226015409e-06,neither_zero,True
single_baseline_15,dual_baseline_14,26,log_norm_ratio,2.330321049437151e-05,2.4824088155444077e-05,neither_zero,True
single_baseline_15,dual_baseline_14,28,relative_l2,0.0,0.0,neither_zero,True
single_baseline_15,dual_baseline_14,28,max_abs,0.0,0.0,neither_zero,True
single_baseline_15,dual_baseline_14,28,normalized_max_abs,0.0,0.0,neither_zero,True
single_baseline_15,dual_baseline_14,28,cosine_error,0.0,0.0,neither_zero,True
single_baseline_15,dual_baseline_14,28,log_norm_ratio,0.0,0.0,neither_zero,True
single_baseline_15,dual_baseline_14,29,relative_l2,0.0,0.0,neither_zero,True
single_baseline_15,dual_baseline_14,29,max_abs,0.0,0.0,neither_zero,True
single_baseline_15,dual_baseline_14,29,normalized_max_abs,0.0,0.0,neither_zero,True
single_baseline_15,dual_baseline_14,29,cosine_error,0.0,0.0,neither_zero,True
single_baseline_15,dual_baseline_14,29,log_norm_ratio,0.0,0.0,neither_zero,True
single_baseline_15,dual_baseline_14,30,relative_l2,0.0,0.0,neither_zero,True
single_baseline_15,dual_baseline_14,30,max_abs,0.0,0.0,neither_zero,True
single_baseline_15,dual_baseline_14,30,normalized_max_abs,0.0,0.0,neither_zero,True
single_baseline_15,dual_baseline_14,30,cosine_error,0.0,0.0,neither_zero,True
single_baseline_15,dual_baseline_14,30,log_norm_ratio,0.0,0.0,neither_zero,True
single_baseline_15,dual_baseline_14,global,relative_l2,0.06528572378449317,0.07576209242758418,neither_zero,True
single_baseline_15,dual_baseline_14,global,max_abs,0.0059500078205019236,0.005976773798465729,neither_zero,True
single_baseline_15,dual_baseline_14,global,normalized_max_abs,1.983343311457002,1.9922651826504838,neither_zero,True
single_baseline_15,dual_baseline_14,global,cosine_error,0.002131129652120478,0.002869989563512809,neither_zero,True
single_baseline_15,dual_baseline_14,global,log_norm_ratio,7.891728330781881e-06,2.5695636726825657e-05,neither_zero,True
single_baseline_15,dual_baseline_15,0,relative_l2,0.048983638441992515,0.06824693312551014,neither_zero,True
single_baseline_15,dual_baseline_15,0,max_abs,0.005847492488101125,0.0059624831192195415,neither_zero,True
single_baseline_15,dual_baseline_15,0,normalized_max_abs,1.9491853244941584,1.9875157967593196,neither_zero,True
single_baseline_15,dual_baseline_15,0,cosine_error,0.0011997947469229997,0.0023289119890768095,neither_zero,True
single_baseline_15,dual_baseline_15,0,log_norm_ratio,8.317445471954513e-05,0.00013442475574679274,neither_zero,True
single_baseline_15,dual_baseline_15,1,relative_l2,0.09878828698581252,0.13775838756793352,neither_zero,True
single_baseline_15,dual_baseline_15,1,max_abs,0.005920764524489641,0.005959174828603864,neither_zero,True
single_baseline_15,dual_baseline_15,1,normalized_max_abs,1.9736512659794838,1.9864546474587708,neither_zero,True
single_baseline_15,dual_baseline_15,1,cosine_error,0.0048797987049249425,0.009490543321821088,neither_zero,True
single_baseline_15,dual_baseline_15,1,log_norm_ratio,4.858149434547257e-05,0.000354146493600735,neither_zero,True
single_baseline_15,dual_baseline_15,2,relative_l2,0.07326785864325039,0.09472783252409434,neither_zero,True
single_baseline_15,dual_baseline_15,2,max_abs,0.005929349921643734,0.005975238047540188,neither_zero,True
single_baseline_15,dual_baseline_15,2,normalized_max_abs,1.9764760338049716,1.9917722774521038,neither_zero,True
single_baseline_15,dual_baseline_15,2,cosine_error,0.0026841284160498136,0.004487133243832653,neither_zero,True
single_baseline_15,dual_baseline_15,2,log_norm_ratio,1.4517423006523345e-05,0.0001280474477327828,neither_zero,True
single_baseline_15,dual_baseline_15,4,relative_l2,0.10745992446055752,0.13372897703352327,neither_zero,True
single_baseline_15,dual_baseline_15,4,max_abs,0.005934861255809665,0.005976773798465729,neither_zero,True
single_baseline_15,dual_baseline_15,4,normalized_max_abs,1.978325145556877,1.9922961072686851,neither_zero,True
single_baseline_15,dual_baseline_15,4,cosine_error,0.005774546290213567,0.008942036081358573,neither_zero,True
single_baseline_15,dual_baseline_15,4,log_norm_ratio,0.00012759334496690886,0.0001512792312364743,neither_zero,True
single_baseline_15,dual_baseline_15,5,relative_l2,0.07598074691409917,0.11086688207218229,neither_zero,True
single_baseline_15,dual_baseline_15,5,max_abs,0.005932770669460297,0.005959352012723684,neither_zero,True
single_baseline_15,dual_baseline_15,5,normalized_max_abs,1.977624432863248,1.9864851880660115,neither_zero,True
single_baseline_15,dual_baseline_15,5,cosine_error,0.0028865900656565024,0.006145754620427768,neither_zero,True
single_baseline_15,dual_baseline_15,5,log_norm_ratio,1.8459744869373193e-05,0.00010396011900955024,neither_zero,True
single_baseline_15,dual_baseline_15,6,relative_l2,0.09922288880576671,0.12145219557566955,neither_zero,True
single_baseline_15,dual_baseline_15,6,max_abs,0.005935493623837829,0.005959737114608288,neither_zero,True
single_baseline_15,dual_baseline_15,6,normalized_max_abs,1.9785393172269103,1.9866206500891914,neither_zero,True
single_baseline_15,dual_baseline_15,6,cosine_error,0.004922994822622706,0.007375358114384278,neither_zero,True
single_baseline_15,dual_baseline_15,6,log_norm_ratio,8.276109032774846e-05,0.0001067684111316779,neither_zero,True
single_baseline_15,dual_baseline_15,8,relative_l2,0.09089665654840065,0.10452082796646944,neither_zero,True
single_baseline_15,dual_baseline_15,8,max_abs,0.005954800872132182,0.005964341107755899,neither_zero,True
single_baseline_15,dual_baseline_15,8,normalized_max_abs,1.984965033716739,1.9881450082768717,neither_zero,True
single_baseline_15,dual_baseline_15,8,cosine_error,0.004131387556276955,0.005462305636124598,neither_zero,True
single_baseline_15,dual_baseline_15,8,log_norm_ratio,6.993431932047714e-05,0.00011319355897037096,neither_zero,True
single_baseline_15,dual_baseline_15,9,relative_l2,0.10218757015090844,0.11375555232581419,neither_zero,True
single_baseline_15,dual_baseline_15,9,max_abs,0.005943535594269633,0.005957070272415876,neither_zero,True
single_baseline_15,dual_baseline_15,9,normalized_max_abs,1.9812154172146696,1.9857270605934405,neither_zero,True
single_baseline_15,dual_baseline_15,9,cosine_error,0.005221760942375031,0.0064710255121182,neither_zero,True
single_baseline_15,dual_baseline_15,9,log_norm_ratio,0.00011839691498762817,0.00018101471761390988,neither_zero,True
single_baseline_15,dual_baseline_15,10,relative_l2,0.11090202606076908,0.11462983090523451,neither_zero,True
single_baseline_15,dual_baseline_15,10,max_abs,0.005904154619202018,0.00594778242520988,neither_zero,True
single_baseline_15,dual_baseline_15,10,normalized_max_abs,1.9681042196483745,1.9826470570430124,neither_zero,True
single_baseline_15,dual_baseline_15,10,cosine_error,0.0061498441894216604,0.006571025593287261,neither_zero,True
single_baseline_15,dual_baseline_15,10,log_norm_ratio,3.497856473151945e-05,0.0001985496010601438,neither_zero,True
single_baseline_15,dual_baseline_15,12,relative_l2,0.06685258042054862,0.1281904108794343,neither_zero,True
single_baseline_15,dual_baseline_15,12,max_abs,0.005761287175118923,0.005939641036093235,neither_zero,True
single_baseline_15,dual_baseline_15,12,normalized_max_abs,1.9205424715547588,1.9799972695114094,neither_zero,True
single_baseline_15,dual_baseline_15,12,cosine_error,0.0022346642944941486,0.008216884210253905,neither_zero,True
single_baseline_15,dual_baseline_15,12,log_norm_ratio,1.3708647695461532e-05,0.0003993144073782176,neither_zero,True
single_baseline_15,dual_baseline_15,13,relative_l2,0.04710574266823328,0.08811547143108552,neither_zero,True
single_baseline_15,dual_baseline_15,13,max_abs,0.005773954791948199,0.005892634857445955,neither_zero,True
single_baseline_15,dual_baseline_15,13,normalized_max_abs,1.9247192487625975,1.9642808135823902,neither_zero,True
single_baseline_15,dual_baseline_15,13,cosine_error,0.0011095658577641165,0.003882467918829735,neither_zero,True
single_baseline_15,dual_baseline_15,13,log_norm_ratio,8.467277155646495e-05,0.00017695298734545184,neither_zero,True
single_baseline_15,dual_baseline_15,14,relative_l2,0.07477926812427255,0.09979719351372945,neither_zero,True
single_baseline_15,dual_baseline_15,14,max_abs,0.005777320126071572,0.005890344735234976,neither_zero,True
single_baseline_15,dual_baseline_15,14,normalized_max_abs,1.9258812745553073,1.9635584075632604,neither_zero,True
single_baseline_15,dual_baseline_15,14,cosine_error,0.0027963436498349425,0.004980025156854584,neither_zero,True
single_baseline_15,dual_baseline_15,14,log_norm_ratio,0.00013718414098591304,0.0002657099935791046,neither_zero,True
single_baseline_15,dual_baseline_15,16,relative_l2,0.06596294508868143,0.08436554172823829,neither_zero,True
single_baseline_15,dual_baseline_15,16,max_abs,0.005529626505449414,0.005808895919471979,neither_zero,True
single_baseline_15,dual_baseline_15,16,normalized_max_abs,1.8433321380560757,1.9364281700460415,neither_zero,True
single_baseline_15,dual_baseline_15,16,cosine_error,0.002175980214014994,0.003559225492313911,neither_zero,True
single_baseline_15,dual_baseline_15,16,log_norm_ratio,0.00020506576798284823,0.0002576750825546444,neither_zero,True
single_baseline_15,dual_baseline_15,17,relative_l2,0.0467847860312719,0.07984475971614276,neither_zero,True
single_baseline_15,dual_baseline_15,17,max_abs,0.00557355210185051,0.005828710272908211,neither_zero,True
single_baseline_15,dual_baseline_15,17,normalized_max_abs,1.8579785881963038,1.9430371665975241,neither_zero,True
single_baseline_15,dual_baseline_15,17,cosine_error,0.0010945134957596192,0.003187814275713241,neither_zero,True
single_baseline_15,dual_baseline_15,17,log_norm_ratio,0.00010095316304118734,0.0001790272257123107,neither_zero,True
single_baseline_15,dual_baseline_15,18,relative_l2,0.051893101404725674,0.05675008870631503,neither_zero,True
single_baseline_15,dual_baseline_15,18,max_abs,0.004941063467413187,0.005600189324468374,neither_zero,True
single_baseline_15,dual_baseline_15,18,normalized_max_abs,1.6471365761515504,1.8668605919637218,neither_zero,True
single_baseline_15,dual_baseline_15,18,cosine_error,0.0013464980646171743,0.0016104724420231697,neither_zero,True
single_baseline_15,dual_baseline_15,18,log_norm_ratio,3.848458482119098e-05,0.00017426153486520073,neither_zero,True
single_baseline_15,dual_baseline_15,20,relative_l2,0.020660228758510323,0.03618305776935488,neither_zero,True
single_baseline_15,dual_baseline_15,20,max_abs,0.005586105166003108,0.005794270662590861,neither_zero,True
single_baseline_15,dual_baseline_15,20,normalized_max_abs,1.8620419757957676,1.9314304327498888,neither_zero,True
single_baseline_15,dual_baseline_15,20,cosine_error,0.00021342291133619185,0.0006546084234719807,neither_zero,True
single_baseline_15,dual_baseline_15,20,log_norm_ratio,1.8123804080913062e-06,3.119384705013665e-05,neither_zero,True
single_baseline_15,dual_baseline_15,21,relative_l2,0.044787661656488766,0.050826764560299505,neither_zero,True
single_baseline_15,dual_baseline_15,21,max_abs,0.004748846869915724,0.005037351744249463,neither_zero,True
single_baseline_15,dual_baseline_15,21,normalized_max_abs,1.58317232116161,1.6793544432923737,neither_zero,True
single_baseline_15,dual_baseline_15,21,cosine_error,0.0010029864108143105,0.0012917344042318035,neither_zero,True
single_baseline_15,dual_baseline_15,21,log_norm_ratio,1.92199754283154e-05,0.00022368858879896094,neither_zero,True
single_baseline_15,dual_baseline_15,22,relative_l2,0.02667109498913064,0.0577932887500439,neither_zero,True
single_baseline_15,dual_baseline_15,22,max_abs,0.004012597957625985,0.005380292423069477,neither_zero,True
single_baseline_15,dual_baseline_15,22,normalized_max_abs,1.3378026953414612,1.793792894607881,neither_zero,True
single_baseline_15,dual_baseline_15,22,cosine_error,0.0003556913335527323,0.0016701450821178243,neither_zero,True
single_baseline_15,dual_baseline_15,22,log_norm_ratio,5.377038309625601e-05,0.00012333987278905878,neither_zero,True
single_baseline_15,dual_baseline_15,24,relative_l2,0.011087917395529124,0.02795966456988454,neither_zero,True
single_baseline_15,dual_baseline_15,24,max_abs,0.0020316982408985496,0.004742427030578256,neither_zero,True
single_baseline_15,dual_baseline_15,24,normalized_max_abs,0.677337457142835,1.5810536720436101,neither_zero,True
single_baseline_15,dual_baseline_15,24,cosine_error,6.147225319286242e-05,0.0003909045336550898,neither_zero,True
single_baseline_15,dual_baseline_15,24,log_norm_ratio,2.705434946728032e-05,0.0001037535551461458,neither_zero,True
single_baseline_15,dual_baseline_15,25,relative_l2,0.016813234284988876,0.020624469441589088,neither_zero,True
single_baseline_15,dual_baseline_15,25,max_abs,0.0031456338474527,0.0037428823998197913,neither_zero,True
single_baseline_15,dual_baseline_15,25,normalized_max_abs,1.0486307928465133,1.2477301994024919,neither_zero,True
single_baseline_15,dual_baseline_15,25,cosine_error,0.0001413503656887416,0.00021269104683663276,neither_zero,True
single_baseline_15,dual_baseline_15,25,log_norm_ratio,7.735596932679223e-05,8.241009325611086e-05,neither_zero,True
single_baseline_15,dual_baseline_15,26,relative_l2,0.0018931313365216714,0.0030323136778769143,neither_zero,True
single_baseline_15,dual_baseline_15,26,max_abs,0.0003318545641377568,0.0004952069721184671,neither_zero,True
single_baseline_15,dual_baseline_15,26,normalized_max_abs,0.11063392581379483,0.16509247524793977,neither_zero,True
single_baseline_15,dual_baseline_15,26,cosine_error,1.7918783065118404e-06,4.597282226015409e-06,neither_zero,True
single_baseline_15,dual_baseline_15,26,log_norm_ratio,1.567905851100514e-05,2.4824088155444077e-05,neither_zero,True
single_baseline_15,dual_baseline_15,28,relative_l2,0.0,0.0,neither_zero,True
single_baseline_15,dual_baseline_15,28,max_abs,0.0,0.0,neither_zero,True
single_baseline_15,dual_baseline_15,28,normalized_max_abs,0.0,0.0,neither_zero,True
single_baseline_15,dual_baseline_15,28,cosine_error,0.0,0.0,neither_zero,True
single_baseline_15,dual_baseline_15,28,log_norm_ratio,0.0,0.0,neither_zero,True
single_baseline_15,dual_baseline_15,29,relative_l2,0.0,0.0,neither_zero,True
single_baseline_15,dual_baseline_15,29,max_abs,0.0,0.0,neither_zero,True
single_baseline_15,dual_baseline_15,29,normalized_max_abs,0.0,0.0,neither_zero,True
single_baseline_15,dual_baseline_15,29,cosine_error,0.0,0.0,neither_zero,True
single_baseline_15,dual_baseline_15,29,log_norm_ratio,0.0,0.0,neither_zero,True
single_baseline_15,dual_baseline_15,30,relative_l2,0.0,0.0,neither_zero,True
single_baseline_15,dual_baseline_15,30,max_abs,0.0,0.0,neither_zero,True
single_baseline_15,dual_baseline_15,30,normalized_max_abs,0.0,0.0,neither_zero,True
single_baseline_15,dual_baseline_15,30,cosine_error,0.0,0.0,neither_zero,True
single_baseline_15,dual_baseline_15,30,log_norm_ratio,0.0,0.0,neither_zero,True
single_baseline_15,dual_baseline_15,global,relative_l2,0.06487190707760826,0.07576209242758418,neither_zero,True
single_baseline_15,dual_baseline_15,global,max_abs,0.005954800872132182,0.005976773798465729,neither_zero,True
single_baseline_15,dual_baseline_15,global,normalized_max_abs,1.9849410012717257,1.9922651826504838,neither_zero,True
single_baseline_15,dual_baseline_15,global,cosine_error,0.0021042074634896046,0.002869989563512809,neither_zero,True
single_baseline_15,dual_baseline_15,global,log_norm_ratio,1.2057935556239593e-05,2.5695636726825657e-05,neither_zero,True
