condition,phase,problem_id,token,logit_relative_l2,logit_cosine,logit_top1_match,logit_top20_overlap,logit_nonfinite,state_relative_l2,state_max_abs,state_cosine,state_nonfinite
hadamard,primary,60,0,0.07196282439414123,0.9978294372558594,1.0,1.0,0,0.03921415098011494,0.15824279189109802,0.9992643892765045,0
hadamard,primary,60,1,0.07387012550071655,0.9973201751708984,1.0,0.95,0,0.03612184710800648,0.12622851133346558,0.9993863999843597,0
hadamard,primary,60,2,0.04473273434347281,0.9990089535713196,1.0,0.95,0,0.03690880164504051,0.3265380859375,0.9993819296360016,0
hadamard,primary,60,3,0.03255478356443164,0.9995088577270508,1.0,0.95,0,0.03541496954858303,0.12798503041267395,0.9994297027587891,0
hadamard,primary,60,4,0.030773289651789357,0.9995751976966858,1.0,0.95,0,0.03711496666073799,0.12855003774166107,0.9993604719638824,0
hadamard,primary,60,5,0.043408015934128866,0.9990643858909607,1.0,0.95,0,0.03606685250997543,0.12745676934719086,0.9994008243083954,0
hadamard,primary,60,6,0.1130235903180556,0.9936048984527588,1.0,0.9,0,0.03457404673099518,0.12823964655399323,0.9994522929191589,0
hadamard,primary,60,7,0.035395507431685784,0.9994595646858215,1.0,1.0,0,0.03436059504747391,0.14712238311767578,0.9994588494300842,0
hadamard,primary,60,8,0.03600172911953171,0.9994935393333435,1.0,1.0,0,0.034813692793250084,0.12917038798332214,0.9994451105594635,0
hadamard,primary,60,9,0.04530697625124972,0.999401330947876,1.0,0.95,0,0.03204529546201229,0.12924455106258392,0.9995422959327698,0
hadamard,primary,60,10,0.036392932310875814,0.9993900656700134,1.0,0.9,0,0.03060965333133936,0.12736153602600098,0.9995900392532349,0
hadamard,primary,60,11,0.021714405478604856,0.9997879266738892,1.0,1.0,0,0.029252342879772186,0.12494790554046631,0.9996317028999329,0
hadamard,primary,60,12,0.020388691879198843,0.9997929334640503,1.0,1.0,0,0.0289385374635458,0.12546834349632263,0.999640941619873,0
hadamard,primary,60,13,0.022233800025860024,0.9997537136077881,1.0,0.95,0,0.028064093552529812,0.12606680393218994,0.9996644258499146,0
hadamard,primary,60,14,0.017140837742549826,0.9998541474342346,1.0,0.95,0,0.027472421526908875,0.1261691153049469,0.9996781647205353,0
hadamard,primary,60,15,0.017077653514809894,0.9998549222946167,1.0,1.0,0,0.02713933028280735,0.1257030963897705,0.9996879398822784,0
hadamard,primary,60,16,0.027646395249718514,0.9996182918548584,1.0,0.95,0,0.02848972287029028,0.1258324384689331,0.9996457099914551,0
hadamard,primary,60,17,0.01444284015859831,0.9999037981033325,1.0,1.0,0,0.028028814122080803,0.12626129388809204,0.9996538758277893,0
hadamard,primary,60,18,0.0268971410714209,0.9996997117996216,1.0,0.95,0,0.027592510916292667,0.12673911452293396,0.9996732175350189,0
hadamard,primary,60,19,0.013334231358529106,0.9999123215675354,1.0,0.95,0,0.02709264401346445,0.12703770399093628,0.9996872246265411,0
hadamard,primary,60,20,0.011553788378370273,0.9999400973320007,1.0,1.0,0,0.02701437473297119,0.1274801790714264,0.999687910079956,0
hadamard,primary,60,21,0.018291613878979797,0.9998326897621155,1.0,1.0,0,0.026792889460921288,0.12751805782318115,0.9996904730796814,0
hadamard,primary,60,22,0.022977176226070782,0.9997432231903076,1.0,1.0,0,0.026777928695082664,0.1278492510318756,0.9996901154518127,0
hadamard,primary,60,23,0.023114509924210106,0.9997362494468689,1.0,0.95,0,0.026286202482879162,0.1284656822681427,0.9997067451477051,0
hadamard,primary,60,24,0.024424011987921518,0.9997024536132812,1.0,0.85,0,0.025510971434414387,0.12851503491401672,0.9997235536575317,0
hadamard,primary,60,25,0.031016908064849098,0.9995517134666443,1.0,1.0,0,0.025984598323702812,0.12844672799110413,0.9997185170650482,0
hadamard,primary,60,26,0.02485920850484235,0.9996911287307739,1.0,1.0,0,0.0266468683257699,0.13391977548599243,0.9997011721134186,0
hadamard,primary,60,27,0.013108905244683468,0.9999142289161682,1.0,0.95,0,0.025572105310857296,0.12752509117126465,0.9997263848781586,0
hadamard,primary,60,28,0.019055712951912232,0.9998354315757751,1.0,0.95,0,0.025999930687248707,0.12732094526290894,0.9997147917747498,0
hadamard,primary,60,29,0.013434768192640128,0.9999098777770996,1.0,1.0,0,0.025927946902811527,0.12735134363174438,0.9997168481349945,0
hadamard,primary,60,30,0.011169846406173052,0.9999378323554993,1.0,1.0,0,0.026026767678558826,0.1266758143901825,0.9997127652168274,0
hadamard,primary,60,31,0.013358204177419581,0.999910831451416,1.0,0.95,0,0.02561771124601364,0.12719208002090454,0.9997210502624512,0
hadamard,primary,60,32,0.024719074684986853,0.9996954202651978,1.0,0.95,0,0.025600479915738106,0.1277434229850769,0.9997200965881348,0
hadamard,primary,60,33,0.023840956536738546,0.9997158050537109,1.0,1.0,0,0.0259799687191844,0.12780344486236572,0.9997129440307617,0
hadamard,primary,60,34,0.020831306517795144,0.999793529510498,0.0,0.95,0,0.02644624374806881,0.12772786617279053,0.9996948540210724,0
hadamard,primary,60,35,0.023148192934815556,0.9997426271438599,1.0,1.0,0,0.025701128877699375,0.12743204832077026,0.9997192323207855,0
hadamard,primary,60,36,0.01836340197509905,0.9998431205749512,1.0,0.95,0,0.025224225595593452,0.12691989541053772,0.9997247457504272,0
hadamard,primary,60,37,0.03405598626881808,0.999423623085022,1.0,0.95,0,0.024856876581907272,0.12692269682884216,0.9997295141220093,0
hadamard,primary,60,38,0.09735223334785856,0.9961081147193909,1.0,0.9,0,0.030873644165694714,0.27842170000076294,0.9995518922805786,0
hadamard,primary,60,39,0.0297497669666869,0.999606192111969,1.0,0.95,0,0.034110963344573975,0.2065134048461914,0.999466061592102,0
hadamard,primary,60,40,0.021786158808692727,0.999781608581543,1.0,0.95,0,0.03007775079458952,0.14158675074577332,0.9995875656604767,0
hadamard,primary,60,41,0.029977776073703687,0.9995629191398621,1.0,1.0,0,0.027425061911344528,0.14140377938747406,0.9996736347675323,0
hadamard,primary,60,42,0.02693783276571451,0.9996381998062134,1.0,0.9,0,0.027573884464800358,0.1412859410047531,0.9996643364429474,0
hadamard,primary,60,43,0.021295750151536046,0.9997740387916565,1.0,0.95,0,0.026961478404700756,0.14180196821689606,0.9996794164180756,0
hadamard,primary,60,44,0.016468627076549947,0.9998777508735657,1.0,0.95,0,0.026291131041944027,0.1414606124162674,0.9996985197067261,0
hadamard,primary,60,45,0.016381811014321457,0.9998658895492554,1.0,0.95,0,0.025817682035267353,0.13911642134189606,0.999714732170105,0
hadamard,primary,60,46,0.019166621695887724,0.9998433589935303,1.0,0.95,0,0.025577622465789318,0.13858751952648163,0.9997193217277527,0
hadamard,primary,60,47,0.02216636695881065,0.9997570514678955,1.0,0.95,0,0.025679457001388073,0.13937176764011383,0.9997172355651855,0
hadamard,primary,60,48,0.018609684270425062,0.999833345413208,1.0,1.0,0,0.025533992797136307,0.13917671144008636,0.9997228682041168,0
hadamard,primary,60,49,0.029681884336045246,0.9995653629302979,1.0,1.0,0,0.025322580710053444,0.13800443708896637,0.9997304379940033,0
hadamard,primary,60,50,0.02294954545390528,0.9997437000274658,1.0,0.85,0,0.025363583117723465,0.13758359849452972,0.9997285902500153,0
hadamard,primary,60,51,0.017909218192571207,0.9998398423194885,1.0,0.95,0,0.024943954311311245,0.13831263780593872,0.9997388422489166,0
hadamard,primary,60,52,0.03020822800150113,0.9995487332344055,1.0,0.95,0,0.024669946171343327,0.13800491392612457,0.9997461140155792,0
hadamard,primary,60,53,0.017257762128543366,0.9998515844345093,1.0,0.85,0,0.02462654374539852,0.13675610721111298,0.9997444152832031,0
hadamard,primary,60,54,0.01727356945911022,0.9998729825019836,1.0,1.0,0,0.024638363160192966,0.1331230252981186,0.9997445046901703,0
hadamard,primary,60,55,0.014368411923283742,0.9999021887779236,1.0,1.0,0,0.02434144075959921,0.12767687439918518,0.9997491240501404,0
hadamard,primary,60,56,0.03136466859773988,0.9996241331100464,1.0,1.0,0,0.024243720807135105,0.1278151273727417,0.9997484683990479,0
hadamard,primary,60,57,0.02915202667733257,0.9995967149734497,1.0,1.0,0,0.024407043121755123,0.12763279676437378,0.9997393190860748,0
hadamard,primary,60,58,0.03826621450281845,0.9995037913322449,1.0,1.0,0,0.02501841075718403,0.12803760170936584,0.9997275173664093,0
hadamard,primary,60,59,0.01706815210382547,0.9998643398284912,1.0,1.0,0,0.02444913610816002,0.12813624739646912,0.9997360110282898,0
hadamard,primary,60,60,0.0222615016945604,0.9997749328613281,1.0,1.0,0,0.024189013056457043,0.12800997495651245,0.9997454583644867,0
hadamard,primary,60,61,0.01768421796622641,0.9998457431793213,1.0,1.0,0,0.024076285772025585,0.12775558233261108,0.9997500777244568,0
hadamard,primary,60,62,0.02052678910592246,0.9997893571853638,1.0,1.0,0,0.02392611652612686,0.1277409791946411,0.9997509717941284,0
hadamard,primary,60,63,0.026596359639887778,0.9996600151062012,1.0,0.9,0,0.025474844500422478,0.12693223357200623,0.9997257590293884,0
hadamard,primary,60,64,0.033788123827735723,0.9994290471076965,1.0,0.9,0,0.02564101852476597,0.1269698441028595,0.9997219443321228,0
hadamard,primary,60,65,0.02116691444661443,0.9997817277908325,1.0,1.0,0,0.026583215221762657,0.12745162844657898,0.9996888637542725,0
hadamard,primary,60,66,0.02226170618636158,0.999754786491394,1.0,1.0,0,0.02495762426406145,0.12734633684158325,0.9997345209121704,0
hadamard,primary,60,67,0.03149836317920783,0.999504029750824,1.0,0.95,0,0.024800950661301613,0.12712904810905457,0.9997426271438599,0
hadamard,primary,60,68,0.023416075771135542,0.9997288584709167,1.0,0.95,0,0.024609635584056377,0.1273191273212433,0.9997447431087494,0
hadamard,primary,60,69,0.01848917615161007,0.9998353123664856,1.0,1.0,0,0.024901671335101128,0.1256694793701172,0.9997376799583435,0
hadamard,primary,60,70,0.01994026131220346,0.9998047351837158,1.0,0.95,0,0.024652568623423576,0.1254364252090454,0.9997459352016449,0
hadamard,primary,60,71,0.03547489493664563,0.9994369745254517,1.0,0.95,0,0.024824501015245914,0.12424960732460022,0.9997414648532867,0
hadamard,primary,60,72,0.051120347102245924,0.998817503452301,1.0,1.0,0,0.02542864065617323,0.12339267134666443,0.9997361600399017,0
hadamard,primary,60,73,0.04191218386962243,0.9992530941963196,1.0,0.9,0,0.025088210590183735,0.12413126230239868,0.9997346103191376,0
hadamard,primary,60,74,0.02283301735510526,0.9997726678848267,1.0,1.0,0,0.024672595784068108,0.12371799349784851,0.9997450411319733,0
hadamard,primary,60,75,0.018343222041987087,0.9998457431793213,1.0,1.0,0,0.024384123273193836,0.12372854351997375,0.9997518658638,0
hadamard,primary,60,76,0.01671188729775872,0.999860405921936,1.0,1.0,0,0.024214904755353928,0.12384545803070068,0.9997563362121582,0
hadamard,primary,60,77,0.01705270624712384,0.9998722076416016,1.0,1.0,0,0.024039017967879772,0.12404587864875793,0.9997611939907074,0
hadamard,primary,60,78,0.024138188234770982,0.9997168183326721,1.0,0.9,0,0.024179330095648766,0.12413832545280457,0.9997573792934418,0
hadamard,primary,60,79,0.030740756649194012,0.9995276927947998,1.0,0.95,0,0.02414368838071823,0.12446823716163635,0.9997601807117462,0
hadamard,primary,60,80,0.02455759875796447,0.9996985793113708,1.0,1.0,0,0.024198805913329124,0.1239696741104126,0.9997614324092865,0
hadamard,primary,60,81,0.02139134202870683,0.9997755289077759,1.0,0.95,0,0.02409001812338829,0.12399622797966003,0.9997612833976746,0
hadamard,primary,60,82,0.04333338395423553,0.9990648031234741,1.0,0.95,0,0.024791480042040348,0.12280324101448059,0.9997318387031555,0
hadamard,primary,60,83,0.011898660085266568,0.999935507774353,1.0,1.0,0,0.024226557463407516,0.12289202213287354,0.9997415542602539,0
hadamard,primary,60,84,0.010924660209047397,0.9999409914016724,1.0,0.95,0,0.02382177021354437,0.12329927086830139,0.9997634887695312,0
hadamard,primary,60,85,0.054467534114329495,0.9985323548316956,1.0,0.9,0,0.024009065702557564,0.12347564101219177,0.999743789434433,0
hadamard,primary,60,86,0.014247892247790698,0.9999133944511414,1.0,1.0,0,0.02470166701823473,0.19059455394744873,0.9997349083423615,0
hadamard,primary,60,87,0.013991184708067593,0.9999043345451355,1.0,1.0,0,0.02410642709583044,0.16384780406951904,0.9997529685497284,0
hadamard,primary,60,88,0.02186023495231775,0.9997656345367432,1.0,0.95,0,0.023718642070889473,0.12445047497749329,0.9997654855251312,0
hadamard,primary,60,89,0.03404160763263797,0.9995507001876831,1.0,1.0,0,0.023572755977511406,0.12476947903633118,0.9997656345367432,0
hadamard,primary,60,90,0.018789601846430155,0.9998260140419006,1.0,0.95,0,0.02357035782188177,0.12493076920509338,0.9997639358043671,0
hadamard,primary,60,91,0.05293575651002877,0.99878990650177,1.0,0.95,0,0.023563318885862827,0.12484204769134521,0.999766618013382,0
hadamard,primary,60,92,0.014737619142481041,0.9999020099639893,1.0,0.95,0,0.023659893311560154,0.12488603591918945,0.9997702240943909,0
hadamard,primary,60,93,0.015279461383958954,0.9998866319656372,1.0,1.0,0,0.023592070676386356,0.12489664554595947,0.9997709691524506,0
hadamard,primary,60,94,0.02138097576556661,0.9997785687446594,1.0,0.95,0,0.023509756661951542,0.1250516176223755,0.9997715950012207,0
hadamard,primary,60,95,0.013946911854111768,0.9999070167541504,1.0,0.95,0,0.023345730267465115,0.12496256828308105,0.9997738301753998,0
hadamard,primary,60,96,0.016516181270450785,0.999867856502533,1.0,0.95,0,0.023196740075945854,0.12462764978408813,0.9997772574424744,0
hadamard,primary,60,97,0.011753691260951984,0.9999309778213501,1.0,1.0,0,0.023134716786444187,0.12466448545455933,0.9997804462909698,0
hadamard,primary,60,98,0.02450002499010706,0.9997043013572693,1.0,0.95,0,0.023173969238996506,0.12428367137908936,0.9997732937335968,0
hadamard,primary,60,99,0.01574435843403328,0.9998795390129089,1.0,0.95,0,0.023093235678970814,0.12450602650642395,0.9997729063034058,0
hadamard,primary,60,100,0.01434029857776825,0.9999015927314758,1.0,0.95,0,0.023051750846207142,0.12483376264572144,0.9997780621051788,0
hadamard,primary,60,101,0.08519523122834792,0.9965592622756958,1.0,0.95,0,0.024714979343116283,0.12478229403495789,0.9997425973415375,0
hadamard,primary,60,102,0.02737273874404116,0.9996286034584045,1.0,0.95,0,0.024748800322413445,0.12686219811439514,0.9997319579124451,0
hadamard,primary,60,103,0.016749210457508015,0.9998629689216614,1.0,1.0,0,0.023143792524933815,0.12684279680252075,0.9997625052928925,0
hadamard,primary,60,104,0.01811476428177386,0.9998359680175781,1.0,0.95,0,0.022947016172111034,0.12672853469848633,0.9997680485248566,0
hadamard,primary,60,105,0.12826041131172766,0.9917734861373901,1.0,0.95,0,0.022816059179604053,0.12676343321800232,0.9997704923152924,0
hadamard,primary,60,106,0.01762716155711891,0.9998450875282288,1.0,0.95,0,0.02273225039243698,0.12632468342781067,0.9997750520706177,0
hadamard,primary,60,107,0.013047667836710335,0.9999159574508667,1.0,1.0,0,0.022688642144203186,0.12630325555801392,0.9997799694538116,0
hadamard,primary,60,108,0.012299965770925885,0.9999265670776367,1.0,1.0,0,0.02268191333860159,0.12605762481689453,0.9997811317443848,0
hadamard,primary,60,109,0.02754397394752004,0.9996248483657837,1.0,1.0,0,0.022653392516076565,0.12601396441459656,0.9997815489768982,0
hadamard,primary,60,110,0.02633646316430904,0.9997328519821167,1.0,0.95,0,0.02287378069013357,0.12615180015563965,0.9997825026512146,0
hadamard,primary,60,111,0.022494112760151484,0.9997469186782837,1.0,1.0,0,0.022518455050885677,0.12619203329086304,0.9997881948947906,0
hadamard,primary,60,112,0.013813242277115266,0.9999086856842041,1.0,1.0,0,0.022269264794886112,0.14611071348190308,0.9997929930686951,0
hadamard,primary,60,113,0.01540743945269897,0.9999030828475952,1.0,0.95,0,0.02237922139465809,0.1267809271812439,0.9997951090335846,0
hadamard,primary,60,114,0.009612168161658413,0.9999544620513916,1.0,1.0,0,0.022483250126242638,0.1271769404411316,0.999794602394104,0
hadamard,primary,60,115,0.01633381775744473,0.9998671412467957,1.0,1.0,0,0.02173468377441168,0.12721863389015198,0.9998035728931427,0
hadamard,primary,60,116,0.00935473427313799,0.9999563694000244,1.0,0.95,0,0.02130432240664959,0.127334326505661,0.9998104274272919,0
hadamard,primary,60,117,0.019698571231226404,0.9998059868812561,1.0,1.0,0,0.021314316429197788,0.12723314762115479,0.9998095333576202,0
hadamard,primary,60,118,0.007790716921411629,0.9999698996543884,1.0,1.0,0,0.021357120014727116,0.12691378593444824,0.9998120665550232,0
hadamard,primary,60,119,0.02040038806986283,0.9998184442520142,1.0,1.0,0,0.021307173185050488,0.1273144781589508,0.9998129308223724,0
hadamard,primary,60,120,0.027371764975482847,0.9996533989906311,1.0,0.95,0,0.02159422356635332,0.1276538372039795,0.9998126327991486,0
hadamard,primary,60,121,0.02218708937387944,0.9997566342353821,1.0,0.9,0,0.021431383676826954,0.12757432460784912,0.9998149871826172,0
hadamard,primary,60,122,0.01319596466491236,0.9999284148216248,1.0,1.0,0,0.02129508275538683,0.12779006361961365,0.9998210370540619,0
hadamard,primary,60,123,0.01419035242899406,0.9999073147773743,1.0,0.95,0,0.021581275388598442,0.12784573435783386,0.9998149871826172,0
hadamard,primary,60,124,0.015440205749895623,0.9998809099197388,1.0,1.0,0,0.0221822252497077,0.12754681706428528,0.9998116493225098,0
hadamard,primary,60,125,0.010393040864023742,0.9999467730522156,1.0,1.0,0,0.021606851369142532,0.12764817476272583,0.9998152554035187,0
hadamard,primary,60,126,0.022956464842166905,0.9998079538345337,1.0,0.95,0,0.021359830163419247,0.12726527452468872,0.9998144507408142,0
hadamard,primary,60,127,0.02022967677757015,0.999854326248169,1.0,0.95,0,0.021260355599224567,0.12724819779396057,0.9998176991939545,0
hadamard,primary,60,128,0.01006781183728998,0.9999498128890991,1.0,0.95,0,0.02111303899437189,0.12727150321006775,0.9998212456703186,0
hadamard,primary,61,0,0.03533532134844969,0.9994163513183594,1.0,1.0,0,0.02165092620998621,0.06671068072319031,0.999809980392456,0
hadamard,primary,61,1,0.017204897435417015,0.9998537302017212,1.0,1.0,0,0.01986993383616209,0.06271648406982422,0.9998520016670227,0
hadamard,primary,61,2,0.01052140051228385,0.9999462962150574,1.0,1.0,0,0.018347500823438168,0.0609249472618103,0.9998880922794342,0
hadamard,primary,61,3,0.011411174218361173,0.9999352693557739,1.0,1.0,0,0.018602422438561916,0.060733646154403687,0.9998767077922821,0
hadamard,primary,61,4,0.010704240369234,0.9999458193778992,1.0,1.0,0,0.0192141467705369,0.060456424951553345,0.999866247177124,0
hadamard,primary,61,5,0.025720899653998326,0.9996703863143921,1.0,0.95,0,0.020040503703057766,0.0589507520198822,0.9998600780963898,0
hadamard,primary,61,6,0.02112809433312823,0.9997782707214355,1.0,1.0,0,0.018857697024941444,0.10937672853469849,0.9998787641525269,0
hadamard,primary,61,7,0.00887856101100889,0.9999638795852661,1.0,0.95,0,0.01851342711597681,0.05790531635284424,0.9998870491981506,0
hadamard,primary,61,8,0.008789594188387472,0.9999614357948303,1.0,0.95,0,0.017572405748069286,0.05722832679748535,0.9999012351036072,0
hadamard,primary,61,9,0.008442360330059285,0.999965250492096,1.0,1.0,0,0.017187698744237423,0.057023704051971436,0.9999044239521027,0
hadamard,primary,61,10,0.014699821333449627,0.9999101758003235,1.0,0.95,0,0.016770679503679276,0.056421637535095215,0.9999161958694458,0
hadamard,primary,61,11,0.0055581099283153555,0.9999850988388062,1.0,0.95,0,0.01683134213089943,0.05577734112739563,0.9999146163463593,0
hadamard,primary,61,12,0.0069802510177810586,0.9999756813049316,1.0,1.0,0,0.01641301717609167,0.05545324087142944,0.9999213516712189,0
hadamard,primary,61,13,0.011759194258281988,0.9999440908432007,1.0,1.0,0,0.016249543987214565,0.05516454577445984,0.9999215304851532,0
hadamard,primary,61,14,0.012434767821184542,0.9999232888221741,1.0,1.0,0,0.016211453825235367,0.05506694316864014,0.9999161660671234,0
hadamard,primary,61,15,0.017153313725976414,0.9999399185180664,1.0,1.0,0,0.016592729836702347,0.05481916666030884,0.9999045133590698,0
hadamard,primary,61,16,0.012022522273285286,0.9999427199363708,1.0,0.95,0,0.0160630214959383,0.05456969141960144,0.9999191462993622,0
hadamard,primary,61,17,0.052551048298249865,0.9987679719924927,1.0,1.0,0,0.016462496481835842,0.05455636978149414,0.9999123513698578,0
hadamard,primary,61,18,0.03898178375710337,0.999372124671936,1.0,0.95,0,0.016305075958371162,0.05457162857055664,0.99991574883461,0
hadamard,primary,61,19,0.014384392801329792,0.9999082684516907,1.0,0.95,0,0.016008857637643814,0.054640501737594604,0.9999228119850159,0
hadamard,primary,61,20,0.04269792064215882,0.9992645978927612,1.0,0.9,0,0.016002625692635775,0.054560452699661255,0.9999212324619293,0
hadamard,primary,61,21,0.01722535788952508,0.9998584985733032,1.0,1.0,0,0.015845899935811758,0.054537564516067505,0.9999239146709442,0
hadamard,primary,61,22,0.029289201929490607,0.9996674656867981,1.0,1.0,0,0.016031703911721706,0.05445820093154907,0.9999087154865265,0
hadamard,primary,61,23,0.0318260679423564,0.9995207786560059,1.0,1.0,0,0.01650068908929825,0.05422207713127136,0.9999090135097504,0
hadamard,primary,61,24,0.008028311307702736,0.9999683499336243,1.0,1.0,0,0.015789858531206846,0.05369243025779724,0.9999288022518158,0
hadamard,primary,61,25,0.0091845160240153,0.99996018409729,1.0,1.0,0,0.01549452031031251,0.05326133966445923,0.9999386668205261,0
hadamard,primary,61,26,0.011667843547082392,0.9999322891235352,1.0,1.0,0,0.0152567895129323,0.05281946063041687,0.9999389946460724,0
hadamard,primary,61,27,0.00879730399563368,0.9999620914459229,1.0,1.0,0,0.015174743253737688,0.052371084690093994,0.999940425157547,0
hadamard,primary,61,28,0.012298790519233658,0.9999256134033203,1.0,1.0,0,0.015058104880154133,0.05209288001060486,0.9999396800994873,0
hadamard,primary,61,29,0.00791639538117982,0.9999688863754272,0.0,1.0,0,0.014809682033956051,0.05183330178260803,0.9999440610408783,0
hadamard,primary,61,30,0.00799651914506036,0.9999680519104004,1.0,1.0,0,0.014775134157389402,0.051805317401885986,0.9999451041221619,0
hadamard,primary,61,31,0.007124186040956677,0.9999760389328003,1.0,1.0,0,0.014652243815362453,0.05171746015548706,0.9999444484710693,0
hadamard,primary,61,32,0.010248601370030053,0.9999476671218872,1.0,1.0,0,0.014582966454327106,0.051615625619888306,0.9999461472034454,0
hadamard,primary,61,33,0.009682987499579018,0.9999537467956543,1.0,1.0,0,0.014559250324964523,0.05135136842727661,0.9999506771564484,0
hadamard,primary,61,34,0.01147239780454123,0.999934196472168,1.0,1.0,0,0.014555042143911123,0.051094651222229004,0.9999500513076782,0
hadamard,primary,61,35,0.010179416526908723,0.9999488592147827,1.0,0.95,0,0.014311170671135187,0.05045372247695923,0.9999525547027588,0
hadamard,primary,61,36,0.01260723819316419,0.9999272227287292,1.0,0.95,0,0.01430711429566145,0.05017179250717163,0.9999482929706573,0
hadamard,primary,61,37,0.01105810678003265,0.999941885471344,1.0,1.0,0,0.014180963393300772,0.04986247420310974,0.99994957447052,0
hadamard,primary,61,38,0.015711636463446664,0.999876856803894,1.0,0.95,0,0.014137580525130033,0.04982730746269226,0.9999489486217499,0
hadamard,primary,61,39,0.010674051704306013,0.9999430775642395,1.0,1.0,0,0.014154982287436724,0.04975244402885437,0.9999478459358215,0
hadamard,primary,61,40,0.009512774720147443,0.9999563694000244,1.0,0.95,0,0.014032888226211071,0.04937458038330078,0.9999514222145081,0
hadamard,primary,61,41,0.008751695272875717,0.9999632835388184,1.0,1.0,0,0.013964662794023752,0.04922255873680115,0.9999517202377319,0
hadamard,primary,61,42,0.009087210502058948,0.9999647736549377,1.0,1.0,0,0.013861907180398703,0.04249945282936096,0.9999529421329498,0
hadamard,primary,61,43,0.01197235611550432,0.9999290108680725,1.0,1.0,0,0.013678513001650572,0.0401877760887146,0.9999568164348602,0
hadamard,primary,61,44,0.008370610331426654,0.9999651908874512,1.0,1.0,0,0.013722105883061886,0.03945322334766388,0.9999597370624542,0
hadamard,primary,61,45,0.008498625558560277,0.9999638795852661,1.0,1.0,0,0.013846354559063911,0.040631234645843506,0.9999576807022095,0
hadamard,primary,61,46,0.008874482284447168,0.9999606609344482,1.0,0.95,0,0.014447771478444338,0.04059457778930664,0.9999454617500305,0
hadamard,primary,61,47,0.01975887149989737,0.9998047351837158,1.0,1.0,0,0.014469072222709656,0.040389180183410645,0.9999437928199768,0
hadamard,primary,61,48,0.017655895453399437,0.9998481869697571,1.0,0.95,0,0.014905510935932398,0.04045724868774414,0.999936431646347,0
hadamard,primary,61,49,0.014918305488919589,0.9998911619186401,1.0,0.95,0,0.014124320819973946,0.03805643320083618,0.9999505281448364,0
hadamard,primary,61,50,0.020722336286355173,0.9997864961624146,1.0,0.9,0,0.014025655575096607,0.03784288465976715,0.9999519288539886,0
hadamard,primary,61,51,0.03217808286947213,0.9994861483573914,1.0,0.95,0,0.01554653886705637,0.060369670391082764,0.9999257624149323,0
hadamard,primary,61,52,0.016567018727575576,0.9998703002929688,1.0,1.0,0,0.016835879534482956,0.03786557912826538,0.9999029040336609,0
hadamard,primary,61,53,0.01041652792613535,0.9999468326568604,1.0,0.95,0,0.01568521559238434,0.04997536540031433,0.9999214112758636,0
hadamard,primary,61,54,0.008232822696021921,0.9999663233757019,1.0,1.0,0,0.015020251274108887,0.03726707398891449,0.9999372065067291,0
hadamard,primary,61,55,0.008983227864068502,0.9999598264694214,1.0,0.9,0,0.014045767951756716,0.03713023662567139,0.9999568164348602,0
hadamard,primary,61,56,0.009655629746004734,0.9999537467956543,1.0,1.0,0,0.013900931924581528,0.037047579884529114,0.9999556243419647,0
hadamard,primary,61,57,0.011318501033361546,0.9999359846115112,1.0,0.95,0,0.013786341529339552,0.03661663830280304,0.9999593794345856,0
hadamard,primary,61,58,0.017000250407641512,0.9998693466186523,1.0,0.95,0,0.013543945271521807,0.03629902005195618,0.9999673366546631,0
hadamard,primary,61,59,0.018246542533735505,0.9998342990875244,1.0,0.95,0,0.013762664515525103,0.035989224910736084,0.9999613463878632,0
hadamard,primary,61,60,0.007632847498647726,0.9999712109565735,1.0,1.0,0,0.013042302336543798,0.035826608538627625,0.999969482421875,0
hadamard,primary,61,61,0.006835979265188317,0.999976634979248,1.0,1.0,0,0.012778736185282469,0.03568689525127411,0.9999726414680481,0
hadamard,primary,61,62,0.007033979264796619,0.9999755620956421,1.0,0.95,0,0.012758935336023569,0.035619765520095825,0.999972939491272,0
hadamard,primary,61,63,0.006281834353326302,0.9999802112579346,1.0,1.0,0,0.01254786690697074,0.03550533950328827,0.9999735951423645,0
hadamard,primary,61,64,0.007858810538012382,0.9999701976776123,1.0,1.0,0,0.012416545767337084,0.03538787364959717,0.9999735653400421,0
hadamard,primary,61,65,0.011341937857766228,0.9999368786811829,1.0,1.0,0,0.01238544611260295,0.035288214683532715,0.9999722838401794,0
hadamard,primary,61,66,0.008144605783259078,0.9999669194221497,1.0,0.95,0,0.012346288654953241,0.03506655991077423,0.9999726414680481,0
hadamard,primary,61,67,0.00772488428507172,0.9999701976776123,1.0,1.0,0,0.012498832307755947,0.03500308096408844,0.9999723136425018,0
hadamard,primary,61,68,0.007038242089606084,0.999975323677063,1.0,1.0,0,0.012338334694504738,0.034908682107925415,0.9999731779098511,0
hadamard,primary,61,69,0.00837176646816881,0.9999653100967407,1.0,1.0,0,0.012239292729645967,0.03480920195579529,0.9999721348285675,0
hadamard,primary,61,70,0.077347985011526,0.9974383115768433,1.0,0.9,0,0.013038085773587227,0.03476560115814209,0.9999571740627289,0
hadamard,primary,61,71,0.006975989501769415,0.9999756813049316,1.0,1.0,0,0.012931144330650568,0.0662226676940918,0.9999536871910095,0
hadamard,primary,61,72,0.007951384507799444,0.9999688863754272,1.0,1.0,0,0.012279191054403782,0.05279940366744995,0.9999694526195526,0
hadamard,primary,61,73,0.009534962600331242,0.9999544620513916,1.0,0.95,0,0.01213960163295269,0.04032248258590698,0.9999743700027466,0
hadamard,primary,61,74,0.00772379319937932,0.9999706745147705,1.0,1.0,0,0.012054468970745802,0.034884512424468994,0.9999749958515167,0
hadamard,primary,61,75,0.007711399447382332,0.9999717473983765,1.0,1.0,0,0.011979685630649328,0.03480643033981323,0.9999769330024719,0
hadamard,primary,61,76,0.008775356358282294,0.9999736547470093,1.0,1.0,0,0.011904311366379261,0.03467923402786255,0.9999772310256958,0
hadamard,primary,61,77,0.006607004738219958,0.999978244304657,1.0,1.0,0,0.011915985029190779,0.03445710241794586,0.9999752938747406,0
hadamard,primary,61,78,0.007906070343184543,0.9999687671661377,1.0,1.0,0,0.012549850158393383,0.0339626669883728,0.9999673664569855,0
hadamard,primary,61,79,0.015363013851754455,0.9998828172683716,1.0,0.95,0,0.011934173759073019,0.033874064683914185,0.999968558549881,0
hadamard,primary,61,80,0.012156681718267736,0.9999260902404785,1.0,0.95,0,0.013185741379857063,0.0554807186126709,0.9999588131904602,0
hadamard,primary,61,81,0.007429045329576083,0.9999746680259705,1.0,1.0,0,0.012324836105108261,0.033883221447467804,0.9999603927135468,0
hadamard,primary,61,82,0.008535562100436232,0.9999637007713318,1.0,1.0,0,0.011807397473603487,0.03386788070201874,0.9999687969684601,0
hadamard,primary,61,83,0.02734234915581467,0.9996266961097717,1.0,0.95,0,0.011811194941401482,0.033853478729724884,0.9999703466892242,0
hadamard,primary,61,84,0.007665653508319881,0.9999708533287048,1.0,1.0,0,0.011815679725259542,0.03385220468044281,0.9999688267707825,0
hadamard,primary,61,85,0.015631818284292037,0.9998970031738281,1.0,0.9,0,0.011823644861578941,0.033850349485874176,0.9999687671661377,0
hadamard,primary,61,86,0.011929646385041797,0.9999297261238098,1.0,0.9,0,0.011667582206428051,0.03384985029697418,0.9999703466892242,0
hadamard,primary,61,87,0.012570555855640377,0.9999282360076904,1.0,0.95,0,0.011639022268354893,0.03383956849575043,0.9999701380729675,0
hadamard,primary,61,88,0.036790431904035435,0.9993245005607605,1.0,0.9,0,0.011971957515925169,0.03381379693746567,0.9999680817127228,0
hadamard,primary,61,89,0.0065354288914898405,0.9999786615371704,1.0,1.0,0,0.011517871171236038,0.03378118574619293,0.9999737739562988,0
hadamard,primary,61,90,0.006328795458373487,0.9999802112579346,1.0,1.0,0,0.011458159890025854,0.03376985341310501,0.9999753534793854,0
hadamard,primary,61,91,0.008016842720264986,0.9999681115150452,1.0,0.95,0,0.011372907552868128,0.033754244446754456,0.9999776780605316,0
hadamard,primary,61,92,0.007371397286430588,0.9999732375144958,1.0,1.0,0,0.011339245364069939,0.03374912589788437,0.9999760389328003,0
hadamard,primary,61,93,0.009068000901923567,0.9999599456787109,1.0,1.0,0,0.011255680117756128,0.03375556319952011,0.9999774992465973,0
hadamard,primary,61,94,0.006479169681667586,0.9999791383743286,1.0,1.0,0,0.011216218117624521,0.03375057131052017,0.9999777674674988,0
hadamard,primary,61,95,0.0116119593999464,0.9999402761459351,1.0,1.0,0,0.011210521217435598,0.03375253081321716,0.9999770820140839,0
hadamard,primary,61,96,0.006429072320155171,0.9999794363975525,1.0,1.0,0,0.011436541099101305,0.03918051719665527,0.9999752640724182,0
hadamard,primary,61,97,0.008191984582655703,0.9999665021896362,1.0,0.9,0,0.011161269154399633,0.033782340586185455,0.9999792277812958,0
hadamard,primary,61,98,0.0401366017682473,0.9991996884346008,1.0,0.95,0,0.011258700396865606,0.033810995519161224,0.9999751448631287,0
hadamard,primary,61,99,0.010234761606979352,0.9999507665634155,1.0,1.0,0,0.011816489044576883,0.049724042415618896,0.9999644160270691,0
hadamard,primary,61,100,0.006333458547094323,0.9999800324440002,1.0,0.95,0,0.011316839139908552,0.034081026911735535,0.9999732673168182,0
hadamard,primary,61,101,0.006456112081265663,0.9999796152114868,1.0,1.0,0,0.011218095198273659,0.03407078981399536,0.9999752044677734,0
hadamard,primary,61,102,0.005853410076239239,0.9999842643737793,1.0,1.0,0,0.011083557736128569,0.034056298434734344,0.9999781847000122,0
hadamard,primary,61,103,0.011133484656123977,0.9999380111694336,1.0,1.0,0,0.011004723142832518,0.03403284400701523,0.9999807476997375,0
hadamard,primary,61,104,0.006785385677140065,0.9999769330024719,1.0,1.0,0,0.01104528596624732,0.0340123251080513,0.9999786615371704,0
hadamard,primary,61,105,0.006662848589894982,0.9999793767929077,1.0,1.0,0,0.011073391884565353,0.0359499454498291,0.9999707043170929,0
hadamard,primary,61,106,0.007952794634257842,0.9999685287475586,1.0,1.0,0,0.010997884906828403,0.03404052555561066,0.999977171421051,0
hadamard,primary,61,107,0.005630987012975522,0.9999845027923584,1.0,1.0,0,0.010987430345267057,0.03402835875749588,0.9999784231185913,0
hadamard,primary,61,108,0.007826719248064053,0.9999740123748779,1.0,1.0,0,0.010881214868277311,0.034003205597400665,0.9999804794788361,0
hadamard,primary,61,109,0.00664612168798712,0.9999794363975525,1.0,0.95,0,0.010850916616618633,0.03399963676929474,0.9999820291996002,0
hadamard,primary,61,110,0.011719160990383861,0.9999325275421143,1.0,0.95,0,0.010834308806806803,0.03396771103143692,0.9999815225601196,0
hadamard,primary,61,111,0.04536897449358011,0.9990731477737427,1.0,1.0,0,0.011325666680932045,0.033949002623558044,0.999975323677063,0
hadamard,primary,61,112,0.016012118030731562,0.9998735189437866,1.0,0.95,0,0.013449346646666527,0.04311263561248779,0.999949723482132,0
hadamard,primary,61,113,0.007807711829258039,0.999970555305481,1.0,0.95,0,0.012521991971880198,0.033969104290008545,0.999959796667099,0
hadamard,primary,61,114,0.009928959455018866,0.9999678134918213,1.0,1.0,0,0.011656664777547121,0.03397552669048309,0.9999685287475586,0
hadamard,primary,61,115,0.010944471861889722,0.9999432563781738,1.0,1.0,0,0.0114892334677279,0.03397364914417267,0.9999718368053436,0
hadamard,primary,61,116,0.007459834214941976,0.9999728202819824,1.0,1.0,0,0.011471753474324942,0.03397228568792343,0.9999713599681854,0
hadamard,primary,61,117,0.014039535555211213,0.9999022483825684,1.0,1.0,0,0.01102361734956503,0.03396473824977875,0.9999776482582092,0
hadamard,primary,61,118,0.009981100984058532,0.9999526739120483,1.0,1.0,0,0.011943954043090343,0.03396841138601303,0.9999602138996124,0
hadamard,primary,61,119,0.00705168304411274,0.9999755620956421,1.0,1.0,0,0.010899113025516272,0.033954918384552,0.9999756217002869,0
hadamard,primary,61,120,0.005916128736071748,0.9999828338623047,1.0,1.0,0,0.010944663546979427,0.033942826092243195,0.9999784231185913,0
hadamard,primary,61,121,0.008240477203732003,0.9999699592590332,1.0,0.95,0,0.010799442883580923,0.03394295275211334,0.9999797642230988,0
hadamard,primary,61,122,0.007252759696124769,0.9999747276306152,1.0,0.95,0,0.010751846246421337,0.0339408814907074,0.9999805092811584,0
hadamard,primary,61,123,0.008794646172500713,0.9999613761901855,1.0,0.95,0,0.010719295125454664,0.03393714129924774,0.9999786019325256,0
hadamard,primary,61,124,0.008300323606391751,0.9999662637710571,1.0,1.0,0,0.01070644473657012,0.03393228352069855,0.9999783933162689,0
hadamard,primary,61,125,0.012669258323318713,0.9999293088912964,1.0,1.0,0,0.010607696138322353,0.03397765010595322,0.999978631734848,0
hadamard,primary,61,126,0.01197869599686838,0.9999282360076904,1.0,1.0,0,0.010608230251818895,0.03404339402914047,0.9999784827232361,0
hadamard,primary,61,127,0.005654665636665992,0.9999848008155823,1.0,1.0,0,0.010576833039522171,0.034070730209350586,0.9999794661998749,0
hadamard,primary,61,128,0.006283273758995379,0.9999834299087524,1.0,1.0,0,0.01053891284391284,0.03406250476837158,0.9999815225601196,0
hadamard,primary,64,0,0.019026162449850764,0.9998315572738647,1.0,1.0,0,0.023684757761657238,0.04360640048980713,0.9997766315937042,0
hadamard,primary,64,1,0.010226026905685873,0.9999487400054932,1.0,1.0,0,0.023589937947690487,0.040012091398239136,0.9997769892215729,0
hadamard,primary,64,2,0.017919390906592413,0.9998401403427124,1.0,1.0,0,0.02178649976849556,0.039457082748413086,0.99981489777565,0
hadamard,primary,64,3,0.01035971496878888,0.9999593496322632,1.0,1.0,0,0.020999045111238956,0.03798969089984894,0.999820351600647,0
hadamard,primary,64,4,0.009400845189137514,0.9999688267707825,1.0,1.0,0,0.020917334593832493,0.03780354559421539,0.9998352229595184,0
hadamard,primary,64,5,0.01159041042303624,0.9999427199363708,1.0,1.0,0,0.02001981344074011,0.03778548538684845,0.9998412132263184,0
hadamard,primary,64,6,0.010049973215913456,0.9999547004699707,1.0,0.95,0,0.020412243902683258,0.038121968507766724,0.9998467564582825,0
hadamard,primary,64,7,0.01563896153902884,0.9998818635940552,1.0,1.0,0,0.02109629102051258,0.03797508776187897,0.9998407661914825,0
hadamard,primary,64,8,0.025070809572799762,0.9997050762176514,1.0,0.95,0,0.023041991516947746,0.04670745134353638,0.9997931718826294,0
hadamard,primary,64,9,0.024257890902080814,0.9997808933258057,1.0,1.0,0,0.02265393640846014,0.037581294775009155,0.9997898936271667,0
hadamard,primary,64,10,0.010798520165571696,0.9999445676803589,1.0,1.0,0,0.021819034591317177,0.045232534408569336,0.9998278021812439,0
hadamard,primary,64,11,0.021078420553794483,0.999794602394104,1.0,1.0,0,0.022604129277169704,0.03682434558868408,0.9998169541358948,0
hadamard,primary,64,12,0.010628940929652619,0.9999475479125977,1.0,1.0,0,0.027305605821311474,0.1173093318939209,0.9996900260448456,0
hadamard,primary,64,13,0.009220251835119942,0.9999589920043945,1.0,0.95,0,0.022947792895138264,0.07202333211898804,0.9997836053371429,0
hadamard,primary,64,14,0.00808228701496245,0.9999704360961914,1.0,0.95,0,0.021704976446926594,0.05418598651885986,0.9998264908790588,0
hadamard,primary,64,15,0.009313525243088266,0.9999570250511169,1.0,1.0,0,0.021378060802817345,0.04077571630477905,0.999836653470993,0
hadamard,primary,64,16,0.010602095507066233,0.9999454021453857,1.0,1.0,0,0.02124003041535616,0.036591872572898865,0.9998390674591064,0
hadamard,primary,64,17,0.01925428176938317,0.9998171329498291,1.0,1.0,0,0.02126539684832096,0.03661134093999863,0.9998376369476318,0
hadamard,primary,64,18,0.023102219517223084,0.9997538328170776,1.0,1.0,0,0.0214560953900218,0.036589354276657104,0.9998263418674469,0
hadamard,primary,64,19,0.01954528127839002,0.999809205532074,1.0,0.95,0,0.02127246931195259,0.036735065281391144,0.9998374581336975,0
hadamard,primary,64,20,0.011263788103710025,0.9999364614486694,1.0,1.0,0,0.021231439895927906,0.03683976083993912,0.9998379349708557,0
hadamard,primary,64,21,0.00827509733388929,0.999966025352478,1.0,1.0,0,0.02082785777747631,0.036796219646930695,0.9998485147953033,0
hadamard,primary,64,22,0.021664110227858205,0.9998297095298767,1.0,1.0,0,0.021665391512215137,0.03676120191812515,0.9998303353786469,0
hadamard,primary,64,23,0.027636880094074487,0.9996209740638733,1.0,0.9,0,0.021935977041721344,0.03677752614021301,0.9998366236686707,0
hadamard,primary,64,24,0.016395485821195793,0.9998660087585449,1.0,1.0,0,0.02124402392655611,0.03665449470281601,0.9998349249362946,0
hadamard,primary,64,25,0.015965583856693007,0.9998731017112732,1.0,1.0,0,0.02165256254374981,0.036631159484386444,0.999833345413208,0
hadamard,primary,64,26,0.019069121007151635,0.9998363852500916,1.0,1.0,0,0.022462296299636364,0.04989337921142578,0.9998186528682709,0
hadamard,primary,64,27,0.009915775339591945,0.9999510645866394,1.0,1.0,0,0.02199967671185732,0.03690732270479202,0.9998271465301514,0
hadamard,primary,64,28,0.013145916111289117,0.9999138116836548,1.0,1.0,0,0.02174805011600256,0.03659777343273163,0.999824583530426,0
hadamard,primary,64,29,0.011792669748981065,0.9999305009841919,1.0,1.0,0,0.021355350501835346,0.03648153692483902,0.9998390376567841,0
hadamard,primary,64,30,0.03138787936003732,0.9995992183685303,1.0,0.95,0,0.02108926046639681,0.03654412180185318,0.9998419284820557,0
hadamard,primary,64,31,0.009642665903470618,0.9999542236328125,1.0,1.0,0,0.020951717160642147,0.036559924483299255,0.9998470842838287,0
hadamard,primary,64,32,0.016690467673837285,0.999860942363739,1.0,1.0,0,0.0208852244541049,0.036545321345329285,0.9998456835746765,0
hadamard,primary,64,33,0.01837222824310492,0.9998316764831543,1.0,1.0,0,0.02076962310820818,0.0365908220410347,0.9998483061790466,0
hadamard,primary,64,34,0.00883935235609007,0.9999661445617676,1.0,1.0,0,0.01991335768252611,0.035891033709049225,0.999866247177124,0
hadamard,primary,64,35,0.010798544967780141,0.9999574422836304,1.0,0.95,0,0.019101275131106377,0.035638339817523956,0.9998823702335358,0
hadamard,primary,64,36,0.013250204273393575,0.9999142289161682,1.0,1.0,0,0.01848176121711731,0.034166283905506134,0.9998972117900848,0
hadamard,primary,64,37,0.011935800678335298,0.9999300837516785,1.0,0.95,0,0.01785795670002699,0.08058774471282959,0.9999065399169922,0
hadamard,primary,64,38,0.00848659351203926,0.9999642372131348,1.0,1.0,0,0.017324156127870083,0.03356577455997467,0.9999166429042816,0
hadamard,primary,64,39,0.010732755398247727,0.9999516010284424,1.0,0.95,0,0.017526578158140182,0.03347688913345337,0.9999110698699951,0
hadamard,primary,64,40,0.009311475763254242,0.999957799911499,1.0,1.0,0,0.017092068679630756,0.03364911675453186,0.9999187290668488,0
hadamard,primary,64,41,0.007995231157643442,0.9999680519104004,1.0,1.0,0,0.017064913176000118,0.03365599364042282,0.9999204277992249,0
hadamard,primary,64,42,0.009458161189282267,0.999955415725708,1.0,0.95,0,0.0169988377019763,0.03369738161563873,0.9999246597290039,0
hadamard,primary,64,43,0.009936222311691785,0.999950647354126,1.0,1.0,0,0.016377861611545086,0.03370388597249985,0.999932050704956,0
hadamard,primary,64,44,0.006545930220373614,0.9999788999557495,1.0,0.95,0,0.016252221073955297,0.03369259834289551,0.999931126832962,0
hadamard,primary,64,45,0.007080723768274879,0.9999754428863525,1.0,1.0,0,0.015967539977282286,0.033717550337314606,0.9999328553676605,0
hadamard,primary,64,46,0.009904848410017077,0.9999532699584961,1.0,0.95,0,0.015824510250240564,0.033704303205013275,0.999933272600174,0
hadamard,primary,64,47,0.016708203206037234,0.999862551689148,1.0,1.0,0,0.016119141597300768,0.03361276537179947,0.9999270439147949,0
hadamard,primary,64,48,0.011378144499264074,0.9999375939369202,1.0,1.0,0,0.017187810502946377,0.04805302619934082,0.999917209148407,0
hadamard,primary,64,49,0.043109677304099814,0.999163806438446,1.0,0.9,0,0.017425933852791786,0.03374084085226059,0.9999120533466339,0
hadamard,primary,64,50,0.02180127187714481,0.9997798204421997,1.0,0.95,0,0.017377140000462532,0.07073980569839478,0.9999069273471832,0
hadamard,primary,64,51,0.03689654943139771,0.9993191361427307,1.0,1.0,0,0.01731301285326481,0.03851228952407837,0.9998995065689087,0
hadamard,primary,64,52,0.014047933330025396,0.999923050403595,1.0,0.95,0,0.017872889526188374,0.12424920499324799,0.9998904466629028,0
hadamard,primary,64,53,0.008579764194185914,0.9999631643295288,1.0,1.0,0,0.01773317437618971,0.033534422516822815,0.9999091327190399,0
hadamard,primary,64,54,0.008325220378664174,0.9999685883522034,1.0,1.0,0,0.01726818922907114,0.03352656215429306,0.9999176859855652,0
hadamard,primary,64,55,0.024992981741450235,0.9997564554214478,1.0,0.95,0,0.017175178974866867,0.03333321213722229,0.999918133020401,0
hadamard,primary,64,56,0.013934898772938461,0.9999291300773621,1.0,0.95,0,0.016973139718174934,0.033294327557086945,0.9999202191829681,0
hadamard,primary,64,57,0.01793477507309569,0.999839186668396,1.0,0.95,0,0.01688956469297409,0.033214956521987915,0.9999184310436249,0
hadamard,primary,64,58,0.008525138780181463,0.9999748468399048,1.0,1.0,0,0.016782495193183422,0.03322319686412811,0.9999185502529144,0
hadamard,primary,64,59,0.010161204119421462,0.9999518394470215,1.0,1.0,0,0.016621901653707027,0.033292777836322784,0.9999194443225861,0
hadamard,primary,64,60,0.010968759922817813,0.9999430179595947,1.0,1.0,0,0.016500522382557392,0.03347542881965637,0.999921977519989,0
hadamard,primary,64,61,0.024160234639393107,0.9997091889381409,1.0,0.9,0,0.016627121716737747,0.03347206860780716,0.9999188482761383,0
hadamard,primary,64,62,0.016836340201792976,0.9998612403869629,1.0,1.0,0,0.016631271690130234,0.047588855028152466,0.9999193549156189,0
hadamard,primary,64,63,0.0394390895422644,0.9992337822914124,1.0,0.9,0,0.01655565295368433,0.03341677784919739,0.99991175532341,0
hadamard,primary,64,64,0.010481386444828558,0.9999456405639648,1.0,1.0,0,0.0164913022890687,0.034267276525497437,0.9999056756496429,0
hadamard,primary,64,65,0.008580260940960467,0.99996417760849,1.0,1.0,0,0.016416301019489765,0.034138552844524384,0.9999173879623413,0
hadamard,primary,64,66,0.01190006480855475,0.9999300241470337,1.0,1.0,0,0.016266283579170704,0.0341365784406662,0.9999208450317383,0
hadamard,primary,64,67,0.0163979385189096,0.9998858571052551,1.0,1.0,0,0.01602382818236947,0.03401586413383484,0.9999194145202637,0
hadamard,primary,64,68,0.011748913401480345,0.9999313950538635,1.0,1.0,0,0.01591602200642228,0.038090288639068604,0.9999197125434875,0
hadamard,primary,64,69,0.018934054871395954,0.9998224377632141,1.0,1.0,0,0.01597138959914446,0.033958256244659424,0.9999206960201263,0
hadamard,primary,64,70,0.008570931096551273,0.9999635219573975,1.0,0.95,0,0.015811693854629993,0.033958062529563904,0.9999222457408905,0
hadamard,primary,64,71,0.02349710707241525,0.999732255935669,1.0,1.0,0,0.015612441580742598,0.033945634961128235,0.9999236464500427,0
hadamard,primary,64,72,0.02336025220607845,0.9997272491455078,1.0,0.95,0,0.01567331375554204,0.03393890708684921,0.9999257922172546,0
hadamard,primary,64,73,0.009439804066331749,0.9999561309814453,1.0,1.0,0,0.015763028990477324,0.033936791121959686,0.9999241530895233,0
hadamard,primary,64,74,0.008226260745587742,0.9999668598175049,1.0,1.0,0,0.015501894522458315,0.03410303592681885,0.9999261498451233,0
hadamard,primary,64,75,0.018734140772435244,0.999829888343811,1.0,1.0,0,0.015405597630888224,0.034112393856048584,0.999925285577774,0
hadamard,primary,64,76,0.017979848529846333,0.9998409748077393,1.0,1.0,0,0.015247606672346592,0.03412216156721115,0.9999300241470337,0
hadamard,primary,64,77,0.018940799592569453,0.9998306035995483,1.0,1.0,0,0.015535370446741581,0.03411261737346649,0.9999276697635651,0
hadamard,primary,64,78,0.007915491335251091,0.9999696016311646,1.0,0.95,0,0.015762207563966513,0.03417830914258957,0.9999188780784607,0
hadamard,primary,64,79,0.008884388414155333,0.9999637603759766,1.0,0.95,0,0.015719324350357056,0.034163713455200195,0.9999289512634277,0
hadamard,primary,64,80,0.006498653644567562,0.9999791979789734,1.0,1.0,0,0.01564589375630021,0.03415226936340332,0.999934196472168,0
hadamard,primary,64,81,0.007142301498782245,0.9999756813049316,1.0,1.0,0,0.015460600145161152,0.034107841551303864,0.9999373853206635,0
hadamard,primary,64,82,0.029714732354996172,0.9996084570884705,1.0,1.0,0,0.015340116806328297,0.03411807864904404,0.9999313354492188,0
hadamard,primary,64,83,0.010322803984902951,0.9999517798423767,1.0,1.0,0,0.015612480696290731,0.06863969564437866,0.9999195337295532,0
hadamard,primary,64,84,0.02338158353247496,0.9997274875640869,1.0,0.95,0,0.015184809919446707,0.03413795679807663,0.9999216794967651,0
hadamard,primary,64,85,0.012813371503487388,0.9999188780784607,1.0,1.0,0,0.015364784747362137,0.034066736698150635,0.9999185502529144,0
hadamard,primary,64,86,0.010877373382289446,0.9999410510063171,1.0,1.0,0,0.01518274750560522,0.03403915464878082,0.999925285577774,0
hadamard,primary,64,87,0.028592621556688447,0.9996576309204102,1.0,1.0,0,0.015555538702756166,0.03399550914764404,0.9999229311943054,0
hadamard,primary,64,88,0.04034038566807274,0.9991970062255859,1.0,0.9,0,0.017777614295482635,0.07770135998725891,0.9998845160007477,0
hadamard,primary,64,89,0.019093965991077492,0.9998267889022827,1.0,1.0,0,0.017327402718365192,0.06629706919193268,0.9998897612094879,0
hadamard,primary,64,90,0.011867059794433123,0.9999340772628784,1.0,1.0,0,0.015799460001289845,0.037822261452674866,0.9999187290668488,0
hadamard,primary,64,91,0.008583009169232807,0.9999656677246094,1.0,0.95,0,0.01531770033761859,0.037602558732032776,0.9999319911003113,0
hadamard,primary,64,92,0.010773131862908203,0.9999449253082275,1.0,1.0,0,0.015206896699965,0.03723067045211792,0.999933660030365,0
hadamard,primary,64,93,0.04462739458550451,0.9990065097808838,1.0,1.0,0,0.015099079813808203,0.038603127002716064,0.999931126832962,0
hadamard,primary,64,94,0.02111247363549933,0.9997947812080383,1.0,1.0,0,0.014960936736315489,0.04344232380390167,0.9999309778213501,0
hadamard,primary,64,95,0.006918002856667115,0.9999760985374451,1.0,1.0,0,0.014786315150558949,0.0364530086517334,0.9999371767044067,0
hadamard,primary,64,96,0.010863308722630272,0.9999419450759888,1.0,1.0,0,0.014692509546875954,0.03658902645111084,0.9999381005764008,0
hadamard,primary,64,97,0.013434078318018957,0.9999111890792847,1.0,1.0,0,0.014634900726377964,0.036383941769599915,0.9999390542507172,0
hadamard,primary,64,98,0.009469947088376438,0.9999575614929199,1.0,1.0,0,0.014571290463209152,0.03625951707363129,0.999938577413559,0
hadamard,primary,64,99,0.013581997883834724,0.9999098181724548,1.0,1.0,0,0.014536852482706308,0.0362948477268219,0.9999391138553619,0
hadamard,primary,64,100,0.08061907588498182,0.9970345497131348,1.0,0.95,0,0.014525269158184528,0.03628130257129669,0.9999379515647888,0
hadamard,primary,64,101,0.012770554027239311,0.9999263286590576,1.0,0.95,0,0.01448120828717947,0.03583960235118866,0.9999373555183411,0
hadamard,primary,64,102,0.06686595503633702,0.9978892803192139,1.0,0.95,0,0.016223011538386345,0.0702112466096878,0.9999039471149445,0
hadamard,primary,64,103,0.016949445310865476,0.99985671043396,1.0,1.0,0,0.017606393434107304,0.06568053364753723,0.9998927116394043,0
hadamard,primary,64,104,0.024344648054349417,0.9997036457061768,1.0,1.0,0,0.015734254382550716,0.034415923058986664,0.9999133050441742,0
hadamard,primary,64,105,0.09233898082821775,0.9959249496459961,1.0,0.95,0,0.015600820537656546,0.03452324867248535,0.9999253153800964,0
hadamard,primary,64,106,0.021076751332355648,0.9997802972793579,1.0,1.0,0,0.01510313292965293,0.03445909172296524,0.9999260902404785,0
hadamard,primary,64,107,0.023003667079834922,0.9997671842575073,1.0,1.0,0,0.014971171505749226,0.03445616364479065,0.9999295473098755,0
hadamard,primary,64,108,0.00799194154448336,0.9999686479568481,1.0,1.0,0,0.014852608554065228,0.03459308296442032,0.9999346137046814,0
hadamard,primary,64,109,0.011217383719795441,0.9999371767044067,1.0,1.0,0,0.014752066694200039,0.03456040471792221,0.9999376535415649,0
hadamard,primary,64,110,0.03072856121123313,0.9995432496070862,1.0,0.95,0,0.01500405604019761,0.034320928156375885,0.9999276995658875,0
hadamard,primary,64,111,0.023758183610773694,0.9997177720069885,1.0,0.95,0,0.01575838215649128,0.04365234076976776,0.9999144971370697,0
hadamard,primary,64,112,0.014291476779457581,0.9998983144760132,1.0,1.0,0,0.015154445078223944,0.03419351577758789,0.999925047159195,0
hadamard,primary,64,113,0.017983816177312182,0.9998446702957153,1.0,1.0,0,0.014653095044195652,0.034187689423561096,0.9999330341815948,0
hadamard,primary,64,114,0.018457365635890146,0.9998305439949036,1.0,0.95,0,0.014507641084492207,0.03418498486280441,0.9999347627162933,0
hadamard,primary,64,115,0.013451167556908098,0.9999114274978638,1.0,1.0,0,0.014617740642279387,0.03417752683162689,0.9999323189258575,0
hadamard,primary,64,116,0.010416145880281832,0.999945878982544,1.0,1.0,0,0.014513772446662188,0.034173496067523956,0.9999372661113739,0
hadamard,primary,64,117,0.09262650585580402,0.9973578453063965,1.0,0.95,0,0.014593625906854868,0.03911873698234558,0.999932050704956,0
hadamard,primary,64,118,0.022312445531679884,0.9997639060020447,1.0,1.0,0,0.016772313974797726,0.06361643224954605,0.9998891055583954,0
hadamard,primary,64,119,0.012054672455616859,0.9999296069145203,1.0,0.95,0,0.015253945719450712,0.034396782517433167,0.9999234080314636,0
hadamard,primary,64,120,0.022888809121815904,0.9997382760047913,1.0,0.95,0,0.01476385910063982,0.03444744646549225,0.9999287128448486,0
hadamard,primary,64,121,0.012237389199594958,0.9999275803565979,1.0,0.95,0,0.014513385482132435,0.034510597586631775,0.9999332427978516,0
hadamard,primary,64,122,0.009712635759269225,0.9999569654464722,1.0,1.0,0,0.014344184659421444,0.03418026864528656,0.999944269657135,0
hadamard,primary,64,123,0.00816520119743576,0.9999681711196899,1.0,1.0,0,0.014200029894709587,0.03304028511047363,0.9999477565288544,0
hadamard,primary,64,124,0.01041702535964525,0.9999464154243469,1.0,1.0,0,0.014173205010592937,0.032274030148983,0.9999492168426514,0
hadamard,primary,64,125,0.030774193384548072,0.9995977878570557,1.0,1.0,0,0.014268599916249514,0.033284544944763184,0.9999443888664246,0
hadamard,primary,64,126,0.018186716645666626,0.999853789806366,1.0,1.0,0,0.015230278950184584,0.053298383951187134,0.99992236495018,0
hadamard,primary,64,127,0.01188787830487187,0.9999375343322754,1.0,1.0,0,0.01460131211206317,0.034671615809202194,0.9999359846115112,0
hadamard,primary,64,128,0.008468788528408218,0.9999646544456482,1.0,1.0,0,0.014056174084544182,0.03195279836654663,0.9999467134475708,0
hadamard,stress,61,0,0.03533532134844969,0.9994163513183594,1.0,1.0,0,0.02165092620998621,0.06671068072319031,0.999809980392456,0
hadamard,stress,61,1,0.017204897435417015,0.9998537302017212,1.0,1.0,0,0.01986993383616209,0.06271648406982422,0.9998520016670227,0
hadamard,stress,61,2,0.01052140051228385,0.9999462962150574,1.0,1.0,0,0.018347500823438168,0.0609249472618103,0.9998880922794342,0
hadamard,stress,61,3,0.011411174218361173,0.9999352693557739,1.0,1.0,0,0.018602422438561916,0.060733646154403687,0.9998767077922821,0
hadamard,stress,61,4,0.010704240369234,0.9999458193778992,1.0,1.0,0,0.0192141467705369,0.060456424951553345,0.999866247177124,0
hadamard,stress,61,5,0.025720899653998326,0.9996703863143921,1.0,0.95,0,0.020040503703057766,0.0589507520198822,0.9998600780963898,0
hadamard,stress,61,6,0.02112809433312823,0.9997782707214355,1.0,1.0,0,0.018857697024941444,0.10937672853469849,0.9998787641525269,0
hadamard,stress,61,7,0.00887856101100889,0.9999638795852661,1.0,0.95,0,0.01851342711597681,0.05790531635284424,0.9998870491981506,0
hadamard,stress,61,8,0.008789594188387472,0.9999614357948303,1.0,0.95,0,0.017572405748069286,0.05722832679748535,0.9999012351036072,0
hadamard,stress,61,9,0.008442360330059285,0.999965250492096,1.0,1.0,0,0.017187698744237423,0.057023704051971436,0.9999044239521027,0
hadamard,stress,61,10,0.014699821333449627,0.9999101758003235,1.0,0.95,0,0.016770679503679276,0.056421637535095215,0.9999161958694458,0
hadamard,stress,61,11,0.0055581099283153555,0.9999850988388062,1.0,0.95,0,0.01683134213089943,0.05577734112739563,0.9999146163463593,0
hadamard,stress,61,12,0.0069802510177810586,0.9999756813049316,1.0,1.0,0,0.01641301717609167,0.05545324087142944,0.9999213516712189,0
hadamard,stress,61,13,0.011759194258281988,0.9999440908432007,1.0,1.0,0,0.016249543987214565,0.05516454577445984,0.9999215304851532,0
hadamard,stress,61,14,0.012434767821184542,0.9999232888221741,1.0,1.0,0,0.016211453825235367,0.05506694316864014,0.9999161660671234,0
hadamard,stress,61,15,0.017153313725976414,0.9999399185180664,1.0,1.0,0,0.016592729836702347,0.05481916666030884,0.9999045133590698,0
hadamard,stress,61,16,0.012022522273285286,0.9999427199363708,1.0,0.95,0,0.0160630214959383,0.05456969141960144,0.9999191462993622,0
hadamard,stress,61,17,0.052551048298249865,0.9987679719924927,1.0,1.0,0,0.016462496481835842,0.05455636978149414,0.9999123513698578,0
hadamard,stress,61,18,0.03898178375710337,0.999372124671936,1.0,0.95,0,0.016305075958371162,0.05457162857055664,0.99991574883461,0
hadamard,stress,61,19,0.014384392801329792,0.9999082684516907,1.0,0.95,0,0.016008857637643814,0.054640501737594604,0.9999228119850159,0
hadamard,stress,61,20,0.04269792064215882,0.9992645978927612,1.0,0.9,0,0.016002625692635775,0.054560452699661255,0.9999212324619293,0
hadamard,stress,61,21,0.01722535788952508,0.9998584985733032,1.0,1.0,0,0.015845899935811758,0.054537564516067505,0.9999239146709442,0
hadamard,stress,61,22,0.029289201929490607,0.9996674656867981,1.0,1.0,0,0.016031703911721706,0.05445820093154907,0.9999087154865265,0
hadamard,stress,61,23,0.0318260679423564,0.9995207786560059,1.0,1.0,0,0.01650068908929825,0.05422207713127136,0.9999090135097504,0
hadamard,stress,61,24,0.008028311307702736,0.9999683499336243,1.0,1.0,0,0.015789858531206846,0.05369243025779724,0.9999288022518158,0
hadamard,stress,61,25,0.0091845160240153,0.99996018409729,1.0,1.0,0,0.01549452031031251,0.05326133966445923,0.9999386668205261,0
hadamard,stress,61,26,0.011667843547082392,0.9999322891235352,1.0,1.0,0,0.0152567895129323,0.05281946063041687,0.9999389946460724,0
hadamard,stress,61,27,0.00879730399563368,0.9999620914459229,1.0,1.0,0,0.015174743253737688,0.052371084690093994,0.999940425157547,0
hadamard,stress,61,28,0.012298790519233658,0.9999256134033203,1.0,1.0,0,0.015058104880154133,0.05209288001060486,0.9999396800994873,0
hadamard,stress,61,29,0.00791639538117982,0.9999688863754272,0.0,1.0,0,0.014809682033956051,0.05183330178260803,0.9999440610408783,0
hadamard,stress,61,30,0.00799651914506036,0.9999680519104004,1.0,1.0,0,0.014775134157389402,0.051805317401885986,0.9999451041221619,0
hadamard,stress,61,31,0.007124186040956677,0.9999760389328003,1.0,1.0,0,0.014652243815362453,0.05171746015548706,0.9999444484710693,0
hadamard,stress,61,32,0.010248601370030053,0.9999476671218872,1.0,1.0,0,0.014582966454327106,0.051615625619888306,0.9999461472034454,0
hadamard,stress,61,33,0.009682987499579018,0.9999537467956543,1.0,1.0,0,0.014559250324964523,0.05135136842727661,0.9999506771564484,0
hadamard,stress,61,34,0.01147239780454123,0.999934196472168,1.0,1.0,0,0.014555042143911123,0.051094651222229004,0.9999500513076782,0
hadamard,stress,61,35,0.010179416526908723,0.9999488592147827,1.0,0.95,0,0.014311170671135187,0.05045372247695923,0.9999525547027588,0
hadamard,stress,61,36,0.01260723819316419,0.9999272227287292,1.0,0.95,0,0.01430711429566145,0.05017179250717163,0.9999482929706573,0
hadamard,stress,61,37,0.01105810678003265,0.999941885471344,1.0,1.0,0,0.014180963393300772,0.04986247420310974,0.99994957447052,0
hadamard,stress,61,38,0.015711636463446664,0.999876856803894,1.0,0.95,0,0.014137580525130033,0.04982730746269226,0.9999489486217499,0
hadamard,stress,61,39,0.010674051704306013,0.9999430775642395,1.0,1.0,0,0.014154982287436724,0.04975244402885437,0.9999478459358215,0
hadamard,stress,61,40,0.009512774720147443,0.9999563694000244,1.0,0.95,0,0.014032888226211071,0.04937458038330078,0.9999514222145081,0
hadamard,stress,61,41,0.008751695272875717,0.9999632835388184,1.0,1.0,0,0.013964662794023752,0.04922255873680115,0.9999517202377319,0
hadamard,stress,61,42,0.009087210502058948,0.9999647736549377,1.0,1.0,0,0.013861907180398703,0.04249945282936096,0.9999529421329498,0
hadamard,stress,61,43,0.01197235611550432,0.9999290108680725,1.0,1.0,0,0.013678513001650572,0.0401877760887146,0.9999568164348602,0
hadamard,stress,61,44,0.008370610331426654,0.9999651908874512,1.0,1.0,0,0.013722105883061886,0.03945322334766388,0.9999597370624542,0
hadamard,stress,61,45,0.008498625558560277,0.9999638795852661,1.0,1.0,0,0.013846354559063911,0.040631234645843506,0.9999576807022095,0
hadamard,stress,61,46,0.008874482284447168,0.9999606609344482,1.0,0.95,0,0.014447771478444338,0.04059457778930664,0.9999454617500305,0
hadamard,stress,61,47,0.01975887149989737,0.9998047351837158,1.0,1.0,0,0.014469072222709656,0.040389180183410645,0.9999437928199768,0
hadamard,stress,61,48,0.017655895453399437,0.9998481869697571,1.0,0.95,0,0.014905510935932398,0.04045724868774414,0.999936431646347,0
hadamard,stress,61,49,0.014918305488919589,0.9998911619186401,1.0,0.95,0,0.014124320819973946,0.03805643320083618,0.9999505281448364,0
hadamard,stress,61,50,0.020722336286355173,0.9997864961624146,1.0,0.9,0,0.014025655575096607,0.03784288465976715,0.9999519288539886,0
hadamard,stress,61,51,0.03217808286947213,0.9994861483573914,1.0,0.95,0,0.01554653886705637,0.060369670391082764,0.9999257624149323,0
hadamard,stress,61,52,0.016567018727575576,0.9998703002929688,1.0,1.0,0,0.016835879534482956,0.03786557912826538,0.9999029040336609,0
hadamard,stress,61,53,0.01041652792613535,0.9999468326568604,1.0,0.95,0,0.01568521559238434,0.04997536540031433,0.9999214112758636,0
hadamard,stress,61,54,0.008232822696021921,0.9999663233757019,1.0,1.0,0,0.015020251274108887,0.03726707398891449,0.9999372065067291,0
hadamard,stress,61,55,0.008983227864068502,0.9999598264694214,1.0,0.9,0,0.014045767951756716,0.03713023662567139,0.9999568164348602,0
hadamard,stress,61,56,0.009655629746004734,0.9999537467956543,1.0,1.0,0,0.013900931924581528,0.037047579884529114,0.9999556243419647,0
hadamard,stress,61,57,0.011318501033361546,0.9999359846115112,1.0,0.95,0,0.013786341529339552,0.03661663830280304,0.9999593794345856,0
hadamard,stress,61,58,0.017000250407641512,0.9998693466186523,1.0,0.95,0,0.013543945271521807,0.03629902005195618,0.9999673366546631,0
hadamard,stress,61,59,0.018246542533735505,0.9998342990875244,1.0,0.95,0,0.013762664515525103,0.035989224910736084,0.9999613463878632,0
hadamard,stress,61,60,0.007632847498647726,0.9999712109565735,1.0,1.0,0,0.013042302336543798,0.035826608538627625,0.999969482421875,0
hadamard,stress,61,61,0.006835979265188317,0.999976634979248,1.0,1.0,0,0.012778736185282469,0.03568689525127411,0.9999726414680481,0
hadamard,stress,61,62,0.007033979264796619,0.9999755620956421,1.0,0.95,0,0.012758935336023569,0.035619765520095825,0.999972939491272,0
hadamard,stress,61,63,0.006281834353326302,0.9999802112579346,1.0,1.0,0,0.01254786690697074,0.03550533950328827,0.9999735951423645,0
hadamard,stress,61,64,0.007858810538012382,0.9999701976776123,1.0,1.0,0,0.012416545767337084,0.03538787364959717,0.9999735653400421,0
hadamard,stress,61,65,0.011341937857766228,0.9999368786811829,1.0,1.0,0,0.01238544611260295,0.035288214683532715,0.9999722838401794,0
hadamard,stress,61,66,0.008144605783259078,0.9999669194221497,1.0,0.95,0,0.012346288654953241,0.03506655991077423,0.9999726414680481,0
hadamard,stress,61,67,0.00772488428507172,0.9999701976776123,1.0,1.0,0,0.012498832307755947,0.03500308096408844,0.9999723136425018,0
hadamard,stress,61,68,0.007038242089606084,0.999975323677063,1.0,1.0,0,0.012338334694504738,0.034908682107925415,0.9999731779098511,0
hadamard,stress,61,69,0.00837176646816881,0.9999653100967407,1.0,1.0,0,0.012239292729645967,0.03480920195579529,0.9999721348285675,0
hadamard,stress,61,70,0.077347985011526,0.9974383115768433,1.0,0.9,0,0.013038085773587227,0.03476560115814209,0.9999571740627289,0
hadamard,stress,61,71,0.006975989501769415,0.9999756813049316,1.0,1.0,0,0.012931144330650568,0.0662226676940918,0.9999536871910095,0
hadamard,stress,61,72,0.007951384507799444,0.9999688863754272,1.0,1.0,0,0.012279191054403782,0.05279940366744995,0.9999694526195526,0
hadamard,stress,61,73,0.009534962600331242,0.9999544620513916,1.0,0.95,0,0.01213960163295269,0.04032248258590698,0.9999743700027466,0
hadamard,stress,61,74,0.00772379319937932,0.9999706745147705,1.0,1.0,0,0.012054468970745802,0.034884512424468994,0.9999749958515167,0
hadamard,stress,61,75,0.007711399447382332,0.9999717473983765,1.0,1.0,0,0.011979685630649328,0.03480643033981323,0.9999769330024719,0
hadamard,stress,61,76,0.008775356358282294,0.9999736547470093,1.0,1.0,0,0.011904311366379261,0.03467923402786255,0.9999772310256958,0
hadamard,stress,61,77,0.006607004738219958,0.999978244304657,1.0,1.0,0,0.011915985029190779,0.03445710241794586,0.9999752938747406,0
hadamard,stress,61,78,0.007906070343184543,0.9999687671661377,1.0,1.0,0,0.012549850158393383,0.0339626669883728,0.9999673664569855,0
hadamard,stress,61,79,0.015363013851754455,0.9998828172683716,1.0,0.95,0,0.011934173759073019,0.033874064683914185,0.999968558549881,0
hadamard,stress,61,80,0.012156681718267736,0.9999260902404785,1.0,0.95,0,0.013185741379857063,0.0554807186126709,0.9999588131904602,0
hadamard,stress,61,81,0.007429045329576083,0.9999746680259705,1.0,1.0,0,0.012324836105108261,0.033883221447467804,0.9999603927135468,0
hadamard,stress,61,82,0.008535562100436232,0.9999637007713318,1.0,1.0,0,0.011807397473603487,0.03386788070201874,0.9999687969684601,0
hadamard,stress,61,83,0.02734234915581467,0.9996266961097717,1.0,0.95,0,0.011811194941401482,0.033853478729724884,0.9999703466892242,0
hadamard,stress,61,84,0.007665653508319881,0.9999708533287048,1.0,1.0,0,0.011815679725259542,0.03385220468044281,0.9999688267707825,0
hadamard,stress,61,85,0.015631818284292037,0.9998970031738281,1.0,0.9,0,0.011823644861578941,0.033850349485874176,0.9999687671661377,0
hadamard,stress,61,86,0.011929646385041797,0.9999297261238098,1.0,0.9,0,0.011667582206428051,0.03384985029697418,0.9999703466892242,0
hadamard,stress,61,87,0.012570555855640377,0.9999282360076904,1.0,0.95,0,0.011639022268354893,0.03383956849575043,0.9999701380729675,0
hadamard,stress,61,88,0.036790431904035435,0.9993245005607605,1.0,0.9,0,0.011971957515925169,0.03381379693746567,0.9999680817127228,0
hadamard,stress,61,89,0.0065354288914898405,0.9999786615371704,1.0,1.0,0,0.011517871171236038,0.03378118574619293,0.9999737739562988,0
hadamard,stress,61,90,0.006328795458373487,0.9999802112579346,1.0,1.0,0,0.011458159890025854,0.03376985341310501,0.9999753534793854,0
hadamard,stress,61,91,0.008016842720264986,0.9999681115150452,1.0,0.95,0,0.011372907552868128,0.033754244446754456,0.9999776780605316,0
hadamard,stress,61,92,0.007371397286430588,0.9999732375144958,1.0,1.0,0,0.011339245364069939,0.03374912589788437,0.9999760389328003,0
hadamard,stress,61,93,0.009068000901923567,0.9999599456787109,1.0,1.0,0,0.011255680117756128,0.03375556319952011,0.9999774992465973,0
hadamard,stress,61,94,0.006479169681667586,0.9999791383743286,1.0,1.0,0,0.011216218117624521,0.03375057131052017,0.9999777674674988,0
hadamard,stress,61,95,0.0116119593999464,0.9999402761459351,1.0,1.0,0,0.011210521217435598,0.03375253081321716,0.9999770820140839,0
hadamard,stress,61,96,0.006429072320155171,0.9999794363975525,1.0,1.0,0,0.011436541099101305,0.03918051719665527,0.9999752640724182,0
hadamard,stress,61,97,0.008191984582655703,0.9999665021896362,1.0,0.9,0,0.011161269154399633,0.033782340586185455,0.9999792277812958,0
hadamard,stress,61,98,0.0401366017682473,0.9991996884346008,1.0,0.95,0,0.011258700396865606,0.033810995519161224,0.9999751448631287,0
hadamard,stress,61,99,0.010234761606979352,0.9999507665634155,1.0,1.0,0,0.011816489044576883,0.049724042415618896,0.9999644160270691,0
hadamard,stress,61,100,0.006333458547094323,0.9999800324440002,1.0,0.95,0,0.011316839139908552,0.034081026911735535,0.9999732673168182,0
hadamard,stress,61,101,0.006456112081265663,0.9999796152114868,1.0,1.0,0,0.011218095198273659,0.03407078981399536,0.9999752044677734,0
hadamard,stress,61,102,0.005853410076239239,0.9999842643737793,1.0,1.0,0,0.011083557736128569,0.034056298434734344,0.9999781847000122,0
hadamard,stress,61,103,0.011133484656123977,0.9999380111694336,1.0,1.0,0,0.011004723142832518,0.03403284400701523,0.9999807476997375,0
hadamard,stress,61,104,0.006785385677140065,0.9999769330024719,1.0,1.0,0,0.01104528596624732,0.0340123251080513,0.9999786615371704,0
hadamard,stress,61,105,0.006662848589894982,0.9999793767929077,1.0,1.0,0,0.011073391884565353,0.0359499454498291,0.9999707043170929,0
hadamard,stress,61,106,0.007952794634257842,0.9999685287475586,1.0,1.0,0,0.010997884906828403,0.03404052555561066,0.999977171421051,0
hadamard,stress,61,107,0.005630987012975522,0.9999845027923584,1.0,1.0,0,0.010987430345267057,0.03402835875749588,0.9999784231185913,0
hadamard,stress,61,108,0.007826719248064053,0.9999740123748779,1.0,1.0,0,0.010881214868277311,0.034003205597400665,0.9999804794788361,0
hadamard,stress,61,109,0.00664612168798712,0.9999794363975525,1.0,0.95,0,0.010850916616618633,0.03399963676929474,0.9999820291996002,0
hadamard,stress,61,110,0.011719160990383861,0.9999325275421143,1.0,0.95,0,0.010834308806806803,0.03396771103143692,0.9999815225601196,0
hadamard,stress,61,111,0.04536897449358011,0.9990731477737427,1.0,1.0,0,0.011325666680932045,0.033949002623558044,0.999975323677063,0
hadamard,stress,61,112,0.016012118030731562,0.9998735189437866,1.0,0.95,0,0.013449346646666527,0.04311263561248779,0.999949723482132,0
hadamard,stress,61,113,0.007807711829258039,0.999970555305481,1.0,0.95,0,0.012521991971880198,0.033969104290008545,0.999959796667099,0
hadamard,stress,61,114,0.009928959455018866,0.9999678134918213,1.0,1.0,0,0.011656664777547121,0.03397552669048309,0.9999685287475586,0
hadamard,stress,61,115,0.010944471861889722,0.9999432563781738,1.0,1.0,0,0.0114892334677279,0.03397364914417267,0.9999718368053436,0
hadamard,stress,61,116,0.007459834214941976,0.9999728202819824,1.0,1.0,0,0.011471753474324942,0.03397228568792343,0.9999713599681854,0
hadamard,stress,61,117,0.014039535555211213,0.9999022483825684,1.0,1.0,0,0.01102361734956503,0.03396473824977875,0.9999776482582092,0
hadamard,stress,61,118,0.009981100984058532,0.9999526739120483,1.0,1.0,0,0.011943954043090343,0.03396841138601303,0.9999602138996124,0
hadamard,stress,61,119,0.00705168304411274,0.9999755620956421,1.0,1.0,0,0.010899113025516272,0.033954918384552,0.9999756217002869,0
hadamard,stress,61,120,0.005916128736071748,0.9999828338623047,1.0,1.0,0,0.010944663546979427,0.033942826092243195,0.9999784231185913,0
hadamard,stress,61,121,0.008240477203732003,0.9999699592590332,1.0,0.95,0,0.010799442883580923,0.03394295275211334,0.9999797642230988,0
hadamard,stress,61,122,0.007252759696124769,0.9999747276306152,1.0,0.95,0,0.010751846246421337,0.0339408814907074,0.9999805092811584,0
hadamard,stress,61,123,0.008794646172500713,0.9999613761901855,1.0,0.95,0,0.010719295125454664,0.03393714129924774,0.9999786019325256,0
hadamard,stress,61,124,0.008300323606391751,0.9999662637710571,1.0,1.0,0,0.01070644473657012,0.03393228352069855,0.9999783933162689,0
hadamard,stress,61,125,0.012669258323318713,0.9999293088912964,1.0,1.0,0,0.010607696138322353,0.03397765010595322,0.999978631734848,0
hadamard,stress,61,126,0.01197869599686838,0.9999282360076904,1.0,1.0,0,0.010608230251818895,0.03404339402914047,0.9999784827232361,0
hadamard,stress,61,127,0.005654665636665992,0.9999848008155823,1.0,1.0,0,0.010576833039522171,0.034070730209350586,0.9999794661998749,0
hadamard,stress,61,128,0.006283273758995379,0.9999834299087524,1.0,1.0,0,0.01053891284391284,0.03406250476837158,0.9999815225601196,0
hadamard,stress,61,129,0.013414306570906386,0.9999135136604309,1.0,1.0,0,0.010564818512648344,0.03405061364173889,0.9999818801879883,0
hadamard,stress,61,130,0.006735713877210486,0.9999791383743286,1.0,0.95,0,0.01066875969991088,0.07183194160461426,0.9999805092811584,0
hadamard,stress,61,131,0.007713660232949477,0.999971866607666,1.0,1.0,0,0.010490450076758862,0.034036941826343536,0.9999841153621674,0
hadamard,stress,61,132,0.0128980621982749,0.9999234676361084,1.0,1.0,0,0.010437384247779846,0.03402598202228546,0.999985009431839,0
hadamard,stress,61,133,0.006810178201672004,0.9999794960021973,1.0,1.0,0,0.010377515107393265,0.03401467204093933,0.9999842345714569,0
hadamard,stress,61,134,0.006137154547853517,0.9999825954437256,1.0,0.95,0,0.010319756343960762,0.03401116281747818,0.9999826848506927,0
hadamard,stress,61,135,0.009429178296495413,0.9999597072601318,1.0,1.0,0,0.010294908192008734,0.034007832407951355,0.999983012676239,0
hadamard,stress,61,136,0.027686058421551984,0.9996421337127686,1.0,0.95,0,0.010296134743839502,0.034007683396339417,0.9999819397926331,0
hadamard,stress,61,137,0.006113906242537515,0.9999814033508301,1.0,0.95,0,0.0102821527980268,0.03400751203298569,0.9999824464321136,0
hadamard,stress,61,138,0.007234823911608296,0.9999756813049316,1.0,1.0,0,0.010252324864268303,0.034004516899585724,0.9999836385250092,0
hadamard,stress,61,139,0.00974237591746911,0.9999526143074036,1.0,0.95,0,0.01030260557308793,0.033985741436481476,0.9999823570251465,0
hadamard,stress,61,140,0.012008220117140159,0.9999284148216248,1.0,1.0,0,0.010645117610692978,0.03396481275558472,0.9999749958515167,0
hadamard,stress,61,141,0.0063964887008578376,0.9999799728393555,1.0,1.0,0,0.01035877550020814,0.03395684063434601,0.9999785125255585,0
hadamard,stress,61,142,0.006757395625886986,0.9999784827232361,1.0,1.0,0,0.010296427179127932,0.033929407596588135,0.9999811351299286,0
hadamard,stress,61,143,0.005877126041497018,0.9999827742576599,1.0,1.0,0,0.01074689393863082,0.033801570534706116,0.9999696314334869,0
hadamard,stress,61,144,0.007050413074907825,0.9999790191650391,1.0,1.0,0,0.010278357192873955,0.03377735614776611,0.9999819397926331,0
hadamard,stress,61,145,0.006703625602342799,0.999977707862854,1.0,1.0,0,0.01021230360493064,0.03378112614154816,0.9999835193157196,0
hadamard,stress,61,146,0.0057308871849430995,0.9999836683273315,1.0,1.0,0,0.01014303183183074,0.03367098420858383,0.9999862313270569,0
hadamard,stress,61,147,0.005797701017653853,0.9999833106994629,1.0,1.0,0,0.010150497779250145,0.03364580124616623,0.9999848306179047,0
hadamard,stress,61,148,0.0091267556504909,0.9999587535858154,1.0,0.95,0,0.010140834376215935,0.033654384315013885,0.999984860420227,0
hadamard,stress,61,149,0.009873325484298447,0.9999549388885498,1.0,1.0,0,0.010194319300353527,0.03364904969930649,0.9999828934669495,0
hadamard,stress,61,150,0.021253564777402416,0.9997766017913818,1.0,1.0,0,0.01019368413835764,0.033647917211055756,0.9999798834323883,0
hadamard,stress,61,151,0.012603348147881284,0.9999219179153442,1.0,1.0,0,0.010165967978537083,0.03361336886882782,0.9999814927577972,0
hadamard,stress,61,152,0.015076945370073477,0.9998877644538879,1.0,0.95,0,0.010200309101492167,0.03362482041120529,0.9999828338623047,0
hadamard,stress,61,153,0.007530151145687682,0.9999718070030212,1.0,1.0,0,0.010908286087214947,0.05098290741443634,0.9999804198741913,0
hadamard,stress,61,154,0.009067025158072065,0.9999600052833557,1.0,1.0,0,0.01090673916041851,0.03361918777227402,0.9999808967113495,0
hadamard,stress,61,155,0.00674601314399572,0.99997878074646,1.0,1.0,0,0.010298128239810467,0.03443574905395508,0.9999858140945435,0
hadamard,stress,61,156,0.00669112361911729,0.9999783039093018,1.0,1.0,0,0.010134656447917223,0.033606044948101044,0.9999878406524658,0
hadamard,stress,61,157,0.005619569180667349,0.9999842643737793,1.0,1.0,0,0.010040933266282082,0.03359057754278183,0.999987930059433,0
hadamard,stress,61,158,0.006196611256063255,0.9999812245368958,1.0,1.0,0,0.009997004177421331,0.03358416259288788,0.999986320734024,0
hadamard,stress,61,159,0.008442298591589084,0.9999644756317139,1.0,1.0,0,0.009965154342353344,0.03358583152294159,0.9999904930591583,0
hadamard,stress,61,160,0.006237283029407891,0.9999804496765137,1.0,1.0,0,0.009979887399822474,0.03360237926244736,0.9999899566173553,0
hadamard,stress,61,161,0.006353882226000358,0.9999805092811584,1.0,1.0,0,0.009858882520347834,0.03356786072254181,0.9999921917915344,0
hadamard,stress,61,162,0.006169378634718175,0.9999814629554749,0.0,1.0,0,0.009819386526942253,0.033501893281936646,0.9999930560588837,0
hadamard,stress,61,163,0.00715296403306082,0.9999768733978271,1.0,1.0,0,0.009770496748387814,0.03347077965736389,0.9999943375587463,0
hadamard,stress,61,164,0.005642863662947276,0.999984085559845,1.0,1.0,0,0.009749469812959433,0.03346650302410126,0.9999946653842926,0
hadamard,stress,61,165,0.005852607098559984,0.9999828338623047,1.0,1.0,0,0.009765340946614742,0.033402860164642334,0.9999932944774628,0
hadamard,stress,61,166,0.00781781785225453,0.9999696612358093,1.0,1.0,0,0.009769434109330177,0.033365145325660706,0.9999938607215881,0
hadamard,stress,61,167,0.02489153301324537,0.9996916055679321,1.0,0.95,0,0.009806412737816572,0.03336862474679947,0.999995231628418,0
hadamard,stress,61,168,0.008943160148848606,0.9999629259109497,1.0,1.0,0,0.010950485710054636,0.03389045596122742,0.9999871850013733,0
hadamard,stress,61,169,0.011394661233363149,0.9999351501464844,1.0,1.0,0,0.010038419160991907,0.03344041109085083,0.9999909996986389,0
hadamard,stress,61,170,0.006371700293509461,0.9999805092811584,1.0,1.0,0,0.009712823666632175,0.03383660316467285,0.9999919235706329,0
hadamard,stress,61,171,0.009791641806316375,0.9999520778656006,1.0,1.0,0,0.00974650401622057,0.03341464698314667,0.999992161989212,0
hadamard,stress,61,172,0.007558009179480616,0.9999715089797974,1.0,1.0,0,0.009783280082046986,0.0334140807390213,0.9999901056289673,0
hadamard,stress,61,173,0.008101770143223596,0.9999672174453735,1.0,1.0,0,0.009701516479253769,0.03341258317232132,0.9999909102916718,0
hadamard,stress,61,174,0.0075940542116430905,0.99997878074646,1.0,1.0,0,0.009700163267552853,0.03340378403663635,0.9999886155128479,0
hadamard,stress,61,175,0.006397904572663116,0.9999797344207764,1.0,1.0,0,0.00971381040289998,0.03340398520231247,0.9999882578849792,0
hadamard,stress,61,176,0.010251651787559818,0.9999486207962036,1.0,1.0,0,0.009668692015111446,0.033408403396606445,0.9999889135360718,0
hadamard,stress,61,177,0.0078018530477464215,0.999971866607666,1.0,0.95,0,0.009768858086317778,0.033362604677677155,0.9999873042106628,0
hadamard,stress,61,178,0.008232199260357509,0.9999676942825317,1.0,0.95,0,0.00973243173211813,0.033365167677402496,0.9999879598617554,0
hadamard,stress,61,179,0.006935926722623401,0.999980628490448,1.0,1.0,0,0.009699028916656971,0.033376798033714294,0.9999885857105255,0
hadamard,stress,61,180,0.03878609071917644,0.9993076324462891,1.0,0.95,0,0.00966224167495966,0.03338700532913208,0.9999885261058807,0
hadamard,stress,61,181,0.09632770198107321,0.9955086708068848,1.0,0.95,0,0.0097259352914989,0.03520244359970093,0.9999893307685852,0
hadamard,stress,61,182,0.006789352281696031,0.99997878074646,1.0,1.0,0,0.009595361538231373,0.033382222056388855,0.9999909102916718,0
hadamard,stress,61,183,0.006773692491402244,0.9999770522117615,1.0,0.95,0,0.009583864826709032,0.033379927277565,0.9999920427799225,0
hadamard,stress,61,184,0.008293557204150278,0.9999656677246094,1.0,1.0,0,0.00962477270513773,0.03337867558002472,0.9999915361404419,0
hadamard,stress,61,185,0.007573176238014716,0.9999713897705078,1.0,1.0,0,0.009774394799023867,0.03494387865066528,0.9999914169311523,0
hadamard,stress,61,186,0.013203309073831321,0.999914288520813,1.0,1.0,0,0.010251094121485949,0.033374086022377014,0.9999913275241852,0
hadamard,stress,61,187,0.007331339697735988,0.9999732971191406,1.0,1.0,0,0.010180959478020668,0.03337586671113968,0.9999916255474091,0
hadamard,stress,61,188,0.023921274800123037,0.999722957611084,1.0,1.0,0,0.009848989080637693,0.03335082530975342,0.999992311000824,0
hadamard,stress,61,189,0.00908634362103348,0.9999587535858154,1.0,0.95,0,0.009761306457221508,0.033495768904685974,0.9999918639659882,0
hadamard,stress,61,190,0.012845466133536095,0.9999179244041443,1.0,1.0,0,0.010027827695012093,0.033484235405921936,0.9999900758266449,0
hadamard,stress,61,191,0.010022565422686858,0.9999522566795349,1.0,1.0,0,0.010092945769429207,0.03349841386079788,0.9999875128269196,0
hadamard,stress,61,192,0.008149153363004773,0.999967098236084,1.0,0.95,0,0.009838340803980827,0.03349515050649643,0.9999789595603943,0
hadamard,stress,61,193,0.008289077759846768,0.9999668598175049,1.0,1.0,0,0.00973212393000722,0.03349173069000244,0.9999878704547882,0
hadamard,stress,61,194,0.008544017781937783,0.9999639391899109,1.0,1.0,0,0.009666417725384235,0.033481307327747345,0.999989241361618,0
hadamard,stress,61,195,0.020745846965008852,0.9997857809066772,1.0,1.0,0,0.009626587852835655,0.033473215997219086,0.9999901056289673,0
hadamard,stress,61,196,0.008994128387355181,0.9999595284461975,1.0,1.0,0,0.00962274381890893,0.03347960114479065,0.9999897181987762,0
hadamard,stress,61,197,0.008469830358000563,0.9999649524688721,1.0,0.95,0,0.009628848172724247,0.0334688201546669,0.9999895393848419,0
hadamard,stress,61,198,0.033623538769088,0.9994587898254395,1.0,0.9,0,0.009822262916713953,0.03346549719572067,0.9999876618385315,0
hadamard,stress,61,199,0.015143894888253856,0.9998856782913208,1.0,1.0,0,0.01000441424548626,0.040018439292907715,0.9999862611293793,0
hadamard,stress,61,200,0.006775639056189712,0.9999771118164062,1.0,1.0,0,0.009704729076474905,0.03346763551235199,0.9999895989894867,0
hadamard,stress,61,201,0.0073150915991267605,0.9999739527702332,1.0,1.0,0,0.009559128433465958,0.03345480561256409,0.999991774559021,0
hadamard,stress,61,202,0.006753355413880959,0.9999816417694092,1.0,1.0,0,0.009551175870001316,0.03346187621355057,0.9999928772449493,0
hadamard,stress,61,203,0.005879995569994169,0.9999827146530151,1.0,0.95,0,0.009516509249806404,0.03346139192581177,0.999993085861206,0
hadamard,stress,61,204,0.006729877502068912,0.9999777674674988,1.0,1.0,0,0.009472089353948832,0.03345855325460434,0.9999926090240479,0
hadamard,stress,61,205,0.006704794295670823,0.9999798536300659,1.0,1.0,0,0.009415154810994864,0.033454395830631256,0.9999935925006866,0
hadamard,stress,61,206,0.006476211573965037,0.9999790787696838,1.0,1.0,0,0.009422791190445423,0.03345420956611633,0.9999924898147583,0
hadamard,stress,61,207,0.006440460657341547,0.9999796152114868,1.0,1.0,0,0.009412376210093498,0.03345557302236557,0.9999920427799225,0
hadamard,stress,61,208,0.00826989142911972,0.9999707341194153,1.0,1.0,0,0.009421799331903458,0.03349676728248596,0.9999901652336121,0
hadamard,stress,61,209,0.005775943210029881,0.9999834895133972,1.0,1.0,0,0.00943833589553833,0.03351297974586487,0.9999957978725433,0
hadamard,stress,61,210,0.006407496194160548,0.999979555606842,1.0,1.0,0,0.009341087192296982,0.0334794819355011,0.9999961853027344,0
hadamard,stress,61,211,0.005997681662921334,0.9999821186065674,1.0,1.0,0,0.00930812582373619,0.03345538675785065,0.9999959766864777,0
hadamard,stress,61,212,0.011843947980220999,0.9999298453330994,1.0,1.0,0,0.009359512943774462,0.033474914729595184,0.999995619058609,0
hadamard,stress,61,213,0.0066301814211783576,0.9999781847000122,1.0,1.0,0,0.010723802261054516,0.033483557403087616,0.9999940395355225,0
hadamard,stress,61,214,0.008288725649029454,0.9999723434448242,1.0,1.0,0,0.009545853827148676,0.033465899527072906,0.9999944567680359,0
hadamard,stress,61,215,0.02543312110251778,0.9996774196624756,1.0,0.95,0,0.009526739362627268,0.033465057611465454,0.999993622303009,0
hadamard,stress,61,216,0.00851044142424031,0.9999643564224243,1.0,0.95,0,0.010128616821020842,0.03348618745803833,0.9999926686286926,0
hadamard,stress,61,217,0.005992330910593659,0.999982476234436,1.0,0.95,0,0.00953073613345623,0.03348392993211746,0.9999911487102509,0
hadamard,stress,61,218,0.006196027642174976,0.9999810457229614,1.0,1.0,0,0.009355182759463787,0.03346753120422363,0.9999905228614807,0
hadamard,stress,61,219,0.05048975114235379,0.9987317323684692,1.0,0.95,0,0.009306279476732016,0.03345548361539841,0.999989926815033,0
hadamard,stress,61,220,0.008050339842981879,0.9999676942825317,1.0,0.95,0,0.009355956222862005,0.03336653113365173,0.9999889433383942,0
hadamard,stress,61,221,0.010404541674545085,0.9999505877494812,1.0,1.0,0,0.009302826598286629,0.033359937369823456,0.9999895691871643,0
hadamard,stress,61,222,0.00872214237322202,0.9999761581420898,1.0,1.0,0,0.00927430810406804,0.033352069556713104,0.9999904930591583,0
hadamard,stress,61,223,0.011246052261226429,0.9999373555183411,1.0,1.0,0,0.009325358550995588,0.03335008770227432,0.9999893307685852,0
hadamard,stress,61,224,0.006768697142713188,0.9999777674674988,1.0,1.0,0,0.010114665608853102,0.03334778547286987,0.9999900758266449,0
hadamard,stress,61,225,0.006511190716147113,0.9999791383743286,1.0,0.95,0,0.009575890377163887,0.03334856033325195,0.999990701675415,0
hadamard,stress,61,226,0.007453601159680261,0.999972403049469,1.0,1.0,0,0.009443369694054127,0.03333202749490738,0.9999905824661255,0
hadamard,stress,61,227,0.011583262700773263,0.9999330639839172,1.0,1.0,0,0.00998326251283288,0.03332036733627319,0.9999903738498688,0
hadamard,stress,61,228,0.005775656605081069,0.999983549118042,1.0,0.95,0,0.009952554944902658,0.03331427276134491,0.999989926815033,0
hadamard,stress,61,229,0.07644871735409983,0.9971233606338501,1.0,1.0,0,0.009643233846873045,0.03326874226331711,0.9999909102916718,0
hadamard,stress,61,230,0.012431887952309173,0.9999228119850159,1.0,0.95,0,0.010932461358606815,0.03637683391571045,0.9999866783618927,0
hadamard,stress,61,231,0.007186458842685236,0.9999747276306152,1.0,1.0,0,0.010817001573741436,0.033100858330726624,0.9999889135360718,0
hadamard,stress,61,232,0.006546751655102542,0.9999790787696838,1.0,1.0,0,0.009923066478222609,0.033077217638492584,0.9999938309192657,0
hadamard,stress,61,233,0.0064045420366902455,0.999979555606842,1.0,1.0,0,0.009516716469079256,0.03304380923509598,0.9999940395355225,0
hadamard,stress,61,234,0.007049314127672436,0.9999766945838928,1.0,1.0,0,0.009415059816092253,0.03303825110197067,0.9999933242797852,0
hadamard,stress,61,235,0.01748189012987225,0.9998489022254944,1.0,0.95,0,0.010595257859677076,0.033032432198524475,0.9999833405017853,0
hadamard,stress,61,236,0.021779599827623567,0.9997717142105103,1.0,0.95,0,0.012403819244354963,0.03303130716085434,0.9999817311763763,0
hadamard,stress,61,237,0.013841014579417953,0.9999066591262817,1.0,1.0,0,0.011596673633903265,0.03303349018096924,0.9999817311763763,0
hadamard,stress,61,238,0.009993468924692647,0.9999499917030334,1.0,1.0,0,0.011114377062767744,0.033063799142837524,0.9999828338623047,0
hadamard,stress,61,239,0.0064284688256176625,0.9999793767929077,1.0,1.0,0,0.01213020458817482,0.03306087106466293,0.9999629259109497,0
hadamard,stress,61,240,0.010007928935638467,0.9999504685401917,1.0,0.95,0,0.01227710535749793,0.03309301286935806,0.9999755322933197,0
hadamard,stress,61,241,0.008711524811857102,0.9999668002128601,1.0,1.0,0,0.01187412953004241,0.03308882564306259,0.9999788701534271,0
hadamard,stress,61,242,0.008135510894874295,0.9999724626541138,1.0,1.0,0,0.011319980956614017,0.033074408769607544,0.9999842643737793,0
hadamard,stress,61,243,0.007477891553644166,0.9999722838401794,1.0,1.0,0,0.011105543002486229,0.033065445721149445,0.9999838471412659,0
hadamard,stress,61,244,0.00678608424735537,0.9999772310256958,1.0,1.0,0,0.010680534411221743,0.03306214511394501,0.9999874830245972,0
hadamard,stress,61,245,0.007182510652888072,0.9999744892120361,1.0,1.0,0,0.01013653352856636,0.033060185611248016,0.9999905526638031,0
hadamard,stress,61,246,0.0070493585925967715,0.9999756813049316,1.0,1.0,0,0.009801708161830902,0.033059947192668915,0.9999907314777374,0
hadamard,stress,61,247,0.010408325241221449,0.9999507665634155,1.0,1.0,0,0.009677090682089329,0.033071309328079224,0.9999904334545135,0
hadamard,stress,61,248,0.0069872899558746345,0.9999755024909973,1.0,1.0,0,0.009610618464648724,0.033005937933921814,0.9999921023845673,0
hadamard,stress,61,249,0.005865977797758182,0.9999829530715942,1.0,1.0,0,0.00941224442794919,0.03297307342290878,0.9999951124191284,0
hadamard,stress,61,250,0.009865715137719708,0.9999515414237976,1.0,1.0,0,0.00927484454587102,0.032956548035144806,0.9999934434890747,0
hadamard,stress,61,251,0.007475657061222506,0.9999760389328003,1.0,1.0,0,0.009351164568215609,0.03292957693338394,0.9999943673610687,0
hadamard,stress,61,252,0.007660422283599059,0.9999789595603943,1.0,1.0,0,0.009269631002098322,0.03292229026556015,0.9999938309192657,0
hadamard,stress,61,253,0.02314508236501483,0.999740481376648,1.0,1.0,0,0.009205750655382872,0.032910577952861786,0.9999935925006866,0
hadamard,stress,61,254,0.04483817490553027,0.9989943504333496,1.0,1.0,0,0.009799343533813953,0.03298451751470566,0.9999912679195404,0
hadamard,stress,61,255,0.014095486453577916,0.9999022483825684,1.0,1.0,0,0.011392643209546804,0.09578520059585571,0.9999839663505554,0
hadamard,stress,61,256,0.01153656035368518,0.99993497133255,1.0,1.0,0,0.009821271058171988,0.0341663658618927,0.999987006187439,0
hadamard,stress,61,257,0.007926931758112135,0.9999707937240601,1.0,1.0,0,0.009421390481293201,0.032972000539302826,0.9999907612800598,0
hadamard,stress,61,258,0.009044762962361659,0.9999592304229736,1.0,1.0,0,0.009648043662309647,0.032960452139377594,0.9999909102916718,0
hadamard,stress,61,259,0.008037850993129758,0.9999716877937317,1.0,0.95,0,0.009677020832896233,0.0329757034778595,0.9999929666519165,0
hadamard,stress,61,260,0.007576396969260953,0.9999713897705078,1.0,1.0,0,0.009351606946438551,0.032972849905490875,0.9999929368495941,0
hadamard,stress,61,261,0.015445727167346266,0.9998947978019714,1.0,1.0,0,0.00987578695639968,0.03297019004821777,0.9999906718730927,0
hadamard,stress,61,262,0.007283091420007609,0.9999734163284302,1.0,1.0,0,0.011015706229954958,0.03296859562397003,0.9999839067459106,0
hadamard,stress,61,263,0.006348250027615816,0.9999819397926331,0.0,1.0,0,0.010111781302839518,0.04637265205383301,0.9999900758266449,0
hadamard,stress,61,264,0.014409639311289127,0.9999285340309143,1.0,0.95,0,0.00980406766757369,0.03295274078845978,0.9999911189079285,0
hadamard,stress,61,265,0.013493934640284746,0.9999091625213623,1.0,0.95,0,0.00976567855104804,0.03292899578809738,0.9999900460243225,0
hadamard,stress,61,266,0.008550636281386722,0.9999634623527527,1.0,1.0,0,0.009874420706182718,0.03288339078426361,0.9999870657920837,0
hadamard,stress,61,267,0.007194922733026713,0.9999755620956421,1.0,0.95,0,0.011082910932600498,0.03295360505580902,0.9999867677688599,0
hadamard,stress,61,268,0.008176109719717358,0.9999783039093018,1.0,0.95,0,0.01015583984553814,0.03294339030981064,0.9999835789203644,0
hadamard,stress,61,269,0.0191059192717405,0.9998226165771484,1.0,0.95,0,0.009687894023954868,0.03290747106075287,0.9999854266643524,0
hadamard,stress,61,270,0.013249723439725476,0.9999123811721802,1.0,1.0,0,0.00948944129049778,0.032829396426677704,0.9999864399433136,0
hadamard,stress,61,271,0.00704976734874159,0.9999776482582092,1.0,1.0,0,0.009259720798581839,0.03275956213474274,0.9999947845935822,0
hadamard,stress,61,272,0.011246894025492104,0.9999384880065918,1.0,1.0,0,0.009476847015321255,0.03276246786117554,0.9999947547912598,0
hadamard,stress,61,273,0.007949981153635096,0.9999716877937317,1.0,1.0,0,0.01009116368368268,0.03274913877248764,0.9999952912330627,0
hadamard,stress,61,274,0.007598453236989415,0.999973714351654,1.0,1.0,0,0.009089366067200899,0.032746315002441406,0.9999960362911224,0
hadamard,stress,61,275,0.007230006222421525,0.9999740123748779,1.0,1.0,0,0.009001452010124922,0.03274766355752945,0.9999977648258209,0
hadamard,stress,61,276,0.006422480179308725,0.9999821186065674,1.0,1.0,0,0.008908795192837715,0.03275395929813385,0.9999972879886627,0
hadamard,stress,61,277,0.006002233349251783,0.9999828338623047,1.0,0.95,0,0.008892698679119349,0.03273609280586243,0.9999986290931702,0
hadamard,stress,61,278,0.00846027897570977,0.9999645948410034,1.0,0.95,0,0.008882323279976845,0.03273220360279083,0.9999977350234985,0
hadamard,stress,61,279,0.01659809902358569,0.9998654723167419,1.0,1.0,0,0.00890034856274724,0.03271859884262085,0.999999463558197,0
hadamard,stress,61,280,0.0067230492711559155,0.9999777674674988,1.0,1.0,0,0.008873648941516876,0.03271643817424774,0.999998539686203,0
hadamard,stress,61,281,0.0059643378193538835,0.9999822378158569,1.0,1.0,0,0.008880944456905127,0.03270275890827179,0.9999986290931702,0
hadamard,stress,61,282,0.005693445903256274,0.9999842643737793,1.0,1.0,0,0.00883299857378006,0.03267011046409607,0.9999962747097015,0
hadamard,stress,61,283,0.007508310945738666,0.999971866607666,1.0,1.0,0,0.008844845928251743,0.03269282728433609,0.9999970197677612,0
hadamard,stress,61,284,0.007202354845759583,0.9999744892120361,1.0,1.0,0,0.008973526302725077,0.03269193321466446,0.9999953210353851,0
hadamard,stress,61,285,0.014088569649395264,0.9999023079872131,1.0,1.0,0,0.008864470291882753,0.03268243372440338,0.9999973177909851,0
hadamard,stress,61,286,0.006595833054867926,0.9999807476997375,1.0,1.0,0,0.008813834749162197,0.03267282992601395,0.9999971091747284,0
hadamard,stress,61,287,0.01422975260315059,0.999901533126831,1.0,0.95,0,0.008857139386236668,0.03266766667366028,0.9999969899654388,0
hadamard,stress,61,288,0.009963267712624596,0.9999504089355469,1.0,1.0,0,0.009221839718520641,0.04256740212440491,0.9999960958957672,0
hadamard,stress,61,289,0.007087396558618061,0.99997478723526,1.0,1.0,0,0.008930772542953491,0.03265749663114548,0.9999943673610687,0
hadamard,stress,61,290,0.006494362543900034,0.9999790191650391,1.0,1.0,0,0.00955185666680336,0.032641977071762085,0.9999872744083405,0
hadamard,stress,61,291,0.00672978488429402,0.9999774694442749,1.0,0.95,0,0.008885822724550962,0.03264077007770538,0.9999940097332001,0
hadamard,stress,61,292,0.01010503850497216,0.9999490976333618,1.0,1.0,0,0.008813463151454926,0.03263942897319794,0.9999949634075165,0
hadamard,stress,61,293,0.008389745547802658,0.9999685287475586,1.0,1.0,0,0.009194355458021164,0.03263428807258606,0.9999945163726807,0
hadamard,stress,61,294,0.009656802782652331,0.9999581575393677,1.0,1.0,0,0.008889408316463232,0.03263457119464874,0.9999944567680359,0
hadamard,stress,61,295,0.009103023975053198,0.9999586343765259,1.0,1.0,0,0.009215093683451414,0.0326477512717247,0.9999948143959045,0
hadamard,stress,61,296,0.00646927147577641,0.9999815225601196,1.0,0.95,0,0.00885883579030633,0.032638125121593475,0.999995082616806,0
hadamard,stress,61,297,0.010423598592881618,0.9999606609344482,1.0,1.0,0,0.008802287746220827,0.032636433839797974,0.9999929666519165,0
hadamard,stress,61,298,0.005947767497927317,0.9999833703041077,1.0,1.0,0,0.00974548002704978,0.032623566687107086,0.9999946057796478,0
hadamard,stress,61,299,0.005620595434155358,0.9999848008155823,1.0,1.0,0,0.009629223495721817,0.032613977789878845,0.9999944865703583,0
hadamard,stress,61,300,0.009166484145987142,0.9999608993530273,1.0,0.95,0,0.008733085822314024,0.03261423110961914,0.9999982416629791,0
hadamard,stress,61,301,0.04824144830038661,0.998878538608551,1.0,0.9,0,0.008753752801567316,0.03259637951850891,1.0000005066394806,0
hadamard,stress,61,302,0.015077585239325052,0.9998867511749268,1.0,1.0,0,0.008808440063148737,0.033098816871643066,0.9999971389770508,0
hadamard,stress,61,303,0.007892561826934397,0.9999730587005615,1.0,1.0,0,0.00934633333235979,0.032604753971099854,0.9999968111515045,0
hadamard,stress,61,304,0.006332060692727925,0.9999804496765137,1.0,1.0,0,0.008741730358451605,0.03259892016649246,0.9999974966049194,0
hadamard,stress,61,305,0.013073518542773018,0.9999160766601562,1.0,1.0,0,0.00863719079643488,0.03259654343128204,0.9999993443489075,0
hadamard,stress,61,306,0.0058575414805739886,0.9999831914901733,1.0,1.0,0,0.008649591822177172,0.032605744898319244,0.9999986588954926,0
hadamard,stress,61,307,0.01512545155832303,0.9998862743377686,1.0,1.0,0,0.008603828493505716,0.03259845823049545,0.9999984800815582,0
hadamard,stress,61,308,0.005983105192471384,0.9999825358390808,1.0,0.95,0,0.008575905580073595,0.03259855508804321,0.9999982416629791,0
hadamard,stress,61,309,0.00562865113226416,0.9999842047691345,1.0,1.0,0,0.00854370603337884,0.0326034352183342,0.9999997019767761,0
hadamard,stress,61,310,0.010830109000495414,0.9999463558197021,1.0,1.0,0,0.00856488337740302,0.03259740024805069,0.999999076128006,0
hadamard,stress,61,311,0.006625693233518483,0.9999781847000122,1.0,1.0,0,0.008587431628257036,0.03259923309087753,1.0000000596046448,0
hadamard,stress,61,312,0.006544189828559169,0.9999788999557495,1.0,1.0,0,0.008540126029402018,0.032600462436676025,1.0000011920928955,0
hadamard,stress,61,313,0.006402305320390397,0.9999799728393555,1.0,1.0,0,0.008507446385920048,0.03260087966918945,1.000000685453415,0
hadamard,stress,61,314,0.0061146025950257615,0.9999814033508301,1.0,1.0,0,0.008483490906655788,0.032600775361061096,1.0000014007091522,0
hadamard,stress,61,315,0.013960444962978383,0.9999051094055176,1.0,0.95,0,0.008574420120567083,0.032599397003650665,0.9999947845935822,0
hadamard,stress,61,316,0.009129478218103185,0.9999656677246094,1.0,1.0,0,0.00891188159584999,0.03543573617935181,0.9999920725822449,0
hadamard,stress,61,317,0.006821547515430563,0.9999793171882629,1.0,1.0,0,0.008587895426899195,0.03251545876264572,0.999994158744812,0
hadamard,stress,61,318,0.006454420869264907,0.9999802112579346,1.0,0.95,0,0.008553480729460716,0.03250924497842789,0.9999955594539642,0
hadamard,stress,61,319,0.009176841081855564,0.9999593496322632,1.0,1.0,0,0.00853230431675911,0.032525159418582916,0.9999961853027344,0
hadamard,stress,61,320,0.006442792143149529,0.9999837279319763,1.0,0.95,0,0.00853067496791482,0.0325259193778038,0.9999979734420776,0
hadamard,stress,61,321,0.00714327233086023,0.9999760985374451,1.0,1.0,0,0.008520315401256084,0.0325273796916008,0.9999972879886627,0
hadamard,stress,61,322,0.007142875600876532,0.9999794363975525,1.0,1.0,0,0.008493673522025347,0.032532379031181335,0.9999988079071045,0
hadamard,stress,61,323,0.008465034920020832,0.9999655485153198,1.0,1.0,0,0.008492554537951946,0.032631807029247284,0.9999967515468597,0
hadamard,stress,61,324,0.01868101567445363,0.9998273849487305,1.0,1.0,0,0.009261408355087042,0.03262128680944443,0.9999871850013733,0
hadamard,stress,61,325,0.016876740883340218,0.9998611807823181,1.0,0.95,0,0.009682219941169024,0.032610438764095306,0.9999808073043823,0
hadamard,stress,61,326,0.007969042875837782,0.9999706745147705,1.0,0.95,0,0.009559755679219961,0.03263199329376221,0.999986857175827,0
hadamard,stress,61,327,0.0073883943781661455,0.9999797344207764,1.0,1.0,0,0.009062135126441717,0.03264909237623215,0.9999937117099762,0
hadamard,stress,61,328,0.0069247713037404405,0.9999766945838928,1.0,1.0,0,0.008928168099373579,0.03265049308538437,0.999995082616806,0
hadamard,stress,61,329,0.007106366669056292,0.999976634979248,1.0,1.0,0,0.009417544584721327,0.03264927119016647,0.9999966323375702,0
hadamard,stress,61,330,0.005870553767970855,0.9999828338623047,1.0,1.0,0,0.009120907168835402,0.032625019550323486,0.9999967515468597,0
hadamard,stress,61,331,0.017433362685040078,0.9998568296432495,1.0,1.0,0,0.008761279750615358,0.03263228386640549,0.9999964237213135,0
hadamard,stress,61,332,0.0080980647781048,0.9999693036079407,1.0,1.0,0,0.009207149501889944,0.14593040943145752,0.9999940395355225,0
hadamard,stress,61,333,0.00893455056406763,0.9999631643295288,1.0,1.0,0,0.009602291509509087,0.03728175163269043,0.999992161989212,0
hadamard,stress,61,334,0.0069692423650506135,0.9999778866767883,1.0,1.0,0,0.009184131864458323,0.037969350814819336,0.9999976456165314,0
hadamard,stress,61,335,0.0077218833732882654,0.9999737739562988,1.0,1.0,0,0.008685930166393518,0.03256591409444809,0.9999987483024597,0
hadamard,stress,61,336,0.006451814527263353,0.9999807476997375,1.0,1.0,0,0.008539022877812386,0.03253728896379471,1.0000039339065552,0
hadamard,stress,61,337,0.007400076128909955,0.9999731779098511,1.0,1.0,0,0.008497588336467743,0.03248509764671326,1.000003069639206,0
hadamard,stress,61,338,0.00577445506691602,0.9999837875366211,1.0,1.0,0,0.008460687007755041,0.032449401915073395,1.000003308057785,0
hadamard,stress,61,339,0.005645464315818838,0.9999841451644897,1.0,1.0,0,0.008462630212306976,0.03244394063949585,1.0000005662441254,0
hadamard,stress,61,340,0.0060371615962041035,0.9999817609786987,1.0,1.0,0,0.009145427960902452,0.03244539350271225,0.999998539686203,0
hadamard,stress,61,341,0.006450222418483754,0.9999821782112122,1.0,1.0,0,0.009089533239603043,0.03243345767259598,0.9999993443489075,0
hadamard,stress,61,342,0.03384343018886054,0.9995794296264648,1.0,0.95,0,0.009178644511848688,0.03242884576320648,0.9999986886978149,0
hadamard,stress,61,343,0.008235105266939814,0.9999699592590332,1.0,1.0,0,0.009183661080896854,0.03242301940917969,0.9999966025352478,0
hadamard,stress,61,344,0.015953094966795756,0.999874472618103,1.0,1.0,0,0.008904087357223034,0.032423511147499084,0.9999964237213135,0
hadamard,stress,61,345,0.005295116718787231,0.9999861121177673,1.0,1.0,0,0.00873377313837409,0.03243548423051834,0.9999967813491821,0
hadamard,stress,61,346,0.0073063704286768115,0.9999761581420898,1.0,1.0,0,0.0086799506098032,0.032420188188552856,0.999996155500412,0
hadamard,stress,61,347,0.007277147096319605,0.9999762773513794,1.0,1.0,0,0.009198857937008142,0.0324186235666275,0.9999951422214508,0
hadamard,stress,61,348,0.009177551742154297,0.9999589323997498,1.0,1.0,0,0.010075994301587343,0.03241050988435745,0.9999837577342987,0
hadamard,stress,61,349,0.01244709590834046,0.9999228715896606,1.0,1.0,0,0.010004899464547634,0.03240872919559479,0.999986320734024,0
hadamard,stress,61,350,0.00665725262979464,0.9999786019325256,1.0,1.0,0,0.009553724434226751,0.03240601718425751,0.9999912977218628,0
hadamard,stress,61,351,0.00916944342648092,0.9999600052833557,1.0,1.0,0,0.009265788830816746,0.032408252358436584,0.9999939501285553,0
hadamard,stress,61,352,0.010374907087089831,0.9999570846557617,1.0,1.0,0,0.00910323765128851,0.032405637204647064,0.9999925494194031,0
hadamard,stress,61,353,0.007880633318305382,0.9999720454216003,1.0,1.0,0,0.009040291421115398,0.032407358288764954,0.9999935925006866,0
hadamard,stress,61,354,0.016167794693089734,0.9998717308044434,1.0,1.0,0,0.009029806591570377,0.03240762650966644,0.9999934732913971,0
hadamard,stress,61,355,0.010828264714655596,0.9999419450759888,1.0,0.95,0,0.00904005765914917,0.032397545874118805,0.9999952614307404,0
hadamard,stress,61,356,0.005770518044030116,0.9999833703041077,1.0,0.95,0,0.008707716129720211,0.032400839030742645,0.9999972283840179,0
hadamard,stress,61,357,0.006192388866803393,0.9999809265136719,1.0,0.95,0,0.008548255078494549,0.03240225464105606,0.9999977052211761,0
hadamard,stress,61,358,0.007796983205747779,0.9999700784683228,1.0,1.0,0,0.00848375353962183,0.03240383416414261,0.9999962747097015,0
hadamard,stress,61,359,0.0074324682201986755,0.9999724626541138,1.0,1.0,0,0.00841085845604539,0.03238774091005325,0.9999968707561493,0
hadamard,stress,61,360,0.006750847722096354,0.9999783039093018,1.0,0.95,0,0.00841208640486002,0.0323822945356369,0.9999963045120239,0
hadamard,stress,61,361,0.02908245122182337,0.9995772838592529,1.0,1.0,0,0.008419909980148077,0.03238609433174133,0.9999968409538269,0
hadamard,stress,61,362,0.017868670768782142,0.9998432397842407,1.0,0.95,0,0.00870533473789692,0.03998713195323944,0.9999960064888,0
hadamard,stress,61,363,0.01081156994941348,0.9999442100524902,1.0,1.0,0,0.009784652851521969,0.03896689414978027,0.9999940693378448,0
hadamard,stress,61,364,0.009227873083866528,0.9999575614929199,1.0,1.0,0,0.009996781125664711,0.03236560523509979,0.9999940693378448,0
hadamard,stress,61,365,0.017926926118001816,0.9998453855514526,1.0,0.95,0,0.009545234497636557,0.03236180543899536,0.999995082616806,0
hadamard,stress,61,366,0.006259622801250972,0.999983012676239,1.0,1.0,0,0.009341081138700247,0.032353296875953674,0.9999957382678986,0
hadamard,stress,61,367,0.006023131909328557,0.9999819397926331,1.0,1.0,0,0.009102840907871723,0.03234802186489105,0.9999971389770508,0
hadamard,stress,61,368,0.00810827483965992,0.999967098236084,1.0,1.0,0,0.008491864427924156,0.0323372483253479,0.9999994039535522,0
hadamard,stress,61,369,0.011183561383506702,0.9999383687973022,1.0,1.0,0,0.00837676553055644,0.032318100333213806,1.000000536441803,0
hadamard,stress,61,370,0.005614318764386283,0.9999849796295166,1.0,1.0,0,0.008379228878766298,0.03228036314249039,1.0000040531158447,0
hadamard,stress,61,371,0.005622964992916182,0.9999847412109375,1.0,1.0,0,0.0083699319511652,0.032283715903759,1.0000057220458984,0
hadamard,stress,61,372,0.014059139933497321,0.999901294708252,1.0,1.0,0,0.00890379911288619,0.03227119892835617,1.0000001192092896,0
hadamard,stress,61,373,0.008443366807092385,0.9999650716781616,1.0,0.95,0,0.009413855616003275,0.032279111444950104,0.9999990165233612,0
hadamard,stress,61,374,0.0053938197239909655,0.9999855756759644,1.0,1.0,0,0.009078015107661486,0.03226996213197708,0.9999987781047821,0
hadamard,stress,61,375,0.00594034755537733,0.9999845623970032,1.0,1.0,0,0.008295769803225994,0.032292164862155914,1.0000019073486328,0
hadamard,stress,61,376,0.008802509673376958,0.999961256980896,1.0,1.0,0,0.0082946065813303,0.03226853162050247,1.0000068545341492,0
hadamard,stress,61,377,0.006757645573983243,0.9999772310256958,1.0,1.0,0,0.008444543927907944,0.03224295377731323,1.0000064969062805,0
hadamard,stress,61,378,0.006368217894456279,0.9999800324440002,1.0,0.95,0,0.008309920318424702,0.032225944101810455,1.000003457069397,0
hadamard,stress,61,379,0.007056330110624377,0.9999760389328003,1.0,0.95,0,0.008325167465955019,0.032193295657634735,1.0000030994415283,0
hadamard,stress,61,380,0.0063889267849837495,0.9999819993972778,1.0,1.0,0,0.008299705106765032,0.03216034919023514,1.000000536441803,0
hadamard,stress,61,381,0.01452693503292357,0.9998987317085266,1.0,1.0,0,0.008281694957986474,0.032131388783454895,1.0000008344650269,0
hadamard,stress,61,382,0.021296148993076722,0.9997825622558594,1.0,0.9,0,0.00844940752722323,0.032139793038368225,0.999996691942215,0
hadamard,stress,61,383,0.01069785866915902,0.9999520778656006,1.0,1.0,0,0.00931259524077177,0.03209029883146286,0.9999976456165314,0
hadamard,stress,61,384,0.006832388646681581,0.9999768733978271,1.0,1.0,0,0.008584327064454556,0.03208287060260773,0.9999994039535522,0
hadamard,stress,61,385,0.01592283662749167,0.9998763203620911,1.0,1.0,0,0.008305678609758615,0.03209003061056137,0.9999999403953552,0
hadamard,stress,61,386,0.006911851247299292,0.9999768733978271,1.0,1.0,0,0.008267803583294153,0.03207125514745712,0.9999991953372955,0
hadamard,stress,61,387,0.006729807099008105,0.9999815225601196,1.0,1.0,0,0.008232638472691178,0.0320548415184021,0.999999612569809,0
hadamard,stress,61,388,0.0163891579600785,0.9998698234558105,1.0,1.0,0,0.009005386848002672,0.03204722702503204,0.9999964833259583,0
hadamard,stress,61,389,0.017915205224825648,0.9998465776443481,1.0,1.0,0,0.010428203269839287,0.057722389698028564,0.9999938607215881,0
hadamard,stress,61,390,0.00968659576893058,0.9999532699584961,1.0,1.0,0,0.009351931978017092,0.03261449933052063,0.9999980628490448,0
hadamard,stress,61,391,0.011269025812752211,0.999937891960144,1.0,1.0,0,0.008980764541774988,0.03203026205301285,0.9999955296516418,0
hadamard,stress,61,392,0.008344890490078744,0.9999651908874512,1.0,0.95,0,0.008917453233152628,0.03204655647277832,0.9999978244304657,0
hadamard,stress,61,393,0.012519712803820365,0.9999224543571472,1.0,1.0,0,0.008765160106122494,0.032045044004917145,0.9999957084655762,0
hadamard,stress,61,394,0.01408490042954377,0.9999009370803833,1.0,1.0,0,0.008656323421746492,0.0320710763335228,0.9999977648258209,0
hadamard,stress,61,395,0.019172265319630528,0.9998229742050171,1.0,1.0,0,0.008790343999862671,0.03207626938819885,0.9999958574771881,0
hadamard,stress,61,396,0.009504963506661742,0.9999548196792603,1.0,1.0,0,0.009011366870254278,0.03212609142065048,0.9999988377094269,0
hadamard,stress,61,397,0.007131132706930701,0.9999776482582092,1.0,1.0,0,0.008730141911655664,0.032129377126693726,1.0000029802322388,0
hadamard,stress,61,398,0.008891512441695346,0.999960720539093,1.0,1.0,0,0.008276351261883974,0.032128021121025085,1.0000054836273193,0
hadamard,stress,61,399,0.006410965313303494,0.9999796152114868,1.0,1.0,0,0.00822606054134667,0.03212863206863403,1.0000073313713074,0
hadamard,stress,61,400,0.010005690800837573,0.9999557733535767,1.0,1.0,0,0.008217749651521444,0.03208260238170624,1.0000056624412537,0
hadamard,stress,61,401,0.00626159029720639,0.9999805688858032,1.0,0.95,0,0.008235640823841095,0.032060638070106506,1.0000080466270447,0
hadamard,stress,61,402,0.005756903205638728,0.9999837279319763,1.0,1.0,0,0.008109720423817635,0.032041847705841064,1.0000093579292297,0
hadamard,stress,61,403,0.00799427590955976,0.9999767541885376,1.0,1.0,0,0.00813270709477365,0.03203918784856796,1.000009834766388,0
hadamard,stress,61,404,0.008843113400197163,0.9999608993530273,1.0,0.95,0,0.008044292917475104,0.035927534103393555,1.0000099539756775,0
hadamard,stress,61,405,0.023376341004085966,0.9997308850288391,1.0,0.95,0,0.007954282686114311,0.03202986717224121,1.0000093579292297,0
hadamard,stress,61,406,0.03589047641712775,0.9993623495101929,1.0,0.95,0,0.008891331497579813,0.03203154355287552,0.9999979138374329,0
hadamard,stress,61,407,0.00871299936344764,0.9999620914459229,1.0,1.0,0,0.009644398465752602,0.06381094455718994,0.999999612569809,0
hadamard,stress,61,408,0.00989088212324242,0.9999514222145081,1.0,1.0,0,0.008915047161281109,0.03202959895133972,1.0000025033950806,0
hadamard,stress,61,409,0.006685051326997123,0.9999780058860779,1.0,0.95,0,0.008506919257342815,0.04201798141002655,1.0000029802322388,0
hadamard,stress,61,410,0.00647325849156079,0.9999790787696838,1.0,1.0,0,0.008103802567347884,0.03200685232877731,1.0000070333480835,0
hadamard,stress,61,411,0.01929478567829852,0.9998160004615784,1.0,1.0,0,0.008024706039577723,0.03201119601726532,1.000003606081009,0
hadamard,stress,61,412,0.009412162515625452,0.9999561905860901,1.0,0.95,0,0.009095638524740934,0.03201033174991608,0.9999879002571106,0
hadamard,stress,61,413,0.006933030106466635,0.9999771118164062,1.0,0.95,0,0.012545033823698759,0.03201090544462204,0.999982088804245,0
hadamard,stress,61,414,0.014614736948483894,0.999893069267273,1.0,1.0,0,0.009707611054182053,0.03200168162584305,0.9999821186065674,0
hadamard,stress,61,415,0.006290716421811348,0.9999807476997375,1.0,1.0,0,0.009170564822852612,0.03201267868280411,0.9999842941761017,0
hadamard,stress,61,416,0.007483042013600592,0.9999722242355347,1.0,1.0,0,0.008846708107739687,0.03199681639671326,0.9999849200248718,0
hadamard,stress,61,417,0.01721737704276968,0.9998583197593689,1.0,1.0,0,0.008794595021754503,0.03199873864650726,0.999988317489624,0
hadamard,stress,61,418,0.0066195401028704935,0.9999823570251465,1.0,1.0,0,0.008749375119805336,0.031958624720573425,0.999990314245224,0
hadamard,stress,61,419,0.005513025528405383,0.9999850988388062,1.0,1.0,0,0.008780024014413357,0.031961843371391296,0.9999902844429016,0
hadamard,stress,61,420,0.009864142699248806,0.9999525547027588,1.0,1.0,0,0.008797239512205124,0.031959325075149536,0.9999922513961792,0
hadamard,stress,61,421,0.005489920483918791,0.9999849796295166,1.0,1.0,0,0.008752596564590931,0.031951241195201874,0.9999923408031464,0
hadamard,stress,61,422,0.005706659856873436,0.9999837875366211,1.0,1.0,0,0.008599795401096344,0.03194108605384827,0.9999988973140717,0
hadamard,stress,61,423,0.005900806465507691,0.9999825954437256,1.0,1.0,0,0.008150408510118723,0.031932756304740906,1.0000026524066925,0
hadamard,stress,61,424,0.006038150160590927,0.9999818205833435,0.0,1.0,0,0.008627434261143208,0.03291678428649902,1.0000017881393433,0
hadamard,stress,61,425,0.006658468746181447,0.9999799728393555,1.0,1.0,0,0.00872789230197668,0.03191949427127838,1.0000023245811462,0
hadamard,stress,61,426,0.012157334723504354,0.9999264478683472,1.0,1.0,0,0.008606149349361658,0.03190023452043533,1.0000020265579224,0
hadamard,stress,61,427,0.007095703563219013,0.9999804496765137,1.0,1.0,0,0.008541169576346874,0.03190964460372925,1.0000015199184418,0
hadamard,stress,61,428,0.005670334514552362,0.9999843835830688,1.0,0.95,0,0.00862478045746684,0.031918734312057495,1.0,0
hadamard,stress,61,429,0.005487523202182228,0.9999867677688599,1.0,1.0,0,0.008518711663782597,0.03192063421010971,1.0000003576278687,0
hadamard,stress,61,430,0.008613892690716466,0.9999676942825317,1.0,1.0,0,0.008509284816682339,0.03191603720188141,1.000000685453415,0
hadamard,stress,61,431,0.006831494965990138,0.9999767541885376,1.0,1.0,0,0.008530193008482456,0.03219771385192871,1.0000001192092896,0
hadamard,stress,61,432,0.014070594601751623,0.9999010562896729,1.0,1.0,0,0.00854426110163331,0.031875625252723694,0.9999987483024597,0
hadamard,stress,61,433,0.013179171614593154,0.9999132752418518,1.0,0.95,0,0.008797029964625835,0.03187225013971329,0.9999998807907104,0
hadamard,stress,61,434,0.007182142834649023,0.9999760389328003,1.0,1.0,0,0.009510651230812073,0.03185175359249115,0.9999962151050568,0
hadamard,stress,61,435,0.007338866439698509,0.9999744892120361,1.0,1.0,0,0.008742023725062609,0.03945660591125488,0.9999953508377075,0
hadamard,stress,61,436,0.006231384678827884,0.999984622001648,1.0,1.0,0,0.008201713673770428,0.03184650093317032,0.9999998807907104,0
hadamard,stress,61,437,0.008024922781937994,0.9999693632125854,1.0,1.0,0,0.008035348495468497,0.0318482369184494,1.0000022053718567,0
hadamard,stress,61,438,0.005752055357286875,0.9999834299087524,1.0,1.0,0,0.007976449327543378,0.03183974325656891,1.000002920627594,0
hadamard,stress,61,439,0.007237869121487541,0.9999737739562988,1.0,0.95,0,0.007988230790942907,0.03184013068675995,1.0000026226043701,0
hadamard,stress,61,440,0.009528804245058045,0.9999545216560364,1.0,1.0,0,0.008228807244449854,0.03183930367231369,1.000002235174179,0
hadamard,stress,61,441,0.01422256733258662,0.9999102354049683,1.0,0.95,0,0.00864742835983634,0.031836315989494324,0.9999997615814209,0
hadamard,stress,61,442,0.011042522853639497,0.9999399185180664,1.0,0.95,0,0.008342219516634941,0.0318407267332077,0.999998539686203,0
hadamard,stress,61,443,0.009542252062591319,0.9999545812606812,1.0,0.95,0,0.008182680001482368,0.03184353560209274,0.9999991655349731,0
hadamard,stress,61,444,0.017163602988818326,0.9998534917831421,1.0,1.0,0,0.008257098961621523,0.03185447305440903,0.9999977350234985,0
hadamard,stress,61,445,0.008386284580809346,0.9999708533287048,1.0,1.0,0,0.007985648000612855,0.03185192495584488,0.9999977648258209,0
hadamard,stress,61,446,0.006854896362562777,0.9999765157699585,1.0,0.95,0,0.007932107662782073,0.031856976449489594,0.9999992549419403,0
hadamard,stress,61,447,0.012910991855880542,0.9999289512634277,1.0,1.0,0,0.007917437935248017,0.031859301030635834,0.9999988973140717,0
hadamard,stress,61,448,0.006720063470325153,0.9999814033508301,1.0,1.0,0,0.007950247032567859,0.031800776720047,1.000001311302185,0
hadamard,stress,61,449,0.005495108259662388,0.9999849200248718,1.0,1.0,0,0.007909067207947373,0.031803198158741,1.000002384185791,0
hadamard,stress,61,450,0.008700860427516721,0.999962568283081,1.0,0.95,0,0.007884815102443099,0.0318022221326828,1.0000042915344238,0
hadamard,stress,61,451,0.011428949457507751,0.9999387860298157,1.0,1.0,0,0.007862669415771961,0.03179957717657089,1.0000027418136597,0
hadamard,stress,61,452,0.017556737115971936,0.9998558759689331,1.0,0.95,0,0.008690218906849623,0.03179917484521866,1.0000015795230865,0
hadamard,stress,61,453,0.008227254120387233,0.999968945980072,1.0,0.95,0,0.008940683212131262,0.034033358097076416,0.999996542930603,0
hadamard,stress,61,454,0.007791543356326745,0.999970018863678,1.0,0.95,0,0.010370248928666115,0.03178936988115311,0.9999828636646271,0
hadamard,stress,61,455,0.009271642313966228,0.9999609589576721,1.0,1.0,0,0.009048518724739552,0.03895510733127594,0.9999881088733673,0
hadamard,stress,61,456,0.017615553954503427,0.9998544454574585,1.0,1.0,0,0.008501713164150715,0.03178896754980087,0.9999887943267822,0
hadamard,stress,61,457,0.05218617500211349,0.9986410140991211,1.0,0.95,0,0.00852639740332961,0.031784407794475555,0.9999904930591583,0
hadamard,stress,61,458,0.009798258339093278,0.999954104423523,1.0,1.0,0,0.008520022965967655,0.03176724910736084,0.999991774559021,0
hadamard,stress,61,459,0.007097955216392053,0.9999788999557495,1.0,1.0,0,0.00871429918333888,0.03176523745059967,0.9999931454658508,0
hadamard,stress,61,460,0.006837518324636153,0.9999797940254211,1.0,1.0,0,0.008370147086679935,0.03175746649503708,0.9999942779541016,0
hadamard,stress,61,461,0.0192016908982064,0.9998164176940918,1.0,1.0,0,0.008250730577856302,0.03175438195466995,0.9999959766864777,0
hadamard,stress,61,462,0.00659149732240859,0.9999801516532898,1.0,1.0,0,0.008238114882260561,0.03174975514411926,0.9999969303607941,0
hadamard,stress,61,463,0.004953404599117449,0.9999877214431763,1.0,1.0,0,0.007970829494297504,0.031754203140735626,1.0000032782554626,0
hadamard,stress,61,464,0.008356011437692712,0.9999662637710571,1.0,1.0,0,0.007867489475756884,0.031755171716213226,1.0000061988830566,0
hadamard,stress,61,465,0.006123725012405109,0.9999812841415405,1.0,1.0,0,0.007988941157236695,0.03175496309995651,1.000007152557373,0
hadamard,stress,61,466,0.006084836590066149,0.9999818801879883,1.0,1.0,0,0.007819277234375477,0.03175412863492966,1.000008225440979,0
hadamard,stress,61,467,0.005374679460458619,0.9999865293502808,1.0,1.0,0,0.007845503743737936,0.05031442642211914,1.0000088810920715,0
hadamard,stress,61,468,0.00582550020865088,0.999983549118042,1.0,1.0,0,0.007764189504086971,0.03173750638961792,1.0000081062316895,0
hadamard,stress,61,469,0.0058536527271360215,0.9999837875366211,1.0,1.0,0,0.007778123952448368,0.031741783022880554,1.0000094175338745,0
hadamard,stress,61,470,0.009365363024522807,0.9999572038650513,1.0,1.0,0,0.0077587629202753305,0.031729474663734436,1.000007688999176,0
hadamard,stress,61,471,0.006531292889948213,0.99997878074646,1.0,0.95,0,0.007729581790044904,0.03180963546037674,1.00000661611557,0
hadamard,stress,61,472,0.0056515004894919915,0.9999841451644897,1.0,1.0,0,0.007740815170109272,0.03174147009849548,1.000006079673767,0
hadamard,stress,61,473,0.006816551320201451,0.9999768137931824,1.0,1.0,0,0.007822456303983927,0.046410560607910156,1.0000068545341492,0
hadamard,stress,61,474,0.005680990992205383,0.9999839067459106,1.0,1.0,0,0.007790542207658291,0.03174164146184921,1.000004231929779,0
hadamard,stress,61,475,0.0063879882977827766,0.9999803900718689,1.0,1.0,0,0.0077534152660518885,0.03173813968896866,1.00000661611557,0
hadamard,stress,61,476,0.006187497064855852,0.9999815821647644,1.0,1.0,0,0.0077483318746089935,0.03172617405653,1.0000051259994507,0
hadamard,stress,61,477,0.009840681904317512,0.9999517202377319,1.0,0.95,0,0.007732964586466551,0.031711146235466,1.0000047087669373,0
hadamard,stress,61,478,0.013719421793745797,0.9999140501022339,1.0,1.0,0,0.00774100492708385,0.03171335905790329,1.000002682209015,0
hadamard,stress,61,479,0.013656483596828166,0.9999090433120728,1.0,0.95,0,0.007762176916003227,0.031707488000392914,1.0000028610229492,0
hadamard,stress,61,480,0.022357160372343865,0.9997557401657104,1.0,0.95,0,0.00798397115431726,0.031723275780677795,1.0000032186508179,0
hadamard,stress,61,481,0.006567283379894798,0.9999827146530151,1.0,1.0,0,0.008492558728903532,0.031721331179142,1.000003457069397,0
hadamard,stress,61,482,0.012969817246130028,0.9999158978462219,1.0,0.95,0,0.008340439293533564,0.03171520680189133,1.000002920627594,0
hadamard,stress,61,483,0.025158052192851763,0.9997015595436096,1.0,1.0,0,0.008989674970507622,0.031707197427749634,1.000002145767212,0
hadamard,stress,61,484,0.0074709453350333965,0.9999723434448242,1.0,0.95,0,0.008663910906761885,0.031726643443107605,1.0000035762786865,0
hadamard,stress,61,485,0.010309222016352987,0.9999500513076782,1.0,1.0,0,0.00824421551078558,0.03173449635505676,1.0000026226043701,0
hadamard,stress,61,486,0.013965337637869066,0.9999079704284668,1.0,1.0,0,0.00860261032357812,0.03173478692770004,0.999982476234436,0
hadamard,stress,61,487,0.011567106441617278,0.9999339580535889,1.0,1.0,0,0.011701378505676985,0.031715087592601776,0.9999712109565735,0
hadamard,stress,61,488,0.01219230133612087,0.9999256730079651,1.0,0.95,0,0.01059752469882369,0.041466496884822845,0.9999799132347107,0
hadamard,stress,61,489,0.005480922763029683,0.9999856948852539,1.0,1.0,0,0.008961719460785389,0.03751702606678009,0.9999879598617554,0
hadamard,stress,61,490,0.007986821367817793,0.9999684691429138,1.0,0.95,0,0.008406425826251507,0.031655795872211456,0.9999973177909851,0
hadamard,stress,61,491,0.01138876076637913,0.9999388456344604,1.0,1.0,0,0.008326098788529634,0.03164660185575485,1.0000035762786865,0
hadamard,stress,61,492,0.006800977135240488,0.9999775290489197,1.0,1.0,0,0.008714030031114817,0.037515997886657715,1.0000020265579224,0
hadamard,stress,61,493,0.006643946505404259,0.9999804496765137,1.0,1.0,0,0.008043704321607947,0.03172425925731659,1.0000029802322388,0
hadamard,stress,61,494,0.005806438392425679,0.999984622001648,1.0,1.0,0,0.007980125723406672,0.03173109143972397,1.0000053644180298,0
hadamard,stress,61,495,0.0062986407701457955,0.9999802112579346,1.0,1.0,0,0.007967569632455707,0.031733438372612,1.0000059008598328,0
hadamard,stress,61,496,0.005202769150160394,0.9999886751174927,1.0,1.0,0,0.00792335020378232,0.031737037003040314,1.0000054836273193,0
hadamard,stress,61,497,0.005064593276522803,0.9999871253967285,1.0,1.0,0,0.007872582646086812,0.031745150685310364,1.000008225440979,0
hadamard,stress,61,498,0.005898725561307171,0.9999825954437256,1.0,0.95,0,0.00786177976988256,0.03176124393939972,1.000010907649994,0
hadamard,stress,61,499,0.00741996760552756,0.9999737739562988,1.0,1.0,0,0.007888606749475002,0.031715475022792816,1.0000104308128357,0
hadamard,stress,61,500,0.007466372809554944,0.9999722242355347,1.0,0.95,0,0.007964928867295384,0.03170899301767349,1.0000101923942566,0
hadamard,stress,61,501,0.005887147815124318,0.9999837279319763,1.0,1.0,0,0.007811333751305938,0.03169386833906174,1.0000113248825073,0
hadamard,stress,61,502,0.005894736480470212,0.999983549118042,1.0,1.0,0,0.007835806580260396,0.03168432414531708,1.000011920928955,0
hadamard,stress,61,503,0.006485942067142311,0.9999822378158569,1.0,1.0,0,0.007749451790004969,0.03168995678424835,1.0000104308128357,0
hadamard,stress,61,504,0.005944658697262226,0.9999823570251465,1.0,1.0,0,0.007672012085095048,0.03163404017686844,1.0000075101852417,0
hadamard,stress,61,505,0.006857485959080591,0.9999842643737793,1.0,1.0,0,0.0076536128763109446,0.031597793102264404,1.0000060200691223,0
hadamard,stress,61,506,0.005334977030176577,0.9999861121177673,1.0,0.95,0,0.007536806166172028,0.031594522297382355,1.0000099539756775,0
hadamard,stress,61,507,0.005760425550113225,0.9999858140945435,1.0,1.0,0,0.007579038385301828,0.03159989416599274,1.000011682510376,0
hadamard,stress,61,508,0.004823452296065611,0.9999885559082031,1.0,1.0,0,0.00750700943171978,0.03158271312713623,1.000012218952179,0
hadamard,stress,61,509,0.004763749354484204,0.9999891519546509,1.0,1.0,0,0.007477086503058672,0.03156767785549164,1.0000112056732178,0
hadamard,stress,61,510,0.00624845480352028,0.9999805688858032,1.0,0.95,0,0.007438549073413014,0.03156660497188568,1.0000099539756775,0
hadamard,stress,61,511,0.0055397989363233915,0.9999847412109375,1.0,1.0,0,0.007438743952661753,0.031546153128147125,1.0000098943710327,0
hadamard,stress,61,512,0.005982381114525494,0.9999822378158569,1.0,1.0,0,0.00740938913077116,0.031546033918857574,1.0000104308128357,0
