condition,phase,problem_id,token,logit_relative_l2,logit_cosine,logit_top1_match,logit_top20_overlap,logit_nonfinite,state_relative_l2,state_max_abs,state_cosine,state_nonfinite
r0,primary,60,0,0.06893026958097999,0.9979884028434753,1.0,1.0,0,0.04004437290132046,0.167219877243042,0.9992355108261108,0
r0,primary,60,1,0.08779756717451181,0.9962437152862549,1.0,0.85,0,0.03638795018196106,0.16816365718841553,0.9993785619735718,0
r0,primary,60,2,0.05391541056299121,0.9985805749893188,1.0,0.9,0,0.03829963505268097,0.41937434673309326,0.9993261396884918,0
r0,primary,60,3,0.03565117024108328,0.9995412230491638,1.0,0.95,0,0.034054841846227646,0.16189944744110107,0.9994756579399109,0
r0,primary,60,4,0.0354836822082385,0.9995276927947998,1.0,0.9,0,0.03346458077430725,0.16164541244506836,0.9994895160198212,0
r0,primary,60,5,0.034994865905281836,0.9994751811027527,1.0,1.0,0,0.03379501774907112,0.16141468286514282,0.9994887113571167,0
r0,primary,60,6,0.13853322941156984,0.9908628463745117,1.0,0.9,0,0.032735686749219894,0.1612071990966797,0.9995126724243164,0
r0,primary,60,7,0.0383924895073964,0.9992898106575012,1.0,0.95,0,0.032833097502589226,0.16107481718063354,0.999506801366806,0
r0,primary,60,8,0.0389251977493966,0.9994686841964722,1.0,0.95,0,0.034443557262420654,0.16084015369415283,0.9994641840457916,0
r0,primary,60,9,0.052274971311225465,0.9991838932037354,1.0,1.0,0,0.033057162538170815,0.16051512956619263,0.9995186030864716,0
r0,primary,60,10,0.04269760529946703,0.9991124868392944,1.0,0.9,0,0.03112955577671528,0.09828197956085205,0.999581515789032,0
r0,primary,60,11,0.024187899784276688,0.9997192621231079,1.0,1.0,0,0.03034750558435917,0.0766235888004303,0.9996069371700287,0
r0,primary,60,12,0.020654217278744898,0.9997903108596802,1.0,1.0,0,0.029582534916698933,0.07636615633964539,0.9996292889118195,0
r0,primary,60,13,0.03303230492599342,0.9994564652442932,1.0,0.9,0,0.029105307534337044,0.0760003924369812,0.9996428489685059,0
r0,primary,60,14,0.0137859680932825,0.9999098181724548,1.0,1.0,0,0.028338738717138767,0.07541197538375854,0.9996518194675446,0
r0,primary,60,15,0.019454764052618846,0.9998164176940918,1.0,1.0,0,0.027748992666602135,0.07556334137916565,0.9996611177921295,0
r0,primary,60,16,0.021713727507276452,0.9997671246528625,1.0,0.9,0,0.027393313124775887,0.07509830594062805,0.9996656775474548,0
r0,primary,60,17,0.014949192351456525,0.9998937845230103,1.0,1.0,0,0.02755554672330618,0.07512891292572021,0.9996741712093353,0
r0,primary,60,18,0.03545632180203783,0.9993759393692017,1.0,0.9,0,0.027037822641432285,0.07485514879226685,0.999679297208786,0
r0,primary,60,19,0.012624187095675855,0.9999209642410278,1.0,0.95,0,0.026967589743435383,0.07514536380767822,0.9996870160102844,0
r0,primary,60,20,0.011731940434135462,0.9999414086341858,1.0,1.0,0,0.02646815311163664,0.07543912529945374,0.9996896982192993,0
r0,primary,60,21,0.019258532733959655,0.9998217225074768,1.0,1.0,0,0.026131324470043182,0.07540997862815857,0.9996947050094604,0
r0,primary,60,22,0.016792062417119082,0.9998853802680969,1.0,1.0,0,0.02598519716411829,0.07510817050933838,0.9997024536132812,0
r0,primary,60,23,0.021608720546723872,0.9997811913490295,1.0,1.0,0,0.025622820481657982,0.0751691460609436,0.9997099936008453,0
r0,primary,60,24,0.020810059113593786,0.999785304069519,1.0,0.9,0,0.025279881432652473,0.07507646083831787,0.9997226595878601,0
r0,primary,60,25,0.02120229433453196,0.9997754096984863,1.0,1.0,0,0.02496781200170517,0.07507729530334473,0.9997281730175018,0
r0,primary,60,26,0.019046757519771935,0.9998241066932678,1.0,1.0,0,0.025123181752860546,0.07472309470176697,0.9997232854366302,0
r0,primary,60,27,0.011610574331734734,0.999932587146759,1.0,1.0,0,0.025355268269777298,0.07458949089050293,0.999731719493866,0
r0,primary,60,28,0.017400943625245927,0.9998490810394287,1.0,1.0,0,0.025478900410234928,0.07469841837882996,0.9997301399707794,0
r0,primary,60,29,0.040820185937580855,0.9993053674697876,1.0,0.9,0,0.025868356227874756,0.07090383768081665,0.9997239112854004,0
r0,primary,60,30,0.013106110564945915,0.9999178647994995,1.0,1.0,0,0.025414138101041317,0.0708831250667572,0.999734491109848,0
r0,primary,60,31,0.01610337318698871,0.9998762011528015,1.0,0.95,0,0.025264598429203033,0.07019135355949402,0.9997345805168152,0
r0,primary,60,32,0.016644988117410227,0.999861478805542,1.0,0.95,0,0.025652333162724972,0.06980189681053162,0.9997186958789825,0
r0,primary,60,33,0.013828098296224204,0.999911367893219,1.0,1.0,0,0.02530786767601967,0.06951183080673218,0.9997254014015198,0
r0,primary,60,34,0.01869106652149683,0.9998331069946289,1.0,0.95,0,0.025467916391789913,0.08050516247749329,0.9997301697731018,0
r0,primary,60,35,0.016542296992352226,0.9998723864555359,1.0,1.0,0,0.025652876123785973,0.06881564855575562,0.999730110168457,0
r0,primary,60,36,0.01867119995939068,0.9998298287391663,1.0,1.0,0,0.025157835334539413,0.06864207983016968,0.999734491109848,0
r0,primary,60,37,0.034887190299844426,0.9994044899940491,1.0,0.95,0,0.024762888438999653,0.06919455528259277,0.9997437596321106,0
r0,primary,60,38,0.014982094103261,0.9998889565467834,1.0,0.95,0,0.024836348369717598,0.06901553273200989,0.9997373223304749,0
r0,primary,60,39,0.014481860249018588,0.9999058842658997,1.0,0.95,0,0.024875369854271412,0.06887438893318176,0.9997421205043793,0
r0,primary,60,40,0.02207245028198081,0.9997700452804565,1.0,0.95,0,0.024452810175716877,0.06894490122795105,0.9997492432594299,0
r0,primary,60,41,0.030419125065196943,0.9995613098144531,1.0,1.0,0,0.02494629565626383,0.06836679577827454,0.9997380673885345,0
r0,primary,60,42,0.03342452506683912,0.999441385269165,1.0,0.95,0,0.025618476793169975,0.06649410724639893,0.9997190833091736,0
r0,primary,60,43,0.01886700898853065,0.999823808670044,1.0,0.95,0,0.025124593637883663,0.0666801929473877,0.9997259378433228,0
r0,primary,60,44,0.012993433473801858,0.9999159574508667,1.0,0.95,0,0.024856911972165108,0.0663611888885498,0.9997371435165405,0
r0,primary,60,45,0.016014040475485478,0.9998722076416016,1.0,0.95,0,0.024674654006958008,0.06637892127037048,0.999744713306427,0
r0,primary,60,46,0.011738656141012998,0.9999310970306396,1.0,0.95,0,0.024770201183855534,0.06626218557357788,0.9997503757476807,0
r0,primary,60,47,0.016183281096534326,0.9998692870140076,1.0,0.9,0,0.024696539156138897,0.0662042498588562,0.9997492134571075,0
r0,primary,60,48,0.01582184164876641,0.9998797178268433,1.0,1.0,0,0.024448170326650143,0.06664404273033142,0.9997573494911194,0
r0,primary,60,49,0.01668176241786772,0.9998677968978882,1.0,1.0,0,0.02436081413179636,0.06687173247337341,0.9997655153274536,0
r0,primary,60,50,0.018962876207392183,0.9998223781585693,1.0,1.0,0,0.023884989321231842,0.06679686903953552,0.9997699856758118,0
r0,primary,60,51,0.012500398399577645,0.9999290704727173,1.0,0.95,0,0.023085059598088264,0.06688010692596436,0.9997842013835907,0
r0,primary,60,52,0.01649659376400804,0.9998684525489807,1.0,1.0,0,0.023583359085023403,0.06614178419113159,0.9997767806053162,0
r0,primary,60,53,0.027502846516380314,0.9996235370635986,1.0,0.95,0,0.024181555956602097,0.06708022952079773,0.9997638165950775,0
r0,primary,60,54,0.022484883305657757,0.9997548460960388,1.0,1.0,0,0.024444814771413803,0.0676332414150238,0.9997599422931671,0
r0,primary,60,55,0.021974188748377713,0.9997586011886597,1.0,0.95,0,0.024881730787456036,0.06755930185317993,0.9997531473636627,0
r0,primary,60,56,0.015469334696610248,0.9998841285705566,1.0,0.95,0,0.024494766257703304,0.06753036379814148,0.9997628927230835,0
r0,primary,60,57,0.018249856027348355,0.9998348951339722,1.0,1.0,0,0.024188471026718616,0.06747663021087646,0.9997638761997223,0
r0,primary,60,58,0.013052968486719567,0.999915361404419,1.0,1.0,0,0.024021056480705738,0.06793981790542603,0.9997708797454834,0
r0,primary,60,59,0.011554093330381784,0.9999333620071411,1.0,1.0,0,0.023852364160120487,0.06762352585792542,0.9997743964195251,0
r0,primary,60,60,0.01598802822085983,0.9998723268508911,1.0,1.0,0,0.023792417719960213,0.06756559014320374,0.9997753798961639,0
r0,primary,60,61,0.013343733216827535,0.9999114274978638,1.0,1.0,0,0.023736482486128807,0.06729060411453247,0.9997776746749878,0
r0,primary,60,62,0.022868975178590836,0.9997386932373047,1.0,1.0,0,0.023856259882450104,0.0676504373550415,0.9997751116752625,0
r0,primary,60,63,0.028556071225319578,0.9996206760406494,1.0,0.95,0,0.024542114697396755,0.0744030624628067,0.9997487962245941,0
r0,primary,60,64,0.030679035809173454,0.9995344877243042,1.0,0.95,0,0.024280468001961708,0.06780821084976196,0.9997580647468567,0
r0,primary,60,65,0.01854877097405508,0.9998289346694946,1.0,1.0,0,0.024803031235933304,0.06814289093017578,0.9997398257255554,0
r0,primary,60,66,0.022952857648378514,0.9997453689575195,1.0,1.0,0,0.023700703866779804,0.06755563616752625,0.9997716844081879,0
r0,primary,60,67,0.02218332037610762,0.9997576475143433,1.0,0.95,0,0.02356723416596651,0.06667250394821167,0.9997754096984863,0
r0,primary,60,68,0.025756392199257017,0.9996761679649353,1.0,1.0,0,0.023330491967499256,0.06599459052085876,0.9997743964195251,0
r0,primary,60,69,0.017463354136284418,0.9998559951782227,1.0,0.95,0,0.02311805821955204,0.06536698341369629,0.9997649192810059,0
r0,primary,60,70,0.035412755520963145,0.9993833899497986,1.0,0.95,0,0.02593698725104332,0.07031545042991638,0.9997281730175018,0
r0,primary,60,71,0.03484604874068241,0.9994150400161743,1.0,0.9,0,0.027673928067088127,0.07812038064002991,0.9996811151504517,0
r0,primary,60,72,0.05650985059682736,0.9985432624816895,1.0,0.95,0,0.02767893113195896,0.07467839121818542,0.9996625781059265,0
r0,primary,60,73,0.021446487054037275,0.9997830390930176,1.0,0.95,0,0.027029404416680336,0.086707703769207,0.999679833650589,0
r0,primary,60,74,0.04315768053065287,0.9991270303726196,1.0,1.0,0,0.027126732282340527,0.08434698730707169,0.9996773898601532,0
r0,primary,60,75,0.018532109597257613,0.9998346567153931,1.0,1.0,0,0.02822293248027563,0.06649181246757507,0.9996545016765594,0
r0,primary,60,76,0.0377414283718959,0.9993370771408081,1.0,0.95,0,0.02731497399508953,0.0647670328617096,0.9996701180934906,0
r0,primary,60,77,0.02463982199099644,0.9997915625572205,1.0,1.0,0,0.026941129006445408,0.08145712316036224,0.9996832013130188,0
r0,primary,60,78,0.01812261088954936,0.9998490810394287,1.0,0.9,0,0.026361867785453796,0.06457746028900146,0.9996978342533112,0
r0,primary,60,79,0.03375674305419159,0.9994340538978577,1.0,0.95,0,0.025057140737771988,0.06431964039802551,0.9997372329235077,0
r0,primary,60,80,0.022415637401606164,0.9997488260269165,1.0,0.9,0,0.024705220013856888,0.0640677809715271,0.9997476637363434,0
r0,primary,60,81,0.01283347279110926,0.9999210834503174,1.0,1.0,0,0.023858550935983658,0.06507128477096558,0.9997659623622894,0
r0,primary,60,82,0.015049258279999799,0.9998980164527893,1.0,0.95,0,0.02375460136681795,0.06398522853851318,0.9997652471065521,0
r0,primary,60,83,0.05294871551779696,0.9986664652824402,1.0,0.9,0,0.023730452172458172,0.06421789526939392,0.9997648000717163,0
r0,primary,60,84,0.024081170898889944,0.999714195728302,1.0,0.9,0,0.023557898588478565,0.06407451629638672,0.9997685253620148,0
r0,primary,60,85,0.07473690002664093,0.9973796606063843,1.0,0.95,0,0.024863937869668007,0.06365624070167542,0.9997349679470062,0
r0,primary,60,86,0.012595701527883892,0.9999253153800964,1.0,1.0,0,0.02563294116407633,0.2025977373123169,0.9997223019599915,0
r0,primary,60,87,0.013038905499306974,0.9999178647994995,1.0,1.0,0,0.023695802316069603,0.16474151611328125,0.9997664093971252,0
r0,primary,60,88,0.029534353278325085,0.9995766878128052,1.0,0.95,0,0.023762406781315804,0.08560764789581299,0.9997653365135193,0
r0,primary,60,89,0.04117110778631845,0.9993544816970825,1.0,1.0,0,0.024346323683857918,0.06207704544067383,0.9997503757476807,0
r0,primary,60,90,0.026555346637986206,0.9996488094329834,1.0,0.95,0,0.02427511475980282,0.061915457248687744,0.9997498691082001,0
r0,primary,60,91,0.05380232536213618,0.9986710548400879,1.0,0.95,0,0.024043655022978783,0.062035590410232544,0.9997552037239075,0
r0,primary,60,92,0.01604751727301669,0.9998713731765747,1.0,0.95,0,0.023963285610079765,0.06211337447166443,0.9997583031654358,0
r0,primary,60,93,0.017769876717739226,0.9998431205749512,1.0,0.95,0,0.024044551886618137,0.06191927194595337,0.9997554421424866,0
r0,primary,60,94,0.019713494623913096,0.9998242259025574,1.0,0.95,0,0.02391749992966652,0.06155231595039368,0.9997581839561462,0
r0,primary,60,95,0.01455315514260066,0.9998941421508789,1.0,1.0,0,0.023652411997318268,0.06161031126976013,0.9997667074203491,0
r0,primary,60,96,0.017271093725104204,0.9998663067817688,1.0,0.9,0,0.023452317342162132,0.061358243227005005,0.9997732639312744,0
r0,primary,60,97,0.01448770279429853,0.9998959898948669,1.0,0.95,0,0.023323100060224533,0.061273276805877686,0.9997774660587311,0
r0,primary,60,98,0.01823308084833406,0.999833881855011,1.0,0.95,0,0.023179976269602776,0.06119447946548462,0.9997783303260803,0
r0,primary,60,99,0.015993351900874243,0.999874472618103,1.0,0.95,0,0.023160233162343502,0.06085467338562012,0.9997796714305878,0
r0,primary,60,100,0.0221922336951248,0.9997590780258179,1.0,0.95,0,0.023184577003121376,0.06108859181404114,0.9997785985469818,0
r0,primary,60,101,0.08138655801793795,0.9968670606613159,1.0,0.95,0,0.024382244795560837,0.060554057359695435,0.9997508525848389,0
r0,primary,60,102,0.04690783273314199,0.9989013075828552,1.0,0.95,0,0.024906997568905354,0.0707436203956604,0.9997330904006958,0
r0,primary,60,103,0.0206631600152948,0.9997885227203369,1.0,1.0,0,0.025224474258720875,0.06104820966720581,0.9997344613075256,0
r0,primary,60,104,0.028591438367217004,0.9996169805526733,1.0,1.0,0,0.02463178802281618,0.061033397912979126,0.9997449517250061,0
r0,primary,60,105,0.023201147699527587,0.9997308254241943,1.0,1.0,0,0.024289041757583618,0.060980767011642456,0.9997503161430359,0
r0,primary,60,106,0.021738345263785753,0.9997687339782715,1.0,0.95,0,0.02404374349862337,0.06102645397186279,0.9997568428516388,0
r0,primary,60,107,0.016290023636936053,0.9998700022697449,1.0,1.0,0,0.023829136975109577,0.060799211263656616,0.9997637569904327,0
r0,primary,60,108,0.01235773141649003,0.9999238848686218,1.0,0.95,0,0.023618822917342186,0.06074237823486328,0.999769389629364,0
r0,primary,60,109,0.016929543774264942,0.999889612197876,1.0,1.0,0,0.023108331486582756,0.060464680194854736,0.9997835159301758,0
r0,primary,60,110,0.01822400832299069,0.9998693466186523,1.0,0.95,0,0.022746271453797817,0.06015017628669739,0.999796986579895,0
r0,primary,60,111,0.02333073821896746,0.9997365474700928,1.0,1.0,0,0.022392436861991882,0.06016772985458374,0.99980428814888,0
r0,primary,60,112,0.01824446029521247,0.9998347759246826,1.0,1.0,0,0.02325738314539194,0.1304427981376648,0.9997831284999847,0
r0,primary,60,113,0.031758701814823036,0.9994974732398987,1.0,0.95,0,0.022886840626597404,0.06000018119812012,0.9997906684875488,0
r0,primary,60,114,0.018591570358232706,0.999828040599823,1.0,1.0,0,0.023034725338220596,0.08041882514953613,0.9997907876968384,0
r0,primary,60,115,0.009914430211592787,0.9999510049819946,1.0,1.0,0,0.02234229724854231,0.05974647402763367,0.9998063743114471,0
r0,primary,60,116,0.011150935472531568,0.9999384880065918,1.0,1.0,0,0.02184717357158661,0.059628844261169434,0.9998176991939545,0
r0,primary,60,117,0.021314113866460944,0.9997727870941162,1.0,1.0,0,0.02179585862904787,0.05943217873573303,0.9998135566711426,0
r0,primary,60,118,0.01005705885499816,0.9999496936798096,1.0,1.0,0,0.021956603042781353,0.05911451578140259,0.9998155832290649,0
r0,primary,60,119,0.0212998468004171,0.9997801780700684,1.0,1.0,0,0.022030530497431755,0.05893528461456299,0.9998157024383545,0
r0,primary,60,120,0.028008034255215655,0.9996188282966614,1.0,0.95,0,0.022395546548068523,0.06121554970741272,0.9998062252998352,0
r0,primary,60,121,0.02081337597234101,0.9997868537902832,1.0,0.9,0,0.022720450535416603,0.058526426553726196,0.9997953176498413,0
r0,primary,60,122,0.015461873189945692,0.9998918771743774,1.0,1.0,0,0.022081131115555763,0.058345139026641846,0.9998063147068024,0
r0,primary,60,123,0.01646120784601135,0.9998786449432373,1.0,0.95,0,0.021723782643675804,0.05862534046173096,0.9998241662979126,0
r0,primary,60,124,0.012920017911854357,0.9999171495437622,1.0,1.0,0,0.021762317046523094,0.058754563331604004,0.9998215734958649,0
r0,primary,60,125,0.01340816316621583,0.9999107718467712,1.0,0.95,0,0.021515200845897198,0.05891525745391846,0.9998276829719543,0
r0,primary,60,126,0.011725077851075008,0.9999345541000366,1.0,1.0,0,0.021467601880431175,0.05896395444869995,0.9998272061347961,0
r0,primary,60,127,0.018173671948380286,0.9998975396156311,1.0,1.0,0,0.02127695642411709,0.05891278386116028,0.9998289346694946,0
r0,primary,60,128,0.010809240701279827,0.9999621510505676,1.0,0.9,0,0.021043618209660053,0.058707743883132935,0.9998309016227722,0
r0,primary,61,0,0.031770017112698994,0.9995245933532715,1.0,1.0,0,0.0217055669054389,0.06573265790939331,0.9998262226581573,0
r0,primary,61,1,0.012839294905867925,0.9999225735664368,1.0,1.0,0,0.020321276038885117,0.062289655208587646,0.9998577535152435,0
r0,primary,61,2,0.011121713692262336,0.9999390244483948,1.0,1.0,0,0.019982938654720783,0.06068843603134155,0.9998666942119598,0
r0,primary,61,3,0.011361267577420897,0.9999356269836426,1.0,1.0,0,0.020111752673983574,0.06046903133392334,0.9998648166656494,0
r0,primary,61,4,0.009931487768892858,0.9999518394470215,1.0,1.0,0,0.020687955431640148,0.060170531272888184,0.99985072016716,0
r0,primary,61,5,0.025080464541198506,0.9996854662895203,1.0,0.95,0,0.019306867383420467,0.05882546305656433,0.9998804032802582,0
r0,primary,61,6,0.018130429309976104,0.9998394250869751,1.0,1.0,0,0.018831513822078705,0.11102175712585449,0.9998835325241089,0
r0,primary,61,7,0.012172604320031675,0.9999264478683472,1.0,0.95,0,0.01850087381899357,0.05777692794799805,0.999886691570282,0
r0,primary,61,8,0.00898853460832337,0.9999608993530273,1.0,0.95,0,0.018461826257407665,0.05700331926345825,0.9998865127563477,0
r0,primary,61,9,0.0076966455168329785,0.9999704360961914,1.0,1.0,0,0.017987179569900036,0.05675989389419556,0.9998957812786102,0
r0,primary,61,10,0.013846804328962879,0.999904215335846,1.0,1.0,0,0.01751577388495207,0.056161195039749146,0.9999012649059296,0
r0,primary,61,11,0.006077052048469236,0.9999816417694092,1.0,0.95,0,0.017617130652070045,0.0555441677570343,0.9998979568481445,0
r0,primary,61,12,0.0068966629237994116,0.9999779462814331,1.0,1.0,0,0.017013100907206535,0.05526566505432129,0.9999052286148071,0
r0,primary,61,13,0.00908623513738849,0.9999622106552124,1.0,1.0,0,0.017157183960080147,0.05503091216087341,0.9999057054519653,0
r0,primary,61,14,0.011959669169690849,0.999928891658783,1.0,1.0,0,0.017234597355127335,0.054906755685806274,0.9999000132083893,0
r0,primary,61,15,0.01032975881403599,0.9999728202819824,1.0,1.0,0,0.017787674441933632,0.05469965934753418,0.9998914301395416,0
r0,primary,61,16,0.009536642152556736,0.9999581575393677,1.0,0.95,0,0.016987250186502934,0.05447298288345337,0.9999067783355713,0
r0,primary,61,17,0.05210152777915816,0.9988288879394531,1.0,1.0,0,0.017197029665112495,0.054465413093566895,0.9999042451381683,0
r0,primary,61,18,0.04398124580816246,0.9992848634719849,1.0,0.95,0,0.017219665460288525,0.05449238419532776,0.9999025464057922,0
r0,primary,61,19,0.017140482012481723,0.9999101758003235,1.0,0.95,0,0.016933134756982327,0.05455419421195984,0.9999092221260071,0
r0,primary,61,20,0.03499197859144496,0.9993880987167358,1.0,0.95,0,0.016883887350559235,0.054478973150253296,0.9999100863933563,0
r0,primary,61,21,0.035360269859502004,0.9994244575500488,1.0,0.95,0,0.016994910314679146,0.05448019504547119,0.999906063079834,0
r0,primary,61,22,0.02315358851090828,0.9997459053993225,1.0,1.0,0,0.017918622121214867,0.05439749360084534,0.9998913407325745,0
r0,primary,61,23,0.024071235497274992,0.9997162818908691,1.0,0.95,0,0.017145746387541294,0.05415904521942139,0.9999049305915833,0
r0,primary,61,24,0.010200187097966624,0.9999554753303528,1.0,1.0,0,0.016520049888640642,0.05366680026054382,0.9999198615550995,0
r0,primary,61,25,0.008816176285599617,0.9999617338180542,1.0,1.0,0,0.01632807683199644,0.053251028060913086,0.999925434589386,0
r0,primary,61,26,0.011696549108101714,0.9999322891235352,1.0,1.0,0,0.01608854066580534,0.052851349115371704,0.9999251365661621,0
r0,primary,61,27,0.009286166443596778,0.9999582171440125,1.0,1.0,0,0.016102838795632124,0.0586395263671875,0.9999260306358337,0
r0,primary,61,28,0.012353981618337107,0.9999284148216248,1.0,1.0,0,0.015877777710556984,0.05224129557609558,0.9999260008335114,0
r0,primary,61,29,0.0072606926919704644,0.9999744892120361,1.0,1.0,0,0.015862227883189917,0.051990360021591187,0.9999278485774994,0
r0,primary,61,30,0.007340635936427441,0.9999730587005615,0.0,1.0,0,0.01598131423816085,0.051831066608428955,0.9999261796474457,0
r0,primary,61,31,0.007116593947587805,0.9999747276306152,1.0,0.95,0,0.015825373120605946,0.05175033211708069,0.9999257624149323,0
r0,primary,61,32,0.019535962325073087,0.9998095035552979,1.0,1.0,0,0.01583392545580864,0.051643818616867065,0.9999264776706696,0
r0,primary,61,33,0.010785849767062306,0.9999499320983887,1.0,1.0,0,0.016267627477645874,0.051385968923568726,0.9999253451824188,0
r0,primary,61,34,0.011192280220217682,0.9999375343322754,1.0,1.0,0,0.015618334989994764,0.05112159252166748,0.9999323487281799,0
r0,primary,61,35,0.00893606722140439,0.9999613761901855,1.0,1.0,0,0.015318704769015312,0.05066335201263428,0.9999344944953918,0
r0,primary,61,36,0.009758230582329828,0.9999538660049438,1.0,0.95,0,0.015314121264964342,0.05048257112503052,0.9999302625656128,0
r0,primary,61,37,0.01285434881067728,0.9999310374259949,1.0,1.0,0,0.015327852685004473,0.05023765563964844,0.999931663274765,0
r0,primary,61,38,0.01646124742793874,0.9998658895492554,1.0,0.95,0,0.015450112987309694,0.050185322761535645,0.9999286234378815,0
r0,primary,61,39,0.009536105698571367,0.9999545812606812,1.0,1.0,0,0.01544026704505086,0.05012929439544678,0.99992835521698,0
r0,primary,61,40,0.017156230247568818,0.9998591542243958,1.0,0.95,0,0.015345500316470861,0.049829840660095215,0.9999313056468964,0
r0,primary,61,41,0.010606305179179052,0.9999483823776245,1.0,1.0,0,0.015429039485752583,0.04968661069869995,0.9999299347400665,0
r0,primary,61,42,0.010973572648003777,0.9999407529830933,1.0,0.95,0,0.015152488369494677,0.042910367250442505,0.9999328553676605,0
r0,primary,61,43,0.008953113168040778,0.9999600648880005,1.0,0.95,0,0.014962253160774708,0.04116444289684296,0.9999376535415649,0
r0,primary,61,44,0.009541908004616469,0.9999545812606812,1.0,1.0,0,0.014849178027361631,0.04110106825828552,0.9999420046806335,0
r0,primary,61,45,0.009068231393577044,0.9999592304229736,1.0,1.0,0,0.014960295520722866,0.041109874844551086,0.9999378025531769,0
r0,primary,61,46,0.01272218492091333,0.9999231100082397,1.0,0.95,0,0.01594109507277608,0.04093533754348755,0.9999210834503174,0
r0,primary,61,47,0.016641147808132663,0.9998851418495178,1.0,1.0,0,0.01669558882713318,0.04095284640789032,0.9999076128005981,0
r0,primary,61,48,0.017166614928607687,0.9998542070388794,1.0,0.95,0,0.01645597256720066,0.04096677899360657,0.9999121427536011,0
r0,primary,61,49,0.011144327357802025,0.9999440312385559,1.0,1.0,0,0.015415722504258156,0.04098941385746002,0.9999291300773621,0
r0,primary,61,50,0.01415318916515215,0.9999089241027832,1.0,0.95,0,0.015165908262133598,0.0409984290599823,0.9999323189258575,0
r0,primary,61,51,0.03307906848065068,0.999453067779541,1.0,0.95,0,0.0160209690220654,0.07104706764221191,0.9999161660671234,0
r0,primary,61,52,0.01648841679722803,0.9998666048049927,1.0,0.95,0,0.017553674057126045,0.04095497727394104,0.9998905062675476,0
r0,primary,61,53,0.011319197089897187,0.9999427795410156,1.0,0.95,0,0.016830884851515293,0.04972285032272339,0.999901533126831,0
r0,primary,61,54,0.007878313227432397,0.9999717473983765,1.0,1.0,0,0.016253636684268713,0.04100780189037323,0.9999186098575592,0
r0,primary,61,55,0.009161815500955227,0.9999579787254333,1.0,0.9,0,0.015007604379206896,0.04099611937999725,0.9999407529830933,0
r0,primary,61,56,0.007853556266307049,0.9999696612358093,1.0,1.0,0,0.015175181441009045,0.04085305333137512,0.9999350905418396,0
r0,primary,61,57,0.008646332874461378,0.999964714050293,1.0,1.0,0,0.014637463726103306,0.04086020588874817,0.9999403357505798,0
r0,primary,61,58,0.01763355633930372,0.9998536109924316,1.0,0.95,0,0.015022309962660074,0.04087883234024048,0.9999290704727173,0
r0,primary,61,59,0.018880458325168326,0.9998269081115723,1.0,0.95,0,0.014901923947036266,0.039621055126190186,0.999946802854538,0
r0,primary,61,60,0.010261424209342559,0.9999663829803467,1.0,1.0,0,0.014011785853654146,0.03963927924633026,0.9999588429927826,0
r0,primary,61,61,0.007204645413311451,0.9999741315841675,1.0,0.95,0,0.01367518026381731,0.03653477132320404,0.9999628067016602,0
r0,primary,61,62,0.009548120297138304,0.9999585151672363,1.0,0.95,0,0.013621068559587002,0.03643923997879028,0.9999653995037079,0
r0,primary,61,63,0.007442602390476654,0.9999725818634033,0.0,1.0,0,0.013562213629484177,0.036358870565891266,0.9999643564224243,0
r0,primary,61,64,0.0070339231753578915,0.9999755620956421,1.0,1.0,0,0.013333964627236128,0.03635428845882416,0.9999674558639526,0
r0,primary,61,65,0.016062289103984103,0.9998769760131836,1.0,1.0,0,0.013258972205221653,0.03630766272544861,0.9999675452709198,0
r0,primary,61,66,0.00801306283192981,0.9999693632125854,1.0,0.95,0,0.013157435227185488,0.03626168519258499,0.999967098236084,0
r0,primary,61,67,0.0076575766097832345,0.9999709129333496,1.0,1.0,0,0.013137255795300007,0.0362607017159462,0.9999658167362213,0
r0,primary,61,68,0.006845222946079041,0.9999774694442749,1.0,1.0,0,0.013088824693113565,0.03627285361289978,0.9999667406082153,0
r0,primary,61,69,0.009038423582993586,0.9999611377716064,1.0,1.0,0,0.013041253667324781,0.03619571775197983,0.999964565038681,0
r0,primary,61,70,0.07055222907752567,0.9978251457214355,1.0,0.9,0,0.013329796027392149,0.0361332967877388,0.9999618530273438,0
r0,primary,61,71,0.007015959753982773,0.9999766945838928,1.0,1.0,0,0.013773252721875906,0.08714133501052856,0.9999572038650513,0
r0,primary,61,72,0.008047623195871904,0.9999687671661377,1.0,1.0,0,0.013041834812611341,0.06561493873596191,0.9999679625034332,0
r0,primary,61,73,0.009787191418646216,0.9999520778656006,1.0,0.95,0,0.013030094094574451,0.04837679862976074,0.9999706447124481,0
r0,primary,61,74,0.010890154684779241,0.9999452829360962,1.0,1.0,0,0.013036561664193869,0.03605598211288452,0.9999688565731049,0
r0,primary,61,75,0.010495088704522726,0.9999450445175171,1.0,1.0,0,0.013083324767649174,0.03610202670097351,0.9999566972255707,0
r0,primary,61,76,0.007222271505727519,0.9999768733978271,1.0,1.0,0,0.014848688151687384,0.05168271064758301,0.9999342858791351,0
r0,primary,61,77,0.006674514042045197,0.9999781847000122,1.0,1.0,0,0.013534203637391329,0.036103084683418274,0.9999532103538513,0
r0,primary,61,78,0.008157314581059963,0.999967098236084,1.0,1.0,0,0.013869368471205235,0.036077603697776794,0.9999543130397797,0
r0,primary,61,79,0.007158979834020916,0.9999743700027466,1.0,1.0,0,0.012686471454799175,0.03604571521282196,0.9999613761901855,0
r0,primary,61,80,0.010750321634305041,0.9999423623085022,1.0,0.95,0,0.012845808640122414,0.03588762879371643,0.9999616146087646,0
r0,primary,61,81,0.011558031074772112,0.9999333024024963,1.0,1.0,0,0.013482558075338602,0.035898372530937195,0.9999523460865021,0
r0,primary,61,82,0.010214868955832668,0.9999513030052185,1.0,1.0,0,0.012592308688908815,0.03593383729457855,0.9999657273292542,0
r0,primary,61,83,0.024524276523264388,0.9997085332870483,1.0,0.95,0,0.012644380796700716,0.03595329821109772,0.999966561794281,0
r0,primary,61,84,0.010053193948236902,0.9999521374702454,1.0,1.0,0,0.013744821771979332,0.03595428168773651,0.9999505877494812,0
r0,primary,61,85,0.008720464170393755,0.9999624490737915,1.0,0.95,0,0.013376582879573107,0.03596726059913635,0.999955028295517,0
r0,primary,61,86,0.008558470457650229,0.9999642968177795,1.0,1.0,0,0.012837501708418131,0.03598138689994812,0.9999601542949677,0
r0,primary,61,87,0.01395548701599669,0.999902606010437,1.0,0.95,0,0.01328373234719038,0.03597930073738098,0.9999536573886871,0
r0,primary,61,88,0.009658022599642876,0.9999542236328125,1.0,1.0,0,0.014118486549705267,0.03599601984024048,0.9999416470527649,0
r0,primary,61,89,0.0073600786991939605,0.9999781847000122,1.0,1.0,0,0.01289433240890503,0.035965949296951294,0.9999636709690094,0
r0,primary,61,90,0.006906856048333716,0.999976396560669,1.0,0.95,0,0.01232414273545146,0.03596176207065582,0.9999718070030212,0
r0,primary,61,91,0.007715745657825899,0.9999712705612183,1.0,1.0,0,0.01233725342899561,0.03597220778465271,0.9999731183052063,0
r0,primary,61,92,0.00729883656992372,0.999973475933075,1.0,1.0,0,0.012731759808957577,0.03593751788139343,0.9999690651893616,0
r0,primary,61,93,0.008202349099322883,0.9999690055847168,1.0,1.0,0,0.012188398279249668,0.03592930734157562,0.9999736845493317,0
r0,primary,61,94,0.006998222938753837,0.9999769330024719,1.0,1.0,0,0.012172323185950518,0.03591768443584442,0.9999741315841675,0
r0,primary,61,95,0.0054249083360826626,0.9999852776527405,1.0,1.0,0,0.012156111653894186,0.03588429093360901,0.9999634623527527,0
r0,primary,61,96,0.006047738369733281,0.9999818801879883,1.0,1.0,0,0.012008676771074533,0.0359017550945282,0.9999738335609436,0
r0,primary,61,97,0.00942755806443583,0.9999562501907349,1.0,0.95,0,0.012092351447790861,0.03589552640914917,0.9999668896198273,0
r0,primary,61,98,0.03969157476162353,0.9992121458053589,1.0,0.95,0,0.01414642808958888,0.035909757018089294,0.9999257326126099,0
r0,primary,61,99,0.018180601651545728,0.9998529553413391,1.0,0.95,0,0.01422399003058672,0.03624361753463745,0.9999260306358337,0
r0,primary,61,100,0.007781232501201879,0.9999697804450989,1.0,0.95,0,0.013808934483677149,0.03603433072566986,0.9999271333217621,0
r0,primary,61,101,0.006834847723454612,0.9999797344207764,1.0,1.0,0,0.012306717690080404,0.036020368337631226,0.9999522566795349,0
r0,primary,61,102,0.006819360441966007,0.9999775886535645,1.0,0.95,0,0.012152305338531733,0.03608927130699158,0.999967485666275,0
r0,primary,61,103,0.00813391433789983,0.9999669194221497,1.0,1.0,0,0.012342451605945826,0.036045968532562256,0.9999666512012482,0
r0,primary,61,104,0.007103532629525628,0.9999759197235107,1.0,1.0,0,0.012099273037165403,0.03594854474067688,0.9999704360961914,0
r0,primary,61,105,0.007524479054303762,0.999971866607666,1.0,1.0,0,0.01246580109000206,0.03596501052379608,0.9999527037143707,0
r0,primary,61,106,0.007396849185578645,0.9999746084213257,1.0,1.0,0,0.012736312579363585,0.03593188524246216,0.9999456107616425,0
r0,primary,61,107,0.005856202897926653,0.9999828934669495,1.0,1.0,0,0.011908452492207289,0.036077409982681274,0.9999636113643646,0
r0,primary,61,108,0.00903286308329287,0.9999595880508423,1.0,1.0,0,0.011844347231090069,0.036077022552490234,0.999972015619278,0
r0,primary,61,109,0.007571014513641317,0.9999716281890869,1.0,1.0,0,0.0117953484877944,0.03602983057498932,0.9999744594097137,0
r0,primary,61,110,0.009934933298978467,0.9999600648880005,1.0,1.0,0,0.011662416160106659,0.03607127070426941,0.9999750256538391,0
r0,primary,61,111,0.015336889996706217,0.9998952746391296,1.0,1.0,0,0.01164805144071579,0.0360683798789978,0.9999736249446869,0
r0,primary,61,112,0.014560076532426438,0.9998958110809326,1.0,0.95,0,0.01180109940469265,0.03605647385120392,0.999972015619278,0
r0,primary,61,113,0.007602004741423777,0.9999717473983765,1.0,1.0,0,0.012525370344519615,0.036090388894081116,0.9999692142009735,0
r0,primary,61,114,0.008157753054218389,0.9999730587005615,1.0,1.0,0,0.011998384725302458,0.03608056902885437,0.9999720752239227,0
r0,primary,61,115,0.011057092234393766,0.9999393820762634,1.0,0.95,0,0.01191710028797388,0.03610388934612274,0.9999713599681854,0
r0,primary,61,116,0.007379955176668147,0.9999744296073914,1.0,1.0,0,0.01187169412150979,0.03609967231750488,0.9999690651893616,0
r0,primary,61,117,0.014113575012049092,0.9999039769172668,1.0,1.0,0,0.011768627911806107,0.036107853055000305,0.9999741315841675,0
r0,primary,61,118,0.010878067564712546,0.9999409914016724,1.0,1.0,0,0.01186467707157135,0.03612382709980011,0.999972015619278,0
r0,primary,61,119,0.007820392588792378,0.9999704360961914,0.0,1.0,0,0.011738522909581661,0.0361098051071167,0.9999747276306152,0
r0,primary,61,120,0.006151276736404333,0.9999810457229614,1.0,1.0,0,0.01179829565808177,0.03612634539604187,0.9999759197235107,0
r0,primary,61,121,0.007647245234846391,0.9999710917472839,1.0,1.0,0,0.01165163516998291,0.036102235317230225,0.9999769926071167,0
r0,primary,61,122,0.007086990605752671,0.9999753832817078,1.0,0.95,0,0.011596537195146084,0.03608940541744232,0.9999772906303406,0
r0,primary,61,123,0.007049828165146954,0.999975323677063,1.0,1.0,0,0.01153017533943057,0.03611175715923309,0.9999761283397675,0
r0,primary,61,124,0.008338449943692934,0.999965488910675,1.0,1.0,0,0.011453993618488312,0.036086395382881165,0.9999752938747406,0
r0,primary,61,125,0.01132085559877308,0.9999372959136963,1.0,1.0,0,0.011419656686484814,0.03608596324920654,0.9999755024909973,0
r0,primary,61,126,0.015057283172396069,0.9998866319656372,1.0,1.0,0,0.011403525713831186,0.03611312806606293,0.9999755322933197,0
r0,primary,61,127,0.008897615112802194,0.9999645948410034,1.0,1.0,0,0.011435702443122864,0.03608796000480652,0.9999753832817078,0
r0,primary,61,128,0.0066650539432091,0.9999808073043823,1.0,1.0,0,0.011513540986925364,0.03609730303287506,0.999975860118866,0
r0,primary,64,0,0.024291905141311434,0.9997050762176514,1.0,1.0,0,0.024419967085123062,0.0594935417175293,0.9997423589229584,0
r0,primary,64,1,0.012975905783389344,0.9999184608459473,1.0,0.95,0,0.024907234124839306,0.05318155884742737,0.999742716550827,0
r0,primary,64,2,0.018880459528075474,0.9998230934143066,1.0,1.0,0,0.02205081842839718,0.051752328872680664,0.9998086094856262,0
r0,primary,64,3,0.011894959346050797,0.999939501285553,1.0,0.95,0,0.02156616561114788,0.05120617151260376,0.9998165667057037,0
r0,primary,64,4,0.010158844702109409,0.999963104724884,1.0,0.95,0,0.020964011549949646,0.0506589412689209,0.9998390078544617,0
r0,primary,64,5,0.017255269404674325,0.9998523592948914,1.0,1.0,0,0.02186401654034853,0.050372421741485596,0.9998090863227844,0
r0,primary,64,6,0.013537135012555396,0.9999209642410278,1.0,1.0,0,0.023918000981211662,0.06145048141479492,0.9997926354408264,0
r0,primary,64,7,0.017504312914697732,0.9998591542243958,1.0,1.0,0,0.023272386752068996,0.06160688400268555,0.9997911751270294,0
r0,primary,64,8,0.016153508238597052,0.9998780488967896,1.0,0.95,0,0.022970241494476795,0.05038231611251831,0.9997984170913696,0
r0,primary,64,9,0.012402694088462705,0.9999239444732666,1.0,1.0,0,0.02213985752314329,0.04943513870239258,0.9998169243335724,0
r0,primary,64,10,0.010970501679839302,0.9999409914016724,1.0,1.0,0,0.022563401609659195,0.04906606674194336,0.9998227655887604,0
r0,primary,64,11,0.01217870987656954,0.9999272227287292,1.0,0.95,0,0.022140417248010635,0.04909679293632507,0.9998418390750885,0
r0,primary,64,12,0.0075483567696044895,0.9999721050262451,1.0,1.0,0,0.02123501244932413,0.04932686686515808,0.9998539984226227,0
r0,primary,64,13,0.007408274110626024,0.9999730587005615,1.0,0.95,0,0.02089552953839302,0.04933992028236389,0.9998609721660614,0
r0,primary,64,14,0.007045243376007284,0.9999753832817078,1.0,0.95,0,0.02024111896753311,0.04943689703941345,0.9998656511306763,0
r0,primary,64,15,0.008636564020272203,0.9999627470970154,1.0,1.0,0,0.01995179057121277,0.0494135320186615,0.9998710751533508,0
r0,primary,64,16,0.010232797553710545,0.9999476075172424,1.0,1.0,0,0.01967137586325407,0.04949745535850525,0.999873161315918,0
r0,primary,64,17,0.008731233418546555,0.9999627470970154,1.0,1.0,0,0.01945730485022068,0.04930317401885986,0.9998728632926941,0
r0,primary,64,18,0.13412510398051708,0.9951520562171936,1.0,0.9,0,0.020327918231487274,0.04941025376319885,0.9998685419559479,0
r0,primary,64,19,0.02430421216312031,0.9997349381446838,1.0,0.95,0,0.02110922709107399,0.11167283356189728,0.999843180179596,0
r0,primary,64,20,0.010186572987567394,0.999950647354126,1.0,1.0,0,0.020404289476573467,0.049458593130111694,0.9998670220375061,0
r0,primary,64,21,0.008177292400191232,0.9999697208404541,1.0,1.0,0,0.020283332094550133,0.04955416917800903,0.9998745918273926,0
r0,primary,64,22,0.01021813074658903,0.9999540448188782,1.0,1.0,0,0.01960492692887783,0.04964977502822876,0.9998757243156433,0
r0,primary,64,23,0.02271669590816705,0.9997522234916687,1.0,0.9,0,0.019129520282149315,0.04985448718070984,0.9998793303966522,0
r0,primary,64,24,0.010304111815452726,0.9999509453773499,1.0,1.0,0,0.018968514166772366,0.04974079132080078,0.9998781383037567,0
r0,primary,64,25,0.015304800736506663,0.9998865127563477,1.0,1.0,0,0.01951274648308754,0.05944091081619263,0.9998736679553986,0
r0,primary,64,26,0.014274619960572332,0.9998981952667236,1.0,1.0,0,0.021024172194302082,0.04967731237411499,0.9998543560504913,0
r0,primary,64,27,0.008413664059920459,0.9999669790267944,1.0,1.0,0,0.020373184233903885,0.04960647225379944,0.9998635947704315,0
r0,primary,64,28,0.014050929474905601,0.9999176263809204,1.0,1.0,0,0.02036187145859003,0.04966282844543457,0.9998611509799957,0
r0,primary,64,29,0.025682548109798795,0.9996728897094727,1.0,1.0,0,0.020148529671132565,0.06823745369911194,0.9998627603054047,0
r0,primary,64,30,0.01488356793995048,0.9999414682388306,1.0,1.0,0,0.01973105315119028,0.054808467626571655,0.9998641610145569,0
r0,primary,64,31,0.009239783712244983,0.9999573230743408,1.0,1.0,0,0.01953068096190691,0.05209977924823761,0.9998688697814941,0
r0,primary,64,32,0.02139582315415198,0.9997768402099609,1.0,1.0,0,0.01919021364301443,0.0491795539855957,0.9998699128627777,0
r0,primary,64,33,0.013917962731673686,0.9999299049377441,1.0,1.0,0,0.019088375382125378,0.04891049861907959,0.9998728930950165,0
r0,primary,64,34,0.00795952252527859,0.9999688863754272,1.0,1.0,0,0.019392041489481926,0.049248069524765015,0.9998870491981506,0
r0,primary,64,35,0.010608233089089283,0.9999598860740662,1.0,1.0,0,0.01814814656972885,0.04922962188720703,0.9998994171619415,0
r0,primary,64,36,0.018117741836996198,0.9998420476913452,1.0,1.0,0,0.017474778927862644,0.03818318247795105,0.9999121427536011,0
r0,primary,64,37,0.0098934501835497,0.9999556541442871,1.0,1.0,0,0.017540178261697292,0.03736448287963867,0.9999004602432251,0
r0,primary,64,38,0.007739218688677652,0.9999703168869019,1.0,1.0,0,0.017391828820109367,0.036021411418914795,0.9999180734157562,0
r0,primary,64,39,0.010580939889808638,0.9999589920043945,1.0,0.95,0,0.017794433049857616,0.0359838604927063,0.9999074935913086,0
r0,primary,64,40,0.017141070651671635,0.9998767375946045,1.0,0.95,0,0.01837214082479477,0.03602004051208496,0.9999103844165802,0
r0,primary,64,41,0.011541141525389868,0.9999376535415649,1.0,1.0,0,0.018444083631038666,0.0402103066444397,0.9998999834060669,0
r0,primary,64,42,0.009080117464480009,0.9999600648880005,1.0,1.0,0,0.01848745159804821,0.043642282485961914,0.9999099671840668,0
r0,primary,64,43,0.009361439947238837,0.9999566078186035,1.0,1.0,0,0.01781638152897358,0.04233264923095703,0.9999157190322876,0
r0,primary,64,44,0.014243955557182449,0.9998989105224609,1.0,0.95,0,0.017198468558490276,0.03589099645614624,0.999916285276413,0
r0,primary,64,45,0.008255778194646833,0.9999696612358093,1.0,1.0,0,0.01652751863002777,0.03585463762283325,0.9999242424964905,0
r0,primary,64,46,0.013170434189512597,0.9999150633811951,1.0,0.95,0,0.0163404680788517,0.035866737365722656,0.9999253153800964,0
r0,primary,64,47,0.01890116514858416,0.9998250603675842,1.0,1.0,0,0.016477055847644806,0.03588801622390747,0.9999214112758636,0
r0,primary,64,48,0.05248404578485008,0.9986224174499512,1.0,1.0,0,0.017408648505806923,0.0409623384475708,0.9999043941497803,0
r0,primary,64,49,0.02206915323025174,0.9997637867927551,1.0,0.95,0,0.01667464803904295,0.035765230655670166,0.9999116361141205,0
r0,primary,64,50,0.017700819800704773,0.9998641014099121,1.0,1.0,0,0.016755390912294388,0.03587186336517334,0.9999087750911713,0
r0,primary,64,51,0.03733977505440401,0.9993035793304443,1.0,1.0,0,0.01727407332509756,0.03586435317993164,0.9998972415924072,0
r0,primary,64,52,0.012000291579121749,0.9999316930770874,1.0,0.95,0,0.017733661457896233,0.07270050048828125,0.9998869001865387,0
r0,primary,64,53,0.008298578609476411,0.9999688863754272,1.0,1.0,0,0.016243217512965202,0.035763561725616455,0.9999223947525024,0
r0,primary,64,54,0.007315577051321545,0.9999755024909973,1.0,1.0,0,0.015664825215935707,0.036052823066711426,0.9999333918094635,0
r0,primary,64,55,0.028131398266637322,0.9997367858886719,1.0,0.95,0,0.01620835904031992,0.035781919956207275,0.9999247789382935,0
r0,primary,64,56,0.010653862603176726,0.9999508857727051,1.0,0.95,0,0.01672953460365534,0.03654789924621582,0.9999178946018219,0
r0,primary,64,57,0.016201673196721222,0.9998760223388672,1.0,0.95,0,0.015868371352553368,0.03566819429397583,0.9999205768108368,0
r0,primary,64,58,0.008597742683792188,0.9999666213989258,1.0,1.0,0,0.015547845512628555,0.035890936851501465,0.9999269843101501,0
r0,primary,64,59,0.016684699662042744,0.9998730421066284,1.0,1.0,0,0.015615997835993767,0.035836219787597656,0.9999237358570099,0
r0,primary,64,60,0.013884656340711515,0.999917209148407,1.0,1.0,0,0.01561790332198143,0.03580629825592041,0.9999241530895233,0
r0,primary,64,61,0.009746135802782952,0.9999549984931946,1.0,1.0,0,0.015330526512116194,0.03577375411987305,0.9999260008335114,0
r0,primary,64,62,0.011451115980858783,0.9999344348907471,1.0,1.0,0,0.015550836455076933,0.03577238321304321,0.9999263882637024,0
r0,primary,64,63,0.039943232625958,0.9992263317108154,1.0,0.95,0,0.01599842170253396,0.04204678535461426,0.9999145269393921,0
r0,primary,64,64,0.00971952961843145,0.9999533295631409,1.0,1.0,0,0.016921537928283215,0.04498988389968872,0.9999012649059296,0
r0,primary,64,65,0.019532468245442677,0.9998117685317993,1.0,1.0,0,0.016498157288879156,0.03536272048950195,0.9999172687530518,0
r0,primary,64,66,0.012548656418003488,0.9999216794967651,1.0,0.95,0,0.01814884040504694,0.035353124141693115,0.999889999628067,0
r0,primary,64,67,0.015856309977551178,0.999876856803894,1.0,1.0,0,0.01797726098448038,0.035127997398376465,0.999890923500061,0
r0,primary,64,68,0.009856225397962095,0.9999527335166931,1.0,1.0,0,0.01686182525008917,0.03558480739593506,0.9999081194400787,0
r0,primary,64,69,0.009250319449553622,0.9999663829803467,1.0,1.0,0,0.016334081534296274,0.03512728214263916,0.9999165832996368,0
r0,primary,64,70,0.02366322977149185,0.9997252821922302,1.0,0.95,0,0.016562268137931824,0.035141825675964355,0.9999120533466339,0
r0,primary,64,71,0.035497074459549,0.9994015097618103,1.0,0.95,0,0.01701126154512167,0.06126725673675537,0.9999002516269684,0
r0,primary,64,72,0.023871459168632075,0.9997168779373169,1.0,1.0,0,0.016542160883545876,0.0352746844291687,0.9999081790447235,0
r0,primary,64,73,0.009296956214638713,0.9999569654464722,1.0,1.0,0,0.015677297953516245,0.03524297475814819,0.9999198019504547,0
r0,primary,64,74,0.008798130012582226,0.9999618530273438,1.0,1.0,0,0.015425083693116903,0.0351487398147583,0.9999227523803711,0
r0,primary,64,75,0.019440315913312835,0.9998157024383545,1.0,1.0,0,0.015356829389929771,0.03521507978439331,0.999922901391983,0
r0,primary,64,76,0.016547406901709753,0.9998748302459717,1.0,1.0,0,0.015215663239359856,0.035418808460235596,0.9999265372753143,0
r0,primary,64,77,0.01197865657974809,0.999948263168335,1.0,1.0,0,0.015071859583258629,0.0353885293006897,0.9999273419380188,0
r0,primary,64,78,0.007771257747320315,0.9999700784683228,1.0,0.95,0,0.014880257192999125,0.035489022731781006,0.999933123588562,0
r0,primary,64,79,0.009445775061426083,0.9999630451202393,1.0,0.95,0,0.01476031867787242,0.035510122776031494,0.9999357759952545,0
r0,primary,64,80,0.006321041197512869,0.9999801516532898,0.0,1.0,0,0.01446512108668685,0.035427987575531006,0.9999420344829559,0
r0,primary,64,81,0.009460292267414962,0.9999553561210632,1.0,0.95,0,0.014708160422742367,0.03540802001953125,0.9999388158321381,0
r0,primary,64,82,0.007469256669437943,0.9999731779098511,1.0,1.0,0,0.015276120975613594,0.03525274991989136,0.9999345541000366,0
r0,primary,64,83,0.007480100678711957,0.9999752044677734,1.0,1.0,0,0.014590189792215824,0.03518331050872803,0.9999380707740784,0
r0,primary,64,84,0.010498325850187116,0.9999467730522156,1.0,0.95,0,0.014387068338692188,0.03515857458114624,0.9999400675296783,0
r0,primary,64,85,0.00677803849442888,0.9999771118164062,1.0,1.0,0,0.014305970631539822,0.03516995906829834,0.9999407231807709,0
r0,primary,64,86,0.006677033086713726,0.9999781250953674,1.0,1.0,0,0.014329982455819845,0.03514528274536133,0.9999395608901978,0
r0,primary,64,87,0.027088243033311213,0.9996814727783203,1.0,1.0,0,0.015569203067570925,0.03512853384017944,0.9999320805072784,0
r0,primary,64,88,0.06567362727189745,0.9979426860809326,1.0,0.9,0,0.01730335969477892,0.07309520244598389,0.9998856782913208,0
r0,primary,64,89,0.03821506302185781,0.9994564056396484,1.0,0.95,0,0.01693180250003934,0.09817074239253998,0.9998911917209625,0
r0,primary,64,90,0.007798081473800805,0.9999707341194153,1.0,1.0,0,0.01633786177262664,0.06273016333580017,0.9999168813228607,0
r0,primary,64,91,0.00618192007516878,0.9999809265136719,1.0,1.0,0,0.015428151935338974,0.04266609251499176,0.9999248385429382,0
r0,primary,64,92,0.00903422539068287,0.9999637007713318,1.0,1.0,0,0.015078434720635414,0.04253317415714264,0.9999274611473083,0
r0,primary,64,93,0.02663098349168683,0.9996565580368042,1.0,0.95,0,0.01479631569236517,0.04170779883861542,0.9999322891235352,0
r0,primary,64,94,0.012015801327464494,0.9999289512634277,1.0,1.0,0,0.014730201102793217,0.04183875024318695,0.9999346435070038,0
r0,primary,64,95,0.007303860453677958,0.9999784827232361,1.0,1.0,0,0.014136411249637604,0.04125998914241791,0.9999432265758514,0
r0,primary,64,96,0.00952493820440578,0.9999549388885498,1.0,1.0,0,0.01397984754294157,0.041207730770111084,0.9999447762966156,0
r0,primary,64,97,0.015067109277630102,0.9998925924301147,1.0,1.0,0,0.013915240298956633,0.041085585951805115,0.9999453723430634,0
r0,primary,64,98,0.009691287237408688,0.9999530911445618,1.0,1.0,0,0.013780125882476568,0.04111352562904358,0.9999447166919708,0
r0,primary,64,99,0.00822154143253222,0.9999677538871765,1.0,1.0,0,0.01368426764383912,0.04092726111412048,0.9999465048313141,0
r0,primary,64,100,0.012240614429301667,0.9999252557754517,1.0,1.0,0,0.013662652112543583,0.04071533679962158,0.9999457001686096,0
r0,primary,64,101,0.008501156191038806,0.9999675154685974,1.0,1.0,0,0.013627315405756235,0.04071119427680969,0.9999451637268066,0
r0,primary,64,102,0.07573879432781705,0.9976381063461304,1.0,0.95,0,0.01713795866817236,0.07604818046092987,0.9998939335346222,0
r0,primary,64,103,0.02012106537748996,0.9998000860214233,1.0,1.0,0,0.018263052217662334,0.08400022983551025,0.9998832941055298,0
r0,primary,64,104,0.05170901449613922,0.9986624121665955,1.0,0.95,0,0.01745320577174425,0.040392935276031494,0.9998927712440491,0
r0,primary,64,105,0.09039907472451678,0.9960618615150452,1.0,1.0,0,0.01744065899401903,0.04012379050254822,0.9998930096626282,0
r0,primary,64,106,0.022993702898660033,0.9997451305389404,1.0,1.0,0,0.016547289676964283,0.0396168977022171,0.9999013841152191,0
r0,primary,64,107,0.013341097405615059,0.9999116063117981,1.0,1.0,0,0.015990087762475014,0.0394572913646698,0.9999147355556488,0
r0,primary,64,108,0.008624012094409257,0.9999648332595825,1.0,1.0,0,0.01533632492646575,0.03958539664745331,0.9999296069145203,0
r0,primary,64,109,0.010772019069367991,0.9999423027038574,1.0,1.0,0,0.015174666419625282,0.039562880992889404,0.9999311566352844,0
r0,primary,64,110,0.010155853035336523,0.9999549388885498,1.0,1.0,0,0.015053441748023033,0.03953801095485687,0.9999323487281799,0
r0,primary,64,111,0.029695048898989326,0.999573826789856,1.0,0.95,0,0.015266901813447475,0.03941948711872101,0.9999243021011353,0
r0,primary,64,112,0.010415103073677646,0.999946117401123,1.0,1.0,0,0.015551912132650614,0.039583101868629456,0.9999220073223114,0
r0,primary,64,113,0.020959711474951917,0.999782145023346,1.0,1.0,0,0.015254507772624493,0.03925055265426636,0.9999285638332367,0
r0,primary,64,114,0.019705877113934775,0.9998113512992859,1.0,0.95,0,0.015166732482612133,0.03913024067878723,0.9999276399612427,0
r0,primary,64,115,0.013159813555677621,0.9999136924743652,1.0,1.0,0,0.015234714839607477,0.0391499400138855,0.9999270737171173,0
r0,primary,64,116,0.01653254295247114,0.9998633861541748,1.0,1.0,0,0.014880653005093336,0.03905820846557617,0.9999326467514038,0
r0,primary,64,117,0.07429672925480889,0.9978988170623779,1.0,0.9,0,0.014838570728898048,0.03905650973320007,0.999927431344986,0
r0,primary,64,118,0.020440157120618845,0.9997931122779846,1.0,0.95,0,0.01557192299515009,0.03763531148433685,0.9999181628227234,0
r0,primary,64,119,0.016166117668963764,0.9998717904090881,1.0,0.95,0,0.015297784935683012,0.03770184516906738,0.9999223351478577,0
r0,primary,64,120,0.019773237711590466,0.9998046159744263,1.0,0.95,0,0.014987323433160782,0.03770671784877777,0.9999255239963531,0
r0,primary,64,121,0.016663090276957455,0.9998791217803955,1.0,1.0,0,0.014762121252715588,0.037701770663261414,0.9999298453330994,0
r0,primary,64,122,0.009322214962997283,0.9999566078186035,1.0,1.0,0,0.01467785332351923,0.03678935766220093,0.9999376833438873,0
r0,primary,64,123,0.009255652043126696,0.9999576210975647,1.0,1.0,0,0.014185027219355106,0.035614535212516785,0.9999471604824066,0
r0,primary,64,124,0.009681020156693306,0.9999533891677856,1.0,1.0,0,0.014440704602748156,0.04162478446960449,0.999942421913147,0
r0,primary,64,125,0.020417297663027897,0.9997915625572205,1.0,1.0,0,0.014400707557797432,0.03617357462644577,0.99994295835495,0
r0,primary,64,126,0.018517252495080433,0.9998353123664856,1.0,1.0,0,0.014621071983128786,0.03611265495419502,0.9999374449253082,0
r0,primary,64,127,0.013770054580730369,0.9999165534973145,1.0,1.0,0,0.014607461169362068,0.036558959633111954,0.9999354779720306,0
r0,primary,64,128,0.008020080080148002,0.9999679923057556,1.0,1.0,0,0.014197991695255041,0.04549705982208252,0.9999406039714813,0
r0,stress,61,0,0.031770017112698994,0.9995245933532715,1.0,1.0,0,0.0217055669054389,0.06573265790939331,0.9998262226581573,0
r0,stress,61,1,0.012839294905867925,0.9999225735664368,1.0,1.0,0,0.020321276038885117,0.062289655208587646,0.9998577535152435,0
r0,stress,61,2,0.011121713692262336,0.9999390244483948,1.0,1.0,0,0.019982938654720783,0.06068843603134155,0.9998666942119598,0
r0,stress,61,3,0.011361267577420897,0.9999356269836426,1.0,1.0,0,0.020111752673983574,0.06046903133392334,0.9998648166656494,0
r0,stress,61,4,0.009931487768892858,0.9999518394470215,1.0,1.0,0,0.020687955431640148,0.060170531272888184,0.99985072016716,0
r0,stress,61,5,0.025080464541198506,0.9996854662895203,1.0,0.95,0,0.019306867383420467,0.05882546305656433,0.9998804032802582,0
r0,stress,61,6,0.018130429309976104,0.9998394250869751,1.0,1.0,0,0.018831513822078705,0.11102175712585449,0.9998835325241089,0
r0,stress,61,7,0.012172604320031675,0.9999264478683472,1.0,0.95,0,0.01850087381899357,0.05777692794799805,0.999886691570282,0
r0,stress,61,8,0.00898853460832337,0.9999608993530273,1.0,0.95,0,0.018461826257407665,0.05700331926345825,0.9998865127563477,0
r0,stress,61,9,0.0076966455168329785,0.9999704360961914,1.0,1.0,0,0.017987179569900036,0.05675989389419556,0.9998957812786102,0
r0,stress,61,10,0.013846804328962879,0.999904215335846,1.0,1.0,0,0.01751577388495207,0.056161195039749146,0.9999012649059296,0
r0,stress,61,11,0.006077052048469236,0.9999816417694092,1.0,0.95,0,0.017617130652070045,0.0555441677570343,0.9998979568481445,0
r0,stress,61,12,0.0068966629237994116,0.9999779462814331,1.0,1.0,0,0.017013100907206535,0.05526566505432129,0.9999052286148071,0
r0,stress,61,13,0.00908623513738849,0.9999622106552124,1.0,1.0,0,0.017157183960080147,0.05503091216087341,0.9999057054519653,0
r0,stress,61,14,0.011959669169690849,0.999928891658783,1.0,1.0,0,0.017234597355127335,0.054906755685806274,0.9999000132083893,0
r0,stress,61,15,0.01032975881403599,0.9999728202819824,1.0,1.0,0,0.017787674441933632,0.05469965934753418,0.9998914301395416,0
r0,stress,61,16,0.009536642152556736,0.9999581575393677,1.0,0.95,0,0.016987250186502934,0.05447298288345337,0.9999067783355713,0
r0,stress,61,17,0.05210152777915816,0.9988288879394531,1.0,1.0,0,0.017197029665112495,0.054465413093566895,0.9999042451381683,0
r0,stress,61,18,0.04398124580816246,0.9992848634719849,1.0,0.95,0,0.017219665460288525,0.05449238419532776,0.9999025464057922,0
r0,stress,61,19,0.017140482012481723,0.9999101758003235,1.0,0.95,0,0.016933134756982327,0.05455419421195984,0.9999092221260071,0
r0,stress,61,20,0.03499197859144496,0.9993880987167358,1.0,0.95,0,0.016883887350559235,0.054478973150253296,0.9999100863933563,0
r0,stress,61,21,0.035360269859502004,0.9994244575500488,1.0,0.95,0,0.016994910314679146,0.05448019504547119,0.999906063079834,0
r0,stress,61,22,0.02315358851090828,0.9997459053993225,1.0,1.0,0,0.017918622121214867,0.05439749360084534,0.9998913407325745,0
r0,stress,61,23,0.024071235497274992,0.9997162818908691,1.0,0.95,0,0.017145746387541294,0.05415904521942139,0.9999049305915833,0
r0,stress,61,24,0.010200187097966624,0.9999554753303528,1.0,1.0,0,0.016520049888640642,0.05366680026054382,0.9999198615550995,0
r0,stress,61,25,0.008816176285599617,0.9999617338180542,1.0,1.0,0,0.01632807683199644,0.053251028060913086,0.999925434589386,0
r0,stress,61,26,0.011696549108101714,0.9999322891235352,1.0,1.0,0,0.01608854066580534,0.052851349115371704,0.9999251365661621,0
r0,stress,61,27,0.009286166443596778,0.9999582171440125,1.0,1.0,0,0.016102838795632124,0.0586395263671875,0.9999260306358337,0
r0,stress,61,28,0.012353981618337107,0.9999284148216248,1.0,1.0,0,0.015877777710556984,0.05224129557609558,0.9999260008335114,0
r0,stress,61,29,0.0072606926919704644,0.9999744892120361,1.0,1.0,0,0.015862227883189917,0.051990360021591187,0.9999278485774994,0
r0,stress,61,30,0.007340635936427441,0.9999730587005615,0.0,1.0,0,0.01598131423816085,0.051831066608428955,0.9999261796474457,0
r0,stress,61,31,0.007116593947587805,0.9999747276306152,1.0,0.95,0,0.015825373120605946,0.05175033211708069,0.9999257624149323,0
r0,stress,61,32,0.019535962325073087,0.9998095035552979,1.0,1.0,0,0.01583392545580864,0.051643818616867065,0.9999264776706696,0
r0,stress,61,33,0.010785849767062306,0.9999499320983887,1.0,1.0,0,0.016267627477645874,0.051385968923568726,0.9999253451824188,0
r0,stress,61,34,0.011192280220217682,0.9999375343322754,1.0,1.0,0,0.015618334989994764,0.05112159252166748,0.9999323487281799,0
r0,stress,61,35,0.00893606722140439,0.9999613761901855,1.0,1.0,0,0.015318704769015312,0.05066335201263428,0.9999344944953918,0
r0,stress,61,36,0.009758230582329828,0.9999538660049438,1.0,0.95,0,0.015314121264964342,0.05048257112503052,0.9999302625656128,0
r0,stress,61,37,0.01285434881067728,0.9999310374259949,1.0,1.0,0,0.015327852685004473,0.05023765563964844,0.999931663274765,0
r0,stress,61,38,0.01646124742793874,0.9998658895492554,1.0,0.95,0,0.015450112987309694,0.050185322761535645,0.9999286234378815,0
r0,stress,61,39,0.009536105698571367,0.9999545812606812,1.0,1.0,0,0.01544026704505086,0.05012929439544678,0.99992835521698,0
r0,stress,61,40,0.017156230247568818,0.9998591542243958,1.0,0.95,0,0.015345500316470861,0.049829840660095215,0.9999313056468964,0
r0,stress,61,41,0.010606305179179052,0.9999483823776245,1.0,1.0,0,0.015429039485752583,0.04968661069869995,0.9999299347400665,0
r0,stress,61,42,0.010973572648003777,0.9999407529830933,1.0,0.95,0,0.015152488369494677,0.042910367250442505,0.9999328553676605,0
r0,stress,61,43,0.008953113168040778,0.9999600648880005,1.0,0.95,0,0.014962253160774708,0.04116444289684296,0.9999376535415649,0
r0,stress,61,44,0.009541908004616469,0.9999545812606812,1.0,1.0,0,0.014849178027361631,0.04110106825828552,0.9999420046806335,0
r0,stress,61,45,0.009068231393577044,0.9999592304229736,1.0,1.0,0,0.014960295520722866,0.041109874844551086,0.9999378025531769,0
r0,stress,61,46,0.01272218492091333,0.9999231100082397,1.0,0.95,0,0.01594109507277608,0.04093533754348755,0.9999210834503174,0
r0,stress,61,47,0.016641147808132663,0.9998851418495178,1.0,1.0,0,0.01669558882713318,0.04095284640789032,0.9999076128005981,0
r0,stress,61,48,0.017166614928607687,0.9998542070388794,1.0,0.95,0,0.01645597256720066,0.04096677899360657,0.9999121427536011,0
r0,stress,61,49,0.011144327357802025,0.9999440312385559,1.0,1.0,0,0.015415722504258156,0.04098941385746002,0.9999291300773621,0
r0,stress,61,50,0.01415318916515215,0.9999089241027832,1.0,0.95,0,0.015165908262133598,0.0409984290599823,0.9999323189258575,0
r0,stress,61,51,0.03307906848065068,0.999453067779541,1.0,0.95,0,0.0160209690220654,0.07104706764221191,0.9999161660671234,0
r0,stress,61,52,0.01648841679722803,0.9998666048049927,1.0,0.95,0,0.017553674057126045,0.04095497727394104,0.9998905062675476,0
r0,stress,61,53,0.011319197089897187,0.9999427795410156,1.0,0.95,0,0.016830884851515293,0.04972285032272339,0.999901533126831,0
r0,stress,61,54,0.007878313227432397,0.9999717473983765,1.0,1.0,0,0.016253636684268713,0.04100780189037323,0.9999186098575592,0
r0,stress,61,55,0.009161815500955227,0.9999579787254333,1.0,0.9,0,0.015007604379206896,0.04099611937999725,0.9999407529830933,0
r0,stress,61,56,0.007853556266307049,0.9999696612358093,1.0,1.0,0,0.015175181441009045,0.04085305333137512,0.9999350905418396,0
r0,stress,61,57,0.008646332874461378,0.999964714050293,1.0,1.0,0,0.014637463726103306,0.04086020588874817,0.9999403357505798,0
r0,stress,61,58,0.01763355633930372,0.9998536109924316,1.0,0.95,0,0.015022309962660074,0.04087883234024048,0.9999290704727173,0
r0,stress,61,59,0.018880458325168326,0.9998269081115723,1.0,0.95,0,0.014901923947036266,0.039621055126190186,0.999946802854538,0
r0,stress,61,60,0.010261424209342559,0.9999663829803467,1.0,1.0,0,0.014011785853654146,0.03963927924633026,0.9999588429927826,0
r0,stress,61,61,0.007204645413311451,0.9999741315841675,1.0,0.95,0,0.01367518026381731,0.03653477132320404,0.9999628067016602,0
r0,stress,61,62,0.009548120297138304,0.9999585151672363,1.0,0.95,0,0.013621068559587002,0.03643923997879028,0.9999653995037079,0
r0,stress,61,63,0.007442602390476654,0.9999725818634033,0.0,1.0,0,0.013562213629484177,0.036358870565891266,0.9999643564224243,0
r0,stress,61,64,0.0070339231753578915,0.9999755620956421,1.0,1.0,0,0.013333964627236128,0.03635428845882416,0.9999674558639526,0
r0,stress,61,65,0.016062289103984103,0.9998769760131836,1.0,1.0,0,0.013258972205221653,0.03630766272544861,0.9999675452709198,0
r0,stress,61,66,0.00801306283192981,0.9999693632125854,1.0,0.95,0,0.013157435227185488,0.03626168519258499,0.999967098236084,0
r0,stress,61,67,0.0076575766097832345,0.9999709129333496,1.0,1.0,0,0.013137255795300007,0.0362607017159462,0.9999658167362213,0
r0,stress,61,68,0.006845222946079041,0.9999774694442749,1.0,1.0,0,0.013088824693113565,0.03627285361289978,0.9999667406082153,0
r0,stress,61,69,0.009038423582993586,0.9999611377716064,1.0,1.0,0,0.013041253667324781,0.03619571775197983,0.999964565038681,0
r0,stress,61,70,0.07055222907752567,0.9978251457214355,1.0,0.9,0,0.013329796027392149,0.0361332967877388,0.9999618530273438,0
r0,stress,61,71,0.007015959753982773,0.9999766945838928,1.0,1.0,0,0.013773252721875906,0.08714133501052856,0.9999572038650513,0
r0,stress,61,72,0.008047623195871904,0.9999687671661377,1.0,1.0,0,0.013041834812611341,0.06561493873596191,0.9999679625034332,0
r0,stress,61,73,0.009787191418646216,0.9999520778656006,1.0,0.95,0,0.013030094094574451,0.04837679862976074,0.9999706447124481,0
r0,stress,61,74,0.010890154684779241,0.9999452829360962,1.0,1.0,0,0.013036561664193869,0.03605598211288452,0.9999688565731049,0
r0,stress,61,75,0.010495088704522726,0.9999450445175171,1.0,1.0,0,0.013083324767649174,0.03610202670097351,0.9999566972255707,0
r0,stress,61,76,0.007222271505727519,0.9999768733978271,1.0,1.0,0,0.014848688151687384,0.05168271064758301,0.9999342858791351,0
r0,stress,61,77,0.006674514042045197,0.9999781847000122,1.0,1.0,0,0.013534203637391329,0.036103084683418274,0.9999532103538513,0
r0,stress,61,78,0.008157314581059963,0.999967098236084,1.0,1.0,0,0.013869368471205235,0.036077603697776794,0.9999543130397797,0
r0,stress,61,79,0.007158979834020916,0.9999743700027466,1.0,1.0,0,0.012686471454799175,0.03604571521282196,0.9999613761901855,0
r0,stress,61,80,0.010750321634305041,0.9999423623085022,1.0,0.95,0,0.012845808640122414,0.03588762879371643,0.9999616146087646,0
r0,stress,61,81,0.011558031074772112,0.9999333024024963,1.0,1.0,0,0.013482558075338602,0.035898372530937195,0.9999523460865021,0
r0,stress,61,82,0.010214868955832668,0.9999513030052185,1.0,1.0,0,0.012592308688908815,0.03593383729457855,0.9999657273292542,0
r0,stress,61,83,0.024524276523264388,0.9997085332870483,1.0,0.95,0,0.012644380796700716,0.03595329821109772,0.999966561794281,0
r0,stress,61,84,0.010053193948236902,0.9999521374702454,1.0,1.0,0,0.013744821771979332,0.03595428168773651,0.9999505877494812,0
r0,stress,61,85,0.008720464170393755,0.9999624490737915,1.0,0.95,0,0.013376582879573107,0.03596726059913635,0.999955028295517,0
r0,stress,61,86,0.008558470457650229,0.9999642968177795,1.0,1.0,0,0.012837501708418131,0.03598138689994812,0.9999601542949677,0
r0,stress,61,87,0.01395548701599669,0.999902606010437,1.0,0.95,0,0.01328373234719038,0.03597930073738098,0.9999536573886871,0
r0,stress,61,88,0.009658022599642876,0.9999542236328125,1.0,1.0,0,0.014118486549705267,0.03599601984024048,0.9999416470527649,0
r0,stress,61,89,0.0073600786991939605,0.9999781847000122,1.0,1.0,0,0.01289433240890503,0.035965949296951294,0.9999636709690094,0
r0,stress,61,90,0.006906856048333716,0.999976396560669,1.0,0.95,0,0.01232414273545146,0.03596176207065582,0.9999718070030212,0
r0,stress,61,91,0.007715745657825899,0.9999712705612183,1.0,1.0,0,0.01233725342899561,0.03597220778465271,0.9999731183052063,0
r0,stress,61,92,0.00729883656992372,0.999973475933075,1.0,1.0,0,0.012731759808957577,0.03593751788139343,0.9999690651893616,0
r0,stress,61,93,0.008202349099322883,0.9999690055847168,1.0,1.0,0,0.012188398279249668,0.03592930734157562,0.9999736845493317,0
r0,stress,61,94,0.006998222938753837,0.9999769330024719,1.0,1.0,0,0.012172323185950518,0.03591768443584442,0.9999741315841675,0
r0,stress,61,95,0.0054249083360826626,0.9999852776527405,1.0,1.0,0,0.012156111653894186,0.03588429093360901,0.9999634623527527,0
r0,stress,61,96,0.006047738369733281,0.9999818801879883,1.0,1.0,0,0.012008676771074533,0.0359017550945282,0.9999738335609436,0
r0,stress,61,97,0.00942755806443583,0.9999562501907349,1.0,0.95,0,0.012092351447790861,0.03589552640914917,0.9999668896198273,0
r0,stress,61,98,0.03969157476162353,0.9992121458053589,1.0,0.95,0,0.01414642808958888,0.035909757018089294,0.9999257326126099,0
r0,stress,61,99,0.018180601651545728,0.9998529553413391,1.0,0.95,0,0.01422399003058672,0.03624361753463745,0.9999260306358337,0
r0,stress,61,100,0.007781232501201879,0.9999697804450989,1.0,0.95,0,0.013808934483677149,0.03603433072566986,0.9999271333217621,0
r0,stress,61,101,0.006834847723454612,0.9999797344207764,1.0,1.0,0,0.012306717690080404,0.036020368337631226,0.9999522566795349,0
r0,stress,61,102,0.006819360441966007,0.9999775886535645,1.0,0.95,0,0.012152305338531733,0.03608927130699158,0.999967485666275,0
r0,stress,61,103,0.00813391433789983,0.9999669194221497,1.0,1.0,0,0.012342451605945826,0.036045968532562256,0.9999666512012482,0
r0,stress,61,104,0.007103532629525628,0.9999759197235107,1.0,1.0,0,0.012099273037165403,0.03594854474067688,0.9999704360961914,0
r0,stress,61,105,0.007524479054303762,0.999971866607666,1.0,1.0,0,0.01246580109000206,0.03596501052379608,0.9999527037143707,0
r0,stress,61,106,0.007396849185578645,0.9999746084213257,1.0,1.0,0,0.012736312579363585,0.03593188524246216,0.9999456107616425,0
r0,stress,61,107,0.005856202897926653,0.9999828934669495,1.0,1.0,0,0.011908452492207289,0.036077409982681274,0.9999636113643646,0
r0,stress,61,108,0.00903286308329287,0.9999595880508423,1.0,1.0,0,0.011844347231090069,0.036077022552490234,0.999972015619278,0
r0,stress,61,109,0.007571014513641317,0.9999716281890869,1.0,1.0,0,0.0117953484877944,0.03602983057498932,0.9999744594097137,0
r0,stress,61,110,0.009934933298978467,0.9999600648880005,1.0,1.0,0,0.011662416160106659,0.03607127070426941,0.9999750256538391,0
r0,stress,61,111,0.015336889996706217,0.9998952746391296,1.0,1.0,0,0.01164805144071579,0.0360683798789978,0.9999736249446869,0
r0,stress,61,112,0.014560076532426438,0.9998958110809326,1.0,0.95,0,0.01180109940469265,0.03605647385120392,0.999972015619278,0
r0,stress,61,113,0.007602004741423777,0.9999717473983765,1.0,1.0,0,0.012525370344519615,0.036090388894081116,0.9999692142009735,0
r0,stress,61,114,0.008157753054218389,0.9999730587005615,1.0,1.0,0,0.011998384725302458,0.03608056902885437,0.9999720752239227,0
r0,stress,61,115,0.011057092234393766,0.9999393820762634,1.0,0.95,0,0.01191710028797388,0.03610388934612274,0.9999713599681854,0
r0,stress,61,116,0.007379955176668147,0.9999744296073914,1.0,1.0,0,0.01187169412150979,0.03609967231750488,0.9999690651893616,0
r0,stress,61,117,0.014113575012049092,0.9999039769172668,1.0,1.0,0,0.011768627911806107,0.036107853055000305,0.9999741315841675,0
r0,stress,61,118,0.010878067564712546,0.9999409914016724,1.0,1.0,0,0.01186467707157135,0.03612382709980011,0.999972015619278,0
r0,stress,61,119,0.007820392588792378,0.9999704360961914,0.0,1.0,0,0.011738522909581661,0.0361098051071167,0.9999747276306152,0
r0,stress,61,120,0.006151276736404333,0.9999810457229614,1.0,1.0,0,0.01179829565808177,0.03612634539604187,0.9999759197235107,0
r0,stress,61,121,0.007647245234846391,0.9999710917472839,1.0,1.0,0,0.01165163516998291,0.036102235317230225,0.9999769926071167,0
r0,stress,61,122,0.007086990605752671,0.9999753832817078,1.0,0.95,0,0.011596537195146084,0.03608940541744232,0.9999772906303406,0
r0,stress,61,123,0.007049828165146954,0.999975323677063,1.0,1.0,0,0.01153017533943057,0.03611175715923309,0.9999761283397675,0
r0,stress,61,124,0.008338449943692934,0.999965488910675,1.0,1.0,0,0.011453993618488312,0.036086395382881165,0.9999752938747406,0
r0,stress,61,125,0.01132085559877308,0.9999372959136963,1.0,1.0,0,0.011419656686484814,0.03608596324920654,0.9999755024909973,0
r0,stress,61,126,0.015057283172396069,0.9998866319656372,1.0,1.0,0,0.011403525713831186,0.03611312806606293,0.9999755322933197,0
r0,stress,61,127,0.008897615112802194,0.9999645948410034,1.0,1.0,0,0.011435702443122864,0.03608796000480652,0.9999753832817078,0
r0,stress,61,128,0.0066650539432091,0.9999808073043823,1.0,1.0,0,0.011513540986925364,0.03609730303287506,0.999975860118866,0
r0,stress,61,129,0.014200155134984628,0.9998999834060669,1.0,1.0,0,0.011534585151821375,0.03607602417469025,0.9999775588512421,0
r0,stress,61,130,0.005499705072121858,0.9999855756759644,1.0,1.0,0,0.011785597540438175,0.07163238525390625,0.99997678399086,0
r0,stress,61,131,0.006274997626568678,0.9999808073043823,1.0,1.0,0,0.011314018163830042,0.036064714193344116,0.9999795854091644,0
r0,stress,61,132,0.017293224491011693,0.9998748898506165,1.0,1.0,0,0.011277005542069674,0.036146074533462524,0.9999806582927704,0
r0,stress,61,133,0.00684248792114758,0.9999785423278809,1.0,0.95,0,0.011245724745094776,0.03613412380218506,0.9999795854091644,0
r0,stress,61,134,0.010225279008216058,0.9999477863311768,1.0,0.95,0,0.011202139314264059,0.03616262972354889,0.9999779760837555,0
r0,stress,61,135,0.011615748638157841,0.999933123588562,1.0,0.95,0,0.01122758537530899,0.03612792491912842,0.9999779462814331,0
r0,stress,61,136,0.026848841954582568,0.9996484518051147,1.0,0.95,0,0.011219851206988096,0.036130234599113464,0.9999768137931824,0
r0,stress,61,137,0.005809041131604095,0.999984860420227,1.0,0.95,0,0.011147403623908758,0.036143526434898376,0.9999782145023346,0
r0,stress,61,138,0.006712841989752259,0.9999809265136719,1.0,1.0,0,0.011054672300815582,0.03616298735141754,0.9999800324440002,0
r0,stress,61,139,0.010244815955042922,0.9999476075172424,1.0,0.95,0,0.011107565835118294,0.03617987036705017,0.9999788403511047,0
r0,stress,61,140,0.013096125046188001,0.9999154210090637,1.0,1.0,0,0.011372345499694347,0.03614528477191925,0.9999695122241974,0
r0,stress,61,141,0.009390418061335582,0.9999566674232483,1.0,1.0,0,0.011206550057977438,0.0361543744802475,0.9999750554561615,0
r0,stress,61,142,0.0076633642875499905,0.9999712109565735,1.0,1.0,0,0.01119340630248189,0.03626798093318939,0.9999771416187286,0
r0,stress,61,143,0.006102488604216461,0.9999815225601196,1.0,1.0,0,0.011384483892470598,0.036224350333213806,0.9999630749225616,0
r0,stress,61,144,0.00641031198122125,0.9999794960021973,1.0,0.95,0,0.01106729032471776,0.03621850907802582,0.9999791383743286,0
r0,stress,61,145,0.00757013717375653,0.9999765753746033,1.0,1.0,0,0.011003199499100447,0.03620181977748871,0.999980092048645,0
r0,stress,61,146,0.0059195935130191765,0.999982476234436,1.0,1.0,0,0.01092624245211482,0.03624102473258972,0.9999821186065674,0
r0,stress,61,147,0.006011173929022843,0.9999821186065674,1.0,1.0,0,0.010964700020849705,0.03615906834602356,0.9999816119670868,0
r0,stress,61,148,0.007150625184326405,0.9999753832817078,1.0,1.0,0,0.010885859839618206,0.036177605390548706,0.9999818801879883,0
r0,stress,61,149,0.00836891279694362,0.9999650120735168,1.0,1.0,0,0.010836414061486721,0.03619703650474548,0.9999810457229614,0
r0,stress,61,150,0.020124333913713866,0.9998011589050293,1.0,1.0,0,0.010932094417512417,0.03617347776889801,0.9999754428863525,0
r0,stress,61,151,0.012664299491224265,0.9999213218688965,1.0,1.0,0,0.010925051756203175,0.03620293736457825,0.9999761581420898,0
r0,stress,61,152,0.007626231352032925,0.9999709129333496,1.0,1.0,0,0.010903045535087585,0.036137789487838745,0.9999778866767883,0
r0,stress,61,153,0.00742163934673279,0.9999725818634033,1.0,1.0,0,0.011082766577601433,0.03619493544101715,0.999978631734848,0
r0,stress,61,154,0.009099769343274304,0.9999587535858154,1.0,1.0,0,0.011584591120481491,0.03625132143497467,0.9999735653400421,0
r0,stress,61,155,0.006237471951511863,0.999980628490448,1.0,1.0,0,0.010985952336341143,0.036113888025283813,0.9999820590019226,0
r0,stress,61,156,0.006278585306169792,0.9999803304672241,1.0,1.0,0,0.010905419941991568,0.03600242733955383,0.9999838173389435,0
r0,stress,61,157,0.006104728712583855,0.9999833106994629,1.0,1.0,0,0.010810182895511389,0.036037057638168335,0.9999838173389435,0
r0,stress,61,158,0.005664141151115628,0.999984622001648,1.0,1.0,0,0.01073608873412013,0.03598505258560181,0.9999840259552002,0
r0,stress,61,159,0.0059207409814142475,0.9999843239784241,1.0,1.0,0,0.010609667282551527,0.035952240228652954,0.9999843239784241,0
r0,stress,61,160,0.009671417440798975,0.9999531507492065,1.0,0.95,0,0.010544715449213982,0.03584994375705719,0.9999845623970032,0
r0,stress,61,161,0.005004576383702883,0.9999874830245972,1.0,1.0,0,0.010400086175650358,0.03583359718322754,0.9999862015247345,0
r0,stress,61,162,0.00689507664352401,0.9999778866767883,1.0,1.0,0,0.01030076527968049,0.035859182476997375,0.9999874830245972,0
r0,stress,61,163,0.007519423696416653,0.9999763369560242,1.0,1.0,0,0.010296209715306759,0.03589238226413727,0.9999874532222748,0
r0,stress,61,164,0.005691218933243819,0.9999837875366211,1.0,1.0,0,0.010287284385412931,0.03581295907497406,0.9999852776527405,0
r0,stress,61,165,0.005382359843579037,0.9999856948852539,1.0,1.0,0,0.010475963819772005,0.03587286174297333,0.9999775588512421,0
r0,stress,61,166,0.008482826902454015,0.9999650120735168,1.0,0.95,0,0.010527568869292736,0.0358133465051651,0.99998340010643,0
r0,stress,61,167,0.013602691984588512,0.999908447265625,1.0,1.0,0,0.010536967311054468,0.03580030798912048,0.9999850988388062,0
r0,stress,61,168,0.007090670695980862,0.9999765157699585,1.0,1.0,0,0.01047690212726593,0.03585304319858551,0.9999839067459106,0
r0,stress,61,169,0.0060699588639462,0.9999822378158569,1.0,1.0,0,0.010464746970683336,0.03584170341491699,0.9999833703041077,0
r0,stress,61,170,0.006008963160836269,0.9999821782112122,1.0,1.0,0,0.010284447576850653,0.035798877477645874,0.9999841749668121,0
r0,stress,61,171,0.006519247834691664,0.999981701374054,1.0,1.0,0,0.01031858753412962,0.035791441798210144,0.9999848306179047,0
r0,stress,61,172,0.006416796684567329,0.9999796152114868,1.0,1.0,0,0.010233613196760416,0.03581784665584564,0.999985545873642,0
r0,stress,61,173,0.007571043720058071,0.9999738931655884,1.0,1.0,0,0.010087426751852036,0.035774290561676025,0.999986320734024,0
r0,stress,61,174,0.006126819562557702,0.9999812841415405,1.0,0.95,0,0.010052576661109924,0.035770952701568604,0.9999857544898987,0
r0,stress,61,175,0.006504190699329297,0.999979555606842,1.0,1.0,0,0.010053039994090796,0.035788729786872864,0.9999862015247345,0
r0,stress,61,176,0.009952976395100909,0.9999505281448364,1.0,1.0,0,0.01031104102730751,0.03580543398857117,0.9999865591526031,0
r0,stress,61,177,0.01714216982868476,0.9998624324798584,1.0,1.0,0,0.010726128704845905,0.06026434525847435,0.9999843537807465,0
r0,stress,61,178,0.011755336181514187,0.9999334812164307,1.0,1.0,0,0.010641028638929129,0.03576314449310303,0.9999836683273315,0
r0,stress,61,179,0.007713722545973272,0.9999746084213257,1.0,1.0,0,0.01042639883235097,0.035752564668655396,0.9999852776527405,0
r0,stress,61,180,0.023913311528475978,0.9997374415397644,1.0,1.0,0,0.010373350698500872,0.035763949155807495,0.99998539686203,0
r0,stress,61,181,0.08440423654161953,0.9965237379074097,1.0,0.95,0,0.010399958584457636,0.03578260540962219,0.9999858140945435,0
r0,stress,61,182,0.005299643301022118,0.999985933303833,1.0,1.0,0,0.010266629047691822,0.03580626845359802,0.9999875724315643,0
r0,stress,61,183,0.00628034118348588,0.999981701374054,1.0,1.0,0,0.010279970243573189,0.0358162522315979,0.99998739361763,0
r0,stress,61,184,0.007996977730446369,0.999968409538269,1.0,1.0,0,0.01026490842923522,0.0357745885848999,0.9999870955944061,0
r0,stress,61,185,0.0058703405865266605,0.9999828338623047,1.0,1.0,0,0.010258544702082872,0.035819828510284424,0.9999891221523285,0
r0,stress,61,186,0.007773259621790782,0.9999699592590332,1.0,1.0,0,0.010237301234155893,0.03583136200904846,0.9999881088733673,0
r0,stress,61,187,0.0079165321459208,0.9999686479568481,1.0,1.0,0,0.010356600396335125,0.03583785891532898,0.9999884366989136,0
r0,stress,61,188,0.014304297137489012,0.9999003410339355,1.0,1.0,0,0.010384134948253632,0.035794034600257874,0.9999881982803345,0
r0,stress,61,189,0.005768578562553036,0.9999834895133972,1.0,1.0,0,0.010181057266891003,0.035830557346343994,0.9999880790710449,0
r0,stress,61,190,0.013162812091287087,0.9999158978462219,1.0,1.0,0,0.01027931272983551,0.03577478229999542,0.999987006187439,0
r0,stress,61,191,0.009514492800861502,0.9999546408653259,1.0,1.0,0,0.010519653093069792,0.03575935959815979,0.9999837875366211,0
r0,stress,61,192,0.007192186831771088,0.9999746084213257,1.0,1.0,0,0.010335158556699753,0.03575597703456879,0.9999751448631287,0
r0,stress,61,193,0.00819271756199303,0.9999691247940063,1.0,1.0,0,0.01029501250013709,0.03580854833126068,0.9999844431877136,0
r0,stress,61,194,0.008109887187893327,0.9999676942825317,1.0,1.0,0,0.010210895910859108,0.035801589488983154,0.9999859929084778,0
r0,stress,61,195,0.01830020859743327,0.9998334050178528,1.0,0.95,0,0.01026842137798667,0.03577931225299835,0.9999864399433136,0
r0,stress,61,196,0.015324842269156782,0.999885082244873,1.0,1.0,0,0.010928185656666756,0.03584730625152588,0.9999823272228241,0
r0,stress,61,197,0.011109468634186692,0.9999416470527649,1.0,0.95,0,0.012636811938136816,0.03584732115268707,0.9999703764915466,0
r0,stress,61,198,0.03429653314344459,0.9994381070137024,1.0,0.95,0,0.012227472383528948,0.03580419719219208,0.9999655187129974,0
r0,stress,61,199,0.016696450913718557,0.9998671412467957,1.0,0.95,0,0.01167099317535758,0.035790666937828064,0.999967098236084,0
r0,stress,61,200,0.010009883901368527,0.9999523162841797,1.0,1.0,0,0.011755093932151794,0.035824090242385864,0.9999728202819824,0
r0,stress,61,201,0.008289278020484297,0.9999671578407288,1.0,1.0,0,0.010779805015772581,0.03584858775138855,0.9999863803386688,0
r0,stress,61,202,0.007009773232076744,0.9999808073043823,1.0,1.0,0,0.010643361136317253,0.03583122789859772,0.9999850392341614,0
r0,stress,61,203,0.006692899456216815,0.9999819993972778,1.0,1.0,0,0.010283984243869781,0.03578314185142517,0.9999875724315643,0
r0,stress,61,204,0.01767764510045282,0.9998469948768616,1.0,1.0,0,0.010354738682508469,0.03586980700492859,0.9999859631061554,0
r0,stress,61,205,0.006951807310073019,0.9999774098396301,1.0,1.0,0,0.010552541352808475,0.035760074853897095,0.9999857246875763,0
r0,stress,61,206,0.007516870672450897,0.9999730587005615,1.0,1.0,0,0.010260012000799179,0.035783931612968445,0.9999875128269196,0
r0,stress,61,207,0.008654049571793963,0.9999644160270691,1.0,1.0,0,0.010209203232079744,0.03582547605037689,0.9999885857105255,0
r0,stress,61,208,0.006042183900129638,0.999982476234436,1.0,1.0,0,0.010349393356591463,0.03584033250808716,0.9999864995479584,0
r0,stress,61,209,0.005763481876173564,0.999983549118042,1.0,1.0,0,0.010076686274260283,0.035908639430999756,0.9999891817569733,0
r0,stress,61,210,0.008288169774330554,0.9999681711196899,1.0,1.0,0,0.010080745909363031,0.03592051565647125,0.9999897181987762,0
r0,stress,61,211,0.0068233743640205785,0.9999788403511047,1.0,1.0,0,0.010046623647212982,0.035849615931510925,0.9999887049198151,0
r0,stress,61,212,0.008229881893236353,0.9999662637710571,1.0,1.0,0,0.010026039555668831,0.03585466742515564,0.9999887049198151,0
r0,stress,61,213,0.021685919128794414,0.9997945427894592,1.0,1.0,0,0.010158813558518887,0.035902127623558044,0.9999889433383942,0
r0,stress,61,214,0.009080558488805793,0.9999614953994751,1.0,1.0,0,0.010528875514864922,0.035894975066185,0.9999887049198151,0
r0,stress,61,215,0.027025151439463414,0.9996544122695923,1.0,0.95,0,0.010144291445612907,0.0358477383852005,0.9999902844429016,0
r0,stress,61,216,0.008626585863798397,0.9999630451202393,1.0,0.95,0,0.010375743731856346,0.03587423264980316,0.9999902546405792,0
r0,stress,61,217,0.006898517029357573,0.9999801516532898,1.0,0.9,0,0.010143052786588669,0.03587329387664795,0.9999890923500061,0
r0,stress,61,218,0.006459383797436053,0.9999791383743286,1.0,1.0,0,0.010086631868034601,0.03587886691093445,0.9999862015247345,0
r0,stress,61,219,0.014089196183946244,0.9999008178710938,1.0,1.0,0,0.010087140370160341,0.03589683771133423,0.9999868869781494,0
r0,stress,61,220,0.011278476869506091,0.9999399185180664,1.0,0.95,0,0.010153687093406916,0.03591400384902954,0.9999849200248718,0
r0,stress,61,221,0.007879785922512234,0.9999711513519287,1.0,1.0,0,0.010261313989758492,0.03586795926094055,0.9999863803386688,0
r0,stress,61,222,0.00813165594841841,0.9999769926071167,1.0,1.0,0,0.010110420174896717,0.035887375473976135,0.9999877512454987,0
r0,stress,61,223,0.00951045485567455,0.9999600052833557,1.0,1.0,0,0.01011920440942049,0.03587770462036133,0.9999876618385315,0
r0,stress,61,224,0.00708432160398157,0.9999767541885376,1.0,1.0,0,0.010838306974619627,0.03587479889392853,0.9999874830245972,0
r0,stress,61,225,0.0069990123539514105,0.9999767541885376,1.0,0.95,0,0.010254671331495047,0.03587274253368378,0.9999888241291046,0
r0,stress,61,226,0.005703570885320724,0.9999837875366211,1.0,1.0,0,0.010098326485604048,0.035873740911483765,0.9999890029430389,0
r0,stress,61,227,0.007846185718343177,0.9999693036079407,1.0,1.0,0,0.01003776490688324,0.035866737365722656,0.9999893009662628,0
r0,stress,61,228,0.005376292961349255,0.9999855756759644,1.0,0.95,0,0.009972949046641588,0.03586322069168091,0.9999893009662628,0
r0,stress,61,229,0.029448788308247997,0.9996122121810913,1.0,1.0,0,0.00985979801043868,0.0359218567609787,0.9999883770942688,0
r0,stress,61,230,0.01147935404934959,0.9999393224716187,1.0,0.95,0,0.010163727216422558,0.03581720590591431,0.9999896287918091,0
r0,stress,61,231,0.0062392631112128585,0.9999806880950928,1.0,0.95,0,0.011088374070823193,0.03586550056934357,0.9999873340129852,0
r0,stress,61,232,0.006017301720437459,0.9999828338623047,1.0,1.0,0,0.009931507986038923,0.035822004079818726,0.9999917149543762,0
r0,stress,61,233,0.006044899238149194,0.9999823570251465,1.0,1.0,0,0.009905485901981592,0.035845011472702026,0.9999910891056061,0
r0,stress,61,234,0.006763881484934145,0.9999789595603943,1.0,1.0,0,0.00989030534401536,0.03578157722949982,0.9999905824661255,0
r0,stress,61,235,0.011244145794059565,0.9999390840530396,1.0,0.95,0,0.010655294638127089,0.035816386342048645,0.9999744892120361,0
r0,stress,61,236,0.018084809531697284,0.9998465776443481,1.0,0.9,0,0.012972870375961065,0.0357564240694046,0.9999697208404541,0
r0,stress,61,237,0.013222367361892052,0.9999126195907593,1.0,1.0,0,0.011847461108118296,0.035756513476371765,0.999968945980072,0
r0,stress,61,238,0.011096167529105761,0.9999393224716187,1.0,1.0,0,0.012148442678153515,0.035756468772888184,0.999968945980072,0
r0,stress,61,239,0.007045071994223894,0.9999765157699585,1.0,1.0,0,0.013249868527054787,0.04435175657272339,0.999949187040329,0
r0,stress,61,240,0.021385708416923953,0.999788224697113,1.0,0.95,0,0.013593567535281181,0.03593650460243225,0.9999609887599945,0
r0,stress,61,241,0.015752290807322687,0.9998762011528015,1.0,0.95,0,0.013191201258450747,0.04815340042114258,0.999963790178299,0
r0,stress,61,242,0.006582871022051781,0.9999804496765137,1.0,1.0,0,0.012616979889571667,0.03571084141731262,0.9999692142009735,0
r0,stress,61,243,0.010317571455016817,0.9999469518661499,1.0,1.0,0,0.011554648168385029,0.03576427698135376,0.9999746084213257,0
r0,stress,61,244,0.014196436345420721,0.999901533126831,1.0,1.0,0,0.010729339439421892,0.03561609983444214,0.9999772608280182,0
r0,stress,61,245,0.00893433564458517,0.9999613165855408,1.0,1.0,0,0.010453649330884218,0.03555995225906372,0.9999824464321136,0
r0,stress,61,246,0.007080378769732183,0.9999752044677734,1.0,1.0,0,0.010313529521226883,0.03558717668056488,0.9999834895133972,0
r0,stress,61,247,0.005859077900906588,0.9999839663505554,1.0,1.0,0,0.010176914744079113,0.03556680679321289,0.9999840259552002,0
r0,stress,61,248,0.006716962958189355,0.9999805688858032,1.0,1.0,0,0.010053100530058146,0.03559361398220062,0.9999878108501434,0
r0,stress,61,249,0.008974758303929957,0.9999596476554871,1.0,1.0,0,0.009978527203202248,0.035531654953956604,0.9999910593032837,0
r0,stress,61,250,0.009039883989008173,0.9999595880508423,1.0,1.0,0,0.00983840087428689,0.03530092537403107,0.9999901950359344,0
r0,stress,61,251,0.008063218951223266,0.9999741315841675,1.0,1.0,0,0.009883278515189886,0.03541944921016693,0.9999901950359344,0
r0,stress,61,252,0.00787969233862955,0.999972403049469,1.0,1.0,0,0.009872945956885815,0.0353669673204422,0.9999919533729553,0
r0,stress,61,253,0.008523738134648469,0.9999651908874512,1.0,1.0,0,0.00980881741270423,0.035374417901039124,0.9999904036521912,0
r0,stress,61,254,0.04438785848894003,0.9990159273147583,1.0,1.0,0,0.009942783042788506,0.035574719309806824,0.999986320734024,0
r0,stress,61,255,0.020539963405685806,0.9997889995574951,1.0,0.95,0,0.011767531745135784,0.0987214744091034,0.9999825954437256,0
r0,stress,61,256,0.010674919938083411,0.9999430179595947,1.0,1.0,0,0.010960016399621964,0.03715305030345917,0.999988466501236,0
r0,stress,61,257,0.008459414645988705,0.9999678134918213,1.0,1.0,0,0.010303639341145754,0.03554803133010864,0.9999919235706329,0
r0,stress,61,258,0.007329401729925764,0.9999734163284302,1.0,1.0,0,0.009955982211977243,0.03563368320465088,0.9999942481517792,0
r0,stress,61,259,0.006750576676101293,0.9999802112579346,1.0,1.0,0,0.009709935169667006,0.035674408078193665,0.9999941885471344,0
r0,stress,61,260,0.006822720070613414,0.9999767541885376,1.0,1.0,0,0.009716254658997059,0.03550747036933899,0.9999938607215881,0
r0,stress,61,261,0.011027611744894594,0.9999406337738037,1.0,1.0,0,0.009912173729389906,0.0354408323764801,0.9999915361404419,0
r0,stress,61,262,0.007449602803674592,0.9999747276306152,1.0,0.95,0,0.011278024408966303,0.03546363115310669,0.9999851286411285,0
r0,stress,61,263,0.007714629773267458,0.9999746084213257,0.0,1.0,0,0.010156957898288965,0.038141489028930664,0.9999909698963165,0
r0,stress,61,264,0.01407538983546636,0.9999265074729919,1.0,0.9,0,0.009955813642591238,0.03553415834903717,0.9999914467334747,0
r0,stress,61,265,0.01435804542988458,0.9998977184295654,1.0,0.95,0,0.009962496813386679,0.03553767502307892,0.9999895095825195,0
r0,stress,61,266,0.008414877440722703,0.9999650716781616,1.0,0.95,0,0.009887404274195433,0.035482257604599,0.9999908208847046,0
r0,stress,61,267,0.006842612007593307,0.9999766945838928,1.0,0.95,0,0.010730288922786713,0.035485029220581055,0.9999917447566986,0
r0,stress,61,268,0.006445707947091962,0.9999819993972778,1.0,0.95,0,0.010039999149739742,0.03547367453575134,0.9999877512454987,0
r0,stress,61,269,0.018550270125910696,0.9998281002044678,1.0,1.0,0,0.009907647036015987,0.03550383448600769,0.9999891817569733,0
r0,stress,61,270,0.04303572866665019,0.999078094959259,1.0,0.95,0,0.009726369753479958,0.05860328674316406,0.9999859035015106,0
r0,stress,61,271,0.006016843922363637,0.9999832510948181,1.0,1.0,0,0.009581210557371378,0.035503536462783813,0.9999954700469971,0
r0,stress,61,272,0.007203491760405198,0.9999740719795227,1.0,1.0,0,0.009548932779580355,0.03550685942173004,0.9999951124191284,0
r0,stress,61,273,0.007010772229224201,0.9999761581420898,1.0,1.0,0,0.009560494683682919,0.03547513484954834,0.999995231628418,0
r0,stress,61,274,0.00643745753369493,0.9999804496765137,1.0,1.0,0,0.009441010188311338,0.035557880997657776,0.9999921917915344,0
r0,stress,61,275,0.007013120062909328,0.9999764561653137,1.0,1.0,0,0.009383445139974356,0.03550390899181366,0.999996691942215,0
r0,stress,61,276,0.009083824535215073,0.9999634027481079,1.0,0.95,0,0.009334457572549582,0.03556559979915619,0.9999970495700836,0
r0,stress,61,277,0.005533220995651496,0.9999846816062927,1.0,0.95,0,0.009376053232699633,0.035566240549087524,0.9999979138374329,0
r0,stress,61,278,0.006280864351804165,0.9999802708625793,1.0,1.0,0,0.009309661109000444,0.0355561226606369,0.9999963045120239,0
r0,stress,61,279,0.06774386839610674,0.9978235960006714,1.0,0.9,0,0.00930506968870759,0.03557060658931732,0.999995768070221,0
r0,stress,61,280,0.010614132855379925,0.9999442100524902,1.0,1.0,0,0.00932803750038147,0.03560817241668701,0.9999951124191284,0
r0,stress,61,281,0.008231143485740621,0.9999687075614929,1.0,1.0,0,0.009551570750772953,0.03559267520904541,0.9999948143959045,0
r0,stress,61,282,0.012504899195743716,0.999924898147583,1.0,1.0,0,0.009385245852172375,0.03552652895450592,0.999996691942215,0
r0,stress,61,283,0.006658224288551927,0.9999780654907227,1.0,1.0,0,0.009548353496938944,0.03553733229637146,0.999996691942215,0
r0,stress,61,284,0.006932658401111077,0.9999798536300659,1.0,1.0,0,0.009380997158586979,0.03549812734127045,0.9999953806400299,0
r0,stress,61,285,0.01278689490687015,0.999918520450592,1.0,1.0,0,0.009306893218308687,0.03550367057323456,0.9999955594539642,0
r0,stress,61,286,0.005608752056417288,0.9999845027923584,1.0,1.0,0,0.009262773673981428,0.03549632430076599,0.9999971389770508,0
r0,stress,61,287,0.00930312723313834,0.9999593496322632,1.0,1.0,0,0.009261354338377714,0.03548914194107056,0.9999957978725433,0
r0,stress,61,288,0.05292547430630352,0.9987472891807556,1.0,0.95,0,0.009696256835013628,0.035481661558151245,0.9999932944774628,0
r0,stress,61,289,0.010811428600011217,0.9999434947967529,1.0,1.0,0,0.010454996023327112,0.041538387537002563,0.9999874234199524,0
r0,stress,61,290,0.007573156722689154,0.999971330165863,1.0,1.0,0,0.009699419606477022,0.035495877265930176,0.9999819099903107,0
r0,stress,61,291,0.008256915352821836,0.9999674558639526,1.0,0.95,0,0.009432636201381683,0.035499781370162964,0.9999913573265076,0
r0,stress,61,292,0.006682472036994268,0.9999776482582092,1.0,1.0,0,0.00932758953422308,0.03550374507904053,0.999992698431015,0
r0,stress,61,293,0.006516254385343623,0.9999818801879883,1.0,0.95,0,0.00926135666668415,0.035532623529434204,0.9999926388263702,0
r0,stress,61,294,0.008799282336486608,0.9999659657478333,1.0,1.0,0,0.009278870653361082,0.035530686378479004,0.999992311000824,0
r0,stress,61,295,0.007498502720164003,0.9999722242355347,1.0,1.0,0,0.009299953002482653,0.035551637411117554,0.9999925792217255,0
r0,stress,61,296,0.00652952596865928,0.99997878074646,1.0,0.95,0,0.009253902360796928,0.03553426265716553,0.9999929964542389,0
r0,stress,61,297,0.006576191409882579,0.999980092048645,1.0,1.0,0,0.009268749039620161,0.03553473949432373,0.9999914467334747,0
r0,stress,61,298,0.005435277540455438,0.9999858140945435,1.0,1.0,0,0.010067916475236416,0.03549569845199585,0.9999868869781494,0
r0,stress,61,299,0.005720711305634533,0.9999845623970032,1.0,1.0,0,0.009541396982967854,0.0354638397693634,0.999989777803421,0
r0,stress,61,300,0.006511017265622615,0.9999793171882629,1.0,1.0,0,0.009100946132093668,0.03551417589187622,0.9999973177909851,0
r0,stress,61,301,0.018449552792214982,0.9998302459716797,1.0,0.95,0,0.009076613932847977,0.03545171022415161,0.9999971389770508,0
r0,stress,61,302,0.006607739118440365,0.9999797344207764,1.0,1.0,0,0.009134636260569096,0.035467684268951416,0.9999952912330627,0
r0,stress,61,303,0.006953828685235484,0.999981701374054,1.0,1.0,0,0.009056904818862677,0.03547370433807373,0.9999954998493195,0
r0,stress,61,304,0.0059673290358563,0.9999836683273315,1.0,1.0,0,0.009074021596461535,0.03546547889709473,0.9999970495700836,0
r0,stress,61,305,0.005234148548679185,0.9999864101409912,1.0,1.0,0,0.009223363827914,0.03545847535133362,0.9999972581863403,0
r0,stress,61,306,0.005806378084080957,0.9999836087226868,1.0,1.0,0,0.009110227227210999,0.03545096516609192,0.999995768070221,0
r0,stress,61,307,0.0681575396597324,0.9977942705154419,1.0,0.9,0,0.009056361392140388,0.03545266389846802,0.999996542930603,0
r0,stress,61,308,0.005902533913527793,0.9999828338623047,1.0,0.95,0,0.009010905399918556,0.035461246967315674,0.9999954104423523,0
r0,stress,61,309,0.006694784408897806,0.9999781847000122,1.0,1.0,0,0.008971347007900476,0.03544074296951294,0.9999958872795105,0
r0,stress,61,310,0.01075312188512228,0.999943733215332,1.0,1.0,0,0.008961698040366173,0.03544336557388306,0.9999954402446747,0
r0,stress,61,311,0.006797975683760309,0.99997878074646,1.0,1.0,0,0.008919751737266779,0.03544780611991882,0.9999964237213135,0
r0,stress,61,312,0.0066177231986114535,0.9999791383743286,1.0,1.0,0,0.008918395265936852,0.03543311357498169,0.9999957978725433,0
r0,stress,61,313,0.00851857227290563,0.9999644756317139,1.0,1.0,0,0.008896009996533394,0.03544393181800842,0.9999963045120239,0
r0,stress,61,314,0.007034871516552106,0.9999762773513794,1.0,1.0,0,0.008942827582359314,0.03544574975967407,0.9999968111515045,0
r0,stress,61,315,0.013346231816496797,0.9999109506607056,1.0,0.95,0,0.008926343638449907,0.035411566495895386,0.9999927878379822,0
r0,stress,61,316,0.008133554486786519,0.9999694228172302,1.0,1.0,0,0.009093221742659807,0.03539147973060608,0.9999911785125732,0
r0,stress,61,317,0.006178954986582024,0.999981164932251,1.0,1.0,0,0.00899487640708685,0.03536847233772278,0.9999914467334747,0
r0,stress,61,318,0.007441039526233083,0.9999733567237854,1.0,1.0,0,0.009005468804389238,0.035372912883758545,0.9999937117099762,0
r0,stress,61,319,0.009598294422604165,0.9999541640281677,1.0,1.0,0,0.009026740677654743,0.035393327474594116,0.9999933242797852,0
r0,stress,61,320,0.006237832549582165,0.9999824166297913,1.0,1.0,0,0.008970527909696102,0.03540715575218201,0.9999948740005493,0
r0,stress,61,321,0.007243756928207952,0.9999762177467346,1.0,1.0,0,0.008943928871303797,0.03540000319480896,0.999993771314621,0
r0,stress,61,322,0.006342306733462156,0.999980092048645,1.0,1.0,0,0.008904938586056232,0.03539854288101196,0.9999944865703583,0
r0,stress,61,323,0.005189934862622185,0.9999874234199524,1.0,1.0,0,0.00889422558248043,0.035400450229644775,0.9999941885471344,0
r0,stress,61,324,0.015721081089058783,0.9998798370361328,1.0,0.95,0,0.008973435033112764,0.03543633222579956,0.9999942183494568,0
r0,stress,61,325,0.016388550232714592,0.9998681545257568,1.0,0.95,0,0.009117538575083017,0.03537127375602722,0.9999947845935822,0
r0,stress,61,326,0.005606245182686735,0.9999877214431763,1.0,0.95,0,0.008984070271253586,0.03538602590560913,0.9999940991401672,0
r0,stress,61,327,0.005417051062586085,0.9999866485595703,1.0,1.0,0,0.0088592111133039,0.03538835048675537,0.9999962747097015,0
r0,stress,61,328,0.005231233607128067,0.9999876618385315,1.0,1.0,0,0.008842076174914837,0.035400956869125366,0.9999960362911224,0
r0,stress,61,329,0.005136909266292726,0.9999874830245972,1.0,1.0,0,0.008808705024421215,0.035417139530181885,0.9999979436397552,0
r0,stress,61,330,0.012914031358503508,0.9999186992645264,1.0,0.95,0,0.008782618213444948,0.035357892513275146,0.9999973475933075,0
r0,stress,61,331,0.017087226689032536,0.9998626708984375,1.0,0.95,0,0.008998570498079062,0.03855335712432861,0.999997079372406,0
r0,stress,61,332,0.006339670494695797,0.9999804496765137,1.0,1.0,0,0.010196153074502945,0.15027493238449097,0.9999966323375702,0
r0,stress,61,333,0.006033254514294938,0.9999819993972778,1.0,1.0,0,0.008968855254352093,0.03623781353235245,0.9999983310699463,0
r0,stress,61,334,0.005578575530601784,0.9999853372573853,1.0,1.0,0,0.008999417535960674,0.03521651029586792,0.9999994337558746,0
r0,stress,61,335,0.00579465137020538,0.9999845027923584,1.0,0.95,0,0.008831224404275417,0.03530576825141907,0.9999994933605194,0
r0,stress,61,336,0.0053703031086622345,0.9999870657920837,1.0,0.95,0,0.008774540852755308,0.03529691696166992,1.0000013709068298,0
r0,stress,61,337,0.005755948228065322,0.9999834895133972,1.0,1.0,0,0.008741587866097689,0.03535369038581848,1.000001311302185,0
r0,stress,61,338,0.006282000905019984,0.9999828338623047,1.0,1.0,0,0.008697622455656528,0.035350024700164795,1.0000025033950806,0
r0,stress,61,339,0.005086974681574831,0.999987006187439,1.0,1.0,0,0.008694811724126339,0.03540009260177612,1.000001698732376,0
r0,stress,61,340,0.005444529568783654,0.9999860525131226,1.0,1.0,0,0.00872883340343833,0.03541645407676697,1.0000016689300537,0
r0,stress,61,341,0.005594279235193863,0.9999849200248718,1.0,1.0,0,0.008700795471668243,0.03540882468223572,1.000002682209015,0
r0,stress,61,342,0.009085408747753031,0.9999600052833557,1.0,1.0,0,0.008660582825541496,0.03542160987854004,1.000002235174179,0
r0,stress,61,343,0.0065968620350510924,0.9999781847000122,1.0,1.0,0,0.008653337601572275,0.035421133041381836,1.000002533197403,0
r0,stress,61,344,0.005895625455088641,0.9999828338623047,1.0,1.0,0,0.008683243300765753,0.03543767333030701,0.9999998509883881,0
r0,stress,61,345,0.004972751984307215,0.9999878406524658,1.0,1.0,0,0.008668161928653717,0.03544005751609802,0.9999986588954926,0
r0,stress,61,346,0.005562476496093135,0.9999845623970032,1.0,1.0,0,0.008604790549725294,0.035421162843704224,0.9999974071979523,0
r0,stress,61,347,0.006822643634752875,0.999976634979248,1.0,1.0,0,0.0087481620721519,0.03542673587799072,0.9999954402446747,0
r0,stress,61,348,0.006725148635972136,0.9999775886535645,1.0,1.0,0,0.009772148448973894,0.03543221950531006,0.9999848306179047,0
r0,stress,61,349,0.020014581402137264,0.9997999668121338,1.0,1.0,0,0.00979813514277339,0.03623165190219879,0.9999890029430389,0
r0,stress,61,350,0.012412388270196716,0.9999266862869263,1.0,1.0,0,0.00936531601473689,0.04514169692993164,0.9999916553497314,0
r0,stress,61,351,0.013030004116004421,0.9999166131019592,1.0,1.0,0,0.008854313753545284,0.03554508090019226,0.9999931454658508,0
r0,stress,61,352,0.010474918798909072,0.9999476075172424,1.0,1.0,0,0.008824268821626902,0.035539448261260986,0.9999925196170807,0
r0,stress,61,353,0.007783111419330381,0.9999730587005615,1.0,1.0,0,0.008778063580393791,0.03551846742630005,0.9999924302101135,0
r0,stress,61,354,0.01578761280797091,0.9998786449432373,1.0,1.0,0,0.008771177381277084,0.035515010356903076,0.999993085861206,0
r0,stress,61,355,0.010511571392841788,0.9999450445175171,1.0,1.0,0,0.008813717868179083,0.0355147123336792,0.9999956786632538,0
r0,stress,61,356,0.006366325733202748,0.9999798536300659,1.0,0.95,0,0.008685010951012373,0.03551700711250305,0.9999976754188538,0
r0,stress,61,357,0.006264666429679272,0.9999805688858032,1.0,1.0,0,0.008631033357232809,0.035516977310180664,0.9999980330467224,0
r0,stress,61,358,0.013072280658090987,0.9999196529388428,1.0,1.0,0,0.008632260374724865,0.03549942374229431,0.9999971687793732,0
r0,stress,61,359,0.007820560279293301,0.9999694228172302,1.0,1.0,0,0.008618085645139217,0.03549864888191223,0.9999964535236359,0
r0,stress,61,360,0.008281752950011129,0.9999727010726929,1.0,0.95,0,0.008641838561743498,0.03550103306770325,0.9999964237213135,0
r0,stress,61,361,0.02937004528189054,0.9995691776275635,1.0,1.0,0,0.008729332126677036,0.03548517823219299,0.9999942779541016,0
r0,stress,61,362,0.012585691007926137,0.9999246001243591,1.0,1.0,0,0.008928123861551285,0.035423070192337036,0.9999957978725433,0
r0,stress,61,363,0.00981379742212815,0.9999641180038452,1.0,1.0,0,0.009525269269943237,0.0353834331035614,0.9999939799308777,0
r0,stress,61,364,0.009157831232835804,0.9999587535858154,1.0,1.0,0,0.010488351806998253,0.035405367612838745,0.999993234872818,0
r0,stress,61,365,0.01687969770492812,0.9998661279678345,1.0,0.95,0,0.010043111629784107,0.035421669483184814,0.9999947845935822,0
r0,stress,61,366,0.005811305039456202,0.9999833106994629,1.0,1.0,0,0.009733126498758793,0.03541669249534607,0.9999952614307404,0
r0,stress,61,367,0.005610461719925602,0.9999847412109375,1.0,1.0,0,0.008924135472625494,0.035442233085632324,0.9999972283840179,0
r0,stress,61,368,0.007519693938142634,0.9999734163284302,1.0,1.0,0,0.008665085304528475,0.03543701767921448,1.000000923871994,0
r0,stress,61,369,0.007424742613319935,0.9999745488166809,1.0,0.95,0,0.008632494136691093,0.03536561131477356,1.0000023245811462,0
r0,stress,61,370,0.005793592786422963,0.999983549118042,1.0,0.95,0,0.008800016716122627,0.03957414627075195,1.0000033378601074,0
r0,stress,61,371,0.006532404339944119,0.9999786615371704,1.0,1.0,0,0.008618382271379232,0.0353371798992157,1.0000038743019104,0
r0,stress,61,372,0.007358198614896049,0.9999731183052063,1.0,1.0,0,0.008603407070040703,0.03534495830535889,1.0000056624412537,0
r0,stress,61,373,0.0073509548511279665,0.9999748468399048,1.0,1.0,0,0.008583471644669771,0.035272181034088135,1.0000065565109253,0
r0,stress,61,374,0.006374653418541272,0.9999852180480957,1.0,0.95,0,0.008550737518817186,0.0353206992149353,1.0000062584877014,0
r0,stress,61,375,0.00597152880414836,0.9999831914901733,1.0,1.0,0,0.008516014087945223,0.03531572222709656,1.0000056624412537,0
r0,stress,61,376,0.008262959279610484,0.9999660849571228,1.0,1.0,0,0.008527946658432484,0.03539285063743591,1.0000064969062805,0
r0,stress,61,377,0.00622639367087035,0.9999806880950928,1.0,1.0,0,0.008671396877616644,0.0353797972202301,1.000006377696991,0
r0,stress,61,378,0.005939878250664762,0.9999828338623047,1.0,0.95,0,0.008565188385546207,0.035383015871047974,1.0000060200691223,0
r0,stress,61,379,0.005836102884950451,0.9999829530715942,1.0,1.0,0,0.008535309694707394,0.03537970781326294,1.0000051259994507,0
r0,stress,61,380,0.006921279460503821,0.9999813437461853,1.0,1.0,0,0.008667486254125834,0.035401225090026855,0.999991774559021,0
r0,stress,61,381,0.012173575580310072,0.9999319314956665,1.0,1.0,0,0.009830332361161709,0.03540506958961487,0.9999811351299286,0
r0,stress,61,382,0.01744840995323672,0.9998481869697571,1.0,0.95,0,0.009034210350364447,0.03542196750640869,0.9999884963035583,0
r0,stress,61,383,0.006156022607102762,0.9999812245368958,1.0,1.0,0,0.0100752217695117,0.040244653820991516,0.9999972581863403,0
r0,stress,61,384,0.0066284995463843505,0.9999780654907227,1.0,1.0,0,0.008656053338199854,0.035407572984695435,0.9999994337558746,0
r0,stress,61,385,0.010831247755346584,0.999947190284729,1.0,0.95,0,0.008660568855702877,0.035380542278289795,1.000001847743988,0
r0,stress,61,386,0.006802722005155144,0.9999770522117615,1.0,1.0,0,0.008672245312482119,0.03537139296531677,1.0000007450580597,0
r0,stress,61,387,0.0059186037202111266,0.9999837875366211,1.0,1.0,0,0.008620609994977713,0.035381436347961426,1.000000387430191,0
r0,stress,61,388,0.025062193345808465,0.9996923208236694,1.0,1.0,0,0.009076420683413744,0.035333067178726196,0.999994695186615,0
r0,stress,61,389,0.019931228474947885,0.9998162984848022,1.0,1.0,0,0.0110404915176332,0.05973941087722778,0.9999862611293793,0
r0,stress,61,390,0.012821598341703476,0.99991774559021,1.0,0.95,0,0.00982964364811778,0.035305291414260864,0.9999957382678986,0
r0,stress,61,391,0.011360180628933013,0.999935507774353,1.0,1.0,0,0.009235111996531487,0.03532692790031433,0.9999942183494568,0
r0,stress,61,392,0.008873799625323264,0.9999605417251587,1.0,0.95,0,0.009056325536221266,0.035312771797180176,0.9999966323375702,0
r0,stress,61,393,0.025284992540445424,0.999684751033783,1.0,0.95,0,0.009189998731017113,0.03530919551849365,0.9999935925006866,0
r0,stress,61,394,0.019210673909874684,0.9998159408569336,1.0,1.0,0,0.009551964700222015,0.035317957401275635,0.9999944567680359,0
r0,stress,61,395,0.02023879168516616,0.99980229139328,1.0,1.0,0,0.009259249083697796,0.035274654626846313,0.9999938309192657,0
r0,stress,61,396,0.009747140136797033,0.9999533891677856,1.0,1.0,0,0.009258062113076448,0.0352359414100647,0.9999974370002747,0
r0,stress,61,397,0.0064977560275286134,0.9999794960021973,1.0,1.0,0,0.008826239500194788,0.03524240851402283,1.0000000298023224,0
r0,stress,61,398,0.008797746771508158,0.9999613165855408,1.0,1.0,0,0.008680793456733227,0.03517884016036987,1.0000041723251343,0
r0,stress,61,399,0.006433542923032908,0.9999803304672241,1.0,1.0,0,0.0087312962859869,0.03669250011444092,1.0000059008598328,0
r0,stress,61,400,0.009568810244083558,0.9999662637710571,1.0,1.0,0,0.008604919072240591,0.03506046533584595,1.0000059604644775,0
r0,stress,61,401,0.00570270325292679,0.9999838471412659,1.0,0.95,0,0.00861100759357214,0.035140424966812134,1.0000070929527283,0
r0,stress,61,402,0.0054096763654526035,0.9999854564666748,1.0,1.0,0,0.008488494902849197,0.03532490134239197,1.0000087022781372,0
r0,stress,61,403,0.0062357102015119835,0.9999818205833435,1.0,0.95,0,0.008532906416803598,0.03536084294319153,1.0000087022781372,0
r0,stress,61,404,0.012854891661534973,0.9999253153800964,1.0,0.95,0,0.008644927758723497,0.03534826636314392,1.0000085234642029,0
r0,stress,61,405,0.00776766307328394,0.9999716877937317,1.0,1.0,0,0.008895412553101778,0.03534772992134094,1.000009298324585,0
r0,stress,61,406,0.03440387155100661,0.9994176626205444,1.0,0.95,0,0.009417355991899967,0.03529834747314453,1.0000008940696716,0
r0,stress,61,407,0.007011803416243111,0.999975323677063,1.0,0.95,0,0.01015312084928155,0.06145394593477249,1.000000387430191,0
r0,stress,61,408,0.007089447889317857,0.9999784231185913,1.0,1.0,0,0.009178276639431715,0.035307347774505615,1.0000025033950806,0
r0,stress,61,409,0.006296216755460203,0.9999803900718689,1.0,0.95,0,0.00890148850157857,0.038263216614723206,1.0000064373016357,0
r0,stress,61,410,0.006421548665272563,0.9999799728393555,1.0,1.0,0,0.008633075281977654,0.0353352427482605,1.0000086426734924,0
r0,stress,61,411,0.007075840672684538,0.9999756813049316,1.0,1.0,0,0.008560472633689642,0.03534656763076782,1.0000069737434387,0
r0,stress,61,412,0.007914153651233291,0.999968945980072,1.0,1.0,0,0.009868189226835966,0.035321205854415894,0.9999834597110748,0
r0,stress,61,413,0.006142736079484224,0.9999812841415405,1.0,1.0,0,0.012240078300237656,0.03533494472503662,0.9999807775020599,0
r0,stress,61,414,0.013558256041325479,0.9999117255210876,1.0,0.95,0,0.009924047160893679,0.035327911376953125,0.9999808669090271,0
r0,stress,61,415,0.0073603607049844005,0.9999741911888123,1.0,0.95,0,0.009888272266834974,0.03534340858459473,0.9999815821647644,0
r0,stress,61,416,0.006069048754275947,0.9999821782112122,1.0,1.0,0,0.009611833840608597,0.03533583879470825,0.9999829530715942,0
r0,stress,61,417,0.005566289858393169,0.9999860525131226,1.0,1.0,0,0.009340013843029737,0.03538012504577637,0.9999864995479584,0
r0,stress,61,418,0.007752986449178098,0.9999699592590332,1.0,1.0,0,0.009298172313719988,0.03537529706954956,0.9999907910823822,0
r0,stress,61,419,0.005820132902790942,0.9999832510948181,1.0,1.0,0,0.009110826067626476,0.03537416458129883,0.9999904334545135,0
r0,stress,61,420,0.024386714004008693,0.9997391700744629,1.0,0.95,0,0.008974893484264612,0.03536960482597351,0.9999927878379822,0
r0,stress,61,421,0.0056969823955027475,0.9999840259552002,1.0,1.0,0,0.008949514012783766,0.035376936197280884,0.9999924004077911,0
r0,stress,61,422,0.00540963452697845,0.9999856948852539,1.0,1.0,0,0.008613420650362968,0.03537425398826599,0.9999987781047821,0
r0,stress,61,423,0.005960452976895186,0.999982476234436,1.0,1.0,0,0.0084098344668746,0.03536754846572876,1.000002920627594,0
r0,stress,61,424,0.006592335504750568,0.999980092048645,0.0,1.0,0,0.008500459603965282,0.03541302680969238,1.0000041127204895,0
r0,stress,61,425,0.006688327393383627,0.9999791383743286,1.0,1.0,0,0.008769445586949587,0.035466551780700684,1.0000075101852417,0
r0,stress,61,426,0.013884447696520828,0.9999047517776489,1.0,1.0,0,0.008454149588942528,0.03543555736541748,1.0000077486038208,0
r0,stress,61,427,0.0065817331017912,0.9999796748161316,1.0,1.0,0,0.008414851035922766,0.03542241454124451,1.0000048875808716,0
r0,stress,61,428,0.01021936383269461,0.9999476671218872,1.0,1.0,0,0.008699285332113504,0.03541490435600281,0.9999978840351105,0
r0,stress,61,429,0.004825390685036209,0.9999885559082031,1.0,1.0,0,0.00845787301659584,0.035401493310928345,0.9999997913837433,0
r0,stress,61,430,0.009018190557377334,0.9999593496322632,1.0,1.0,0,0.00869216164574027,0.035421282052993774,0.9999991059303284,0
r0,stress,61,431,0.0075035893222740535,0.9999727606773376,1.0,1.0,0,0.01062853541225195,0.035426169633865356,0.9999902248382568,0
r0,stress,61,432,0.014248243538238356,0.9998984932899475,1.0,1.0,0,0.009923893492668867,0.035383135080337524,0.9999924302101135,0
r0,stress,61,433,0.01005438938854723,0.9999630451202393,1.0,0.95,0,0.009302412159740925,0.03539028763771057,0.9999940991401672,0
r0,stress,61,434,0.009950500119182694,0.9999516010284424,1.0,1.0,0,0.009977841284126043,0.03539818525314331,0.9999910891056061,0
r0,stress,61,435,0.009729410464976142,0.9999534487724304,1.0,1.0,0,0.009483535774052143,0.03541478514671326,0.9999920129776001,0
r0,stress,61,436,0.005989385425138432,0.9999822378158569,1.0,0.95,0,0.008566271513700485,0.03541889786720276,0.9999933242797852,0
r0,stress,61,437,0.008166607157266994,0.9999688863754272,1.0,1.0,0,0.008408762514591217,0.035432398319244385,0.999997615814209,0
r0,stress,61,438,0.006306131458854206,0.9999802708625793,1.0,1.0,0,0.008368548471480608,0.03544527292251587,1.0000020861625671,0
r0,stress,61,439,0.008140865391226274,0.9999669194221497,1.0,0.95,0,0.008344001602381468,0.03544139862060547,1.0000020861625671,0
r0,stress,61,440,0.00999494983505398,0.9999509453773499,1.0,1.0,0,0.008325753267854452,0.03542551398277283,1.0000014901161194,0
r0,stress,61,441,0.052015059004838375,0.9986535310745239,1.0,0.95,0,0.008636864367872477,0.035368889570236206,0.9999953508377075,0
r0,stress,61,442,0.015863105756261167,0.9998742938041687,1.0,0.95,0,0.008768166415393353,0.03525546193122864,0.9999956786632538,0
r0,stress,61,443,0.0074545335783183855,0.999972939491272,1.0,1.0,0,0.008527983445674181,0.03525984287261963,0.9999964535236359,0
r0,stress,61,444,0.01205308543084343,0.999928891658783,1.0,0.95,0,0.008439878467470407,0.03527536988258362,0.9999980032444,0
r0,stress,61,445,0.007455255755403984,0.9999724626541138,1.0,1.0,0,0.008462264202535152,0.035253822803497314,0.9999984204769135,0
r0,stress,61,446,0.006300753332791051,0.9999801516532898,1.0,1.0,0,0.008395839482545853,0.035243988037109375,0.9999957382678986,0
r0,stress,61,447,0.023096937944639195,0.9997355937957764,1.0,1.0,0,0.008462883532047272,0.03525826334953308,0.9999926388263702,0
r0,stress,61,448,0.013554816103247056,0.9999130964279175,1.0,1.0,0,0.00948908319696784,0.03816699981689453,0.9999955892562866,0
r0,stress,61,449,0.006791416793791234,0.9999773502349854,1.0,1.0,0,0.00857618823647499,0.035337239503860474,0.9999990165233612,0
r0,stress,61,450,0.02120180077244291,0.999778687953949,1.0,0.9,0,0.008505425415933132,0.03543269634246826,1.0000013709068298,0
r0,stress,61,451,0.009430518413309953,0.9999570250511169,1.0,1.0,0,0.008737875614315271,0.04551243782043457,1.000002235174179,0
r0,stress,61,452,0.007261935344733809,0.9999755024909973,1.0,1.0,0,0.008495275396853685,0.035363614559173584,1.0000020563602448,0
r0,stress,61,453,0.007565895148806975,0.9999733567237854,1.0,0.95,0,0.008420763071626425,0.035316646099090576,1.0000024735927582,0
r0,stress,61,454,0.0070399906839887305,0.9999754428863525,1.0,1.0,0,0.008388667367398739,0.035327255725860596,1.0000035762786865,0
r0,stress,61,455,0.007459307733109697,0.9999721646308899,1.0,0.95,0,0.008369606919586658,0.03532189130783081,1.000002682209015,0
r0,stress,61,456,0.011309721389343486,0.9999419450759888,1.0,1.0,0,0.008342677261680365,0.03533169627189636,0.9999997317790985,0
r0,stress,61,457,0.026064812691078833,0.999660313129425,1.0,0.95,0,0.008349384181201458,0.0353265106678009,1.000001311302185,0
r0,stress,61,458,0.007325512896615773,0.9999783039093018,1.0,0.95,0,0.008359737694263458,0.03533780574798584,1.0000012516975403,0
r0,stress,61,459,0.006517595569047057,0.9999800324440002,1.0,1.0,0,0.008330950513482094,0.03533965349197388,1.000001847743988,0
r0,stress,61,460,0.010188021037356679,0.9999660849571228,1.0,1.0,0,0.00835964735597372,0.03532823920249939,1.000002384185791,0
r0,stress,61,461,0.01877559901867922,0.999824047088623,1.0,0.95,0,0.008350192103534937,0.035336971282958984,1.0000015497207642,0
r0,stress,61,462,0.006196356314907562,0.9999833106994629,1.0,1.0,0,0.008366345427930355,0.035346925258636475,1.0000011920928955,0
r0,stress,61,463,0.005524518757172082,0.9999849796295166,1.0,1.0,0,0.008199771866202354,0.035315245389938354,1.0000041723251343,0
r0,stress,61,464,0.008212229677687439,0.9999662637710571,1.0,1.0,0,0.008206600323319435,0.03532761335372925,1.0000061988830566,0
r0,stress,61,465,0.006085209361257447,0.9999815225601196,1.0,1.0,0,0.00820631068199873,0.0353488028049469,1.0000067353248596,0
r0,stress,61,466,0.0056962026855043165,0.99998539686203,1.0,1.0,0,0.008136679884046316,0.03529846668243408,1.0000089406967163,0
r0,stress,61,467,0.00640625396785788,0.9999799132347107,1.0,1.0,0,0.00815642811357975,0.04314088821411133,1.000008225440979,0
r0,stress,61,468,0.005929227874325104,0.9999825954437256,1.0,1.0,0,0.008144096471369267,0.035292237997055054,1.0000087022781372,0
r0,stress,61,469,0.006079878556283066,0.9999823570251465,1.0,1.0,0,0.008124962914735079,0.03526371717453003,1.0000078082084656,0
r0,stress,61,470,0.005794842884244051,0.9999842643737793,1.0,1.0,0,0.008110326249152422,0.03523799777030945,1.0000053644180298,0
r0,stress,61,471,0.006144789533969063,0.9999814033508301,1.0,1.0,0,0.008090591989457607,0.0352594256401062,1.0000068545341492,0
r0,stress,61,472,0.006420101892092509,0.9999803900718689,1.0,1.0,0,0.008090127725154161,0.035265833139419556,1.000005841255188,0
r0,stress,61,473,0.010957418024026892,0.9999402761459351,1.0,1.0,0,0.008153015282005072,0.039002418518066406,1.0000067949295044,0
r0,stress,61,474,0.0057301227451574165,0.9999837279319763,1.0,1.0,0,0.008128966204822063,0.03524506092071533,1.0000048875808716,0
r0,stress,61,475,0.005937601882624879,0.9999858140945435,1.0,1.0,0,0.008096748031675816,0.03525009751319885,1.000006914138794,0
r0,stress,61,476,0.005795885406912463,0.9999831318855286,1.0,1.0,0,0.008079187013208866,0.03524291515350342,1.0000061988830566,0
r0,stress,61,477,0.011626257415265918,0.9999377727508545,1.0,0.95,0,0.008067313581705093,0.03524041175842285,1.000005304813385,0
r0,stress,61,478,0.01549733988013492,0.9998810291290283,1.0,1.0,0,0.008082843385636806,0.03526976704597473,1.000002920627594,0
r0,stress,61,479,0.013003325264526678,0.9999176263809204,1.0,0.95,0,0.008078391663730145,0.03525841236114502,1.000003457069397,0
r0,stress,61,480,0.016465879343380074,0.9998644590377808,1.0,1.0,0,0.008071009069681168,0.0352729856967926,1.0000051856040955,0
r0,stress,61,481,0.005818188965405486,0.9999852180480957,1.0,1.0,0,0.008056656457483768,0.03526219725608826,1.0000053644180298,0
r0,stress,61,482,0.013136099002257354,0.9999167323112488,1.0,0.95,0,0.008207961916923523,0.03525042533874512,1.0000051856040955,0
r0,stress,61,483,0.018908970095543407,0.9998222589492798,1.0,1.0,0,0.009145904798060656,0.03525039553642273,1.0000016689300537,0
r0,stress,61,484,0.006903471090152005,0.999977171421051,1.0,0.95,0,0.008532024919986725,0.03522288799285889,1.000003159046173,0
r0,stress,61,485,0.009935136970030282,0.9999548196792603,1.0,1.0,0,0.008273732848465443,0.03524163365364075,1.0000033378601074,0
r0,stress,61,486,0.011254070964943774,0.9999410510063171,1.0,1.0,0,0.008152930065989494,0.0352291464805603,1.0000026226043701,0
r0,stress,61,487,0.007312822913146295,0.9999740123748779,1.0,1.0,0,0.008159633725881577,0.03522127866744995,1.0000054240226746,0
r0,stress,61,488,0.01033051431996031,0.9999473094940186,1.0,0.95,0,0.008148402441293001,0.035225242376327515,1.000002920627594,0
r0,stress,61,489,0.009593044850146644,0.9999688863754272,1.0,0.95,0,0.008259073831140995,0.0352039635181427,1.000004529953003,0
r0,stress,61,490,0.009200978177332165,0.9999585151672363,1.0,1.0,0,0.008449341636151075,0.035208821296691895,1.000004768371582,0
r0,stress,61,491,0.011798313468607487,0.9999322891235352,1.0,1.0,0,0.009739976841956377,0.035222917795181274,1.0000033974647522,0
r0,stress,61,492,0.0074984769444157995,0.9999726414680481,1.0,0.95,0,0.009093563072383404,0.03515523672103882,1.000004768371582,0
r0,stress,61,493,0.007699513906145088,0.9999780058860779,1.0,1.0,0,0.008508502040058374,0.03516635298728943,1.0000037550926208,0
r0,stress,61,494,0.006248954697805453,0.9999827146530151,1.0,1.0,0,0.008306259755045176,0.03517788648605347,1.0000061988830566,0
r0,stress,61,495,0.006329093550120677,0.9999801516532898,1.0,1.0,0,0.008284008130431175,0.035215824842453,1.0000067353248596,0
r0,stress,61,496,0.0050669460220941435,0.9999874830245972,1.0,1.0,0,0.00821821391582489,0.035228848457336426,1.0000075697898865,0
r0,stress,61,497,0.005182251241477486,0.9999866485595703,1.0,1.0,0,0.008152489084750414,0.03525611758232117,1.0000085830688477,0
r0,stress,61,498,0.0061035052941628195,0.999981701374054,1.0,0.95,0,0.008128306362777948,0.03525596857070923,1.0000110864639282,0
r0,stress,61,499,0.011417116492912775,0.999935507774353,1.0,1.0,0,0.008339682593941689,0.035078197717666626,1.0000055432319641,0
r0,stress,61,500,0.008855040340997282,0.9999614953994751,1.0,0.95,0,0.009253169875591993,0.04244554787874222,1.000000536441803,0
r0,stress,61,501,0.005991700029392775,0.9999832510948181,1.0,1.0,0,0.008550142869353294,0.03488287329673767,1.0000086426734924,0
r0,stress,61,502,0.006421826092673388,0.9999796152114868,1.0,1.0,0,0.008460973389446735,0.03491109609603882,1.0000098943710327,0
r0,stress,61,503,0.005379882324588237,0.9999858140945435,1.0,1.0,0,0.008302687667310238,0.03488355875015259,1.0000084042549133,0
r0,stress,61,504,0.006566221990605799,0.9999791979789734,1.0,0.95,0,0.008207886014133692,0.03488859534263611,1.000008761882782,0
r0,stress,61,505,0.007400287894264955,0.9999840259552002,1.0,1.0,0,0.008188878186047077,0.03489243984222412,1.0000081658363342,0
r0,stress,61,506,0.005240655482124169,0.9999863505363464,1.0,1.0,0,0.008105162531137466,0.0350707471370697,1.0000099539756775,0
r0,stress,61,507,0.005255378671033118,0.9999868869781494,1.0,0.95,0,0.008134201634675264,0.035034388303756714,1.0000112056732178,0
r0,stress,61,508,0.0059177175263151836,0.9999877214431763,1.0,0.95,0,0.008074525278061628,0.03502446413040161,1.000012457370758,0
r0,stress,61,509,0.006297927788768937,0.9999802708625793,1.0,1.0,0,0.008063641376793385,0.03505581617355347,1.0000076293945312,0
r0,stress,61,510,0.014694090345456445,0.9998922348022461,1.0,0.95,0,0.008103607222437859,0.03503161668777466,1.0000076293945312,0
r0,stress,61,511,0.007732472284392745,0.9999701976776123,1.0,1.0,0,0.008219365030527115,0.03506532311439514,1.000009000301361,0
r0,stress,61,512,0.008916841863291426,0.9999645948410034,1.0,0.95,0,0.008051189128309488,0.0351622998714447,1.0000108480453491,0
